date,gross_return,turnover,transaction_cost,net_return,equity_curve
2008-07-01,0.0,0.0,0.0,0.0,100000.0
2008-07-02,0.019091457779305543,1.0,0.0005,0.018591457779305542,101859.14577793056
2008-07-03,-0.0004306916133566263,0.0,0.0,-0.0004306916133566263,101815.27589810033
2008-07-07,-0.01357164409465239,0.0,0.0,-0.01357164409465239,100433.47521021249
2008-07-08,-0.03625234217353701,0.0,0.0,-0.03625234217353701,96792.52650121441
2008-07-09,-0.0006799582033940599,0.0,0.0,-0.0006799582033940599,96726.71162879268
2008-07-10,0.027210910512653008,0.0,0.0,0.027210910512653008,99358.73352310696
2008-07-11,0.013907087844372557,0.0,0.0,0.013907087844372557,100740.5241583184
2008-07-14,0.00043567358369167586,0.0,0.0,0.00043567358369167586,100784.41414350143
2008-07-15,-0.03177366409891447,0.0,0.0,-0.03177366409891447,97582.12402209993
2008-07-16,-0.015284206505376097,0.0,0.0,-0.015284206505376097,96090.65868731294
2008-07-17,-0.023510798628351037,0.0,0.0,-0.023510798628351037,93831.49056084991
2008-07-18,-0.017063994452099274,0.0,0.0,-0.017063994452099274,92230.35052648735
2008-07-21,0.012128454034385339,0.0,0.0,0.012128454034385339,93348.9620934231
2008-07-22,-0.02185143389804478,0.0,0.0,-0.02185143389804478,91309.15341878758
2008-07-23,-0.022580033246472064,0.0,0.0,-0.022580033246472064,89247.38969888414
2008-07-24,0.0007373304694664462,0.0,0.0,0.0007373304694664462,89313.19451862946
2008-07-25,-0.01252448219200164,0.0,0.0,-0.01252448219200164,88194.59300437011
2008-07-28,0.004973758284420482,0.0,0.0,0.004973758284420482,88633.25159196669
2008-07-29,-0.011383277147553605,0.0,0.0,-0.011383277147553605,87624.31472460649
2008-07-30,0.019774758630627165,0.0,0.0,0.019774758630627165,89357.0643984597
2008-07-31,-0.008345593028955434,0.0,0.0,-0.008345593028955434,88611.326704728
2008-08-01,-0.01113866609186931,0.0,0.0,-0.01113866609186931,87624.31472460648
2008-08-04,-0.033041297692793736,0.0,0.0,-0.033041297692793736,84729.0936566637
2008-08-05,-0.006989253499224191,0.0,0.0,-0.006989253499224191,84136.90054233777
2008-08-06,-0.010688501078067958,0.0,0.0,-0.010688501078067958,83237.60319018569
2008-08-07,0.005533780906091801,0.0,0.0,0.005533780906091801,83698.22184938838
2008-08-08,-0.028039936276447963,0.0,0.0,-0.028039936276447963,81351.32904227953
2008-08-11,-0.0010784671173182936,0.0,0.0,-0.0010784671173182936,81263.59430895728
2008-08-12,-0.008636928010260503,0.0,0.0,-0.008636928010260503,80561.7264950558
2008-08-13,0.03348763494892282,0.0,0.0,0.03348763494892282,83259.5481827772
2008-08-14,-0.00869345104905006,0.0,0.0,-0.00869345104905006,82535.7353762842
2008-08-15,-0.013552996595932343,0.0,0.0,-0.013552996595932343,81417.12883568664
2008-08-18,0.005657391916335852,0.0,0.0,0.005657391916335852,81877.73744221294
2008-08-19,0.015537142737523268,0.0,0.0,0.015537142737523268,83149.88353587805
2008-08-20,0.00791333528987015,0.0,0.0,0.00791333528987015,83807.87644361111
2008-08-21,0.042920774122476635,0.0,0.0,0.042920774122476635,87404.97537813177
2008-08-22,-0.03387697121590316,0.0,0.0,-0.03387697121590316,84443.95954312007
2008-08-25,-0.005714423807107183,0.0,0.0,-0.005714423807107183,83961.41097034047
2008-08-26,0.0005224406424937378,0.0,0.0,0.0005224406424937378,84005.27582383249
2008-08-27,0.009399559636659172,0.0,0.0,0.009399559636659172,84794.88842373261
2008-08-28,-0.01965873137060381,0.0,0.0,-0.01965873137060381,83127.92849061012
2008-08-29,-0.003693812733671198,0.0,0.0,-0.003693812733671198,82820.8694898278
2008-09-02,-0.025953402656260116,0.0,0.0,-0.025953402656260116,80671.38611561673
2008-09-03,-0.005709565386539439,0.0,0.0,-0.005709565386539439,80210.78756176685
2008-09-04,-0.014219302854175164,0.0,0.0,-0.014219302854175164,79070.24608125418
2008-09-05,-0.009986152980357432,0.0,0.0,-0.009986152980357432,78280.63850769227
2008-09-08,-0.002241351002938319,0.0,0.0,-0.002241351002938319,78105.1841200624
2008-09-09,-0.0365066835564446,0.0,0.0,-0.0365066835564446,75253.82287927343
2008-09-10,0.0014572634678649,0.0,0.0,0.0014572634678649,75363.48752617258
2008-09-11,-0.008440135854247077,0.0,0.0,-0.008440135854247077,74727.40945300182
2008-09-12,0.006750916297637577,0.0,0.0,0.006750916297637577,75231.88793935833
2008-09-15,-0.03935858772727696,0.0,0.0,-0.03935858772727696,72270.86707800842
2008-09-16,-0.02033385696480272,0.0,0.0,-0.02033385696480272,70801.32160412194
2008-09-17,0.030049558201638238,0.0,0.0,0.030049558201638238,72928.87003841791
2008-09-18,0.0018046301748722016,0.0,0.0,0.0018046301748722016,73060.47967790856
2008-09-19,0.03302301780850336,0.0,0.0,0.03302301780850336,75473.15719940994
2008-09-22,0.03458291695900284,0.0,0.0,0.03458291695900284,78083.2391274709
2008-09-23,-0.009831400642273502,0.0,0.0,-0.009831400642273502,77315.57152016228
2008-09-24,-0.008227037072407684,0.0,0.0,-0.008227037072407684,76679.49344699152
2008-09-25,0.017448417748361367,0.0,0.0,0.017448417748361367,78017.42928138736
2008-09-26,-0.011807580898074432,0.0,0.0,-0.011807580898074432,77096.23217368759
2008-09-29,-0.06201983003627021,0.0,0.0,-0.06201983003627021,72314.73695783866
2008-09-30,0.027904045836423252,0.0,0.0,0.027904045836423252,74332.61069255907
2008-10-01,-0.02331062510831805,0.0,0.0,-0.02331062510831805,72599.87107138228
2008-10-02,-0.055287049076602424,0.0,0.0,-0.055287049076602424,68586.03843650376
2008-10-03,-0.023345058224686355,0.0,0.0,-0.023345058224686355,66984.893375803
2008-10-06,-0.042567153140841696,0.0,0.0,-0.042567153140841696,64133.53716135224
2008-10-07,0.012311850900055266,0.0,0.0,0.012311850900055266,64923.13970857596
2008-10-08,0.014527133636220269,0.0,0.0,0.014527133636220269,65866.28683520545
2008-10-09,-0.04662014071945764,0.0,0.0,-0.04662014071945764,62795.59127428001
2008-10-10,-0.04435894800640472,0.0,0.0,-0.04435894800640472,60010.04490591277
2008-10-13,0.05555536011956663,0.0,0.0,0.05555536011956663,63343.92456145213
2008-10-14,-0.01835166317526815,0.0,0.0,-0.01835166317526815,62181.45819370075
2008-10-15,-0.04550273317907627,0.0,0.0,-0.04550273317907627,59352.031892826904
2008-10-16,-0.018846979706060307,0.0,0.0,-0.018846979706060307,58233.42535222935
2008-10-17,0.011299575958409358,0.0,0.0,0.011299575958409358,58891.43836531523
2008-10-20,0.02011151899502317,0.0,0.0,0.02011151899502317,60075.8346466435
2008-10-21,-0.03577950080683845,0.0,0.0,-0.03577950080683845,57926.35127243243
2008-10-22,-0.047330471446075606,0.0,0.0,-0.047330471446075606,55184.669757557225
2008-10-23,0.003974551648131541,0.0,0.0,0.003974551648131541,55404.00407769372
2008-10-24,-0.03998398945742798,0.0,0.0,-0.03998398945742798,53188.730962751906
2008-10-27,-0.007422885117034594,0.0,0.0,-0.007422885117034594,52793.917123294545
2008-10-28,0.027420025125066028,0.0,0.0,0.027420025125066028,54241.52765726593
2008-10-29,0.05903770203475722,0.0,0.0,0.05903770203475722,57443.82280500564
2008-10-30,-0.0412371179123745,0.0,0.0,-0.0412371179123745,55075.00511065807
2008-10-31,0.011150940534340403,0.0,0.0,0.011150940534340403,55689.14321757551
2008-11-03,-0.011027968315440284,0.0,0.0,-0.011027968315440284,55075.00511065807
2008-11-04,0.04540012751337419,0.0,0.0,0.04540012751337419,57575.417365481684
2008-11-05,-0.02590472558793111,0.0,0.0,-0.02590472558793111,56083.94197801828
2008-11-06,-0.043801261371649414,0.0,0.0,-0.043801261371649414,53627.39457668668
2008-11-07,0.0012269809847471613,0.0,0.0,0.0012269809847471613,53693.19437009381
2008-11-10,0.0065359103899060855,0.0,0.0,0.0065359103899060855,54044.128277044554
2008-11-11,-0.01907453804514392,0.0,0.0,-0.01907453804514392,53013.261496107436
2008-11-12,-0.029375390036345372,0.0,0.0,-0.029375390036345372,51455.97626256051
2008-11-13,0.01875539267357329,0.0,0.0,0.01875539267357329,52421.05330276689
2008-11-14,-0.00627627640009043,0.0,0.0,-0.00627627640009043,52092.04428305486
2008-11-17,-0.02273679887794222,0.0,0.0,-0.02273679887794222,50907.637949050186
2008-11-18,-0.01507961552010939,0.0,0.0,-0.01507961552010939,50139.97034174158
2008-11-19,-0.011373625663090636,0.0,0.0,-0.011373625663090636,49569.69708831614
2008-11-20,-0.05088496337960191,0.0,0.0,-0.05088496337960191,47047.34486723922
2008-11-21,0.017249485933097608,0.0,0.0,0.017249485933097608,47858.88738071625
2008-11-24,0.06874407204403532,0.0,0.0,0.06874407204403532,51148.90218276359
2008-11-25,-0.03344763298119058,0.0,0.0,-0.03344763298119058,49438.0924751637
2008-11-26,0.031943286402427384,0.0,0.0,0.031943286402427384,51017.307622287546
2008-11-28,-0.04342218887792537,0.0,0.0,-0.04342218887792537,48802.02445466935
2008-12-01,-0.031011220216576985,0.0,0.0,-0.031011220216576985,47288.61412729082
2008-12-02,0.0004637461676901822,0.0,0.0,0.0004637461676901822,47310.54404086774
2008-12-03,-0.011590086275449774,0.0,0.0,-0.011590086275449774,46762.21075369561
2008-12-04,-0.05253274731322355,0.0,0.0,-0.05253274731322355,44305.66335236401
2008-12-05,-0.02475240223717201,0.0,0.0,-0.02475240223717201,43208.99175168156
2008-12-08,0.04619255593691163,0.0,0.0,0.04619255593691163,45204.92552014867
2008-12-09,-0.02183405773654845,0.0,0.0,-0.02183405773654845,44217.91856636537
2008-12-10,0.030258002421895025,0.0,0.0,0.030258002421895025,45555.864453437614
2008-12-11,0.031776711465747454,0.0,0.0,0.031776711465747454,47003.4800137472
2008-12-12,0.021931818813709425,0.0,0.0,0.021931818813709425,48034.351821022516
2008-12-15,-0.028293010119782025,0.0,0.0,-0.028293010119782025,46675.315418853155
2008-12-16,0.014319717316557679,0.0,0.0,0.014319717316557679,47343.69274131229
2008-12-17,-0.01364713186643085,0.0,0.0,-0.01364713186643085,46697.58712342782
2008-12-18,-0.01526729553317352,0.0,0.0,-0.01526729553317352,45984.64126012833
2008-12-19,-0.006782794912871037,0.0,0.0,-0.006782794912871037,45672.73686931893
2008-12-22,-0.028292725551526954,0.0,0.0,-0.028292725551526954,44380.53065988819
2008-12-23,0.004016039240757996,0.0,0.0,0.004016039240757996,44558.764612543964
2008-12-24,-0.015499847434674696,0.0,0.0,-0.015499847434674696,43868.110559171946
2008-12-26,0.015743875096704274,0.0,0.0,0.015743875096704274,44558.764612543964
2008-12-29,0.011000044556971122,0.0,0.0,0.011000044556971122,45048.91300868554
2008-12-30,0.005934904169796917,0.0,0.0,0.005934904169796917,45316.2739903456
2008-12-31,0.04178947472332628,0.0,0.0,0.04178947472332628,47210.01727682048
2009-01-02,0.03492201832371622,0.0,0.0,0.03492201832371622,48858.68636522456
2009-01-05,0.010488005133051814,0.0,0.0,0.010488005133051814,49371.11651861721
2009-01-06,0.02617322179872672,0.0,0.0,0.02617322179872672,50663.317701709755
2009-01-07,-0.05101141239386453,0.0,0.0,-0.05101141239386453,48078.91030918646
2009-01-08,0.0037070084403207915,0.0,0.0,0.0037070084403207915,48257.139235504044
2009-01-09,-0.011541889919376103,0.0,0.0,-0.011541889919376103,47700.16064662385
2009-01-12,-0.04530580581202903,0.0,0.0,-0.04530580581202903,45539.06643116532
2009-01-13,0.01663383402015528,0.0,0.0,0.01663383402015528,46296.55570361415
2009-01-14,-0.013955586012581733,0.0,0.0,-0.013955586012581733,45650.46013840608
2009-01-15,-0.0009761898208042741,0.0,0.0,-0.0009761898208042741,45605.89662390394
2009-01-16,0.004396705793560551,0.0,0.0,0.004396705793560551,45806.412333810775
2009-01-20,-0.031128429433232463,0.0,0.0,-0.031128429433232463,44380.530659888194
2009-01-21,0.004016039240757996,0.0,0.0,0.004016039240757996,44558.76461254397
2009-01-22,-0.012999919346242117,0.0,0.0,-0.012999919346242117,43979.50426641271
2009-01-23,0.04660592630011395,0.0,0.0,0.04660592630011395,46029.20980096869
2009-01-26,0.001936205358541887,0.0,0.0,0.001936205358541887,46118.33180363478
2009-01-27,-0.027053402088686895,0.0,0.0,-0.027053402088686895,44870.674029691574
2009-01-28,0.0238333570438809,0.0,0.0,0.0238333570438809,45940.09282464081
2009-01-29,-0.012124129077067058,0.0,0.0,-0.012124129077067058,45383.109209422415
2009-01-30,-0.005891200191382007,0.0,0.0,-0.005891200191382007,45115.74822776236
2009-02-02,-0.019259084469602228,0.0,0.0,-0.019259084469602228,44246.860221734576
2009-02-03,-0.011581277793788702,0.0,0.0,-0.011581277793788702,43734.42504200373
2009-02-04,0.005603805793116257,0.0,0.0,0.005603805793116257,43979.50426641272
2009-02-05,0.022289969725056924,0.0,0.0,0.022289969725056924,44959.80608503406
2009-02-06,0.007432774393021813,0.0,0.0,0.007432774393021813,45293.982180418134
2009-02-09,-0.005410634259456537,0.0,0.0,-0.005410634259456537,45048.91300868555
2009-02-10,-0.012858475542341541,0.0,0.0,-0.012858475542341541,44469.65266255429
2009-02-11,-0.006012099022913775,0.0,0.0,-0.006012099022913775,44202.29670723244
2009-02-12,0.0015122578855111257,0.0,0.0,0.0015122578855111257,44269.14197898565
2009-02-13,-0.018117762789934044,0.0,0.0,-0.018117762789934044,43467.08416569648
2009-02-17,-0.05586894704506762,0.0,0.0,-0.05586894704506762,41038.62394223968
2009-02-18,-0.005971732513415096,0.0,0.0,-0.005971732513415096,40793.55225733799
2009-02-19,0.024576764408048568,0.0,0.0,0.024576764408048568,41796.125780534014
2009-02-20,-0.011194199693401075,0.0,0.0,-0.011194199693401075,41328.2516021362
2009-02-23,-0.009703262016229397,0.0,0.0,-0.009703262016229397,40927.23274816802
2009-02-24,0.01905268180888453,0.0,0.0,0.01905268180888453,41707.006291037025
2009-02-25,0.011752424650131488,0.0,0.0,0.011752424650131488,42197.164739855
2009-02-26,0.02111918582143857,0.0,0.0,0.02111918582143857,43088.334503133854
2009-02-27,-0.0118925495566643,0.0,0.0,-0.0118925495566643,42575.904349741206
2009-03-02,-0.05023557471577156,0.0,0.0,-0.05023557471577156,40437.07932568824
2009-03-03,0.0066117156072922345,0.0,0.0,0.0066117156072922345,40704.43779417921
2009-03-04,0.035030004708436646,0.0,0.0,0.035030004708436646,42130.31444176357
2009-03-05,-0.008461078680157663,0.0,0.0,-0.008461078680157663,41773.84653645203
2009-03-06,0.02400002887742625,0.0,0.0,0.02400002887742625,42776.42005964805
2009-03-09,-0.005729306568133752,0.0,0.0,-0.005729306568133752,42531.34083523906
2009-03-10,-0.0026189788216191,0.0,0.0,-0.0026189788216191,42419.95215433651
2009-03-11,-0.03151264038986035,0.0,0.0,-0.03151264038986035,41083.18745674182
2009-03-12,0.046637814363396535,0.0,0.0,0.046637814363396535,42999.217526805965
2009-03-13,-0.008808408866154416,0.0,0.0,-0.008808408866154416,42620.46283790515
2009-03-16,0.021954905909904676,0.0,0.0,0.021954905909904676,43556.19108934794
2009-03-17,0.021483358723022983,0.0,0.0,0.021483358723022983,44491.924367128944
2009-03-18,0.012518870547395311,0.0,0.0,0.012518870547395311,45048.91300868553
2009-03-19,0.020771383568398027,0.0,0.0,0.020771383568398027,45984.64126012834
2009-03-20,0.013566027044610296,0.0,0.0,0.013566027044610296,46608.47014709994
2009-03-23,0.021032588909038585,0.0,0.0,0.021032588909038585,47588.766939383095
2009-03-24,-0.01638571676024625,0.0,0.0,-0.01638571676024625,46808.990883344995
2009-03-25,-0.015230959904182884,0.0,0.0,-0.015230959904182884,46096.0450200455
2009-03-26,0.017399600911579105,0.0,0.0,0.017399600911579105,46898.09780699648
2009-03-27,-0.018527148150093153,0.0,0.0,-0.018527148150093153,46029.20980096869
2009-03-30,-0.03630207599084612,0.0,0.0,-0.03630207599084612,44358.253928975326
2009-03-31,0.004520256453053539,0.0,0.0,0.004520256453053539,44558.764612543964
2009-04-01,-0.002499928088432579,0.0,0.0,-0.002499928088432579,44447.370905303214
2009-04-02,0.03859641861549146,0.0,0.0,0.03859641861549146,46162.880239122314
2009-04-03,0.015444028476305549,0.0,0.0,0.015444028476305549,46875.8210760836
2009-04-06,-0.012357444822764019,0.0,0.0,-0.012357444822764019,46296.55570361414
2009-04-07,-0.01780552638687316,0.0,0.0,-0.01780552638687316,45472.221159412096
2009-04-08,0.007349347928861771,0.0,0.0,0.007349347928861771,45806.41233381077
2009-04-09,0.014591458154953552,0.0,0.0,0.014591458154953552,46474.79468260811
2009-04-13,0.0043146126328146295,0.0,0.0,0.0043146126328146295,46675.315418853155
2009-04-14,-0.018138631662841465,0.0,0.0,-0.018138631662841465,45828.689064723636
2009-04-15,-0.006319679647595722,0.0,0.0,-0.006319679647595722,45539.06643116531
2009-04-16,-0.0044032684892243434,0.0,0.0,-0.0044032684892243434,45338.54569492026
2009-04-17,-0.007370905769875868,0.0,0.0,-0.007370905769875868,45004.35954685979
2009-04-20,-0.037623857917173265,0.0,0.0,-0.037623857917173265,43311.12191761536
2009-04-21,0.003600974557476766,0.0,0.0,0.003600974557476766,43467.08416569648
2009-04-22,0.0015376053020266234,0.0,0.0,0.0015376053020266234,43533.91938477328
2009-04-23,0.013305954398717956,0.0,0.0,0.013305954398717956,44113.179730904536
2009-04-24,0.015151534141826906,0.0,0.0,0.015151534141826906,44781.562079701886
2009-04-27,-0.024875577775829716,0.0,0.0,-0.024875577775829716,43667.594849265115
2009-04-28,-0.007142811923218417,0.0,0.0,-0.007142811923218417,43355.68543211751
2009-04-29,0.023124268175336526,0.0,0.0,0.023124268175336526,44358.253928975326
2009-04-30,0.003515855741134777,0.0,0.0,0.003515855741134777,44514.21115071823
2009-05-01,0.030030065973057685,0.0,0.0,0.030030065973057685,45850.97584831292
2009-05-04,0.019436332011019797,0.0,0.0,0.019436332011019797,46742.15063792998
2009-05-05,-0.014299349509497516,0.0,0.0,-0.014299349509497516,46073.76828913264
2009-05-06,0.026595740038584115,0.0,0.0,0.026595740038584115,47299.134253148375
2009-05-07,0.0018842205903621956,0.0,0.0,0.0018842205903621956,47388.25625581446
2009-05-08,0.024917511562381867,0.0,0.0,0.024917511562381867,48569.05367898983
2009-05-11,-0.008256725975922419,0.0,0.0,-0.008256725975922419,48168.03231185255
2009-05-12,0.010175802759976538,0.0,0.0,0.010175802759976538,48658.180707994135
2009-05-13,-0.011446968083315134,0.0,0.0,-0.011446968083315134,48101.19206643755
2009-05-14,0.006484442562604054,0.0,0.0,0.006484442562604054,48413.101483585146
2009-05-15,-0.025310627215882953,0.0,0.0,-0.025310627215882953,47187.73551956941
2009-05-18,0.026439978125485153,0.0,0.0,0.026439978125485153,48435.37821449801
2009-05-19,0.0,0.0,0.0,0.0,48435.37821449801
2009-05-20,0.01609941144514293,0.0,0.0,0.01609941144514293,49215.15929687433
2009-05-21,-0.008148432296163577,0.0,0.0,-0.008148432296163577,48814.132903398844
2009-05-22,0.014605007645956736,0.0,0.0,0.014605007645956736,49527.06368768373
2009-05-26,0.002249351195533711,0.0,0.0,0.002249351195533711,49638.467447600895
2009-05-27,0.004488302163133895,0.0,0.0,0.004488302163133895,49861.259888420616
2009-05-28,0.018320066024213544,0.0,0.0,0.018320066024213544,50774.72146162695
2009-05-29,0.01930659019661185,0.0,0.0,0.01930659019661185,51755.008201233686
2009-06-01,0.027550602801152513,0.0,0.0,0.027550602801152513,53180.88987515627
2009-06-02,0.004189332697191128,0.0,0.0,0.004189332697191128,53403.68231597597
2009-06-03,-0.033375031494802365,0.0,0.0,-0.033375031494802365,51621.33273674185
2009-06-04,0.03668538203906513,0.0,0.0,0.03668538203906513,53515.08104955492
2009-06-05,-0.005412169439985126,0.0,0.0,-0.005412169439985126,53225.448363320196
2009-06-08,-0.0025114953204217194,0.0,0.0,-0.0025114953204217194,53091.77289882837
2009-06-09,0.009651686110217605,0.0,0.0,0.009651686110217605,53604.19802588282
2009-06-10,-0.003740671762499592,0.0,0.0,-0.003740671762499592,53403.682315975966
2009-06-11,0.00917817601493276,0.0,0.0,0.00917817601493276,53893.83071211754
2009-06-12,-0.01405539957201285,0.0,0.0,-0.01405539957201285,53136.33138699231
2009-06-15,-0.019287279601277962,0.0,0.0,-0.019287279601277962,52111.476106545226
2009-06-16,-0.0038478224930126315,0.0,0.0,-0.0038478224930126315,51910.96039663837
2009-06-17,0.003004515293641319,0.0,0.0,0.003004515293641319,52066.92767105768
2009-06-18,0.0012835440024581146,0.0,0.0,0.0012835440024581146,52133.757863796294
2009-06-19,-0.008546858572239135,0.0,0.0,-0.008546858572239135,51688.178008495066
2009-06-22,-0.033620862849159994,0.0,0.0,-0.033620862849159994,49950.37686474848
2009-06-23,0.01739522528642623,0.0,0.0,0.01739522528642623,50819.27492345267
2009-06-24,-0.0004384509083341648,0.0,0.0,-0.0004384509083341648,50796.993166201595
2009-06-25,0.008772073040975048,0.0,0.0,0.008772073040975048,51242.58810051743
2009-06-26,-0.008260964029263906,0.0,0.0,-0.008260964029263906,50819.274923452664
2009-06-29,0.00964493092197527,0.0,0.0,0.00964493092197527,51309.423319594236
2009-06-30,-0.017802802320350697,0.0,0.0,-0.017802802320350697,50395.97179906431
2009-07-01,-0.0039786048382968175,0.0,0.0,-0.0039786048382968175,50195.46614183388
2009-07-02,-0.022192786893650895,0.0,0.0,-0.022192786893650895,49081.48885872069
2009-07-06,-0.029959262088754768,0.0,0.0,-0.029959262088754768,47611.04367029598
2009-07-07,-0.015910054483002867,0.0,0.0,-0.015910054483002867,46853.54937150894
2009-07-08,-0.012363426177482095,0.0,0.0,-0.012363426177482095,46274.27897270128
2009-07-09,0.0062590426618120976,0.0,0.0,0.0062590426618120976,46563.911658936006
2009-07-10,-0.007655454462729527,0.0,0.0,-0.007655454462729527,46207.44375362446
2009-07-13,0.005303781775453986,0.0,0.0,0.005303781775453986,46452.51795169525
2009-07-14,0.0,0.0,0.0,0.0,46452.51795169525
2009-07-15,0.026378784008043388,0.0,0.0,0.026378784008043388,47677.878889372776
2009-07-16,0.002336486776969293,0.0,0.0,0.002336486776969293,47789.27762295174
2009-07-17,0.01491842673551691,0.0,0.0,0.01491842673551691,48502.21845991302
2009-07-20,0.016536414465533555,0.0,0.0,0.016536414465533555,49304.271246863995
2009-07-21,-0.003614878017873635,0.0,0.0,-0.003614878017873635,49126.042320546425
2009-07-22,0.005442244941641583,0.0,0.0,0.005442244941641583,49393.39827586829
2009-07-23,0.020748525859845213,0.0,0.0,0.020748525859845213,50418.23847730078
2009-07-24,0.0008839765566266422,0.0,0.0,0.0008839765566266422,50462.80701814113
2009-07-27,0.00397343499929681,0.0,0.0,0.00397343499929681,50663.31770170978
2009-07-28,-0.010993824338503377,0.0,0.0,-0.010993824338503377,50106.33408649139
2009-07-29,-0.025789178287559444,0.0,0.0,-0.025789178287559444,48814.132903398844
2009-07-30,0.031035963025510815,0.0,0.0,0.031035963025510815,50329.1265273111
2009-07-31,0.019920444059170705,0.0,0.0,0.019920444059170705,51331.70507684533
2009-08-03,0.028211772873460994,0.0,0.0,0.028211772873460994,52779.86348168077
2009-08-04,0.0004220687482565655,0.0,0.0,0.0004220687482565655,52802.14021259363
2009-08-05,0.010548599721792007,0.0,0.0,0.010548599721792007,53359.128854150214
2009-08-06,-0.02296459887310598,0.0,0.0,-0.02296459887310598,52133.75786379628
2009-08-07,-0.004700680622997333,0.0,0.0,-0.004700680622997333,51888.693718401904
2009-08-10,-0.000429414495805136,0.0,0.0,-0.000429414495805136,51866.41196115083
2009-08-11,-0.015034413465122243,0.0,0.0,-0.015034413465122243,51086.63087877452
2009-08-12,0.005233285585382941,0.0,0.0,0.005233285585382941,51353.98180775819
2009-08-13,0.01344908577165227,0.0,0.0,0.01344908577165227,52044.6459138066
2009-08-14,-0.028253534299378047,0.0,0.0,-0.028253534299378047,50574.20072538188
2009-08-17,-0.014977879786973292,0.0,0.0,-0.014977879786973292,49816.70642659485
2009-08-18,0.01967787133923027,0.0,0.0,0.01967787133923027,50796.99316620159
2009-08-19,0.0070175990630667595,0.0,0.0,0.0070175990630667595,51153.46609785133
2009-08-20,-0.008275258413903086,0.0,0.0,-0.008275258413903086,50730.157947124775
2009-08-21,0.007465966554990322,0.0,0.0,0.007465966554990322,51108.90760968738
2009-08-24,0.0017436681881062288,0.0,0.0,0.0017436681881062288,51198.02458601526
2009-08-25,-0.014360272174934297,0.0,0.0,-0.014360272174934297,50462.807018141095
2009-08-26,-0.0026490894726084457,0.0,0.0,-0.0026490894726084457,50329.12652731108
2009-08-27,0.00841089854470356,0.0,0.0,0.00841089854470356,50752.43970437584
2009-08-28,-0.002194943420017581,0.0,0.0,-0.002194943420017581,50641.04097079688
2009-08-31,-0.027276753385760744,0.0,0.0,-0.027276753385760744,49259.71778503825
2009-09-01,-0.015377662706693496,0.0,0.0,-0.015377662706693496,48502.21845991302
2009-09-02,0.0022967760468735055,0.0,0.0,0.0022967760468735055,48613.61719349198
2009-09-03,-0.005041369858028166,0.0,0.0,-0.005041369858028166,48368.53796908299
2009-09-04,-0.004145373535139996,0.0,0.0,-0.004145373535139996,48168.03231185254
2009-09-08,0.018501269836168177,0.0,0.0,0.018501269836168177,49059.20207513139
2009-09-09,0.004087219143918741,0.0,0.0,0.004087219143918741,49259.71778503825
2009-09-10,0.005427272316339993,0.0,0.0,0.005427272316339993,49527.06368768371
2009-09-11,-0.01304530325646458,0.0,0.0,-0.01304530325646458,48880.968122475635
2009-09-14,-0.005469427862267118,0.0,0.0,-0.005469427862267118,48613.61719349198
2009-09-15,0.02337295652835647,0.0,0.0,0.02337295652835647,49749.86115484163
2009-09-16,0.012987184872973012,0.0,0.0,0.012987184872973012,50395.9717990643
2009-09-17,0.00044183448481249776,0.0,0.0,0.00044183448481249776,50418.23847730076
2009-09-18,-0.008837572323428522,0.0,0.0,-0.008837572323428522,49972.663648337744
2009-09-21,-0.021845854236317575,0.0,0.0,-0.021845854236317575,48880.968122475635
2009-09-22,0.01640828358680113,0.0,0.0,0.01640828358680113,49683.0209094266
2009-09-23,-0.022421487462841116,0.0,0.0,-0.022421487462841116,48569.05367898982
2009-09-24,-0.012843956944646906,0.0,0.0,-0.012843956944646906,47945.23484469463
2009-09-25,-0.007899630980836125,0.0,0.0,-0.007899630980836125,47566.48518213202
2009-09-28,0.008899399975505817,0.0,0.0,0.008899399975505817,47989.798359196786
2009-09-29,-0.003714101435890238,0.0,0.0,-0.003714101435890238,47811.55938020281
2009-09-30,0.027958922247785845,0.0,0.0,0.027958922247785845,49148.31905145929
2009-10-01,-0.006346288604927142,0.0,0.0,-0.006346288604927142,48836.4096343117
2009-10-02,-0.010036330416902661,0.0,0.0,-0.010036330416902661,48346.27129084653
2009-10-05,0.03225796055075425,0.0,0.0,0.03225796055075425,49905.823402922724
2009-10-06,-0.012053746738171278,0.0,0.0,-0.012053746738171278,49304.27124686399
2009-10-07,0.0018076938721605096,0.0,0.0,0.0018076938721605096,49393.39827586828
2009-10-08,0.019846716899454275,0.0,0.0,0.019846716899454275,50373.695068151435
2009-10-09,0.0039803642944828965,0.0,0.0,0.0039803642944828965,50574.20072538188
2009-10-12,0.02026428968544325,0.0,0.0,0.02026428968544325,51599.05097949077
2009-10-13,0.011226376993598297,0.0,0.0,0.011226376993598297,52178.32137829843
2009-10-14,0.007685689820644104,0.0,0.0,0.007685689820644104,52579.34777177392
2009-10-15,0.010169427363158956,0.0,0.0,0.010169427363158956,53114.04962974125
2009-10-16,0.0025168574371923214,0.0,0.0,0.0025168574371923214,53247.73012057126
2009-10-19,0.014225851450790472,0.0,0.0,0.014225851450790472,54005.22441935829
2009-10-20,-0.006188033688471983,0.0,0.0,-0.006188033688471983,53671.03827129781
2009-10-21,0.02117061685940036,0.0,0.0,0.02117061685940036,54807.28725898567
2009-10-22,0.00812993814482521,0.0,0.0,0.00812993814482521,55252.8671142869
2009-10-23,-0.0036289643242206626,0.0,0.0,-0.0036289643242206626,55052.35643071824
2009-10-26,-0.018211182261008374,0.0,0.0,-0.018211182261008374,54049.78793386044
2009-10-27,-0.007007421805726444,0.0,0.0,-0.007007421805726444,53671.03827129781
2009-10-28,-0.02573684486549843,0.0,0.0,-0.02573684486549843,52289.71508553919
2009-10-29,0.031103580908192763,0.0,0.0,0.031103580908192763,53916.11246936861
2009-10-30,-0.025206684840600624,0.0,0.0,-0.025206684840600624,52557.066014522854
2009-11-02,0.017380184812400223,0.0,0.0,0.017380184812400223,53470.517535052786
2009-11-03,0.014166766778848983,0.0,0.0,0.014166766778848983,54228.02188651623
2009-11-04,-0.0008218728858232494,0.0,0.0,-0.0008218728858232494,54183.45334567587
2009-11-05,-0.0053452228618691144,0.0,0.0,-0.0053452228618691144,53893.83071211754
2009-11-06,-0.01777596846194629,0.0,0.0,-0.01777596846194629,52935.81567708546
2009-11-09,0.016414086025732022,0.0,0.0,0.016414086025732022,53804.708709451435
2009-11-10,-0.004968819812577019,0.0,0.0,-0.004968819812577019,53537.36280680598
2009-11-11,0.006658301541633493,0.0,0.0,0.006658301541633493,53893.83071211753
2009-11-12,-0.01488218229603111,0.0,0.0,-0.01488218229603111,53091.77289882836
2009-11-13,-0.0008392729368607021,0.0,0.0,-0.0008392729368607021,53047.21441066443
2009-11-16,0.02897947469212414,0.0,0.0,0.02897947469212414,54584.49481816595
2009-11-17,0.0048980201467923035,0.0,0.0,0.0048980201467923035,54851.85077348781
2009-11-18,0.0008121592044634252,0.0,0.0,0.0008121592044634252,54896.39920897535
2009-11-19,-0.014204411235271164,0.0,0.0,-0.014204411235271164,54116.62817927545
2009-11-20,-0.0012351147450204714,0.0,0.0,-0.0012351147450204714,54049.78793386044
2009-11-23,0.00453413752580234,0.0,0.0,0.00453413752580234,54294.85710559301
2009-11-24,-0.01148946451930044,0.0,0.0,-0.01148946451930044,53671.03827129781
2009-11-25,0.02407632169440621,0.0,0.0,0.02407632169440621,54963.239454390365
2009-11-27,-0.011349837943068541,0.0,0.0,-0.011349837943068541,54339.41559375697
2009-11-30,0.011070272830240757,0.0,0.0,0.011070272830240757,54940.967749815696
2009-12-01,0.00729913184207831,0.0,0.0,0.00729913184207831,55341.98911695297
2009-12-02,-0.0068438028449286925,0.0,0.0,-0.0068438028449286925,54963.23945439036
2009-12-03,-0.0008106961781415567,0.0,0.0,-0.0008106961781415567,54918.680966226406
2009-12-04,-0.00811353939679349,0.0,0.0,-0.00811353939679349,54473.09608458699
2009-12-07,-0.008998082681378472,0.0,0.0,-0.008998082681378472,53982.942662107205
2009-12-08,-0.009905015021395736,0.0,0.0,-0.009905015021395736,53448.24080413989
2009-12-09,-0.012505132300020816,0.0,0.0,-0.012505132300020816,52779.86348168075
2009-12-10,-0.005487655584282658,0.0,0.0,-0.005487655584282658,52490.225769107834
2009-12-11,0.005093442662980507,0.0,0.0,0.005093442662980507,52757.58172442969
2009-12-14,0.005489877980904723,0.0,0.0,0.005489877980904723,53047.21441066443
2009-12-15,-0.004619925867804242,0.0,0.0,-0.004619925867804242,52802.14021259364
2009-12-16,0.017299516967535178,0.0,0.0,0.017299516967535178,53715.59173312358
2009-12-17,-0.015346280616205576,0.0,0.0,-0.015346280616205576,52891.25718892154
2009-12-18,0.004212273495862062,0.0,0.0,0.004212273495862062,53114.049629741254
2009-12-21,-0.009647543433203287,0.0,0.0,-0.009647543433203287,52601.629529025005
2009-12-22,0.007200340863083188,0.0,0.0,0.007200340863083188,52980.37919158761
2009-12-23,0.017661883362465103,0.0,0.0,0.017661883362465103,53916.11246936861
2009-12-24,0.00578508729324323,0.0,0.0,0.00578508729324323,54228.02188651622
2009-12-28,0.017666420453929188,0.0,0.0,0.017666420453929188,55186.036921548286
2009-12-29,-0.002018694694013501,0.0,0.0,-0.002018694694013501,55074.63316163113
2009-12-30,-0.0012134478053168474,0.0,0.0,-0.0012134478053168474,55007.802968892516
2009-12-31,-0.0028350922412387902,0.0,0.0,-0.0028350922412387902,54851.85077348782
2010-01-04,0.02518270833056513,0.0,0.0,0.02518270833056513,56233.16893290825
2010-01-05,0.0011886266892544572,0.0,0.0,0.0011886266892544572,56300.009178323264
2010-01-06,0.017807518775780684,0.0,0.0,0.017807518775780684,57302.57264884288
2010-01-07,-0.012441602142229113,0.0,0.0,-0.012441602142229113,56589.63683821979
2010-01-08,-0.0007873966092295515,0.0,0.0,-0.0007873966092295515,56545.07835005585
2010-01-11,-0.0031521572556774125,0.0,0.0,-0.0031521572556774125,56366.83937106187
2010-01-12,-0.02134382946052349,0.0,0.0,-0.02134382946052349,55163.7551642972
2010-01-13,0.0008077493642564271,0.0,0.0,0.0008077493642564271,55208.31365246116
2010-01-14,-0.005246178828391512,0.0,0.0,-0.005246178828391512,54918.68096622642
2010-01-15,-0.01135904667879839,0.0,0.0,-0.01135904667879839,54294.85710559302
2010-01-19,0.006565500871592356,0.0,0.0,0.006565500871592356,54651.33003724278
2010-01-20,-0.0187526137012346,0.0,0.0,-0.0187526137012346,53626.47475679568
2010-01-21,-0.0124635700088499,0.0,0.0,-0.0124635700088499,52958.09743433654
2010-01-22,-0.010517534967097508,0.0,0.0,-0.010517534967097508,52401.10879277995
2010-01-25,0.0046768895490347795,0.0,0.0,0.0046768895490347795,52646.182990850735
2010-01-26,-0.011002798054584928,0.0,0.0,-0.011002798054584928,52066.927671057674
2010-01-27,-0.01454866621378359,0.0,0.0,-0.01454866621378359,51309.423319594236
2010-01-28,-0.0034737079687213734,0.0,0.0,-0.0034737079687213734,51131.189366938466
2010-01-29,-0.01132890420315169,0.0,0.0,-0.01132890420315169,50551.92902080722
2010-02-01,0.024239647455850166,0.0,0.0,0.024239647455850166,51777.289958484755
2010-02-02,0.02151459126829458,0.0,0.0,0.02151459126829458,52891.257188921525
2010-02-03,-0.012215545622224266,0.0,0.0,-0.012215545622224266,52245.16162371345
2010-02-04,-0.03326223973784037,0.0,0.0,-0.03326223973784037,50507.37053264328
2010-02-05,-0.01279240311679053,0.0,0.0,-0.01279240311679053,49861.2598884206
2010-02-08,0.00044687513514363175,0.0,0.0,0.00044687513514363175,49883.54164567167
2010-02-09,0.017865207372111058,0.0,0.0,0.017865207372111058,50774.721461626934
2010-02-10,0.003949025771026404,0.0,0.0,0.003949025771026404,50975.232145195594
2010-02-11,0.011800772736200615,0.0,0.0,0.011800772736200615,51576.779274916116
2010-02-12,-0.005615661090993984,0.0,0.0,-0.005615661090993984,51287.14156234319
2010-02-16,0.030408443856377865,0.0,0.0,0.030408443856377865,52846.7037270958
2010-02-17,-0.005059084795572377,0.0,0.0,-0.005059084795572377,52579.34777177393
2010-02-18,0.00889829674041076,0.0,0.0,0.00889829674041076,53047.214410664434
2010-02-19,0.005879940105264048,0.0,0.0,0.005879940105264048,53359.128854150236
2010-02-22,-0.005427987533799472,0.0,0.0,-0.005427987533799472,53069.49616791551
2010-02-23,-0.01637292885338737,0.0,0.0,-0.01637292885338737,52200.593082873114
2010-02-24,0.008109451989001482,0.0,0.0,0.008109451989001482,52623.91128627608
2010-02-25,-0.016934979185514787,0.0,0.0,-0.016934979185514787,51732.726443982625
2010-02-26,0.017657228019042126,0.0,0.0,0.017657228019042126,52646.18299085076
2010-03-01,-0.010156612577182145,0.0,0.0,-0.010156612577182145,52111.476106545255
2010-03-02,0.010688406530987127,0.0,0.0,0.010688406530987127,52668.464748101826
2010-03-03,0.00972925885546938,0.0,0.0,0.00972925885546938,53180.88987515628
2010-03-04,-0.008797645921097441,0.0,0.0,-0.008797645921097441,52713.02323626578
2010-03-05,0.01183443575557308,0.0,0.0,0.01183443575557308,53336.8521232374
2010-03-08,-0.0012532661582422833,0.0,0.0,-0.0012532661582422833,53270.00685148418
2010-03-09,-0.010874137374985549,0.0,0.0,-0.010874137374985549,52690.741479014716
2010-03-10,0.0029599554628250146,0.0,0.0,0.0029599554628250146,52846.703727095824
2010-03-11,-0.0025295899536208477,0.0,0.0,-0.0025295899536208477,52713.02323626579
2010-03-12,-0.005917217877786429,0.0,0.0,-0.005917217877786429,52401.10879277998
2010-03-15,-0.011904687680600268,0.0,0.0,-0.011904687680600268,51777.289958484784
2010-03-16,0.013339034937208671,0.0,0.0,0.013339034937208671,52467.949038194995
2010-03-17,0.008917189397853242,0.0,0.0,0.008917189397853242,52935.8156770855
2010-03-18,-0.0021044113924398866,0.0,0.0,-0.0021044113924398866,52824.416943506534
2010-03-19,-0.012231002301436478,0.0,0.0,-0.012231002301436478,52178.32137829847
2010-03-22,0.0,0.0,0.0,0.0,52178.32137829847
2010-03-23,-0.004270020338154934,0.0,0.0,-0.004270020338154934,51955.518884802346
2010-03-24,-0.01114925584236448,0.0,0.0,-0.01114925584236448,51376.25351233288
2010-03-25,-0.005637285978604911,0.0,0.0,-0.005637285978604911,51086.63087877455
2010-03-26,0.0017444285284609062,0.0,0.0,0.0017444285284609062,51175.74785510244
2010-03-29,0.022638080356787604,0.0,0.0,0.022638080356787604,52334.26854736495
2010-03-30,0.0021286001824625256,0.0,0.0,0.0021286001824625256,52445.66728094391
2010-03-31,-0.0008496123793267918,0.0,0.0,-0.0008496123793267918,52401.10879277996
2010-04-01,0.019557988950922756,0.0,0.0,0.019557988950922756,53425.96909956525
2010-04-05,0.015846531485004034,0.0,0.0,0.015846531485004034,54272.58540101837
2010-04-06,-0.0008211054286958452,0.0,0.0,-0.0008211054286958452,54228.02188651623
2010-04-07,-0.0036975474412154208,0.0,0.0,-0.0036975474412154208,54027.511202947564
2010-04-08,-0.0016496600901989567,0.0,0.0,-0.0016496600901989567,53938.38417394329
2010-04-09,0.002065389270058615,0.0,0.0,0.002065389270058615,54049.78793386045
2010-04-12,-0.0008244900897054208,0.0,0.0,-0.0008244900897054208,54005.2244193583
2010-04-13,0.0037129877414816548,0.0,0.0,0.0037129877414816548,54205.74515560335
2010-04-14,0.011508445439549764,0.0,0.0,0.011508445439549764,54829.56901623675
2010-04-15,0.0036569808438446927,0.0,0.0,0.0036569808438446927,55030.07969980538
2010-04-16,-0.01821855433113917,0.0,0.0,-0.01821855433113917,54027.51120294756
2010-04-19,-0.012783470204944747,0.0,0.0,-0.012783470204944747,53336.85212323735
2010-04-20,0.007936315721672083,0.0,0.0,0.007936315721672083,53760.150221287506
2010-04-21,0.004973218649120925,0.0,0.0,0.004973218649120925,54027.51120294756
2010-04-22,0.0024741180035392496,0.0,0.0,0.0024741180035392496,54161.18164110118
2010-04-23,0.00658161241151789,0.0,0.0,0.00658161241151789,54517.64954641273
2010-04-26,-0.00490393351892493,0.0,0.0,-0.00490393351892493,54250.29861742907
2010-04-27,-0.015194930514152216,0.0,0.0,-0.015194930514152216,53425.96909956523
2010-04-28,0.003335998004742491,0.0,0.0,0.003335998004742491,53604.19802588281
2010-04-29,0.007897015395330609,0.0,0.0,0.007897015395330609,54027.51120294756
2010-04-30,0.007835048131987099,0.0,0.0,0.007835048131987099,54450.81935367412
2010-05-03,0.004909860050203552,0.0,0.0,0.004909860050203552,54718.165256319575
2010-05-04,-0.02687288816904343,0.0,0.0,-0.02687288816904343,53247.73012057126
2010-05-05,-0.022594093758371736,0.0,0.0,-0.022594093758371736,52044.6459138066
2010-05-06,-0.01969194503662508,0.0,0.0,-0.01969194503662508,51019.78560702131
2010-05-07,-0.005240043631399738,0.0,0.0,-0.005240043631399738,50752.43970437585
2010-05-10,0.01931506633605684,0.0,0.0,0.01931506633605684,51732.72644398259
2010-05-11,-0.0017226421736032949,0.0,0.0,-0.0017226421736032949,51643.60946765471
2010-05-12,0.00819691357297736,0.0,0.0,0.00819691357297736,52066.92767105766
2010-05-13,-0.008558118449603191,0.0,0.0,-0.008558118449603191,51621.33273674183
2010-05-14,-0.025463948151963067,0.0,0.0,-0.025463948151963067,50306.8497963982
2010-05-17,-0.028343688378290266,0.0,0.0,-0.028343688378290266,48880.968122475635
2010-05-18,-0.0013673055515052157,0.0,0.0,-0.0013673055515052157,48814.13290339883
2010-05-19,-0.009128400072119458,0.0,0.0,-0.009128400072119458,48368.537969082994
2010-05-20,-0.02072769901580762,0.0,0.0,-0.02072769901580762,47365.96947222518
2010-05-21,0.010348112824524636,0.0,0.0,0.010348112824524636,47856.11786836675
2010-05-24,-0.0009310928288521758,0.0,0.0,-0.0009310928288521758,47811.55938020281
2010-05-25,-0.007921717414626772,0.0,0.0,-0.007921717414626772,47432.80971764019
2010-05-26,0.01080317885667803,0.0,0.0,0.01080317885667803,47945.23484469464
2010-05-27,0.029275066046043463,0.0,0.0,0.029275066046043463,49348.83476136614
2010-05-28,-0.008577773445620607,0.0,0.0,-0.008577773445620607,48925.53163697778
2010-06-01,-0.01867044756885039,0.0,0.0,-0.01867044756885039,48012.07006377145
2010-06-02,0.012064994733617107,0.0,0.0,0.012064994733617107,48591.33543624091
2010-06-03,0.005502028840809636,0.0,0.0,0.005502028840809636,48858.68636522456
2010-06-04,-0.03100766182265935,0.0,0.0,-0.03100766182265935,47343.6927413123
2010-06-07,0.001882341050471581,0.0,0.0,0.001882341050471581,47432.809717640186
2010-06-08,0.00798497210722382,0.0,0.0,0.00798497210722382,47811.559380202794
2010-06-09,0.004659802853281603,0.0,0.0,0.004659802853281603,48034.35182102251
2010-06-10,0.01669758793202125,0.0,0.0,0.01669758793202125,48836.409634311676
2010-06-11,0.001368758929121805,0.0,0.0,0.001368758929121805,48903.25490606489
2010-06-14,0.0027333648529199728,0.0,0.0,0.0027333648529199728,49036.925344218515
2010-06-15,0.01681048594330825,0.0,0.0,0.01681048594330825,49861.25988842056
2010-06-16,0.002234274869236552,0.0,0.0,0.002234274869236552,49972.66364833773
2010-06-17,0.0004456777555703617,0.0,0.0,0.0004456777555703617,49994.93535291239
2010-06-18,-0.0017824195463129744,0.0,0.0,-0.0017824195463129744,49905.8234029227
2010-06-21,-0.004017882007234852,0.0,0.0,-0.004017882007234852,49705.30769301586
2010-06-22,-0.0022411838644469384,0.0,0.0,-0.0022411838644469384,49593.9089594369
2010-06-23,-0.016621689265838513,0.0,0.0,-0.016621689265838513,48769.574415234856
2010-06-24,0.0022840820035114895,0.0,0.0,0.0022840820035114895,48880.96812247561
2010-06-25,0.018231529035679817,0.0,0.0,0.018231529035679817,49772.14291209266
2010-06-28,-0.010742994508227022,0.0,0.0,-0.010742994508227022,49237.44105412537
2010-06-29,-0.02760189046688699,0.0,0.0,-0.02760189046688699,47878.39459927959
2010-06-30,0.0037226384499211562,0.0,0.0,0.0037226384499211562,48056.62855193536
2010-07-01,-0.015298983512328612,0.0,0.0,-0.015298983512328612,47321.41098406121
2010-07-02,-0.001883121152488454,0.0,0.0,-0.001883121152488454,47232.299034071526
2010-07-06,0.0028300641909724256,0.0,0.0,0.0028300641909724256,47365.96947222515
2010-07-07,0.022577575296963026,0.0,0.0,0.022577575296963026,48435.37821449796
2010-07-08,0.009199678507811448,0.0,0.0,0.009199678507811448,48880.9681224756
2010-07-09,0.00182314262075578,0.0,0.0,0.00182314262075578,48970.08509880349
2010-07-12,-0.011373956449015732,0.0,0.0,-0.011373956449015732,48413.1014835851
2010-07-13,0.016106819403848727,0.0,0.0,0.016106819403848727,49192.88256596141
2010-07-14,-0.0018115827265943185,0.0,0.0,-0.0018115827265943185,49103.76558963353
2010-07-15,0.009528019021235012,0.0,0.0,0.009528019021235012,49571.627202185824
2010-07-16,-0.012584292585132162,0.0,0.0,-0.012584292585132162,48947.80334155242
2010-07-19,-0.0009101212403074266,0.0,0.0,-0.0009101212403074266,48903.25490606488
2010-07-20,0.008200197340020976,0.0,0.0,0.008200197340020976,49304.271246863966
2010-07-21,-0.002711234972372356,0.0,0.0,-0.002711234972372356,49170.59578237213
2010-07-22,0.019936646621528054,0.0,0.0,0.019936646621528054,50150.892574655285
2010-07-23,-0.0031097596420789353,0.0,0.0,-0.0031097596420789353,49994.935352912384
2010-07-26,-0.0008912600416303151,0.0,0.0,-0.0008912600416303151,49950.37686474844
2010-07-27,-0.01070476176292623,0.0,0.0,-0.01070476176292623,49415.66998044293
2010-07-28,0.004057938760369195,0.0,0.0,0.004057938760369195,49616.19574302618
2010-07-29,0.014368912682812596,0.0,0.0,0.014368912682812596,50329.12652731106
2010-07-30,0.013280329329237395,0.0,0.0,0.013280329329237395,50997.51390244661
2010-08-02,0.019222344207212805,0.0,0.0,0.019222344207212805,51977.805668391564
2010-08-03,0.0034290395749461133,0.0,0.0,0.0034290395749461133,52156.039621047334
2010-08-04,0.00854339998234499,0.0,0.0,0.00854339998234499,52601.62952902498
2010-08-05,-0.004659060950489513,0.0,0.0,-0.004659060950489513,52356.55533095418
2010-08-06,-0.008936065590924969,0.0,0.0,-0.008936065590924969,51888.69371840188
2010-08-09,0.0034349284956571857,0.0,0.0,0.0034349284956571857,52066.92767105765
2010-08-10,-0.010697551525902682,0.0,0.0,-0.010697551525902682,51509.93902950106
2010-08-11,-0.02249140198506927,0.0,0.0,-0.02249140198506927,50351.40828456215
2010-08-12,-0.00752202667468449,0.0,0.0,-0.00752202667468449,49972.663648337744
2010-08-13,-0.000891757838160534,0.0,0.0,-0.000891757838160534,49928.10013383558
2010-08-16,-0.0031236362153744812,0.0,0.0,-0.0031236362153744812,49772.142912092684
2010-08-17,0.014323992677636399,0.0,0.0,0.014323992677636399,50485.07872271577
2010-08-18,-0.00397158254088692,0.0,0.0,-0.00397158254088692,50284.573065485325
2010-08-19,-0.010190603641504703,0.0,0.0,-0.010190603641504703,49772.142912092684
2010-08-20,-0.006266645809489879,0.0,0.0,-0.006266645809489879,49460.23852128328
2010-08-23,-0.006756865933694733,0.0,0.0,-0.006756865933694733,49126.04232054641
2010-08-24,-0.011337950611251313,0.0,0.0,-0.011337950611251313,48569.05367898981
2010-08-25,0.005045995460994934,0.0,0.0,0.005045995460994934,48814.13290339881
2010-08-26,0.011410294152323308,0.0,0.0,0.011410294152323308,49371.11651861719
2010-08-27,0.01714790620130424,0.0,0.0,0.01714790620130424,50217.727793732105
2010-08-30,-0.0017746118799705224,0.0,0.0,-0.0017746118799705224,50128.61081740422
2010-08-31,-0.013333150175565689,0.0,0.0,-0.013333150175565689,49460.23852128328
2010-09-01,0.01981979455119509,0.0,0.0,0.01981979455119509,50440.53028722821
2010-09-02,0.0070669930895552735,0.0,0.0,0.0070669930895552735,50796.99316620155
2010-09-03,0.0052632240346806025,0.0,0.0,0.0052632240346806025,51064.34912152341
2010-09-07,0.005235667543428413,0.0,0.0,0.005235667543428413,51331.70507684527
2010-09-08,0.0021700761171676852,0.0,0.0,0.0021700761171676852,51443.098784086025
2010-09-09,-0.005630156290746813,0.0,0.0,-0.005630156290746813,51153.4660978513
2010-09-10,0.010453092457525237,0.0,0.0,0.010453092457525237,51688.17800849502
2010-09-13,0.007327587799677682,0.0,0.0,0.007327587799677682,52066.92767105764
2010-09-14,0.0029952256140397537,0.0,0.0,0.0029952256140397537,52222.87986646235
2010-09-15,-0.001706570049257894,0.0,0.0,-0.001706570049257894,52133.75786379625
2010-09-16,-0.0051280765784027516,0.0,0.0,-0.0051280765784027516,51866.41196115079
2010-09-17,0.0034364041374073118,0.0,0.0,0.0034364041374073118,52044.64591380656
2010-09-20,0.008133461510899886,0.0,0.0,0.008133461510899886,52467.94903819493
2010-09-21,-0.010615788338726895,0.0,0.0,-0.010615788338726895,51910.96039663834
2010-09-22,0.006008740108846222,0.0,0.0,0.006008740108846222,52222.87986646235
2010-09-23,0.0008531406529026508,0.0,0.0,0.0008531406529026508,52267.43332828807
2010-09-24,0.015345364953922136,0.0,0.0,0.015345364953922136,53069.496167915444
2010-09-27,-0.006717096588251814,0.0,0.0,-0.006717096588251814,52713.0232362657
2010-09-28,0.0,0.0,0.0,0.0,52713.0232362657
2010-09-29,0.013102247553030688,0.0,0.0,0.013102247553030688,53403.68231597591
2010-09-30,0.005840597569697792,0.0,0.0,0.005840597569697792,53715.59173312351
2010-10-01,0.0020738621689662118,0.0,0.0,0.0020738621689662118,53826.990466702475
2010-10-04,-0.0033112375614985368,0.0,0.0,-0.0033112375614985368,53648.756514046705
2010-10-05,0.020348850009935804,0.0,0.0,0.020348850009935804,54740.44701357061
2010-10-06,0.00040695193642359406,0.0,0.0,0.00040695193642359406,54762.72374448347
2010-10-07,-0.010170761255027805,0.0,0.0,-0.010170761255027805,54205.74515560328
2010-10-08,0.033292252164504044,0.0,0.0,0.033292252164504044,56010.376492088464
2010-10-11,-0.0047733290162693676,0.0,0.0,-0.0047733290162693676,55743.020536766606
2010-10-12,0.004796222966523933,0.0,0.0,0.004796222966523933,56010.376492088464
2010-10-13,0.00477314953744723,0.0,0.0,0.00477314953744723,56277.72239473392
2010-10-14,-0.00158352137463591,0.0,0.0,-0.00158352137463591,56188.605418406034
2010-10-15,-0.011102319696104312,0.0,0.0,-0.011102319696104312,55564.781557772636
2010-10-18,0.010024311778385364,0.0,0.0,0.010024311778385364,56121.78025200563
2010-10-19,-0.02937690429661244,0.0,0.0,-0.02937690429661244,54473.09608458695
2010-10-20,0.023721915997287457,0.0,0.0,0.023721915997287457,55765.30229401768
2010-10-21,-0.012385284468559465,0.0,0.0,-0.012385284468559465,55074.633161631056
2010-10-22,0.008495321070842055,0.0,0.0,0.008495321070842055,55542.50985319796
2010-10-25,0.0052145223660584605,0.0,0.0,0.0052145223660584605,55832.13751309448
2010-10-26,0.00518774225405938,0.0,0.0,0.00518774225405938,56121.780252005614
2010-10-27,-0.0031760219389299627,0.0,0.0,-0.0031760219389299627,55943.536246673444
2010-10-28,0.005177232360815465,0.0,0.0,0.005177232360815465,56233.16893290817
2010-10-29,-0.0023772533785089145,0.0,0.0,-0.0023772533785089145,56099.48844207815
2010-11-01,0.0063542095518318575,0.0,0.0,0.0063542095518318575,56455.95634738968
2010-11-02,0.009076546749139158,0.0,0.0,0.009076546749139158,56968.38147444412
2010-11-03,0.004693058647660342,0.0,0.0,0.004693058647660342,57235.73742976598
2010-11-04,0.023744630357479757,0.0,0.0,0.023744630357479757,58594.77885827353
2010-11-05,0.004182440424006728,0.0,0.0,0.004182440424006728,58839.84803000611
2010-11-08,0.002650622890826737,0.0,0.0,0.002650622890826737,58995.810278087214
2010-11-09,-0.00679762542328588,0.0,0.0,-0.00679762542328588,58594.77885827353
2010-11-10,0.010646406945954645,0.0,0.0,0.010646406945954645,59218.602718906935
2010-11-11,-0.008276932815658666,0.0,0.0,-0.008276932815658666,58728.454322765356
2010-11-12,-0.041729889817336385,0.0,0.0,-0.041729889817336385,56277.722394733886
2010-11-15,0.001583521374635799,0.0,0.0,0.001583521374635799,56366.839371061775
2010-11-16,-0.029644217492049263,0.0,0.0,-0.029644217492049263,54695.88852540661
2010-11-17,-0.007739212869569356,0.0,0.0,-0.007739212869569356,54272.58540101826
2010-11-18,0.02709351553612782,0.0,0.0,0.02709351553612782,55743.02053676658
2010-11-19,-0.01438839839010797,0.0,0.0,-0.01438839839010797,54940.96774981561
2010-11-22,0.003244007770834445,0.0,0.0,0.003244007770834445,55119.19667613318
2010-11-23,-0.0024252982425614356,0.0,0.0,-0.0024252982425614356,54985.51618530315
2010-11-24,0.018638732122318702,0.0,0.0,0.018638732122318702,56010.376492088435
2010-11-26,0.00477314953744723,0.0,0.0,0.00477314953744723,56277.722394733886
2010-11-29,0.0019794463748479263,0.0,0.0,0.0019794463748479263,56389.121128312836
2010-11-30,-0.009482447564465257,0.0,0.0,-0.009482447564465257,55854.414244007334
2010-12-01,0.029517436775507333,0.0,0.0,0.029517436775507333,57503.093385087814
2010-12-02,0.008523773956315095,0.0,0.0,0.008523773956315095,57993.23675489118
2010-12-03,0.012677643273845352,0.0,0.0,0.012677643273845352,58728.45432276534
2010-12-06,-0.001138038108571937,0.0,0.0,-0.001138038108571937,58661.619103688514
2010-12-07,-0.006836351023738807,0.0,0.0,-0.006836351023738807,58260.58768387483
2010-12-08,0.007648221991776394,0.0,0.0,0.007648221991776394,58706.17759185246
2010-12-09,-0.002656486962733906,0.0,0.0,-0.002656486962733906,58550.225396447764
2010-12-10,-0.0015221461926514523,0.0,0.0,-0.0015221461926514523,58461.103393781676
2010-12-13,0.009908560373341757,0.0,0.0,0.009908560373341757,59040.36876625114
2010-12-14,-0.00264145022572837,0.0,0.0,-0.00264145022572837,58884.41657084644
2010-12-15,-0.002648616682708438,0.0,0.0,-0.002648616682708438,58728.45432276534
2010-12-16,-0.003414199911795257,0.0,0.0,-0.003414199911795257,58527.94363919669
2010-12-17,0.007613284873368098,0.0,0.0,0.007613284873368098,58973.53354717433
2010-12-20,0.00906681058104808,0.0,0.0,0.00906681058104808,59508.23540514164
2010-12-21,0.0063647440782304,0.0,0.0,0.0063647440782304,59886.990094042456
2010-12-22,0.005208216180502712,0.0,0.0,0.005208216180502712,60198.89448485185
2010-12-23,0.003701022569674972,0.0,0.0,0.003701022569674972,60421.69195200977
2010-12-27,-0.0018436045672013401,0.0,0.0,-0.0018436045672013401,60310.29824476901
2010-12-28,0.010712939752413275,0.0,0.0,0.010712939752413275,60956.3988363153
2010-12-29,0.00036545352642436413,0.0,0.0,0.00036545352642436413,60978.67556722816
2010-12-30,-0.012056961897501162,0.0,0.0,-0.012056961897501162,60243.457999354
2010-12-31,0.01886078543206504,0.0,0.0,0.01886078543206504,61379.696934365435
2011-01-03,0.004355771837839972,0.0,0.0,0.004355771837839972,61647.05288968729
2011-01-04,-0.013371840267484059,0.0,0.0,-0.013371840267484059,60822.71834548525
2011-01-05,0.010622685225548212,0.0,0.0,0.010622685225548212,61468.81893703151
2011-01-06,-0.01341061303042912,0.0,0.0,-0.01341061303042912,60644.484392829465
2011-01-07,-0.003673746146089063,0.0,0.0,-0.003673746146089063,60421.69195200975
2011-01-10,0.011799418618193336,0.0,0.0,0.011799418618193336,61134.63278897103
2011-01-11,0.011297263463674767,0.0,0.0,0.011297263463674767,61825.286842343055
2011-01-12,0.006486608742706679,0.0,0.0,0.006486608742706679,62226.32328849495
2011-01-13,-0.0014321427270373999,0.0,0.0,-0.0014321427270373999,62137.20631216705
2011-01-14,0.0046610988341107,0.0,0.0,0.0046610988341107,62426.83397206359
2011-01-18,-0.0010706973453904478,0.0,0.0,-0.0010706973453904478,62359.993726648565
2011-01-19,-0.0010718449669512298,0.0,0.0,-0.0010718449669512298,62293.153481233545
2011-01-20,-0.010014163244198682,0.0,0.0,-0.010014163244198682,61669.33967327655
2011-01-21,0.010115461123176406,0.0,0.0,0.010115461123176406,62293.15348123353
2011-01-24,-0.008583637656558785,0.0,0.0,-0.008583637656558785,61758.45162326622
2011-01-25,-0.01262622419348891,0.0,0.0,-0.01262622419348891,60978.67556722812
2011-01-26,0.022287158844721766,0.0,0.0,0.022287158844721766,62337.71699573569
2011-01-27,-0.008577582081520596,0.0,0.0,-0.008577582081520596,61803.010111430165
2011-01-28,0.012617202317013021,0.0,0.0,0.012617202317013021,62582.791193806486
2011-01-31,0.01566383858736775,0.0,0.0,0.01566383858736775,63563.07793341322
2011-02-01,0.007360745899039456,0.0,0.0,0.007360745899039456,64030.949598641906
2011-02-02,0.009742536453756223,0.0,0.0,0.009742536453756223,64654.773459275304
2011-02-03,-0.006547206464085575,0.0,0.0,-0.006547206464085575,64231.46530854875
2011-02-04,-0.005549817833632731,0.0,0.0,-0.005549817833632731,63874.99237689901
2011-02-07,-0.0027902770659589127,0.0,0.0,-0.0027902770659589127,63696.76345058145
2011-02-08,0.006645756458146579,0.0,0.0,0.006645756458146579,64120.07662764618
2011-02-09,0.004864301181086272,0.0,0.0,0.004864301181086272,64431.97599211738
2011-02-10,-0.005878287243727409,0.0,0.0,-0.005878287243727409,64053.22632955477
2011-02-11,-0.003478160699279531,0.0,0.0,-0.003478160699279531,63830.43891507325
2011-02-14,0.004886452233618277,0.0,0.0,0.004886452233618277,64142.34330588264
2011-02-15,-0.012851565368180662,0.0,0.0,-0.012851565368180662,63318.01378801881
2011-02-16,0.007389075944779888,0.0,0.0,0.007389075944779888,63785.8754005711
2011-02-17,0.0031435754177178143,0.0,0.0,0.0031435754177178143,63986.39111047795
2011-02-18,-0.0010446009574068826,0.0,0.0,-0.0010446009574068826,63919.550865062934
2011-02-22,-0.0013941266605236313,0.0,0.0,-0.0013941266605236313,63830.43891507325
2011-02-23,0.022338584821885776,0.0,0.0,0.022338584821885776,65256.32058899581
2011-02-24,-0.008876847385498099,0.0,0.0,-0.008876847385498099,64677.05019018816
2011-02-25,0.022046254367937834,0.0,0.0,0.022046254367937834,66102.93689044892
2011-02-28,0.0016850791529452458,0.0,0.0,0.0016850791529452458,66214.32557135147
2011-03-01,0.015141414503329065,0.0,0.0,0.015141414503329065,67216.9041208857
2011-03-02,0.003977510699407327,0.0,0.0,0.003977510699407327,67484.26007620755
2011-03-03,-0.0003301770994585951,0.0,0.0,-0.0003301770994585951,67461.97831895648
2011-03-04,0.004953696235833194,0.0,0.0,0.004953696235833194,67796.16446701695
2011-03-07,-0.004600620009427514,0.0,0.0,-0.004600620009427514,67484.26007620756
2011-03-08,-0.008583710806272626,0.0,0.0,-0.008583710806272626,66904.9947037381
2011-03-09,0.003995978628613894,0.0,0.0,0.003995978628613894,67172.34563272177
2011-03-10,-0.01625200762162915,0.0,0.0,-0.01625200762162915,66080.66015953607
2011-03-11,-0.00573170255845501,0.0,0.0,-0.00573170255845501,65701.90547063526
2011-03-14,0.002712766873031125,0.0,0.0,0.002712766873031125,65880.13942329102
2011-03-15,-0.036523502544635544,0.0,0.0,-0.036523502544635544,63473.96598342352
2011-03-16,0.005967007996026785,0.0,0.0,0.005967007996026785,63852.715645986136
2011-03-17,0.031053655944661473,0.0,0.0,0.031053655944661473,65835.57590878889
2011-03-18,0.005752963459867866,0.0,0.0,0.005752963459867866,66214.32557135151
2011-03-21,0.004710679158842712,0.0,0.0,0.004710679158842712,66526.2400148373
2011-03-22,0.007367669805088406,0.0,0.0,0.007367669805088406,67016.38338464069
2011-03-23,0.001994743435538293,0.0,0.0,0.001994743435538293,67150.06387547072
2011-03-24,0.0033178291718811703,0.0,0.0,0.0033178291718811703,67372.85631629045
2011-03-25,0.002645486066659153,0.0,0.0,0.002645486066659153,67551.09026894621
2011-03-28,-0.013522380125815081,0.0,0.0,-0.013522380125815081,66637.63874841627
2011-03-29,0.00568364430880175,0.0,0.0,0.00568364430880175,67016.38338464069
2011-03-30,-0.0013296289526704141,0.0,0.0,-0.0013296289526704141,66927.27646098922
2011-03-31,0.01564574326630641,0.0,0.0,0.01564574326630641,67974.40344601097
2011-04-01,0.006882908695534207,0.0,0.0,0.006882908695534207,68442.26505856327
2011-04-04,0.009114746754450787,0.0,0.0,0.009114746754450787,69066.09897187307
2011-04-05,0.0009677721256884375,0.0,0.0,0.0009677721256884375,69132.93921728809
2011-04-06,0.002900363934164929,0.0,0.0,0.002900363934164929,69333.44990085672
2011-04-07,0.00192793577046535,0.0,0.0,0.00192793577046535,69467.12033901036
2011-04-08,0.023733157595946075,0.0,0.0,0.023733157595946075,71115.79445375265
2011-04-11,-0.01848376969952359,0.0,0.0,-0.01848376969952359,69801.30648707082
2011-04-12,-0.020427649844182882,0.0,0.0,-0.020427649844182882,68375.42983948645
2011-04-13,0.007820087701423395,0.0,0.0,0.007820087701423395,68910.13169745375
2011-04-14,0.0025865424227677902,0.0,0.0,0.0025865424227677902,69088.37067644772
2011-04-15,0.005159666209515468,0.0,0.0,0.005159666209515468,69444.84360809748
2011-04-18,-0.006095674712058852,0.0,0.0,-0.006095674712058852,69021.5304310327
2011-04-19,0.000322823285892504,0.0,0.0,0.000322823285892504,69043.81218828379
2011-04-20,0.01581156174498055,0.0,0.0,0.01581156174498055,70135.50268780768
2011-04-21,0.007306144264726644,0.0,0.0,0.007306144264726644,70647.92278852392
2011-04-25,-0.0028380969930372757,0.0,0.0,-0.0028380969930372757,70447.41713129348
2011-04-26,-0.00031636054942563163,0.0,0.0,-0.00031636054942563163,70425.1303477042
2011-04-27,0.006010754238388927,0.0,0.0,0.006010754238388927,70848.43849843075
2011-04-28,-0.007232694720093136,0.0,0.0,-0.007232694720093136,70336.01337137632
2011-04-29,0.010452932041970842,0.0,0.0,0.010452932041970842,71071.23093925047
2011-05-02,-0.01003128553144772,0.0,0.0,-0.01003128553144772,70358.29512862737
2011-05-03,-0.010449621704591405,0.0,0.0,-0.010449621704591405,69623.07756075323
2011-05-04,-0.015999971122574008,0.0,0.0,-0.015999971122574008,68509.11033031644
2011-05-05,-0.06699195834137917,0.0,0.0,-0.06699195834137917,63919.55086506293
2011-05-06,-0.0031369225980940607,0.0,0.0,-0.0031369225980940607,63719.04018149429
2011-05-09,0.03671325223652544,0.0,0.0,0.03671325223652544,66058.37337594679
2011-05-10,0.009106296431143468,0.0,0.0,0.009106296431143468,66659.92050566731
2011-05-11,-0.032085659883741124,0.0,0.0,-0.032085659883741124,64521.09296844525
2011-05-12,0.0010360219995948494,0.0,0.0,0.0010360219995948494,64587.93824019846
2011-05-13,0.0017247606381964875,0.0,0.0,0.0017247606381964875,64699.33697377742
2011-05-16,-0.013085471465255516,0.0,0.0,-0.013085471465255516,63852.7156459861
2011-05-17,0.002442531167284878,0.0,0.0,0.002442531167284878,64008.6778940672
2011-05-18,0.0201879061653345,0.0,0.0,0.0201879061653345,65300.87907715975
2011-05-19,-0.007847216770040077,0.0,0.0,-0.007847216770040077,64788.44892376709
2011-05-20,0.009284789799927529,0.0,0.0,0.009284789799927529,65389.99605348761
2011-05-23,-0.016013796103914957,0.0,0.0,-0.016013796103914957,64342.85398945125
2011-05-24,0.013504267081233978,0.0,0.0,0.013504267081233978,65211.757074493646
2011-05-25,0.018107278945158622,0.0,0.0,0.018107278945158622,66392.56455034543
2011-05-26,0.003691289826362132,0.0,0.0,0.003691289826362132,66637.63874841621
2011-05-27,0.00568364430880175,0.0,0.0,0.00568364430880175,67016.38338464063
2011-05-31,0.005651598063547869,0.0,0.0,0.005651598063547869,67395.13304720324
2011-06-01,-0.012561830661922624,0.0,0.0,-0.012561830661922624,66548.52679842654
2011-06-02,0.008704254589250393,0.0,0.0,0.008704254589250393,67127.78211821959
2011-06-03,0.00398271655263116,0.0,0.0,0.00398271655263116,67395.13304720324
2011-06-06,-0.01157021317091167,0.0,0.0,-0.01157021317091167,66615.35699116516
2011-06-07,0.009364640754748743,0.0,0.0,0.009364640754748743,67239.18587813675
2011-06-08,0.00828354153320121,0.0,0.0,0.00828354153320121,67796.16446701693
2011-06-09,0.005586668388667837,0.0,0.0,0.005586668388667837,68174.91915591774
2011-06-10,-0.010457523760765586,0.0,0.0,-0.010457523760765586,67461.97831895646
2011-06-13,-0.00660512699774507,0.0,0.0,-0.00660512699774507,67016.38338464063
2011-06-14,0.0069815270227509,0.0,0.0,0.0069815270227509,67484.26007620753
2011-06-15,-0.02674158923555625,0.0,0.0,-0.02674158923555625,65679.62371338415
2011-06-16,-0.0040705307653761125,0.0,0.0,-0.0040705307653761125,65412.27278440049
2011-06-17,-0.00442780343666338,0.0,0.0,-0.00442780343666338,65122.640098165764
2011-06-20,-0.005473871008798148,0.0,0.0,-0.005473871008798148,64766.16716651602
2011-06-21,0.0006881454128011555,0.0,0.0,0.0006881454128011555,64810.73570735637
2011-06-22,0.004468744728744589,0.0,0.0,0.004468744728744589,65100.358340914674
2011-06-23,-0.021218288111208294,0.0,0.0,-0.021218288111208294,63719.040181494245
2011-06-24,-0.011888115749509098,0.0,0.0,-0.011888115749509098,62961.54085636902
2011-06-27,-0.00035381489413810474,0.0,0.0,-0.00035381489413810474,62939.26412545615
2011-06-28,0.017699002674675723,0.0,0.0,0.017699002674675723,64053.22632955472
2011-06-29,0.018087000629418037,0.0,0.0,0.018087000629418037,65211.75707449364
2011-06-30,-0.0105910979405055,0.0,0.0,-0.0105910979405055,64521.09296844523
2011-07-01,0.0013812068616301243,0.0,0.0,0.0013812068616301243,64610.20994477312
2011-07-05,0.013448231062995974,0.0,0.0,0.013448231062995974,65479.10297713911
2011-07-06,-0.0003402113025379183,0.0,0.0,-0.0003402113025379183,65456.82624622625
2011-07-07,0.021102813334740178,0.0,0.0,0.021102813334740178,66838.14943198489
2011-07-08,-0.0010000313590824428,0.0,0.0,-0.0010000313590824428,66771.30918656987
2011-07-11,-0.007674255708907229,0.0,0.0,-0.007674255708907229,66258.88908585362
2011-07-12,0.008742379386722066,0.0,0.0,0.008742379386722066,66838.14943198489
2011-07-13,0.01366669416539823,0.0,0.0,0.01366669416539823,67751.605978853
2011-07-14,-0.005590268409000232,0.0,0.0,-0.005590268409000232,67372.85631629039
2011-07-15,0.008928627382168486,0.0,0.0,0.008928627382168486,67974.40344601093
2011-07-18,-0.005571945370045683,0.0,0.0,-0.005571945370045683,67595.6537834483
2011-07-19,0.006921549133755978,0.0,0.0,0.006921549133755978,68063.5204223388
2011-07-20,0.0032733017545563126,0.0,0.0,0.0032733017545563126,68286.31286315851
2011-07-21,-0.004893970114748458,0.0,0.0,-0.004893970114748458,67952.12168875986
2011-07-22,0.008196780729051278,0.0,0.0,0.008196780729051278,68509.11033031644
2011-07-25,-0.00487805450672707,0.0,0.0,-0.00487805450672707,68174.91915591779
2011-07-26,0.007843161252345965,0.0,0.0,0.007843161252345965,68709.62604022329
2011-07-27,-0.006809404914455586,0.0,0.0,-0.006809404914455586,68241.75437499459
2011-07-28,-0.0032647525383865394,0.0,0.0,-0.0032647525383865394,68018.96193417488
2011-07-29,-0.008188652096122961,0.0,0.0,-0.008188652096122961,67461.97831895648
2011-08-01,0.0,0.0,0.0,0.0,67461.97831895648
2011-08-02,0.0,0.0,0.0,0.0,67461.97831895648
2011-08-03,-0.014861312226212897,0.0,0.0,-0.014861312226212897,66459.40479576046
2011-08-04,-0.03788135300313544,0.0,0.0,-0.03788135300313544,63941.832622313996
2011-08-05,0.004181236983010095,0.0,0.0,0.004181236983010095,64209.188577635854
2011-08-08,-0.03712711199286456,0.0,0.0,-0.03712711199286456,61825.286842343005
2011-08-09,0.009729791165457913,0.0,0.0,0.009729791165457913,62426.833972063534
2011-08-10,0.004282628350226636,0.0,0.0,0.004282628350226636,62694.18490104718
2011-08-11,0.021677312348068467,0.0,0.0,0.021677312348068467,64053.22632955474
2011-08-12,-0.0013912956682208266,0.0,0.0,-0.0013912956682208266,63964.109353226864
2011-08-15,0.012190915972426497,0.0,0.0,0.012190915972426497,64743.89043560315
2011-08-16,0.0,0.0,0.0,0.0,64743.89043560315
2011-08-17,0.008602952924347207,0.0,0.0,0.008602952924347207,65300.879077159734
2011-08-18,-0.024564992833908117,0.0,0.0,-0.024564992833908117,63696.763450581406
2011-08-19,0.017838410087655188,0.0,0.0,0.017838410087655188,64833.012438269245
2011-08-22,0.0017181633715819267,0.0,0.0,0.0017181633715819267,64944.406145509995
2011-08-23,0.01029168507042777,0.0,0.0,0.01029168507042777,65612.79352064553
2011-08-24,-0.010186845267077915,0.0,0.0,-0.010186845267077915,64944.40614550998
2011-08-25,0.004459624424736575,0.0,0.0,0.004459624424736575,65234.033805406514
2011-08-26,0.011270614089935682,0.0,0.0,0.011270614089935682,65969.26142595707
2011-08-29,0.003377139741538082,0.0,0.0,0.003377139741538082,66192.04884043858
2011-08-30,0.013463547836440659,0.0,0.0,0.013463547836440659,67083.22865639384
2011-08-31,0.0016604549771015442,0.0,0.0,0.0016604549771015442,67194.6173372964
2011-09-01,-0.00696278409033535,0.0,0.0,-0.00696278409033535,66726.75572474409
2011-09-02,-0.005342203460063533,0.0,0.0,-0.005342203460063533,66370.28781943255
2011-09-06,-0.003356885655883657,0.0,0.0,-0.003356885655883657,66147.49035227463
2011-09-07,0.00909395201811547,0.0,0.0,0.00909395201811547,66749.03245565698
2011-09-08,-0.006675525700472695,0.0,0.0,-0.006675525700472695,66303.44757401755
2011-09-09,-0.015792949285975078,0.0,0.0,-0.015792949285975078,65256.32058899579
2011-09-12,-0.002389994512001281,0.0,0.0,-0.002389994512001281,65100.35834091469
2011-09-13,-0.003080024268355297,0.0,0.0,-0.003080024268355297,64899.84765734604
2011-09-14,-0.0048060115455801355,0.0,0.0,-0.0048060115455801355,64587.93824019845
2011-09-15,0.004139254324100117,0.0,0.0,0.004139254324100117,64855.284142843906
2011-09-16,-0.004465752694238767,0.0,0.0,-0.004465752694238767,64565.65648294738
2011-09-19,-0.01690822271453596,0.0,0.0,-0.01690822271453596,63473.96598342348
2011-09-20,-0.001755030300265914,0.0,0.0,-0.001755030300265914,63362.56724984451
2011-09-21,-0.014767919268348417,0.0,0.0,-0.014767919268348417,62426.83397206351
2011-09-22,-0.03533196569420638,0.0,0.0,-0.03533196569420638,60221.17121576465
2011-09-23,-0.01775801965792534,0.0,0.0,-0.01775801965792534,59151.762473491806
2011-09-26,0.003389936797486115,0.0,0.0,0.003389936797486115,59352.28320973686
2011-09-27,0.016891826946487942,0.0,0.0,0.016891826946487942,60354.85170659467
2011-09-28,-0.026947251759243396,0.0,0.0,-0.026947251759243396,58728.45432276527
2011-09-29,0.011760212109694024,0.0,0.0,0.011760212109694024,59419.113402475465
2011-09-30,-0.03449555815476313,0.0,0.0,-0.03449555815476313,57369.41792059591
2011-10-03,-0.005048555427834445,0.0,0.0,-0.005048555427834445,57079.78523436118
2011-10-04,-0.0019517200259208112,0.0,0.0,-0.0019517200259208112,56968.38147444402
2011-10-05,0.014078999482352694,0.0,0.0,0.014078999482352694,57770.43928773319
2011-10-06,0.02082543034594031,0.0,0.0,0.02082543034594031,58973.53354717425
2011-10-07,-0.004533490520929995,0.0,0.0,-0.004533490520929995,58706.17759185239
2011-10-10,0.02239087936336781,0.0,0.0,0.02239087936336781,60020.660532196
2011-10-11,0.00742394208971775,0.0,0.0,0.00742394208971775,60466.25044017363
2011-10-12,0.001842245987304425,0.0,0.0,0.001842245987304425,60577.64414741439
2011-10-13,0.002206762787023031,0.0,0.0,0.002206762787023031,60711.32463824443
2011-10-14,0.022752315058012673,0.0,0.0,0.022752315058012673,62092.64782400304
2011-10-17,-0.01435242089339206,0.0,0.0,-0.01435242089339206,61201.468008047785
2011-10-18,0.0054605091229955605,0.0,0.0,0.0054605091229955605,61535.659182446456
2011-10-19,-0.019551090361051182,0.0,0.0,-0.019551090361051182,60332.5699493436
2011-10-20,-0.0014770123345401176,0.0,0.0,-0.0014770123345401176,60243.45799935391
2011-10-21,0.005177481962455488,0.0,0.0,0.005177481962455488,60555.36741650152
2011-10-24,0.015820480923562252,0.0,0.0,0.015820480923562252,61513.38245153358
2011-10-25,0.003259545309322265,0.0,0.0,0.003259545309322265,61713.888108764026
2011-10-26,-0.0057760560855461,0.0,0.0,-0.0057760560855461,61357.425229790686
2011-10-27,0.02650685473518788,0.0,0.0,0.02650685473518788,62983.8175872819
2011-10-28,-0.00424475586309403,0.0,0.0,-0.00424475586309403,62716.46665829824
2011-10-31,-0.015275334949139907,0.0,0.0,-0.015275334949139907,61758.45162326618
2011-11-01,-0.01190480938054117,0.0,0.0,-0.01190480938054117,61023.229029053815
2011-11-02,0.006206647347066552,0.0,0.0,0.006206647347066552,61401.97869161643
2011-11-03,0.01233688871178118,0.0,0.0,0.01233688871178118,62159.48806941807
2011-11-04,0.0032256645519106453,0.0,0.0,0.0032256645519106453,62359.9937266485
2011-11-07,0.014648198606472596,0.0,0.0,0.014648198606472596,63273.45529985483
2011-11-08,0.004929625575332164,0.0,0.0,0.004929625575332164,63585.369743340634
2011-11-09,-0.022074496088514306,0.0,0.0,-0.022074496088514306,62181.75474765453
2011-11-10,-0.0010748364909939356,0.0,0.0,-0.0010748364909939356,62114.91952857772
2011-11-11,0.009684422587777242,0.0,0.0,0.009684422587777242,62716.46665829824
2011-11-14,-0.010657046414340732,0.0,0.0,-0.010657046414340732,62048.09436217731
2011-11-15,0.00718120129041111,0.0,0.0,0.00718120129041111,62493.674217478525
2011-11-16,-0.0024955681306264577,0.0,0.0,-0.0024955681306264577,62337.716995735624
2011-11-17,-0.023230773411164862,0.0,0.0,-0.023230773411164862,60889.563617238375
2011-11-18,-0.0014636663062049804,0.0,0.0,-0.0014636663062049804,60800.4416145723
2011-11-21,-0.007328728149744723,0.0,0.0,-0.007328728149744723,60354.85170659467
2011-11-22,0.006644559773971936,0.0,0.0,0.006644559773971936,60755.88312640835
2011-11-23,-0.015034865758886018,0.0,0.0,-0.015034865758886018,59842.42657954023
2011-11-25,-0.008190566422835444,0.0,0.0,-0.008190566422835444,59352.28320973686
2011-11-28,0.012387181679257342,0.0,0.0,0.012387181679257342,60087.4907249346
2011-11-29,0.012977595263919284,0.0,0.0,0.012977595263919284,60867.28185998731
2011-11-30,0.011712956268739694,0.0,0.0,0.011712956268739694,61580.21767061039
2011-12-01,-0.0036179222686645307,0.0,0.0,-0.0036179222686645307,61357.425229790686
2011-12-02,0.00871454198028676,0.0,0.0,0.00871454198028676,61892.127087757995
2011-12-05,-0.005399493663977961,0.0,0.0,-0.005399493663977961,61557.94093969753
2011-12-06,0.005428806470116232,0.0,0.0,0.005428806470116232,61892.127087757995
2011-12-07,-0.008639254831380283,0.0,0.0,-0.008639254831380283,61357.425229790686
2011-12-08,-0.012708829933067323,0.0,0.0,-0.012708829933067323,60577.64414741438
2011-12-09,0.0036778826627152927,0.0,0.0,0.0036778826627152927,60800.441614572286
2011-12-12,-0.012825253594694441,0.0,0.0,-0.012825253594694441,60020.66053219598
2011-12-13,0.004083163962171454,0.0,0.0,0.004083163962171454,60265.73473026678
2011-12-14,-0.035489943776424115,0.0,0.0,-0.035489943776424115,58126.90719304472
2011-12-15,-0.004982591497539213,0.0,0.0,-0.004982591497539213,57837.284559486405
2011-12-16,0.00808927348708921,0.0,0.0,0.00808927348708921,58305.146172038694
2011-12-19,-0.0045853744744041025,0.0,0.0,-0.0045853744744041025,58037.79524305502
2011-12-20,0.02303257154511651,0.0,0.0,0.02303257154511651,59374.554914311506
2011-12-21,0.007129453876958847,0.0,0.0,0.007129453876958847,59797.86306503805
2011-12-22,0.001117769799605206,0.0,0.0,0.001117769799605206,59864.70331045307
2011-12-23,0.004838121133461826,0.0,0.0,0.004838121133461826,60154.33599668779
2011-12-27,0.004444500149358932,0.0,0.0,0.004444500149358932,60421.691952009656
2011-12-28,-0.011799418618193336,0.0,0.0,-0.011799418618193336,59708.75111504838
2011-12-29,0.0029851399613187724,0.0,0.0,0.0029851399613187724,59886.99009404235
2011-12-30,-0.0014882536067406527,0.0,0.0,-0.0014882536067406527,59797.86306503805
2012-01-03,0.029806326082819634,0.0,0.0,0.029806326082819634,61580.21767061037
2012-01-04,0.007597840820725121,0.0,0.0,0.007597840820725121,62048.094362177275
2012-01-05,-0.01364467938673064,0.0,0.0,-0.01364467938673064,61201.468008047756
2012-01-06,0.004368374447300871,0.0,0.0,0.004368374447300871,61468.818937031414
2012-01-09,0.0010873845727130682,0.0,0.0,0.0010873845727130682,61535.659182446434
2012-01-10,0.007241084073192683,0.0,0.0,0.007241084073192683,61981.24406408586
2012-01-11,-0.0028756110876297925,0.0,0.0,-0.0028756110876297925,61803.01011143009
2012-01-12,-0.014059073025721291,0.0,0.0,-0.014059073025721291,60934.1170790641
2012-01-13,-0.002193770434359088,0.0,0.0,-0.002193770434359088,60800.44161457228
2012-01-17,0.006962171871575773,0.0,0.0,0.006962171871575773,61223.74473896064
2012-01-18,0.0003640218951697083,0.0,0.0,0.0003640218951697083,61246.03152254991
2012-01-19,0.004365195953720313,0.0,0.0,0.004365195953720313,61513.38245153356
2012-01-20,-0.007243706391702576,0.0,0.0,-0.007243706391702576,61067.797569894145
2012-01-23,0.01167449685420685,0.0,0.0,0.01167449685420685,61780.73338051722
2012-01-24,0.001803049286493108,0.0,0.0,0.001803049286493108,61892.127087757974
2012-01-25,0.00827940769697677,0.0,0.0,0.00827940769697677,62404.55724115063
2012-01-26,0.0028561047547701612,0.0,0.0,0.0028561047547701612,62582.791193806406
2012-01-27,0.0035599633153107213,0.0,0.0,0.0035599633153107213,62805.583634626106
2012-01-30,-0.010287231290879384,0.0,0.0,-0.010287231290879384,62159.48806941803
2012-01-31,-0.0025090658389420595,0.0,0.0,-0.0025090658389420595,62003.52582133694
2012-02-01,0.0032339404453327614,0.0,0.0,0.0032339404453327614,62204.04153124379
2012-02-02,0.0025071071198221606,0.0,0.0,0.0025071071198221606,62359.993726648485
2012-02-03,0.011790052830559672,0.0,0.0,0.011790052830559672,63095.22134719905
2012-02-06,0.004943471319820425,0.0,0.0,0.004943471319820425,63407.13076434665
2012-02-07,-0.000702815503003329,0.0,0.0,-0.000702815503003329,63362.56724984451
2012-02-08,0.0045710377405112634,0.0,0.0,0.0045710377405112634,63652.19993607923
2012-02-09,0.0052502690360156645,0.0,0.0,0.0052502690360156645,63986.39111047791
2012-02-10,-0.00940117295694809,0.0,0.0,-0.00940117295694809,63384.84398075739
2012-02-13,0.0024605605738881042,0.0,0.0,0.0024605605738881042,63540.80622883849
2012-02-14,-0.0003505893650868064,0.0,0.0,-0.0003505893650868064,63518.529497925614
2012-02-15,0.003507439738333229,0.0,0.0,0.003507439738333229,63741.31691240713
2012-02-16,0.004543876723362095,0.0,0.0,0.004543876723362095,64030.94959864186
2012-02-17,-0.0017397638841407659,0.0,0.0,-0.0017397638841407659,63919.550865062905
2012-02-21,0.015684927531992354,0.0,0.0,0.015684927531992354,64922.12438825892
2012-02-22,0.009265594880797146,0.0,0.0,0.009265594880797146,65523.66649164124
2012-02-23,0.003060202834229697,0.0,0.0,0.003060202834229697,65724.18220154809
2012-02-24,0.006101656651211096,0.0,0.0,0.006101656651211096,66125.20859502358
2012-02-27,-0.00808620296749507,0.0,0.0,-0.00808620296749507,65590.50673705626
2012-02-28,-0.00033971009463906743,0.0,0.0,-0.00033971009463906743,65568.22497980519
2012-02-29,-0.003737697614145663,0.0,0.0,-0.003737697614145663,65323.15078173441
2012-03-01,0.015689005630966202,0.0,0.0,0.015689005630966202,66348.00606218149
2012-03-02,-0.010073887498155298,0.0,0.0,-0.010073887498155298,65679.62371338415
2012-03-05,-0.004748876031484328,0.0,0.0,-0.004748876031484328,65367.71932257475
2012-03-06,-0.01635996757564262,0.0,0.0,-0.01635996757564262,64298.30555396372
2012-03-07,0.004504515068311621,0.0,0.0,0.004504515068311621,64587.93824019845
2012-03-08,0.008278664291446969,0.0,0.0,0.008278664291446969,65122.640098165764
2012-03-09,0.0027369740957261524,0.0,0.0,0.0027369740957261524,65300.879077159734
2012-03-12,-0.001364790243647107,0.0,0.0,-0.001364790243647107,65211.757074493646
2012-03-13,0.00444141822315669,0.0,0.0,0.00444141822315669,65501.389760728365
2012-03-14,-0.00680267828311909,0.0,0.0,-0.00680267828311909,65055.804879088944
2012-03-15,0.0006848499055318591,0.0,0.0,0.0006848499055318591,65100.35834091469
2012-03-16,0.012320405909705734,0.0,0.0,0.012320405909705734,65902.42118054206
2012-03-19,-0.00169035873923018,0.0,0.0,-0.00169035873923018,65791.02244696309
2012-03-20,-0.012191068170037234,0.0,0.0,-0.012191068170037234,64988.95960733572
2012-03-21,-0.0023995947928499017,0.0,0.0,-0.0023995947928499017,64833.01243826922
2012-03-22,-0.00790376858614028,0.0,0.0,-0.00790376858614028,64320.58731121478
2012-03-23,0.009698587347731102,0.0,0.0,0.009698587347731102,64944.40614550997
2012-03-26,0.004459624424736575,0.0,0.0,0.004459624424736575,65234.0338054065
2012-03-27,-0.004098335077379445,0.0,0.0,-0.004098335077379445,64966.68287642284
2012-03-28,-0.009602289348191406,0.0,0.0,-0.009602289348191406,64342.85398945124
2012-03-29,-0.013850330037038061,0.0,0.0,-0.013850330037038061,63451.68422617239
2012-03-30,0.01123588474155901,0.0,0.0,0.01123588474155901,64164.62003679546
2012-04-02,0.012847260220157697,0.0,0.0,0.012847260220157697,64988.95960733572
2012-04-03,-0.004456489768542626,0.0,0.0,-0.004456489768542626,64699.3369737774
2012-04-04,-0.015495885585386282,0.0,0.0,-0.015495885585386282,63696.7634505814
2012-04-05,0.0038474352299344705,0.0,0.0,0.0038474352299344705,63941.83262231397
2012-04-09,-0.004529627543606973,0.0,0.0,-0.004529627543606973,63652.199936079225
2012-04-10,-0.0133006605003958,0.0,0.0,-0.0133006605003958,62805.58363462611
2012-04-11,0.0024831744682158874,0.0,0.0,0.0024831744682158874,62961.540856369014
2012-04-12,0.013092667888839449,0.0,0.0,0.013092667888839449,63785.87540057104
2012-04-13,-0.010129211012450678,0.0,0.0,-0.010129211012450678,63139.77480902478
2012-04-16,-0.00988004570051515,0.0,0.0,-0.00988004570051515,62515.95094839137
2012-04-17,0.004632940583017442,0.0,0.0,0.004632940583017442,62805.583634626106
2012-04-18,-0.009577844334379804,0.0,0.0,-0.009577844334379804,62204.04153124378
2012-04-19,0.0003582043337146956,0.0,0.0,0.0003582043337146956,62226.323288494845
2012-04-20,0.003938432886908094,0.0,0.0,0.003938432886908094,62471.39748656563
2012-04-23,-0.001783276257604438,0.0,0.0,-0.001783276257604438,62359.99372664846
2012-04-24,0.0,0.0,0.0,0.0,62359.99372664846
2012-04-25,0.005716372153793392,0.0,0.0,0.005716372153793392,62716.46665829821
2012-04-26,0.002131505455471139,0.0,0.0,0.002131505455471139,62850.14714912824
2012-04-27,0.0031902977584583603,0.0,0.0,0.0031902977584583603,63050.65783269689
2012-04-30,0.0038869411754764993,0.0,0.0,0.0038869411754764993,63295.73203076768
2012-05-01,0.0,0.0,0.0,0.0,63295.73203076768
2012-05-02,-0.01302354073101386,0.0,0.0,-0.01302354073101386,62471.39748656564
2012-05-03,-0.011055685222936651,0.0,0.0,-0.011055685222936651,61780.73338051722
2012-05-04,-0.0176704850545909,0.0,0.0,-0.0176704850545909,60689.03785465513
2012-05-07,-0.0022025466687041195,0.0,0.0,-0.0022025466687041195,60555.367416501496
2012-05-08,-0.0036792356592523223,0.0,0.0,-0.0036792356592523223,60332.569949343575
2012-05-09,-0.007754793791866166,0.0,0.0,-0.007754793791866166,59864.70331045307
2012-05-10,0.00037228587726723106,0.0,0.0,0.00037228587726723106,59886.99009404235
2012-05-11,-0.007440512660227272,0.0,0.0,-0.007440512660227272,59441.40018606472
2012-05-14,-0.01311848442222796,0.0,0.0,-0.01311848442222796,58661.61910368841
2012-05-15,0.001899005436281076,0.0,0.0,0.001899005436281076,58773.01783726736
2012-05-16,-0.001137260734170198,0.0,0.0,-0.001137260734170198,58706.17759185235
2012-05-17,-0.00227711113742457,0.0,0.0,-0.00227711113742457,58572.497101022316
2012-05-18,-0.0007606549836676191,0.0,0.0,-0.0007606549836676191,58527.943639196565
2012-05-21,0.013323055299993225,0.0,0.0,0.013323055299993225,59307.71466889647
2012-05-22,-0.014274892901225078,0.0,0.0,-0.014274892901225078,58461.10339378155
2012-05-23,-0.011051802891818063,0.0,0.0,-0.011051802891818063,57815.002802235285
2012-05-24,0.00038539749495991593,0.0,0.0,0.00038539749495991593,57837.28455948637
2012-05-25,0.0034668066645209272,0.0,0.0,0.0034668066645209272,58037.79524305499
2012-05-29,-0.0042225789368162125,0.0,0.0,-0.0042225789368162125,57792.72607132241
2012-05-30,-0.01850429701639711,0.0,0.0,-0.01850429701639711,56723.31230271138
2012-05-31,-0.008640951134652575,0.0,0.0,-0.008640951134652575,56233.16893290802
2012-06-01,-0.02060235610515515,0.0,0.0,-0.02060235610515515,55074.6331616309
2012-06-04,0.005663577801936492,0.0,0.0,0.005663577801936492,55386.55263145491
2012-06-05,-0.003620295909028459,0.0,0.0,-0.003620295909028459,55186.03692154807
2012-06-06,0.018570825362324905,0.0,0.0,0.018570825362324905,56210.88717565696
2012-06-07,-0.006738012538016647,0.0,0.0,-0.006738012538016647,55832.137513094334
2012-06-08,0.0031924082962464517,0.0,0.0,0.0031924082962464517,56010.37649208831
2012-06-11,-0.018297686446189898,0.0,0.0,-0.018297686446189898,54985.51618530303
2012-06-12,0.00486220640509516,0.0,0.0,0.00486220640509516,55252.86711428667
2012-06-13,-0.007661106475698176,0.0,0.0,-0.007661106475698176,54829.56901623652
2012-06-14,0.011783706799095128,0.0,0.0,0.011783706799095128,55475.66458144461
2012-06-15,-0.0016063250555361508,0.0,0.0,-0.0016063250555361508,55386.55263145491
2012-06-18,0.0008045001186558487,0.0,0.0,0.0008045001186558487,55431.11111961886
2012-06-19,0.008440506232697764,0.0,0.0,0.008440506232697764,55898.97775850936
2012-06-20,-0.01634129298665521,0.0,0.0,-0.01634129298665521,54985.516185303044
2012-06-21,-0.02147488207389825,0.0,0.0,-0.02147488207389825,53804.70870945123
2012-06-22,0.00993791987970738,0.0,0.0,0.00993791987970738,54339.415593756756
2012-06-25,0.01025008475215139,0.0,0.0,0.01025008475215139,54896.39920897514
2012-06-26,0.0068994450338901725,0.0,0.0,0.0068994450338901725,55275.15389787596
2012-06-27,0.005642941203964691,0.0,0.0,0.005642941203964691,55587.06834136178
2012-06-28,-0.010821800357676437,0.0,0.0,-0.010821800357676437,54985.516185303044
2012-06-29,0.043355085132946725,0.0,0.0,0.043355085132946725,57369.41792059588
2012-07-02,-0.0019417790456431883,0.0,0.0,-0.0019417790456431883,57258.019187016915
2012-07-03,0.02801556269941785,0.0,0.0,0.02801556269941785,58862.13481359526
2012-07-05,0.003785072829306513,0.0,0.0,0.003785072829306513,59084.93228075318
2012-07-06,-0.023001574215029907,0.0,0.0,-0.023001574215029907,57725.88582590742
2012-07-09,0.017753738023175147,0.0,0.0,0.017753738023175147,58750.7360800163
2012-07-10,-0.012893443991808806,0.0,0.0,-0.012893443991808806,57993.23675489106
2012-07-11,0.011141051164556437,0.0,0.0,0.011141051164556437,58639.342372775536
2012-07-12,0.0022796207986446326,0.0,0.0,0.0022796207986446326,58773.01783726736
2012-07-13,0.012130410572676498,0.0,0.0,0.012130410572676498,59485.958674228656
2012-07-16,0.012359429988550996,0.0,0.0,0.012359429988550996,60221.171215764625
2012-07-17,0.0011099127443987555,0.0,0.0,0.0011099127443987555,60288.01146117962
2012-07-18,0.008869207514827782,0.0,0.0,0.008869207514827782,60822.71834548514
2012-07-19,0.012087960127598274,0.0,0.0,0.012087960127598274,61557.940939697495
2012-07-20,0.0,0.0,0.0,0.0,61557.940939697495
2012-07-23,-0.020991706182904912,0.0,0.0,-0.020991706182904912,60265.73473026675
2012-07-24,-0.0059151018332962435,0.0,0.0,-0.0059151018332962435,59909.25677227881
2012-07-25,0.007437831118646487,0.0,0.0,0.007437831118646487,60354.85170659465
2012-07-26,0.0018457295549412223,0.0,0.0,0.0018457295549412223,60466.25044017361
2012-07-27,0.01031681028266207,0.0,0.0,0.01031681028266207,61090.069274468806
2012-07-30,0.005835202609578927,0.0,0.0,0.005835202609578927,61446.542206118545
2012-07-31,-0.01196515770420259,0.0,0.0,-0.01196515770420259,60711.324638244405
2012-08-01,0.0014678806113832543,0.0,0.0,0.0014678806113832543,60800.44161457228
2012-08-02,-0.008428066306509163,0.0,0.0,-0.008428066306509163,60288.01146117962
2012-08-03,0.0169994047231965,0.0,0.0,0.0169994047231965,61312.87176796493
2012-08-06,0.005813916312068512,0.0,0.0,0.005813916312068512,61669.33967327647
2012-08-07,0.0075866977231999755,0.0,0.0,0.0075866977231999755,62137.206312166956
2012-08-08,0.0028683934028248537,0.0,0.0,0.0028683934028248537,62315.44026482274
2012-08-09,0.008223084437449124,0.0,0.0,0.008223084437449124,62827.86539187719
2012-08-10,-0.005319155319287505,0.0,0.0,-0.005319155319287505,62493.67421747851
2012-08-13,-0.00784316816508257,0.0,0.0,-0.00784316816508257,62003.525821336945
2012-08-14,0.001077845039509251,0.0,0.0,0.001077845039509251,62070.35601407556
2012-08-15,0.008614610016453916,0.0,0.0,0.008614610016453916,62605.06792471927
2012-08-16,0.003914686662486844,0.0,0.0,0.003914686662486844,62850.14714912826
2012-08-17,0.0014179278867307854,0.0,0.0,0.0014179278867307854,62939.26412545614
2012-08-20,0.004601700765347605,0.0,0.0,0.004601700765347605,63228.89178535267
2012-08-21,0.009161323720455306,0.0,0.0,0.009161323720455306,63808.15213148392
2012-08-22,0.005237436961190056,0.0,0.0,0.005237436961190056,64142.34330588259
2012-08-23,-0.004862690926678237,0.0,0.0,-0.004862690926678237,63830.438915073195
2012-08-24,-0.004537532424304436,0.0,0.0,-0.004537532424304436,63540.80622883847
2012-08-27,-0.004558373683015593,0.0,0.0,-0.004558373683015593,63251.163489927334
2012-08-28,0.000704628000201879,0.0,0.0,0.000704628000201879,63295.73203076768
2012-08-29,0.001759972276247801,0.0,0.0,0.001759972276247801,63407.13076434664
2012-08-30,0.0010540647127719183,0.0,0.0,0.0010540647127719183,63473.965983423455
2012-08-31,0.01052994423940179,0.0,0.0,0.01052994423940179,64142.34330588259
2012-09-04,0.000347301482370721,0.0,0.0,0.000347301482370721,64164.62003679545
2012-09-05,-0.004861002693236971,0.0,0.0,-0.004861002693236971,63852.715645986056
2012-09-06,-0.00034887679697725993,0.0,0.0,-0.00034887679697725993,63830.43891507319
2012-09-07,0.011169213665781719,0.0,0.0,0.011169213665781719,64543.37472569627
2012-09-10,0.0013807300393979816,0.0,0.0,0.0013807300393979816,64632.491702024156
2012-09-11,0.0020682393788578057,0.0,0.0,0.0020682393788578057,64766.167166515974
2012-09-12,0.0051599652877321045,0.0,0.0,0.0051599652877321045,65100.35834091465
2012-09-13,0.006844661371050886,0.0,0.0,0.006844661371050886,65545.94824889228
2012-09-14,0.010537021710138816,0.0,0.0,0.010537021710138816,66236.60732860249
2012-09-17,-0.027581546535659474,0.0,0.0,-0.027581546535659474,64409.69926120444
2012-09-18,-0.007263915904856644,0.0,0.0,-0.007263915904856644,63941.832622313945
2012-09-19,-0.014634132920589016,0.0,0.0,-0.014634132920589016,63006.09934453295
2012-09-20,0.005657672971663974,0.0,0.0,0.005657672971663974,63362.56724984449
2012-09-21,0.0066807291607584585,0.0,0.0,0.0066807291607584585,63785.87540057104
2012-09-24,-0.010478453392099407,0.0,0.0,-0.010478453392099407,63117.4980781119
2012-09-25,0.0010589015900803744,0.0,0.0,0.0010589015900803744,63184.333297188714
2012-09-26,-0.007052062308000151,0.0,0.0,-0.007052062308000151,62738.753441887486
2012-09-27,0.01242893767024511,0.0,0.0,0.01242893767024511,63518.52949792558
2012-09-28,0.005962821645217442,0.0,0.0,0.005962821645217442,63897.27916048819
2012-10-01,0.001394612590089439,0.0,0.0,0.001394612590089439,63986.39111047787
2012-10-02,-0.005222847680558695,0.0,0.0,-0.005222847680558695,63652.19993607919
2012-10-03,-0.017150868322229007,0.0,0.0,-0.017150868322229007,62560.5094365553
2012-10-04,0.021723631101274954,0.0,0.0,0.021723631101274954,63919.550865062854
2012-10-05,-0.005228151906569889,0.0,0.0,-0.005228151906569889,63585.36974334059
2012-10-08,-0.002803144492411147,0.0,0.0,-0.002803144492411147,63407.13076434662
2012-10-09,0.007378690802003263,0.0,0.0,0.007378690802003263,63874.99237689892
2012-10-10,-0.0017438543122683114,0.0,0.0,-0.0017438543122683114,63763.60369599636
2012-10-11,0.011530285286904585,0.0,0.0,0.011530285286904585,64498.81623753232
2012-10-12,-0.013816994914655156,0.0,0.0,-0.013816994914655156,63607.636421577066
2012-10-15,-0.004903568319095553,0.0,0.0,-0.004903568319095553,63295.73203076767
2012-10-16,0.000703973028422844,0.0,0.0,0.000703973028422844,63340.29051893161
2012-10-17,0.00035169922225430916,0.0,0.0,0.00035169922225430916,63362.567249844484
2012-10-18,-0.00035157557339859924,0.0,0.0,-0.00035157557339859924,63340.29051893161
2012-10-19,-0.015124891710841304,0.0,0.0,-0.015124891710841304,62382.27548389954
2012-10-22,-0.004642787677267002,0.0,0.0,-0.004642787677267002,62092.64782400301
2012-10-23,-0.012199501095078169,0.0,0.0,-0.012199501095078169,61335.14849887778
2012-10-24,-0.0029059023580749743,0.0,0.0,-0.0029059023580749743,61156.914546222004
2012-10-25,0.002550115925567642,0.0,0.0,0.002550115925567642,61312.871767964905
2012-10-26,0.002180136638510355,0.0,0.0,0.002180136638510355,61446.54220611854
2012-10-31,-0.0007252403943684982,0.0,0.0,-0.0007252403943684982,61401.97869161639
2012-11-01,0.0018143350147830084,0.0,0.0,0.0018143350147830084,61513.38245153355
2012-11-02,-0.017022832587445413,0.0,0.0,-0.017022832587445413,60466.250440173586
2012-11-05,0.008474564295357645,0.0,0.0,0.008474564295357645,60978.675567228034
2012-11-06,0.01790265919508105,0.0,0.0,0.01790265919508105,62070.356014075536
2012-11-07,-0.018664718442052974,0.0,0.0,-0.018664718442052974,60911.83029547482
2012-11-08,0.0014632137726275918,0.0,0.0,0.0014632137726275918,61000.95732447911
2012-11-09,0.008035011109680967,0.0,0.0,0.008035011109680967,61491.100694282475
2012-11-12,-0.004710156152102463,0.0,0.0,-0.004710156152102463,61201.46800804774
2012-11-13,-0.0018201970835782788,0.0,0.0,-0.0018201970835782788,61090.069274468784
2012-11-14,0.00291756016603939,0.0,0.0,0.00291756016603939,61268.30322712457
2012-11-15,-0.004000016079477198,0.0,0.0,-0.004000016079477198,61023.229029053786
2012-11-16,0.004381216129919485,0.0,0.0,0.004381216129919485,61290.58498437564
2012-11-19,0.01890226280650209,0.0,0.0,0.01890226280650209,62449.115729314566
2012-11-20,-0.006778449074625881,0.0,0.0,-0.006778449074625881,62025.807578587985
2012-11-21,0.004310236546404278,0.0,0.0,0.004310236546404278,62293.15348123346
2012-11-23,0.0035765963786860144,0.0,0.0,0.0035765963786860144,62515.950948391364
2012-11-26,-0.001425507810022042,0.0,0.0,-0.001425507810022042,62426.833972063476
2012-11-27,-0.0014275427834087306,0.0,0.0,-0.0014275427834087306,62337.7169957356
2012-11-28,-0.0032165227286455877,0.0,0.0,-0.0032165227286455877,62137.20631216695
2012-11-29,0.006812393886229229,0.0,0.0,0.006812393886229229,62560.50943655532
2012-11-30,0.0007122462487159087,0.0,0.0,0.0007122462487159087,62605.06792471927
2012-12-03,0.0024910474594841414,0.0,0.0,0.0024910474594841414,62761.020120123976
2012-12-04,-0.008874594259527968,0.0,0.0,-0.008874594259527968,62204.041531243805
2012-12-05,-0.0010744513930539545,0.0,0.0,-0.0010744513930539545,62137.20631216697
2012-12-06,-0.008963850720265065,0.0,0.0,-0.008963850720265065,61580.21767061039
2012-12-07,-0.0010853358692934911,0.0,0.0,-0.0010853358692934911,61513.38245153358
2012-12-10,-0.0021732753401028093,0.0,0.0,-0.0021732753401028093,61379.69693436535
2012-12-11,-0.0018148298672746588,0.0,0.0,-0.0018148298672746588,61268.3032271246
2012-12-12,0.004727366310427028,0.0,0.0,0.004727366310427028,61557.94093969753
2012-12-13,-0.009048119653060072,0.0,0.0,-0.009048119653060072,61000.957324479146
2012-12-14,0.006208748624576543,0.0,0.0,0.006208748624576543,61379.696934365355
2012-12-17,-0.0007257845462348422,0.0,0.0,-0.0007257845462348422,61335.14849887781
2012-12-18,0.002542623588945192,0.0,0.0,0.002542623588945192,61491.10069428252
2012-12-19,0.0036230838603645843,0.0,0.0,0.0036230838603645843,61713.888108764026
2012-12-20,-0.00469290812968548,0.0,0.0,-0.00469290812968548,61424.270501543906
2012-12-21,-0.0018135947349371406,0.0,0.0,-0.0018135947349371406,61312.87176796495
2012-12-24,-0.0032704508933116827,0.0,0.0,-0.0032704508933116827,61112.3510317199
2012-12-26,0.010207819697684473,0.0,0.0,0.010207819697684473,61736.1748923533
2012-12-27,0.0,0.0,0.0,0.0,61736.1748923533
2012-12-28,-0.0028870261717145462,0.0,0.0,-0.0028870261717145462,61557.94093969753
2012-12-31,0.005428806470116232,0.0,0.0,0.005428806470116232,61892.127087757995
2013-01-02,0.0035996895130749884,0.0,0.0,0.0035996895130749884,62114.9195285777
2013-01-03,-0.008249549457767347,0.0,0.0,-0.008249549457767347,61602.49942786147
2013-01-04,-0.004339936390028054,0.0,0.0,-0.004339936390028054,61335.14849887781
2013-01-07,0.0018161479994263097,0.0,0.0,0.0018161479994263097,61446.54220611856
2013-01-08,0.002538095979750299,0.0,0.0,0.002538095979750299,61602.49942786147
2013-01-09,-0.0014466454633427217,0.0,0.0,-0.0014466454633427217,61513.38245153358
2013-01-10,0.003621853195851399,0.0,0.0,0.003621853195851399,61736.1748923533
2013-01-11,-0.004330620673989483,0.0,0.0,-0.004330620673989483,61468.81893703144
2013-01-14,0.006524143895208168,0.0,0.0,0.006524143895208168,61869.850356845134
2013-01-15,-0.004321182731842121,0.0,0.0,-0.004321182731842121,61602.499427861476
2013-01-16,0.0010850248940512675,0.0,0.0,0.0010850248940512675,61669.33967327649
2013-01-17,0.004335151050130381,0.0,0.0,0.004335151050130381,61936.68557592195
2013-01-18,0.006474860837073937,0.0,0.0,0.006474860837073937,62337.716995735645
2013-01-22,0.0028591671502495863,0.0,0.0,0.0028591671502495863,62515.95094839141
2013-01-23,0.001069171057962448,0.0,0.0,0.001069171057962448,62582.79119380643
2013-01-24,-0.0007120729780835111,0.0,0.0,-0.0007120729780835111,62538.227679304284
2013-01-25,-0.0021374196729572192,0.0,0.0,-0.0021374196729572192,62404.55724115066
2013-01-28,-0.0003570533665508968,0.0,0.0,-0.0003570533665508968,62382.27548389958
2013-01-29,0.0057144109480256056,0.0,0.0,0.0057144109480256056,62738.75344188753
2013-01-30,0.011363483416119147,0.0,0.0,0.011363483416119147,63451.68422617241
2013-01-31,-0.0003510817905709729,0.0,0.0,-0.0003510817905709729,63429.40749525954
2013-02-01,0.003863731473277676,0.0,0.0,0.003863731473277676,63674.48169333033
2013-02-04,-0.0034990071569165337,0.0,0.0,-0.0034990071569165337,63451.68422617242
2013-02-05,0.0038624542027192454,0.0,0.0,0.0038624542027192454,63696.76345058142
2013-02-06,-0.0013992395245238098,0.0,0.0,-0.0013992395245238098,63607.63642157712
2013-02-07,-0.003852826256714237,0.0,0.0,-0.003852826256714237,63362.567249844535
2013-02-08,0.0038677279404770726,0.0,0.0,0.0038677279404770726,63607.63642157712
2013-02-11,-0.0035026052429160126,0.0,0.0,-0.0035026052429160126,63384.84398075741
2013-02-12,0.0017574979534977775,0.0,0.0,0.0017574979534977775,63496.24271433637
2013-02-13,0.00035099373815761226,0.0,0.0,0.00035099373815761226,63518.529497925636
2013-02-14,-0.0014030866799111807,0.0,0.0,-0.0014030866799111807,63429.40749525955
2013-02-15,-0.004214936565561267,0.0,0.0,-0.004214936565561267,63162.05656627589
2013-02-19,-0.0038800857887461015,0.0,0.0,-0.0038800857887461015,62916.98236820511
2013-02-20,-0.011331453132780278,0.0,0.0,-0.011331453132780278,62204.04153124383
2013-02-21,-0.011461326618194101,0.0,0.0,-0.011461326618194101,61491.10069428253
2013-02-22,0.0,0.0,0.0,0.0,61491.10069428253
2013-02-25,-0.004710156152102463,0.0,0.0,-0.004710156152102463,61201.4680080478
2013-02-26,-0.0018201970835782788,0.0,0.0,-0.0018201970835782788,61090.06927446884
2013-02-27,-0.006199774214083131,0.0,0.0,-0.006199774214083131,60711.324638244434
2013-02-28,-0.004403724624935101,0.0,0.0,-0.004403724624935101,60443.96868292257
2013-03-01,-0.007003314970053465,0.0,0.0,-0.007003314970053465,60020.660532196016
2013-03-04,-0.003712012916592511,0.0,0.0,-0.003712012916592511,59797.86306503808
2013-03-05,0.009314524182089778,0.0,0.0,0.009314524182089778,60354.85170659467
2013-03-06,-0.005537105385053143,0.0,0.0,-0.005537105385053143,60020.660532196
2013-03-07,0.006681556255092591,0.0,0.0,0.006681556255092591,60421.691952009685
2013-03-08,0.002949833857637252,0.0,0.0,0.002949833857637252,60599.925904665455
2013-03-11,0.000735289482598489,0.0,0.0,0.000735289482598489,60644.4843928294
2013-03-12,0.002204247687653371,0.0,0.0,0.002204247687653371,60778.159857321225
2013-03-13,-0.005131932554059193,0.0,0.0,-0.005131932554059193,60466.25044017362
2013-03-14,0.00736906707555951,0.0,0.0,0.00736906707555951,60911.830295474836
2013-03-15,0.002194738140682162,0.0,0.0,0.002194738140682162,61045.51581264307
2013-03-18,-0.005839543711646633,0.0,0.0,-0.005839543711646633,60689.03785465513
2013-03-19,-0.007342015478451813,0.0,0.0,-0.007342015478451813,60243.4579993539
2013-03-20,0.0070265409464524975,0.0,0.0,0.0070265409464524975,60666.76112374225
2013-03-21,-0.00440687658334582,0.0,0.0,-0.00440687658334582,60399.410194758595
2013-03-22,0.0018443679039208405,0.0,0.0,0.0018443679039208405,60510.80892833756
2013-03-25,0.0007363723763256225,0.0,0.0,0.0007363723763256225,60555.3674165015
2013-03-26,0.009197923140114694,0.0,0.0,0.009197923140114694,61112.35103171989
2013-03-27,0.005104033220094895,0.0,0.0,0.005104033220094895,61424.270501543884
2013-03-28,-0.009430725353609115,0.0,0.0,-0.009430725353609115,60844.99507639803
2013-04-01,0.0,0.0,0.0,0.0,60844.99507639803
2013-04-02,-0.004760090119702909,0.0,0.0,-0.004760090119702909,60555.3674165015
2013-04-03,-0.01692426822213966,0.0,0.0,-0.01692426822213966,59530.512136054414
2013-04-04,-0.001122620826541354,0.0,0.0,-0.001122620826541354,59463.6819433158
2013-04-05,-0.0007495085972449855,0.0,0.0,-0.0007495085972449855,59419.11340247544
2013-04-08,0.0029996909880947165,0.0,0.0,0.0029996909880947165,59597.35238146943
2013-04-09,0.00635514242542734,0.0,0.0,0.00635514242542734,59976.10204403204
2013-04-10,-0.0022288121424376417,0.0,0.0,-0.0022288121424376417,59842.42657954022
2013-04-11,-0.0040953252078616,0.0,0.0,-0.0040953252078616,59597.35238146943
2013-04-12,-0.012336413254874001,0.0,0.0,-0.012336413254874001,58862.134813595265
2013-04-15,-0.029901614236300555,0.0,0.0,-0.029901614236300555,57102.06196527402
2013-04-16,0.010534507558556339,0.0,0.0,0.010534507558556339,57703.60406865636
2013-04-17,-0.014671809761584442,0.0,0.0,-0.014671809761584442,56856.98776720324
2013-04-18,0.010579915099359516,0.0,0.0,0.010579915099359516,57458.529870585575
2013-04-19,-0.002326556059319973,0.0,0.0,-0.002326556059319973,57324.84937975555
2013-04-22,0.0031093671812616464,0.0,0.0,0.0031093671812616464,57503.09338508773
2013-04-23,-0.006199283151615442,0.0,0.0,-0.006199283151615442,57146.61542709979
2013-04-24,0.010916199602917676,0.0,0.0,0.010916199602917676,57770.43928773319
2013-04-25,0.0131123176628547,0.0,0.0,0.0131123176628547,58527.94363919661
2013-04-26,-0.0057098563059142515,0.0,0.0,-0.0057098563059142515,58193.75749113616
2013-04-29,0.013399651262540946,0.0,0.0,0.013399651262540946,58973.53354717426
2013-04-30,-0.007555760714612836,0.0,0.0,-0.007555760714612836,58527.94363919662
2013-05-01,-0.01789114645501877,0.0,0.0,-0.01789114645501877,57480.81162783667
2013-05-02,0.012790660866697001,0.0,0.0,0.012790660866697001,58216.02919571083
2013-05-03,0.01109841441971926,0.0,0.0,0.01109841441971926,58862.1348135953
2013-05-06,0.0011354535354259898,0.0,0.0,0.0011354535354259898,58928.97003267212
2013-05-07,-0.003402667818488303,0.0,0.0,-0.003402667818488303,58728.45432276529
2013-05-08,0.004552409192526863,0.0,0.0,0.004552409192526863,58995.810278087134
2013-05-09,-0.00037759852450314213,0.0,0.0,-0.00037759852450314213,58973.53354717426
2013-05-10,-0.004533490520929995,0.0,0.0,-0.004533490520929995,58706.17759185241
2013-05-13,-0.004554051037735429,0.0,0.0,-0.004554051037735429,58438.82666286875
2013-05-14,-0.003431292989536594,0.0,0.0,-0.003431292989536594,58238.3059266237
2013-05-15,-0.0022952322535281233,0.0,0.0,-0.0022952322535281233,58104.63548847008
2013-05-16,-0.0011503427369110586,0.0,0.0,-0.0011503427369110586,58037.79524305506
2013-05-17,0.004990415039403118,0.0,0.0,0.004990415039403118,58327.4279292898
2013-05-20,0.006493508731805653,0.0,0.0,0.006493508731805653,58706.17759185241
2013-05-21,-0.005692606606447659,0.0,0.0,-0.005692606606447659,58371.986417453736
2013-05-22,-0.004580123881199882,0.0,0.0,-0.004580123881199882,58104.63548847008
2013-05-23,0.004601197937756707,0.0,0.0,0.004601197937756707,58371.986417453736
2013-05-24,-0.0038167699009998834,0.0,0.0,-0.0038167699009998834,58149.19397663403
2013-05-28,0.009195430714316943,0.0,0.0,0.009195430714316943,58683.90086093954
2013-05-29,-0.006454149832308076,0.0,0.0,-0.006454149832308076,58305.14617203872
2013-05-30,0.0,0.0,0.0,0.0,58305.14617203872
2013-05-31,-0.011845507621816576,0.0,0.0,-0.011845507621816576,57614.492118666705
2013-06-03,0.012374244472287854,0.0,0.0,0.012374244472287854,58327.427929289785
2013-06-04,0.003819771847783482,0.0,0.0,0.003819771847783482,58550.225396447706
2013-06-05,-0.004566181038132666,0.0,0.0,-0.004566181038132666,58282.874467464055
2013-06-06,0.0038226055741996667,0.0,0.0,0.0038226055741996667,58505.66690828376
2013-06-07,0.002284829343136785,0.0,0.0,0.002284829343136785,58639.342372775594
2013-06-10,-0.0037995394300254226,0.0,0.0,-0.0037995394300254226,58416.53987927947
2013-06-11,-0.008771746416973092,0.0,0.0,-0.008771746416973092,57904.12480490143
2013-06-12,0.0011543261493067725,0.0,0.0,0.0011543261493067725,57970.96505031646
2013-06-13,0.0065333505470484,0.0,0.0,0.0065333505470484,58349.70968654086
2013-06-14,0.004200006701817749,0.0,0.0,0.004200006701817749,58594.77885827346
2013-06-17,0.0022813545352762254,0.0,0.0,0.0022813545352762254,58728.45432276529
2013-06-18,0.001896758709645896,0.0,0.0,0.001896758709645896,58839.84803000604
2013-06-19,0.0015146538553370004,0.0,0.0,0.0015146538553370004,58928.97003267212
2013-06-20,-0.03251405915164374,0.0,0.0,-0.03251405915164374,57012.95001528438
2013-06-21,-0.0062524905579204315,0.0,0.0,-0.0062524905579204315,56656.47708363463
2013-06-24,-0.004325705321338691,0.0,0.0,-0.004325705321338691,56411.397859225646
2013-06-25,0.0007898844888605261,0.0,0.0,0.0007898844888605261,56455.95634738958
2013-06-26,-0.0027622801765487814,0.0,0.0,-0.0027622801765487814,56300.00917832308
2013-06-27,-0.0003958575480633719,0.0,0.0,-0.0003958575480633719,56277.722394733806
2013-06-28,-0.005146399811013502,0.0,0.0,-0.005146399811013502,55988.09473483728
2013-07-01,0.006366851863772061,0.0,0.0,0.006366851863772061,56344.56264014882
2013-07-02,0.003954107200061285,0.0,0.0,0.003954107200061285,56567.35508096854
2013-07-03,0.009058761058549969,0.0,0.0,0.009058761058549969,57079.78523436119
2013-07-05,-0.0023420816427276447,0.0,0.0,-0.0023420816427276447,56946.099717192956
2013-07-08,0.005086172960243829,0.0,0.0,0.005086172960243829,57235.73742976589
2013-07-09,0.006228153032660444,0.0,0.0,0.006228153032660444,57592.210361415644
2013-07-10,0.003094670706317748,0.0,0.0,0.003094670706317748,57770.4392877332
2013-07-11,0.005013510193200732,0.0,0.0,0.005013510193200732,58060.07197396793
2013-07-12,0.003837447766100066,0.0,0.0,0.003837447766100066,58282.87446746404
2013-07-15,-0.002676039502931049,0.0,0.0,-0.002676039502931049,58126.90719304474
2013-07-16,0.0011500749191661885,0.0,0.0,0.0011500749191661885,58193.757491136166
2013-07-17,-0.0007657782625384302,0.0,0.0,-0.0007657782625384302,58149.193976634015
2013-07-18,0.004214576012339322,0.0,0.0,0.004214576012339322,58394.2681747048
2013-07-19,0.0007630627038708315,0.0,0.0,0.0007630627038708315,58438.82666286875
2013-07-22,-0.0007624808831463437,0.0,0.0,-0.0007624808831463437,58394.26817470481
2013-07-23,0.0015260393318583532,0.0,0.0,0.0015260393318583532,58483.38012469449
2013-07-24,-0.007999907179693677,0.0,0.0,-0.007999907179693677,58015.5185121422
2013-07-25,-0.001152196403092165,0.0,0.0,-0.001152196403092165,57948.673240388984
2013-07-26,-0.006151355312219331,0.0,0.0,-0.006151355312219331,57592.21036141565
2013-07-29,-0.0003869756595453744,0.0,0.0,-0.0003869756595453744,57569.92357782637
2013-07-30,-0.0034828195830307607,0.0,0.0,-0.0034828195830307607,57369.41792059592
2013-07-31,0.006990159246383243,0.0,0.0,0.006990159246383243,57770.4392877332
2013-08-01,0.0023140817140474557,0.0,0.0,0.0023140817140474557,57904.12480490143
2013-08-02,-0.0038477827658532915,0.0,0.0,-0.0038477827658532915,57681.32231140531
2013-08-05,-0.005021168868718173,0.0,0.0,-0.005021168868718173,57391.694651508784
2013-08-06,-0.008152078717891587,0.0,0.0,-0.008152078717891587,56923.83303895649
2013-08-07,-0.006653710206788288,0.0,0.0,-0.006653710206788288,56545.078350055664
2013-08-08,0.005122066647490042,0.0,0.0,0.005122066647490042,56834.7060099522
2013-08-09,0.0070561008927092495,0.0,0.0,0.0070561008927092495,57235.73742976589
2013-08-12,0.012067008080326236,0.0,0.0,0.012067008080326236,57926.4015358143
2013-08-13,-0.0003845695627942014,0.0,0.0,-0.0003845695627942014,57904.124804901425
2013-08-14,0.008079935827174367,0.0,0.0,0.008079935827174367,58371.98641745372
2013-08-15,0.009541967806869778,0.0,0.0,0.009541967806869778,58928.970032672114
2013-08-16,0.0003780268160213929,0.0,0.0,0.0003780268160213929,58951.24676358498
2013-08-19,-0.0011336518972469012,0.0,0.0,-0.0011336518972469012,58884.41657084638
2013-08-20,-0.0018918202822802987,0.0,0.0,-0.0018918202822802987,58773.017837267405
2013-08-21,-0.001137260734170198,0.0,0.0,-0.001137260734170198,58706.17759185239
2013-08-22,0.00037946144386635794,0.0,0.0,0.00037946144386635794,58728.454322765276
2013-08-23,0.00796669469040201,0.0,0.0,0.00796669469040201,59196.32598799397
2013-08-26,0.00564538664322245,0.0,0.0,0.00564538664322245,59530.512136054436
2013-08-27,0.009730478125358433,0.0,0.0,0.009730478125358433,60109.7724821857
2013-08-28,0.0014826541340260402,0.0,0.0,0.0014826541340260402,60198.89448485177
2013-08-29,-0.010362629407624335,0.0,0.0,-0.010362629407624335,59575.07565055657
2013-08-30,-0.0029918380639489817,0.0,0.0,-0.0029918380639489817,59396.8366715626
2013-09-03,0.005251364566947414,0.0,0.0,0.005251364566947414,59708.751115048406
2013-09-04,-0.008582077459082793,0.0,0.0,-0.008582077459082793,59196.32598799397
2013-09-05,-0.0022582565488463713,0.0,0.0,-0.0022582565488463713,59062.64549716393
2013-09-06,0.005658249331461418,0.0,0.0,0.005658249331461418,59396.8366715626
2013-09-09,-0.0063765965291540105,0.0,0.0,-0.0063765965291540105,59018.08700899999
2013-09-10,-0.009060051103045308,0.0,0.0,-0.009060051103045308,58483.38012469447
2013-09-11,0.0015238000289634623,0.0,0.0,0.0015238000289634623,58572.49710102236
2013-09-12,0.004944943905556665,0.0,0.0,0.004944943905556665,58862.134813595294
2013-09-13,-0.003027989950079135,0.0,0.0,-0.003027989950079135,58683.90086093952
2013-09-16,-0.012528608524044693,0.0,0.0,-0.012528608524044693,57948.67324038896
2013-09-17,-0.010380515090462117,0.0,0.0,-0.010380515090462117,57347.13616334485
2013-09-18,0.021755972109485544,0.0,0.0,0.021755972109485544,58594.77885827344
2013-09-19,-0.00380225755879382,0.0,0.0,-0.00380225755879382,58371.98641745372
2013-09-20,-0.009160247762399654,0.0,0.0,-0.009160247762399654,57837.28455948643
2013-09-23,-0.007319036159614045,0.0,0.0,-0.007319036159614045,57413.97138242166
2013-09-24,-0.00038800191619714486,0.0,0.0,-0.00038800191619714486,57391.6946515088
2013-09-25,0.0015527852395544883,0.0,0.0,0.0015527852395544883,57480.81162783668
2013-09-26,0.007751976622435874,0.0,0.0,0.007751976622435874,57926.40153581431
2013-09-27,-0.005000011714099917,0.0,0.0,-0.005000011714099917,57636.76884957958
2013-09-30,-0.004252046097698137,0.0,0.0,-0.004252046097698137,57391.6946515088
2013-10-01,-0.006599293478336987,0.0,0.0,-0.006599293478336987,57012.95001528438
2013-10-02,0.00976924650263955,0.0,0.0,0.00976924650263955,57569.92357782637
2013-10-03,-0.0015478907118786633,0.0,0.0,-0.0015478907118786633,57480.81162783668
2013-10-04,0.003100755671470834,0.0,0.0,0.003100755671470834,57659.04558049244
2013-10-07,0.006955134089336568,0.0,0.0,0.006955134089336568,58060.07197396793
2013-10-08,0.0034535904467487555,0.0,0.0,0.0034535904467487555,58260.58768387478
2013-10-09,-0.0072656857957769105,0.0,0.0,-0.0072656857957769105,57837.284559486434
2013-10-10,0.012711740309657271,0.0,0.0,0.012711740309657271,58572.49710102238
2013-10-11,-0.00532518558342554,0.0,0.0,-0.00532518558342554,58260.587683874786
2013-10-14,-0.0003824499226128264,0.0,0.0,-0.0003824499226128264,58238.30592662371
2013-10-15,-0.0034429346866867716,0.0,0.0,-0.0034429346866867716,58037.795243055065
2013-10-16,0.007677494980182775,0.0,0.0,0.007677494980182775,58483.38012469449
2013-10-17,-0.005333214156643673,0.0,0.0,-0.005333214156643673,58171.475733885105
2013-10-18,0.0057449320338285315,0.0,0.0,0.0057449320338285315,58505.66690828378
2013-10-21,-0.0022849152551255303,0.0,0.0,-0.0022849152551255303,58371.98641745375
2013-10-22,-0.001145074024670012,0.0,0.0,-0.001145074024670012,58305.14617203874
2013-10-23,-0.015284667788800332,0.0,0.0,-0.015284667788800332,57413.97138242168
2013-10-24,0.00038808946175583614,0.0,0.0,0.00038808946175583614,57436.25313967274
2013-10-25,0.0031032487192459435,0.0,0.0,0.0031032487192459435,57614.49211866671
2013-10-28,0.0038669513975901904,0.0,0.0,0.0038669513975901904,57837.28455948645
2013-10-29,-0.0026965693370459842,0.0,0.0,-0.0026965693370459842,57681.32231140534
2013-10-30,0.003090064025087935,0.0,0.0,0.003090064025087935,57859.56129039931
2013-10-31,-0.008471259699729172,0.0,0.0,-0.008471259699729172,57369.417920595944
2013-11-01,-0.012427193142312554,0.0,0.0,-0.012427193142312554,56656.47708363465
2013-11-04,-0.004325705321338691,0.0,0.0,-0.004325705321338691,56411.39785922567
2013-11-05,-0.0027646402617445,0.0,0.0,-0.0027646402617445,56255.44063748277
2013-11-06,0.0007922529862942618,0.0,0.0,0.0007922529862942618,56300.00917832312
2013-11-07,-0.007123114643613482,0.0,0.0,-0.007123114643613482,55898.97775850943
2013-11-08,0.005579876943279549,0.0,0.0,0.005579876943279549,56210.88717565703
2013-11-11,0.00435981682635167,0.0,0.0,0.00435981682635167,56455.95634738961
2013-11-12,-0.0067086745266325964,0.0,0.0,-0.0067086745266325964,56077.2117111652
2013-11-13,0.004370299281873713,0.0,0.0,0.004370299281873713,56322.28590923598
2013-11-14,0.004351193631016992,0.0,0.0,0.004351193631016992,56567.35508096856
2013-11-15,-0.0015753246702472357,0.0,0.0,-0.0015753246702472357,56478.24313097888
2013-11-18,-0.006706205219989547,0.0,0.0,-0.006706205219989547,56099.48844207807
2013-11-19,-0.0015884627910948135,0.0,0.0,-0.0015884627910948135,56010.37649208838
2013-11-20,0.0007954501400653236,0.0,0.0,0.0007954501400653236,56054.92995391412
2013-11-21,0.012718521122214055,0.0,0.0,0.012718521122214055,56767.86576453721
2013-11-22,0.0031396979656599378,0.0,0.0,0.0031396979656599378,56946.09971719298
2013-11-25,-0.001173657535963546,0.0,0.0,-0.001173657535963546,56879.264498116165
2013-11-26,-0.000391649419334672,0.0,0.0,-0.000391649419334672,56856.987767203296
2013-11-27,0.0,0.0,0.0,0.0,56856.987767203296
2013-11-29,-0.00039189127187500006,0.0,0.0,-0.00039189127187500006,56834.70600995222
2013-12-02,-0.0011760462947290051,0.0,0.0,-0.0011760462947290051,56767.86576453721
2013-12-03,0.0058870664985550825,0.0,0.0,0.0058870664985550825,57102.061965274086
2013-12-04,0.0019507825708378057,0.0,0.0,0.0019507825708378057,57213.45567251484
2013-12-05,-0.0011682609384338072,0.0,0.0,-0.0011682609384338072,57146.61542709983
2013-12-06,0.0035088821052027264,0.0,0.0,0.0035088821052027264,57347.13616334489
2013-12-09,-0.0034966129027594883,0.0,0.0,-0.0034966129027594883,57146.61542709983
2013-12-10,0.0031188890422240156,0.0,0.0,0.0031188890422240156,57324.84937975561
2013-12-11,0.0,0.0,0.0,0.0,57324.84937975561
2013-12-12,-0.009327487772134324,0.0,0.0,-0.009327487772134324,56790.15254812649
2013-12-13,-0.0039231707815735595,0.0,0.0,-0.0039231707815735595,56567.35508096858
2013-12-16,0.003150827052116112,0.0,0.0,0.003150827052116112,56745.58903362435
2013-12-17,-0.004711307208160931,0.0,0.0,-0.004711307208160931,56478.24313097889
2013-12-18,0.0019723295390479123,0.0,0.0,0.0019723295390479123,56589.636838219645
2013-12-19,0.0023621898276884323,0.0,0.0,0.0023621898276884323,56723.31230271147
2013-12-20,0.007855498733918775,0.0,0.0,0.007855498733918775,57168.9022106891
2013-12-23,0.0,0.0,0.0,0.0,57168.9022106891
2013-12-24,0.0031176731713147277,0.0,0.0,0.0031176731713147277,57347.13616334488
2013-12-26,0.001553991747278216,0.0,0.0,0.001553991747278216,57436.25313967276
2013-12-27,0.002715309812491684,0.0,0.0,0.002715309812491684,57592.210361415666
2013-12-30,-0.0058027148515656934,0.0,0.0,-0.0058027148515656934,57258.01918701699
2013-12-31,-0.0015564103961893672,0.0,0.0,-0.0015564103961893672,57168.9022106891
2014-01-02,-0.014419370298597634,0.0,0.0,-0.014419370298597634,56344.562640148855
2014-01-03,-0.006326571520097968,0.0,0.0,-0.006326571520097968,55988.094734837316
2014-01-06,0.0011937398368948582,0.0,0.0,0.0011937398368948582,56054.929953914136
2014-01-07,-0.0007948179020537127,0.0,0.0,-0.0007948179020537127,56010.3764920884
2014-01-08,-0.009546658032538624,0.0,0.0,-0.009546658032538624,55475.6645814447
2014-01-09,-0.008032078299580636,0.0,0.0,-0.008032078299580636,55030.079699805254
2014-01-10,0.006477783306772178,0.0,0.0,0.006477783306772178,55386.552631455
2014-01-13,-0.0004023861845593446,0.0,0.0,-0.0004023861845593446,55364.26584786573
2014-01-14,0.0,0.0,0.0,0.0,55364.26584786573
2014-01-15,0.002817020070484899,0.0,0.0,0.002817020070484899,55520.22809594683
2014-01-16,-0.0016051262645009334,0.0,0.0,-0.0016051262645009334,55431.111119618945
2014-01-17,0.0012057347891256676,0.0,0.0,0.0012057347891256676,55497.94633869576
2014-01-21,0.0024087466230586774,0.0,0.0,0.0024087466230586774,55631.62682952578
2014-01-22,0.004805736309004827,0.0,0.0,0.004805736309004827,55898.97775850944
2014-01-23,-0.0007972151958601792,0.0,0.0,-0.0007972151958601792,55854.4142440073
2014-01-24,0.0003989256275023223,0.0,0.0,0.0003989256275023223,55876.696001258366
2014-01-27,-0.006778311705367912,0.0,0.0,-0.006778311705367912,55497.94633869575
2014-01-28,0.0048174026781140356,0.0,0.0,0.0048174026781140356,55765.3022940176
2014-01-29,-0.0007991262069588778,0.0,0.0,-0.0007991262069588778,55720.738779515465
2014-01-30,-0.003998375572536905,0.0,0.0,-0.003998375572536905,55497.94633869575
2014-01-31,-0.0012042827435257974,0.0,0.0,-0.0012042827435257974,55431.11111961894
2014-02-03,0.0,0.0,0.0,0.0,55431.11111961894
2014-02-04,0.0076365621370080294,0.0,0.0,0.0076365621370080294,55854.4142440073
2014-02-05,0.001994448157531359,0.0,0.0,0.001994448157531359,55965.81297758625
2014-02-06,0.003980866692831597,0.0,0.0,0.003980866692831597,56188.60541840597
2014-02-07,0.011498783191629558,0.0,0.0,0.011498783191629558,56834.70600995224
2014-02-10,-0.005488009687126372,0.0,0.0,-0.005488009687126372,56522.79659280465
2014-02-11,0.005124263660545747,0.0,0.0,0.005124263660545747,56812.43430537758
2014-02-12,0.0019608160597408553,0.0,0.0,0.0019608160597408553,56923.83303895654
2014-02-13,0.005479328677602258,0.0,0.0,0.005479328677602258,57235.73742976593
2014-02-14,0.0035033305922351765,0.0,0.0,0.0035033305922351765,57436.253139672765
2014-02-18,0.014352164341177254,0.0,0.0,0.014352164341177254,58260.58768387481
2014-02-19,0.002676804364743157,0.0,0.0,0.002676804364743157,58416.5398792795
2014-02-20,0.0019070585171148124,0.0,0.0,0.0019070585171148124,58527.94363919667
2014-02-21,-0.002664662587572031,0.0,0.0,-0.002664662587572031,58371.98641745377
2014-02-24,0.0041984899454698965,0.0,0.0,0.0041984899454698965,58617.060615524555
2014-02-25,-0.004560974674885809,0.0,0.0,-0.004560974674885809,58349.7096865409
2014-02-26,-0.0026727158754085156,0.0,0.0,-0.0026727158754085156,58193.7574911362
2014-02-27,-0.0030628539327628435,0.0,0.0,-0.0030628539327628435,58015.518512142226
2014-02-28,0.003456156020163359,0.0,0.0,0.003456156020163359,58216.02919571087
2014-03-03,0.013777267607737675,0.0,0.0,0.013777267607737675,59018.08700900005
2014-03-04,-0.0037749006410109365,0.0,0.0,-0.0037749006410109365,58795.29959451853
2014-03-05,-0.008336608978270599,0.0,0.0,-0.008336608978270599,58305.14617203876
2014-03-06,0.009170748948807761,0.0,0.0,0.009170748948807761,58839.84803000607
2014-03-07,-0.004543705293856615,0.0,0.0,-0.004543705293856615,58572.49710102241
2014-03-10,-0.008368062959989486,0.0,0.0,-0.008368062959989486,58082.35875755726
2014-03-11,0.00038353695320547665,0.0,0.0,0.00038353695320547665,58104.63548847012
2014-03-12,-0.0026841618877732065,0.0,0.0,-0.0026841618877732065,57948.67324038901
2014-03-13,-0.004613581537485811,0.0,0.0,-0.004613581537485811,57681.32231140536
2014-03-14,0.005407546689062848,0.0,0.0,0.005407546689062848,57993.236754891164
2014-03-17,-0.011140964493446148,0.0,0.0,-0.011140964493446148,57347.136163344905
2014-03-18,0.005050517002448851,0.0,0.0,0.005050517002448851,57636.768849579625
2014-03-19,-0.00038650207771029343,0.0,0.0,-0.00038650207771029343,57614.49211866675
2014-03-20,-0.004640428917974004,0.0,0.0,-0.004640428917974004,57347.136163344905
2014-03-21,0.000776995873638997,0.0,0.0,0.000776995873638997,57391.69465150884
2014-03-24,-0.00038815252011881185,0.0,0.0,-0.00038815252011881185,57369.417920595966
2014-03-25,0.006601943618930184,0.0,0.0,0.006601943618930184,57748.16758315858
2014-03-26,-0.0007716870745374527,0.0,0.0,-0.0007716870745374527,57703.60406865643
2014-03-27,0.008880296739260052,0.0,0.0,0.008880296739260052,58216.02919571087
2014-03-28,0.0003826563099653679,0.0,0.0,0.0003826563099653679,58238.30592662373
2014-03-31,-0.0007649335738519891,0.0,0.0,-0.0007649335738519891,58193.7574911362
2014-04-01,-0.012251242986124122,0.0,0.0,-0.012251242986124122,57480.811627836716
2014-04-02,-0.00232556675360307,0.0,0.0,-0.00232556675360307,57347.13616334489
2014-04-03,0.008158500497005505,0.0,0.0,0.008158500497005505,57815.00280223538
2014-04-04,0.004624335248004652,0.0,0.0,0.004624335248004652,58082.35875755725
2014-04-07,-0.0023016544098399816,0.0,0.0,-0.0023016544098399816,57948.67324038901
2014-04-08,0.01153412731923753,0.0,0.0,0.01153412731923753,58617.060615524555
2014-04-09,0.002660611434712301,0.0,0.0,0.002660611434712301,58773.01783726744
2014-04-10,0.00037911541845225827,0.0,0.0,0.00037911541845225827,58795.29959451851
2014-04-11,-0.004547233489168079,0.0,0.0,-0.004547233489168079,58527.943639196645
2014-04-14,0.00913583879289459,0.0,0.0,0.00913583879289459,59062.64549716397
2014-04-15,0.0007544275707407344,0.0,0.0,0.0007544275707407344,59107.20398532791
2014-04-16,0.001884689615949675,0.0,0.0,0.001884689615949675,59218.602718906885
2014-04-17,0.0022574070425902537,0.0,0.0,0.0022574070425902537,59352.2832097369
2014-04-21,-0.0033784839504228392,0.0,0.0,-0.0033784839504228392,59151.76247349185
2014-04-22,-0.00037660299509845174,0.0,0.0,-0.00037660299509845174,59129.48574257898
2014-04-23,-0.0007534897566960908,0.0,0.0,-0.0007534897566960908,59084.932280753244
2014-04-24,0.006033144010688218,0.0,0.0,0.006033144010688218,59441.400186064784
2014-04-25,-0.004122954662973077,0.0,0.0,-0.004122954662973077,59196.325987994
2014-04-28,-0.0033872999136383974,0.0,0.0,-0.0033872999136383974,58995.810278087156
2014-04-29,0.002643445266190758,0.0,0.0,0.002643445266190758,59151.76247349185
2014-04-30,-0.005273121720178353,0.0,0.0,-0.005273121720178353,58839.84803000605
2014-05-01,-0.007572756732376229,0.0,0.0,-0.007572756732376229,58394.26817470482
2014-05-02,0.00267076250148901,0.0,0.0,0.00267076250148901,58550.22539644772
2014-05-05,-0.002283262212280812,0.0,0.0,-0.002283262212280812,58416.53987927948
2014-05-06,0.0007628578240723716,0.0,0.0,0.0007628578240723716,58461.10339378163
2014-05-07,0.0026677091722406843,0.0,0.0,0.0026677091722406843,58617.06061552453
2014-05-08,-0.0030406497832572432,0.0,0.0,-0.0030406497832572432,58438.826662868756
2014-05-09,-0.004956168745577472,0.0,0.0,-0.004956168745577472,58149.19397663403
2014-05-12,0.002298922507571577,0.0,0.0,0.002298922507571577,58282.87446746406
2014-05-13,0.004587126689039822,0.0,0.0,0.004587126689039822,58550.22539644773
2014-05-14,0.004566095191525399,0.0,0.0,0.004566095191525399,58817.57129909317
2014-05-15,-0.0060605682526208016,0.0,0.0,-0.0060605682526208016,58461.10339378163
2014-05-16,0.001143328495953666,0.0,0.0,0.001143328495953666,58527.94363919663
2014-05-19,-0.0007614057786969886,0.0,0.0,-0.0007614057786969886,58483.38012469449
2014-05-20,0.001904793008568495,0.0,0.0,0.001904793008568495,58594.778858273465
2014-05-21,0.0019011716700629844,0.0,0.0,0.0019011716700629844,58706.17759185243
2014-05-22,0.0007590085062891827,0.0,0.0,0.0007590085062891827,58750.736080016366
2014-05-23,0.002275384101536382,0.0,0.0,0.002275384101536382,58884.416570846384
2014-05-27,-0.008323906810757897,0.0,0.0,-0.008323906810757897,58394.26817470481
2014-05-28,0.000381402238110784,0.0,0.0,0.000381402238110784,58416.53987927948
2014-05-29,0.00038151495510230227,0.0,0.0,0.00038151495510230227,58438.826662868756
2014-05-30,-0.007624894841715801,0.0,0.0,-0.007624894841715801,57993.23675489113
2014-06-02,-0.001152465749744147,0.0,0.0,-0.001152465749744147,57926.40153581432
2014-06-03,-0.000769399438920626,0.0,0.0,-0.000769399438920626,57881.83299497397
2014-06-04,-0.0026942334234653087,0.0,0.0,-0.0026942334234653087,57725.88582590748
2014-06-05,0.0011578903373885563,0.0,0.0,0.0011578903373885563,57792.72607132249
2014-06-06,0.004240484718269544,0.0,0.0,0.004240484718269544,58037.795243055065
2014-06-09,0.004222752145953024,0.0,0.0,0.004222752145953024,58282.87446746406
2014-06-10,-0.002676039502931049,0.0,0.0,-0.002676039502931049,58126.90719304475
2014-06-11,-0.0026827875464007223,0.0,0.0,-0.0026827875464007223,57970.96505031646
2014-06-12,0.014219783015282816,0.0,0.0,0.014219783015282816,58795.2995945185
2014-06-13,0.0,0.0,0.0,0.0,58795.2995945185
2014-06-16,0.003031432000261347,0.0,0.0,0.003031432000261347,58973.53354717429
2014-06-17,0.0011333087074281156,0.0,0.0,0.0011333087074281156,59040.36876625111
2014-06-18,0.004150959812616817,0.0,0.0,0.004150959812616817,59285.44296432189
2014-06-19,0.009770701156434969,0.0,0.0,0.009770701156434969,59864.70331045315
2014-06-20,0.0018608416549106277,0.0,0.0,0.0018608416549106277,59976.10204403211
2014-06-23,-0.0037146869040630692,0.0,0.0,-0.0037146869040630692,59753.30960321239
2014-06-24,0.0014914149010267774,0.0,0.0,0.0014914149010267774,59842.42657954029
2014-06-25,0.0014891938950607475,0.0,0.0,0.0014891938950607475,59931.543555868164
2014-06-26,-0.004089151675263136,0.0,0.0,-0.004089151675263136,59686.47438413558
2014-06-27,-0.0018663982875249951,0.0,0.0,-0.0018663982875249951,59575.07565055662
2014-06-30,-0.005983591758081164,0.0,0.0,-0.005983591758081164,59218.602718906885
2014-07-01,-0.0030097628865342063,0.0,0.0,-0.0030097628865342063,59040.36876625111
2014-07-02,-0.0018868231331684582,0.0,0.0,-0.0018868231331684582,58928.97003267214
2014-07-03,-0.0018903899646844913,0.0,0.0,-0.0018903899646844913,58817.571299093186
2014-07-07,-0.00795445310336218,0.0,0.0,-0.00795445310336218,58349.70968654088
2014-07-08,-0.0026727158754085156,0.0,0.0,-0.0026727158754085156,58193.75749113619
2014-07-09,-0.006891313383136866,0.0,0.0,-0.006891313383136866,57792.7260713225
2014-07-10,0.0015418363124368728,0.0,0.0,0.0015418363124368728,57881.83299497398
2014-07-11,-0.0088527789785533,0.0,0.0,-0.0088527789785533,57369.417920595944
2014-07-14,0.0038834704777392925,0.0,0.0,0.0038834704777392925,57592.210361415666
2014-07-15,-0.009284361217428705,0.0,0.0,-0.009284361217428705,57057.50347711014
2014-07-16,0.0015617919565202865,0.0,0.0,0.0015617919565202865,57146.61542709982
2014-07-17,0.0023392547368017436,0.0,0.0,0.0023392547368017436,57280.295917929856
2014-07-18,-0.0066121277859158,0.0,0.0,-0.0066121277859158,56901.55128170543
2014-07-21,0.004698482255080849,0.0,0.0,0.004698482255080849,57168.9022106891
2014-07-22,-0.004286756650134893,0.0,0.0,-0.004286756650134893,56923.833038956516
2014-07-23,0.002739664338801129,0.0,0.0,0.002739664338801129,57079.78523436121
2014-07-24,-0.0011709087341936764,0.0,0.0,-0.0011709087341936764,57012.950015284405
2014-07-25,0.0039076633365189295,0.0,0.0,0.0039076633365189295,57235.73742976592
2014-07-28,-0.0019462264704364074,0.0,0.0,-0.0019462264704364074,57124.34372252516
2014-07-29,-0.003120281017108484,0.0,0.0,-0.003120281017108484,56946.099717192985
2014-07-30,-0.004303440386811852,0.0,0.0,-0.004303440386811852,56701.03557179861
2014-07-31,-0.005108155603369413,0.0,0.0,-0.005108155603369413,56411.397859225675
2014-08-01,-0.007898844888605372,0.0,0.0,-0.007898844888605372,55965.81297758625
2014-08-04,0.007563691621813584,0.0,0.0,0.007563691621813584,56389.1211283128
2014-08-05,-0.0047410009405700615,0.0,0.0,-0.0047410009405700615,56121.78025200555
2014-08-06,0.006351596071484167,0.0,0.0,0.006351596071484167,56478.24313097889
2014-08-07,0.0019723295390479123,0.0,0.0,0.0019723295390479123,56589.636838219645
2014-08-08,-0.004724379655376976,0.0,0.0,-0.004724379655376976,56322.285909235994
2014-08-11,0.0015821792129191437,0.0,0.0,0.0015821792129191437,56411.397859225675
2014-08-12,-0.00631907591088432,0.0,0.0,-0.00631907591088432,56054.929953914136
2014-08-13,-0.0007948179020537127,0.0,0.0,-0.0007948179020537127,56010.3764920884
2014-08-14,-0.011933277670967968,0.0,0.0,-0.011933277670967968,55341.98911695285
2014-08-15,0.004025739666655204,0.0,0.0,0.004025739666655204,55564.78155777257
2014-08-18,-0.00842020117372444,0.0,0.0,-0.00842020117372444,55096.91491888207
2014-08-19,0.0020218688059570056,0.0,0.0,0.0020218688059570056,55208.31365246103
2014-08-20,0.0028247954897959726,0.0,0.0,0.0028247954897959726,55364.26584786575
2014-08-21,0.0024145626927909447,0.0,0.0,0.0024145626927909447,55497.94633869576
2014-08-22,-0.0016056801353665495,0.0,0.0,-0.0016056801353665495,55408.83438870608
2014-08-25,0.0016082624905000564,0.0,0.0,0.0016082624905000564,55497.94633869576
2014-08-26,0.00040148795984440433,0.0,0.0,0.00040148795984440433,55520.22809594683
2014-08-27,0.00160494520118859,0.0,0.0,0.00160494520118859,55609.335019598315
2014-08-28,0.0008014578995529931,0.0,0.0,0.0008014578995529931,55653.903560438666
2014-08-29,0.002001633784016299,0.0,0.0,0.002001633784016299,55765.30229401762
2014-09-02,-0.014382829584578705,0.0,0.0,-0.014382829584578705,54963.239454390256
2014-09-03,0.0040535723397963075,0.0,0.0,0.0040535723397963075,55186.03692154818
2014-09-04,-0.004037207228245854,0.0,0.0,-0.004037207228245854,54963.239454390256
2014-09-05,-0.0016214838053721925,0.0,0.0,-0.0016214838053721925,54874.11745172417
2014-09-08,-0.0048720770629041565,0.0,0.0,-0.0048720770629041565,54606.766522740516
2014-09-09,-0.008159884021953001,0.0,0.0,-0.008159884021953001,54161.18164110109
2014-09-10,-0.006992916785571124,0.0,0.0,-0.006992916785571124,53782.43700487666
2014-09-11,-0.004971064351316112,0.0,0.0,-0.004971064351316112,53515.081049554814
2014-09-12,-0.007910072122185086,0.0,0.0,-0.007910072122185086,53091.77289882826
2014-09-15,0.0012590514142483133,0.0,0.0,0.0012590514142483133,53158.61817058148
2014-09-16,0.009220298802582683,0.0,0.0,0.009220298802582683,53648.75651404665
2014-09-17,-0.004152704162363574,0.0,0.0,-0.004152704162363574,53425.96909956514
2014-09-18,-0.009591499945950765,0.0,0.0,-0.009591499945950765,52913.5339198343
2014-09-19,-0.0029473025869142244,0.0,0.0,-0.0029473025869142244,52757.581724429605
2014-09-22,-0.00844598811039321,0.0,0.0,-0.00844598811039321,52311.99181645198
2014-09-23,0.0,0.0,0.0,0.0,52311.99181645198
2014-09-24,0.0042590132667792435,0.0,0.0,0.0042590132667792435,52534.7892836099
2014-09-25,-0.0021203798237278138,0.0,0.0,-0.0021203798237278138,52423.395576369134
2014-09-26,-0.0017001384214887505,0.0,0.0,-0.0017001384214887505,52334.268547364845
2014-09-29,0.005960042093709594,0.0,0.0,0.005960042093709594,52646.18299085064
2014-09-30,-0.017350859928950246,0.0,0.0,-0.017350859928950246,51732.726443982516
2014-10-01,-0.0034452843472067007,0.0,0.0,-0.0034452843472067007,51554.49249132673
2014-10-02,-0.0038892960415108924,0.0,0.0,-0.0038892960415108924,51353.98180775811
2014-10-03,-0.00954450616850755,0.0,0.0,-0.00954450616850755,50863.833411616535
2014-10-06,0.012702652838920692,0.0,0.0,0.012702652838920692,51509.939029500994
2014-10-07,-0.003892757663564783,0.0,0.0,-0.003892757663564783,51309.42331959415
2014-10-08,-0.003907970445465203,0.0,0.0,-0.003907970445465203,51108.90760968732
2014-10-09,-0.011769711096899282,0.0,0.0,-0.011769711096899282,50507.37053264318
2014-10-10,-0.0035290691923266504,0.0,0.0,-0.0035290691923266504,50329.12652731101
2014-10-13,0.0,0.0,0.0,0.0,50329.12652731101
2014-10-14,-0.015050913405265876,0.0,0.0,-0.015050913405265876,49571.62720218578
2014-10-15,-0.012584292585132162,0.0,0.0,-0.012584292585132162,48947.803341552375
2014-10-16,0.010013695460884486,0.0,0.0,0.010013695460884486,49437.95173769395
2014-10-17,0.0036054083769063716,0.0,0.0,0.0036054083769063716,49616.19574302612
2014-10-20,-0.007184709602369166,0.0,0.0,-0.007184709602369166,49259.71778503817
2014-10-21,0.008141163568247123,0.0,0.0,0.008141163568247123,49660.749204851854
2014-10-22,-0.011215771492306792,0.0,0.0,-0.011215771492306792,49103.76558963348
2014-10-23,0.011796555983790702,0.0,0.0,0.011796555983790702,49683.02090942653
2014-10-24,-0.0062778869943920235,0.0,0.0,-0.0062778869943920235,49371.11651861713
2014-10-27,-0.0027075641370478687,0.0,0.0,-0.0027075641370478687,49237.44105412532
2014-10-28,0.008144744830151485,0.0,0.0,0.008144744830151485,49638.467447600786
2014-10-29,0.011669585624147993,0.0,0.0,0.011669585624147993,50217.72779373205
2014-10-30,-0.008429356384404008,0.0,0.0,-0.008429356384404008,49794.42466934369
2014-10-31,-0.0013422229400302799,0.0,0.0,-0.0013422229400302799,49727.58945026688
2014-11-03,-0.008960617494304213,0.0,0.0,-0.008960617494304213,49281.999542289246
2014-11-04,-0.01446665861614882,0.0,0.0,-0.01446665861614882,48569.053678989745
2014-11-05,0.0027523799766324686,0.0,0.0,0.0027523799766324686,48702.734169819785
2014-11-06,0.000914804119013013,0.0,0.0,0.000914804119013013,48747.28763164553
2014-11-07,0.004570458747191308,0.0,0.0,0.004570458747191308,48970.085098803436
2014-11-10,-0.009554131628452756,0.0,0.0,-0.009554131628452756,48502.21845991293
2014-11-11,0.005052741493363655,0.0,0.0,0.005052741493363655,48747.28763164552
2014-11-12,-0.003199197390901909,0.0,0.0,-0.003199197390901909,48591.33543624082
2014-11-13,-0.018340199577071004,0.0,0.0,-0.018340199577071004,47700.16064662376
2014-11-14,0.010742734331418147,0.0,0.0,0.010742734331418147,48212.590800016405
2014-11-17,-0.004159094811494346,0.0,0.0,-0.004159094811494346,48012.07006377135
2014-11-18,-0.005104219523733855,0.0,0.0,-0.005104219523733855,47767.00591837698
2014-11-19,-0.005130721921900894,0.0,0.0,-0.005130721921900894,47521.926693967995
2014-11-20,0.008438871226670752,0.0,0.0,0.008438871226670752,47922.95811378168
2014-11-21,0.010692580777246885,0.0,0.0,0.010692580777246885,48435.37821449791
2014-11-24,-0.008739647884071666,0.0,0.0,-0.008739647884071666,48012.07006377136
2014-11-25,-0.004640342324831903,0.0,0.0,-0.004640342324831903,47789.277622951646
2014-11-26,-0.0023310403320567774,0.0,0.0,-0.0023310403320567774,47677.87888937269
2014-11-28,-0.04579442395316946,0.0,0.0,-0.04579442395316946,45494.497890324885
2014-12-01,0.020568164228892405,0.0,0.0,0.020568164228892405,46430.236194444085
2014-12-02,-0.021113219451212806,0.0,0.0,-0.021113219451212806,45449.94442849915
2014-12-03,-0.005882426451421896,0.0,0.0,-0.005882426451421896,45182.58847317729
2014-12-04,-0.0029585614505283075,0.0,0.0,-0.0029585614505283075,45048.91300868546
2014-12-05,-0.0024727279705789584,0.0,0.0,-0.0024727279705789584,44937.51930144471
2014-12-08,-0.0173524499829929,0.0,0.0,-0.0173524499829929,44157.74324540661
2014-12-09,0.007063527123978286,0.0,0.0,0.007063527123978286,44469.65266255421
2014-12-10,-0.015531020333149237,0.0,0.0,-0.015531020333149237,43778.99358284399
2014-12-11,-0.009160591408552854,0.0,0.0,-0.009160591408552854,43377.9521103539
2014-12-12,-0.008217836811264756,0.0,0.0,-0.008217836811264756,43021.479178704154
2014-12-15,-0.016053703093358296,0.0,0.0,-0.016053703093358296,42330.825125332136
2014-12-16,-0.005789378567674586,0.0,0.0,-0.005789378567674586,42085.75595359956
2014-12-17,0.005823090643845674,0.0,0.0,0.005823090643845674,42330.825125332136
2014-12-18,-0.003157519020276167,0.0,0.0,-0.003157519020276167,42197.16473985492
2014-12-19,0.014783191843920518,0.0,0.0,0.014783191843920518,42820.97352147371
2014-12-22,-0.018210084422250694,0.0,0.0,-0.018210084422250694,42041.19997860471
2014-12-23,0.010068828619851145,0.0,0.0,0.010068828619851145,42464.50561616217
2014-12-24,-0.01311639200710002,0.0,0.0,-0.01311639200710002,41907.52451411289
2014-12-26,-0.0010633774010473385,0.0,0.0,-0.0010633774010473385,41862.96099961075
2014-12-29,-0.009579443754829331,0.0,0.0,-0.009579443754829331,41461.93711930436
2014-12-30,-0.0010747448003893822,0.0,0.0,-0.0010747448003893822,41417.37611797132
2014-12-31,-0.007530883082964235,0.0,0.0,-0.007530883082964235,41105.466700823716
2015-01-02,-0.011924165700611167,0.0,0.0,-0.011924165700611167,40615.31830468214
2015-01-05,-0.014262177017915323,0.0,0.0,-0.014262177017915323,40036.05544538178
2015-01-06,-0.009460277030748476,0.0,0.0,-0.009460277030748476,39657.30326965007
2015-01-07,-0.006179736509951739,0.0,0.0,-0.006179736509951739,39412.231584748384
2015-01-08,0.0039570128942951754,0.0,0.0,0.0039570128942951754,39568.18629332218
2015-01-09,-0.0016892420825035392,0.0,0.0,-0.0016892420825035392,39501.34604790716
2015-01-12,-0.02199660600125608,0.0,0.0,-0.02199660600125608,38632.45050237207
2015-01-13,-0.004036883670224811,0.0,0.0,-0.004036883670224811,38476.495793798276
2015-01-14,0.01100166813074721,0.0,0.0,0.01100166813074721,38899.801431355736
2015-01-15,-0.01374574842622478,0.0,0.0,-0.01374574842622478,38365.09454705022
2015-01-16,0.019163841582892305,0.0,0.0,0.019163841582892305,39100.317141262574
2015-01-20,-0.013675256964635674,0.0,0.0,-0.013675256964635674,38565.610256957065
2015-01-21,0.006354799252675347,0.0,0.0,0.006354799252675347,38810.68696819694
2015-01-22,-0.0011481631688085026,0.0,0.0,-0.0011481631688085026,38766.1259668639
2015-01-23,-0.006321734906966414,0.0,0.0,-0.006321734906966414,38521.05679513132
2015-01-26,-0.003470257276997346,0.0,0.0,-0.003470257276997346,38387.37881747039
2015-01-27,0.00522334917739653,0.0,0.0,0.00522334917739653,38587.88950103903
2015-01-28,-0.014434090831380697,0.0,0.0,-0.014434090831380697,38030.90839898975
2015-01-29,-0.004686489147637807,0.0,0.0,-0.004686489147637807,37852.67695950307
2015-01-30,0.024131688449355426,0.0,0.0,0.024131688449355426,38766.125966863896
2015-02-02,0.013793147263736483,0.0,0.0,0.013793147263736483,39300.83285116941
2015-02-03,0.02777779554082449,0.0,0.0,0.02777779554082449,40392.52335069331
2015-02-04,-0.02206292721672387,0.0,0.0,-0.02206292721672387,39501.346047907144
2015-02-05,0.013536485486497662,0.0,0.0,0.013536485486497662,40036.05544538176
2015-02-06,0.002782209177787598,0.0,0.0,0.002782209177787598,40147.44412628431
2015-02-09,0.009989152934854806,0.0,0.0,0.009989152934854806,40548.4830856053
2015-02-10,-0.01263740592075202,0.0,0.0,-0.01263740592075202,40036.05544538176
2015-02-11,-0.007790838533314637,0.0,0.0,-0.007790838533314637,39724.141001895965
2015-02-12,0.01514304907241959,0.0,0.0,0.01514304907241959,40325.68561844739
2015-02-13,0.011049716526200681,0.0,0.0,0.011049716526200681,40771.27301325592
2015-02-17,0.0005464446517213783,0.0,0.0,0.0005464446517213783,40793.55225733789
2015-02-18,-0.01201515507995754,0.0,0.0,-0.01201515507995754,40303.41140070362
2015-02-19,-0.0033168529954190618,0.0,0.0,-0.0033168529954190618,40169.73090987359
2015-02-20,-0.003882456222891073,0.0,0.0,-0.003882456222891073,40013.77368813069
2015-02-23,-0.006681472511625652,0.0,0.0,-0.006681472511625652,39746.42275914704
2015-02-24,0.0005605345723054267,0.0,0.0,0.0005605345723054267,39768.70200322901
2015-02-25,0.015126018026273114,0.0,0.0,0.015126018026273114,40370.24410661133
2015-02-26,-0.008278093646078233,0.0,0.0,-0.008278093646078233,40036.05544538176
2015-02-27,0.01112958998289204,0.0,0.0,0.01112958998289204,40481.640327021196
2015-03-02,-0.014309273404459977,0.0,0.0,-0.014309273404459977,39902.377467720835
2015-03-03,0.006141655563298931,0.0,0.0,0.006141655563298931,40147.44412628432
2015-03-04,-0.008878906239240925,0.0,0.0,-0.008878906239240925,39790.97873414187
2015-03-05,-0.003919222074871498,0.0,0.0,-0.003919222074871498,39635.029051906284
2015-03-06,-0.012366609058587219,0.0,0.0,-0.012366609058587219,39144.87814259561
2015-03-09,-0.0028456777112698672,0.0,0.0,-0.0028456777112698672,39033.484435354854
2015-03-10,-0.01312789897279587,0.0,0.0,-0.01312789897279587,38521.05679513131
2015-03-11,0.005205157570466357,0.0,0.0,0.005205157570466357,38721.56496553086
2015-03-12,-0.004602833756234492,0.0,0.0,-0.004602833756234492,38543.33603921329
2015-03-13,-0.02023115111895779,0.0,0.0,-0.02023115111895779,37763.5599831752
2015-03-16,-0.001180000014641136,0.0,0.0,-0.001180000014641136,37718.998981842145
2015-03-17,-0.0070880312142287405,0.0,0.0,-0.0070880312142287405,37451.64553968939
2015-03-18,0.02736462548815921,0.0,0.0,0.02736462548815921,38476.495793798276
2015-03-19,-0.016792150412499707,0.0,0.0,-0.016792150412499707,37830.3926890829
2015-03-20,0.013545395746616729,0.0,0.0,0.013545395746616729,38342.82032930645
2015-03-23,0.011621142914934657,0.0,0.0,0.011621142914934657,38788.40772411498
2015-03-24,-0.008041369796233822,0.0,0.0,-0.008041369796233822,38476.49579379828
2015-03-25,0.00289511050688529,0.0,0.0,0.00289511050688529,38587.88950103903
2015-03-26,0.01212476655524286,0.0,0.0,0.01212476655524286,39055.758653098645
2015-03-27,-0.019965712686936365,0.0,0.0,-0.019965712686936365,38275.982597060545
2015-03-30,0.005238616571874299,0.0,0.0,0.005238616571874299,38476.49579379828
2015-03-31,-0.011580768612518666,0.0,0.0,-0.011580768612518666,38030.908398989755
2015-04-01,0.01816040151592757,0.0,0.0,0.01816040151592757,38721.564965530866
2015-04-02,-0.0051782042016645935,0.0,0.0,-0.0051782042016645935,38521.05679513133
2015-04-06,0.012724167946595033,0.0,0.0,0.012724167946595033,39011.20519127291
2015-04-07,0.005139822842835429,0.0,0.0,0.005139822842835429,39211.71587484155
2015-04-08,-0.0193181245721038,0.0,0.0,-0.0193181245721038,38454.21906288542
2015-04-09,0.0,0.0,0.0,0.0,38454.21906288542
2015-04-10,0.01042880156161452,0.0,0.0,0.01042880156161452,38855.25048269911
2015-04-13,-0.004587320631028735,0.0,0.0,-0.004587320631028735,38677.00899053604
2015-04-14,0.004608461119800955,0.0,0.0,0.004608461119800955,38855.25048269911
2015-04-15,0.020068808192458043,0.0,0.0,0.020068808192458043,39635.02905190632
2015-04-16,0.010679962178528735,0.0,0.0,0.010679962178528735,40058.329663125565
2015-04-17,-0.00222468028690459,0.0,0.0,-0.00222468028690459,39969.212686797684
2015-04-20,-0.004459281048451835,0.0,0.0,-0.004459281048451835,39790.97873414191
2015-04-21,-0.007278853032740784,0.0,0.0,-0.007278853032740784,39501.34604790718
2015-04-22,0.003384264521948399,0.0,0.0,0.003384264521948399,39635.02905190632
2015-04-23,0.012366482243032273,0.0,0.0,0.012366482243032273,40125.174934878785
2015-04-24,-0.0005552435377074172,0.0,0.0,-0.0005552435377074172,40102.89569079682
2015-04-27,0.0,0.0,0.0,0.0,40102.89569079682
2015-04-28,0.0016665933450823456,0.0,0.0,0.0016665933450823456,40169.73090987364
2015-04-29,0.006655469423342275,0.0,0.0,0.006655469423342275,40437.07932568819
2015-04-30,0.0077135749833359135,0.0,0.0,0.0077135749833359135,40748.99376917398
2015-05-01,-0.0010934251590903887,0.0,0.0,-0.0010934251590903887,40704.43779417915
2015-05-04,-0.0005474653779240501,0.0,0.0,-0.0005474653779240501,40682.15352375898
2015-05-05,0.00821487273801269,0.0,0.0,0.00821487273801269,41016.352237664956
2015-05-06,0.0,0.0,0.0,0.0,41016.352237664956
2015-05-07,-0.01575245227341948,0.0,0.0,-0.01575245227341948,40370.244106611375
2015-05-08,0.005518666844378517,0.0,0.0,0.005518666844378517,40593.034034262
2015-05-11,-0.0043907521794340765,0.0,0.0,-0.0043907521794340765,40414.80008160622
2015-05-12,0.0104740874598368,0.0,0.0,0.0104740874598368,40838.10823233279
2015-05-13,0.001091285311692225,0.0,0.0,0.001091285311692225,40882.67426000403
2015-05-14,0.005994450611865432,0.0,0.0,0.005994450611865432,41127.743431736606
2015-05-15,-0.0005416472933859051,0.0,0.0,-0.0005416472933859051,41105.46670082374
2015-05-18,-0.0027101932871358425,0.0,0.0,-0.0027101932871358425,40994.06294090658
2015-05-19,-0.0211954596274172,0.0,0.0,-0.0211954596274172,40125.1749348788
2015-05-20,-0.0022210367840544976,0.0,0.0,-0.0022210367840544976,40036.05544538181
2015-05-21,0.012242674526471431,0.0,0.0,0.012242674526471431,40526.20384152339
2015-05-22,-0.010995168037184255,0.0,0.0,-0.010995168037184255,40080.611420376656
2015-05-26,-0.01945525633400813,0.0,0.0,-0.01945525633400813,39300.832851169456
2015-05-27,-0.0136054848081828,0.0,0.0,-0.0136054848081828,38766.12596686393
2015-05-28,0.00517244643115089,0.0,0.0,0.00517244643115089,38966.641676770785
2015-05-29,0.012578602155100649,0.0,0.0,0.012578602155100649,39456.78755974325
2015-06-01,-0.0022586605501536683,0.0,0.0,-0.0022586605501536683,39367.66807024626
2015-06-02,0.011884604168699076,0.0,0.0,0.011884604168699076,39835.53722230587
2015-06-03,-0.012863517421512705,0.0,0.0,-0.012863517421512705,39323.112095251425
2015-06-04,-0.009065162940745108,0.0,0.0,-0.009065162940745108,38966.641676770785
2015-06-05,0.004574078189836017,0.0,0.0,0.004574078189836017,39144.878142595655
2015-06-08,0.0005690841808656533,0.0,0.0,0.0005690841808656533,39167.154873508516
2015-06-09,0.015927219187813257,0.0,0.0,0.015927219187813257,39790.97873414192
2015-06-10,0.0039194115526766105,0.0,0.0,0.0039194115526766105,39946.93595588482
2015-06-11,-0.008923535604963728,0.0,0.0,-0.008923535604963728,39590.46805057328
2015-06-12,-0.010129430804715622,0.0,0.0,-0.010129430804715622,39189.43914392869
2015-06-15,-0.0045480097839925016,0.0,0.0,-0.0045480097839925016,39011.20519127293
2015-06-16,0.0028553640813067105,0.0,0.0,0.0028553640813067105,39122.59638534458
2015-06-17,0.002847555382568867,0.0,0.0,0.002847555382568867,39234.000145261736
2015-06-18,0.0,0.0,0.0,0.0,39234.000145261736
2015-06-19,-0.009085944758834397,0.0,0.0,-0.009085944758834397,38877.52218727378
2015-06-22,0.0034385680073742986,0.0,0.0,0.0034385680073742986,39011.20519127293
2015-06-23,0.01199300586224794,0.0,0.0,0.01199300586224794,39479.066803825226
2015-06-24,-0.006771966782096017,0.0,0.0,-0.006771966782096017,39211.71587484157
2015-06-25,0.0011363564988118302,0.0,0.0,0.0011363564988118302,39256.274363005505
2015-06-26,0.004540394672856163,0.0,0.0,0.004540394672856163,39434.513341999475
2015-06-29,-0.004519872667076652,0.0,0.0,-0.004519872667076652,39256.274363005505
2015-06-30,0.021566522588530646,0.0,0.0,0.021566522588530646,40102.89569079682
