date,gross_return,turnover,transaction_cost,net_return,equity_curve
2008-07-01,0.0,0.0,0.0,0.0,100000.0
2008-07-02,-0.028506808176145926,1.0,0.0005,-0.029006808176145926,97099.31918238541
2008-07-03,-0.0028572505487092226,0.0,0.0,-0.0028572505487092226,96821.88209937225
2008-07-07,-0.003562315712628883,0.0,0.0,-0.003562315712628883,96476.97198744335
2008-07-08,0.012279458749793637,0.0,0.0,0.012279458749793637,97661.65698526816
2008-07-09,-0.020191795213447494,0.0,0.0,-0.020191795213447494,95689.69280721566
2008-07-10,0.01810019066114754,0.0,0.0,0.01810019066114754,97421.6944913329
2008-07-11,-0.006695588581691725,0.0,0.0,-0.006695588581691725,96769.39890608768
2008-07-14,-0.0012398676474580927,0.0,0.0,-0.0012398676474580927,96649.41765912005
2008-07-15,-0.016679502779604283,0.0,0.0,-0.016679502779604283,95037.35342862763
2008-07-16,0.028875459674054138,0.0,0.0,0.028875459674054138,97781.6006950848
2008-07-17,0.004677991182356012,0.0,0.0,0.004677991182356012,98239.02216093305
2008-07-18,-0.00862514803994996,0.0,0.0,-0.00862514803994996,97391.69605149508
2008-07-21,0.012395446363066442,0.0,0.0,0.012395446363066442,98598.90959610946
2008-07-22,0.0006082405490484,0.0,0.0,0.0006082405490484,98658.88145101776
2008-07-23,0.0014441529308111267,0.0,0.0,0.0014441529308111267,98801.3599638158
2008-07-24,-0.036958387778760926,0.0,0.0,-0.036958387778760926,95149.82098920416
2008-07-25,0.006856049587794288,0.0,0.0,0.006856049587794288,95802.1728801759
2008-07-28,-0.01690557093410483,0.0,0.0,-0.01690557093410483,94182.5824509087
2008-07-29,0.05540995299747942,0.0,0.0,0.05540995299747942,99401.23491769478
2008-07-30,-0.010410010235732736,0.0,0.0,-0.010410010235732736,98366.4670447571
2008-07-31,-0.022410335190520825,0.0,0.0,-0.022410335190520825,96162.04154677677
2008-08-01,-0.006783491108634632,0.0,0.0,-0.006783491108634632,95509.72719295607
2008-08-04,-0.030616846162875522,0.0,0.0,-0.030616846162875522,92585.52056843111
2008-08-05,0.012876458998439144,0.0,0.0,0.012876458998439144,93777.69422787966
2008-08-06,0.019908761959390286,0.0,0.0,0.019908761959390286,95644.692019363
2008-08-07,-0.034336658053159996,0.0,0.0,-0.034336658053159996,92360.57293489434
2008-08-08,0.0024355374418836284,0.0,0.0,0.0024355374418836284,92585.5205684311
2008-08-11,-0.010447379563325199,0.0,0.0,-0.010447379563325199,91618.24449298464
2008-08-12,-0.008347348350165817,0.0,0.0,-0.008347348350165817,90853.47509097104
2008-08-13,-0.0002479657136615909,0.0,0.0,-0.0002479657136615909,90830.94654418147
2008-08-14,0.013125330266731572,0.0,0.0,0.013125330266731572,92023.13271601369
2008-08-15,-0.01564368631208546,0.0,0.0,-0.01564368631208546,90583.55169434896
2008-08-18,-0.01688601386391786,0.0,0.0,-0.01688601386391786,89053.95658459526
2008-08-19,-0.008335715451390668,0.0,0.0,-0.008335715451390668,88311.62814268557
2008-08-20,0.025471249534920748,0.0,0.0,0.025471249534920748,90561.03565994305
2008-08-21,-0.0014901807718944449,0.0,0.0,-0.0014901807718944449,90426.08334591975
2008-08-22,-0.0007463753266083728,0.0,0.0,-0.0007463753266083728,90358.59154842852
2008-08-25,-0.020662233351284254,0.0,0.0,-0.020662233351284254,88491.58124456152
2008-08-26,0.001779331251979599,0.0,0.0,0.001779331251979599,88649.03708060706
2008-08-27,0.021314473703524905,0.0,0.0,0.021314473703524905,90538.54465030445
2008-08-28,0.006956203880228218,0.0,0.0,0.006956203880228218,91168.34922591112
2008-08-29,-0.011842581015102494,0.0,0.0,-0.011842581015102494,90088.6806641901
2008-09-02,-0.030212522664183727,0.0,0.0,-0.030212522664183727,87366.87435783684
2008-09-03,-0.016477495485992866,0.0,0.0,-0.016477495485992866,85927.28707998029
2008-09-04,-0.046073687932929874,0.0,0.0,-0.046073687932929874,81968.30007013399
2008-09-05,0.01427016806966419,0.0,0.0,0.01427016806966419,83138.00148851947
2008-09-08,0.0124458618329637,0.0,0.0,0.0124458618329637,84172.72556811431
2008-09-09,-0.05611965001244579,0.0,0.0,-0.05611965001244579,79448.9816686381
2008-09-10,0.016138268257605004,0.0,0.0,0.016138268257605004,80731.15064760012
2008-09-11,-0.014767440058275572,0.0,0.0,-0.014767440058275572,79538.95821957607
2008-09-12,0.033370778686635516,0.0,0.0,0.033370778686635516,82193.2351912871
2008-09-15,-0.07854404759603173,0.0,0.0,-0.07854404759603173,75737.44581435081
2008-09-16,0.008613251051255766,0.0,0.0,0.008613251051255766,76389.7914491307
2008-09-17,-0.07096575260006532,0.0,0.0,-0.07096575260006532,70968.73240798111
2008-09-18,0.08431058875633735,0.0,0.0,0.08431058875633735,76952.14802058895
2008-09-19,0.12452506707637423,0.0,0.0,0.12452506707637423,86534.61941452387
2008-09-22,-0.06524571286125713,0.0,0.0,-0.06524571286125713,80888.6064836457
2008-09-23,-0.03114583790947867,0.0,0.0,-0.03114583790947867,78369.26305738246
2008-09-24,0.011481261742943394,0.0,0.0,0.011481261742943394,79269.04107914586
2008-09-25,0.05136208580344226,0.0,0.0,0.05136208580344226,83340.46436860954
2008-09-26,-0.034008000884599876,0.0,0.0,-0.034008000884599876,80506.2217826389
2008-09-29,-0.11679244266915301,0.0,0.0,-0.11679244266915301,71103.70349057992
2008-09-30,0.08098689233302703,0.0,0.0,0.08098689233302703,76862.171469651
2008-10-01,0.011998997865499073,0.0,0.0,0.011998997865499073,77784.44050105297
2008-10-02,-0.08762302652263176,0.0,0.0,-0.08762302652263176,70968.73240798114
2008-10-03,-0.026307417144528333,0.0,0.0,-0.026307417144528333,69101.72836030598
2008-10-06,-0.07519537209105687,0.0,0.0,-0.07519537209105687,63905.59818411763
2008-10-07,-0.0777895668000943,0.0,0.0,-0.0777895668000943,58934.40938527422
2008-10-08,0.0,0.0,0.0,0.0,58934.40938527422
2008-10-09,-0.073664358393418,0.0,0.0,-0.073664358393418,54593.04393061296
2008-10-10,0.011537039655787673,0.0,0.0,0.011537039655787673,55222.8860433706
2008-10-13,0.2276988669996558,0.0,0.0,0.2276988669996558,67797.0746278972
2008-10-14,-0.04976793878928787,0.0,0.0,-0.04976793878928787,64422.95396772322
2008-10-15,-0.16166182939480966,0.0,0.0,-0.16166182939480966,54008.22137428347
2008-10-16,0.04914637410988809,0.0,0.0,0.04914637410988809,56662.52962695366
2008-10-17,-0.03136215042632062,0.0,0.0,-0.03136215042632062,54885.47084925729
2008-10-20,0.07008174185659066,0.0,0.0,0.07008174185659066,58731.940248992374
2008-10-21,-0.07966245588694276,0.0,0.0,-0.07966245588694276,54053.20964975246
2008-10-22,-0.10528516702750967,0.0,0.0,-0.10528516702750967,48362.20844340528
2008-10-23,0.027906761643637035,0.0,0.0,0.027906761643637035,49711.84106699528
2008-10-24,-0.10316721353356362,0.0,0.0,-0.10316721353356362,44583.208944490005
2008-10-27,-0.026236226370560334,0.0,0.0,-0.026236226370560334,43413.51378229637
2008-10-28,0.2093268941515969,0.0,0.0,0.2093268941515969,52501.129786552025
2008-10-29,-0.03170563832815754,0.0,0.0,-0.03170563832815754,50836.54795371994
2008-10-30,0.1349555535933551,0.0,0.0,0.1349555535933551,57697.22242558937
2008-10-31,-0.008576708562037738,0.0,0.0,-0.008576708562037738,57202.370164006024
2008-11-03,-0.009044416137200084,0.0,0.0,-0.009044416137200084,56685.008124208594
2008-11-04,0.09126975236255785,0.0,0.0,0.09126975236255785,61858.63477837469
2008-11-05,-0.12727282473194168,0.0,0.0,-0.12727282473194168,53985.71159606942
2008-11-06,-0.05041646555605317,0.0,0.0,-0.05041646555605317,51263.94282686717
2008-11-07,0.08117583928852334,0.0,0.0,0.08117583928852334,55425.33641107698
2008-11-10,0.009334396023513047,0.0,0.0,0.009334396023513047,55942.69845087442
2008-11-11,-0.062324053092085996,0.0,0.0,-0.062324053092085996,52456.12274250756
2008-11-12,-0.07418488472955354,0.0,0.0,-0.07418488472955354,48564.67132349532
2008-11-13,0.1384895661369554,0.0,0.0,0.1384895661369554,55290.37158467003
2008-11-14,-0.09601300292474158,0.0,0.0,-0.09601300292474158,49981.776976001056
2008-11-17,-0.0166514804824206,0.0,0.0,-0.0166514804824206,49149.506392208474
2008-11-18,-0.014645363917996423,0.0,0.0,-0.014645363917996423,48429.69398470469
2008-11-19,-0.08639128225227422,0.0,0.0,-0.08639128225227422,44245.7906222808
2008-11-20,-0.07168270100900409,0.0,0.0,-0.07168270100900409,41074.13284219685
2008-11-21,0.14403078157059857,0.0,0.0,0.14403078157059857,46990.07229779305
2008-11-24,0.06079467360442958,0.0,0.0,0.06079467360442958,49846.818405785925
2008-11-25,-0.01895307839031779,0.0,0.0,-0.01895307839031779,48902.06774903313
2008-11-26,0.07635685498031308,0.0,0.0,0.07635685498031308,52636.0758443835
2008-11-28,-0.01923054751583686,0.0,0.0,-0.01923054751583686,51623.855286810896
2008-12-01,-0.0962965310419428,0.0,0.0,-0.0962965310419428,46652.65710367975
2008-12-02,0.06316261652164123,0.0,0.0,0.06316261652164123,49599.360994035094
2008-12-03,0.008163552583938083,0.0,0.0,0.008163552583938083,50004.26798563963
2008-12-04,-0.042734650820751674,0.0,0.0,-0.042734650820751674,47867.35305372602
2008-12-05,0.05920995493972758,0.0,0.0,0.05920995493972758,50701.57687112118
2008-12-08,0.06388674991502885,0.0,0.0,0.06388674991502885,53940.73583298411
2008-12-09,-0.013761810517681772,0.0,0.0,-0.013761810517681772,53198.41364726625
2008-12-10,0.05961975801927766,0.0,0.0,0.05961975801927766,56370.0901959257
2008-12-11,-0.02553880630674621,0.0,0.0,-0.02553880630674621,54930.46538091815
2008-12-12,0.013922841637798555,0.0,0.0,0.013922841637798555,55695.25355150725
2008-12-15,-0.01332761054549092,0.0,0.0,-0.01332761054549092,54952.96890294039
2008-12-16,0.07981945799373458,0.0,0.0,0.07981945799373458,59339.285095919644
2008-12-17,-0.017436788137425774,0.0,0.0,-0.017436788137425774,58304.59855347579
2008-12-18,-0.02199119416561157,0.0,0.0,-0.02199119416561157,57022.41080593827
2008-12-19,0.003550474647366242,0.0,0.0,0.003550474647366242,57224.86742983646
2008-12-22,-0.037343074174609914,0.0,0.0,-0.037343074174609914,55087.91496077186
2008-12-23,-0.008281449115610795,0.0,0.0,-0.008281449115610795,54631.70719613913
2008-12-24,0.007098145279740287,0.0,0.0,0.007098145279740287,55019.49099069755
2008-12-26,-0.0033165400824114455,0.0,0.0,-0.0033165400824114455,54837.01664351302
2008-12-29,-0.0016638451045088987,0.0,0.0,-0.0016638451045088987,54745.77634182485
2008-12-30,0.02666634669061918,0.0,0.0,0.02666634669061918,56205.64619360304
2008-12-31,0.013392693657827248,0.0,0.0,0.013392693657827248,56958.39119491419
2009-01-02,0.04765768964919204,0.0,0.0,0.04765768964919204,59672.89652539869
2009-01-05,0.012997192136808833,0.0,0.0,0.012997192136808833,60448.4766268992
2009-01-06,0.02264125791849958,0.0,0.0,0.02264125791849958,61817.106176989226
2009-01-07,-0.05756461829371029,0.0,0.0,-0.05756461829371029,58258.62805588907
2009-01-08,-0.004307273665440481,0.0,0.0,-0.004307273665440481,58007.69220147924
2009-01-09,-0.021627807026389556,0.0,0.0,-0.021627807026389556,56753.11302849944
2009-01-12,-0.04220267163871594,0.0,0.0,-0.04220267163871594,54357.980034882756
2009-01-13,0.0029372738218016448,0.0,0.0,0.0029372738218016448,54517.64430664524
2009-01-14,-0.048535319978104674,0.0,0.0,-0.048535319978104674,51871.61299576972
2009-01-15,0.01143368835846581,0.0,0.0,0.01143368835846581,52464.696853414294
2009-01-16,0.01086954771937454,0.0,0.0,0.01086954771937454,53034.964379445
2009-01-20,-0.07440850724697179,0.0,0.0,-0.07440850724697179,49088.71184807418
2009-01-21,0.054368230711061116,0.0,0.0,0.054368230711061116,51757.57825913907
2009-01-22,-0.03305481138590738,0.0,0.0,-0.03305481138590738,50046.741271991894
2009-01-23,0.012761962277019423,0.0,0.0,0.012761962277019423,50685.4358961928
2009-01-26,0.011701452921250022,0.0,0.0,0.011701452921250022,51278.52913812514
2009-01-27,0.01779350790455525,0.0,0.0,0.01779350790455525,52190.95405167834
2009-01-28,0.05069964019463247,0.0,0.0,0.05069964019463247,54837.01664351302
2009-01-29,-0.05074915812335523,0.0,0.0,-0.05074915812335523,52054.08421485832
2009-01-30,-0.007449211790692245,0.0,0.0,-0.007449211790692245,51666.32231697132
2009-02-02,-0.01015459354865278,0.0,0.0,-0.01015459354865278,51141.67181368878
2009-02-03,0.029884022019998957,0.0,0.0,0.029884022019998957,52669.99066030862
2009-02-04,0.007362281202509813,0.0,0.0,0.007362281202509813,53057.761942483376
2009-02-05,0.02106678112073812,0.0,0.0,0.02106678112073812,54175.5182000819
2009-02-06,0.05010494827417378,0.0,0.0,0.05010494827417378,56889.97973722356
2009-02-09,-0.0052129085440981715,0.0,0.0,-0.0052129085440981715,56593.41747577782
2009-02-10,-0.060459308743050055,0.0,0.0,-0.060459308743050055,53171.818575785444
2009-02-11,0.030030340963147717,0.0,0.0,0.030030340963147717,54768.58641724691
2009-02-12,-0.006247557629101452,0.0,0.0,-0.006247557629101452,54426.41651734074
2009-02-13,0.005029192119920811,0.0,0.0,0.005029192119920811,54700.13742240527
2009-02-17,-0.0638029315960913,0.0,0.0,-0.0638029315960913,51210.10829614675
2009-02-18,-0.007127169138433365,0.0,0.0,-0.007127169138433365,50845.12519272262
2009-02-19,-0.00942111634574816,0.0,0.0,-0.00942111634574816,50366.107352667845
2009-02-20,-0.025362204302374125,0.0,0.0,-0.025362204302374125,49088.71184807417
2009-02-23,-0.024628236531549663,0.0,0.0,-0.024628236531549663,47879.74344165072
2009-02-24,0.05478763917259455,0.0,0.0,0.05478763917259455,50502.96154900827
2009-02-25,-0.017163506143374918,0.0,0.0,-0.017163506143374918,49636.15365820324
2009-02-26,-0.008731366173197141,0.0,0.0,-0.008731366173197141,49202.762225184386
2009-02-27,-0.015762556772230485,0.0,0.0,-0.015762556772230485,48427.20089225936
2009-03-02,-0.06076343258318195,0.0,0.0,-0.06076343258318195,45484.59793565035
2009-03-03,0.014042479209686709,0.0,0.0,0.014042479209686709,46123.314456522676
2009-03-04,0.07022728541274703,0.0,0.0,0.07022728541274703,49362.42962504278
2009-03-05,-0.041127493798614245,0.0,0.0,-0.041127493798614245,47332.276606754305
2009-03-06,0.016867378152546797,0.0,0.0,0.016867378152546797,48130.648015101375
2009-03-09,-0.019431173847520467,0.0,0.0,-0.019431173847520467,47195.41302612612
2009-03-10,0.08119894602085109,0.0,0.0,0.08119894602085109,51027.63082086631
2009-03-11,0.0,0.0,0.0,0.0,51027.63082086631
2009-03-12,0.038444140481874056,0.0,0.0,0.038444140481874056,52989.3442286009
2009-03-13,0.005596167323738355,0.0,0.0,0.005596167323738355,53285.881465279315
2009-03-16,0.0008562569630317096,0.0,0.0,0.0008562569630317096,53331.50787231524
2009-03-17,0.02181335045085997,0.0,0.0,0.02181335045085997,54494.84674360685
2009-03-18,0.020928883218112926,0.0,0.0,0.020928883218112926,55635.36302709275
2009-03-19,-0.006559765780321469,0.0,0.0,-0.006559765780321469,55270.40807653187
2009-03-20,-0.01361965283202371,0.0,0.0,-0.01361965283202371,54517.64430664523
2009-03-23,0.0924690648241544,0.0,0.0,0.0924690648241544,59558.83989209661
2009-03-24,-0.0310229545577968,0.0,0.0,-0.0310229545577968,57711.148708609
2009-03-25,0.015020198609269064,0.0,0.0,0.015020198609269064,58577.98162418136
2009-03-26,0.027258199412786288,0.0,0.0,0.027258199412786288,60174.71192849183
2009-03-27,-0.02956731481505548,0.0,0.0,-0.02956731481505548,58395.50727699684
2009-03-30,-0.05156259340816627,0.0,0.0,-0.05156259340816627,55384.48347840944
2009-03-31,0.021828026938983003,0.0,0.0,0.021828026938983003,56593.41747577782
2009-04-01,0.03305123764852591,0.0,0.0,0.03305123764852591,58463.89996611199
2009-04-02,0.05423379817540264,0.0,0.0,0.05423379817540264,61634.619317421035
2009-04-03,0.01221322565193561,0.0,0.0,0.01221322565193561,62387.37683111585
2009-04-06,-0.012431783432598431,0.0,0.0,-0.012431783432598431,61611.79047342351
2009-04-07,-0.022954103977100404,0.0,0.0,-0.022954103977100404,60197.54702868122
2009-04-08,0.014778309252422073,0.0,0.0,0.014778309252422073,61087.16499490829
2009-04-09,0.043689069324464924,0.0,0.0,0.043689069324464924,63756.006381205865
2009-04-13,0.006082211863271514,0.0,0.0,0.006082211863271514,64143.78391957245
2009-04-14,-0.016002675549271816,0.0,0.0,-0.016002675549271816,63117.311757004936
2009-04-15,0.014456066271673285,0.0,0.0,0.014456066271673285,64029.73979865406
2009-04-16,0.008549805322503934,0.0,0.0,0.008549805322503934,64577.18160878314
2009-04-17,-0.007064341318157141,0.0,0.0,-0.007064341318157141,64120.986356534086
2009-04-20,-0.04873715070945994,0.0,0.0,-0.04873715070945994,60995.91218083645
2009-04-21,0.021316479185434334,0.0,0.0,0.021316479185434334,62296.13027323584
2009-04-22,-0.008422080366227935,0.0,0.0,-0.008422080366227935,61771.467257569646
2009-04-23,0.015509862459213375,0.0,0.0,0.015509862459213375,62729.53421863835
2009-04-24,0.01890883943737931,0.0,0.0,0.01890883943737931,63915.67690916017
2009-04-27,-0.03354747622618448,0.0,0.0,-0.03354747622618448,61771.46725756963
2009-04-28,-0.003323390036088947,0.0,0.0,-0.003323390036088947,61566.176578771236
2009-04-29,0.05261207911236032,0.0,0.0,0.05261207911236032,64805.30113157909
2009-04-30,0.009151828251462213,0.0,0.0,0.009151828251462213,65398.38811731959
2009-05-01,0.014649415988273962,0.0,0.0,0.014649415988273962,66356.43630981281
2009-05-04,0.06909578842150133,0.0,0.0,0.06909578842150133,70941.38659348046
2009-05-05,-0.009003307762288415,0.0,0.0,-0.009003307762288415,70302.67945689587
2009-05-06,0.01719666368136963,0.0,0.0,0.01719666368136963,71511.65099141526
2009-05-07,-0.024880189387378016,0.0,0.0,-0.024880189387378016,69732.42757134477
2009-05-08,0.03336606213484017,0.0,0.0,0.03336606213484017,72059.1240825035
2009-05-11,-0.023425234603533962,0.0,0.0,-0.023425234603533962,70371.12219554569
2009-05-12,0.007131429319228388,0.0,0.0,0.007131429319228388,70872.968879598
2009-05-13,-0.03669150913116814,0.0,0.0,-0.03669150913116814,68272.53269479924
2009-05-14,0.01436698979198181,0.0,0.0,0.01436698979198181,69253.40347509817
2009-05-15,-0.009222664134079905,0.0,0.0,-0.009222664134079905,68614.7025947054
2009-05-18,0.05551836988728587,0.0,0.0,0.05551836988728587,72424.07903306438
2009-05-19,0.01133877383473103,0.0,0.0,0.01133877383473103,73245.27928540898
2009-05-20,0.0031143749990389935,0.0,0.0,0.0031143749990389935,73473.39255201309
2009-05-21,-0.01862780894044913,0.0,0.0,-0.01862780894044913,72104.74423334756
2009-05-22,0.004428762671750963,0.0,0.0,0.004428762671750963,72424.07903306436
2009-05-26,0.011968504154665327,0.0,0.0,0.011968504154665327,73290.8869238694
2009-05-27,-0.011515555868166882,0.0,0.0,-0.011515555868166882,72446.90162087009
2009-05-28,0.030856477771391333,0.0,0.0,0.030856477771391333,74682.35783034064
2009-05-29,0.015271729883790774,0.0,0.0,0.015271729883790774,75822.88662621021
2009-06-01,0.04211803058750441,0.0,0.0,0.04211803058750441,79016.3972843658
2009-06-02,-0.014434314947825877,0.0,0.0,-0.014434314947825877,77875.84971992073
2009-06-03,-0.0354420747627453,0.0,0.0,-0.0354420747627453,75115.76803193497
2009-06-04,0.01852393527974705,0.0,0.0,0.01852393527974705,76507.20765744704
2009-06-05,0.002087490446918139,0.0,0.0,0.002087490446918139,76666.91572255234
2009-06-08,-0.015471865751916503,0.0,0.0,-0.015471865751916503,75480.73549487951
2009-06-09,0.0018131838757924346,0.0,0.0,0.0018131838757924346,75617.59594741178
2009-06-10,0.012669480801476674,0.0,0.0,0.012669480801476674,76575.63162752135
2009-06-11,0.021448001323532084,0.0,0.0,0.021448001323532084,78218.02587601873
2009-06-12,-0.01603991458346965,0.0,0.0,-0.01603991458346965,76963.41542207976
2009-06-15,-0.035862174471561814,0.0,0.0,-0.035862174471561814,74203.33999028585
2009-06-16,-0.015063169517293251,0.0,0.0,-0.015063169517293251,73085.60250126282
2009-06-17,-0.011235971406909462,0.0,0.0,-0.011235971406909462,72264.41476130189
2009-06-18,-0.0028408266984033537,0.0,0.0,-0.0028408266984033537,72059.12408250349
2009-06-19,0.005064659822162643,0.0,0.0,0.005064659822162643,72424.07903306438
2009-06-22,-0.03622029124120274,0.0,0.0,-0.03622029124120274,69800.85779761091
2009-06-23,0.0064901366701191066,0.0,0.0,0.0064901366701191066,70253.87490440895
2009-06-24,0.021931351320785053,0.0,0.0,0.021931351320785053,71794.63731658403
2009-06-25,0.029788842982516384,0.0,0.0,0.029788842982516384,73933.31649459447
2009-06-26,0.005287442322368996,0.0,0.0,0.005287442322368996,74324.2346412611
2009-06-29,0.007425942592441004,0.0,0.0,0.007425942592441004,74876.1621409342
2009-06-30,-0.010135333010982572,0.0,0.0,-0.010135333010982572,74117.26730305151
2009-07-01,0.018305944462348567,0.0,0.0,0.018305944462348567,75474.05388200222
2009-07-02,-0.027422399246279983,0.0,0.0,-0.027422399246279983,73404.37424371472
2009-07-06,-0.002192860593419832,0.0,0.0,-0.002192860593419832,73243.40868405103
2009-07-07,-0.02354786272244258,0.0,0.0,-0.02354786272244258,71518.68295103523
2009-07-08,-0.0115754801750646,0.0,0.0,-0.0115754801750646,70690.81985438878
2009-07-09,0.017892111723015525,0.0,0.0,0.017892111723015525,71955.62790101508
2009-07-10,-0.011825147072044517,0.0,0.0,-0.011825147072044517,71104.74201842427
2009-07-13,0.007115305716009379,0.0,0.0,0.007115305716009379,71610.67399574332
2009-07-14,0.010918397870835594,0.0,0.0,0.010918397870835594,72392.54782622754
2009-07-15,0.05368486149923468,0.0,0.0,0.05368486149923468,76278.93172985529
2009-07-16,0.001808891495216347,0.0,0.0,0.001808891495216347,76416.91204072561
2009-07-17,0.010231522018108619,0.0,0.0,0.010231522018108619,77198.77335882616
2009-07-20,0.035746114190767786,0.0,0.0,0.035746114190767786,79958.32952669797
2009-07-21,-0.0028759835848992665,0.0,0.0,-0.0028759835848992665,79728.37068350322
2009-07-22,-0.002307297428403965,0.0,0.0,-0.002307297428403965,79544.41361885432
2009-07-23,0.02833180358503795,0.0,0.0,0.02833180358503795,81798.05032179072
2009-07-24,-0.004779370289340723,0.0,0.0,-0.004779370289340723,81407.10715035677
2009-07-27,0.008757289095211007,0.0,0.0,0.008757289095211007,82120.01272207726
2009-07-28,-0.004480657689301948,0.0,0.0,-0.004480657689301948,81752.0610556285
2009-07-29,-0.022503509501213048,0.0,0.0,-0.022503509501213048,79912.35277291942
2009-07-30,0.024748534484607898,0.0,0.0,0.024748534484607898,81890.06639126615
2009-07-31,0.004773999932617512,0.0,0.0,0.004773999932617512,82281.0095627001
2009-08-03,0.03745069545675883,0.0,0.0,0.03745069545675883,85362.49059370744
2009-08-04,-0.00915952757748717,0.0,0.0,-0.00915952757748717,84580.61050703138
2009-08-05,-0.008428637618658197,0.0,0.0,-0.008428637618658197,83867.71119150275
2009-08-06,-0.008225919512607982,0.0,0.0,-0.008225919512607982,83177.8221495348
2009-08-07,0.009952855449452569,0.0,0.0,0.009952855449452569,84005.67898998939
2009-08-10,-0.011223668612260318,0.0,0.0,-0.011223668612260318,83062.82708745783
2009-08-11,-0.018825856851061418,0.0,0.0,-0.018825856851061418,81499.09819506489
2009-08-12,0.009029358368612739,0.0,0.0,0.009029358368612739,82234.98275938688
2009-08-13,0.017337722976969783,0.0,0.0,0.017337722976969783,83660.75010948503
2009-08-14,-0.018141821497177357,0.0,0.0,-0.018141821497177357,82142.99171467879
2009-08-17,-0.03919360670032479,0.0,0.0,-0.03919360670032479,78923.51160422564
2009-08-18,0.021852891861795287,0.0,0.0,0.021852891861795287,80648.21856866594
2009-08-19,0.002566685573996752,0.0,0.0,0.002566685573996752,80855.21718783466
2009-08-20,0.01734923105647157,0.0,0.0,0.01734923105647157,82257.99303294759
2009-08-21,0.015096378203248939,0.0,0.0,0.015096378203248939,83499.79080601319
2009-08-24,0.004406243200588689,0.0,0.0,0.004406243200588689,83867.71119150276
2009-08-25,-0.002193270206756859,0.0,0.0,-0.002193270206756859,83683.76663923754
2009-08-26,-0.0030226183899987324,0.0,0.0,-0.0030226183899987324,83430.82254724942
2009-08-27,-0.0019297045828796655,0.0,0.0,-0.0019297045828796655,83269.82570662658
2009-08-28,-0.005247338351821007,0.0,0.0,-0.005247338351821007,82832.88075664674
2009-08-31,-0.01971103939655039,0.0,0.0,-0.01971103939655039,81200.15858072271
2009-09-01,-0.018974792450085598,0.0,0.0,-0.018974792450085598,79659.40242473947
2009-09-02,0.010681078686771261,0.0,0.0,0.010681078686771261,80510.25077017928
2009-09-03,0.019994496806290396,0.0,0.0,0.019994496806290396,82120.01272207727
2009-09-04,0.01932242679868157,0.0,0.0,0.01932242679868157,83706.77065660642
2009-09-08,0.020604524961008508,0.0,0.0,0.020604524961008508,85431.50890200587
2009-09-09,0.005383100583625122,0.0,0.0,0.005383100583625122,85891.39530743624
2009-09-10,0.013119434144690079,0.0,0.0,0.013119434144690079,87018.24181176769
2009-09-11,0.0005282857551427433,0.0,0.0,0.0005282857551427433,87064.2123093544
2009-09-14,-0.003697341146512101,0.0,0.0,-0.003697341146512101,86742.30621479436
2009-09-15,0.011929434282630158,0.0,0.0,0.011929434282630158,87777.09285630754
2009-09-16,0.025150895178944754,0.0,0.0,0.025150895178944754,89984.76531784903
2009-09-17,-0.005366844203418264,0.0,0.0,-0.005366844203418264,89501.83110170698
2009-09-18,0.0028259933510974555,0.0,0.0,0.0028259933510974555,89754.76268131145
2009-09-21,-0.008710805643921793,0.0,0.0,-0.008710805643921793,88972.92638797822
2009-09-22,0.0152492912355231,0.0,0.0,0.0152492912355231,90329.70045454527
2009-09-23,-0.015020243172950476,0.0,0.0,-0.015020243172950476,88972.92638797821
2009-09-24,-0.01964331808725306,0.0,0.0,-0.01964331808725306,87225.2028937854
2009-09-25,0.004218338256030796,0.0,0.0,0.004218338256030796,87593.1483040423
2009-09-28,0.012863979393520353,0.0,0.0,0.012863979393520353,88719.94475883908
2009-09-29,0.0023328868718752727,0.0,0.0,0.0023328868718752727,88926.91835324047
2009-09-30,0.0062063179666849155,0.0,0.0,0.0062063179666849155,89478.8270843381
2009-10-01,-0.02724219911241732,0.0,0.0,-0.02724219911241732,87041.22706056101
2009-10-02,0.000264073124536246,0.0,0.0,0.000264073124536246,87064.21230935436
2009-10-05,0.02324379708758406,0.0,0.0,0.02324379708758406,89087.91519386333
2009-10-06,0.016520131834649288,0.0,0.0,0.016520131834649288,90559.65929774001
2009-10-07,-0.0010157369101161384,0.0,0.0,-0.0010157369101161384,90467.67450922375
2009-10-08,0.012201443628997,0.0,0.0,0.012201443628997,91571.5107399945
2009-10-09,0.000753094516128705,0.0,0.0,0.000753094516128705,91640.47274256642
2009-10-12,0.008281082613255997,0.0,0.0,0.008281082613255997,92399.35506806543
2009-10-13,0.0017427407525019145,0.0,0.0,0.0017427407525019145,92560.38318964744
2009-10-14,0.03229752421831056,0.0,0.0,0.03229752421831056,95549.8544073712
2009-10-15,-0.005535248636698076,0.0,0.0,-0.005535248636698076,95020.96220602609
2009-10-16,-0.01379462503622031,0.0,0.0,-0.01379462503622031,93710.1836618131
2009-10-19,0.019141065466569795,0.0,0.0,0.019141065466569795,95503.89642216815
2009-10-20,-0.013243785005404352,0.0,0.0,-0.013243785005404352,94239.06335077455
2009-10-21,-0.005368203186454146,0.0,0.0,-0.005368203186454146,93733.16891060647
2009-10-22,0.008341551830193028,0.0,0.0,0.008341551830193028,94515.04899728253
2009-10-23,-0.00827254595930571,0.0,0.0,-0.00827254595930571,93733.16891060647
2009-10-26,-0.01251196064946325,0.0,0.0,-0.01251196064946325,92560.38318964747
2009-10-27,-0.017391276136187628,0.0,0.0,-0.017391276136187628,90950.64000632497
2009-10-28,-0.045764942184802315,0.0,0.0,-0.045764942184802315,86788.28922476475
2009-10-29,0.04424949916679788,0.0,0.0,0.04424949916679788,90628.6275565038
2009-10-30,-0.04668827201337211,0.0,0.0,-0.04668827201337211,86397.33354094715
2009-11-02,0.014905475002990665,0.0,0.0,0.014905475002990665,87685.12683636679
2009-11-03,0.0015736598901163745,0.0,0.0,0.0015736598901163745,87823.11340342894
2009-11-04,0.018591101691142198,0.0,0.0,0.018591101691142198,89455.84183554481
2009-11-05,0.020565826330923853,0.0,0.0,0.020565826330923853,91295.57514302121
2009-11-06,-0.0012595907512145121,0.0,0.0,-0.0012595907512145121,91180.58008094424
2009-11-09,0.03682237427213386,0.0,0.0,0.03682237427213386,94538.06552703505
2009-11-10,-0.0046220266929254405,0.0,0.0,-0.0046220266929254405,94101.10806467157
2009-11-11,0.00855326369917031,0.0,0.0,0.00855326369917031,94905.97965633283
2009-11-12,-0.022292261373949795,0.0,0.0,-0.022292261373949795,92790.3107518831
2009-11-13,0.017100537522326986,0.0,0.0,0.017100537522326986,94377.07494260406
2009-11-16,0.025097466839929305,0.0,0.0,0.025097466839929305,96745.70045142558
2009-11-17,-0.00356570282757529,0.0,0.0,-0.00356570282757529,96400.73403377019
2009-11-18,-0.00787190376025415,0.0,0.0,-0.00787190376025415,95641.87673303849
2009-11-19,-0.018514209760815303,0.0,0.0,-0.018514209760815303,93871.14296528498
2009-11-20,-0.004164745578631557,0.0,0.0,-0.004164745578631557,93480.1935376592
2009-11-23,0.020910548420870256,0.0,0.0,0.020910548420870256,95434.91565102075
2009-11-24,-0.005542373994671945,0.0,0.0,-0.005542373994671945,94905.97965633283
2009-11-25,0.011630971485164565,0.0,0.0,0.011630971485164565,96009.82839948725
2009-11-27,-0.038802924652730386,0.0,0.0,-0.038802924652730386,92284.36626218037
2009-11-30,0.009718738909563651,0.0,0.0,0.009718738909563651,93181.25392331704
2009-12-01,0.02862783578489525,0.0,0.0,0.02862783578489525,95848.83155886439
2009-12-02,0.004078616845842209,0.0,0.0,0.004078616845842209,96239.76221791467
2009-12-03,-0.009318979593349153,0.0,0.0,-0.009318979593349153,95342.90583773714
2009-12-04,0.009165363223729184,0.0,0.0,0.009165363223729184,96216.75820054581
2009-12-07,-0.00860408161672932,0.0,0.0,-0.00860408161672932,95388.9013600912
2009-12-08,-0.018563179050416045,0.0,0.0,-0.018563179050416045,93618.18010472137
2009-12-09,0.006140970606687501,0.0,0.0,0.006140970606687501,94193.08659699603
2009-12-10,0.005859533004099582,0.0,0.0,0.005859533004099582,94745.01409666914
2009-12-11,0.003640601922888065,0.0,0.0,0.003640601922888065,95089.94297717353
2009-12-14,0.0067717445232631235,0.0,0.0,0.0067717445232631235,95733.86777774662
2009-12-15,-0.010329193879152099,0.0,0.0,-0.010329193879152099,94745.01409666915
2009-12-16,0.005825002695751591,0.0,0.0,0.005825002695751591,95296.90405919128
2009-12-17,-0.02871573737425992,0.0,0.0,-0.02871573737425992,92560.3831896475
2009-12-18,0.0027326792206343598,0.0,0.0,0.0027326792206343598,92813.3210254438
2009-12-21,-0.0012387908570792305,0.0,0.0,-0.0012387908570792305,92698.34473194233
2009-12-22,0.010078047892914554,0.0,0.0,0.010078047892914554,93632.56308974474
2009-12-23,0.009903662093907473,0.0,0.0,0.009903662093907473,94559.86835557205
2009-12-24,0.010051271601209555,0.0,0.0,0.010051271601209555,95510.31527498852
2009-12-28,0.0033980225756664595,0.0,0.0,0.0033980225756664595,95834.86148250196
2009-12-29,-0.0035812482268059442,0.0,0.0,-0.0035812482268059442,95491.65305475154
2009-12-30,0.004371462117281455,0.0,0.0,0.004371462117281455,95909.09119859697
2009-12-31,0.0033846116313565044,0.0,0.0,0.0033846116313565044,96233.70622422057
2010-01-04,0.029156969823602052,0.0,0.0,0.029156969823602052,99039.58949261355
2010-01-05,0.007257945361817342,0.0,0.0,0.007257945361817342,99758.41342180777
2010-01-06,0.0020921825896367263,0.0,0.0,0.0020921825896367263,99967.12623753866
2010-01-07,-0.005799456909138412,0.0,0.0,-0.005799456909138412,99387.37119659365
2010-01-08,0.007932965388099067,0.0,0.0,0.007932965388099067,100175.80777231039
2010-01-11,-0.002083153002829352,0.0,0.0,-0.002083153002829352,99967.12623753864
2010-01-12,-0.016005534795552334,0.0,0.0,-0.016005534795552334,98367.09892013234
2010-01-13,0.003064333318768986,0.0,0.0,0.003064333318768986,98668.52849882394
2010-01-14,-0.0025849420531167677,0.0,0.0,-0.0025849420531167677,98413.47607018819
2010-01-15,-0.011545289007926729,0.0,0.0,-0.011545289007926729,97277.2640466832
2010-01-19,0.0202620651493175,0.0,0.0,0.0202620651493175,99248.30230834444
2010-01-20,-0.024065665104136436,0.0,0.0,-0.024065665104136436,96859.82590283772
2010-01-21,-0.03016515575207057,0.0,0.0,-0.03016515575207057,93938.03416836019
2010-01-22,-0.022216938690834076,0.0,0.0,-0.022216938690834076,91851.01862250426
2010-01-25,0.0073216725840434815,0.0,0.0,0.0073216725840434815,92523.52170736912
2010-01-26,-0.02080239841310283,0.0,0.0,-0.02080239841310283,90598.81054622906
2010-01-27,-0.002559202754583545,0.0,0.0,-0.002559202754583545,90366.94982071716
2010-01-28,-0.006928497282199686,0.0,0.0,-0.006928497282199686,89740.84265448364
2010-01-29,-0.010852655029264358,0.0,0.0,-0.010852655029264358,88766.91624711905
2010-02-01,0.026906788172236018,0.0,0.0,0.026906788172236018,91155.3488592829
2010-02-02,0.008140396217789503,0.0,0.0,0.008140396217789503,91897.38951636828
2010-02-03,-0.0058035826736005935,0.0,0.0,-0.0058035826736005935,91364.05541882195
2010-02-04,-0.04517768377928977,0.0,0.0,-0.04517768377928977,87236.43901431691
2010-02-05,-0.011163856954840012,0.0,0.0,-0.011163856954840012,86262.54388791145
2010-02-08,-0.009946369931073007,0.0,0.0,-0.009946369931073007,85404.54471520687
2010-02-09,0.032581817148276127,0.0,0.0,0.032581817148276127,88187.17997474951
2010-02-10,-0.0026293304532695183,0.0,0.0,-0.0026293304532695183,87955.30673685395
2010-02-11,0.02636411428729124,0.0,0.0,0.02636411428729124,90274.17049583813
2010-02-12,-0.012586582609657282,0.0,0.0,-0.012586582609657282,89137.92719137396
2010-02-16,0.025754857557432898,0.0,0.0,0.025754857557432898,91433.66180915263
2010-02-17,0.003550210753992422,0.0,0.0,0.003550210753992422,91758.27057858439
2010-02-18,0.003790671893985298,0.0,0.0,0.003790671893985298,92106.09607590734
2010-02-19,-0.00855995527900033,0.0,0.0,-0.00855995527900033,91317.67201257426
2010-02-22,0.0012701790794928947,0.0,0.0,0.0012701790794928947,91433.66180915262
2010-02-23,-0.02307938052565095,0.0,0.0,-0.02307938052565095,89323.4295354055
2010-02-24,0.00960567333286444,0.0,0.0,0.00960567333286444,90181.44122049375
2010-02-25,-0.008229001543557768,0.0,0.0,-0.008229001543557768,89439.33800149005
2010-02-26,0.010112036606267916,0.0,0.0,0.010112036606267916,90343.75186140148
2010-03-01,0.016940529312510888,0.0,0.0,0.016940529312510888,91874.22283801176
2010-03-02,0.011358003808835893,0.0,0.0,0.011358003808835893,92917.73061093973
2010-03-03,0.00124776774337243,0.0,0.0,0.00124776774337243,93033.67035798343
2010-03-04,-0.005234470169605987,0.0,0.0,-0.005234470169605987,92546.68838572562
2010-03-05,0.026058529089967086,0.0,0.0,0.026058529089967086,94958.31895720516
2010-03-08,0.0007327569224842012,0.0,0.0,0.0007327569224842012,95027.90032276852
2010-03-09,0.005612263170618359,0.0,0.0,0.005612263170618359,95561.22190793119
2010-03-10,0.007037209266089972,0.0,0.0,0.007037209266089972,96233.70622422056
2010-03-11,0.00024125359816307146,0.0,0.0,0.00024125359816307146,96256.92295211172
2010-03-12,-0.003373096020275801,0.0,0.0,-0.003373096020275801,95932.23910837797
2010-03-15,-0.007251417718585174,0.0,0.0,-0.007251417718585174,95236.59436992391
2010-03-16,0.012905138051711118,0.0,0.0,0.012905138051711118,96465.6357678426
2010-03-17,0.010817079923467032,0.0,0.0,0.010817079923467032,97509.11225981142
2010-03-18,-0.0076100905061248225,0.0,0.0,-0.0076100905061248225,96767.05909034237
2010-03-19,-0.012940243503015258,0.0,0.0,-0.012940243503015258,95514.86978264268
2010-03-22,0.003641519293515305,0.0,0.0,0.003641519293515305,95862.68902377377
2010-03-23,0.00701514404957293,0.0,0.0,0.00701514404957293,96535.17959625497
2010-03-24,-0.014893059402053432,0.0,0.0,-0.014893059402053432,95097.47543214004
2010-03-25,-0.0026824052334466497,0.0,0.0,-0.0026824052334466497,94842.38546635331
2010-03-26,0.004889918133944349,0.0,0.0,0.004889918133944349,95306.15696691177
2010-03-29,0.018004721445792127,0.0,0.0,0.018004721445792127,97022.11777516996
2010-03-30,0.00382404763939026,0.0,0.0,0.00382404763939026,97393.13497561673
2010-03-31,0.002857623896586059,0.0,0.0,0.002857623896586059,97671.44792548649
2010-04-01,0.026115674740495587,0.0,0.0,0.026115674740495587,100222.20369094175
2010-04-05,0.009023712206022605,0.0,0.0,0.009023712206022605,101126.58001370219
2010-04-06,0.0029809631000876635,0.0,0.0,0.0029809631000876635,101428.0346171611
2010-04-07,-0.008687966709974848,0.0,0.0,-0.008687966709974848,100546.83122894903
2010-04-08,0.0034596493398186823,0.0,0.0,0.0034596493398186823,100894.68800723112
2010-04-09,0.006205241302986053,0.0,0.0,0.006205241302986053,101520.76389250548
2010-04-12,-0.007994394119618442,0.0,0.0,-0.007994394119618442,100709.16689462405
2010-04-13,-0.002072369040222788,0.0,0.0,-0.002072369040222788,100500.46033508502
2010-04-14,0.014767035112140059,0.0,0.0,0.014767035112140059,101984.55416163945
2010-04-15,-0.005456900302729051,0.0,0.0,-0.005456900302729051,101428.03461716112
2010-04-16,-0.02926403849294823,0.0,0.0,-0.02926403849294823,98459.84070786044
2010-04-19,-0.004003753212848182,0.0,0.0,-0.004003753212848182,98065.63180428982
2010-04-20,0.011823306606225437,0.0,0.0,0.011823306606225437,99225.09183664515
2010-04-21,-0.0032718166400614868,0.0,0.0,-0.0032718166400614868,98900.44553006238
2010-04-22,0.004220475050938033,0.0,0.0,0.004220475050938033,99317.85239294867
2010-04-23,0.005369909120108485,0.0,0.0,0.005369909120108485,99851.18023430314
2010-04-26,0.0,0.0,0.0,0.0,99851.18023430314
2010-04-27,-0.0357642554433395,0.0,0.0,-0.0357642554433395,96280.07711808459
2010-04-28,0.008430127269345888,0.0,0.0,0.008430127269345888,97091.7304216925
2010-04-29,0.016479349393419884,0.0,0.0,0.016479349393419884,98691.73897052329
2010-04-30,-0.011983036503846245,0.0,0.0,-0.011983036503846245,97509.11225981145
2010-05-03,0.0054695179660075866,0.0,0.0,0.0054695179660075866,98042.44010116594
2010-05-04,-0.045884298427727455,0.0,0.0,-0.045884298427727455,93543.83152098145
2010-05-05,-0.018096467409478234,0.0,0.0,-0.018096467409478234,91851.01862250429
2010-05-06,-0.04089842141377065,0.0,0.0,-0.04089842141377065,88094.45695559701
2010-05-07,0.005264266879092316,0.0,0.0,0.005264266879092316,88558.20968757998
2010-05-10,0.07200862716341372,0.0,0.0,0.07200862716341372,94935.16479123234
2010-05-11,-0.018075344755539735,0.0,0.0,-0.018075344755539735,93219.17895820684
2010-05-12,0.01243732763358496,0.0,0.0,0.01243732763358496,94378.57642864385
2010-05-13,-0.009336569172762932,0.0,0.0,-0.009336569172762932,93497.40432139092
2010-05-14,-0.020584981551082127,0.0,0.0,-0.020584981551082127,91572.76197836101
2010-05-17,-0.006077621305963898,0.0,0.0,-0.006077621305963898,91016.21740911537
2010-05-18,-0.020891407599932577,0.0,0.0,-0.020891407599932577,89114.76051301746
2010-05-19,-0.009628025343559665,0.0,0.0,-0.009628025343559665,88256.76134031288
2010-05-20,-0.049658803159202125,0.0,0.0,-0.049658803159202125,83874.0362014456
2010-05-21,0.03234743816536434,0.0,0.0,0.03234743816536434,86587.14640115139
2010-05-24,-0.010444405845219884,0.0,0.0,-0.010444405845219884,85682.79510315829
2010-05-25,-0.010825458160927948,0.0,0.0,-0.010825458160927948,84755.23958965769
2010-05-26,-0.0005471891800481465,0.0,0.0,-0.0005471891800481465,84708.86243960184
2010-05-27,0.060497914180823065,0.0,0.0,0.060497914180823065,89833.57192982802
2010-05-28,-0.016520132882554606,0.0,0.0,-0.016520132882554606,88349.50938423273
2010-06-01,-0.018372487445236674,0.0,0.0,-0.018372487445236674,86726.3091322781
2010-06-02,0.035026715285205734,0.0,0.0,0.035026715285205734,89764.04686999113
2010-06-03,-0.003617359954496857,0.0,0.0,-0.003617359954496857,89439.33800149005
2010-06-04,-0.03551898062489778,0.0,0.0,-0.03551898062489778,86262.54388791144
2010-06-07,-0.015591716686561452,0.0,0.0,-0.015591716686561452,84917.56274294906
2010-06-08,0.022938162045765598,0.0,0.0,0.022938162045765598,86865.41555767828
2010-06-09,-0.005338893982021031,0.0,0.0,-0.005338893982021031,86401.65031331163
2010-06-10,0.03489005749359464,0.0,0.0,0.03489005749359464,89416.20886028455
2010-06-11,0.005186590331639707,0.0,0.0,0.005186590331639707,89879.97410465118
2010-06-14,0.0002580297041121504,0.0,0.0,0.0002580297041121504,89903.165807775
2010-06-15,0.03017792985100498,0.0,0.0,0.03017792985100498,92616.2572389053
2010-06-16,0.0,0.0,0.0,0.0,92616.2572389053
2010-06-17,-0.005007384860849506,0.0,0.0,-0.005007384860849506,92152.49199453865
2010-06-18,0.004529319666532139,0.0,0.0,0.004529319666532139,92569.88008884946
2010-06-21,0.017284670005559333,0.0,0.0,0.017284670005559333,94169.91991863943
2010-06-22,-0.01920712981924655,0.0,0.0,-0.01920712981924655,92361.18604169406
2010-06-23,0.002577293051814644,0.0,0.0,0.002577293051814644,92599.22788473668
2010-06-24,-0.01764497274649046,0.0,0.0,-0.01764497274649046,90965.31703236444
2010-06-25,0.011804226754165592,0.0,0.0,0.011804226754165592,92039.09226137905
2010-06-28,-0.006847824313742534,0.0,0.0,-0.006847824313742534,91408.82472757678
2010-06-29,-0.040602597903200865,0.0,0.0,-0.040602597903200865,87697.3889723588
2010-06-30,-0.006654446397927782,0.0,0.0,-0.006654446397927782,87113.81139820404
2010-07-01,0.0072349897643815275,0.0,0.0,0.0072349897643815275,87744.07893200629
2010-07-02,0.004255994834425403,0.0,0.0,0.004255994834425403,88117.51727869234
2010-07-06,0.018543400784772457,0.0,0.0,0.018543400784772457,89751.51571775024
2010-07-07,0.02210639459139574,0.0,0.0,0.02210639459139574,91735.59813938268
2010-07-08,0.004834698420239203,0.0,0.0,0.004834698420239203,92179.11209078685
2010-07-09,0.012154965287574093,0.0,0.0,0.012154965287574093,93299.54599848976
2010-07-12,-0.008005550536496098,0.0,0.0,-0.008005550536496098,92552.63176796671
2010-07-13,0.011601171169070001,0.0,0.0,0.011601171169070001,93626.3506912548
2010-07-14,-0.0019946022121708484,0.0,0.0,-0.0019946022121708484,93439.60336504853
2010-07-15,-0.004746396849394152,0.0,0.0,-0.004746396849394152,92996.10192602803
2010-07-16,-0.029869657206863298,0.0,0.0,-0.029869657206863298,90218.34023992305
2010-07-19,0.013195592874883255,0.0,0.0,0.013195592874883255,91408.82472757678
2010-07-20,0.023493154477361777,0.0,0.0,0.023493154477361777,93556.30636749582
2010-07-21,-0.010229972942707555,0.0,0.0,-0.010229972942707555,92599.22788473668
2010-07-22,0.03025002072465277,0.0,0.0,0.03025002072465277,95400.3564473368
2010-07-23,0.006851422556962916,0.0,0.0,0.006851422556962916,96053.9846014424
2010-07-26,0.006804083544344808,0.0,0.0,0.006804083544344808,96707.54393743782
2010-07-27,-0.0016894928694355382,0.0,0.0,-0.0016894928694355382,96544.1572315349
2010-07-28,-0.005561057550274362,0.0,0.0,-0.005561057550274362,96007.2696170276
2010-07-29,0.0017020114740298187,0.0,0.0,0.0017020114740298187,96170.67509150605
2010-07-30,0.004854320615968577,0.0,0.0,0.004854320615968577,96637.51838225436
2010-08-02,0.02584539092492255,0.0,0.0,0.02584539092492255,99135.15282285812
2010-08-03,-0.004709412375142885,0.0,0.0,-0.004709412375142885,98668.28450734247
2010-08-04,0.0014199843120106248,0.0,0.0,0.0014199843120106248,98808.3919234359
2010-08-05,-0.004489006246542915,0.0,0.0,-0.004489006246542915,98364.84043488074
2010-08-06,-0.00142360157524124,0.0,0.0,-0.00142360157524124,98224.80809308929
2010-08-09,0.005227505132826105,0.0,0.0,0.005227505132826105,98738.27878156677
2010-08-10,-0.013711208669304309,0.0,0.0,-0.013711208669304309,97384.45763754477
2010-08-11,-0.031879164018817296,0.0,0.0,-0.031879164018817296,94279.9225396339
2010-08-12,0.001733460262200115,0.0,0.0,0.001733460262200115,94443.35303887968
2010-08-13,0.005437142508327275,0.0,0.0,0.005437142508327275,94956.85500831633
2010-08-16,0.009341312394337553,0.0,0.0,0.009341312394337553,95843.87665493283
2010-08-17,0.010472496356522809,0.0,0.0,0.010472496356522809,96847.60130399663
2010-08-18,-0.0007233719286731111,0.0,0.0,-0.0007233719286731111,96777.544467854
2010-08-19,-0.007717846475957746,0.0,0.0,-0.007717846475957746,96030.63023733093
2010-08-20,-0.002917191704277511,0.0,0.0,-0.002917191704277511,95750.49047944605
2010-08-23,-0.009019912294846999,0.0,0.0,-0.009019912294846999,94886.82945313286
2010-08-24,-0.012792292567739949,0.0,0.0,-0.012792292567739949,93673.00936994315
2010-08-25,-0.006478794147913525,0.0,0.0,-0.006478794147913525,93066.1212250197
2010-08-26,-0.006270233308474316,0.0,0.0,-0.006270233308474316,92482.57493182409
2010-08-27,0.021958432523931704,0.0,0.0,0.021958432523931704,94513.34731310401
2010-08-30,-0.016547243232666542,0.0,0.0,-0.016547243232666542,92949.41196638058
2010-08-31,0.00602704940040133,0.0,0.0,0.00602704940040133,93509.62266404022
2010-09-01,0.035197259173443296,0.0,0.0,0.035197259173443296,96800.90508815733
2010-09-02,0.0016881219294537786,0.0,0.0,0.0016881219294537786,96964.31681882762
2010-09-03,0.011795841985539957,0.0,0.0,0.011795841985539957,98108.09257825834
2010-09-07,-0.014513741730120988,0.0,0.0,-0.014513741730120988,96684.1770609427
2010-09-08,0.01086477826873522,0.0,0.0,0.01086477826873522,97734.62920680498
2010-09-09,0.005731701009546564,0.0,0.0,0.005731701009546564,98294.81487969728
2010-09-10,0.0035620803858040784,0.0,0.0,0.0035620803858040784,98644.9489118065
2010-09-13,0.02389993994636197,0.0,0.0,0.02389993994636197,101002.55726681062
2010-09-14,-0.00046251288758369924,0.0,0.0,-0.00046251288758369924,100955.8422823958
2010-09-15,0.0013874370791799873,0.0,0.0,0.0013874370791799873,101095.91216133824
2010-09-16,-0.005079787617524145,0.0,0.0,-0.005079787617524145,100582.36639855878
2010-09-17,-0.0016245314575233927,0.0,0.0,-0.0016245314575233927,100418.96718027217
2010-09-20,0.015806610038057833,0.0,0.0,0.015806610038057833,102006.25063491527
2010-09-21,-0.0029745755970602694,0.0,0.0,-0.0029745755970602694,101702.82533102903
2010-09-22,0.000688346527052186,0.0,0.0,0.000688346527052186,101772.83211763704
2010-09-23,-0.006422053934778349,0.0,0.0,-0.006422053934778349,101119.24150068243
2010-09-24,0.0184671027142993,0.0,0.0,0.0184671027142993,102986.62091986756
2010-09-27,-0.00181319488060383,0.0,0.0,-0.00181319488060383,102799.88610604499
2010-09-28,0.007266562692862744,0.0,0.0,0.007266562692862744,103546.8879232537
2010-09-29,0.0033809223009582112,0.0,0.0,0.0033809223009582112,103896.97190582825
2010-09-30,0.005841430239651446,0.0,0.0,0.005841430239651446,104503.87881932716
2010-10-01,0.014742513083037645,0.0,0.0,0.014742513083037645,106044.52862004927
2010-10-04,-0.00308218151715256,0.0,0.0,-0.00308218151715256,105717.68013394141
2010-10-05,0.01810595376234292,0.0,0.0,0.01810595376234292,107631.7995623087
2010-10-06,-0.00043420023803708574,0.0,0.0,-0.00043420023803708574,107585.06580931839
2010-10-07,-0.008895376486037332,0.0,0.0,-0.008895376486037332,106628.05614466939
2010-10-08,0.012040293825179127,0.0,0.0,0.012040293825179127,107911.88927065891
2010-10-11,-0.0006488562054179914,0.0,0.0,-0.0006488562054179914,107841.86997166727
2010-10-12,-0.004112632241268566,0.0,0.0,-0.004112632241268566,107398.3560202631
2010-10-13,0.018474339609232615,0.0,0.0,0.018474339609232615,109382.46972285473
2010-10-14,-0.0017072875267803989,0.0,0.0,-0.0017072875267803989,109195.72239664846
2010-10-15,-0.0012827987402790342,0.0,0.0,-0.0012827987402790342,109055.64626151418
2010-10-18,0.000428645989239973,0.0,0.0,0.000428645989239973,109102.39252688816
2010-10-19,-0.03166469657332205,0.0,0.0,-0.03166469657332205,105647.69837210077
2010-10-20,0.015907831999025124,0.0,0.0,0.015907831999025124,107328.32420888783
2010-10-21,0.0,0.0,0.0,0.0,107328.32420888783
2010-10-22,0.0010873457990470126,0.0,0.0,0.0010873457990470126,107445.02721133511
2010-10-25,0.010862579254101723,0.0,0.0,0.010862579254101723,108612.15733487735
2010-10-26,-0.0008597556810058249,0.0,0.0,-0.0008597556810058249,108518.77741558239
2010-10-27,-0.016992681810372723,0.0,0.0,-0.016992681810372723,106674.75236050872
2010-10-28,0.006345878158482421,0.0,0.0,0.006345878158482421,107351.69734157479
2010-10-29,0.002826343681713306,0.0,0.0,0.002826343681713306,107655.11013307735
2010-11-01,0.011058260309151136,0.0,0.0,0.011058260309151136,108845.58836453926
2010-11-02,0.012438169823321577,0.0,0.0,0.012438169823321577,110199.42827713676
2010-11-03,0.006142681199728051,0.0,0.0,0.006142681199728051,110876.3482334355
2010-11-04,0.02273699577117605,0.0,0.0,0.02273699577117605,113397.34329434257
2010-11-05,-0.001852736828062862,0.0,0.0,-0.001852736828062862,113187.24786021665
2010-11-08,-0.004124687790804771,0.0,0.0,-0.004124687790804771,112720.38580089284
2010-11-09,-0.012631669853583882,0.0,0.0,-0.012631669853583882,111296.53910168735
2010-11-10,0.007340376986346486,0.0,0.0,0.007340376986346486,112113.49765596939
2010-11-11,-0.009785380978533653,0.0,0.0,-0.009785380978533653,111016.42436856977
2010-11-12,-0.02417992895820853,0.0,0.0,-0.02417992895820853,108332.05511414343
2010-11-15,-0.0004309315779753575,0.0,0.0,-0.0004309315779753575,108285.37141068779
2010-11-16,-0.026298736714051474,0.0,0.0,-0.026298736714051474,105437.60293797484
2010-11-17,0.005091697066216039,0.0,0.0,0.005091697066216039,105974.45927152298
2010-11-18,0.023788586097563957,0.0,0.0,0.023788586097563957,108495.44182004638
2010-11-19,0.0006457122526755121,0.0,0.0,0.0006457122526755121,108565.49865618903
2010-11-22,-0.0030103805111746373,0.0,0.0,-0.0030103805111746373,108238.67519484849
2010-11-23,-0.03170177899049831,0.0,0.0,-0.03170177899049831,104807.31663559708
2010-11-24,0.02316300766676216,0.0,0.0,0.02316300766676216,107234.96931436019
2010-11-26,-0.02481503871448243,0.0,0.0,-0.02481503871448243,104573.92939927801
2010-11-29,0.007812437837524389,0.0,0.0,0.007812437837524389,105390.90672213554
2010-11-30,-0.00819507183250301,0.0,0.0,-0.00819507183250301,104527.22067105502
2010-12-01,0.028584428485301183,0.0,0.0,0.028584428485301183,107515.0715350941
2010-12-02,0.019756902754468175,0.0,0.0,0.019756902754468175,109639.23634805264
2010-12-03,0.0036194182043440826,0.0,0.0,0.0036194182043440826,110036.06659600115
2010-12-06,-0.001697260219920671,0.0,0.0,-0.001697260219920671,109849.30675741122
2010-12-07,-0.004674888404438304,0.0,0.0,-0.004674888404438304,109335.77350701542
2010-12-08,-0.006404633445885044,0.0,0.0,-0.006404633445885044,108635.51795518067
2010-12-09,-0.0034378224974199734,0.0,0.0,-0.0034378224974199734,108262.04832753548
2010-12-10,0.004527765269997097,0.0,0.0,0.004527765269997097,108752.23347001163
2010-12-13,0.006439114323215422,0.0,0.0,0.006439114323215422,109452.50153423005
2010-12-14,0.001492992196429288,0.0,0.0,0.001492992196429288,109615.91326490031
2010-12-15,-0.01618417655241189,0.0,0.0,-0.01618417655241189,107841.86997166731
2010-12-16,0.0028136131538329945,0.0,0.0,0.0028136131538329945,108145.29527555354
2010-12-17,0.0015111544393819898,0.0,0.0,0.0015111544393819898,108308.71951860748
2010-12-20,-0.004525814215649904,0.0,0.0,-0.004525814215649904,107818.53437613131
2010-12-21,0.01459693492334746,0.0,0.0,0.01459693492334746,109392.3545059504
2010-12-22,0.0034408028524737233,0.0,0.0,0.0034408028524737233,109768.75203137328
2010-12-23,-0.0010717205857325718,0.0,0.0,-0.0010717205857325718,109651.11060015109
2010-12-27,-0.0032181547656066067,0.0,0.0,-0.0032181547656066067,109298.23635601916
2010-12-28,0.0008611131621982793,0.0,0.0,0.0008611131621982793,109392.3545059504
2010-12-29,0.012802755936448751,0.0,0.0,0.012802755936448751,110792.87812200356
2010-12-30,0.005098672359790779,0.0,0.0,0.005098672359790779,111357.77470734589
2010-12-31,0.006975209007388461,0.0,0.0,0.006975209007388461,112134.51846052731
2011-01-03,0.009655783276795837,0.0,0.0,0.009655783276795837,113217.26506863002
2011-01-04,0.004573728200192306,0.0,0.0,0.004573728200192306,113735.09006662306
2011-01-05,-0.0024833324202221396,0.0,0.0,-0.0024833324202221396,113452.64803014373
2011-01-06,-0.010580961394048849,0.0,0.0,-0.010580961394048849,112252.20994128415
2011-01-07,-0.009226544814240234,0.0,0.0,-0.009226544814240234,111216.50989576339
2011-01-10,-0.010370011188595596,0.0,0.0,-0.010370011188595596,110063.19344378776
2011-01-11,0.010692741447836163,0.0,0.0,0.010692741447836163,111240.07071420536
2011-01-12,0.020101574755145846,0.0,0.0,0.020101574755145846,113476.17131143468
2011-01-13,-0.008711881178184111,0.0,0.0,-0.008711881178184111,112487.5803904142
2011-01-14,0.0029296670782303913,0.0,0.0,0.0029296670782303913,112817.13155139379
2011-01-18,-0.0014602218747580276,0.0,0.0,-0.0014602218747580276,112652.39350805499
2011-01-19,-0.007731300353915782,0.0,0.0,-0.007731300353915782,111781.44401825669
2011-01-20,-0.010949593475913844,0.0,0.0,-0.010949593475913844,110557.48264810616
2011-01-21,-0.010431939446651661,0.0,0.0,-0.010431939446651661,109404.15368374687
2011-01-24,0.007745145916989049,0.0,0.0,0.007745145916989049,110251.50481795218
2011-01-25,-0.005978057267008174,0.0,0.0,-0.005978057267008174,109592.41500837664
2011-01-26,0.0088059711035271,0.0,0.0,0.0088059711035271,110557.48264810616
2011-01-27,-0.00340646536918654,0.0,0.0,-0.00340646536918654,110180.87241216094
2011-01-28,-0.03161696919261581,0.0,0.0,-0.03161696919261581,106697.28716349012
2011-01-31,0.010589123096489184,0.0,0.0,0.010589123096489184,107827.11787132577
2011-02-01,0.024230090122205228,0.0,0.0,0.024230090122205228,110439.77865496563
2011-02-02,-0.00745940774749676,0.0,0.0,-0.00745940774749676,109615.96331443495
2011-02-03,-0.0012883823684182172,0.0,0.0,-0.0012883823684182172,109474.73604000347
2011-02-04,-0.00021544553622565576,0.0,0.0,-0.00021544553622565576,109451.15019679417
2011-02-07,0.0012906653911677335,0.0,0.0,0.0012906653911677335,109592.41500837666
2011-02-08,0.0004296291830903076,0.0,0.0,0.0004296291830903076,109639.49910810962
2011-02-09,-0.022971353198107503,0.0,0.0,-0.022971353198107503,107120.93144963364
2011-02-10,-0.009448449532676095,0.0,0.0,-0.009448449532676095,106108.80473493852
2011-02-11,0.012200861219227699,0.0,0.0,0.012200861219227699,107403.42353564763
2011-02-14,-0.005040908598436311,0.0,0.0,-0.005040908598436311,106862.01269444528
2011-02-15,0.001982670803817088,0.0,0.0,0.001982670803817088,107073.8848870517
2011-02-16,0.008353673350407709,0.0,0.0,0.008353673350407709,107968.34514575728
2011-02-17,0.0034882700834253377,0.0,0.0,0.0034882700834253377,108344.96789408616
2011-02-18,0.006083021644830655,0.0,0.0,0.006083021644830655,109004.03267889438
2011-02-22,-0.03195911884855429,0.0,0.0,-0.03195911884855429,105520.3598435379
2011-02-23,0.0008925359237705877,0.0,0.0,0.0008925359237705877,105614.54055538746
2011-02-24,0.0024510706981482056,0.0,0.0,0.0024510706981482056,105873.40926104116
2011-02-25,0.012005450576671572,0.0,0.0,0.012005450576671572,107144.4672433083
2011-02-28,0.005931748341775345,0.0,0.0,0.005931748341775345,107780.0212592092
2011-03-01,-0.010264610509471472,0.0,0.0,-0.010264610509471472,106673.70132028087
2011-03-02,0.013680685477012844,0.0,0.0,0.013680685477012844,108133.07067671242
2011-03-03,0.01980853229383106,0.0,0.0,0.01980853229383106,110275.02809924321
2011-03-04,0.0010671406790963012,0.0,0.0,0.0010671406790963012,110392.70706761639
2011-03-07,-0.014072261069090652,0.0,0.0,-0.014072261069090652,108839.23207363723
2011-03-08,0.013407911528867889,0.0,0.0,0.013407911528867889,110298.53886815048
2011-03-09,0.0019206706635734871,0.0,0.0,0.0019206706635734871,110510.38603598958
2011-03-10,-0.029605819964739877,0.0,0.0,-0.029605819964739877,107238.63544277416
2011-03-11,0.010316547266235654,0.0,0.0,0.010316547266235654,108344.96789408616
2011-03-14,0.005865214061777646,0.0,0.0,0.005865214061777646,108980.4343233014
2011-03-15,-0.01663079522092681,0.0,0.0,-0.01663079522092681,107168.0030369829
2011-03-16,-0.020425676492170752,0.0,0.0,-0.020425676492170752,104979.02407663754
2011-03-17,0.012331570522561952,0.0,0.0,0.012331570522561952,106273.5803154283
2011-03-18,0.0017719490921970227,0.0,0.0,0.0017719490921970227,106461.89168959275
2011-03-21,0.019234950558980835,0.0,0.0,0.019234950558980835,108509.68091265764
2011-03-22,0.0030370669069137435,0.0,0.0,0.0030370669069137435,108839.23207363726
2011-03-23,0.013191897795038932,0.0,0.0,0.013191897795038932,110275.02809924321
2011-03-24,0.011525800125742114,0.0,0.0,0.011525800125742114,111546.03603197569
2011-03-25,-0.0010547568321669365,0.0,0.0,-0.0010547568321669365,111428.38208836982
2011-03-28,-0.005069593354539825,0.0,0.0,-0.005069593354539825,110863.48550302749
2011-03-29,0.011464847526060362,0.0,0.0,0.011464847526060362,112134.51846052731
2011-03-30,0.012804340337850828,0.0,0.0,0.012804340337850828,113570.32699851692
2011-03-31,0.008704548404177226,0.0,0.0,0.008704548404177226,114558.90540715374
2011-04-01,0.016026074414006164,0.0,0.0,0.016026074414006164,116394.83494999587
2011-04-04,0.00849396352822307,0.0,0.0,0.00849396352822307,117383.4884329347
2011-04-05,-0.0020052476260168373,0.0,0.0,-0.0020052476260168373,117148.10547142099
2011-04-06,0.005424577196888158,0.0,0.0,0.005424577196888158,117783.58441301991
2011-04-07,-0.0009990055624128358,0.0,0.0,-0.0009990055624128358,117665.91795703038
2011-04-08,0.0010000045725433448,0.0,0.0,0.0010000045725433448,117783.58441301993
2011-04-11,-0.011790687725669935,0.0,0.0,-0.011790687725669935,116394.83494999591
2011-04-12,-0.018806710676235072,0.0,0.0,-0.018806710676235072,114205.83096488322
2011-04-13,0.00824416615246526,0.0,0.0,0.00824416615246526,115147.36281093807
2011-04-14,0.0030660660295183106,0.0,0.0,0.0030660660295183106,115500.41222844132
2011-04-15,0.0012229592645907061,0.0,0.0,0.0012229592645907061,115641.66452764013
2011-04-18,-0.02503565988835743,0.0,0.0,-0.02503565988835743,112746.4991456026
2011-04-19,0.014404725533035734,0.0,0.0,0.014404725533035734,114370.58152060564
2011-04-20,0.023667835044801855,0.0,0.0,0.023667835044801855,117077.48557801341
2011-04-21,0.008845851026549445,0.0,0.0,0.008845851026549445,118113.13557399949
2011-04-25,-0.008170387636300736,0.0,0.0,-0.008170387636300736,117148.10547142099
2011-04-26,0.008639612209165204,0.0,0.0,0.008639612209165204,118160.21967373244
2011-04-27,-0.0017927747260485516,0.0,0.0,-0.0017927747260485516,117948.38501827703
2011-04-28,-0.008181906134726913,0.0,0.0,-0.008181906134726913,116983.34240331485
2011-04-29,0.0060358921236163265,0.0,0.0,0.0060358921236163265,117689.44123832132
2011-05-02,0.0002000885195012625,0.0,0.0,0.0002000885195012625,117712.98954437963
2011-05-03,-0.022195497123160268,0.0,0.0,-0.022195497123160268,115100.29122358876
2011-05-04,-0.016564353820180844,0.0,0.0,-0.016564353820180844,113193.72927495537
2011-05-05,-0.009564987084559218,0.0,0.0,-0.009564987084559218,112111.03271638734
2011-05-06,0.013016509140730381,0.0,0.0,0.013016509140730381,113570.32699851692
2011-05-09,0.0018654492403240575,0.0,0.0,0.0018654492403240575,113782.18667873967
2011-05-10,0.011791413841390819,0.0,0.0,0.011791413841390819,115123.83952964708
2011-05-11,-0.022081251266195312,0.0,0.0,-0.022081251266195312,112581.76110226382
2011-05-12,0.0029268828325512697,0.0,0.0,0.0029268828325512697,112911.27472609241
2011-05-13,-0.021888833308473576,0.0,0.0,-0.021888833308473576,110439.7786549657
2011-05-16,-0.0014917682535129373,0.0,0.0,-0.0014917682535129373,110275.02809924324
2011-05-17,0.003201762433039823,0.0,0.0,0.003201762433039823,110628.1025415138
2011-05-18,0.016170013896980473,0.0,0.0,0.016170013896980473,112416.96049700667
2011-05-19,-0.00649087713268337,0.0,0.0,-0.00649087713268337,111687.27581879088
2011-05-20,-0.008008053650071956,0.0,0.0,-0.008008053650071956,110792.87812200362
2011-05-23,-0.020819889373480005,0.0,0.0,-0.020819889373480005,108486.18265613406
2011-05-24,0.009980271743612157,0.0,0.0,0.009980271743612157,109568.90423946941
2011-05-25,0.0021483784613096635,0.0,0.0,0.0021483784613096635,109804.29971336678
2011-05-26,0.012861155583916872,0.0,0.0,0.012861155583916872,111216.50989576343
2011-05-27,0.010582757637243034,0.0,0.0,0.010582757637243034,112393.48726525034
2011-05-31,0.016334393904646527,0.0,0.0,0.016334393904646527,114229.36675855782
2011-06-01,-0.01792644675580457,0.0,0.0,-0.01792644675580457,112181.64009741125
2011-06-02,0.009441368940497297,0.0,0.0,0.009441368940497297,113240.788349921
2011-06-03,-0.004988676062233077,0.0,0.0,-0.004988676062233077,112675.86673981133
2011-06-06,-0.016084910542280895,0.0,0.0,-0.016084910542280895,110863.48550302752
2011-06-07,0.0078557150597931,0.0,0.0,0.0078557150597931,111734.3974556748
2011-06-08,-0.007162562199709899,0.0,0.0,-0.007162562199709899,110934.09288405141
2011-06-09,0.00785060225961276,0.0,0.0,0.00785060225961276,111804.99232431503
2011-06-10,-0.021684402756764642,0.0,0.0,-0.021684402756764642,109380.5678405376
2011-06-13,-0.0017215019586960256,0.0,0.0,-0.0017215019586960256,109192.26897875682
2011-06-14,0.015089375913285297,0.0,0.0,0.015089375913285297,110839.91217220183
2011-06-15,-0.02144830165479905,0.0,0.0,-0.02144830165479905,108462.58430054101
2011-06-16,-0.007595156625446964,0.0,0.0,-0.007595156625446964,107638.79398477764
2011-06-17,0.0013120480934734058,0.0,0.0,0.0013120480934734058,107780.02125920916
2011-06-20,-0.00152881376868097,0.0,0.0,-0.00152881376868097,107615.24567871934
2011-06-21,0.01837257646151791,0.0,0.0,0.01837257646151791,109592.41500837664
2011-06-22,-0.009957167237754971,0.0,0.0,-0.009957167237754971,108501.18500414878
2011-06-23,-0.0013140742367183655,0.0,0.0,-0.0013140742367183655,108358.6063922814
2011-06-24,-0.0017552896851529276,0.0,0.0,-0.0017552896851529276,108168.40564818349
2011-06-27,0.011648475611307774,0.0,0.0,0.011648475611307774,109428.40268329039
2011-06-28,0.013686870026646591,0.0,0.0,0.013686870026646591,110926.13500804013
2011-06-29,0.009215585064839216,0.0,0.0,0.009215585064839216,111948.38424112057
2011-06-30,0.0108298786398624,0.0,0.0,0.0108298786398624,113160.77165638059
2011-07-01,0.011765165080293905,0.0,0.0,0.011765165080293905,114492.12681553136
2011-07-05,-0.0004156145614818696,0.0,0.0,-0.0004156145614818696,114444.5422204518
2011-07-06,-0.006647349992379592,0.0,0.0,-0.006647349992379592,113683.78929359479
2011-07-07,0.013801795392364813,0.0,0.0,0.013801795392364813,115252.8296928537
2011-07-08,-0.011344789292832669,0.0,0.0,-0.011344789292832669,113945.31062458555
2011-07-11,-0.027957516101228985,0.0,0.0,-0.027957516101228985,110759.68276813917
2011-07-12,-0.010087884044349238,0.0,0.0,-0.010087884044349238,109642.35193158528
2011-07-13,0.01626175564240584,0.0,0.0,0.01626175564240584,111425.32906675538
2011-07-14,-0.010668031860920912,0.0,0.0,-0.010668031860920912,110236.64010615763
2011-07-15,0.0062546799432430245,0.0,0.0,0.0062546799432430245,110926.13500804012
2011-07-18,-0.011573314768082543,0.0,0.0,-0.011573314768082543,109642.35193158525
2011-07-19,0.014527360095459185,0.0,0.0,0.014527360095459185,111235.16585980846
2011-07-20,0.002992011478957446,0.0,0.0,0.002992011478957446,111567.98275292474
2011-07-21,0.01598141893691607,0.0,0.0,0.01598141893691607,113350.99742524586
2011-07-22,-0.0006295323875813441,0.0,0.0,-0.0006295323875813441,113279.63930120201
2011-07-25,-0.002098658603693959,0.0,0.0,-0.002098658603693959,113041.9040115592
2011-07-26,0.0033651369509570817,0.0,0.0,0.0033651369509570817,113422.30549975505
2011-07-27,-0.01760655828851898,0.0,0.0,-0.01760655828851898,111425.3290667554
2011-07-28,0.0008536581531428666,0.0,0.0,0.0008536581531428666,111520.44820737986
2011-07-29,0.004263752627399198,0.0,0.0,0.004263752627399198,111995.94381143281
2011-08-01,-0.0008493087998312498,0.0,0.0,-0.0008493087998312498,111900.82467080835
2011-08-02,-0.030805172104947598,0.0,0.0,-0.030805172104947598,108453.70050813854
2011-08-03,-0.0035072704909682173,0.0,0.0,-0.0035072704909682173,108073.32404471004
2011-08-04,-0.05719304473187192,0.0,0.0,-0.05719304473187192,101892.28158829884
2011-08-05,-0.006533088797375464,0.0,0.0,-0.006533088797375464,101226.6102649153
2011-08-08,-0.08337268176937929,0.0,0.0,-0.08337268176937929,92787.07630070554
2011-08-09,0.05867304815194463,0.0,0.0,0.05867304815194463,98231.176896375
2011-08-10,-0.05300089488647308,0.0,0.0,-0.05300089488647308,93024.83661511568
2011-08-11,0.055200792669808374,0.0,0.0,0.055200792669808374,98159.88133424948
2011-08-12,-0.00048470248986665077,0.0,0.0,-0.00048470248986665077,98112.30299536175
2011-08-15,0.023261825716827556,0.0,0.0,0.023261825716827556,100394.57428831643
2011-08-16,-0.008525207521744904,0.0,0.0,-0.008525207521744904,99538.6897084513
2011-08-17,0.007165363496192567,0.0,0.0,0.007165363496192567,100251.92060214709
2011-08-18,-0.047190065769569856,0.0,0.0,-0.047190065769569856,95521.02587540608
2011-08-19,-0.012443741052503898,0.0,0.0,-0.012443741052503898,94332.386964343
2011-08-22,-0.001008406549197649,0.0,0.0,-0.001008406549197649,94237.26156752672
2011-08-23,0.03506569955770544,0.0,0.0,0.03506569955770544,97541.7570687945
2011-08-24,-0.009748874928766083,0.0,0.0,-0.009748874928766083,96590.83467879872
2011-08-25,-0.019443511396093682,0.0,0.0,-0.019443511396093682,94712.7696839633
2011-08-26,0.017067853355347218,0.0,0.0,0.017067853355347218,96329.31334780797
2011-08-29,0.03232973334001832,0.0,0.0,0.03232973334001832,99443.61436116966
2011-08-30,0.001434392491685088,0.0,0.0,0.001434392491685088,99586.25553495534
2011-08-31,0.020530177381863357,0.0,0.0,0.020530177381863357,101630.77902588356
2011-09-01,-0.005380480720298064,0.0,0.0,-0.005380480720298064,101083.95657874591
2011-09-02,-0.02257748232917789,0.0,0.0,-0.02257748232917789,98801.7353353259
2011-09-06,-0.01034640710934065,0.0,0.0,-0.01034640710934065,97779.49235843729
2011-09-07,0.029661976417911795,0.0,0.0,0.029661976417911795,100679.82535492863
2011-09-08,-0.022195786707234655,0.0,0.0,-0.022195786707234655,98445.157425629
2011-09-09,-0.033808420581157295,0.0,0.0,-0.033808420581157295,95116.88213920509
2011-09-12,-0.001999981714903898,0.0,0.0,-0.001999981714903898,94926.65011414801
2011-09-13,0.0015031075778713099,0.0,0.0,0.0015031075778713099,95069.33508127653
2011-09-14,-0.0027505193952186424,0.0,0.0,-0.0027505193952186424,94807.84503124494
2011-09-15,0.014543518573875147,0.0,0.0,0.014543518573875147,96186.68468640593
2011-09-16,0.0017298618673167176,0.0,0.0,0.0017298618673167176,96353.07436438855
2011-09-19,-0.02960756261478792,0.0,0.0,-0.02960756261478792,93500.2946820176
2011-09-20,-0.007373450853017327,0.0,0.0,-0.007373450853017327,92810.8748544371
2011-09-21,-0.03714111243223228,0.0,0.0,-0.03714111243223228,89363.77571653463
2011-09-22,-0.07023188726617013,0.0,0.0,-0.07023188726617013,83087.58909473165
2011-09-23,0.026609728573991687,0.0,0.0,0.026609728573991687,85298.52728840981
2011-09-26,0.015050178385225044,0.0,0.0,0.015050178385225044,86582.28534009737
2011-09-27,0.031850676200760875,0.0,0.0,0.031850676200760875,89339.98967518669
2011-09-28,-0.030069149344783885,0.0,0.0,-0.030069149344783885,86653.61218318205
2011-09-29,0.013717419342168968,0.0,0.0,0.013717419342168968,87842.27611901244
2011-09-30,-0.05006768106840209,0.0,0.0,-0.05006768106840209,83444.2170539632
2011-10-03,-0.021082915768877775,0.0,0.0,-0.021082915768877775,81684.96965441456
2011-10-04,0.015425078082756283,0.0,0.0,0.015425078082756283,82944.96668952148
2011-10-05,0.0232158400248601,0.0,0.0,0.0232158400248601,84870.60376705276
2011-10-06,0.033053274850236125,0.0,0.0,0.033053274850236125,87675.85516007064
2011-10-07,-0.01193085353889356,0.0,0.0,-0.01193085353889356,86629.80737325859
2011-10-10,0.04473118500105189,0.0,0.0,0.04473118500105189,90504.86131347732
2011-10-11,0.0005252845101000325,0.0,0.0,0.0005252845101000325,90552.40211521403
2011-10-12,0.02809159429862218,0.0,0.0,0.02809159429862218,93096.16345820033
2011-10-13,-0.008937583615332811,0.0,0.0,-0.008937583615332811,92264.10871302597
2011-10-14,0.020097578956154827,0.0,0.0,0.020097578956154827,94118.39392270526
2011-10-17,-0.03384689444104738,0.0,0.0,-0.03384689444104738,90932.77857864255
2011-10-18,0.026666744640207796,0.0,0.0,0.026666744640207796,93357.65976442376
2011-10-19,-0.019098482674618555,0.0,0.0,-0.019098482674618555,91574.67011686998
2011-10-20,-0.01921093338277735,0.0,0.0,-0.01921093338277735,89815.43522970498
2011-10-21,0.02858651010950153,0.0,0.0,0.02858651010950153,92382.94507688821
2011-10-24,0.039115121772438144,0.0,0.0,0.039115121772438144,95996.51522326717
2011-10-25,-0.019811862965395277,0.0,0.0,-0.019811862965395277,94094.64541850831
2011-10-26,0.01844345201071551,0.0,0.0,0.01844345201071551,95830.07549574987
2011-10-27,0.06077902224736098,0.0,0.0,0.06077902224736098,101654.53378627234
2011-10-28,-0.008418926201030574,0.0,0.0,-0.008418926201030574,100798.71176832553
2011-10-31,-0.037500328950798356,0.0,0.0,-0.037500328950798356,97018.72691919662
2011-11-01,-0.024258698925877287,0.0,0.0,-0.024258698925877287,94665.17883269192
2011-11-02,0.030638264519208258,0.0,0.0,0.030638264519208258,97565.5556225261
2011-11-03,0.010233895535625148,0.0,0.0,0.010233895535625148,98564.03132664225
2011-11-04,-0.006512622283839309,0.0,0.0,-0.006512622283839309,97922.12101983931
2011-11-07,0.008497107053122122,0.0,0.0,0.008497107053122122,98754.17576501367
2011-11-08,0.011796113152778398,0.0,0.0,0.011796113152778398,99919.09119664713
2011-11-09,-0.058529736466166216,0.0,0.0,-0.058529736466166216,94070.85312096856
2011-11-10,0.006570704235843161,0.0,0.0,0.006570704235843161,94688.96487403988
2011-11-11,0.02410255800370531,0.0,0.0,0.02410255800370531,96971.21114222724
2011-11-14,-0.013729192147787006,0.0,0.0,-0.013729192147787006,95639.87475165198
2011-11-15,0.006214400445862189,0.0,0.0,0.006214400445862189,96234.21923195085
2011-11-16,-0.02692696952510676,0.0,0.0,-0.02692696952510676,93642.92334341966
2011-11-17,-0.02538709312555909,0.0,0.0,-0.02538709312555909,91265.60172795068
2011-11-18,0.00390737784997075,0.0,0.0,0.00390737784997075,91622.21091860671
2011-11-21,-0.03217456825841092,0.0,0.0,-0.03217456825841092,88674.30583941948
2011-11-22,0.003485221760895163,0.0,0.0,0.003485221760895163,88983.3554597633
2011-11-23,-0.032326727668212984,0.0,0.0,-0.032326727668212984,86106.81476081174
2011-11-25,-0.0033133395648112796,0.0,0.0,-0.0033133395648112796,85821.51364466487
2011-11-28,0.0479225902131033,0.0,0.0,0.0479225902131033,89934.3028745264
2011-11-29,-0.004493627135589429,0.0,0.0,-0.004493627135589429,89530.1716507091
2011-11-30,0.062400310258443836,0.0,0.0,0.062400310258443836,95116.88213920509
2011-12-01,-0.002999150400769146,0.0,0.0,-0.002999150400769146,94831.61230401737
2011-12-02,-0.0030083043052858693,0.0,0.0,-0.0030083043052858693,94546.329956446
2011-12-05,0.01634375280604905,0.0,0.0,0.01634375280604905,96091.5718019733
2011-12-06,-0.013607010934972519,0.0,0.0,-0.013607010934972519,94784.05273370515
2011-12-07,0.00401288701931346,0.0,0.0,0.00401288701931346,95164.41042855816
2011-12-08,-0.03597268492843064,0.0,0.0,-0.03597268492843064,91741.09107581178
2011-12-09,0.020212223815158525,0.0,0.0,0.020212223815158525,93595.38254168292
2011-12-12,-0.03759187564002142,0.0,0.0,-0.03759187564002142,90076.95656069575
2011-12-13,-0.00923784882243417,0.0,0.0,-0.00923784882243417,89244.83925360309
2011-12-14,-0.014384465184189454,0.0,0.0,-0.014384465184189454,87961.09997049104
2011-12-15,0.006486841570893409,0.0,0.0,0.006486841570893409,88531.68969040114
2011-12-16,0.007518593495281722,0.0,0.0,0.007518593495281722,89197.32347663368
2011-12-19,-0.025852875342969872,0.0,0.0,-0.025852875342969872,86891.31619186571
2011-12-20,0.04190267431049555,0.0,0.0,0.04190267431049555,90532.29471466375
2011-12-21,0.003181365327257213,0.0,0.0,0.003181365327257213,90820.311018066
2011-12-22,0.013213594006641127,0.0,0.0,0.013213594006641127,92020.3737354156
2011-12-23,0.003912517554250927,0.0,0.0,0.003912517554250927,92380.40506300415
2011-12-27,-0.009613147182531812,0.0,0.0,-0.009613147182531812,91492.33863235157
2011-12-28,-0.016788922207894408,0.0,0.0,-0.016788922207894408,89956.28087643468
2011-12-29,0.011472755647913946,0.0,0.0,0.011472755647913946,90988.32730592514
2011-12-30,0.0007912003830656822,0.0,0.0,0.0007912003830656822,91060.3173053441
2012-01-03,0.030574643576594562,0.0,0.0,0.030574643576594562,93844.4540509266
2012-01-04,-0.005626638805801387,0.0,0.0,-0.005626638805801387,93316.42520405441
2012-01-05,-0.004372395514007255,0.0,0.0,-0.004372395514007255,92908.408885109
2012-01-06,-0.012658315642168239,0.0,0.0,-0.012658315642168239,91732.34491962967
2012-01-09,0.010465912400958288,0.0,0.0,0.010465912400958288,92692.40760589301
2012-01-10,0.021750450371342378,0.0,0.0,0.021750450371342378,94708.50921732522
2012-01-11,0.0007601878247873728,0.0,0.0,0.0007601878247873728,94780.505472936
2012-01-12,0.004051783407807097,0.0,0.0,0.004051783407807097,95164.53555239481
2012-01-13,-0.009079592112577695,0.0,0.0,-0.009079592112577695,94300.48038599615
2012-01-17,0.019088983691789796,0.0,0.0,0.019088983691789796,96100.58071821238
2012-01-18,0.025224344316323144,0.0,0.0,0.025224344316323144,98524.65485524718
2012-01-19,0.008770192521206921,0.0,0.0,0.008770192521206921,99388.73504641316
2012-01-20,-0.0007246422881272974,0.0,0.0,-0.0007246422881272974,99316.71376603504
2012-01-23,0.009666362980613519,0.0,0.0,0.009666362980613519,100276.74517133924
2012-01-24,0.0014363255221980786,0.0,0.0,0.0014363255221980786,100420.7752197118
2012-01-25,0.01123327266581109,0.0,0.0,0.01123327266581109,101548.82916906696
2012-01-26,-0.004018301928592649,0.0,0.0,-0.004018301928592649,101140.77531297057
2012-01-27,0.005220855363446519,0.0,0.0,0.005220855363446519,101668.81667222643
2012-01-30,-0.01440042345933712,0.0,0.0,-0.01440042345933712,100204.74265953666
2012-01-31,0.008622959349601667,0.0,0.0,0.008622959349601667,101068.80408212713
2012-02-01,0.022085169400143823,0.0,0.0,0.022085169400143823,103300.92574135086
2012-02-02,0.002788250092812472,0.0,0.0,0.002788250092812472,103588.95455713679
2012-02-03,0.016681836731131883,0.0,0.0,0.016681836731131883,105317.00858420758
2012-02-06,-0.008431782642364438,0.0,0.0,-0.008431782642364438,104428.9984592815
2012-02-07,0.002068103701492907,0.0,0.0,0.002068103701492907,104644.96845753834
2012-02-08,0.007109982265399273,0.0,0.0,0.007109982265399273,105388.99232743471
2012-02-09,-0.0004555505756713707,0.0,0.0,-0.0004555505756713707,105340.98231131052
2012-02-10,-0.022100649749410173,0.0,0.0,-0.022100649749410173,103012.87815698945
2012-02-13,0.016309614358242408,0.0,0.0,0.016309614358242408,104692.97847366257
2012-02-14,-0.008252990355496204,0.0,0.0,-0.008252990355496204,103828.94833203127
2012-02-15,0.0027738294150645437,0.0,0.0,0.0027738294150645437,104116.95212304988
2012-02-16,0.010834669042150358,0.0,0.0,0.010834669042150358,105245.02484098052
2012-02-17,0.001823981613238157,0.0,0.0,0.001823981613238157,105436.98983117526
2012-02-21,-0.004097139407526984,0.0,0.0,-0.004097139407526984,105004.99978512694
2012-02-22,0.0018286275903274252,0.0,0.0,0.0018286275903274252,105197.01482485635
2012-02-23,-0.0018252898150112884,0.0,0.0,-0.0018252898150112884,105004.99978512694
2012-02-24,0.010057213427031142,0.0,0.0,0.010057213427031142,106061.05747887131
2012-02-27,-0.009957073018574847,0.0,0.0,-0.009957073018574847,105004.99978512691
2012-02-28,0.01394254062696687,0.0,0.0,0.01394254062696687,106469.0362606657
2012-02-29,-0.0006762177825533344,0.0,0.0,-0.0006762177825533344,106397.04000505492
2012-03-01,0.009474631083154605,0.0,0.0,0.009474631083154605,107405.11270744246
2012-03-02,-0.0024583217078940622,0.0,0.0,-0.0024583217078940622,107141.07638733495
2012-03-05,-0.01724890786346478,0.0,0.0,-0.01724890786346478,105293.00983233735
2012-03-06,-0.0335080826095554,0.0,0.0,-0.0335080826095554,101764.84296066668
2012-03-07,0.012028210541329187,0.0,0.0,0.012028210541329187,102988.89191750289
2012-03-08,0.020974231793459808,0.0,0.0,0.020974231793459808,105149.00480873218
2012-03-09,-0.00045670930119789954,0.0,0.0,-0.00045670930119789954,105100.98228022433
2012-03-12,-0.010961209949287842,0.0,0.0,-0.010961209949287842,103948.94834757442
2012-03-13,0.027245313992687814,0.0,0.0,0.027245313992687814,106781.07008451376
2012-03-14,-0.015733948001829368,0.0,0.0,-0.015733948001829368,105100.98228022433
2012-03-15,0.007992731218295912,0.0,0.0,0.007992731218295912,105941.02618236905
2012-03-16,-0.0011330010745380648,0.0,0.0,-0.0011330010745380648,105820.99488586676
2012-03-19,-0.0038556035784939047,0.0,0.0,-0.0038556035784939047,105412.99107930502
2012-03-20,-0.0173037165864679,0.0,0.0,-0.0173037165864679,103588.95455713687
2012-03-21,0.0018530811013932613,0.0,0.0,0.0018530811013932613,103780.91329113976
2012-03-22,-0.015263756025856945,0.0,0.0,-0.015263756025856945,102196.82675052319
2012-03-23,0.0075156827458850994,0.0,0.0,0.0075156827458850994,102964.90567801631
2012-03-26,0.017482294411012678,0.0,0.0,0.017482294411012678,104764.96847308155
2012-03-27,-0.0052692599728708656,0.0,0.0,-0.0052692599728708656,104212.93461814725
2012-03-28,-0.01681229917910576,0.0,0.0,-0.01681229917910576,102460.87558301438
2012-03-29,-0.0011716673744459616,0.0,0.0,-0.0011716673744459616,102340.8255179366
2012-03-30,0.007270731736242375,0.0,0.0,0.007270731736242375,103084.9182059431
2012-04-02,0.013736868799144597,0.0,0.0,0.013736868799144597,104500.98220250869
2012-04-03,-0.005741992643625848,0.0,0.0,-0.005741992643625848,103900.93833145022
2012-04-04,-0.01801803103705457,0.0,0.0,-0.01801803103705457,102028.84799981506
2012-04-05,0.00541068901727626,0.0,0.0,0.00541068901727626,102580.894367133
2012-04-09,-0.014740466968381938,0.0,0.0,-0.014740466968381938,101068.8040821272
2012-04-10,-0.01947254237758156,0.0,0.0,-0.01947254237758156,99100.73751158649
2012-04-11,0.01089819244117507,0.0,0.0,0.01089819244117507,100180.75642005014
2012-04-12,0.025634767927198432,0.0,0.0,0.025634767927198432,102748.86686164931
2012-04-13,-0.015183199147954962,0.0,0.0,-0.015183199147954962,101188.81035386218
2012-04-16,-0.004980899811588668,0.0,0.0,-0.004980899811588668,100684.79902743574
2012-04-17,0.011442171135599866,0.0,0.0,0.011442171135599866,101836.85172866115
2012-04-18,-0.004713790648227634,0.0,0.0,-0.004713790648227634,101356.81412933764
2012-04-19,-0.004499279058628347,0.0,0.0,-0.004499279058628347,100900.78153807622
2012-04-20,0.006898436627592819,0.0,0.0,0.006898436627592819,101596.83918519122
2012-04-23,-0.01913549054688346,0.0,0.0,-0.01913549054688346,99652.73382936975
2012-04-24,0.002167477145122998,0.0,0.0,0.002167477145122998,99868.72885239394
2012-04-25,0.00913245241456262,0.0,0.0,0.00913245241456262,100780.77526634128
2012-04-26,0.006192017922938886,0.0,0.0,0.006192017922938886,101404.81163307815
2012-04-27,0.0014202238894738262,0.0,0.0,0.0014202238894738262,101548.82916906704
2012-04-30,-0.0021270681403559033,0.0,0.0,-0.0021270681403559033,101332.82788985108
2012-05-01,0.006632008014221702,0.0,0.0,0.006632008014221702,102004.86801652031
2012-05-02,-0.0018825945470936079,0.0,0.0,-0.0018825945470936079,101812.83420821541
2012-05-03,-0.007543659856982354,0.0,0.0,-0.007543659856982354,101044.79281787328
2012-05-04,-0.017577121057389955,0.0,0.0,-0.017577121057389955,99268.71626229465
2012-05-07,0.0036267727130210314,0.0,0.0,0.0036267727130210314,99628.74133369136
2012-05-08,-0.015899706759673782,0.0,0.0,-0.015899706759673782,98044.67356165027
2012-05-09,-0.012974534480221678,0.0,0.0,-0.012974534480221678,96772.58956392256
2012-05-10,0.004216238511173476,0.0,0.0,0.004216238511173476,97180.60588286795
2012-05-11,-0.012842688206681996,0.0,0.0,-0.012842688206681996,95932.54566177784
2012-05-14,-0.022767160279472898,0.0,0.0,-0.022767160279472898,93748.43401867828
2012-05-15,-0.008704360067972261,0.0,0.0,-0.008704360067972261,92932.41389317118
2012-05-16,-0.01420481511625793,0.0,0.0,-0.01420481511625793,91612.32613551112
2012-05-17,-0.013623005210856909,0.0,0.0,-0.013623005210856909,90364.29093918831
2012-05-18,-0.009561494040041696,0.0,0.0,-0.009561494040041696,89500.27330994068
2012-05-21,0.023866704795534543,0.0,0.0,0.023866704795534543,91636.3499121487
2012-05-22,-0.010476739577690242,0.0,0.0,-0.010476739577690242,90676.29973826902
2012-05-23,-0.006881884860260423,0.0,0.0,-0.006881884860260423,90052.27588391579
2012-05-24,-0.005063878932652033,0.0,0.0,-0.005063878932652033,89596.26206122986
2012-05-25,-0.004821937581548474,0.0,0.0,-0.004821937581548474,89164.23447803054
2012-05-29,0.028263509287505872,0.0,0.0,0.028263509287505872,91684.32864731371
2012-05-30,-0.017277615095052323,0.0,0.0,-0.017277615095052323,90100.24210669714
2012-05-31,0.0042626007593096205,0.0,0.0,0.0042626007593096205,90484.30346711514
2012-06-01,-0.026790618371089203,0.0,0.0,-0.026790618371089203,88060.17302435383
2012-06-04,0.004360996194642919,0.0,0.0,0.004360996194642919,88444.20310381263
2012-06-05,0.002713787803368062,0.0,0.0,0.002713787803368062,88684.22190347438
2012-06-06,0.029228527215255484,0.0,0.0,0.029228527215255484,91276.33109694383
2012-06-07,0.006047872346623517,0.0,0.0,0.006047872346623517,91828.35869568629
2012-06-08,-0.00862495125356355,0.0,0.0,-0.00862495125356355,91036.34357824124
2012-06-11,-0.014500805042869103,0.0,0.0,-0.014500805042869103,89716.24330819752
2012-06-12,0.020867072531908448,0.0,0.0,0.020867072531908448,91588.35866460002
2012-06-13,-0.003668807567183685,0.0,0.0,-0.003668807567183685,91252.33860126541
2012-06-14,0.007101435603257045,0.0,0.0,0.007101435603257045,91900.3612074889
2012-06-15,0.01828155543702792,0.0,0.0,0.01828155543702792,93580.4427555865
2012-06-18,0.0020516708993925103,0.0,0.0,0.0020516708993925103,93772.43902674041
2012-06-19,0.01612497006920055,0.0,0.0,0.01612497006920055,95284.51679936252
2012-06-20,-0.0032744963144188954,0.0,0.0,-0.0032744963144188954,94972.50800028183
2012-06-21,-0.03662216194631007,0.0,0.0,-0.03662216194631007,91494.40943184828
2012-06-22,0.003185450942065682,0.0,0.0,0.003185450942065682,91785.8603845667
2012-06-25,-0.018523157235299514,0.0,0.0,-0.018523157235299514,90085.69646068611
2012-06-26,0.008627415249169879,0.0,0.0,0.008627415249169879,90862.90317206313
2012-06-27,0.006415593407619324,0.0,0.0,0.006415593407619324,91445.84261465096
2012-06-28,-0.004780714098943428,0.0,0.0,-0.004780714098943428,91008.66618557334
2012-06-29,0.044301925314369495,0.0,0.0,0.044301925314369495,95040.52531788699
2012-07-02,0.0,0.0,0.0,0.0,95040.52531788699
2012-07-03,0.019933470401806597,0.0,0.0,0.019933470401806597,96935.01281628324
2012-07-05,-0.01052364451023513,0.0,0.0,-0.01052364451023513,95914.90320080958
2012-07-06,-0.01823249797341331,0.0,0.0,-0.01823249797341331,94166.13492258069
2012-07-09,-0.003610828565866697,0.0,0.0,-0.003610828565866697,93826.11715266499
2012-07-10,-0.011131654780210387,0.0,0.0,-0.011131654780210387,92781.67720715393
2012-07-11,0.005235740482911533,0.0,0.0,0.005235740482911533,93267.45799057986
2012-07-12,-0.016666729272772796,0.0,0.0,-0.016666729272772796,91712.99451829116
2012-07-13,0.019332986619785775,0.0,0.0,0.019332986619785775,93486.08061417377
2012-07-16,-0.0023385580201632505,0.0,0.0,-0.0023385580201632505,93267.45799057987
2012-07-17,0.013281304081613987,0.0,0.0,0.013281304081613987,94506.17146107192
2012-07-18,-0.0025697036585806687,0.0,0.0,-0.0025697036585806687,94263.31860650994
2012-07-19,0.009275576278120257,0.0,0.0,0.009275576278120257,95137.6652084734
2012-07-20,-0.014807034752045478,0.0,0.0,-0.014807034752045478,93728.95849350306
2012-07-23,-0.026172772000356948,0.0,0.0,-0.026172772000356948,91275.81183302168
2012-07-24,-0.00425780531383968,0.0,0.0,-0.00425780531383968,90887.17719637402
2012-07-25,0.004810444372060907,0.0,0.0,0.004810444372060907,91324.38490641082
2012-07-26,0.022606703641186332,0.0,0.0,0.022606703641186332,93388.92821120367
2012-07-27,0.028087937382431205,0.0,0.0,0.028087937382431205,96012.03057901232
2012-07-30,-0.0058180506441734,0.0,0.0,-0.0058180506441734,95453.42772265371
2012-07-31,-0.004580128256175153,0.0,0.0,-0.004580128256175153,95016.23878119241
2012-08-01,0.0017891625984227666,0.0,0.0,0.0017891625984227666,95186.23828186252
2012-08-02,-0.01173764231690022,0.0,0.0,-0.01173764231690022,94068.9762634188
2012-08-03,0.030983417286617465,0.0,0.0,0.030983417286617465,96983.55460871321
2012-08-06,0.00626151020019261,0.0,0.0,0.00626151020019261,97590.8181251466
2012-08-07,0.0027375978719768046,0.0,0.0,0.0027375978719768046,97857.98254117048
2012-08-08,0.0019853237940103963,0.0,0.0,0.0019853237940103963,98052.26232234332
2012-08-09,0.004211363164354109,0.0,0.0,0.004211363164354109,98465.19600806922
2012-08-10,0.00468674976597705,0.0,0.0,0.00468674976597705,98926.67774241693
2012-08-13,-0.008839025428008296,0.0,0.0,-0.008839025428008296,98052.26232234332
2012-08-14,-0.0002473706894764449,0.0,0.0,-0.0002473706894764449,98028.00706660791
2012-08-15,-0.0014868250971123986,0.0,0.0,-0.0014868250971123986,97882.25656548138
2012-08-16,0.009181011911225667,0.0,0.0,0.009181011911225667,98780.9147289067
2012-08-17,-0.00491725284407718,0.0,0.0,-0.00491725284407718,98295.18399501544
2012-08-20,-0.0004947279931648563,0.0,0.0,-0.0004947279931648563,98246.55461589982
2012-08-21,-0.0014831992911820135,0.0,0.0,-0.0014831992911820135,98100.83539573244
2012-08-22,0.0004955167847859876,0.0,0.0,0.0004955167847859876,98149.44600627256
2012-08-23,-0.009156146187025538,0.0,0.0,-0.009156146187025538,97250.77533046356
2012-08-24,0.0002496023731266561,0.0,0.0,0.0002496023731266561,97275.04935477444
2012-08-27,-0.010237189139295055,0.0,0.0,-0.010237189139295055,96279.22627599536
2012-08-28,-0.002018268382909527,0.0,0.0,-0.002018268382909527,96084.90895767152
2012-08-29,-0.00480272320565267,0.0,0.0,-0.00480272320565267,95623.43973570749
2012-08-30,-0.011684041880563822,0.0,0.0,-0.011684041880563822,94506.17146107192
2012-08-31,0.009509187792788865,0.0,0.0,0.009509187792788865,95404.84839307277
2012-09-04,-0.005600974394983527,0.0,0.0,-0.005600974394983527,94870.48828006588
2012-09-05,-0.00512026472780891,0.0,0.0,-0.00512026472780891,94384.72626521545
2012-09-06,0.022130816664578612,0.0,0.0,0.022130816664578612,96473.53733812737
2012-09-07,0.023161976251206973,0.0,0.0,0.023161976251206973,98708.055118823
2012-09-10,-0.01279511826153168,0.0,0.0,-0.01279511826153168,97445.07388021187
2012-09-11,0.01196427967239666,0.0,0.0,0.01196427967239666,98610.93399681209
2012-09-12,0.004433409841586133,0.0,0.0,0.004433409841586133,99048.11668208156
2012-09-13,0.0269741423927492,0.0,0.0,0.0269741423927492,101719.85468519766
2012-09-14,0.011699870392333,0.0,0.0,0.011699870392333,102909.96380134144
2012-09-17,-0.010856511931390589,0.0,0.0,-0.010856511931390589,101792.72055147319
2012-09-18,0.0004767460755876751,0.0,0.0,0.0004767460755876751,101841.2498315195
2012-09-19,0.0,0.0,0.0,0.0,101841.2498315195
2012-09-20,-0.005962168564582315,0.0,0.0,-0.005962168564582315,101234.05513319623
2012-09-21,0.0023992952904374754,0.0,0.0,0.0023992952904374754,101476.9455249092
2012-09-24,-0.0009572606869860945,0.0,0.0,-0.0009572606869860945,101379.80563432278
2012-09-25,-0.014853824951565064,0.0,0.0,-0.014853824951565064,99873.92774780687
2012-09-26,-0.004620767973566586,0.0,0.0,-0.004620767973566586,99412.4335010755
2012-09-27,0.015880747479884993,0.0,0.0,0.015880747479884993,100991.17725386695
2012-09-28,-0.006012539742678347,0.0,0.0,-0.006012539742678347,100383.96378696819
2012-10-01,0.009920328006452594,0.0,0.0,0.009920328006452594,101379.80563432277
2012-10-02,0.0014371743038985585,0.0,0.0,0.0014371743038985585,101525.50608591465
2012-10-03,-0.006698420828587404,0.0,0.0,-0.006698420828587404,100845.44552131587
2012-10-04,0.010356589882117628,0.0,0.0,0.010356589882117628,101889.86044205957
2012-10-05,0.0,0.0,0.0,0.0,101889.86044205957
2012-10-08,-0.008820143479377096,0.0,0.0,-0.008820143479377096,100991.17725386689
2012-10-09,-0.007455616184658287,0.0,0.0,-0.007455616184658287,100238.22579822525
2012-10-10,-0.00605770365609859,0.0,0.0,-0.00605770365609859,99631.0123313265
2012-10-11,0.009263879823060206,0.0,0.0,0.009263879823060206,100553.98205621375
2012-10-12,-0.003140166620273388,0.0,0.0,-0.003140166620273388,100238.22579822525
2012-10-15,0.0058157275482590975,0.0,0.0,0.0058157275482590975,100821.18400938861
2012-10-16,0.010358709767735563,0.0,0.0,0.010358709767735563,101865.56139298133
2012-10-17,0.007868454442012895,0.0,0.0,0.007868454442012895,102667.08592201208
2012-10-18,-0.002839040135094173,0.0,0.0,-0.002839040135094173,102375.60994452632
2012-10-19,-0.015421153630622908,0.0,0.0,-0.015421153630622908,100796.85993554306
2012-10-22,0.009638745803007165,0.0,0.0,0.009638745803007165,101768.41524620308
2012-10-23,-0.020525263955837647,0.0,0.0,-0.020525263955837647,99679.59166090748
2012-10-24,0.0009749606946611866,0.0,0.0,0.0009749606946611866,99776.77534483673
2012-10-25,0.010954144607098648,0.0,0.0,0.010954144607098648,100869.74457039406
2012-10-26,-0.007705673059902662,0.0,0.0,-0.007705673059902662,100092.4752970987
2012-10-31,-0.0014555958873789798,0.0,0.0,-0.0014555958873789798,99946.78110169867
2012-11-01,0.016281833274097268,0.0,0.0,0.016281833274097268,101574.09792787921
2012-11-02,-0.005260606348783781,0.0,0.0,-0.005260606348783781,101039.75658344783
2012-11-05,0.0048075086371135445,0.0,0.0,0.0048075086371135445,101525.50608591462
2012-11-06,0.007894932734796134,0.0,0.0,0.007894932734796134,102327.04312732906
2012-11-07,-0.01637771983006009,0.0,0.0,-0.01637771983006009,100651.15948395118
2012-11-08,-0.012548228529808081,0.0,0.0,-0.012548228529808081,99388.1657329564
2012-11-09,0.0019549465302579616,0.0,0.0,0.0019549465302579616,99582.46428270475
2012-11-12,0.003658443498241848,0.0,0.0,0.003658443498241848,99946.78110169871
2012-11-13,-0.008991429335805878,0.0,0.0,-0.008991429335805878,99048.11668208153
2012-11-14,-0.015449076788335292,0.0,0.0,-0.015449076788335292,97517.91472172005
2012-11-15,0.0034872343242859927,0.0,0.0,0.0034872343242859927,97857.98254117042
2012-11-16,0.0029784332103870437,0.0,0.0,0.0029784332103870437,98149.44600627253
2012-11-19,0.017569958993187917,0.0,0.0,0.017569958993187917,99873.92774780684
2012-11-20,-0.0019458140005274016,0.0,0.0,-0.0019458140005274016,99679.59166090749
2012-11-21,-0.0019491682331268523,0.0,0.0,-0.0019491682331268523,99485.29936735099
2012-11-23,0.01635767412359801,0.0,0.0,0.01635767412359801,101112.64747449072
2012-11-26,0.0,0.0,0.0,0.0,101112.64747449072
2012-11-27,-0.008407802196904735,0.0,0.0,-0.008407802196904735,100262.51233491983
2012-11-28,0.00557208932290254,0.0,0.0,0.00557208932290254,100821.18400938861
2012-11-29,0.007227113602471746,0.0,0.0,0.007227113602471746,101549.83015976018
2012-11-30,-0.0004783792302215373,0.0,0.0,-0.0004783792302215373,101501.25083017923
2012-12-03,-0.0004786698230357933,0.0,0.0,-0.0004786698230357933,101452.66524440644
2012-12-04,0.0028729626825647614,0.0,0.0,0.0028729626825647614,101744.13496570036
2012-12-05,0.01074263894311911,0.0,0.0,0.01074263894311911,102837.13547221686
2012-12-06,0.007557220594151648,0.0,0.0,0.007557220594151648,103614.29839025108
2012-12-07,0.0030478423947040145,0.0,0.0,0.0030478423947040145,103930.09844158239
2012-12-10,0.00560835493672851,0.0,0.0,0.00560835493672851,104512.97532225192
2012-12-11,0.00511291892275656,0.0,0.0,0.00511291892275656,105047.34169145065
2012-12-12,0.0030056685331494304,0.0,0.0,0.0030056685331494304,105363.07918086363
2012-12-13,-0.0043799188286395285,0.0,0.0,-0.0043799188286395285,104901.59744651592
2012-12-14,0.0043991869102182335,0.0,0.0,0.0043991869102182335,105363.07918086363
2012-12-17,0.002535536221199619,0.0,0.0,0.002535536221199619,105630.23108450383
2012-12-18,0.0069864505739420935,0.0,0.0,0.0069864505739420935,106368.21147308979
2012-12-19,-0.0004594734641134579,0.0,0.0,-0.0004594734641134579,106319.3381024927
2012-12-20,0.005975430054080633,0.0,0.0,0.005975430054080633,106954.6418707203
2012-12-21,-0.011423035567904805,0.0,0.0,-0.011423035567904805,105732.89519247855
2012-12-24,-0.002079817662415162,0.0,0.0,-0.002079817662415162,105512.99004955894
2012-12-26,0.003010547648821138,0.0,0.0,0.003010547648821138,105830.64193367273
2012-12-27,0.005635681512287993,0.0,0.0,0.005635681512287993,106427.06972585189
2012-12-28,0.0036746954027158107,0.0,0.0,0.0036746954027158107,106818.156789698
2012-12-31,0.014874086256346564,0.0,0.0,0.014874086256346564,108406.9792675319
2013-01-02,0.019616630934415236,0.0,0.0,0.019616630934415236,110533.5589705379
2013-01-03,-0.007076123398264356,0.0,0.0,-0.007076123398264356,109751.40986761305
2013-01-04,0.0020040077875620455,0.0,0.0,0.0020040077875620455,109971.35254768367
2013-01-07,-0.0075574004372055414,0.0,0.0,-0.0075574004372055414,109140.25499985971
2013-01-08,-0.008958245032805068,0.0,0.0,-0.008958245032805068,108162.54985262814
2013-01-09,0.004293742567476944,0.0,0.0,0.004293742567476944,108626.97199713723
2013-01-10,0.00877596034904804,0.0,0.0,0.00877596034904804,109580.27799622125
2013-01-11,-0.00803037676589391,0.0,0.0,-0.00803037676589391,108700.3070778002
2013-01-14,0.004272615868144092,0.0,0.0,0.004272615868144092,109164.74173469294
2013-01-15,-0.00425443828760641,0.0,0.0,-0.00425443828760641,108700.3070778002
2013-01-16,-0.0008998070542939329,0.0,0.0,-0.0008998070542939329,108602.49777468768
2013-01-17,0.0056271019831442,0.0,0.0,0.0056271019831442,109213.61510529004
2013-01-18,0.0022382001278120622,0.0,0.0,0.0022382001278120622,109458.05703257752
2013-01-22,-0.0015632183802931632,0.0,0.0,-0.0015632183802931632,109286.950185953
2013-01-23,-0.0053679154478611935,0.0,0.0,-0.0053679154478611935,108700.30707780019
2013-01-24,-0.003598077127174082,0.0,0.0,-0.003598077127174082,108309.19498918677
2013-01-25,-0.0033849882626938443,0.0,0.0,-0.0033849882626938443,107942.56963540654
2013-01-28,-0.007020283975894381,0.0,0.0,-0.007020283975894381,107184.78214347822
2013-01-29,0.011174724758518773,0.0,0.0,0.011174724758518773,108382.5425822334
2013-01-30,-0.004736192080786683,0.0,0.0,-0.004736192080786683,107869.22204235989
2013-01-31,0.002039555285775041,0.0,0.0,0.002039555285775041,108089.22728434882
2013-02-01,0.0065579065077825405,0.0,0.0,0.0065579065077825405,108798.06633137802
2013-02-04,-0.01325554203217838,0.0,0.0,-0.01325554203217838,107355.88899010271
2013-02-05,0.0011385819369320593,0.0,0.0,0.0011385819369320593,107478.12246613014
2013-02-06,-0.0011372870424483095,0.0,0.0,-0.0011372870424483095,107355.88899010273
2013-02-07,-0.008879633742351789,0.0,0.0,-0.008879633742351789,106402.60801578604
2013-02-08,0.007351080413143141,0.0,0.0,0.007351080413143141,107184.78214347824
2013-02-11,-0.00045550609038025325,0.0,0.0,-0.00045550609038025325,107135.9588224158
2013-02-12,0.002737552137871635,0.0,0.0,0.002737552137871635,107429.24909553304
2013-02-13,0.005005454333265602,0.0,0.0,0.005005454333265602,107966.98129593773
2013-02-14,-0.0004526696033404498,0.0,0.0,-0.0004526696033404498,107918.10792534065
2013-02-15,-0.003624040337144585,0.0,0.0,-0.003624040337144585,107527.00834911088
2013-02-19,0.0020459299759461036,0.0,0.0,0.0020459299759461036,107747.00107871613
2013-02-20,-0.008847517584307685,0.0,0.0,-0.008847517584307685,106793.70759201577
2013-02-21,-0.013733384526213754,0.0,0.0,-0.013733384526213754,105327.06854067458
2013-02-22,0.00440980842322003,0.0,0.0,0.00440980842322003,105791.5407347183
2013-02-25,-0.013401444148614994,0.0,0.0,-0.013401444148614994,104373.78131016606
2013-02-26,0.005621017981059628,0.0,0.0,0.005621017981059628,104960.46821166169
2013-02-27,0.010944948976143287,0.0,0.0,0.010944948976143287,106109.25518075045
2013-02-28,-0.004606891304699046,0.0,0.0,-0.004606891304699046,105620.42137571015
2013-03-01,0.0023143434205583624,0.0,0.0,0.0023143434205583624,105864.86330299762
2013-03-04,-0.00946653197502334,0.0,0.0,-0.00946653197502334,104862.69018950831
2013-03-05,0.012120986133339118,0.0,0.0,0.012120986133339118,106133.72940319998
2013-03-06,0.004836544826606559,0.0,0.0,0.004836544826606559,106647.04994307348
2013-03-07,0.0027503367232486475,0.0,0.0,0.0027503367232486475,106940.36524095804
2013-03-08,0.008685745549016133,0.0,0.0,0.008685745549016133,107869.22204235985
2013-03-11,-0.005438466107806295,0.0,0.0,-0.005438466107806295,107282.57893420705
2013-03-12,-0.011392083518386498,0.0,0.0,-0.011392083518386498,106060.40683492066
2013-03-13,-0.009449609417166549,0.0,0.0,-0.009449609417166549,105058.1774157049
2013-03-14,0.004188850946412748,0.0,0.0,0.004188850946412748,105498.25046160106
2013-03-15,-0.009036700082203586,0.0,0.0,-0.009036700082203586,104544.89441298238
2013-03-18,-0.011222438797632184,0.0,0.0,-0.011222438797632184,103371.64573382778
2013-03-19,-0.007094252444487803,0.0,0.0,-0.007094252444487803,102638.30118338983
2013-03-20,0.005715696358773892,0.0,0.0,0.005715696358773892,103224.95054773448
2013-03-21,-0.010182400276951276,0.0,0.0,-0.010182400276951276,102173.87278268895
2013-03-22,0.003827968287324568,0.0,0.0,0.003827968287324568,102564.99112749421
2013-03-25,-0.0009535714462171052,0.0,0.0,-0.0009535714462171052,102467.18808057354
2013-03-26,0.014313011355602034,0.0,0.0,0.014313011355602034,103933.80210714739
2013-03-27,0.0037630282400173964,0.0,0.0,0.0037630282400173964,104324.90793956896
2013-03-28,0.0021086668347778392,0.0,0.0,0.0021086668347778392,104544.89441298238
2013-04-01,-0.010755011720684604,0.0,0.0,-0.010755011720684604,103420.51284823302
2013-04-02,0.00047269039414366,0.0,0.0,0.00047269039414366,103469.39873121379
2013-04-03,-0.011811918444227798,0.0,0.0,-0.011811918444227798,102247.2266319274
2013-04-04,-0.0028690542002823838,0.0,0.0,-0.0028690542002823838,101953.87379689184
2013-04-05,-0.0023973896195343958,0.0,0.0,-0.0023973896195343958,101709.45063817987
2013-04-08,0.0016823102037311077,0.0,0.0,0.0016823102037311077,101880.55748480436
2013-04-09,0.009836991109968052,0.0,0.0,0.009836991109968052,102882.75562306098
2013-04-10,0.009503282740493724,0.0,0.0,0.009503282740493724,103860.47953886804
2013-04-11,0.0009413157940707517,0.0,0.0,0.0009413157940707517,103958.24504863773
2013-04-12,-0.01528285403190266,0.0,0.0,-0.01528285403190266,102369.46636414663
2013-04-15,-0.024355701164047505,0.0,0.0,-0.024355701164047505,99876.18623305846
2013-04-16,0.02055783709401937,0.0,0.0,0.02055783709401937,101929.42459920961
2013-04-17,-0.01582709464997134,0.0,0.0,-0.01582709464997134,100316.17794846081
2013-04-18,0.0,0.0,0.0,0.0,100316.17794846081
2013-04-19,0.014619603493747357,0.0,0.0,0.014619603493747357,101782.76069407552
2013-04-22,0.004803270292856654,0.0,0.0,0.004803270292856654,102271.65080484231
2013-04-23,0.004780248003504406,0.0,0.0,0.004780248003504406,102760.53465941726
2013-04-24,0.0059469433127801175,0.0,0.0,0.0059469433127801175,103371.6457338278
2013-04-25,0.008985060546166324,0.0,0.0,0.008985060546166324,104300.4462295031
2013-04-26,-0.010077164367690905,0.0,0.0,-0.010077164367690905,103249.39348922488
2013-04-29,0.010416666035489408,0.0,0.0,0.010416666035489408,104324.90793956896
2013-04-30,0.014292315086865681,0.0,0.0,0.014292315086865681,105815.95239524955
2013-05-01,-0.010856758589260496,0.0,0.0,-0.010856758589260496,104667.13414520163
2013-05-02,0.007940566283648032,0.0,0.0,0.007940566283648032,105498.25046160108
2013-05-03,0.008340501881810791,0.0,0.0,0.008340501881810791,106378.15881810382
2013-05-06,0.0013787619841845178,0.0,0.0,0.0013787619841845178,106524.82897942976
2013-05-07,0.007113364668472011,0.0,0.0,0.007113364668472011,107282.57893420708
2013-05-08,0.00774669143580109,0.0,0.0,0.00774669143580109,108113.66396964734
2013-05-09,-0.0072350860762872005,0.0,0.0,-0.0072350860762872005,107331.45230480416
2013-05-10,-0.0077431639803040575,0.0,0.0,-0.0077431639803040575,106500.36726936387
2013-05-13,-0.009180298362340245,0.0,0.0,-0.009180298362340245,105522.6621221323
2013-05-14,0.004632382114193145,0.0,0.0,0.004632382114193145,106011.48341478892
2013-05-15,0.00023109993773995363,0.0,0.0,0.00023109993773995363,106035.9826620058
2013-05-16,-0.0034582640616542815,0.0,0.0,-0.0034582640616542815,105669.2822339236
2013-05-17,0.004395290281694608,0.0,0.0,0.004395290281694608,106133.7294032
2013-05-20,0.0025333945589018914,0.0,0.0,0.0025333945589018914,106402.60801578604
2013-05-21,-0.0020675501635507576,0.0,0.0,-0.0020675501635507576,106182.61528618078
2013-05-22,-0.01104981945987149,0.0,0.0,-0.01104981945987149,105009.31655749149
2013-05-23,-0.007448735652399119,0.0,0.0,-0.007448735652399119,104227.12991741563
2013-05-24,-0.008677396344117794,0.0,0.0,-0.008677396344117794,103322.70980131235
2013-05-28,0.005441751125867089,0.0,0.0,0.005441751125867089,103884.96627370127
2013-05-29,-0.012706122873731185,0.0,0.0,-0.012706122873731185,102564.9911274942
2013-05-30,0.0,0.0,0.0,0.0,102564.9911274942
2013-05-31,-0.018112794698745383,0.0,0.0,-0.018112794698745383,100707.25249992326
2013-06-03,0.014806165514489988,0.0,0.0,0.014806165514489988,102198.34074894665
2013-06-04,-0.012198119304332011,0.0,0.0,-0.012198119304332011,100951.71319578621
2013-06-05,-0.017917689619818433,0.0,0.0,-0.017917689619818433,99142.89173215519
2013-06-06,0.008382699161988638,0.0,0.0,0.008382699161988638,99973.97676759546
2013-06-07,-0.005134604150624389,0.0,0.0,-0.005134604150624389,99460.64997153015
2013-06-10,-0.013516644972051073,0.0,0.0,-0.013516644972051073,98116.27567717554
2013-06-11,-0.01893354150690041,0.0,0.0,-0.01893354150690041,96258.58709913924
2013-06-12,-0.006856434538351497,0.0,0.0,-0.006856434538351497,95598.5963979398
2013-06-13,0.02122189016073084,0.0,0.0,0.02122189016073084,97627.37931021691
2013-06-14,-0.015773549894933625,0.0,0.0,-0.015773549894933625,96087.44897155558
2013-06-17,0.009158086555855594,0.0,0.0,0.009158086555855594,96967.42614616845
2013-06-18,0.004285447086999961,0.0,0.0,0.004285447086999961,97382.97492008044
2013-06-19,-0.030873729711602738,0.0,0.0,-0.030873729711602738,94376.39927388608
2013-06-20,-0.044806728466871615,0.0,0.0,-0.044806728466871615,90147.70157794001
2013-06-21,0.014370592664197268,0.0,0.0,0.014370592664197268,91443.1774769302
2013-06-24,-0.02031522339110481,0.0,0.0,-0.02031522339110481,89585.48889889392
2013-06-25,0.021282039893594007,0.0,0.0,0.021282039893594007,91492.0508475273
2013-06-26,0.015763143930898282,0.0,0.0,0.015763143930898282,92934.25321356993
2013-06-27,0.020065347386198695,0.0,0.0,0.020065347386198695,94799.01128837717
2013-06-28,0.005747243254230483,0.0,0.0,0.005747243254230483,95343.84426651201
2013-07-01,0.0031168804921968274,0.0,0.0,0.0031168804921968274,95641.01963475735
2013-07-02,-0.017866457239541722,0.0,0.0,-0.017866457239541722,93932.25344710678
2013-07-03,-0.009227478416223067,0.0,0.0,-0.009227478416223067,93065.49560583642
2013-07-05,-0.006386572179055028,0.0,0.0,-0.006386572179055028,92471.12610077021
2013-07-08,0.001339107786032523,0.0,0.0,0.001339107786032523,92594.95490571494
2013-07-09,0.013104868541869763,0.0,0.0,0.013104868541869763,93808.3996173947
2013-07-10,-0.009503291509300515,0.0,0.0,-0.009503291509300515,92916.91104980964
2013-07-11,0.049040492346077214,0.0,0.0,0.049040492346077214,97473.60211496898
2013-07-12,-0.010671011629334703,0.0,0.0,-0.010671011629334703,96433.460173247
2013-07-15,0.010272424249953671,0.0,0.0,0.010272424249953671,97424.0655880376
2013-07-16,0.004067061368677072,0.0,0.0,0.004067061368677072,97820.29524157016
2013-07-17,0.009113981497665957,0.0,0.0,0.009113981497665957,98711.82760249806
2013-07-18,-0.01179116000172642,0.0,0.0,-0.01179116000172642,97547.90064917417
2013-07-19,-0.00279261121109331,0.0,0.0,-0.00279261121109331,97275.48728820267
2013-07-22,0.009928435054976426,0.0,0.0,0.009928435054976426,98241.28064618476
2013-07-23,0.010839360613302595,0.0,0.0,0.010839360613302595,99306.15331422143
2013-07-24,-0.01022430239436023,0.0,0.0,-0.01022430239436023,98290.81717311614
2013-07-25,0.005795251545958502,0.0,0.0,0.005795251545958502,98860.43718329218
2013-07-26,-0.0022547757358792886,0.0,0.0,-0.0022547757358792886,98637.52906829286
2013-07-29,-0.012553480078026813,0.0,0.0,-0.012553480078026813,97399.28481218826
2013-07-30,-0.0022881515206832903,0.0,0.0,-0.0022881515206832903,97176.42049053179
2013-07-31,-0.005861388249759125,0.0,0.0,-0.005861388249759125,96606.83176131494
2013-08-01,0.01820053950981726,0.0,0.0,0.01820053950981726,98365.12821970502
2013-08-02,-0.0002519264326479309,0.0,0.0,-0.0002519264326479309,98340.34744385567
2013-08-05,-0.0062954854998285015,0.0,0.0,-0.0062954854998285015,97721.24721247479
2013-08-06,-0.012671187601733025,0.0,0.0,-0.012671187601733025,96483.00295637018
2013-08-07,-0.01077998822720938,0.0,0.0,-0.01077998822720938,95442.9173203747
2013-08-08,0.019200691044224394,0.0,0.0,0.019200691044224394,97275.48728820268
2013-08-09,0.002036636693264038,0.0,0.0,0.002036636693264038,97473.60211496898
2013-08-12,0.009400115183614943,0.0,0.0,0.009400115183614943,98389.86520221154
2013-08-13,0.006041153450308201,0.0,0.0,0.006041153450308201,98984.25347585323
2013-08-14,0.003252030773225334,0.0,0.0,0.003252030773225334,99306.15331422145
2013-08-15,-0.011471179295946765,0.0,0.0,-0.011471179295946765,98166.99462436323
2013-08-16,-0.008577242212724157,0.0,0.0,-0.008577242212724157,97324.99253417487
2013-08-19,-0.018829258628515477,0.0,0.0,-0.018829258628515477,95492.43507873056
2013-08-20,-0.0018153565709105868,0.0,0.0,-0.0018153565709105868,95319.08225923814
2013-08-21,-0.023382774920830407,0.0,0.0,-0.023382774920830407,93090.25761311025
2013-08-22,0.016227746527147646,0.0,0.0,0.016227746527147646,94600.90271780269
2013-08-23,0.011779847107008523,0.0,0.0,0.011779847107008523,95715.2868880034
2013-08-26,-0.01086651804538119,0.0,0.0,-0.01086651804538119,94675.19499581607
2013-08-27,-0.023018641529966244,0.0,0.0,-0.023018641529966244,92495.90062042772
2013-08-28,0.0021420121088717714,0.0,0.0,0.0021420121088717714,92694.02795957768
2013-08-29,0.00801458333305205,0.0,0.0,0.00801458333305205,93436.93197113597
2013-08-30,0.00768638308930103,0.0,0.0,0.00768638308930103,94155.12402495509
2013-09-03,0.006312462998117496,0.0,0.0,0.006312462998117496,94749.47476144577
2013-09-04,0.017773031629368274,0.0,0.0,0.017773031629368274,96433.46017324697
2013-09-05,0.011813482514658968,0.0,0.0,0.011813482514658968,97572.67516883169
2013-09-06,0.014720530550531574,0.0,0.0,0.014720530550531574,99008.99671455157
2013-09-09,0.026263192019644332,0.0,0.0,0.026263192019644332,101609.28900693817
2013-09-10,0.007555385017396388,0.0,0.0,0.007555385017396388,102376.9863067295
2013-09-11,0.0007259791643978719,0.0,0.0,0.0007259791643978719,102451.30986570202
2013-09-12,-0.011602599074034381,0.0,0.0,-0.011602599074034381,101262.6083927206
2013-09-13,0.006602688672210366,0.0,0.0,0.006602688672210366,101931.21387007371
2013-09-16,0.011176434231622956,0.0,0.0,0.011176434231622956,103070.44137804209
2013-09-17,-0.0021628595026302877,0.0,0.0,-0.0021628595026302877,102847.5144944673
2013-09-18,0.04189736361293872,0.0,0.0,0.04189736361293872,107156.55420592897
2013-09-19,-0.005315481945436962,0.0,0.0,-0.005315481945436962,106586.96547671211
2013-09-20,-0.0223046426620217,0.0,0.0,-0.0223046426620217,104209.58129932481
2013-09-23,0.0035647409193151347,0.0,0.0,0.0035647409193151347,104581.0614579672
2013-09-24,-0.008524737579703845,0.0,0.0,-0.008524737579703845,103689.53535323116
2013-09-25,-0.00764291772862713,0.0,0.0,-0.00764291772862713,102897.04476520683
2013-09-26,0.004091508887847484,0.0,0.0,0.004091508887847484,103318.04893839691
2013-09-27,-0.011744992756983152,0.0,0.0,-0.011744992756983152,102104.57920194982
2013-09-30,-0.011399667315418638,0.0,0.0,-0.011399667315418638,100940.62096766678
2013-10-01,0.019872552723152914,0.0,0.0,0.019872552723152914,102946.56877975454
2013-10-02,0.0038491295338620723,0.0,0.0,0.0038491295338620723,103342.82345805445
2013-10-03,-0.0038343705449536136,0.0,0.0,-0.0038343705449536136,102946.56877975454
2013-10-04,0.012990341199584421,0.0,0.0,0.012990341199584421,104283.87983353005
2013-10-07,-0.008549450782825763,0.0,0.0,-0.008549450782825763,103392.30993545117
2013-10-08,-0.009580430628648218,0.0,0.0,-0.009580430628648218,102401.76708257888
2013-10-09,0.0074970978552324485,0.0,0.0,0.0074970978552324485,103169.4831509457
2013-10-10,0.023523568927606764,0.0,0.0,0.023523568927606764,105596.39759907253
2013-10-11,0.004455674375908769,0.0,0.0,0.004455674375908769,106066.90076204299
2013-10-14,0.005837474168197687,0.0,0.0,0.005837474168197687,106686.0635553422
2013-10-15,-0.00974979235174167,0.0,0.0,-0.00974979235174167,105645.8965888529
2013-10-16,0.007969981430261841,0.0,0.0,0.007969981430261841,106487.89242284941
2013-10-17,0.0062792282565271584,0.0,0.0,0.0062792282565271584,107156.554205929
2013-10-18,0.0009244468732048094,0.0,0.0,0.0009244468732048094,107255.61474740808
2013-10-21,-0.001616200361247766,0.0,0.0,-0.001616200361247766,107082.26818410747
2013-10-22,0.009713367553533692,0.0,0.0,0.009713367553533692,108122.39761344578
2013-10-23,-0.023362412137807653,0.0,0.0,-0.023362412137807653,105596.39759907256
2013-10-24,-0.002110707328087158,0.0,0.0,-0.002110707328087158,105373.51450884058
2013-10-25,0.004700566571094189,0.0,0.0,0.004700566571094189,105868.82972861954
2013-10-28,0.005847450055099124,0.0,0.0,0.005847450055099124,106487.89242284944
2013-10-29,0.0032559396517284345,0.0,0.0,0.0032559396517284345,106834.610574218
2013-10-30,-0.005563044677459605,0.0,0.0,-0.005563044677459605,106240.28486249462
2013-10-31,-0.010256381869764852,0.0,0.0,-0.010256381869764852,105150.64393099227
2013-11-01,0.0004708625673897071,0.0,0.0,0.0004708625673897071,105200.15543315631
2013-11-04,0.006120592320143281,0.0,0.0,0.006120592320143281,105844.04269657837
2013-11-05,-0.020121541863047043,0.0,0.0,-0.020121541863047043,103714.29736050504
2013-11-06,0.003103898065516697,0.0,0.0,0.003103898065516697,104036.21596744875
2013-11-07,-0.018090878039510816,0.0,0.0,-0.018090878039510816,102154.10947268941
2013-11-08,-0.0021819543410069864,0.0,0.0,-0.0021819543410069864,101931.21387007379
2013-11-11,-0.005101868899203832,0.0,0.0,-0.005101868899203832,101411.17418017196
2013-11-12,-0.005372514247462101,0.0,0.0,-0.005372514247462101,100866.34120203712
2013-11-13,0.001718949040734108,0.0,0.0,0.001718949040734108,101039.72530248873
2013-11-14,0.016176299767014513,0.0,0.0,0.016176299767014513,102674.17418735859
2013-11-15,0.019054682572561932,0.0,0.0,0.019054682572561932,104630.59798489862
2013-11-18,0.008993904508085793,0.0,0.0,0.008993904508085793,105571.63559179872
2013-11-19,-0.006099055487893579,0.0,0.0,-0.006099055487893579,104927.74832837666
2013-11-20,-0.013688970263460831,0.0,0.0,-0.013688970263460831,103491.39550169761
2013-11-21,-0.0009574280621694742,0.0,0.0,-0.0009574280621694742,103392.30993545121
2013-11-22,0.007185958318682628,0.0,0.0,0.007185958318682628,104135.28276511967
2013-11-25,-0.01284145446527818,0.0,0.0,-0.01284145446527818,102798.03427326253
2013-11-26,0.003372444003121533,0.0,0.0,0.003372444003121533,103144.71488748008
2013-11-27,0.0064823291282170015,0.0,0.0,0.0064823291282170015,103813.33287721682
2013-11-29,0.010257450812338753,0.0,0.0,0.010257450812338753,104878.1930328698
2013-12-02,-0.021015034505985852,0.0,0.0,-0.021015034505985852,102674.1741873586
2013-12-03,-0.0033766951186808836,0.0,0.0,-0.0033766951186808836,102327.47480456557
2013-12-04,-0.0012103061641731694,0.0,0.0,-0.0012103061641731694,102203.62723104532
2013-12-05,-0.005815236114501632,0.0,0.0,-0.005815236114501632,101609.28900693828
2013-12-06,0.02217906638074707,0.0,0.0,0.02217906638074707,103862.88817272369
2013-12-09,0.0014305837112835729,0.0,0.0,0.0014305837112835729,104011.47272875046
2013-12-10,0.0004760196242308279,0.0,0.0,0.0004760196242308279,104060.9842309145
2013-12-11,-0.022132316784922557,0.0,0.0,-0.022132316784922557,101757.87356296506
2013-12-12,-0.005840832907371363,0.0,0.0,-0.005840832907371363,101163.52282647436
2013-12-13,0.00244803014741235,0.0,0.0,0.00244803014741235,101411.174180172
2013-12-16,0.006593324293083569,0.0,0.0,0.006593324293083569,102079.81093848427
2013-12-17,-0.008733434436881904,0.0,0.0,-0.008733434436881904,101188.30360232372
2013-12-18,0.019903852485191553,0.0,0.0,0.019903852485191553,103202.34067045116
2013-12-19,-0.018401698056841775,0.0,0.0,-0.018401698056841775,101303.24235867418
2013-12-20,-0.0014802553062140955,0.0,0.0,-0.0014802553062140955,101153.28769663608
2013-12-23,0.00741132082193352,0.0,0.0,0.00741132082193352,101902.96716394917
2013-12-24,0.005884762460111048,0.0,0.0,0.005884762460111048,102502.64191968951
2013-12-26,-0.008532005028505818,0.0,0.0,-0.008532005028505818,101628.0888633956
2013-12-27,0.015490321865361478,0.0,0.0,0.015490321865361478,103202.34067045116
2013-12-30,0.004358442078676861,0.0,0.0,0.004358442078676861,103652.14209464719
2013-12-31,0.007714422243118024,0.0,0.0,0.007714422243118024,104451.75848516896
2014-01-02,-0.038516649246056245,0.0,0.0,-0.038516649246056245,100428.62674046193
2014-01-03,-0.0017414540889347796,0.0,0.0,-0.0017414540889347796,100253.73489777865
2014-01-06,-0.009471802381345484,0.0,0.0,-0.009471802381345484,99304.15133283508
2014-01-07,0.004277720717001499,0.0,0.0,0.004277720717001499,99728.94675827581
2014-01-08,-0.0032573567802798298,0.0,0.0,-0.0032573567802798298,99404.09399736256
2014-01-09,-0.0052787748741039975,0.0,0.0,-0.0052787748741039975,98879.36216358622
2014-01-10,0.01768999002849725,0.0,0.0,0.01768999002849725,100628.53709428423
2014-01-13,-0.01191957714168268,0.0,0.0,-0.01191957714168268,99429.08748373424
2014-01-14,0.010806832153887003,0.0,0.0,0.010806832153887003,100503.60094338511
2014-01-15,-0.0002487447447536706,0.0,0.0,-0.0002487447447536706,100478.60120082162
2014-01-16,-0.00547131765714548,0.0,0.0,-0.00547131765714548,99928.85085590628
2014-01-17,-0.0050011920270420784,0.0,0.0,-0.0050011920270420784,99429.08748373424
2014-01-21,-0.0015080310344695036,0.0,0.0,-0.0015080310344695036,99279.14533407979
2014-01-22,0.013340271834127337,0.0,0.0,0.013340271834127337,100603.55612029626
2014-01-23,-0.0245901313119542,0.0,0.0,-0.0245901313119542,98129.70146484862
2014-01-24,-0.02622871618000977,0.0,0.0,-0.02622871618000977,95555.88537629801
2014-01-27,-0.003922465972799216,0.0,0.0,-0.003922465972799216,95181.07066740879
2014-01-28,0.0063009488889074206,0.0,0.0,0.0063009488889074206,95780.80172887561
2014-01-29,-0.014349472862443813,0.0,0.0,-0.014349472862443813,94406.397713724
2014-01-30,0.009264434355988005,0.0,0.0,0.009264434355988005,95281.0195881281
2014-01-31,0.001573748963796584,0.0,0.0,0.001573748963796584,95430.9679939744
2014-02-03,-0.02828008653294778,0.0,0.0,-0.02828008653294778,92732.17196118183
2014-02-04,0.02021013646652392,0.0,0.0,0.02021013646652392,94606.30181135448
2014-02-05,-0.0036977185664329726,0.0,0.0,-0.0036977185664329726,94256.47433264507
2014-02-06,0.02094415877754785,0.0,0.0,0.02094415877754785,96230.59689687986
2014-02-07,0.0057127135262475814,0.0,0.0,0.0057127135262475814,96780.33472941154
2014-02-10,-0.01110305369368736,0.0,0.0,-0.01110305369368736,95705.77747641785
2014-02-11,0.021671329982823062,0.0,0.0,0.021671329982823062,97779.84896137193
2014-02-12,0.0002558017343332608,0.0,0.0,0.0002558017343332608,97804.8612163191
2014-02-13,0.0010221137073513908,0.0,0.0,0.0010221137073513908,97904.82890561389
2014-02-14,0.01225047636410359,0.0,0.0,0.01225047636410359,99104.20969805373
2014-02-18,-0.009328715773897822,0.0,0.0,-0.009328715773897822,98179.69469378381
2014-02-19,-0.006872337860388433,0.0,0.0,-0.006872337860388433,97504.97066081835
2014-02-20,0.003588112044929259,0.0,0.0,0.003588112044929259,97854.8294204869
2014-02-21,0.006894897392329291,0.0,0.0,0.006894897392329291,98529.52842868504
2014-02-24,0.0,0.0,0.0,0.0,98529.52842868504
2014-02-25,-0.01141301718279919,0.0,0.0,-0.01141301718279919,97405.00922771536
2014-02-26,0.0007699087766965818,0.0,0.0,0.0007699087766965818,97480.002199214
2014-02-27,0.018969391896627386,0.0,0.0,0.018969391896627386,99329.13856301497
2014-02-28,-0.006792180832406403,0.0,0.0,-0.006792180832406403,98654.47709196781
2014-03-03,-0.017730568414393466,0.0,0.0,-0.017730568414393466,96905.27713650247
2014-03-04,0.01701901397843808,0.0,0.0,0.01701901397843808,98554.50940267302
2014-03-05,0.0007606114727150004,0.0,0.0,0.0007606114727150004,98629.4710932125
2014-03-06,0.014187987552502834,0.0,0.0,0.014187987552502834,100028.82480139293
2014-03-07,-0.012740690779754704,0.0,0.0,-0.012740690779754704,98754.38847553612
2014-03-10,-0.006831901346741498,0.0,0.0,-0.006831901346741498,98079.70823591347
2014-03-11,-0.011210085562352812,0.0,0.0,-0.011210085562352812,96980.22631465828
2014-03-12,0.0020614807141949854,0.0,0.0,0.0020614807141949854,97180.14918086422
2014-03-13,-0.01799936717152384,0.0,0.0,-0.01799936717152384,95430.96799397438
2014-03-14,0.0054982210056835346,0.0,0.0,0.0054982210056835346,95955.66854679157
2014-03-17,0.012239961214554063,0.0,0.0,0.012239961214554063,97130.16220812089
2014-03-18,0.013892162189231838,0.0,0.0,0.013892162189231838,98479.51017498251
2014-03-19,-0.021314229915049943,0.0,0.0,-0.021314229915049943,96380.49525319143
2014-03-20,0.004407678056646436,0.0,0.0,0.004407678056646436,96805.30944720765
2014-03-21,0.006194905877912715,0.0,0.0,0.006194905877912715,97405.00922771532
2014-03-24,0.009748880767676216,0.0,0.0,0.009748880767676216,98354.59904885071
2014-03-25,0.011432934247031845,0.0,0.0,0.011432934247031845,99479.0807126694
2014-03-26,0.0022609412045859756,0.0,0.0,0.0022609412045859756,99703.99706524701
2014-03-27,0.013032248340653974,0.0,0.0,0.013032248340653974,101003.36431555715
2014-03-28,0.00791685413970189,0.0,0.0,0.00791685413970189,101802.99321846258
2014-03-31,0.006627496764759044,0.0,0.0,0.006627496764759044,102477.69222666071
2014-04-01,0.011704555798240035,0.0,0.0,0.011704555798240035,103677.14809340253
2014-04-02,0.0019279593693577457,0.0,0.0,0.0019279593693577457,103877.0334224575
2014-04-03,-0.003848920577339876,0.0,0.0,-0.003848920577339876,103477.2189710048
2014-04-04,-0.002656413684934966,0.0,0.0,-0.002656413684934966,103202.3406704512
2014-04-07,0.004358442078676861,0.0,0.0,0.004358442078676861,103652.14209464724
2014-04-08,0.011571633364676925,0.0,0.0,0.011571633364676925,104851.5666804299
2014-04-09,0.007626473278345314,0.0,0.0,0.007626473278345314,105651.21435191082
2014-04-10,-0.010643101889069806,0.0,0.0,-0.010643101889069806,104526.75771285949
2014-04-11,0.0,0.0,0.0,0.0,104526.75771285949
2014-04-14,-0.002151938183819091,0.0,0.0,-0.002151938183819091,104301.82259170637
2014-04-15,-0.01509305397895544,0.0,0.0,-0.01509305397895544,102727.58955322632
2014-04-16,0.012648729636829614,0.0,0.0,0.012648729636829614,104026.96305972827
2014-04-17,0.009128244610951075,0.0,0.0,0.009128244610951075,104976.54662467184
2014-04-21,-0.006188875269195537,0.0,0.0,-0.006188875269195537,104326.85987142085
2014-04-22,-0.002635139580002832,0.0,0.0,-0.002635139580002832,104051.94403371627
2014-04-23,-0.007204376859461181,0.0,0.0,-0.007204376859461181,103302.31461593782
2014-04-24,0.0009674169325943893,0.0,0.0,0.0009674169325943893,103402.25102427347
2014-04-25,-0.013532804299326018,0.0,0.0,-0.013532804299326018,102002.9285970522
2014-04-28,0.004899009562866707,0.0,0.0,0.004899009562866707,102502.64191968956
2014-04-29,0.009507823730814602,0.0,0.0,0.009507823730814602,103477.21897100477
2014-04-30,-0.001931382096302614,0.0,0.0,-0.001931382096302614,103277.36492290898
2014-05-01,0.0012092301295418828,0.0,0.0,0.0012092301295418828,103402.25102427346
2014-05-02,0.005558450981262952,0.0,0.0,0.005558450981262952,103977.00736794413
2014-05-05,-0.005527725390641169,0.0,0.0,-0.005527725390641169,103402.25102427346
2014-05-06,0.004591606019027417,0.0,0.0,0.004591606019027417,103877.03342245749
2014-05-07,0.005292438946183475,0.0,0.0,0.005292438946183475,104426.79627975651
2014-05-08,-0.0023932779730537757,0.0,0.0,-0.0023932779730537757,104176.87392842359
2014-05-09,-0.001678556970677647,0.0,0.0,-0.001678556970677647,104002.00711050762
2014-05-12,0.016818484668896128,0.0,0.0,0.016818484668896128,105751.16327263012
2014-05-13,0.003781005523136205,0.0,0.0,0.003781005523136205,106151.00900504201
2014-05-14,0.0070619151415023396,0.0,0.0,0.0070619151415023396,106900.63842282047
2014-05-15,-0.009350288116689143,0.0,0.0,-0.009350288116689143,105901.08665370909
2014-05-16,0.013213839523178006,0.0,0.0,0.013213839523178006,107300.44661808138
2014-05-19,0.0,0.0,0.0,0.0,107300.44661808138
2014-05-20,-0.008150856972272247,0.0,0.0,-0.008150856972272247,106425.85602463645
2014-05-21,0.007748151168365691,0.0,0.0,0.007748151168365691,107250.45964533807
2014-05-22,0.006990105051073003,0.0,0.0,0.006990105051073003,108000.15162503485
2014-05-23,-0.001851135051180841,0.0,0.0,-0.001851135051180841,107800.2287588289
2014-05-27,-0.008576535987593448,0.0,0.0,-0.008576535987593448,106875.676217408
2014-05-28,0.005845163290403077,0.0,0.0,0.005845163290403077,107500.381996671
2014-05-29,0.002789262294595307,0.0,0.0,0.002789262294595307,107800.2287588289
2014-05-30,-0.01367630810716014,0.0,0.0,-0.01367630810716014,106325.91961630082
2014-06-02,0.003055078136262379,0.0,0.0,0.003055078136262379,106650.75360863858
2014-06-03,0.005623082973235771,0.0,0.0,0.005623082973235771,107250.45964533808
2014-06-04,-0.005591640713547008,0.0,0.0,-0.005591640713547008,106650.75360863858
2014-06-05,0.010543529882153235,0.0,0.0,0.010543529882153235,107775.22901626541
2014-06-06,0.009970064381606303,0.0,0.0,0.009970064381606303,108849.75498829994
2014-06-09,0.0036730279760746054,0.0,0.0,0.0036730279760746054,109249.56318356082
2014-06-10,0.0052607196052369964,0.0,0.0,0.0052607196052369964,109824.29450246415
2014-06-11,-0.0034128009143640226,0.0,0.0,-0.0034128009143640226,109449.48604976677
2014-06-12,-0.004794740498574868,0.0,0.0,-0.004794740498574868,108924.70416645575
2014-06-13,0.00045891309162460203,0.0,0.0,0.00045891309162460203,108974.69113919906
2014-06-16,-0.0045859924974857025,0.0,0.0,-0.0045859924974857025,108474.93402321888
2014-06-17,0.00023023492036244875,0.0,0.0,0.00023023492036244875,108499.90874101505
2014-06-18,0.011055190383285174,0.0,0.0,0.011055190383285174,109699.39588871604
2014-06-19,-0.005695161980941332,0.0,0.0,-0.005695161980941332,109074.6400599184
2014-06-20,-0.002061753964944568,0.0,0.0,-0.002061753964944568,108849.75498829996
2014-06-23,-0.0020660135766278342,0.0,0.0,-0.0020660135766278342,108624.86991668152
2014-06-24,-0.0004600646279069309,0.0,0.0,-0.0004600646279069309,108574.89545632186
2014-06-25,0.0021106564815822626,0.0,0.0,0.0021106564815822626,108804.05976315385
2014-06-26,0.0011572373043720052,0.0,0.0,0.0011572373043720052,108929.9718799789
2014-06-27,0.0023122587735746603,0.0,0.0,0.0023122587735746603,109181.84616316362
2014-06-30,-0.002768080277766094,0.0,0.0,-0.002768080277766094,108879.62204810928
2014-07-01,0.009484185305735693,0.0,0.0,0.009484185305735693,109912.25655963202
2014-07-02,0.00595780324803008,0.0,0.0,0.00595780324803008,110567.0921587613
2014-07-03,0.005922404885220223,0.0,0.0,0.005922404885220223,111221.91524550696
2014-07-07,-0.0006790455607396106,0.0,0.0,-0.0006790455607396106,111146.39049770254
2014-07-08,-0.0045320728756598205,0.0,0.0,-0.0045320728756598205,110642.66695610041
2014-07-09,0.005690826045079422,0.0,0.0,0.005690826045079422,111272.31512691123
2014-07-10,-0.0054323778038283255,0.0,0.0,-0.0054323778038283255,110667.8418720352
2014-07-11,-0.0011379741346901895,0.0,0.0,-0.0011379741346901895,110541.90473044282
2014-07-14,0.007746700473139745,0.0,0.0,0.007746700473139745,111398.2397561199
2014-07-15,-0.0006781953892373016,0.0,0.0,-0.0006781953892373016,111322.68998354815
2014-07-16,0.0024889285726730215,0.0,0.0,0.0024889285726730215,111599.76420743503
2014-07-17,-0.01873206456448462,0.0,0.0,-0.01873206456448462,109509.2702189201
2014-07-18,0.01563926983681929,0.0,0.0,0.01563926983681929,111221.91524550696
2014-07-21,0.0033972527904599925,0.0,0.0,0.0033972527904599925,111599.76420743504
2014-07-22,0.009252904846821064,0.0,0.0,0.009252904846821064,112632.38620657413
2014-07-23,0.0008941671176012633,0.0,0.0,0.0008941671176012633,112733.098382697
2014-07-24,0.004468284371038411,0.0,0.0,0.004468284371038411,113236.82192429913
2014-07-25,-0.0040033237642513875,0.0,0.0,-0.0040033237642513875,112783.49826410128
2014-07-28,0.006922424074330857,0.0,0.0,0.006922424074330857,113564.23346767195
2014-07-29,-0.005988003499722949,0.0,0.0,-0.005988003499722949,112884.21044022417
2014-07-30,-0.0049082228500102465,0.0,0.0,-0.0049082228500102465,112330.1495791361
2014-07-31,-0.017489132296922172,0.0,0.0,-0.017489132296922172,110365.59273221354
2014-08-01,0.005477348302688645,0.0,0.0,0.005477348302688645,110970.10352424055
2014-08-04,0.009305294434818867,0.0,0.0,0.009305294434818867,112002.71301099594
2014-08-05,-0.015291326480511458,0.0,0.0,-0.015291326480511458,110290.04295964178
2014-08-06,-0.006850779814239538,0.0,0.0,-0.006850779814239538,109534.47015962226
2014-08-07,-0.003908917950876667,0.0,0.0,-0.003908917950876667,109106.30890297555
2014-08-08,0.009002546598766648,0.0,0.0,0.009002546598766648,110088.54353309401
2014-08-11,0.012811922939790943,0.0,0.0,0.012811922939790943,111498.98946939383
2014-08-12,0.0011290424483376693,0.0,0.0,0.0011290424483376693,111624.87656145153
2014-08-13,0.0054155561972264454,0.0,0.0,0.0054155561972264454,112229.38735347854
2014-08-14,0.00157077373065162,0.0,0.0,0.00157077373065162,112405.67432694051
2014-08-15,-0.0026889135413445953,0.0,0.0,-0.0026889135413445953,112103.42518711882
2014-08-18,0.009660916950000376,0.0,0.0,0.009660916950000376,113186.44706766217
2014-08-19,0.004672807312528837,0.0,0.0,0.004672807312528837,113715.34552519908
2014-08-20,-0.0019933487554884,0.0,0.0,-0.0019933487554884,113488.6711827165
2014-08-21,-0.0042164878301338415,0.0,0.0,-0.0042164878301338415,113010.1475818165
2014-08-22,-0.002674420252563592,0.0,0.0,-0.002674420252563592,112707.91095437852
2014-08-25,0.007374128094058019,0.0,0.0,0.007374128094058019,113539.0335269698
2014-08-26,0.005989663144677193,0.0,0.0,0.005989663144677193,114219.09409156854
2014-08-27,0.0050718169632548715,0.0,0.0,0.0050718169632548715,114798.39243050976
2014-08-28,-0.009872823136288122,0.0,0.0,-0.009872823136288122,113665.00820571312
2014-08-29,-0.0015513747439097614,0.0,0.0,-0.0015513747439097614,113488.67118271648
2014-09-02,-0.0015533442380178952,0.0,0.0,-0.0015533442380178952,113312.38420925451
2014-09-03,0.013114261354796097,0.0,0.0,0.013114261354796097,114798.39243050976
2014-09-04,-0.002632869097053181,0.0,0.0,-0.002632869097053181,114496.1432906881
2014-09-05,0.008578975908314801,0.0,0.0,0.008578975908314801,115478.40294557385
2014-09-08,-0.011777492762318098,0.0,0.0,-0.011777492762318098,114118.3568906783
2014-09-09,-0.012359500914046473,0.0,0.0,-0.012359500914046473,112707.91095437849
2014-09-10,-0.004245696658273457,0.0,0.0,-0.004245696658273457,112229.3873534785
2014-09-11,-0.006732508572138918,0.0,0.0,-0.006732508572138918,111473.80204107531
2014-09-12,-0.010619168448182892,0.0,0.0,-0.010619168448182892,110290.04295964174
2014-09-15,-0.005023784183985636,0.0,0.0,-0.005023784183985636,109735.96958616997
2014-09-16,0.013082386251881184,0.0,0.0,0.013082386251881184,111171.57792602095
2014-09-17,-0.009288880805283228,0.0,0.0,-0.009288880805283228,110138.91838973088
2014-09-18,0.0013721268750441773,0.0,0.0,0.0013721268750441773,110290.04295964174
2014-09-19,-0.007536016625387942,0.0,0.0,-0.007536016625387942,109458.89536228313
2014-09-22,-0.0151861358737867,0.0,0.0,-0.0151861358737867,107796.63770471691
2014-09-23,-0.005607649553184824,0.0,0.0,-0.005607649553184824,107192.15193745721
2014-09-24,0.014332864279140045,0.0,0.0,0.014332864279140045,108728.52250296574
2014-09-25,-0.021774352153412502,0.0,0.0,-0.021774352153412502,106361.02936486593
2014-09-26,0.0044990501103410185,0.0,0.0,0.0044990501103410185,106839.55296576592
2014-09-29,-0.020273273289099447,0.0,0.0,-0.020273273289099447,104673.56551040574
2014-09-30,0.0,0.0,0.0,0.0,104673.56551040574
2014-10-01,-0.020452514001540245,0.0,0.0,-0.020452514001540245,102532.72794621302
2014-10-02,0.005404173531026846,0.0,0.0,0.005404173531026846,103086.83260064393
2014-10-03,0.008551079349144342,0.0,0.0,0.008551079349144342,103968.33628606399
2014-10-06,0.013081468992031109,0.0,0.0,0.013081468992031109,105328.3948533432
2014-10-07,-0.00884765997159398,0.0,0.0,-0.00884765997159398,104396.48503032704
2014-10-08,0.014957835802514863,0.0,0.0,0.014957835802514863,105958.03051177037
2014-10-09,-0.015688005542583427,0.0,0.0,-0.015688005542583427,104295.76034182048
2014-10-10,-0.02173410211839799,0.0,0.0,-0.02173410211839799,102028.9856360354
2014-10-13,0.010120930330666633,0.0,0.0,0.010120930330666633,103061.6138913663
2014-10-14,0.005865103173343655,0.0,0.0,0.005865103173343655,103666.08089005048
2014-10-15,-0.012633374566094924,0.0,0.0,-0.012633374566094924,102356.42846036736
2014-10-16,-0.0091043725192258,0.0,0.0,-0.0091043725192258,101424.53740592669
2014-10-17,0.011174593422780266,0.0,0.0,0.011174593422780266,102557.9153745315
2014-10-20,0.0029469238931236763,0.0,0.0,0.0029469238931236763,102860.14574577767
2014-10-21,0.0041625573592412035,0.0,0.0,0.0041625573592412035,103288.30700242438
2014-10-22,-0.006583676226196489,0.0,0.0,-0.006583676226196489,102608.29023116842
2014-10-23,-0.0002454716696060899,0.0,0.0,-0.0002454716696060899,102583.10280284994
2014-10-24,0.0071196944426352715,0.0,0.0,0.0071196944426352715,103313.46314978367
2014-10-27,-0.007800932965495444,0.0,0.0,-0.007800932965495444,102507.52174931903
2014-10-28,0.020147243470861165,0.0,0.0,0.020147243470861165,104572.76574759715
2014-10-29,0.0014456404434248782,0.0,0.0,0.0014456404434248782,104723.94036704267
2014-10-30,0.009379454165411305,0.0,0.0,0.009379454165411305,105706.1937657366
2014-10-31,0.00428888016111495,0.0,0.0,0.00428888016111495,106159.55496308545
2014-11-03,-0.008303868329946895,0.0,0.0,-0.008303868329946895,105278.01999670624
2014-11-04,0.0009568683082505913,0.0,0.0,0.0009568683082505913,105378.75719759644
2014-11-05,-0.008843015940356858,0.0,0.0,-0.008843015940356858,104446.8911679231
2014-11-06,-0.01229814046308464,0.0,0.0,-0.01229814046308464,103162.38862940745
2014-11-07,0.0063476195911058575,0.0,0.0,0.0063476195911058575,103817.22422853677
2014-11-10,0.0026687451293563313,0.0,0.0,0.0026687451293563313,104094.28594003998
2014-11-11,-0.0009678697765593824,0.0,0.0,-0.0009678697765593824,103993.53622676608
2014-11-12,-0.0019373141148821826,0.0,0.0,-0.0019373141148821826,103792.06808117745
2014-11-13,-0.002669693335772494,0.0,0.0,-0.002669693335772494,103514.97508871507
2014-11-14,0.008272571431748643,0.0,0.0,0.008272571431748643,104371.31011439215
2014-11-17,-0.010617769759445617,0.0,0.0,-0.010617769759445617,103263.11957410586
2014-11-18,0.005365949205449416,0.0,0.0,0.005365949205449416,103817.22422853677
2014-11-19,-0.00048534691035184707,0.0,0.0,-0.00048534691035184707,103766.83685951613
2014-11-20,-0.0016990567253789557,0.0,0.0,-0.0016990567253789557,103590.53111747866
2014-11-21,0.0318503696171073,0.0,0.0,0.0318503696171073,106889.92782240281
2014-11-24,-0.008246777289370288,0.0,0.0,-0.008246777289370288,106008.43039317458
2014-11-25,-0.006414919429608146,0.0,0.0,-0.006414919429608146,105328.39485334314
2014-11-26,0.012673302659132801,0.0,0.0,0.012673302659132801,106663.25347992021
2014-11-28,-0.020070994408545206,0.0,0.0,-0.020070994408545206,104522.41591572748
2014-12-01,-0.017108182271719508,0.0,0.0,-0.017108182271719508,102734.22737276074
2014-12-02,-0.0002455361383888466,0.0,0.0,-0.0002455361383888466,102709.00240729128
2014-12-03,0.0026977843205189256,0.0,0.0,0.0026977843205189256,102986.08914356183
2014-12-04,0.0017118766943358121,0.0,0.0,0.0017118766943358121,103162.38862940748
2014-12-05,-0.0019533469669391623,0.0,0.0,-0.0019533469669391623,102960.87669047603
2014-12-08,-0.014677316685296593,0.0,0.0,-0.014677316685296593,101449.68729709413
2014-12-09,-0.009433404343950236,0.0,0.0,-0.009433404343950236,100492.67137625333
2014-12-10,-0.014787105253754151,0.0,0.0,-0.014787105253754151,99006.67566738174
2014-12-11,-0.008395053771186656,0.0,0.0,-0.008395053771186656,98175.50930144763
2014-12-12,-0.016418570995699544,0.0,0.0,-0.016418570995699544,96563.60773194284
2014-12-15,-0.014345295456020812,0.0,0.0,-0.014345295456020812,95178.37424872883
2014-12-16,-0.0015880665736438537,0.0,0.0,-0.0015880665736438537,95027.22465405066
2014-12-17,0.022987156491921734,0.0,0.0,0.022987156491921734,97211.63033816632
2014-12-18,0.013666277374724256,0.0,0.0,0.013666277374724256,98540.15144241686
2014-12-19,0.007000397439625328,0.0,0.0,0.007000397439625328,99229.97166627464
2014-12-22,0.013903212908173757,0.0,0.0,0.013903212908173757,100609.5870892229
2014-12-23,-0.009141564378971845,0.0,0.0,-0.009141564378971845,99689.85807170499
2014-12-24,0.002306366068636434,0.0,0.0,0.002306366068636434,99919.77937774877
2014-12-26,0.007926384645698725,0.0,0.0,0.007926384645698725,100711.78198281015
2014-12-29,-0.006088171422214073,0.0,0.0,-0.006088171422214073,100098.63138986214
2014-12-30,0.002041633932148512,0.0,0.0,0.002041633932148512,100302.99615226932
2014-12-31,0.0007640060287179562,0.0,0.0,0.0007640060287179562,100379.62824602814
2015-01-02,-0.013234718066768458,0.0,0.0,-0.013234718066768458,99051.13216654492
2015-01-05,-0.017797446467063716,0.0,0.0,-0.017797446467063716,97288.27494430878
2015-01-06,-0.004201542333929553,0.0,0.0,-0.004201542333929553,96879.51413853529
2015-01-07,0.02162458902367348,0.0,0.0,0.02162458902367348,98974.49381659429
2015-01-08,0.017036650378255525,0.0,0.0,0.017036650378255525,100660.68766411243
2015-01-09,-0.0032994256599068184,0.0,0.0,-0.0032994256599068184,100328.56520828958
2015-01-12,-0.008148879665451969,0.0,0.0,-0.008148879665451969,99510.99980339978
2015-01-13,0.0087289691023551,0.0,0.0,0.0087289691023551,100379.62824602814
2015-01-14,-0.0055991815439787596,0.0,0.0,-0.0055991815439787596,99817.58448416152
2015-01-15,0.002303665551509848,0.0,0.0,0.002303665551509848,100047.53081497259
2015-01-16,0.008426776236414746,0.0,0.0,0.008426776236414746,100890.60897015619
2015-01-20,-0.0015191745324363293,0.0,0.0,-0.0015191745324363293,100737.33852644674
2015-01-21,0.022064433895320645,0.0,0.0,0.022064433895320645,102960.05087315405
2015-01-22,0.01910671395509267,0.0,0.0,0.01910671395509267,104927.2791139892
2015-01-23,-0.007548407742090646,0.0,0.0,-0.007548407742090646,104135.24522796867
2015-01-26,0.0004908937733150154,0.0,0.0,0.0004908937733150154,104186.3645714337
2015-01-27,-0.005394720091849603,0.0,0.0,-0.005394720091849603,103624.30829718344
2015-01-28,-0.010848384518229226,0.0,0.0,-0.010848384518229226,102500.15195534006
2015-01-29,0.0,0.0,0.0,0.0,102500.15195534006
2015-01-30,-0.027417460657614523,0.0,0.0,-0.027417460657614523,99689.858071705
2015-02-02,0.017939462644507076,0.0,0.0,0.017939462644507076,101478.24055661856
2015-02-03,0.018882029714467174,0.0,0.0,0.018882029714467174,103394.35571018048
2015-02-04,-0.004941814239773135,0.0,0.0,-0.004941814239773135,102883.40001081972
2015-02-05,0.005959482523983484,0.0,0.0,0.005959482523983484,103496.5318351922
2015-02-06,-0.01703258454786094,0.0,0.0,-0.01703258454786094,101733.71840629893
2015-02-09,-0.0015065845042382398,0.0,0.0,-0.0015065845042382398,101580.44796258945
2015-02-10,-0.0025155840570911803,0.0,0.0,-0.0025155840570911803,101324.91380718259
2015-02-11,-0.007311955507864454,0.0,0.0,-0.007311955507864454,100584.03054558627
2015-02-12,0.02133569505788735,0.0,0.0,0.02133569505788735,102730.06074900013
2015-02-13,0.011440304467416507,0.0,0.0,0.011440304467416507,103905.32392192488
2015-02-17,-0.0022126757800481345,0.0,0.0,-0.0022126757800481345,103675.4151282648
2015-02-18,-0.00024686740589308087,0.0,0.0,-0.00024686740589308087,103649.82104747719
2015-02-19,-0.004189995894385845,0.0,0.0,-0.004189995894385845,103215.52872283444
2015-02-20,0.006683056393023801,0.0,0.0,0.006683056393023801,103905.32392192491
2015-02-23,-0.010081345593957902,0.0,0.0,-0.010081345593957902,102857.81844241584
2015-02-24,0.014406516211976195,0.0,0.0,0.014406516211976195,104339.64127133501
2015-02-25,-0.0019589490712814683,0.0,0.0,-0.0019589490712814683,104135.24522796868
2015-02-26,0.00024535677031201075,0.0,0.0,0.00024535677031201075,104160.79551541347
2015-02-27,-0.0007354693156136349,0.0,0.0,-0.0007354693156136349,104084.18844642198
2015-03-02,-0.0014730430772685876,0.0,0.0,-0.0014730430772685876,103930.86795317785
2015-03-03,-0.007620174253321954,0.0,0.0,-0.007620174253321954,103138.89662907565
2015-03-04,-0.010899623199013053,0.0,0.0,-0.010899623199013053,102014.72151865676
2015-03-05,-0.0015023732382545285,0.0,0.0,-0.0015023732382545285,101861.45733113914
2015-03-06,-0.015299812310788363,0.0,0.0,-0.015299812310788363,100302.99615226935
2015-03-09,-0.003820591499966719,0.0,0.0,-0.003820591499966719,99919.77937774878
2015-03-10,-0.022244843294946803,0.0,0.0,-0.022244843294946803,97697.0795434251
2015-03-11,0.007583473989793532,0.0,0.0,0.007583473989793532,98437.96280502147
2015-03-12,0.006228992799637512,0.0,0.0,0.006228992799637512,99051.13216654494
2015-03-13,-0.012123041117458655,0.0,0.0,-0.012123041117458655,97850.33121855908
2015-03-16,0.012010696805062837,0.0,0.0,0.012010696805062837,99025.58187910015
2015-03-17,0.011609882280041672,0.0,0.0,0.011609882280041672,100175.25722742913
2015-03-18,0.024483490003671005,0.0,0.0,0.024483490003671005,102627.89713637206
2015-03-19,-0.016928030435110153,0.0,0.0,-0.016928030435110153,100890.6089701562
2015-03-20,0.01494060622250748,0.0,0.0,0.01494060622250748,102397.97583032829
2015-03-23,0.002994050207298704,0.0,0.0,0.002994050207298704,102704.56051109005
2015-03-24,0.003980150173612307,0.0,0.0,0.003980150173612307,103113.34008543905
2015-03-25,-0.015857303501812803,0.0,0.0,-0.015857303501812803,101478.2405566186
2015-03-26,-0.009315401811626933,0.0,0.0,-0.009315401811626933,100532.92997069676
2015-03-27,0.0027955706233029343,0.0,0.0,0.0027955706233029343,100813.97687639741
2015-03-30,0.019260131639828426,0.0,0.0,0.019260131639828426,102755.66734217145
2015-03-31,-0.0022379188335083233,0.0,0.0,-0.0022379188335083233,102525.70849897669
2015-04-01,0.012459453261733922,0.0,0.0,0.012459453261733922,103803.12277214586
2015-04-02,0.015013685459950743,0.0,0.0,0.015013685459950743,105361.5902072075
2015-04-06,0.012851482408882564,0.0,0.0,0.012851482408882564,106715.64283032733
2015-04-07,-0.005027435271682923,0.0,0.0,-0.005027435271682923,106179.13684352183
2015-04-08,0.020933489387838122,0.0,0.0,0.020933489387838122,108401.83667784551
2015-04-09,0.00989892843176321,0.0,0.0,0.00989892843176321,109474.89870099118
2015-04-10,0.0006998254950896232,0.0,0.0,0.0006998254950896232,109551.5120261745
2015-04-13,-0.005830199189144736,0.0,0.0,-0.005830199189144736,108912.80488958993
2015-04-14,0.004456825920588825,0.0,0.0,0.004456825920588825,109398.21030150587
2015-04-15,0.0070061344851624074,0.0,0.0,0.0070061344851624074,110164.66887531431
2015-04-16,0.007885216238922688,0.0,0.0,0.007885216238922688,111033.3411112855
2015-04-17,-0.01748739784058284,0.0,0.0,-0.01748739784058284,109091.6569017033
2015-04-20,-0.0009369521470816711,0.0,0.0,-0.0009369521470816711,108989.44323954056
2015-04-21,0.005860495680743094,0.0,0.0,0.005860495680743094,109628.17540089249
2015-04-22,0.010719877501462527,0.0,0.0,0.010719877501462527,110803.37601189892
2015-04-23,0.007378580784342281,0.0,0.0,0.007378580784342281,111620.94767298056
2015-04-24,0.003661763614584146,0.0,0.0,0.003661763614584146,112029.67719779488
2015-04-27,0.0038770295964574153,0.0,0.0,0.0038770295964574153,112464.01957197231
2015-04-28,0.0015905267974727355,0.0,0.0,0.0015905267974727355,112642.89660885303
2015-04-29,-0.012474627917782533,0.0,0.0,-0.012474627917782533,111237.71838607635
2015-04-30,-0.015158584555370447,0.0,0.0,-0.015158584555370447,109551.51202617452
2015-05-01,0.006063539645662974,0.0,0.0,0.006063539645662974,110215.78196258757
2015-05-04,0.005795060609390612,0.0,0.0,0.005795060609390612,110854.48909917215
2015-05-05,-0.01083200087769376,0.0,0.0,-0.01083200087769376,109653.71317595363
2015-05-06,-0.012348557073764699,0.0,0.0,-0.012348557073764699,108299.64804045013
2015-05-07,-0.0014151863860202285,0.0,0.0,-0.0014151863860202285,108146.38385293251
2015-05-08,0.012756694667267032,0.0,0.0,0.012756694667267032,109525.97425111344
2015-05-11,-0.009564048554356996,0.0,0.0,-0.009564048554356996,108478.46251541254
2015-05-12,-0.0032971198040806504,0.0,0.0,-0.0032971198040806504,108120.79602833676
2015-05-13,0.0018904993957369332,0.0,0.0,0.0018904993957369332,108325.1983278949
2015-05-14,0.009905469735334016,0.0,0.0,0.009905469735334016,109398.21030150594
2015-05-15,0.007707136807540094,0.0,0.0,0.007707136807540094,110241.3572747997
2015-05-18,-0.01019717203634718,0.0,0.0,-0.01019717203634718,109117.20718914815
2015-05-19,0.0016387376433895096,0.0,0.0,0.0016387376433895096,109296.02166411054
2015-05-20,-0.0007010853313806908,0.0,0.0,-0.0007010853313806908,109219.39582654356
2015-05-21,-0.0035088024796698924,0.0,0.0,-0.0035088024796698924,108836.16653963935
2015-05-22,0.003286513327468654,0.0,0.0,0.003286513327468654,109193.85805148247
2015-05-26,-0.01591029903872676,0.0,0.0,-0.01591029903872676,107456.5511166911
2015-05-27,0.0002375403119883046,0.0,0.0,0.0002375403119883046,107482.07637936855
2015-05-28,-0.013073488694369417,0.0,0.0,-0.013073488694369417,106076.91066897553
2015-05-29,-0.009633683638378798,0.0,0.0,-0.009633683638378798,105054.99927025406
2015-06-01,-0.0038908028768656067,0.0,0.0,-0.0038908028768656067,104646.25097686425
2015-06-02,0.003906000354281236,0.0,0.0,0.003906000354281236,105054.99927025408
2015-06-03,-0.0051067867131358025,0.0,0.0,-0.0051067867131358025,104518.50579583226
2015-06-04,-0.015155260765179479,0.0,0.0,-0.015155260765179479,102934.5005857095
2015-06-05,-0.004467757679043949,0.0,0.0,-0.004467757679043949,102474.61418027914
2015-06-08,-0.0002492717972861769,0.0,0.0,-0.0002492717972861769,102449.07014902623
2015-06-09,-0.005985052909115995,0.0,0.0,-0.005985052909115995,101835.90704369456
2015-06-10,0.014550961046575495,0.0,0.0,0.014550961046575495,103317.71736023006
2015-06-11,-0.004945358840977798,0.0,0.0,-0.004945358840977798,102806.774173253
2015-06-12,0.0,0.0,0.0,0.0,102806.774173253
2015-06-15,-0.011183179693496026,0.0,0.0,-0.011183179693496026,101657.06754396485
2015-06-16,0.00025115340709813694,0.0,0.0,0.00025115340709813694,101682.59906283412
2015-06-17,0.006030290564626561,0.0,0.0,0.006030290564626561,102295.77468054944
2015-06-18,0.00924083205284032,0.0,0.0,0.00924083205284032,103241.07275408761
2015-06-19,-0.008661317932741497,0.0,0.0,-0.008661317932741497,102346.86899924716
2015-06-22,0.014478254926924672,0.0,0.0,0.014478254926924672,103828.67305959083
2015-06-23,0.00984276710990617,0.0,0.0,0.00984276710990617,104850.63450784697
2015-06-24,-0.00706638110520974,0.0,0.0,-0.00706638110520974,104109.71996529149
2015-06-25,-0.0034364979797872897,0.0,0.0,-0.0034364979797872897,103751.94712295455
2015-06-26,-0.009427105185625395,0.0,0.0,-0.009427105185625395,102773.86660421302
2015-06-29,-0.0222887852255943,0.0,0.0,-0.0222887852255943,100483.16196466784
2015-06-30,0.014856493776318702,0.0,0.0,0.014856493776318702,101975.98943502075
