date,gross_return,turnover,transaction_cost,net_return,equity_curve
2008-07-01,0.0,0.0,0.0,0.0,100000.0
2008-07-02,-0.015899048326126763,1.0,0.0005,-0.016399048326126764,98360.09516738734
2008-07-03,0.006432469040323241,0.0,0.0,0.006432469040323241,98992.7934343548
2008-07-07,-0.008620857024260409,0.0,0.0,-0.008620857024260409,98139.39071572508
2008-07-08,0.005247534786668062,0.0,0.0,0.005247534786668062,98654.38058244827
2008-07-09,-0.012975205226940956,0.0,0.0,-0.012975205226940956,97374.31974785426
2008-07-10,0.008613054981797319,0.0,0.0,0.008613054981797319,98213.01011765764
2008-07-11,-0.01573060818573624,0.0,0.0,-0.01573060818573624,96668.05973675502
2008-07-14,-0.0021311208962279116,0.0,0.0,-0.0021311208962279116,96462.0484146522
2008-07-15,-0.01601564924367338,0.0,0.0,-0.01601564924367338,94917.1460819169
2008-07-16,0.0184467583267518,0.0,0.0,0.0184467583267518,96668.05973675502
2008-07-17,0.015220445956780182,0.0,0.0,0.015220445956780182,98139.3907157251
2008-07-18,0.006447032857924029,0.0,0.0,0.006447032857924029,98772.09859232602
2008-07-21,0.005809438508506126,0.0,0.0,0.005809438508506126,99345.90902545424
2008-07-22,0.0034066029944599396,0.0,0.0,0.0034066029944599396,99684.34109662769
2008-07-23,0.0036899269823054137,0.0,0.0,0.0036899269823054137,100052.16903655347
2008-07-24,-0.0182353368864675,0.0,0.0,-0.0182353368864675,98227.68402795012
2008-07-25,0.0020972837152934964,0.0,0.0,0.0020972837152934964,98433.69535005293
2008-07-28,-0.016741397318873363,0.0,0.0,-0.016741397318873363,96785.77774663277
2008-07-29,0.009881306566041914,0.0,0.0,0.009881306566041914,97742.14768778003
2008-07-30,0.009333055557385395,0.0,0.0,0.009333055557385395,98654.38058244826
2008-07-31,-0.009843275932000517,0.0,0.0,-0.009843275932000517,97683.29829247462
2008-08-01,-0.014912136504129814,0.0,0.0,-0.014912136504129814,96226.6316141636
2008-08-04,-0.009479846276433834,0.0,0.0,-0.009479846276433834,95314.41793876232
2008-08-05,0.025316596078975406,0.0,0.0,0.025316596078975406,97727.4545582206
2008-08-06,0.0003009910383138248,0.0,0.0,0.0003009910383138248,97756.86964623985
2008-08-07,-0.02001808941668859,0.0,0.0,-0.02001808941668859,95799.96388856585
2008-08-08,0.004146688802937115,0.0,0.0,0.004146688802937115,96197.21652614434
2008-08-11,-0.0009173369796388053,0.0,0.0,-0.0009173369796388053,96108.97126208659
2008-08-12,-0.007195553784677289,0.0,0.0,-0.007195553784677289,95417.41399018024
2008-08-13,-0.015728622719513363,0.0,0.0,-0.015728622719513363,93916.62948465708
2008-08-14,-0.003916741488820152,0.0,0.0,-0.003916741488820152,93548.78232546439
2008-08-15,-0.006605720287099159,0.0,0.0,-0.006605720287099159,92930.82523622365
2008-08-18,-0.005066702238436305,0.0,0.0,-0.005066702238436305,92459.97241597954
2008-08-19,-0.011298546020242828,0.0,0.0,-0.011298546020242828,91415.30916260721
2008-08-20,0.005955293043685472,0.0,0.0,0.005955293043685472,91959.71411734965
2008-08-21,0.004000090286528035,0.0,0.0,0.004000090286528035,92327.56127654234
2008-08-22,0.004621551231273946,0.0,0.0,0.004621551231273946,92754.25783104048
2008-08-25,-0.015704062155260545,0.0,0.0,-0.015704062155260545,91297.63920089675
2008-08-26,0.004995770283613643,0.0,0.0,0.004995770283613643,91753.74123378067
2008-08-27,0.009461149338611863,0.0,0.0,0.009461149338611863,92621.83708196982
2008-08-28,0.012867129065337934,0.0,0.0,0.012867129065337934,93813.61421397224
2008-08-29,-0.002979680828234299,0.0,0.0,-0.002979680828234299,93534.07958627149
2008-09-02,-0.015416044151632669,0.0,0.0,-0.015416044151632669,92092.1540856872
2008-09-03,-0.004153990121999573,0.0,0.0,-0.004153990121999573,91709.6041873016
2008-09-04,-0.042836873279393006,0.0,0.0,-0.042836873279393006,87781.05149422686
2008-09-05,-0.0036873707742559603,0.0,0.0,-0.0036873707742559603,87457.3702104136
2008-09-08,0.02237564841704387,0.0,0.0,0.02237564841704387,89414.28557772106
2008-09-09,-0.03241733623324505,0.0,0.0,-0.03241733623324505,86515.71261809269
2008-09-10,0.009693970433695576,0.0,0.0,0.009693970433695576,87354.39337826258
2008-09-11,-0.0021899181698633585,0.0,0.0,-0.0021899181698633585,87163.09440498614
2008-09-12,0.019581634168420736,0.0,0.0,0.019581634168420736,88869.8902326121
2008-09-15,-0.042549740484429055,0.0,0.0,-0.042549740484429055,85088.49946633476
2008-09-16,-0.007435654187136431,0.0,0.0,-0.007435654187136431,84455.81080900076
2008-09-17,-0.03815325224172372,0.0,0.0,-0.03815325224172372,81233.54695592565
2008-09-18,0.04546294987368915,0.0,0.0,0.04546294987368915,84926.66362924487
2008-09-19,0.07085903631267065,0.0,0.0,0.07085903631267065,90944.4851712635
2008-09-22,-0.034136819258302586,0.0,0.0,-0.034136819258302586,87839.9297184327
2008-09-23,-0.01407040068615284,0.0,0.0,-0.01407040068615284,86603.98671105083
2008-09-24,0.002888194398596111,0.0,0.0,0.002888194398596111,86854.11586036578
2008-09-25,0.023039124678559952,0.0,0.0,0.023039124678559952,88855.15866451885
2008-09-26,-0.010597669358469619,0.0,0.0,-0.010597669358469619,87913.50107219792
2008-09-29,-0.11163203576202196,0.0,0.0,-0.11163203576202196,78099.53797654176
2008-09-30,0.06066323104857707,0.0,0.0,0.06066323104857707,82837.30829359984
2008-10-01,-0.00745988856917601,0.0,0.0,-0.00745988856917601,82219.3512043591
2008-10-02,-0.04366503699773139,0.0,0.0,-0.04366503699773139,78629.24019209128
2008-10-03,-0.003929562893721594,0.0,0.0,-0.003929562893721594,78320.26164747092
2008-10-06,-0.05654726483408601,0.0,0.0,-0.05654726483408601,73891.46507021648
2008-10-07,-0.04679398148976033,0.0,0.0,-0.04679398148976033,70433.7892214695
2008-10-08,-0.02235228115213339,0.0,0.0,-0.02235228115213339,68859.43336218111
2008-10-09,-0.059828833798723835,0.0,0.0,-0.059828833798723835,64739.653768080876
2008-10-10,-0.03727285634374644,0.0,0.0,-0.03727285634374644,62326.62195343931
2008-10-13,0.1588762949733018,0.0,0.0,0.1588762949733018,72228.8447276034
2008-10-14,-0.020574630148588624,0.0,0.0,-0.020574630148588624,70742.76296127313
2008-10-15,-0.10669692890201721,0.0,0.0,-0.10669692890201721,63194.72741126192
2008-10-16,0.05890558127546597,0.0,0.0,0.05890558127546597,66917.24956296693
2008-10-17,-0.02132795887849881,0.0,0.0,-0.02132795887849881,65490.04121602573
2008-10-20,0.06380578369270151,0.0,0.0,0.06380578369270151,69668.68461988158
2008-10-21,-0.05638873032303515,0.0,0.0,-0.05638873032303515,65740.15595089048
2008-10-22,-0.07296302273270783,0.0,0.0,-0.07296302273270783,60943.5554577939
2008-10-23,0.021970150063316707,0.0,0.0,0.021970150063316707,62282.49451659369
2008-10-24,-0.06472966042384376,0.0,0.0,-0.06472966042384376,58250.96979618467
2008-10-27,-0.05253857956145003,0.0,0.0,-0.05253857956145003,55190.5465850162
2008-10-28,0.13782983926179804,0.0,0.0,0.13782983926179804,62797.45074959976
2008-10-29,0.0023430553463137382,0.0,0.0,0.0023430553463137382,62944.58865231348
2008-10-30,0.03506329239537087,0.0,0.0,0.03506329239537087,65151.6331689359
2008-10-31,0.006549062844542375,0.0,0.0,0.006549062844542375,65578.31530898383
2008-11-03,0.004038992551024023,0.0,0.0,0.004038992551024023,65843.18563602552
2008-11-04,0.06860280806933705,0.0,0.0,0.06860280806933705,70360.2130628875
2008-11-05,-0.0543703383909635,0.0,0.0,-0.0543703383909635,66534.70446939801
2008-11-06,-0.06457345625033717,0.0,0.0,-0.06457345625033717,62238.32864121423
2008-11-07,0.056501653630111726,0.0,0.0,0.056501653630111726,65754.89712861719
2008-11-10,-0.014992323095804783,0.0,0.0,-0.014992323095804783,64769.07846573355
2008-11-11,-0.03293953849215936,0.0,0.0,-0.03293953849215936,62635.61491250983
2008-11-12,-0.05379362772567198,0.0,0.0,-0.05379362772567198,59266.217961537724
2008-11-13,0.08515348222270558,0.0,0.0,0.08515348222270558,64312.94279913252
2008-11-14,-0.05742371105538413,0.0,0.0,-0.05742371105538413,60619.85495471369
2008-11-17,-0.01820389465330885,0.0,0.0,-0.01820389465330885,59516.33750121922
2008-11-18,0.0017303894377300733,0.0,0.0,0.0017303894377300733,59619.323943003714
2008-11-19,-0.06688047080968207,0.0,0.0,-0.06688047080968207,55631.95548834067
2008-11-20,-0.055011965412754216,0.0,0.0,-0.055011965412754216,52571.532277172184
2008-11-21,0.07108910787929523,0.0,0.0,0.07108910787929523,56308.795606603926
2008-11-24,0.0598375884304434,0.0,0.0,0.0598375884304434,59678.17814312585
2008-11-25,0.01824436878094171,0.0,0.0,0.01824436878094171,60766.96883334377
2008-11-26,0.01089602085664887,0.0,0.0,0.01089602085664887,61429.08699314722
2008-11-28,-0.0004790026857470764,0.0,0.0,-0.0004790026857470764,61399.662295494505
2008-12-01,-0.08171567019775683,0.0,0.0,-0.08171567019775683,56382.34774110223
2008-12-02,0.054279896786812554,0.0,0.0,0.054279896786812554,59442.77575708744
2008-12-03,0.013366207824323961,0.0,0.0,0.013366207824323961,60237.30025151136
2008-12-04,-0.0307766930738701,0.0,0.0,-0.0307766930738701,58383.395350072045
2008-12-05,0.012600676783024012,0.0,0.0,0.012600676783024012,59119.065644373804
2008-12-08,0.047536171812298855,0.0,0.0,0.047536171812298855,61929.359706227326
2008-12-09,-0.00926579655111004,0.0,0.0,-0.00926579655111004,61355.534858648905
2008-12-10,0.02637915754375486,0.0,0.0,0.02637915754375486,62974.04217886655
2008-12-11,-0.004439573217441151,0.0,0.0,-0.004439573217441151,62694.464307815244
2008-12-12,0.009856798454168647,0.0,0.0,0.009856798454168647,63312.431006689454
2008-12-15,0.0025560704225062736,0.0,0.0,0.0025560704225062736,63474.26203896262
2008-12-16,0.05748769846640722,0.0,0.0,0.05748769846640722,67123.25127543621
2008-12-17,-0.005041806752645095,0.0,0.0,-0.005041806752645095,66784.82881389622
2008-12-18,-0.030623347879119578,0.0,0.0,-0.030623347879119578,64739.65376808083
2008-12-19,-0.014545372771238463,0.0,0.0,-0.014545372771238463,63797.991370943186
2008-12-22,-0.006919379866912934,0.0,0.0,-0.006919379866912934,63356.548833901594
2008-12-23,-0.007502247261480632,0.0,0.0,-0.007502247261480632,62881.23233891559
2008-12-24,0.013270295291769152,0.0,0.0,0.013270295291769152,63715.68486036334
2008-12-26,0.004677020093970308,0.0,0.0,0.004677020093970308,64013.68439875634
2008-12-29,0.00023290873587900052,0.0,0.0,0.00023290873587900052,64028.59374506862
2008-12-30,0.030020896121377705,0.0,0.0,0.030020896121377705,65950.78950668722
2008-12-31,0.013556487867455003,0.0,0.0,0.013556487867455003,66844.85058448369
2009-01-02,0.01292872006641721,0.0,0.0,0.01292872006641721,67709.06894557197
2009-01-05,-0.016064672544505165,0.0,0.0,-0.016064672544505165,66621.34492466804
2009-01-06,0.01073554114364006,0.0,0.0,0.01073554114364006,67336.56111415145
2009-01-07,-0.01726011990392462,0.0,0.0,-0.01726011990392462,66174.32399540325
2009-01-08,0.014861284776464645,0.0,0.0,0.014861284776464645,67157.75946918897
2009-01-09,-0.03461300546161916,0.0,0.0,-0.03461300546161916,64833.227573891825
2009-01-12,-0.024132274621736838,0.0,0.0,-0.024132274621736838,63268.65432146511
2009-01-13,-0.018370024474937074,0.0,0.0,-0.018370024474937074,62106.407593083466
2009-01-14,-0.04102681259836849,0.0,0.0,-0.04102681259836849,59558.379647604146
2009-01-15,0.009006694898825218,0.0,0.0,0.009006694898825218,60094.80380175851
2009-01-16,0.0059508922860431746,0.0,0.0,0.0059508922860431746,60452.42150613368
2009-01-20,-0.07320673658395105,0.0,0.0,-0.07320673658395105,56026.89700907217
2009-01-21,0.04893594815141511,0.0,0.0,0.04893594815141511,58768.62633619281
2009-01-22,-0.02332683900748811,0.0,0.0,-0.02332683900748811,57397.74005095721
2009-01-23,-0.0070089466029068515,0.0,0.0,-0.0070089466029068515,56995.442355812535
2009-01-26,0.019607833219399406,0.0,0.0,0.019607833219399406,58112.999483791195
2009-01-27,0.0194870695008027,0.0,0.0,0.0194870695008027,59245.45154363194
2009-01-28,0.029426551176767735,0.0,0.0,0.029426551176767735,60988.84085547134
2009-01-29,-0.045443605513504126,0.0,0.0,-0.045443605513504126,58217.28803090942
2009-01-30,-0.00947002350442272,0.0,0.0,-0.00947002350442272,57665.968944892964
2009-02-02,-0.009819192281093514,0.0,0.0,-0.009819192281093514,57099.73570774749
2009-02-03,0.02870550485604295,0.0,0.0,0.02870550485604295,58738.812448385004
2009-02-04,-0.005073380458135546,0.0,0.0,-0.005073380458135546,58440.80810517528
2009-02-05,0.0142785109187622,0.0,0.0,0.0142785109187622,59275.25582180631
2009-02-06,0.023127219811695854,0.0,0.0,0.023127219811695854,60646.127692591734
2009-02-09,-0.00024576245941199115,0.0,0.0,-0.00024576245941199115,60631.223151096194
2009-02-10,-0.04964346173761425,0.0,0.0,-0.04964346173761425,57621.279344489994
2009-02-11,0.010860879462065931,0.0,0.0,0.010860879462065931,58247.09711390053
2009-02-12,-0.0030696266252742133,0.0,0.0,-0.0030696266252742133,58068.30027375476
2009-02-13,-0.010777849535411832,0.0,0.0,-0.010777849535411832,57442.448870627115
2009-02-17,-0.05317770205049188,0.0,0.0,-0.05317770205049188,54387.791439534296
2009-02-18,-0.0008215960678589207,0.0,0.0,-0.0008215960678589207,54343.10664394805
2009-02-19,-0.0013713369014027865,0.0,0.0,-0.0013713369014027865,54268.583936470335
2009-02-20,-0.014552059781377302,0.0,0.0,-0.014552059781377302,53478.86425877613
2009-02-23,-0.038172330370330076,0.0,0.0,-0.038172330370330076,51437.45138446009
2009-02-24,0.0417148627799091,0.0,0.0,0.0417148627799091,53583.15761071109
2009-02-25,-0.02753056927087394,0.0,0.0,-0.02753056927087394,52107.98277835724
2009-02-26,-0.008292802168604396,0.0,0.0,-0.008292802168604396,51675.86158577128
2009-02-27,0.0,0.0,0.0,0.0,51675.86158577128
2009-03-02,-0.05738199083366902,0.0,0.0,-0.05738199083366902,48710.5977699346
2009-03-03,-0.003976477105442688,0.0,0.0,-0.003976477105442688,48516.90119311003
2009-03-04,0.04453315678894554,0.0,0.0,0.04453315678894554,50677.51196085658
2009-03-05,-0.040282136610073294,0.0,0.0,-0.040282136610073294,48636.11350099073
2009-03-06,-0.001838206601104897,0.0,0.0,-0.001838206601104897,48546.71027610113
2009-03-09,-0.027010541324273496,0.0,0.0,-0.027010541324273496,47235.43735203096
2009-03-10,0.06719225019278596,0.0,0.0,0.06719225019278596,50409.292676554294
2009-03-11,0.005616405348071396,0.0,0.0,0.005616405348071396,50692.41169753539
2009-03-12,0.022634074453770747,0.0,0.0,0.022634074453770747,51839.787518138604
2009-03-13,0.006610635575865276,0.0,0.0,0.006610635575865276,52182.481461751304
2009-03-16,0.010850929592985725,0.0,0.0,0.010850929592985725,52748.70989408005
2009-03-17,0.026271558669659134,0.0,0.0,0.026271558669659134,54134.50072081119
2009-03-18,0.02862609021351825,0.0,0.0,0.02862609021351825,55684.1598221089
2009-03-19,-0.0005348928492878713,0.0,0.0,-0.0005348928492878713,55654.37476320146
2009-03-20,-0.013922340581115078,0.0,0.0,-0.013922340581115078,54879.535602919146
2009-03-23,0.07195238918644442,0.0,0.0,0.07195238918644442,58828.24930699172
2009-03-24,-0.03140841185667709,0.0,0.0,-0.03140841185667709,56980.54742395045
2009-03-25,0.01542855846679747,0.0,0.0,0.01542855846679747,57859.67513135099
2009-03-26,0.013391861744068478,0.0,0.0,0.013391861744068478,58634.52390126675
2009-03-27,-0.03202024373774914,0.0,0.0,-0.03202024373774914,56757.03215450132
2009-03-30,-0.038067973256867615,0.0,0.0,-0.038067973256867615,54596.40697230459
2009-03-31,0.025928004499575774,0.0,0.0,0.025928004499575774,56011.98285794318
2009-04-01,0.026070676600787657,0.0,0.0,0.026070676600787657,57472.25314880148
2009-04-02,0.04511275995426289,0.0,0.0,0.04511275995426289,60064.98510913398
2009-04-03,0.005706026256792285,0.0,0.0,0.005706026256792285,60407.71749128054
2009-04-06,-0.020720431582861742,0.0,0.0,-0.020720431582861742,59156.04351392563
2009-04-07,-0.02090689915001198,0.0,0.0,-0.02090689915001198,57919.274078066264
2009-04-08,0.010033581875658948,0.0,0.0,0.010033581875658948,58500.411856707266
2009-04-09,0.026744653631824544,0.0,0.0,0.026744653631824544,60064.98510913398
2009-04-13,0.009923210906268798,0.0,0.0,0.009923210906268798,60661.02262445382
2009-04-14,-0.009580085423860685,0.0,0.0,-0.009580085423860685,60079.884845812805
2009-04-15,0.013144973706613605,0.0,0.0,0.013144973706613605,60869.633352407385
2009-04-16,0.006364782588824447,0.0,0.0,0.006364782588824447,61257.05533495691
2009-04-17,-0.003405497159680415,0.0,0.0,-0.003405497159680415,61048.44460700333
2009-04-20,-0.041005531700950004,0.0,0.0,-0.041005531700950004,58545.12067637716
2009-04-21,0.022906318454340102,0.0,0.0,0.022906318454340102,59886.17385453803
2009-04-22,-0.00796171048925054,0.0,0.0,-0.00796171048925054,59409.37747599927
2009-04-23,0.02508114733852751,0.0,0.0,0.02508114733852751,60899.43282576501
2009-04-24,0.01541461102358288,0.0,0.0,0.01541461102358288,61838.173894331
2009-04-27,-0.011807346644974848,0.0,0.0,-0.011807346644974848,61108.029139268394
2009-04-28,-0.009509535128620517,0.0,0.0,-0.009509535128620517,60526.92018952776
2009-04-29,0.025603363431713655,0.0,0.0,0.025603363431713655,62076.61292454256
2009-04-30,0.0062404878517343665,0.0,0.0,0.0062404878517343665,62464.00127337499
2009-05-01,0.011689048734920382,0.0,0.0,0.011689048734920382,63194.1460284376
2009-05-04,0.04149959448000118,0.0,0.0,0.04149959448000118,65816.67746212774
2009-05-05,-0.009961263133427156,0.0,0.0,-0.009961263133427156,65161.06021935958
2009-05-06,0.024239596295779542,0.0,0.0,0.024239596295779542,66740.53801328184
2009-05-07,-0.01674480250303445,0.0,0.0,-0.01674480250303445,65622.98088530317
2009-05-08,0.043369445433504517,0.0,0.0,0.043369445433504517,68469.01317399225
2009-05-11,-0.02546210624250622,0.0,0.0,-0.02546210624250622,66725.64788623649
2009-05-12,0.010718687750864264,0.0,0.0,0.010718687750864264,67440.85927090318
2009-05-13,-0.03402563419709215,0.0,0.0,-0.03402563419709215,65146.14126341385
2009-05-14,0.009835374942093633,0.0,0.0,0.009835374942093633,65786.87798877012
2009-05-15,-0.009059762515830627,0.0,0.0,-0.009059762515830627,65190.86449753394
2009-05-18,0.038171216220150406,0.0,0.0,0.038171216220150406,67679.27908184784
2009-05-19,0.009026946803907254,0.0,0.0,0.009026946803907254,68290.21633384646
2009-05-20,0.006545900031703633,0.0,0.0,0.006545900031703633,68737.23726311124
2009-05-21,-0.00758735800091459,0.0,0.0,-0.00758735800091459,68215.70323600221
2009-05-22,0.00567950741257639,0.0,0.0,0.00567950741257639,68603.1348281852
2009-05-26,0.01998243170328129,0.0,0.0,0.01998243170328129,69973.9922845204
2009-05-27,-0.019378230251506756,0.0,0.0,-0.019378230251506756,68618.02015041381
2009-05-28,0.010206153731963097,0.0,0.0,0.010206153731963097,69318.34621285187
2009-05-29,0.01999161978935793,0.0,0.0,0.01999161978935793,70704.13223476628
2009-06-01,0.024657666622426966,0.0,0.0,0.024657666622426966,72447.53115623914
2009-06-02,0.008638220784375816,0.0,0.0,0.008638220784375816,73073.34892564968
2009-06-03,-0.029771534103659958,0.0,0.0,-0.029771534103659958,70897.84322604106
2009-06-04,0.006305344752021602,0.0,0.0,0.006305344752021602,71344.87856975602
2009-06-05,-0.01232236054861946,0.0,0.0,-0.01232236054861946,70465.74125272201
2009-06-08,-0.0021150790084528692,0.0,0.0,-0.0021150790084528692,70316.70064258331
2009-06-09,0.012290917971465865,0.0,0.0,0.012290917971465865,71180.95744220541
2009-06-10,0.0018840325356914711,0.0,0.0,0.0018840325356914711,71315.0646819482
2009-06-11,0.017133335008712614,0.0,0.0,0.017133335008712614,72536.92957631203
2009-06-12,-0.005135489445350028,0.0,0.0,-0.005135489445350028,72164.41694007478
2009-06-15,-0.03592832152909531,0.0,0.0,-0.03592832152909531,69571.6705652921
2009-06-16,-0.011565331230876552,0.0,0.0,-0.011565331230876552,68767.05115091905
2009-06-17,0.0028169157762725217,0.0,0.0,0.0028169157762725217,68960.76214219382
2009-06-18,-0.001728697656137923,0.0,0.0,-0.001728697656137923,68841.54983431312
2009-06-19,0.015800539545599124,0.0,0.0,0.015800539545599124,69929.28346485052
2009-06-22,-0.0321754245363266,0.0,0.0,-0.0321754245363266,67679.27908184784
2009-06-23,0.013153396898915037,0.0,0.0,0.013153396898915037,68569.49150144382
2009-06-24,0.0008878150709936694,0.0,0.0,0.0008878150709936694,68630.36852940917
2009-06-25,0.021064209033259118,0.0,0.0,0.021064209033259118,70076.01295814225
2009-06-26,-0.0019543305257474497,0.0,0.0,-0.0019543305257474497,69939.06126689549
2009-06-29,0.008485692287959479,0.0,0.0,0.008485692287959479,70532.54261971511
2009-06-30,-0.011650426045105355,0.0,0.0,-0.011650426045105355,69710.80844815087
2009-07-01,0.016590038161009568,0.0,0.0,0.016590038161009568,70867.31342054052
2009-07-02,-0.028773651330649797,0.0,0.0,-0.028773651330649797,68828.20205343801
2009-07-06,0.0013266471360156018,0.0,0.0,0.0013266471360156018,68919.51279056931
2009-07-07,-0.02428833900661731,0.0,0.0,-0.02428833900661731,67245.57229974108
2009-07-08,-0.004073109474865055,0.0,0.0,-0.004073109474865055,66971.67372206427
2009-07-09,0.012270091821577012,0.0,0.0,0.012270091821577012,67793.4223080787
2009-07-10,-0.011672301534196405,0.0,0.0,-0.011672301534196405,67002.11704086368
2009-07-13,0.017487976326053367,0.0,0.0,0.017487976326053367,68173.84847746977
2009-07-14,0.005357311377187646,0.0,0.0,0.005357311377187646,68539.07701154478
2009-07-15,0.034191771833328,0.0,0.0,0.034191771833328,70882.5494943904
2009-07-16,0.008801825656229223,0.0,0.0,0.008801825656229223,71506.44533710906
2009-07-17,-0.00361766728427082,0.0,0.0,-0.00361766728427082,71247.75880919851
2009-07-20,0.019435875866065766,0.0,0.0,0.019435875866065766,72632.52140514948
2009-07-21,0.006285736361720584,0.0,0.0,0.006285736361720584,73089.07028598929
2009-07-22,0.0024986153681805234,0.0,0.0,0.0024986153681805234,73271.6917602519
2009-07-23,0.016822175327104505,0.0,0.0,0.016822175327104505,74504.2810055564
2009-07-24,0.006127433830350748,0.0,0.0,0.006127433830350748,74960.8010574958
2009-07-27,0.0010151797511701588,0.0,0.0,0.0010151797511701588,75036.89974486087
2009-07-28,-0.00425894421828088,0.0,0.0,-0.00425894421828088,74717.32177453478
2009-07-29,-0.008146681290844282,0.0,0.0,-0.008146681290844282,74108.62356713218
2009-07-30,0.01950749033037802,0.0,0.0,0.01950749033037802,75554.29682476564
2009-07-31,0.015307065655119967,0.0,0.0,0.015307065655119967,76710.81140678874
2009-08-03,0.023209505957821897,0.0,0.0,0.023209505957821897,78491.23144116395
2009-08-04,-0.0015508130627505112,0.0,0.0,-0.0015508130627505112,78369.50621413362
2009-08-05,-0.004077835701208787,0.0,0.0,-0.004077835701208787,78049.92824380752
2009-08-06,-0.006238510829254418,0.0,0.0,-0.006238510829254418,77563.01292123599
2009-08-07,-0.0009818022467281695,0.0,0.0,-0.0009818022467281695,77486.86138088691
2009-08-10,-0.006087649880668344,0.0,0.0,-0.006087649880668344,77015.1484984482
2009-08-11,-0.005730083054573676,0.0,0.0,-0.005730083054573676,76573.84530109176
2009-08-12,0.011327365461220484,0.0,0.0,0.011327365461220484,77441.22523158818
2009-08-13,0.015327271774040696,0.0,0.0,0.015327271774040696,78628.18793722743
2009-08-14,-0.008515592732075139,0.0,0.0,-0.008515592732075139,77958.62231149295
2009-08-17,-0.032207756156542144,0.0,0.0,-0.032207756156542144,75447.7500137844
2009-08-18,0.017345873822577795,0.0,0.0,0.017345873822577795,76756.4571657209
2009-08-19,0.008524937060631066,0.0,0.0,0.008524937060631066,77410.8011320557
2009-08-20,0.007076805451253554,0.0,0.0,0.007076805451253554,77958.62231149293
2009-08-21,0.02186205593334467,0.0,0.0,0.02186205593334467,79662.95807295329
2009-08-24,-0.00019089480628609046,0.0,0.0,-0.00019089480628609046,79647.75082800377
2009-08-25,0.009935181704719742,0.0,0.0,0.009935181704719742,80439.06570485223
2009-08-26,-0.004162211875645028,0.0,0.0,-0.004162211875645028,80104.26127030971
2009-08-27,0.007598884286134089,0.0,0.0,0.007598884286134089,80712.96428252904
2009-08-28,0.0005656509951219579,0.0,0.0,0.0005656509951219579,80758.6196510947
2009-08-31,-0.007348889322284391,0.0,0.0,-0.007348889322284391,80165.13349345834
2009-09-01,-0.0248670503760805,0.0,0.0,-0.0248670503760805,78171.6630804713
2009-09-02,-0.0011680182909831194,0.0,0.0,-0.0011680182909831194,78080.35714815675
2009-09-03,0.007795607181937392,0.0,0.0,0.007795607181937392,78689.04094110914
2009-09-04,0.015277720448459986,0.0,0.0,0.015277720448459986,79891.23011096483
2009-09-08,0.019809745658966982,0.0,0.0,0.019809745658966982,81473.85505984505
2009-09-09,0.012326923911628151,0.0,0.0,0.012326923911628151,82478.17707195478
2009-09-10,0.008856134735444998,0.0,0.0,0.008856134735444998,83208.61492083789
2009-09-11,-0.001279958424160177,0.0,0.0,-0.001279958424160177,83102.11135320728
2009-09-14,0.0020145026614886152,0.0,0.0,0.0020145026614886152,83269.52077770363
2009-09-15,0.00018222287207492194,0.0,0.0,0.00018222287207492194,83284.69438893604
2009-09-16,0.019733368471286816,0.0,0.0,0.019733368471286816,84928.18195133143
2009-09-17,-0.0064504616920672,0.0,0.0,-0.0064504616920672,84380.35596707744
2009-09-18,0.0027048760541312777,0.0,0.0,0.0027048760541312777,84608.59437137187
2009-09-21,-0.010611319588940238,0.0,0.0,-0.010611319588940238,83710.78553652624
2009-09-22,0.013815770441774955,0.0,0.0,0.013815770441774955,84867.31453299953
2009-09-23,-0.00860659529096075,0.0,0.0,-0.00860659529096075,84136.89590338334
2009-09-24,-0.01465014915240459,0.0,0.0,-0.01465014915240459,82904.27782917843
2009-09-25,-0.004221645364866133,0.0,0.0,-0.004221645364866133,82554.28536895331
2009-09-28,0.013640431420461674,0.0,0.0,0.013640431420461674,83680.36143699373
2009-09-29,-0.0060011718006248715,0.0,0.0,-0.0060011718006248715,83178.18121167195
2009-09-30,0.0003658857253503456,0.0,0.0,0.0003658857253503456,83208.6149208379
2009-10-01,-0.026152358129664655,0.0,0.0,-0.026152358129664655,81032.5134239548
2009-10-02,-0.011079256560242112,0.0,0.0,-0.011079256560242112,80134.73341800953
2009-10-05,0.014431946276531882,0.0,0.0,0.014431946276531882,81291.23358558245
2009-10-06,0.01684751590784539,0.0,0.0,0.01684751590784539,82660.78893658392
2009-10-07,0.0036822238707014954,0.0,0.0,0.0036822238707014954,82965.16446677723
2009-10-08,0.014489883119799929,0.0,0.0,0.014489883119799929,84167.32000291582
2009-10-09,-0.0025313290647862585,0.0,0.0,-0.0025313290647862585,83954.26481948727
2009-10-12,0.005981478329517342,0.0,0.0,0.005981478329517342,84456.4354351756
2009-10-13,-0.0021622018936533483,0.0,0.0,-0.0021622018936533483,84273.82357054646
2009-10-14,0.02401580984941032,0.0,0.0,0.02401580984941032,86297.72769269945
2009-10-15,0.004584906910488407,0.0,0.0,0.004584906910488407,86693.39474075715
2009-10-16,-0.015095479037930404,0.0,0.0,-0.015095479037930404,85384.71641772104
2009-10-19,0.016039818464715694,0.0,0.0,0.016039818464715694,86754.27176872251
2009-10-20,-0.005262496782177495,0.0,0.0,-0.005262496782177495,86297.72769269944
2009-10-21,-0.003350431804604148,0.0,0.0,-0.003350431804604148,86008.59304117276
2009-10-22,0.009731351548175171,0.0,0.0,0.009731351548175171,86845.57289622033
2009-10-23,-0.01577011832568087,0.0,0.0,-0.01577011832568087,85476.0079355854
2009-10-26,-0.01513250682278744,0.0,0.0,-0.01513250682278744,84182.54166231552
2009-10-27,-0.007953563744488745,0.0,0.0,-0.007953563744488745,83512.9904510312
2009-10-28,-0.02405256560891611,0.0,0.0,-0.02405256560891611,81504.28876901101
2009-10-29,0.02949955072906163,0.0,0.0,0.02949955072906163,83908.62867018854
2009-10-30,-0.033369828624829956,0.0,0.0,-0.033369828624829956,81108.61211131985
2009-11-02,0.009756118944915126,0.0,0.0,0.009756118944915126,81899.91737853485
2009-11-03,-0.0039018201884405412,0.0,0.0,-0.0039018201884405412,81580.35862747568
2009-11-04,0.010073108516644558,0.0,0.0,0.010073108516644558,82402.12643275701
2009-11-05,0.012926372748529147,0.0,0.0,0.012926372748529147,83467.28703429826
2009-11-06,0.002917292640982838,0.0,0.0,0.002917292640982838,83710.78553652622
2009-11-09,0.02799498388957944,0.0,0.0,0.02799498388957944,86054.2676290053
2009-11-10,-0.005305192629815769,0.0,0.0,-0.005305192629815769,85597.73316261572
2009-11-11,0.00302217504096558,0.0,0.0,0.00302217504096558,85856.424495343
2009-11-12,-0.014533916725577467,0.0,0.0,-0.014533916725577467,84608.59437137186
2009-11-13,0.014029321169939157,0.0,0.0,0.014029321169939157,85795.59551554495
2009-11-16,0.015962891021834347,0.0,0.0,0.015962891021834347,87165.14125691298
2009-11-17,-0.006634070513527268,0.0,0.0,-0.006634070513527268,86586.88156349305
2009-11-18,-0.0031636687503641125,0.0,0.0,-0.0031636687503641125,86312.94935209914
2009-11-19,-0.018864231574566626,0.0,0.0,-0.018864231574566626,84684.72188763731
2009-11-20,-0.005570621307368295,0.0,0.0,-0.005570621307368295,84212.97537148147
2009-11-23,0.017889422028527502,0.0,0.0,0.017889422028527502,85719.4968281799
2009-11-24,-0.004083221349206245,0.0,0.0,-0.004083221349206245,85369.48514868785
2009-11-25,0.013368918946299546,0.0,0.0,0.013368918946299546,86510.78287612798
2009-11-27,-0.028847967443731748,0.0,0.0,-0.028847967443731748,84015.1226281857
2009-11-30,0.00326062514054426,0.0,0.0,0.00326062514054426,84289.06444921305
2009-12-01,0.027441742161859795,0.0,0.0,0.027441742161859795,86602.10322289275
2009-12-02,0.0015813344172204147,0.0,0.0,0.0015813344172204147,86739.05010932278
2009-12-03,-0.002280678819356008,0.0,0.0,-0.002280678819356008,86541.2261949274
2009-12-04,-0.0035166718226753435,0.0,0.0,-0.0035166718226753435,86236.88910326791
2009-12-07,-0.005470356376039098,0.0,0.0,-0.005470356376039098,85765.14258711207
2009-12-08,-0.017388404794534185,0.0,0.0,-0.017388404794534185,84273.82357054642
2009-12-09,-0.001263779939229548,0.0,0.0,-0.001263779939229548,84167.3200029158
2009-12-10,0.003073536530785681,0.0,0.0,0.003073536530785681,84426.0113356431
2009-12-11,-0.00036059169819568915,0.0,0.0,-0.00036059169819568915,84395.56801684368
2009-12-14,0.009736755089046367,0.0,0.0,0.009736755089046367,85217.30699322464
2009-12-15,-0.011071500097429965,0.0,0.0,-0.011071500097429965,84273.82357054643
2009-12-16,0.01173708679282126,0.0,0.0,0.01173708679282126,85262.95275215684
2009-12-17,-0.023558790864604884,0.0,0.0,-0.023558790864604884,83254.26067977009
2009-12-18,0.002376257051753816,0.0,0.0,0.002376257051753816,83452.09420379894
2009-12-21,0.002917478292791653,0.0,0.0,0.002917478292791653,83695.56387712654
2009-12-22,0.0063478609911789,0.0,0.0,0.0063478609911789,84226.85168219687
2009-12-23,0.009116315367031946,0.0,0.0,0.009116315367031946,84994.690224504
2009-12-24,0.003974453511228937,0.0,0.0,0.003974453511228937,85332.4976695026
2009-12-28,0.00431908454732155,0.0,0.0,0.00431908454732155,85701.05594157129
2009-12-29,0.0016124250469038426,0.0,0.0,0.0016124250469038426,85839.2424707176
2009-12-30,-0.004114244593749872,0.0,0.0,-0.004114244593749872,85486.07883145087
2009-12-31,-0.0070058329294944155,0.0,0.0,-0.0070058329294944155,84887.17764536012
2010-01-04,0.026230224541662128,0.0,0.0,0.026230224541662128,87113.78737570588
2010-01-05,0.0008816077560303004,0.0,0.0,0.0008816077560303004,87190.58756631348
2010-01-06,0.004226601102493843,0.0,0.0,0.004226601102493843,87559.10739984835
2010-01-07,-0.0038582698510480906,0.0,0.0,-0.0038582698510480906,87221.28073558283
2010-01-08,0.007922377513126744,0.0,0.0,0.007922377513126744,87912.28064874852
2010-01-11,0.008209787361632248,0.0,0.0,0.008209787361632248,88634.02177935088
2010-01-12,-0.01178126851597372,0.0,0.0,-0.01178126851597372,87589.80056911768
2010-01-13,0.008415223124699223,0.0,0.0,0.008415223124699223,88326.8882843547
2010-01-14,0.0076496813249293805,0.0,0.0,0.0076496813249293805,89002.56083215267
2010-01-15,-0.01570017769752463,0.0,0.0,-0.01570017769752463,87605.20481155312
2010-01-19,0.009815613498056264,0.0,0.0,0.009815613498056264,88465.10364240139
2010-01-20,-0.025516634645455283,0.0,0.0,-0.025516634645455283,86207.7719138859
2010-01-21,-0.02137493654535172,0.0,0.0,-0.02137493654535172,84365.08625951044
2010-01-22,-0.019475875988983038,0.0,0.0,-0.019475875988983038,82722.00230172035
2010-01-25,0.012251986091925682,0.0,0.0,0.012251986091925682,83735.51112341727
2010-01-26,-0.005684952612006078,0.0,0.0,-0.005684952612006078,83259.47871073853
2010-01-27,-0.0011067421592009241,0.0,0.0,-0.0011067421592009241,83167.33193549627
2010-01-28,-0.0168023193271446,0.0,0.0,-0.0168023193271446,81769.92786672943
2010-01-29,-0.014459943294063526,0.0,0.0,-0.014459943294063526,80587.53934661686
2010-02-01,0.018292488063609946,0.0,0.0,0.018292488063609946,82061.68594819054
2010-02-02,0.016654560213726244,0.0,0.0,0.016654560213726244,83428.38723805458
2010-02-03,-0.010491208852598133,0.0,0.0,-0.010491208852598133,82553.12260330471
2010-02-04,-0.040737018784231194,0.0,0.0,-0.040737018784231194,79190.15449711695
2010-02-05,-0.0017448749833903765,0.0,0.0,-0.0017448749833903765,79051.97757760412
2010-02-08,-0.01981382697452061,0.0,0.0,-0.01981382697452061,77485.65537188778
2010-02-09,0.03151024061892049,0.0,0.0,0.03151024061892049,79927.24701717072
2010-02-10,-0.006339835298458607,0.0,0.0,-0.006339835298458607,79420.52143522265
2010-02-11,0.00928057991373521,0.0,0.0,0.00928057991373521,80157.58993119275
2010-02-12,-0.008620517579917997,0.0,0.0,-0.008620517579917997,79466.59001802705
2010-02-16,0.022222157727975755,0.0,0.0,0.022222157727975755,81232.50911551203
2010-02-17,0.0013229251705588752,0.0,0.0,0.0013229251705588752,81339.9736464886
2010-02-18,0.005663825755338303,0.0,0.0,0.005663825755338303,81800.6690841661
2010-02-19,-0.0061951085016248575,0.0,0.0,-0.0061951085016248575,81293.90506368419
2010-02-22,0.0018889723966519778,0.0,0.0,0.0018889723966519778,81447.46700636554
2010-02-23,-0.014139932885035011,0.0,0.0,-0.014139932885035011,80295.80528923943
2010-02-24,0.006310555896072323,0.0,0.0,0.006310555896072323,80802.51645673731
2010-02-25,-0.006081233838509226,0.0,0.0,-0.006081233838509226,80311.1374594239
2010-02-26,0.006118441512071415,0.0,0.0,0.006118441512071415,80802.51645673731
2010-03-01,0.007791885607060678,0.0,0.0,0.007791885607060678,81432.12042173084
2010-03-02,0.0075429469097803015,0.0,0.0,0.0075429469097803015,82046.3585828228
2010-03-03,0.011978316050451632,0.0,0.0,0.011978316050451632,83029.13579671654
2010-03-04,-0.0025890610377216072,0.0,0.0,-0.0025890610377216072,82814.16829622956
2010-03-05,0.019469638985600612,0.0,0.0,0.019469638985600612,84426.53025584992
2010-03-08,0.0,0.0,0.0,0.0,84426.53025584992
2010-03-09,-0.0023651164278329917,0.0,0.0,-0.0023651164278329917,84226.85168219687
2010-03-10,0.00419368989832658,0.0,0.0,0.00419368989832658,84580.07297926435
2010-03-11,0.0038124921037012705,0.0,0.0,0.0038124921037012705,84902.53383962828
2010-03-12,0.006691795089340813,0.0,0.0,0.006691795089340813,85470.68419864889
2010-03-15,-0.007006420200149077,0.0,0.0,-0.007006420200149077,84871.84067035893
2010-03-16,0.012665034260821662,0.0,0.0,0.012665034260821662,85946.74544022801
2010-03-17,0.005359907538296627,0.0,0.0,0.005359907538296627,86407.41204900516
2010-03-18,-0.005864487542968533,0.0,0.0,-0.005864487542968533,85900.6768574236
2010-03-19,-0.010189599147199302,0.0,0.0,-0.010189599147199302,85025.38339377336
2010-03-22,0.002889714794372278,0.0,0.0,0.002889714794372278,85271.08250206352
2010-03-23,0.007023271538851628,0.0,0.0,0.007023271538851628,85869.96446888734
2010-03-24,-0.016452209595514522,0.0,0.0,-0.016452209595514522,84457.21381548583
2010-03-25,-0.0005450113991580796,0.0,0.0,-0.0005450113991580796,84411.18367121524
2010-03-26,0.009823182263877683,0.0,0.0,0.009823182263877683,85240.37011352726
2010-03-29,0.008467015335663852,0.0,0.0,0.008467015335663852,85962.10163449615
2010-03-30,0.0,0.0,0.0,0.0,85962.10163449615
2010-03-31,0.0,0.0,0.0,0.0,85962.10163449615
2010-04-01,0.017684825814001437,0.0,0.0,0.017684825814001437,87482.3264285077
2010-04-05,0.0010535384491003885,0.0,0.0,0.0010535384491003885,87574.49242301688
2010-04-06,-0.002806040206741911,0.0,0.0,-0.002806040206741911,87328.75487619288
2010-04-07,-0.007033410045703903,0.0,0.0,-0.007033410045703903,86714.53593436786
2010-04-08,-0.0010624234447276226,0.0,0.0,-0.0010624234447276226,86622.4083783925
2010-04-09,0.013118193874012363,0.0,0.0,0.013118193874012363,87758.73792533414
2010-04-12,0.003149784431666136,0.0,0.0,0.003149784431666136,88035.15903179401
2010-04-13,-0.000872162578964053,0.0,0.0,-0.000872162578964053,87958.37806045334
2010-04-14,0.013268006431886858,0.0,0.0,0.013268006431886858,89125.41038629776
2010-04-15,-0.0006894105291985753,0.0,0.0,-0.0006894105291985753,89063.96638995831
2010-04-16,-0.022068803896680644,0.0,0.0,-0.022068803896680644,87098.43118143776
2010-04-19,-0.002644737919281548,0.0,0.0,-0.002644737919281548,86868.07865778227
2010-04-20,0.0061868292563669325,0.0,0.0,0.0061868292563669325,87405.51662826663
2010-04-21,-0.006500055961037976,0.0,0.0,-0.006500055961037976,86837.37587887947
2010-04-22,-0.009018654584101893,0.0,0.0,-0.009018654584101893,86054.21958083803
2010-04-23,0.007495146563454291,0.0,0.0,0.007495146563454291,86699.20856900008
2010-04-26,0.0010622787519642962,0.0,0.0,0.0010622787519642962,86791.30729607506
2010-04-27,-0.040162547507678004,0.0,0.0,-0.040162547507678004,83305.54729354297
2010-04-28,0.00018398973256550377,0.0,0.0,0.00018398973256550377,83320.87465891073
2010-04-29,0.015481243015875501,0.0,0.0,0.015481243015875501,84610.78536780062
2010-04-30,-0.012522391226228224,0.0,0.0,-0.012522391226228224,83551.2560114666
2010-05-03,0.007167609155686483,0.0,0.0,0.007167609155686483,84150.11875902349
2010-05-04,-0.03959894254212415,0.0,0.0,-0.03959894254212415,80817.863041372
2010-05-05,-0.01919016780799443,0.0,0.0,-0.01919016780799443,79266.95468772456
2010-05-06,-0.044556249308224105,0.0,0.0,-0.044556249308224105,75735.11649275459
2010-05-07,-0.002230317189106268,0.0,0.0,-0.002230317189106268,75566.20316062184
2010-05-10,0.0648236488977012,0.0,0.0,0.0648236488977012,80464.68018283835
2010-05-11,-0.016221075592938727,0.0,0.0,-0.016221075592938727,79159.45652303088
2010-05-12,0.011251214793595699,0.0,0.0,0.011251214793595699,80050.0965713158
2010-05-13,-0.013044416440556539,0.0,0.0,-0.013044416440556539,79005.88977553279
2010-05-14,-0.028377017416466144,0.0,0.0,-0.028377017416466144,76763.93826536908
2010-05-17,0.0014003106446329738,0.0,0.0,0.0014003106446329738,76871.43162524603
2010-05-18,-0.021574019145278567,0.0,0.0,-0.021574019145278567,75213.005887638
2010-05-19,0.003878835299177208,0.0,0.0,0.003878835299177208,75504.7447498322
2010-05-20,-0.03477705078645765,0.0,0.0,-0.03477705078645765,72878.91240704876
2010-05-21,0.024441705323998253,0.0,0.0,0.024441705323998253,74660.19730843532
2010-05-24,-0.02303570813743694,0.0,0.0,-0.02303570813743694,72940.34679375475
2010-05-25,-0.003789687307650169,0.0,0.0,-0.003789687307650169,72663.92568729486
2010-05-26,-0.014793288325931186,0.0,0.0,-0.014793288325931186,71588.98728370867
2010-05-27,0.05684308135195315,0.0,0.0,0.05684308135195315,75658.32591178047
2010-05-28,-0.019281801814388766,0.0,0.0,-0.019281801814388766,74199.49706594108
2010-06-01,-0.009933605012377389,0.0,0.0,-0.009933605012377389,73462.42856997096
2010-06-02,0.02675597949681241,0.0,0.0,0.02675597949681241,75427.98780257515
2010-06-03,-0.0030540033637799224,0.0,0.0,-0.0030540033637799224,75197.63047410293
2010-06-04,-0.04267929879157606,0.0,0.0,-0.04267929879157606,71988.24833468016
2010-06-07,-0.012584934827706173,0.0,0.0,-0.012584934827706173,71082.28092102749
2010-06-08,0.015986250607764818,0.0,0.0,0.015986250607764818,72218.62007760257
2010-06-09,-0.003614991767053377,0.0,0.0,-0.003614991767053377,71957.55036059408
2010-06-10,0.042253712040922764,0.0,0.0,0.042253712040922764,74998.02397270082
2010-06-11,0.00143321849518796,0.0,0.0,0.00143321849518796,75105.51252776105
2010-06-14,0.006337862196455157,0.0,0.0,0.006337862196455157,75581.52091635612
2010-06-15,0.03169462374204279,0.0,0.0,0.03169462374204279,77977.04878365136
2010-06-16,-0.004726373569969078,0.0,0.0,-0.004726373569969078,77608.50012121613
2010-06-17,0.0031660645722642045,0.0,0.0,0.0031660645722642045,77854.21364395648
2010-06-18,-0.0017752482076566212,0.0,0.0,-0.0017752482076566212,77716.00309072653
2010-06-21,-0.00019753189614613031,0.0,0.0,-0.00019753189614613031,77700.65170127511
2010-06-22,-0.012648001955055443,0.0,0.0,-0.012648001955055443,76717.8937066483
2010-06-23,0.0066999973445018846,0.0,0.0,0.0066999973445018846,77231.90339075861
2010-06-24,-0.017398072023815048,0.0,0.0,-0.017398072023815048,75888.21717302987
2010-06-25,0.005764839185229853,0.0,0.0,0.005764839185229853,76325.70054108619
2010-06-28,-0.00736947936660981,0.0,0.0,-0.00736947936660981,75763.2198658066
2010-06-29,-0.03423368871780452,0.0,0.0,-0.03423368871780452,73169.56538066201
2010-06-30,-0.00683388605142321,0.0,0.0,-0.00683388605142321,72669.5329084184
2010-07-01,0.014620899374642615,0.0,0.0,0.014620899374642615,73732.02683667467
2010-07-02,-0.0021189356577588914,0.0,0.0,-0.0021189356577588914,73575.7934158916
2010-07-06,0.019961765630130524,0.0,0.0,0.019961765630130524,75044.49616011053
2010-07-07,0.031230333941006272,0.0,0.0,0.031230333941006272,77388.16083562534
2010-07-08,0.009691196111153877,0.0,0.0,0.009691196111153877,78138.1446789649
2010-07-09,0.0009997256872744664,0.0,0.0,0.0009997256872744664,78216.26138935644
2010-07-12,-0.003795446066732877,0.0,0.0,-0.003795446066732877,77919.39578771165
2010-07-13,0.01844800009668912,0.0,0.0,0.01844800009668912,79356.85280873733
2010-07-14,0.0035439956057432553,0.0,0.0,0.0035439956057432553,79638.0931463771
2010-07-15,0.004904783133410362,0.0,0.0,0.004904783133410362,80028.7007224184
2010-07-16,-0.0320186225544149,0.0,0.0,-0.0320186225544149,77466.29196046706
2010-07-19,0.00645421913742128,0.0,0.0,0.00645421913742128,77966.27638454338
2010-07-20,0.006813527169525768,0.0,0.0,0.006813527169525768,78497.50172699623
2010-07-21,-0.018113082910149125,0.0,0.0,-0.018113082910149125,77075.66996997557
2010-07-22,0.033651129014582004,0.0,0.0,0.033651129014582004,79669.35328402056
2010-07-23,0.011766981323302117,0.0,0.0,0.011766981323302117,80606.8210761532
2010-07-26,0.006978018273806397,0.0,0.0,0.006978018273806397,81169.29694661603
2010-07-27,0.0028872954383503124,0.0,0.0,0.0028872954383503124,81403.6566874241
2010-07-28,-0.005182240164645524,0.0,0.0,-0.005182240164645524,80981.80338818951
2010-07-29,0.0046305108205053624,0.0,0.0,0.0046305108205053624,81356.79050504256
2010-07-30,-0.003072936168302731,0.0,0.0,-0.003072936168302731,81106.7862809626
2010-08-02,0.03371241804355707,0.0,0.0,0.03371241804355707,83841.09216623585
2010-08-03,-0.0014909408836437654,0.0,0.0,-0.0014909408836437654,83716.09005419585
2010-08-04,0.0009331146538373858,0.0,0.0,0.0009331146538373858,83794.2067645874
2010-08-05,-0.0007458875551574762,0.0,0.0,-0.0007458875551574762,83731.70570856739
2010-08-06,0.0029856625077797627,0.0,0.0,0.0029856625077797627,83981.70032301391
2010-08-09,0.0011162190576754494,0.0,0.0,0.0011162190576754494,84075.44229741044
2010-08-10,-0.007991126837464835,0.0,0.0,-0.007991126837464835,83403.58477409587
2010-08-11,-0.04552247198002024,0.0,0.0,-0.04552247198002024,79606.84742318385
2010-08-12,-0.001177682411308334,0.0,0.0,-0.001177682411308334,79513.09583915386
2010-08-13,-0.0035372733753905594,0.0,0.0,-0.0035372733753905594,79231.83628224714
2010-08-16,0.008085464689842503,0.0,0.0,0.008085464689842503,79872.46249681863
2010-08-17,0.011149875040718182,0.0,0.0,0.011149875040718182,80763.03047285261
2010-08-18,-0.00038705998846788603,0.0,0.0,-0.00038705998846788603,80731.77033520915
2010-08-19,-0.016063019625100372,0.0,0.0,-0.016063019625100372,79434.9743239456
2010-08-20,-0.010424765050223161,0.0,0.0,-0.010424765050223161,78606.88337984796
2010-08-23,-0.0019879563694829017,0.0,0.0,-0.0019879563694829017,78450.61632534779
2010-08-24,-0.01374203536684826,0.0,0.0,-0.01374203536684826,77372.54518125381
2010-08-25,0.0010094937496898382,0.0,0.0,0.0010094937496898382,77450.65228201188
2010-08-26,-0.0004033034279177228,0.0,0.0,-0.0004033034279177228,77419.4161684521
2010-08-27,0.019575959003222065,0.0,0.0,0.019575959003222065,78934.9754854191
2010-08-30,-0.014449820465305518,0.0,0.0,-0.014449820465305518,77794.3792612215
2010-08-31,0.0030129242232448394,0.0,0.0,0.0030129242232448394,78028.76783092994
2010-09-01,0.03564284481416147,0.0,0.0,0.03564284481416147,80809.935093768
2010-09-02,0.005607150115295445,0.0,0.0,0.005607150115295445,81263.04853064605
2010-09-03,0.009229206466333517,0.0,0.0,0.009229206466333517,82013.04198361906
2010-09-07,-0.01390761525537465,0.0,0.0,-0.01390761525537465,80872.43614978799
2010-09-08,0.0077278755459841975,0.0,0.0,0.0077278755459841975,81497.4082714541
2010-09-09,0.009394039691760225,0.0,0.0,0.009394039691760225,82262.99815953172
2010-09-10,0.0030392015767355396,0.0,0.0,0.0030392015767355396,82513.01199324515
2010-09-13,0.01817855936227253,0.0,0.0,0.01817855936227253,84012.97967992428
2010-09-14,0.006694935213053199,0.0,0.0,0.006694935213053199,84575.44113593693
2010-09-15,0.00036938522527263373,0.0,0.0,0.00036938522527263373,84606.68205431345
2010-09-16,-0.004801370593504717,0.0,0.0,-0.004801370593504717,84200.45401908387
2010-09-17,-0.004824763229951623,0.0,0.0,-0.004824763229951623,83794.20676458736
2010-09-20,0.017341197569259892,0.0,0.0,0.017341197569259892,85247.2986592515
2010-09-21,-0.00018351881546951887,0.0,0.0,-0.00018351881546951887,85231.65417597957
2010-09-22,-0.0014662778089649109,0.0,0.0,-0.0014662778089649109,85106.68089283996
2010-09-23,-0.010831837615137174,0.0,0.0,-0.010831837615137174,84184.81914544542
2010-09-24,0.02783974496319308,0.0,0.0,0.02783974496319308,86528.50304022715
2010-09-27,-0.005056222825634227,0.0,0.0,-0.005056222825634227,86090.99564808719
2010-09-28,0.005807906441271049,0.0,0.0,0.005807906441271049,86591.00409624715
2010-09-29,-0.0016240414060643138,0.0,0.0,-0.0016240414060643138,86450.37672020217
2010-09-30,-0.00741011224714383,0.0,0.0,-0.00741011224714383,85809.7697248976
2010-10-01,0.010014382572394176,0.0,0.0,0.010014382572394176,86669.10158737177
2010-10-04,-0.014422139263848055,0.0,0.0,-0.014422139263848055,85419.1477344061
2010-10-05,0.028352076543035398,0.0,0.0,0.028352076543035398,87840.95794921283
2010-10-06,0.008360093019012194,0.0,0.0,0.008360093019012194,88575.31652854738
2010-10-07,-0.003351615530110319,0.0,0.0,-0.003351615530110319,88278.44612208588
2010-10-08,0.006548555791881849,0.0,0.0,0.006548555791881849,88856.54245173698
2010-10-11,-0.0012308293276315219,0.0,0.0,-0.0012308293276315219,88747.17521333545
2010-10-12,-0.002112562437535437,0.0,0.0,-0.002112562437535437,88559.69126454239
2010-10-13,0.011291467188673243,0.0,0.0,0.011291467188673243,89559.660112695
2010-10-14,0.006978384358684808,0.0,0.0,0.006978384358684808,90184.64184399456
2010-10-15,-0.0032919132351661995,0.0,0.0,-0.0032919132351661995,89887.76182789958
2010-10-18,0.0022594800341504406,0.0,0.0,0.0022594800341504406,90090.8614310642
2010-10-19,-0.0220254660851662,0.0,0.0,-0.0220254660851662,88106.56821803088
2010-10-20,0.018797812133564573,0.0,0.0,0.018797812133564573,89762.77893512652
2010-10-21,-0.005395830558801773,0.0,0.0,-0.005395830558801773,89278.4341895054
2010-10-22,0.0026249354987248896,0.0,0.0,0.0026249354987248896,89512.78432068
2010-10-25,0.0038401911088481455,0.0,0.0,0.0038401911088481455,89856.53051915651
2010-10-26,-0.006433548305405212,0.0,0.0,-0.006433548305405212,89278.43418950541
2010-10-27,-0.009625732225364447,0.0,0.0,-0.009625732225364447,88419.0638884974
2010-10-28,0.0077754951969799535,0.0,0.0,0.0077754951969799535,89106.56589508388
2010-10-29,-0.00035081744346721067,0.0,0.0,-0.00035081744346721067,89075.30575744042
2010-11-01,-0.003683743112804949,0.0,0.0,-0.003683743112804949,88747.17521333546
2010-11-02,0.016549235915077398,0.0,0.0,0.016549235915077398,90215.87315273765
2010-11-03,0.006927837959383787,0.0,0.0,0.006927837959383787,90840.87410330414
2010-11-04,0.02270375712530437,0.0,0.0,0.02270375712530437,92903.30324599592
2010-11-05,-0.0043727966638690274,0.0,0.0,-0.0043727966638690274,92497.05599149941
2010-11-08,-0.006080857925514382,0.0,0.0,-0.006080857925514382,91934.59453548676
2010-11-09,-0.010027365129007038,0.0,0.0,-0.010027365129007038,91012.73278809222
2010-11-10,0.0029182802345140146,0.0,0.0,0.0029182802345140146,91278.33344727682
2010-11-11,-0.008558709742080617,0.0,0.0,-0.008558709742080617,90497.10868556073
2010-11-12,-0.008287272870915019,0.0,0.0,-0.008287272870915019,89747.13445185462
2010-11-15,-0.0006960916078398993,0.0,0.0,-0.0006960916078398993,89684.66222473502
2010-11-16,-0.023519341007139705,0.0,0.0,-0.023519341007139705,87575.33807076134
2010-11-17,0.00553082609280553,0.0,0.0,0.00553082609280553,88059.70203564937
2010-11-18,0.025017651186367118,0.0,0.0,0.025017651186367118,90262.74894475268
2010-11-19,0.0,0.0,0.0,0.0,90262.74894475268
2010-11-22,-0.010732204940218981,0.0,0.0,-0.010732204940218981,89294.03062461004
2010-11-23,-0.030096090920742946,0.0,0.0,-0.030096090920742946,86606.62936025218
2010-11-24,0.015875985300383366,0.0,0.0,0.015875985300383366,87981.59493489128
2010-11-26,-0.016693349900312016,0.0,0.0,-0.016693349900312016,86512.88738585562
2010-11-29,-0.008849653854805073,0.0,0.0,-0.008849653854805073,85747.27827851106
2010-11-30,-0.011297589367945116,0.0,0.0,-0.011297589367945116,84778.54073910153
2010-12-01,0.028381891457333053,0.0,0.0,0.028381891457333053,87184.71608026979
2010-12-02,0.018996461557979183,0.0,0.0,0.018996461557979183,88840.91718773197
2010-12-03,0.009672811800127246,0.0,0.0,0.009672811800127246,89700.25865983959
2010-12-06,-0.004528727578925751,0.0,0.0,-0.004528727578925751,89294.03062461
2010-12-07,0.0005249599742234157,0.0,0.0,0.0005249599742234157,89340.906416625
2010-12-08,0.0029728896855603093,0.0,0.0,0.0029728896855603093,89606.5070758096
2010-12-09,0.0026155394076821104,0.0,0.0,0.0026155394076821104,89840.87642625111
2010-12-10,0.0022611940067021052,0.0,0.0,0.0022611940067021052,90044.02407758302
2010-12-13,0.010758167690001263,0.0,0.0,0.010758167690001263,91012.73278809217
2010-12-14,0.0015449284124393614,0.0,0.0,0.0015449284124393614,91153.34094487024
2010-12-15,-0.01319829244706272,0.0,0.0,-0.01319829244706272,89950.27249355303
2010-12-16,0.005558400273833586,0.0,0.0,0.005558400273833586,90450.2521128126
2010-12-17,-0.005527675242253505,0.0,0.0,-0.005527675242253505,89950.27249355301
2010-12-20,0.002258123480905372,0.0,0.0,0.002258123480905372,90153.39131598454
2010-12-21,0.00836235834451493,0.0,0.0,0.00836235834451493,90907.28628014209
2010-12-22,0.0019082420156584234,0.0,0.0,0.0019082420156584234,91080.75938335134
2010-12-23,-0.0005195151585745128,0.0,0.0,-0.0005195151585745128,91033.44154819721
2010-12-27,-0.002079246341024743,0.0,0.0,-0.002079246341024743,90844.16059794724
2010-12-28,0.0008682547223251014,0.0,0.0,0.0008682547223251014,90923.03646938206
2010-12-29,0.008673112684831619,0.0,0.0,0.008673112684831619,91711.62221032806
2010-12-30,-0.004815105058123548,0.0,0.0,-0.004815105058123548,91270.02111433439
2010-12-31,0.006047845161013088,0.0,0.0,0.006047845161013088,91822.00806987628
2011-01-03,0.008244512623696965,0.0,0.0,0.008244512623696965,92579.03577454158
2011-01-04,-0.0030663333188706288,0.0,0.0,-0.0030663333188706288,92295.1575925172
2011-01-05,-0.004272190333617365,0.0,0.0,-0.004272190333617365,91900.85511241075
2011-01-06,-0.011498201112176809,0.0,0.0,-0.011498201112176809,90844.16059794724
2011-01-07,-0.003992935063792058,0.0,0.0,-0.003992935063792058,90481.42576375493
2011-01-10,-0.0017429399832195047,0.0,0.0,-0.0017429399832195047,90323.72206905257
2011-01-11,0.006809557616538786,0.0,0.0,0.006809557616538786,90938.78665862202
2011-01-12,0.02202594572249361,0.0,0.0,0.02202594572249361,92941.79943763425
2011-01-13,0.0027149222083491242,0.0,0.0,0.0027149222083491242,93194.12919301142
2011-01-14,0.006092499579809729,0.0,0.0,0.006092499579809729,93761.91438596058
2011-01-18,0.006560265243426011,0.0,0.0,0.006560265243426011,94377.01741406388
2011-01-19,-0.006851789476599479,0.0,0.0,-0.006851789476599479,93730.36595931335
2011-01-20,-0.008581482976056876,0.0,0.0,-0.008581482976056876,92926.02041949393
2011-01-21,0.005430973238098158,0.0,0.0,0.005430973238098158,93430.69914951516
2011-01-24,0.010634800868244643,0.0,0.0,0.010634800868244643,94424.31602995112
2011-01-25,-0.002004273150250646,0.0,0.0,-0.002004273150250646,94235.06390860151
2011-01-26,0.0063595773824043356,0.0,0.0,0.0063595773824043356,94834.35908966408
2011-01-27,0.002328579841915923,0.0,0.0,0.002328579841915923,95055.18846656127
2011-01-28,-0.02223328429536975,0.0,0.0,-0.02223328429536975,92941.79943763428
2011-01-31,0.008654085948618162,0.0,0.0,0.008654085948618162,93746.1257581868
2011-02-01,0.023721553284365093,0.0,0.0,0.023721553284365093,95969.92947556241
2011-02-02,-0.0008218811024021111,0.0,0.0,-0.0008218811024021111,95891.05360412759
2011-02-03,0.0001647519431009492,0.0,0.0,0.0001647519431009492,95906.85184153485
2011-02-04,-0.0003288484233211486,0.0,0.0,-0.0003288484233211486,95875.31302452106
2011-02-07,0.0031253883933046733,0.0,0.0,0.0031253883933046733,96174.96061505236
2011-02-08,0.006559532990107586,0.0,0.0,0.006559532990107586,96805.8234420291
2011-02-09,-0.0029327472338973593,0.0,0.0,-0.0029327472338973593,96521.91643110433
2011-02-10,-0.00653595421954789,0.0,0.0,-0.00653595421954789,95891.05360412759
2011-02-11,0.0004936545448386287,0.0,0.0,0.0004936545448386287,95938.39065854864
2011-02-14,0.001972642234777,0.0,0.0,0.001972642234777,96127.64277989822
2011-02-15,-0.0029530379002519203,0.0,0.0,-0.0029530379002519203,95843.7742075073
2011-02-16,0.01201237091323426,0.0,0.0,0.01201237091323426,96995.08517301215
2011-02-17,0.003414366793130341,0.0,0.0,0.003414366793130341,97326.26197092373
2011-02-18,0.0034030447702895206,0.0,0.0,0.0034030447702895206,97657.46759773571
2011-02-22,-0.02858531722895674,0.0,0.0,-0.02858531722895674,94865.89790667787
2011-02-23,0.0013302325637931656,0.0,0.0,0.0013302325637931656,94992.09161326682
2011-02-24,0.0008302402911859463,0.0,0.0,0.0008302402911859463,95070.95787506817
2011-02-25,0.011944046560009358,0.0,0.0,0.011944046560009358,96206.48982243268
2011-02-28,0.009016664197829982,0.0,0.0,0.009016664197829982,97073.9514348135
2011-03-01,-0.013972553026297518,0.0,0.0,-0.013972553026297518,95717.58050091834
2011-03-02,0.005272882539240076,0.0,0.0,0.005272882539240076,96222.28805983995
2011-03-03,0.012784842906402583,0.0,0.0,0.012784842906402583,97452.47489677962
2011-03-04,-0.009063098830376037,0.0,0.0,-0.009063098830376037,96569.25348552536
2011-03-07,-0.00963558041808843,0.0,0.0,-0.00963558041808843,95638.75267765082
2011-03-08,0.0031330184941635864,0.0,0.0,0.0031330184941635864,95938.39065854864
2011-03-09,0.0003287403175860071,0.0,0.0,0.0003287403175860071,95969.92947556241
2011-03-10,-0.024814941574146654,0.0,0.0,-0.024814941574146654,93588.44128275136
2011-03-11,0.0,0.0,0.0,0.0,93588.44128275136
2011-03-14,-0.017863290804426724,0.0,0.0,-0.017863290804426724,91916.64374018456
2011-03-15,-0.020933289228328267,0.0,0.0,-0.020933289228328267,89992.52605187407
2011-03-16,-0.031020230599101528,0.0,0.0,-0.031020230599101528,87200.93714154928
2011-03-17,0.03327916952500609,0.0,0.0,0.03327916952500609,90102.9119114223
2011-03-18,0.013828039620273014,0.0,0.0,0.013828039620273014,91348.85854723542
2011-03-21,0.024689334604254265,0.0,0.0,0.024689334604254265,93604.20108162482
2011-03-22,-0.002864589402179263,0.0,0.0,-0.002864589402179263,93336.06347920693
2011-03-23,0.001183082872427521,0.0,0.0,0.001183082872427521,93446.48777728899
2011-03-24,0.013333366240752209,0.0,0.0,0.013333366240752209,94692.44402273555
2011-03-25,-0.010992897437240079,0.0,0.0,-0.010992897437240079,93651.49969751203
2011-03-28,-0.0005050492094625936,0.0,0.0,-0.0005050492094625936,93604.20108162482
2011-03-29,0.005223258416803933,0.0,0.0,0.005223258416803933,94093.12001277262
2011-03-30,0.011900578264442796,0.0,0.0,0.011900578264442796,95212.88255163023
2011-03-31,-0.004803561058232764,0.0,0.0,-0.004803561058232764,94755.52165676313
2011-04-01,0.009487375452209568,0.0,0.0,0.009487375452209568,95654.50286689082
2011-04-04,0.0013187634104083745,0.0,0.0,0.0013187634104083745,95780.64852531248
2011-04-05,-0.0024696129254212495,0.0,0.0,-0.0024696129254212495,95544.10739770914
2011-04-06,0.008253730889931976,0.0,0.0,0.008253730889931976,96332.70274828859
2011-04-07,-0.004912017909547872,0.0,0.0,-0.004912017909547872,95859.51478711385
2011-04-08,0.008226673814949459,0.0,0.0,0.008226673814949459,96648.11974732675
2011-04-11,-0.001958454553951161,0.0,0.0,-0.001958454553951161,96458.83879707678
2011-04-12,-0.009319543884604098,0.0,0.0,-0.009319543884604098,95559.88641584947
2011-04-13,0.0029707841051889172,0.0,0.0,0.0029707841051889172,95843.77420750733
2011-04-14,0.00444297703223584,0.0,0.0,0.00444297703223584,96269.60589499409
2011-04-15,-0.0014746410746780958,0.0,0.0,-0.0014746410746780958,96127.64277989826
2011-04-18,-0.020508518324729774,0.0,0.0,-0.020508518324729774,94156.20725643363
2011-04-19,0.00736999579306441,0.0,0.0,0.00736999579306441,94850.13810780445
2011-04-20,0.025440619035779655,0.0,0.0,0.025440619035779655,97263.18433689619
2011-04-21,0.006486240820833267,0.0,0.0,0.006486240820833267,97894.0567735064
2011-04-25,0.0,0.0,0.0,0.0,97894.0567735064
2011-04-26,0.007733230588760742,0.0,0.0,0.007733230588760742,98651.09408780516
2011-04-27,0.01247017539894868,0.0,0.0,0.01247017539894868,99881.29053437828
2011-04-28,0.006789674414854785,0.0,0.0,0.006789674414854785,100559.45197724224
2011-04-29,-0.004705172048351969,0.0,0.0,-0.004705172048351969,100086.30245460133
2011-05-02,0.006460746571959053,0.0,0.0,0.006460746571959053,100732.93469008495
2011-05-03,-0.008141573165548865,0.0,0.0,-0.008141573165548865,99912.81013212517
2011-05-04,-0.008523777330924576,0.0,0.0,-0.008523777330924576,99061.17558605199
2011-05-05,-0.01974229492319368,0.0,0.0,-0.01974229492319368,97105.48064219388
2011-05-06,0.00048718388712765126,0.0,0.0,0.00048718388712765126,97152.78886771455
2011-05-09,0.007142972305366424,0.0,0.0,0.007142972305366424,97846.74854798574
2011-05-10,0.00950987571193207,0.0,0.0,0.00950987571193207,98777.25896549375
2011-05-11,-0.020117943574768038,0.0,0.0,-0.020117943574768038,96790.06364315569
2011-05-12,0.003258774580426449,0.0,0.0,0.003258774580426449,97105.48064219387
2011-05-13,-0.01559186360355369,0.0,0.0,-0.01559186360355369,95591.42523286327
2011-05-16,-0.0018149360369251744,0.0,0.0,-0.0018149360369251744,95417.9329103871
2011-05-17,0.002148769452829269,0.0,0.0,0.002148769452829269,95622.96404987706
2011-05-18,0.006102360226475589,0.0,0.0,0.006102360226475589,96206.48982243273
2011-05-19,0.005737822733800302,0.0,0.0,0.005737822733800302,96758.50560687501
2011-05-20,-0.014180983099754574,0.0,0.0,-0.014180983099754574,95386.3748741064
2011-05-23,-0.023148017553686673,0.0,0.0,-0.023148017553686673,93178.36939413805
2011-05-24,0.005754949027211298,0.0,0.0,0.005754949027211298,93714.60616043999
2011-05-25,0.006395203848340358,0.0,0.0,0.006395203848340358,94313.93017040292
2011-05-26,0.009364595452920232,0.0,0.0,0.009364595452920232,95197.14197202372
2011-05-27,0.007289206563657391,0.0,0.0,0.007289206563657391,95891.05360412762
2011-05-31,0.020723870331802896,0.0,0.0,0.020723870331802896,97878.28736499952
2011-06-01,-0.023686570449526267,0.0,0.0,-0.023686570449526267,95559.88641584948
2011-06-02,0.005116160454119001,0.0,0.0,0.005116160454119001,96048.78612773036
2011-06-03,0.0004926437601324718,0.0,0.0,0.0004926437601324718,96096.10396288449
2011-06-06,-0.012965831117994653,0.0,0.0,-0.012965831117994653,94850.13810780447
2011-06-07,0.009145399368085227,0.0,0.0,0.009145399368085227,95717.58050091838
2011-06-08,-0.01285205508993148,0.0,0.0,-0.01285205508993148,94487.41288324562
2011-06-09,0.010348767341851195,0.0,0.0,0.010348767341851195,95465.24113590777
2011-06-10,-0.02312899504918653,0.0,0.0,-0.02312899504918653,93257.22604630595
2011-06-13,0.0015219655592693115,0.0,0.0,0.0015219655592693115,93399.16033250141
2011-06-14,0.01773065333954227,0.0,0.0,0.01773065333954227,95055.18846656132
2011-06-15,-0.03285203205610865,0.0,0.0,-0.03285203205610865,91932.4323679584
2011-06-16,-0.003431697153510216,0.0,0.0,-0.003431697153510216,91616.94810148602
2011-06-17,0.00981270450126992,0.0,0.0,0.00981270450126992,92515.95814051409
2011-06-20,-0.001193258670185493,0.0,0.0,-0.001193258670185493,92405.5626713324
2011-06-21,0.021676114530783774,0.0,0.0,0.021676114530783774,94408.55623107772
2011-06-22,-0.00969009094327311,0.0,0.0,-0.00969009094327311,93493.72873537547
2011-06-23,-0.008598577863860313,0.0,0.0,-0.008598577863860313,92689.8156290617
2011-06-24,-0.009540086527306535,0.0,0.0,-0.009540086527306535,91805.54676776036
2011-06-27,0.00823091789169017,0.0,0.0,0.00823091789169017,92561.19068520752
2011-06-28,0.01198541339527881,0.0,0.0,0.01198541339527881,93670.57481992897
2011-06-29,0.01750754290556511,0.0,0.0,0.01750754290556511,95310.51642757782
2011-06-30,0.01450753390777737,0.0,0.0,0.01450753390777737,96693.23697641867
2011-07-01,0.010974233548314727,0.0,0.0,0.010974233548314727,97754.37114154043
2011-07-05,-0.005920842377699409,0.0,0.0,-0.005920842377699409,97175.58291828024
2011-07-06,-0.006287386985504462,0.0,0.0,-0.006287386985504462,96564.60242293104
2011-07-07,0.008658109896286348,0.0,0.0,0.008658109896286348,97400.66936279999
2011-07-08,-0.012380457573266557,0.0,0.0,-0.012380457573266557,96194.80450814609
2011-07-11,-0.030252200570075827,0.0,0.0,-0.030252200570075827,93284.69998836641
2011-07-12,-0.006721871888654141,0.0,0.0,-0.006721871888654141,92657.65218587308
2011-07-13,0.014922689027347946,0.0,0.0,0.014922689027347946,94040.35351544704
2011-07-14,-0.00871935050403383,0.0,0.0,-0.00871935050403383,93220.3827116226
2011-07-15,0.0034496401401873378,0.0,0.0,0.0034496401401873378,93541.95948570824
2011-07-18,-0.014781924241020095,0.0,0.0,-0.014781924241020095,92159.22932723394
2011-07-19,0.015003707914750253,0.0,0.0,0.015003707914750253,93541.95948570824
2011-07-20,0.0118595432632993,0.0,0.0,0.0118595432632993,94651.32440116278
2011-07-21,0.021232982480863027,0.0,0.0,0.021232982480863027,96661.05431396316
2011-07-22,0.0009983331951453067,0.0,0.0,0.0009983331951453067,96757.55425316253
2011-07-25,-0.006314352205345486,0.0,0.0,-0.006314352205345486,96146.59297708023
2011-07-26,0.0060198516176039885,0.0,0.0,0.0060198516176039885,96725.38120034042
2011-07-27,-0.0242687368485891,0.0,0.0,-0.0242687368485891,94377.97837740989
2011-07-28,-0.00238484484151813,0.0,0.0,-0.00238484484151813,94152.90154252361
2011-07-29,0.0025617074593156097,0.0,0.0,0.0025617074593156097,94394.0937327213
2011-08-01,-0.01260447439905743,0.0,0.0,-0.01260447439905743,93204.305794845
2011-08-02,-0.02639279376771886,0.0,0.0,-0.02639279376771886,90744.38377373824
2011-08-03,0.00584683107093209,0.0,0.0,0.00584683107093209,91274.95085629913
2011-08-04,-0.06975518504621259,0.0,0.0,-0.06975518504621259,84908.04976923401
2011-08-05,0.01761021906302629,0.0,0.0,0.01761021906302629,86403.29912588457
2011-08-08,-0.07461862389297413,0.0,0.0,-0.07461862389297413,79956.00384529805
2011-08-09,0.06736418112540488,0.0,0.0,0.06736418112540488,85342.17457039628
2011-08-10,-0.05972160698163631,0.0,0.0,-0.05972160698163631,80245.40276174487
2011-08-11,0.04788643912026269,0.0,0.0,0.04788643912026269,84088.06935577613
2011-08-12,0.011472170449944308,0.0,0.0,0.011472170449944308,85052.74202023233
2011-08-15,0.023251286694651485,0.0,0.0,0.023251286694651485,87030.32770911099
2011-08-16,-0.014594375730063835,0.0,0.0,-0.014594375730063835,85760.17440661363
2011-08-17,0.0058119339392828095,0.0,0.0,0.0058119339392828095,86258.60687488625
2011-08-18,-0.048648747407607495,0.0,0.0,-0.048648747407607495,82062.2336972978
2011-08-19,-0.01704580318938398,0.0,0.0,-0.01704580318938398,80663.41701241242
2011-08-22,0.006378710738697668,0.0,0.0,0.006378710738697668,81177.94561672954
2011-08-23,0.03248169086478114,0.0,0.0,0.03248169086478114,83814.74255129017
2011-08-24,0.0003836298075545752,0.0,0.0,0.0003836298075545752,83846.89638484536
2011-08-25,-0.024161128745660898,0.0,0.0,-0.024161128745660898,81821.06072636702
2011-08-26,0.0157202733272237,0.0,0.0,0.0157202733272237,83107.31016490888
2011-08-29,0.02379568409310795,0.0,0.0,0.02379568409310795,85084.90546342099
2011-08-30,-0.005858059846900798,0.0,0.0,-0.005858059846900798,84586.47299514838
2011-08-31,0.01824770416863486,0.0,0.0,0.01824770416863486,86129.98193103206
2011-09-01,-0.012320260041444264,0.0,0.0,-0.012320260041444264,85068.83815627685
2011-09-02,-0.022302177452715344,0.0,0.0,-0.022302177452715344,83171.61783201924
2011-09-06,-0.032862874457324054,0.0,0.0,-0.032862874457324054,80438.35939679306
2011-09-07,0.029782228171088443,0.0,0.0,0.029782228171088443,82833.99297005637
2011-09-08,-0.019798394202432457,0.0,0.0,-0.019798394202432457,81194.01292387367
2011-09-09,-0.034653390349962065,0.0,0.0,-0.034653390349962065,78380.36509994282
2011-09-12,-0.004307640965512283,0.0,0.0,-0.004307640965512283,78042.73062834649
2011-09-13,0.010712999634356679,0.0,0.0,0.010712999634356679,78878.80237303216
2011-09-14,0.015083503841536006,0.0,0.0,0.015083503841536006,80068.57109164156
2011-09-15,0.021686690594164837,0.0,0.0,0.021686690594164837,81804.99341922287
2011-09-16,0.00039293718608335304,0.0,0.0,0.00039293718608335304,81837.13764314458
2011-09-19,-0.02750501517351256,0.0,0.0,-0.02750501517351256,79586.20593051305
2011-09-20,0.004040367938880074,0.0,0.0,0.004040367938880074,79907.7634853318
2011-09-21,-0.02977825068989637,0.0,0.0,-0.02977825068989637,77528.25007219665
2011-09-22,-0.032351964704964375,0.0,0.0,-0.032351964704964375,75020.05886222329
2011-09-23,0.011358752044943632,0.0,0.0,0.011358752044943632,75872.19310923637
2011-09-26,0.020555243947749213,0.0,0.0,0.020555243947749213,77431.76454744746
2011-09-27,0.024709151704519927,0.0,0.0,0.024709151704519927,79345.037764399
2011-09-28,-0.017021015045436627,0.0,0.0,-0.017021015045436627,77994.50468283043
2011-09-29,0.019583471892244297,0.0,0.0,0.019583471892244297,79521.90787303615
2011-09-30,-0.033966858677489165,0.0,0.0,-0.033966858677489165,76820.79846654843
2011-10-03,-0.026370864324506638,0.0,0.0,-0.026370864324506638,74794.96761288682
2011-10-04,0.016767112080019242,0.0,0.0,0.016767112080019242,76049.0632178735
2011-10-05,0.015433033992617418,0.0,0.0,0.015433033992617418,77222.73099562165
2011-10-06,0.026858734735275558,0.0,0.0,0.026858734735275558,79296.8358429666
2011-10-07,-0.0068941267587890875,0.0,0.0,-0.0068941267587890875,78750.15340509429
2011-10-10,0.038178968854781115,0.0,0.0,0.038178968854781115,81756.75305925663
2011-10-11,-0.0017696720570592461,0.0,0.0,-0.0017696720570592461,81612.07041789177
2011-10-12,0.014577989304976446,0.0,0.0,0.014577989304976446,82801.81030760078
2011-10-13,0.0003886710005012173,0.0,0.0,0.0003886710005012173,82833.99297005635
2011-10-14,0.011645738907835268,0.0,0.0,0.011645738907835268,83798.65602487908
2011-10-17,-0.023024041899591285,0.0,0.0,-0.023024041899591285,81869.27225743282
2011-10-18,0.014336639474147539,0.0,0.0,0.014336639474147539,83043.00249779847
2011-10-19,-0.01800560796265427,0.0,0.0,-0.01800560796265427,81547.76275078139
2011-10-20,0.0025627963468957127,0.0,0.0,0.0025627963468957127,81756.75305925662
2011-10-21,0.024188534955783547,0.0,0.0,0.024188534955783547,83734.32913850181
2011-10-24,0.014977307839646237,0.0,0.0,0.014977307839646237,84988.44396275541
2011-10-25,-0.017215342045443283,0.0,0.0,-0.017215342045443283,83525.33883002658
2011-10-26,0.01366685097759568,0.0,0.0,0.01366685097759568,84666.86718866974
2011-10-27,0.055260104165153257,0.0,0.0,0.055260104165153257,89345.56708885284
2011-10-28,-0.005758644796988399,0.0,0.0,-0.005758644796988399,88831.05770380264
2011-10-31,-0.05194538400700388,0.0,0.0,-0.05194538400700388,84216.6942996303
2011-11-01,-0.03130978443315202,0.0,0.0,-0.03130978443315202,81579.8877554362
2011-11-02,0.00847458226071951,0.0,0.0,0.00847458226071951,82271.2432250399
2011-11-03,0.025210101701488075,0.0,0.0,0.025210101701488075,84345.30963385102
2011-11-04,-0.012580945868379767,0.0,0.0,-0.012580945868379767,83284.16585909581
2011-11-07,0.0042472732240519395,0.0,0.0,0.0042472732240519395,83637.89646673664
2011-11-08,0.012110464848411828,0.0,0.0,0.012110464848411828,84650.79027189217
2011-11-09,-0.05128192902877993,0.0,0.0,-0.05128192902877993,80309.73445293885
2011-11-10,0.011811715654899801,0.0,0.0,0.011811715654899801,81258.33020061748
2011-11-11,0.024930805906013376,0.0,0.0,0.024930805906013376,83284.16585909581
2011-11-14,-0.017760548174012847,0.0,0.0,-0.017760548174012847,81804.99341922287
2011-11-15,-0.0027517350026918797,0.0,0.0,-0.0027517350026918797,81579.88775543623
2011-11-16,-0.019117224732153826,0.0,0.0,-0.019117224732153826,80020.30670759166
2011-11-17,-0.010849645299364719,0.0,0.0,-0.010849645299364719,79152.11476306792
2011-11-18,0.003453001740432171,0.0,0.0,0.003453001740432171,79425.42715310368
2011-11-21,-0.025303538165132977,0.0,0.0,-0.025303538165132977,77415.68282585313
2011-11-22,-0.0029073803481470817,0.0,0.0,-0.0029073803481470817,77190.60599096685
2011-11-23,-0.02749436594688348,0.0,0.0,-0.02749436594688348,75068.29922218951
2011-11-25,-0.005140124674601676,0.0,0.0,-0.005140124674601676,74682.43880507715
2011-11-28,0.042626043829717686,0.0,0.0,0.042626043829717686,77865.85571489259
2011-11-29,0.0066076379733639445,0.0,0.0,0.0066076379733639445,78380.36509994278
2011-11-30,0.05107690104618601,0.0,0.0,0.05107690104618601,82383.79125211648
2011-12-01,-0.008587033634035568,0.0,0.0,-0.008587033634035568,81676.3588657352
2011-12-02,-0.00019683684484539388,0.0,0.0,-0.00019683684484539388,81660.2819489576
2011-12-05,0.011419608385841329,0.0,0.0,0.011419608385841329,82592.8103894921
2011-12-06,-0.004672014788488776,0.0,0.0,-0.004672014788488776,82206.93555792952
2011-12-07,0.007041092796679305,0.0,0.0,0.007041092796679305,82785.76221972355
2011-12-08,-0.03282196183530062,0.0,0.0,-0.03282196183530062,80068.57109164151
2011-12-09,0.024899440298171482,0.0,0.0,0.024899440298171482,82062.23369729772
2011-12-12,-0.0291927120537544,0.0,0.0,-0.0291927120537544,79666.61453848462
2011-12-13,-0.013521969355341334,0.0,0.0,-0.013521969355341334,78589.36501805144
2011-12-14,-0.011865712754987046,0.0,0.0,-0.011865712754987046,77656.84618715041
2011-12-15,0.004969097512227627,0.0,0.0,0.004969097512227627,78042.73062834643
2011-12-16,-0.004120521815376477,0.0,0.0,-0.004120521815376477,77721.15385426077
2011-12-19,-0.009309101474899828,0.0,0.0,-0.009309101474899828,76997.63974628515
2011-12-20,0.0352700583222787,0.0,0.0,0.0352700583222787,79713.35099081443
2011-12-21,-0.005307318131679284,0.0,0.0,-0.005307318131679284,79290.28687776397
2011-12-22,0.00902937478222654,0.0,0.0,0.00902937478222654,80006.22859457356
2011-12-23,0.006914553887980235,0.0,0.0,0.006914553887980235,80559.4359735648
2011-12-27,-0.004443174443444664,0.0,0.0,-0.004443174443444664,80201.49634646875
2011-12-28,-0.01805630816632875,0.0,0.0,-0.01805630816632875,78753.35341303622
2011-12-29,0.01838833358419012,0.0,0.0,0.01838833358419012,80201.49634646875
2011-12-30,0.004868949870580952,0.0,0.0,0.004868949870580952,80591.99341172529
2012-01-03,0.027256331496609887,0.0,0.0,0.027256331496609887,82788.63550012787
2012-01-04,-0.005896342626281026,0.0,0.0,-0.005896342626281026,82300.48533965682
2012-01-05,-0.014828172476840984,0.0,0.0,-0.014828172476840984,81080.11954811268
2012-01-06,-0.013646240141636401,0.0,0.0,-0.013646240141636401,79973.68076604654
2012-01-09,0.003865785902245955,0.0,0.0,0.003865785902245955,80282.84189370264
2012-01-10,0.015200530258710598,0.0,0.0,0.015200530258710598,81503.18366116314
2012-01-11,-0.003194046646050608,0.0,0.0,-0.003194046646050608,81242.85869074777
2012-01-12,0.004206136654020698,0.0,0.0,0.004206136654020698,81584.57725656434
2012-01-13,-0.010770124503614587,0.0,0.0,-0.010770124503614587,80705.90120193639
2012-01-17,0.011895308615162525,0.0,0.0,0.011895308615162525,81665.92280379822
2012-01-18,0.016736211629119424,0.0,0.0,0.016736211629119424,83032.70097072993
2012-01-19,0.01234559899932508,0.0,0.0,0.01234559899932508,84057.78940074542
2012-01-20,0.0052266760197099416,0.0,0.0,0.0052266760197099416,84497.13223287613
2012-01-23,0.003851489845115852,0.0,0.0,0.003851489845115852,84822.57207961245
2012-01-24,-0.005563154234245249,0.0,0.0,-0.005563154234245249,84350.69102858819
2012-01-25,0.010416825686664577,0.0,0.0,0.010416825686664577,85229.35747358268
2012-01-26,0.0003814341789829534,0.0,0.0,0.0003814341789829534,85261.86686357588
2012-01-27,0.001717997132952176,0.0,0.0,0.001717997132952176,85408.34650639765
2012-01-30,-0.011812055738528282,0.0,0.0,-0.011812055738528282,84399.49835692854
2012-01-31,0.005205173156035192,0.0,0.0,0.005205173156035192,84838.81236015886
2012-02-01,0.01572687689223451,0.0,0.0,0.01572687689223451,86173.06191783045
2012-02-02,0.0020771995153090472,0.0,0.0,0.0020771995153090472,86352.06056027887
2012-02-03,0.015639903409630174,0.0,0.0,0.015639903409630174,87702.59844666415
2012-02-06,-0.004824287524862969,0.0,0.0,-0.004824287524862969,87279.49589507985
2012-02-07,0.006152491054225218,0.0,0.0,0.006152491054225218,87816.48221279161
2012-02-08,0.0035204270341133714,0.0,0.0,0.0035204270341133714,88125.63373081425
2012-02-09,0.0025849046584005553,0.0,0.0,0.0025849046584005553,88353.43009196954
2012-02-10,-0.01896858212344754,0.0,0.0,-0.01896858212344754,86677.49079738175
2012-02-13,0.011451183134449927,0.0,0.0,0.011451183134449927,87670.05061813715
2012-02-14,-0.007424196619980283,0.0,0.0,-0.007424196619980283,87019.17092466448
2012-02-15,0.0011220916557064253,0.0,0.0,0.0011220916557064253,87116.81441024554
2012-02-16,0.013821523211279274,0.0,0.0,0.013821523211279274,88320.90148270945
2012-02-17,0.004421343744243522,0.0,0.0,0.004421343744243522,88711.39854796598
2012-02-21,0.00018328535091827192,0.0,0.0,0.00018328535091827192,88727.65804777929
2012-02-22,-0.002933761094069398,0.0,0.0,-0.002933761094069398,88467.35229663082
2012-02-23,0.008276458973827339,0.0,0.0,0.008276458973827339,89199.54870843701
2012-02-24,0.006019840976998703,0.0,0.0,0.006019840976998703,89736.51580688186
2012-02-27,-0.005077326070821231,0.0,0.0,-0.005077326070821231,89280.89425567092
2012-02-28,0.00929481625312012,0.0,0.0,0.00929481625312012,90110.74376269162
2012-02-29,-0.013001105029408766,0.0,0.0,-0.013001105029408766,88939.20451875473
2012-03-01,0.011342688709595317,0.0,0.0,0.011342688709595317,89948.01422969
2012-03-02,-0.009225879127265801,0.0,0.0,-0.009225879127265801,89118.16472266929
2012-03-05,-0.005294572817548193,0.0,0.0,-0.005294572817548193,88646.32211017887
2012-03-06,-0.03193837004531841,0.0,0.0,-0.03193837004531841,85815.10307146749
2012-03-07,0.01232459346534509,0.0,0.0,0.01232459346534509,86872.73933001001
2012-03-08,0.021539745040249247,0.0,0.0,0.021539745040249247,88743.95598612646
2012-03-09,-0.003300741372803895,0.0,0.0,-0.003300741372803895,88451.03513901676
2012-03-12,-0.002574960510789759,0.0,0.0,-0.002574960510789759,88223.27721639532
2012-03-13,0.01622989589478463,0.0,0.0,0.01622989589478463,89655.13182111415
2012-03-14,-0.008892877102127716,0.0,0.0,-0.008892877102127716,88857.83975225392
2012-03-15,0.009521944260175497,0.0,0.0,0.009521944260175497,89703.9391494545
2012-03-16,0.006892921996235035,0.0,0.0,0.006892921996235035,90322.2614047667
2012-03-19,0.00522420303055493,0.0,0.0,0.00522420303055493,90794.12323652406
2012-03-20,-0.011827811317240089,0.0,0.0,-0.011827811317240089,89720.2274781682
2012-03-21,-0.006528900374530577,0.0,0.0,-0.006528900374530577,89134.45305138304
2012-03-22,-0.006936853534315168,0.0,0.0,-0.006936853534315168,88516.1404057043
2012-03-23,0.006985309603929402,0.0,0.0,0.006985309603929402,89134.45305138304
2012-03-26,0.012778351988689485,0.0,0.0,0.012778351988689485,90273.44446679292
2012-03-27,-0.006308669406625889,0.0,0.0,-0.006308669406625889,89703.93914945453
2012-03-28,-0.0068924934918214165,0.0,0.0,-0.0068924934918214165,89085.65533267616
2012-03-29,-0.006392891480060392,0.0,0.0,-0.006392891480060392,88516.1404057043
2012-03-30,0.009007415764394233,0.0,0.0,0.009007415764394233,89313.44208419797
2012-04-02,0.011659583542649399,0.0,0.0,0.011659583542649399,90354.79962366026
2012-04-03,-0.017467864742261252,0.0,0.0,-0.017467864742261252,88776.49420502005
2012-04-04,-0.022360653459231217,0.0,0.0,-0.022360653459231217,86791.39378277615
2012-04-05,-0.0059994196003037015,0.0,0.0,-0.0059994196003037015,86270.69579377808
2012-04-09,-0.004337722592047122,0.0,0.0,-0.004337722592047122,85896.47744760179
2012-04-10,-0.021405860886181016,0.0,0.0,-0.021405860886181016,84057.78940074545
2012-04-11,0.013937650290228643,0.0,0.0,0.013937650290228643,85229.35747358273
2012-04-12,0.0183274443864907,0.0,0.0,0.0183274443864907,86791.39378277615
2012-04-13,-0.019122630971088905,0.0,0.0,-0.019122630971088905,85131.71398800166
2012-04-16,0.007262673189752711,0.0,0.0,0.007262673189752711,85749.99780478001
2012-04-17,0.015939552658383205,0.0,0.0,0.015939552658383205,87116.81441024554
2012-04-18,-0.005229676100931724,0.0,0.0,-0.005229676100931724,86661.22168793499
2012-04-19,-0.0060086529836848035,0.0,0.0,-0.0060086529836848035,86140.50447967001
2012-04-20,0.009634008309260977,0.0,0.0,0.009634008309260977,86970.38281559109
2012-04-23,-0.02001860042055914,0.0,0.0,-0.02001860042055914,85229.3574735827
2012-04-24,0.008018010277863974,0.0,0.0,0.008018010277863974,85912.72733778163
2012-04-25,0.013636275678891696,0.0,0.0,0.013636275678891696,87084.25697208507
2012-04-26,0.005979133283889659,0.0,0.0,0.005979133283889659,87604.94535144967
2012-04-27,0.004086386605541392,0.0,0.0,0.004086386605541392,87962.93302671301
2012-04-30,-0.005734561845477493,0.0,0.0,-0.005734561845477493,87458.50414716174
2012-05-01,0.004093119006786772,0.0,0.0,0.004093119006786772,87816.48221279163
2012-05-02,-0.007782013879921834,0.0,0.0,-0.007782013879921834,87133.09312932576
2012-05-03,-0.00877684726320449,0.0,0.0,-0.00877684726320449,86368.3392793591
2012-05-04,-0.01526021778916764,0.0,0.0,-0.01526021778916764,85050.33961186737
2012-05-07,0.0072698479379029735,0.0,0.0,0.0072698479379029735,85668.64264791265
2012-05-08,-0.01538429439977318,0.0,0.0,-0.01538429439977318,84350.6910285882
2012-05-09,-0.011574073546644525,0.0,0.0,-0.011574073546644525,83374.40992691302
2012-05-10,0.004683771378199975,0.0,0.0,0.004683771378199975,83764.91660180302
2012-05-11,-0.006216182264865422,0.0,0.0,-0.006216182264865422,83244.21861280495
2012-05-14,-0.019155494090675074,0.0,0.0,-0.019155494090675074,81649.63447508452
2012-05-15,-0.01255483929890433,0.0,0.0,-0.01255483929890433,80624.53643543554
2012-05-16,-0.009888950735223112,0.0,0.0,-0.009888950735223112,79827.24436657532
2012-05-17,-0.012230164384214648,0.0,0.0,-0.012230164384214648,78850.94404563324
2012-05-18,-0.007222128923297655,0.0,0.0,-0.007222128923297655,78281.47236201193
2012-05-21,0.022032751563300756,0.0,0.0,0.022032751563300756,80006.22859457355
2012-05-22,-0.003660685035452249,0.0,0.0,-0.003660685035452249,79713.35099081442
2012-05-23,-0.008165072361560721,0.0,0.0,-0.008165072361560721,79062.48571179195
2012-05-24,-0.006585965380761283,0.0,0.0,-0.006585965380761283,78541.78291797714
2012-05-25,-0.0035214334986616302,0.0,0.0,-0.0035214334986616302,78265.20325256517
2012-05-29,0.012682006555996272,0.0,0.0,0.012682006555996272,79257.76307332059
2012-05-30,-0.02360919332997935,0.0,0.0,-0.02360919332997935,77386.55122202086
2012-05-31,0.004204883187893138,0.0,0.0,0.004204883187893138,77711.95263022337
2012-06-01,-0.025335110697821683,0.0,0.0,-0.025335110697821683,75743.11170779279
2012-06-04,0.008378205627557866,0.0,0.0,0.008378205627557866,76377.70307255175
2012-06-05,0.00724348848488976,0.0,0.0,0.00724348848488976,76930.94408526013
2012-06-06,0.02791887160579276,0.0,0.0,0.02791887160579276,79078.76923568892
2012-06-07,0.0014403130154716504,0.0,0.0,0.0014403130154716504,79192.66741626656
2012-06-08,-0.003287417804695547,0.0,0.0,-0.003287417804695547,78932.32803140099
2012-06-11,-0.009688606169438896,0.0,0.0,-0.009688606169438896,78167.58379106778
2012-06-12,0.01665245932836945,0.0,0.0,0.01665245932836945,79469.26630094546
2012-06-13,-0.007985307899271432,0.0,0.0,-0.007985307899271432,78834.67974100322
2012-06-14,0.007430537402360438,0.0,0.0,0.007430537402360438,79420.46377742184
2012-06-15,0.014136375535313217,0.0,0.0,0.014136375535313217,80543.18127856823
2012-06-18,-0.002827953073815892,0.0,0.0,-0.002827953073815892,80315.40894149659
2012-06-19,0.016612323228782033,0.0,0.0,0.016612323228782033,81649.63447508453
2012-06-20,0.005779222949672924,0.0,0.0,0.005779222949672924,82121.50591647535
2012-06-21,-0.026175356446270115,0.0,0.0,-0.026175356446270115,79971.94622720713
2012-06-22,0.008536468134091812,0.0,0.0,0.008536468134091812,80654.62419779699
2012-06-25,-0.02229593090801596,0.0,0.0,-0.02229593090801596,78856.35426927092
2012-06-26,0.006545844860003536,0.0,0.0,0.006545844860003536,79372.53573054304
2012-06-27,0.009439707378636086,0.0,0.0,0.009439707378636086,80121.78924173971
2012-06-28,0.002078462608122278,0.0,0.0,0.002078462608122278,80288.31938477451
2012-06-29,0.036084276657671,0.0,0.0,0.036084276657671,83185.46531383417
2012-07-02,0.006605466942283478,0.0,0.0,0.006605466942283478,83734.94415504317
2012-07-03,0.009147032137867495,0.0,0.0,0.009147032137867495,84500.87038029188
2012-07-05,-0.016552167262761097,0.0,0.0,-0.016552167262761097,83102.1978399084
2012-07-06,-0.009416729177741279,0.0,0.0,-0.009416729177741279,82319.6469487749
2012-07-09,-0.0022250972903682387,0.0,0.0,-0.0022250972903682387,82136.47772540512
2012-07-10,-0.006689359196921263,0.0,0.0,-0.006689359196921263,81587.03732272994
2012-07-11,0.0030609660865028587,0.0,0.0,0.0030609660865028587,81836.77247707307
2012-07-12,-0.009969800794211614,0.0,0.0,-0.009969800794211614,81020.87615783543
2012-07-13,0.014180164327462164,0.0,0.0,0.014180164327462164,82169.7654957085
2012-07-16,-0.0002023209605684917,0.0,0.0,-0.0002023209605684917,82153.14082982372
2012-07-17,0.0028376285524456257,0.0,0.0,0.0028376285524456257,82386.26092791553
2012-07-18,0.007881680086043952,0.0,0.0,0.007881680086043952,83035.60308003469
2012-07-19,0.009224301577931193,0.0,0.0,0.009224301577931193,83801.54852455032
2012-07-20,-0.023445581639838786,0.0,0.0,-0.023445581639838786,81836.77247707307
2012-07-23,-0.02054926904488641,0.0,0.0,-0.02054926904488641,80155.08662167654
2012-07-24,-0.010801549624402829,0.0,0.0,-0.010801549624402829,79289.2874758842
2012-07-25,0.005249410951686961,0.0,0.0,0.005249410951686961,79705.50952991155
2012-07-26,0.030499374633333964,0.0,0.0,0.030499374633333964,82136.4777254051
2012-07-27,0.021082900272904714,0.0,0.0,0.021082900272904714,83868.15289405748
2012-07-30,-0.0011910616409632757,0.0,0.0,-0.0011910616409632757,83768.26075424692
2012-07-31,-0.00616201717242848,0.0,0.0,-0.00616201717242848,83252.07929297478
2012-08-01,0.0001996906987304925,0.0,0.0,0.0001996906987304925,83268.70395885957
2012-08-02,-0.01399713887665599,0.0,0.0,-0.01399713887665599,82103.18034546825
2012-08-03,0.03407039058896344,0.0,0.0,0.03407039058896344,84900.46776843446
2012-08-06,0.007060381782182157,0.0,0.0,0.007060381782182157,85499.89748436546
2012-08-07,0.008373653567915085,0.0,0.0,0.008373653567915085,86215.84400599179
2012-08-08,-0.000579370013689573,0.0,0.0,-0.000579370013689573,86165.89313126978
2012-08-09,0.0005797058778920228,0.0,0.0,0.0005797058778920228,86215.8440059918
2012-08-10,0.001737887120709436,0.0,0.0,0.001737887120709436,86365.6774108909
2012-08-13,-0.0048196331622272215,0.0,0.0,-0.0048196331622272215,85949.42652796315
2012-08-14,0.002324775354451969,0.0,0.0,0.002324775354451969,86149.23963648464
2012-08-15,-0.0028992012500330677,0.0,0.0,-0.0028992012500330677,85899.47565324116
2012-08-16,0.012405788099912218,0.0,0.0,0.012405788099912218,86965.12634608883
2012-08-17,0.0013399211870865901,0.0,0.0,0.0013399211870865901,87081.65276141762
2012-08-20,-0.0011471089103491927,0.0,0.0,-0.0011471089103491927,86981.76062160706
2012-08-21,0.005742904752871869,0.0,0.0,0.005742904752871869,87481.28858809406
2012-08-22,-0.0011423080290337007,0.0,0.0,-0.0011423080290337007,87381.35800974966
2012-08-23,-0.005716202395222747,0.0,0.0,-0.005716202395222747,86881.86848179651
2012-08-24,-0.0015333273901181332,0.0,0.0,-0.0015333273901181332,86748.65013314872
2012-08-27,0.000575922325924072,0.0,0.0,0.000575922325924072,86798.6106175042
2012-08-28,-0.0009594287623589937,0.0,0.0,-0.0009594287623589937,86715.33353394495
2012-08-29,-0.003071990134524416,0.0,0.0,-0.003071990134524416,86448.9448848167
2012-08-30,-0.014830363166320026,0.0,0.0,-0.014830363166320026,85166.87563682967
2012-08-31,0.008797701276005654,0.0,0.0,0.008797701276005654,85916.14836729322
2012-09-04,-0.005038796496039888,0.0,0.0,-0.005038796496039888,85483.23437994687
2012-09-05,-0.002727085606700985,0.0,0.0,-0.002727085606700985,85250.11428185506
2012-09-06,0.024804995154045884,0.0,0.0,0.024804995154045884,87364.74295349832
2012-09-07,0.015056144997272591,0.0,0.0,0.015056144997272591,88680.11919105565
2012-09-10,-0.007886000512339675,0.0,0.0,-0.007886000512339675,87980.78772568064
2012-09-11,0.011354841331058907,0.0,0.0,0.011354841331058907,88979.79561048732
2012-09-12,0.006549642273066869,0.0,0.0,0.006549642273066869,89562.58144126662
2012-09-13,0.01524428484166962,0.0,0.0,0.01524428484166962,90927.89894391253
2012-09-14,0.009888544487881568,0.0,0.0,0.009888544487881568,91827.043517809
2012-09-17,-0.005258102784005625,0.0,0.0,-0.005258102784005625,91344.20748464101
2012-09-18,-0.004193053630204835,0.0,0.0,-0.004193053630204835,90961.19632384935
2012-09-19,0.004210709360374043,0.0,0.0,0.004210709360374043,91344.20748464101
2012-09-20,-0.006380317549355419,0.0,0.0,-0.006380317549355419,90761.40243459478
2012-09-21,0.000550353711843643,0.0,0.0,0.000550353711843643,90811.3533093168
2012-09-24,-0.0034836915384316436,0.0,0.0,-0.0034836915384316436,90494.9945661996
2012-09-25,-0.006991633953169485,0.0,0.0,-0.006991633953169485,89862.28668959868
2012-09-26,-0.010005377878579247,0.0,0.0,-0.010005377878579247,88963.18055423602
2012-09-27,0.011977910731252317,0.0,0.0,0.011977910731252317,90028.77358928294
2012-09-28,-0.019789091129556624,0.0,0.0,-0.019789091129556624,88247.1859844424
2012-10-01,0.008113511629932901,0.0,0.0,0.008113511629932901,88963.18055423602
2012-10-02,0.00392991440213919,0.0,0.0,0.00392991440213919,89312.79823875622
2012-10-03,-0.004101208402328749,0.0,0.0,-0.004101208402328749,88946.50784018394
2012-10-04,0.01216760247680071,0.0,0.0,0.01216760247680071,90028.77358928294
2012-10-05,0.0012948578420928225,0.0,0.0,0.0012948578420928225,90145.34805277902
2012-10-08,-0.0059108425178560076,0.0,0.0,-0.0059108425178560076,89612.51309672173
2012-10-09,-0.014492863966858227,0.0,0.0,-0.014492863966858227,88313.77113468264
2012-10-10,-0.0028278166715614006,0.0,0.0,-0.0028278166715614006,88064.03598033953
2012-10-11,0.006428425752069922,0.0,0.0,0.006428425752069922,88630.14909706675
2012-10-12,-0.0011271756897824892,0.0,0.0,-0.0011271756897824892,88530.24734762275
2012-10-15,0.009780024349112848,0.0,0.0,0.009780024349112848,89396.07532231548
2012-10-16,0.01657659300104175,0.0,0.0,0.01657659300104175,90877.95767882398
2012-10-17,0.009344013575604215,0.0,0.0,0.009344013575604215,91727.1225490981
2012-10-18,-0.003811706876556409,0.0,0.0,-0.003811706876556409,91377.48564531097
2012-10-19,-0.01348403913535734,0.0,0.0,-0.01348403913535734,90145.34805277905
2012-10-22,0.007018858986089338,0.0,0.0,0.007018858986089338,90778.06553901345
2012-10-23,-0.02146017247108445,0.0,0.0,-0.02146017247108445,88829.95259595482
2012-10-24,0.0005622119975197126,0.0,0.0,0.0005622119975197126,88879.89386104337
2012-10-25,0.005994891794727675,0.0,0.0,0.005994891794727675,89412.7192074672
2012-10-26,-0.001489926151766796,0.0,0.0,-0.001489926151766796,89279.50085881942
2012-10-31,-0.0007458055835856126,0.0,0.0,-0.0007458055835856126,89212.91570857918
2012-11-01,0.011758248008120864,0.0,0.0,0.011758248008120864,90261.90329700823
2012-11-02,-0.009592396604398035,0.0,0.0,-0.009592396604398035,89396.0753223155
2012-11-05,-0.002421217970244527,0.0,0.0,-0.002421217970244527,89179.62793827578
2012-11-06,0.009521744715002889,0.0,0.0,0.009521744715002889,90028.77358928298
2012-11-07,-0.014980259582118793,0.0,0.0,-0.014980259582118793,88680.11919105572
2012-11-08,-0.009012649416162422,0.0,0.0,-0.009012649416162422,87880.87636660325
2012-11-09,0.0003791109121942249,0.0,0.0,0.0003791109121942249,87914.19296580701
2012-11-12,-0.0007577158692286812,0.0,0.0,-0.0007577158692286812,87847.57898666638
2012-11-13,-0.004927793948028447,0.0,0.0,-0.004927793948028447,87414.68421858693
2012-11-14,-0.010476368670030323,0.0,0.0,-0.010476368670030323,86498.89575953875
2012-11-15,0.0032722052857214745,0.0,0.0,0.0032722052857214745,86781.93790345218
2012-11-16,-0.0005752584815191808,0.0,0.0,-0.0005752584815191808,86732.01585763055
2012-11-19,0.021693135293580523,0.0,0.0,0.021693135293580523,88613.5052119151
2012-11-20,0.0015031470548685366,0.0,0.0,0.0015031470548685366,88746.70434129596
2012-11-21,0.0016886512565372769,0.0,0.0,0.0016886512565372769,88896.56657509544
2012-11-23,0.021539490308704945,0.0,0.0,0.021539490308704945,90811.35330931685
2012-11-26,-0.002383589559951771,0.0,0.0,-0.002383589559951771,90594.89631564367
2012-11-27,-0.004962180885977552,0.0,0.0,-0.004962180885977552,90145.34805277907
2012-11-28,0.0072034928636128814,0.0,0.0,0.0072034928636128814,90794.70942416515
2012-11-29,0.008618904075981426,0.0,0.0,0.008618904075981426,91577.26031529864
2012-11-30,0.0012728580595366967,0.0,0.0,0.0012728580595366967,91693.82516916125
2012-12-03,0.001270925547573798,0.0,0.0,0.001270925547573798,91810.36119412351
2012-12-04,0.0025390433653282862,0.0,0.0,0.0025390433653282862,92043.47168258185
2012-12-05,0.0014473416333882216,0.0,0.0,0.0014473416333882216,92176.69003122963
2012-12-06,0.0019870491517353095,0.0,0.0,0.0019870491517353095,92359.84964496596
2012-12-07,0.000360726000874223,0.0,0.0,0.000360726000874223,92393.16624416973
2012-12-10,0.0010810597172645764,0.0,0.0,0.0010810597172645764,92493.04877434683
2012-12-11,0.0057604991317432575,0.0,0.0,0.0057604991317432575,93025.85490150374
2012-12-12,0.0032215348021518153,0.0,0.0,0.0032215348021518153,93325.54093056887
2012-12-13,-0.0030327446426540172,0.0,0.0,-0.0030327446426540172,93042.50839628889
2012-12-14,0.0035790375174598044,0.0,0.0,0.0035790375174598044,93375.51102455778
2012-12-17,0.0041015286308909715,0.0,0.0,0.0041015286308909715,93758.49335644908
2012-12-18,0.010412721735657104,0.0,0.0,0.010412721735657104,94734.77445812424
2012-12-19,0.003553853483856617,0.0,0.0,0.003553853483856617,95071.44796637462
2012-12-20,0.006727752829476907,0.0,0.0,0.006727752829476907,95711.06516943286
2012-12-21,-0.006155378142047141,0.0,0.0,-0.006155378142047141,95121.92737093687
2012-12-24,-0.0026544155078076503,0.0,0.0,-0.0026544155078076503,94869.43425179091
2012-12-26,-0.00017736448330429866,0.0,0.0,-0.00017736448330429866,94852.60778360347
2012-12-27,0.004614118225128916,0.0,0.0,0.004614118225128916,95290.2689298788
2012-12-28,-0.010598702980470498,0.0,0.0,-0.010598702980470498,94280.31567256186
2012-12-31,0.015175484794090144,0.0,0.0,0.015175484794090144,95711.06516943284
2013-01-02,0.015476950188696437,0.0,0.0,0.015476950188696437,97192.38055756723
2013-01-03,-0.00969887751275278,0.0,0.0,-0.00969887751275278,96249.72356336653
2013-01-04,0.005071804385839318,0.0,0.0,0.005071804385839318,96737.88333347104
2013-01-07,-0.004349959237136991,0.0,0.0,-0.004349959237136991,96317.07748428352
2013-01-08,-0.005592653116526014,0.0,0.0,-0.005592653116526014,95778.40948071636
2013-01-09,0.0050966617958854155,0.0,0.0,0.0050966617958854155,96266.5596411874
2013-01-10,0.012764289337866996,0.0,0.0,0.012764289337866996,97495.33386200854
2013-01-11,0.002072034697266689,0.0,0.0,0.002072034697266689,97697.34757659223
2013-01-14,0.0012060073151263229,0.0,0.0,0.0012060073151263229,97815.17129243804
2013-01-15,-0.001548699039755519,0.0,0.0,-0.001548699039755519,97663.68503058392
2013-01-16,-0.004825790393523599,0.0,0.0,-0.004825790393523599,97192.38055756722
2013-01-17,0.008139859207833222,0.0,0.0,0.008139859207833222,97983.51285137996
2013-01-18,-0.0010307575705269523,0.0,0.0,-0.0010307575705269523,97882.51560372158
2013-01-22,0.0005158123888042709,0.0,0.0,0.0005158123888042709,97933.00461791731
2013-01-23,-0.0010312891762325194,0.0,0.0,-0.0010312891762325194,97832.00737025893
2013-01-24,0.0048177821817889654,0.0,0.0,0.0048177821817889654,98303.340672176
2013-01-25,0.010787253464580315,0.0,0.0,0.010787253464580315,99363.76372442175
2013-01-28,-0.004912371508902891,0.0,0.0,-0.004912371508902891,98875.65200248454
2013-01-29,0.006809552753356929,0.0,0.0,0.006809552753356929,99548.95097081801
2013-01-30,0.0010145485881412064,0.0,0.0,0.0010145485881412064,99649.9482184764
2013-01-31,-0.0037164661950470634,0.0,0.0,-0.0037164661950470634,99279.60255458424
2013-02-01,0.007969019842501313,0.0,0.0,0.007969019842501313,100070.76367729736
2013-02-04,-0.01799831143694186,0.0,0.0,-0.01799831143694186,98269.65890690076
2013-02-05,0.004624902737205172,0.0,0.0,0.004624902737205172,98724.1465213635
2013-02-06,-0.00017063391326155308,0.0,0.0,-0.00017063391326155308,98707.30083390915
2013-02-07,-0.008185205510712334,0.0,0.0,-0.008185205510712334,97899.3612911759
2013-02-08,0.006361540327300963,0.0,0.0,0.006361540327300963,98522.15202604672
2013-02-11,-0.0010251222246108194,0.0,0.0,-0.0010251222246108194,98421.15477838834
2013-02-12,0.00495971167922904,0.0,0.0,0.00495971167922904,98909.29532922592
2013-02-13,0.0023826542305664944,0.0,0.0,0.0023826542305664944,99144.96198018445
2013-02-14,-0.005432941558925597,0.0,0.0,-0.005432941558925597,98606.31319588421
2013-02-15,-0.0025608130983587607,0.0,0.0,-0.0025608130983587607,98353.80085747132
2013-02-19,0.011809377643218877,0.0,0.0,0.011809377643218877,99515.29803444314
2013-02-20,-0.009810555163128676,0.0,0.0,-0.009810555163128676,98538.99771350106
2013-02-21,-0.015032490624075634,0.0,0.0,-0.015032490624075634,97057.71115426703
2013-02-22,0.01439469119091874,0.0,0.0,0.01439469119091874,98454.82693403009
2013-02-25,-0.023935549801228473,0.0,0.0,-0.023935549801228473,96098.2565207793
2013-02-26,0.008057238855222915,0.0,0.0,0.008057238855222915,96872.54312713769
2013-02-27,0.012684541881407219,0.0,0.0,0.012684541881407219,98101.32695759229
2013-02-28,-0.0010291278645822022,0.0,0.0,-0.0010291278645822022,98000.36814846774
2013-03-01,-0.002061552805031619,0.0,0.0,-0.002061552805031619,97798.33521461714
2013-03-04,0.004302889797638043,0.0,0.0,0.004302889797638043,98219.15067343811
2013-03-05,0.009940215665833918,0.0,0.0,0.009940215665833918,99195.47021364712
2013-03-06,0.002545312895525509,0.0,0.0,0.002545312895525509,99447.95372315963
2013-03-07,0.002877634719542277,0.0,0.0,0.002877634719542277,99734.12860758083
2013-03-08,0.002194042967630372,0.0,0.0,0.002194042967630372,99952.94957108503
2013-03-11,0.0030309591236812317,0.0,0.0,0.0030309591236812317,100255.90287552637
2013-03-12,-0.005036685071985292,0.0,0.0,-0.005036685071985292,99750.9454661348
2013-03-13,-0.0015188375449781688,0.0,0.0,-0.0015188375449781688,99599.43998501376
2013-03-14,0.009802170689469092,0.0,0.0,0.009802170689469092,100575.7306963224
2013-03-15,0.0020087642660098215,0.0,0.0,0.0020087642660098215,100777.763630173
2013-03-18,-0.011023956914932187,0.0,0.0,-0.011023956914932187,99666.79390593074
2013-03-19,-0.003040432722206443,0.0,0.0,-0.003040432722206443,99363.76372442173
2013-03-20,0.00609892673280199,0.0,0.0,0.00609892673280199,99969.77603927244
2013-03-21,-0.009092500403005688,0.0,0.0,-0.009092500403005688,99060.80081034698
2013-03-22,0.00866625554918854,0.0,0.0,0.00866625554918854,99919.2870250767
2013-03-25,-0.012466453320766568,0.0,0.0,-0.012466453320766568,98673.6478975343
2013-03-26,0.0063116216755008114,0.0,0.0,0.0063116216755008114,99296.43863240512
2013-03-27,-0.004915992532669611,0.0,0.0,-0.004915992532669611,98808.29808156753
2013-03-28,0.004769887571868026,0.0,0.0,0.004769887571868026,99279.60255458423
2013-04-01,-0.013394206204123682,0.0,0.0,-0.013394206204123682,97949.83108610468
2013-04-02,0.0106547914480295,0.0,0.0,0.0106547914480295,98993.46610869684
2013-04-03,-0.004931135151233446,0.0,0.0,-0.004931135151233446,98505.3159482258
2013-04-04,0.008885846056711832,0.0,0.0,0.008885846056711832,99380.6190215095
2013-04-05,-0.004573008295485237,0.0,0.0,-0.004573008295485237,98926.15062631368
2013-04-08,0.00391355481196376,0.0,0.0,0.00391355481196376,99313.30353912634
2013-04-09,0.003559345568089789,0.0,0.0,0.003559345568089789,99666.79390593068
2013-04-10,0.014862195139588641,0.0,0.0,0.014862195139588641,101148.06124589778
2013-04-11,0.007821717028824837,0.0,0.0,0.007821717028824837,101939.21275897743
2013-04-12,-0.0024770873894220946,0.0,0.0,-0.0024770873894220946,101686.70042056456
2013-04-15,-0.01969873402744693,0.0,0.0,-0.01969873402744693,99683.60115485117
2013-04-16,0.014184397846818131,0.0,0.0,0.014184397846818131,101097.55301243512
2013-04-17,-0.020812441459186592,0.0,0.0,-0.020812441459186592,98993.4661086968
2013-04-18,-0.0030607246607816663,0.0,0.0,-0.0030607246607816663,98690.47436572166
2013-04-19,0.008016395792307396,0.0,0.0,0.008016395792307396,99481.61626916785
2013-04-22,0.004230179245538146,0.0,0.0,0.004230179245538146,99902.44133762227
2013-04-23,0.014153133991376743,0.0,0.0,0.014153133991376743,101316.37397593929
2013-04-24,0.008639400015687748,0.0,0.0,0.008639400015687748,102191.68665885644
2013-04-25,0.005271058845832455,0.0,0.0,0.005271058845832455,102730.34505279014
2013-04-26,0.0008193370656712773,0.0,0.0,0.0008193370656712773,102814.51583226111
2013-04-29,0.012770035336587382,0.0,0.0,0.012770035336587382,104127.4608325532
2013-04-30,0.001293313043681188,0.0,0.0,0.001293313043681188,104262.13023585333
2013-05-01,-0.005973501143021642,0.0,0.0,-0.005973501143021642,103639.32028171558
2013-05-02,0.003085969880221917,0.0,0.0,0.003085969880221917,103959.14810251164
2013-05-03,0.012791288623953179,0.0,0.0,0.012791288623953179,105288.91957099116
2013-05-06,-0.001278772495229119,0.0,0.0,-0.001278772495229119,105154.27899659138
2013-05-07,0.0016005351566676929,0.0,0.0,0.0016005351566676929,105322.58211699947
2013-05-08,0.01054798385124811,0.0,0.0,0.01054798385124811,106433.52301234135
2013-05-09,-0.009647145903319387,0.0,0.0,-0.009647145903319387,105406.743286837
2013-05-10,0.0011177093849845665,0.0,0.0,0.0011177093849845665,105524.55739304936
2013-05-13,-0.00047836641829490656,0.0,0.0,-0.00047836641829490656,105474.07798848709
2013-05-14,0.0019150192116905718,0.0,0.0,0.0019150192116905718,105676.0628741704
2013-05-15,0.004300853114080905,0.0,0.0,0.004300853114080905,106130.56009826658
2013-05-16,-0.006820060223552971,0.0,0.0,-0.006820060223552971,105406.743286837
2013-05-17,0.006866892846313588,0.0,0.0,0.006866892846313588,106130.56009826658
2013-05-20,0.005551338152280039,0.0,0.0,0.005551338152280039,106719.72672566294
2013-05-21,0.002050426572649311,0.0,0.0,0.002050426572649311,106938.54768916711
2013-05-22,-0.010074077136013604,0.0,0.0,-0.010074077136013604,105861.24051093317
2013-05-23,-0.014310615370621949,0.0,0.0,-0.014310615370621949,104346.30101532432
2013-05-24,-0.008711047832529295,0.0,0.0,-0.008711047832529295,103437.33539603233
2013-05-28,0.002603698039032265,0.0,0.0,0.002603698039032265,103706.6549833657
2013-05-29,-0.009576585207469956,0.0,0.0,-0.009576585207469956,102713.49936533583
2013-05-30,0.003933257096324194,0.0,0.0,0.003933257096324194,103117.49796560283
2013-05-31,-0.01942549921076453,0.0,0.0,-0.01942549921076453,101114.38909025601
2013-06-03,0.0038288607219598703,0.0,0.0,0.0038288607219598703,101501.54200306865
2013-06-04,0.0036486703214908545,0.0,0.0,0.0036486703214908545,101871.8876669608
2013-06-05,-0.022306916402454635,0.0,0.0,-0.022306916402454635,99599.43998501365
2013-06-06,0.00557699564312597,0.0,0.0,0.00557699564312597,100154.90562786786
2013-06-07,0.013445535860263202,0.0,0.0,0.013445535860263202,101501.54200306865
2013-06-10,0.0009952210077976975,0.0,0.0,0.0009952210077976975,101602.55846999395
2013-06-11,-0.012259918906572298,0.0,0.0,-0.012259918906572298,100356.91934245157
2013-06-12,-0.0011741425130556982,0.0,0.0,-0.0011741425130556982,100239.08601697229
2013-06-13,0.015281220472924018,0.0,0.0,0.015281220472924018,101770.86159040203
2013-06-14,-0.010916383205180846,0.0,0.0,-0.010916383205180846,100659.89186615979
2013-06-17,0.014381529779680768,0.0,0.0,0.014381529779680768,102107.5350986524
2013-06-18,0.007088769802642503,0.0,0.0,0.007088769802642503,102831.351910082
2013-06-19,-0.018661021762641394,0.0,0.0,-0.018661021762641394,100912.41381420613
2013-06-20,-0.036697141995198246,0.0,0.0,-0.036697141995198246,97209.216635388
2013-06-21,0.003289702286787044,0.0,0.0,0.003289702286787044,97529.00601765022
2013-06-24,-0.015705649187951587,0.0,0.0,-0.015705649187951587,95997.24966348737
2013-06-25,0.012800198284451003,0.0,0.0,0.012800198284451003,97226.03349394196
2013-06-26,0.003981889307489883,0.0,0.0,0.003981889307489883,97613.17679712114
2013-06-27,0.01006384621306533,0.0,0.0,0.01006384621306533,98595.54079677613
2013-06-28,-0.0019162631688878218,0.0,0.0,-0.0019162631688878218,98406.60579333069
2013-07-01,0.009424230196988237,0.0,0.0,0.009424230196988237,99334.01229923133
2013-07-02,-0.005013872604218705,0.0,0.0,-0.005013872604218705,98835.96421629708
2013-07-03,0.0003474932455636015,0.0,0.0,0.0003474932455636015,98870.309046281
2013-07-05,0.0046900152070248335,0.0,0.0,0.0046900152070248335,99334.01229923131
2013-07-08,0.006224097700282316,0.0,0.0,0.006224097700282316,99952.27689674277
2013-07-09,0.005498277227619752,0.0,0.0,0.005498277227619752,100501.84222465288
2013-07-10,0.0029048289865598598,0.0,0.0,0.0029048289865598598,100793.78288914973
2013-07-11,0.025898892221217773,0.0,0.0,0.025898892221217773,103404.23020876464
2013-07-12,-0.0066433864078131455,0.0,0.0,-0.0066433864078131455,102717.27595128535
2013-07-15,0.006186272042540963,0.0,0.0,0.006186272042540963,103352.71296378874
2013-07-16,-0.0006646139999433309,0.0,0.0,-0.0006646139999433309,103284.02330382087
2013-07-17,0.0029929381063413807,0.0,0.0,0.0029929381063413807,103593.14599294313
2013-07-18,0.0066312713152478775,0.0,0.0,0.0066312713152478775,104280.10025042243
2013-07-19,-0.0008231949862606003,0.0,0.0,-0.0008231949862606003,104194.25739472952
2013-07-22,0.0056038687085711025,0.0,0.0,0.0056038687085711025,104778.14833335663
2013-07-23,0.0021307019457788012,0.0,0.0,0.0021307019457788012,105001.39933788561
2013-07-24,-0.0013083570390679533,0.0,0.0,-0.0013083570390679533,104864.0200179499
2013-07-25,0.0019650149806846873,0.0,0.0,0.0019650149806846873,105070.07938822
2013-07-26,-0.0062110909372271594,0.0,0.0,-0.0062110909372271594,104417.47957035807
2013-07-29,-0.00953955381768512,0.0,0.0,-0.00953955381768512,103421.3834044896
2013-07-30,-0.00016585734168683697,0.0,0.0,-0.00016585734168683697,103404.23020876457
2013-07-31,0.002325083016773588,0.0,0.0,0.002325083016773588,103644.65362828552
2013-08-01,0.013587600754531914,0.0,0.0,0.013587600754531914,105052.93580212843
2013-08-02,0.008173768784684787,0.0,0.0,0.008173768784684787,105911.61420952735
2013-08-05,-0.0021078084453880486,0.0,0.0,-0.0021078084453880486,105688.37281463183
2013-08-06,-0.001462425245511323,0.0,0.0,-0.001462425245511323,105533.81147007071
2013-08-07,-0.0043941564830357605,0.0,0.0,-0.0043941564830357605,105070.07938822002
2013-08-08,0.008990081058527721,0.0,0.0,0.008990081058527721,106014.66791874605
2013-08-09,0.001781977795028311,0.0,0.0,0.001781977795028311,106203.58370292456
2013-08-12,-0.002749149164438025,0.0,0.0,-0.002749149164438025,105911.61420952732
2013-08-13,0.0064863810405211275,0.0,0.0,0.0064863810405211275,106598.59729590699
2013-08-14,0.00048328257859608925,0.0,0.0,0.00048328257859608925,106650.11454088289
2013-08-15,-0.008373662514360336,0.0,0.0,-0.008373662514360336,105757.06247459966
2013-08-16,0.0017862275116655724,0.0,0.0,0.0017862275116655724,105945.96864914472
2013-08-19,-0.0071323517740402576,0.0,0.0,-0.0071323517740402576,105190.32473169758
2013-08-20,-0.0013060985401422975,0.0,0.0,-0.0013060985401422975,105052.93580212843
2013-08-21,-0.011770259980658726,0.0,0.0,-0.011770259980658726,103816.43543600592
2013-08-22,0.009760009167508965,0.0,0.0,0.009760009167508965,104829.68479759945
2013-08-23,0.008682796990176378,0.0,0.0,0.008682796990176378,105739.89966924117
2013-08-26,-0.007308926561846341,0.0,0.0,-0.007308926561846341,104967.05450790169
2013-08-27,-0.017015579907804668,0.0,0.0,-0.017015579907804668,103180.97920423561
2013-08-28,-0.0011651034474022826,0.0,0.0,-0.0011651034474022826,103060.76268965843
2013-08-29,-0.0016664282769157657,0.0,0.0,-0.0016664282769157657,102889.01932047188
2013-08-30,-0.012351985110109709,0.0,0.0,-0.012351985110109709,101618.13568583163
2013-09-03,0.019266429753302727,0.0,0.0,0.019266429753302727,103575.95435868428
2013-09-04,0.008954064009449869,0.0,0.0,0.008954064009449869,104503.38008385178
2013-09-05,-0.0008219878957477222,0.0,0.0,-0.0008219878957477222,104417.47957035815
2013-09-06,0.0054279818261082635,0.0,0.0,0.0054279818261082635,104984.25575179406
2013-09-09,0.013741090648268894,0.0,0.0,0.013741090648268894,106426.8539267205
2013-09-10,0.011295603428870482,0.0,0.0,0.011295603428870482,107629.00946285907
2013-09-11,0.0035105886403319353,0.0,0.0,0.0035105886403319353,108006.85064084956
2013-09-12,-0.005724487040496218,0.0,0.0,-0.005724487040496218,107388.56682407121
2013-09-13,0.0047981695010199665,0.0,0.0,0.0047981695010199665,107903.8353701647
2013-09-16,0.0077984880727670625,0.0,0.0,0.0077984880727670625,108745.32214330474
2013-09-17,0.0006317445959724832,0.0,0.0,0.0006317445959724832,108814.02141290606
2013-09-18,0.02667309934594919,0.0,0.0,0.02667309934594919,111716.42861628474
2013-09-19,-0.004765832101984446,0.0,0.0,-0.004765832101984446,111184.00687446621
2013-09-20,-0.0072595147975502705,0.0,0.0,-0.0072595147975502705,110376.86493131009
2013-09-23,-0.00031133380416481504,0.0,0.0,-0.00031133380416481504,110342.50088205923
2013-09-24,-0.0015562829240494125,0.0,0.0,-0.0015562829240494125,110170.77673213958
2013-09-25,0.0010910088761790782,0.0,0.0,0.0010910088761790782,110290.97402744988
2013-09-26,0.004204188400475761,0.0,0.0,0.004204188400475761,110754.65806113325
2013-09-27,-0.0035662170906671786,0.0,0.0,-0.0035662170906671786,110359.68290668463
2013-09-30,-0.007158570553337573,0.0,0.0,-0.007158570553337573,109569.66533035318
2013-10-01,0.00532921010360865,0.0,0.0,0.00532921010360865,110153.58509788071
2013-10-02,-0.00031161591959538715,0.0,0.0,-0.00031161591959538715,110119.2594871637
2013-10-03,-0.006550511957276073,0.0,0.0,-0.006550511957276073,109397.92196116665
2013-10-04,0.0023548441246559193,0.0,0.0,0.0023548441246559193,109655.53701494646
2013-10-07,-0.01033669175911911,0.0,0.0,-0.01033669175911911,108522.06152914227
2013-10-08,-0.007754416012894283,0.0,0.0,-0.007754416012894283,107680.53631746839
2013-10-09,0.004306108137466236,0.0,0.0,0.004306108137466236,108144.22035115176
2013-10-10,0.017945072433761977,0.0,0.0,0.017945072433761977,110084.8762186459
2013-10-11,0.005304181445726641,0.0,0.0,0.005304181445726641,110668.78637653997
2013-10-14,0.0034142489494586314,0.0,0.0,0.0034142489494586314,111046.63716416391
2013-10-15,-0.004794404730730895,0.0,0.0,-0.004794404730730895,110514.2346416123
2013-10-16,0.007459419310301474,0.0,0.0,0.007459419310301474,111338.60665756112
2013-10-17,0.01326541312921603,0.0,0.0,0.01326541312921603,112815.55927210496
2013-10-18,0.005936878185733407,0.0,0.0,0.005936878185733407,113485.33150495883
2013-10-21,0.0015134376975627362,0.0,0.0,0.0015134376975627362,113657.08448377885
2013-10-22,0.009972596707766623,0.0,0.0,0.009972596707766623,114790.54075031614
2013-10-23,-0.009724695637076342,0.0,0.0,-0.009724695637076342,113674.2376795039
2013-10-24,0.006949753812516057,0.0,0.0,0.006949753812516057,114464.2456462019
2013-10-25,-0.002850713005668637,0.0,0.0,-0.002850713005668637,114137.94093245422
2013-10-28,-0.0016552374457480257,0.0,0.0,-0.0016552374457480257,113949.01553864226
2013-10-29,0.002109920988649705,0.0,0.0,0.002109920988649705,114189.4389581632
2013-10-30,-0.003609500076959926,0.0,0.0,-0.003609500076959926,113777.2721694557
2013-10-31,-0.005584835976059965,0.0,0.0,-0.005584835976059965,113141.84476658575
2013-11-01,-0.004857397708843858,0.0,0.0,-0.004857397708843858,112592.26982904218
2013-11-04,0.004881107187714173,0.0,0.0,0.004881107187714173,113141.84476658578
2013-11-05,-0.00865201140770766,0.0,0.0,-0.00865201140770766,112162.9402349762
2013-11-06,0.008727522027853762,0.0,0.0,0.008727522027853762,113141.8447665858
2013-11-07,-0.01578616034899205,0.0,0.0,-0.01578616034899205,111355.76946291969
2013-11-08,0.005860580288232553,0.0,0.0,0.005860580288232553,112008.37889041506
2013-11-11,0.002146477093076804,0.0,0.0,0.002146477093076804,112248.80230993601
2013-11-12,-0.003366104316616325,0.0,0.0,-0.003366104316616325,111870.96113194553
2013-11-13,0.003224057154622928,0.0,0.0,0.003224057154622928,112231.63950457751
2013-11-14,0.0045906028867352955,0.0,0.0,0.0045906028867352955,112746.85039287024
2013-11-15,0.008073255152910352,0.0,0.0,0.008073255152910352,113657.08448377889
2013-11-18,0.0,0.0,0.0,0.0,113657.08448377889
2013-11-19,-0.0025688631265118334,0.0,0.0,-0.0025688631265118334,113365.11499038167
2013-11-20,-0.006968534786897185,0.0,0.0,-0.006968534786897185,112575.12624295059
2013-11-21,0.0062546415565924995,0.0,0.0,0.0062546415565924995,113279.24330578838
2013-11-22,0.00288019469138856,0.0,0.0,0.00288019469138856,113605.50958100222
2013-11-25,-0.003023335051028364,0.0,0.0,-0.003023335051028364,113262.04206189603
2013-11-26,0.0,0.0,0.0,0.0,113262.04206189603
2013-11-27,0.002426206285907062,0.0,0.0,0.002426206285907062,113536.83914030126
2013-11-29,0.001966500260941695,0.0,0.0,0.001966500260941695,113760.10936409715
2013-12-02,-0.007397366408821937,0.0,0.0,-0.007397366408821937,112918.58415242327
2013-12-03,-0.00699609150575875,0.0,0.0,-0.00699609150575875,112128.59540499219
2013-12-04,-0.0053606537272227195,0.0,0.0,-0.0053606537272227195,111527.51283210616
2013-12-05,-0.005697580770585242,0.0,0.0,-0.005697580770585242,110892.07581960275
2013-12-06,0.012389600472387574,0.0,0.0,0.012389600472387574,112265.98433456135
2013-12-09,-0.001070647498641164,0.0,0.0,-0.001070647498641164,112145.78703925107
2013-12-10,-0.0016847267154075363,0.0,0.0,-0.0016847267154075363,111956.85203580563
2013-12-11,-0.009357210230204194,0.0,0.0,-0.009357210230204194,110909.24823459474
2013-12-12,-0.007277845576796338,0.0,0.0,-0.007277845576796338,110102.0678529048
2013-12-13,-0.0006237852900834451,0.0,0.0,-0.0006237852900834451,110033.38780257039
2013-12-16,0.007179449379628888,0.0,0.0,0.007179449379628888,110823.36694036803
2013-12-17,-0.0043390313034574746,0.0,0.0,-0.0043390313034574746,110342.50088205922
2013-12-18,0.01573047583415721,0.0,0.0,0.01573047583415721,112078.24092566491
2013-12-19,0.0,0.0,0.0,0.0,112078.24092566491
2013-12-20,0.005718713348657367,0.0,0.0,0.005718713348657367,112719.18425814057
2013-12-23,0.01029632958280402,0.0,0.0,0.01029632958280402,113879.7781295672
2013-12-24,0.001977708273473322,0.0,0.0,0.001977708273473322,114104.99910895535
2013-12-26,0.0054653764326864085,0.0,0.0,0.0054653764326864085,114728.62588193713
2013-12-27,0.005133547277902384,0.0,0.0,0.005133547277902384,115317.59070703083
2013-12-30,0.004206260775335036,0.0,0.0,0.004206260775335036,115802.64656552795
2013-12-31,0.003739705044104147,0.0,0.0,0.003739705044104147,116235.71430700965
2014-01-02,-0.01773490835499314,0.0,0.0,-0.01773490835499314,114174.28456619768
2014-01-03,0.0010621794103506943,0.0,0.0,0.0010621794103506943,114295.5581404554
2014-01-06,-0.0012123910739767485,0.0,0.0,-0.0012123910739767485,114156.98722597072
2014-01-07,0.005614409847204849,0.0,0.0,0.005614409847204849,114797.91133917945
2014-01-08,-0.00030168771002625494,0.0,0.0,-0.00030168771002625494,114763.27822019174
2014-01-09,-0.0007548655543836436,0.0,0.0,-0.0007548655543836436,114676.64737455519
2014-01-10,0.009214473295323211,0.0,0.0,0.009214473295323211,115733.33227938523
2014-01-13,-0.00868121895101659,0.0,0.0,-0.00868121895101659,114728.62588193713
2014-01-14,0.008002483977191277,0.0,0.0,0.008002483977191277,115646.73987228252
2014-01-15,0.004193956703828494,0.0,0.0,0.004193956703828494,116131.75729224579
2014-01-16,-0.0004472512089642722,0.0,0.0,-0.0004472512089642722,116079.81722339768
2014-01-17,-0.0029848853340768144,0.0,0.0,-0.0029848853340768144,115733.33227938524
2014-01-21,0.0047898155598011805,0.0,0.0,0.0047898155598011805,116287.67359512468
2014-01-22,0.0,0.0,0.0,0.0,116287.67359512468
2014-01-23,-0.006703574435367954,0.0,0.0,-0.006703574435367954,115508.13051926398
2014-01-24,-0.027444429238350776,0.0,0.0,-0.027444429238350776,112338.07580477386
2014-01-27,-0.004625944983435493,0.0,0.0,-0.004625944983435493,111818.40604655597
2014-01-28,0.008675262807713136,0.0,0.0,0.008675262807713136,112788.46010574943
2014-01-29,-0.01121187490521447,0.0,0.0,-0.01121187490521447,111523.890000292
2014-01-30,0.00512579202176644,0.0,0.0,0.00512579202176644,112095.53826589185
2014-01-31,-0.016998669428567648,0.0,0.0,-0.016998669428567648,110190.0632664926
2014-02-03,-0.020436876587487607,0.0,0.0,-0.020436876587487607,107938.12254234783
2014-02-04,0.01155481926514823,0.0,0.0,0.01155481926514823,109185.32804014407
2014-02-05,0.002062740328127033,0.0,0.0,0.002062740328127033,109410.54901953225
2014-02-06,0.017732631493705187,0.0,0.0,0.017732631493705187,111350.68596681958
2014-02-07,0.013068071686819893,0.0,0.0,0.013068071686819893,112805.82471341056
2014-02-10,-0.00337878733539565,0.0,0.0,-0.00337878733539565,112424.67782151002
2014-02-11,0.01587104856381183,0.0,0.0,0.01587104856381183,114208.9753429861
2014-02-12,0.0016679228886680164,0.0,0.0,0.0016679228886680164,114399.467107052
2014-02-13,0.0030285606524835806,0.0,0.0,0.0030285606524835806,114745.9328317975
2014-02-14,0.0037740608417300425,0.0,0.0,0.0037740608417300425,115178.99096364576
2014-02-18,0.008572906036017347,0.0,0.0,0.008572906036017347,116166.4096305004
2014-02-19,-0.0067103240036408,0.0,0.0,-0.0067103240036408,115386.89538354008
2014-02-20,0.0034527819842049556,0.0,0.0,0.0034527819842049556,115785.3011771337
2014-02-21,0.0019449943803895309,0.0,0.0,0.0019449943803895309,116010.50293725495
2014-02-24,0.008660892075942783,0.0,0.0,0.008660892075942783,117015.25738287035
2014-02-25,-0.0023688353411016605,0.0,0.0,-0.0023688353411016605,116738.0675057337
2014-02-26,-0.0034130650867115753,0.0,0.0,-0.0034130650867115753,116339.6328832397
2014-02-27,0.0034247539950025274,0.0,0.0,0.0034247539950025274,116738.0675057337
2014-02-28,0.0017807009781425354,0.0,0.0,0.0017807009781425354,116945.94309672763
2014-03-03,-0.021182108912354725,0.0,0.0,-0.021182108912354725,114468.78139319472
2014-03-04,0.019824497866751223,0.0,0.0,0.019824497866751223,116738.06750573372
2014-03-05,-0.0008905151248865817,0.0,0.0,-0.0008905151248865817,116634.11049096983
2014-03-06,0.010396790629013664,0.0,0.0,0.010396790629013664,117846.73091794568
2014-03-07,-0.005438950633164796,0.0,0.0,-0.005438950633164796,117205.76836620313
2014-03-10,-0.006207501294408058,0.0,0.0,-0.006207501294408058,116478.21340735785
2014-03-11,-0.007287279646602918,0.0,0.0,-0.007287279646602918,115629.40409352173
2014-03-12,-0.003745224973208283,0.0,0.0,-0.003745224973208283,115196.34596167349
2014-03-13,-0.018646617043125424,0.0,0.0,-0.018646617043125424,113048.32381375878
2014-03-14,-0.0021450924009071004,0.0,0.0,-0.0021450924009071004,112805.8247134106
2014-03-17,0.012591973627347874,0.0,0.0,0.012591973627347874,114226.2726832131
2014-03-18,0.00621765171357902,0.0,0.0,0.00621765171357902,114936.49186329762
2014-03-19,-0.012208135262018471,0.0,0.0,-0.012208135262018471,113533.33162408859
2014-03-20,-0.003814285338235579,0.0,0.0,-0.003814285338235579,113100.28310187379
2014-03-21,-0.0019909989142246065,0.0,0.0,-0.0019909989142246065,112875.10056101946
2014-03-24,0.002608965271347685,0.0,0.0,0.002608965271347685,113169.58777838304
2014-03-25,0.010867578055311133,0.0,0.0,0.010867578055311133,114399.467107052
2014-03-26,-0.00015145323282927947,0.0,0.0,-0.00015145323282927947,114382.14093792469
2014-03-27,0.004997873620646631,0.0,0.0,0.004997873620646631,114953.80842279144
2014-03-28,0.007534722898534074,0.0,0.0,0.007534722898534074,115819.95351538835
2014-03-31,0.0050853417436602655,0.0,0.0,0.0050853417436602655,116408.93755974893
2014-04-01,0.006398831082796486,0.0,0.0,0.006398831082796486,117153.81868772156
2014-04-02,0.001922192148836821,0.0,0.0,0.001922192148836821,117379.01083820936
2014-04-03,-0.0028040750494301436,0.0,0.0,-0.0028040750494301436,117049.87128259115
2014-04-04,-0.0031077613412682226,0.0,0.0,-0.0031077613412682226,116686.10821761869
2014-04-07,-0.004750787680218527,0.0,0.0,-0.004750787680218527,116131.75729224579
2014-04-08,-0.0005966935185646172,0.0,0.0,-0.0005966935185646172,116062.46222536998
2014-04-09,0.012836031966298345,0.0,0.0,0.012836031966298345,117552.24370058213
2014-04-10,-0.017683595266804075,0.0,0.0,-0.017683595266804075,115473.4974002763
2014-04-11,-0.0060001176722107585,0.0,0.0,-0.0060001176722107585,114780.64282785292
2014-04-14,0.005734435859153564,0.0,0.0,0.005734435859153564,115438.84506202166
2014-04-15,-0.004201676125307863,0.0,0.0,-0.004201676125307863,114953.80842279147
2014-04-16,0.012357019117730461,0.0,0.0,0.012357019117730461,116374.29483112782
2014-04-17,0.005209670879929851,0.0,0.0,0.005209670879929851,116980.56660608192
2014-04-21,0.0013326750599265136,0.0,0.0,0.0013326750599265136,117136.4636896939
2014-04-22,0.004141028786864842,0.0,0.0,0.004141028786864842,117621.52915782447
2014-04-23,-0.0023565436488354186,0.0,0.0,-0.0023565436488354186,117344.34889032129
2014-04-24,-0.00014773424476521857,0.0,0.0,-0.00014773424476521857,117327.0131115605
2014-04-25,-0.0048718551872537486,0.0,0.0,-0.0048718551872537486,116755.41289412796
2014-04-28,0.0031155991483007295,0.0,0.0,0.0031155991483007295,117119.17595910042
2014-04-29,0.006507635084729735,0.0,0.0,0.006507635084729735,117881.3448176665
2014-04-30,0.003967800758408746,0.0,0.0,0.003967800758408746,118349.07450703629
2014-05-01,0.0027810098841558606,0.0,0.0,0.0027810098841558606,118678.20445302107
2014-05-02,-0.0016057593895345557,0.0,0.0,-0.0016057593895345557,118487.63581188752
2014-05-05,-0.0007308138651715979,0.0,0.0,-0.0007308138651715979,118401.0434047848
2014-05-06,-0.0017554470477340045,0.0,0.0,-0.0017554470477340045,118193.19664269124
2014-05-07,0.0011722476348330346,0.0,0.0,0.0011722476348330346,118331.74833790898
2014-05-08,0.000146420291854632,0.0,0.0,0.000146420291854632,118349.07450703629
2014-05-09,-0.0014636637714390277,0.0,0.0,-0.0014636637714390277,118175.851254297
2014-05-12,0.00659606018843939,0.0,0.0,0.00659606018843939,118955.34628199041
2014-05-13,0.0014564463645794223,0.0,0.0,0.0014564463645794223,119128.5983636301
2014-05-14,-0.0018902475471672675,0.0,0.0,-0.0018902475471672675,118903.41582277577
2014-05-15,-0.00437076246735324,0.0,0.0,-0.00437076246735324,118383.71723565749
2014-05-16,0.002195259055423282,0.0,0.0,0.002195259055423282,118643.60016293374
2014-05-19,-0.0020444150195697564,0.0,0.0,-0.0020444150195697564,118401.04340478481
2014-05-20,-0.006291413787007927,0.0,0.0,-0.006291413787007927,117656.13344791181
2014-05-21,0.007803693712964632,0.0,0.0,0.007803693712964632,118574.28587679102
2014-05-22,0.001314681955078445,0.0,0.0,0.001314681955078445,118730.17335076955
2014-05-23,0.00262623541843654,0.0,0.0,0.00262623541843654,119041.98673726045
2014-05-27,0.0071304163071725934,0.0,0.0,0.0071304163071725934,119890.80566073005
2014-05-28,-0.0033233927316744794,0.0,0.0,-0.0033233927316744794,119492.36142860258
2014-05-29,0.006088876053779835,0.0,0.0,0.006088876053779835,120219.9356067148
2014-05-30,0.0001442005327425555,0.0,0.0,0.0001442005327425555,120237.27138547557
2014-06-02,0.0020168380199740987,0.0,0.0,0.0020168380199740987,120479.77048582374
2014-06-03,-0.002443968623466075,0.0,0.0,-0.002443968623466075,120185.32170699401
2014-06-04,-0.0002883242126614505,0.0,0.0,-0.0002883242126614505,120150.66936873937
2014-06-05,0.0069201772225682134,0.0,0.0,0.0069201772225682134,120982.13329418124
2014-06-06,0.005441206093375506,0.0,0.0,0.005441206093375506,121640.4220150511
2014-06-09,-0.000996747161419398,0.0,0.0,-0.000996747161419398,121519.17726969374
2014-06-10,-0.0021385375006780505,0.0,0.0,-0.0021385375006780505,121259.30395205096
2014-06-11,-0.004999875183411051,0.0,0.0,-0.004999875183411051,120653.0225674634
2014-06-12,0.00028704725543327037,0.0,0.0,0.00028704725543327037,120687.65568645112
2014-06-13,0.0007174122073778655,0.0,0.0,0.0007174122073778655,120774.23848392039
2014-06-16,0.0002871569930007478,0.0,0.0,0.0002871569930007478,120808.91965107538
2014-06-17,-0.0007170102692193314,0.0,0.0,-0.0007170102692193314,120722.29841507228
2014-06-18,0.008609421289310859,0.0,0.0,0.008609421289310859,121761.64754114154
2014-06-19,0.0054064505843756105,0.0,0.0,0.0054064505843756105,122419.94587164489
2014-06-20,-0.001697974785729861,0.0,0.0,-0.001697974785729861,122212.07989028443
2014-06-23,-0.0026934980113877405,0.0,0.0,-0.0026934980113877405,121882.90189613237
2014-06-24,-0.006253130073557545,0.0,0.0,-0.006253130073557545,121120.7522568332
2014-06-25,-0.0003519490527563729,0.0,0.0,-0.0003519490527563729,121078.12392280728
2014-06-26,0.0007330355951640222,0.0,0.0,0.0007330355951640222,121166.87849743837
2014-06-27,0.0005856975435678535,0.0,0.0,0.0005856975435678535,121237.8456405361
2014-06-30,0.0008785472613881407,0.0,0.0,0.0008785472613881407,121344.3588178002
2014-07-01,0.008775622722901888,0.0,0.0,0.008775622722901888,122409.23113033763
2014-07-02,0.001595125959526822,0.0,0.0,0.001595125959526822,122604.48927259934
2014-07-03,0.0020264140810304365,0.0,0.0,0.0020264140810304365,122852.93673605888
2014-07-07,-0.007800942902698504,0.0,0.0,-0.007800942902698504,121894.56799115206
2014-07-08,-0.010483718001214393,0.0,0.0,-0.010483718001214393,120616.65971445297
2014-07-09,0.0032372662058506307,0.0,0.0,0.0032372662058506307,121007.12795080914
2014-07-10,-0.011000158589319131,0.0,0.0,-0.011000158589319131,119676.03035291222
2014-07-11,0.0005930740894555253,0.0,0.0,0.0005930740894555253,119747.00710564341
2014-07-14,0.007410556753144837,0.0,0.0,0.007410556753144837,120634.39909781901
2014-07-15,-0.0025007396351898192,0.0,0.0,-0.0025007396351898192,120332.72387462779
2014-07-16,0.006194491607752761,0.0,0.0,0.006194491607752761,121078.12392280721
2014-07-17,-0.01275296216302968,0.0,0.0,-0.01275296216302968,119534.01918964903
2014-07-18,0.007869376406968387,0.0,0.0,0.007869376406968387,120474.67738009017
2014-07-21,-0.003682818631292606,0.0,0.0,-0.003682818631292606,120030.99099363582
2014-07-22,0.004435622232039416,0.0,0.0,0.004435622232039416,120563.4031258209
2014-07-23,0.002061118923190275,0.0,0.0,0.002061118923190275,120811.89863744774
2014-07-24,0.0023507080083076115,0.0,0.0,0.0023507080083076115,121095.89213507363
2014-07-25,-0.004103873265981606,0.0,0.0,-0.004103873265981606,120598.92994072032
2014-07-28,0.0001470143536208557,0.0,0.0,0.0001470143536208557,120616.65971445292
2014-07-29,-0.0020598105108177167,0.0,0.0,-0.0020598105108177167,120368.21225099337
2014-07-30,-0.0014747178340744904,0.0,0.0,-0.0014747178340744904,120190.70310173117
2014-07-31,-0.016686316502488086,0.0,0.0,-0.016686316502488086,118185.1629891191
2014-08-01,-0.0069080960592873275,0.0,0.0,-0.0069080960592873275,117368.72853040774
2014-08-04,0.004687868568068909,0.0,0.0,0.004687868568068909,117918.93770375966
2014-08-05,-0.012793347257322174,0.0,0.0,-0.012793347257322174,116410.35978550091
2014-08-06,-0.002439589553276833,0.0,0.0,-0.002439589553276833,116126.366287875
2014-08-07,-0.008100298153730812,0.0,0.0,-0.008100298153730812,115185.70809743388
2014-08-08,0.0058551787042120385,0.0,0.0,0.0058551787042120385,115860.14100251556
2014-08-11,0.003829665680379568,0.0,0.0,0.003829665680379568,116303.84660823682
2014-08-12,-0.0007629614836650589,0.0,0.0,-0.0007629614836650589,116215.11125287265
2014-08-13,0.0056505070241668065,0.0,0.0,0.0056505070241668065,116871.78555532134
2014-08-14,0.005315188201882259,0.0,0.0,0.005315188201882259,117492.9810910379
2014-08-15,-0.0010575317731863487,0.0,0.0,-0.0010575317731863487,117368.72853040774
2014-08-18,0.006502722813559458,0.0,0.0,0.006502722813559458,118131.9448390209
2014-08-19,0.0024035483392073065,0.0,0.0,0.0024035483392073065,118415.88067884605
2014-08-20,-0.0031472198043566157,0.0,0.0,-0.0031472198043566157,118043.19987402325
2014-08-21,0.004209758511996231,0.0,0.0,0.004209758511996231,118540.13323947618
2014-08-22,-0.0047911921574324,0.0,0.0,-0.0047911921574324,117972.1846827582
2014-08-25,0.006469215449091514,0.0,0.0,0.006469215449091514,118735.37216247099
2014-08-26,0.00014948361786615294,0.0,0.0,0.00014948361786615294,118753.12115547052
2014-08-27,0.0019427538227938523,0.0,0.0,0.0019427538227938523,118983.82923556402
2014-08-28,-0.004474982643773995,0.0,0.0,-0.004474982643773995,118451.37866484509
2014-08-29,-0.0004495260384368427,0.0,0.0,-0.0004495260384368427,118398.1316858465
2014-09-02,0.0019488222128885013,0.0,0.0,0.0019488222128885013,118628.86859484036
2014-09-03,0.007031794637833322,0.0,0.0,0.007031794637833322,119463.04243691779
2014-09-04,-0.004754177904165435,0.0,0.0,-0.004754177904165435,118895.09388019981
2014-09-05,0.0001492019795530375,0.0,0.0,0.0001492019795530375,118912.83326356587
2014-09-08,-0.010596770606519867,0.0,0.0,-0.010596770606519867,117652.74124730052
2014-09-09,-0.0028662422463132664,0.0,0.0,-0.0028662422463132664,117315.51998994294
2014-09-10,0.005748716673399823,0.0,0.0,0.005748716673399823,117989.9336757577
2014-09-11,-0.005565674132169907,0.0,0.0,-0.005565674132169907,117333.2401540421
2014-09-12,-0.0013613476211223885,0.0,0.0,-0.0013613476211223885,117173.50882667981
2014-09-15,-0.002120666219537215,0.0,0.0,-0.002120666219537215,116925.02292468643
2014-09-16,0.004250346004267103,0.0,0.0,0.004250346004267103,117421.9947286732
2014-09-17,-0.007103822542825267,0.0,0.0,-0.007103822542825267,116587.84971549614
2014-09-18,0.0077635137602285464,0.0,0.0,0.0077635137602285464,117492.98109103786
2014-09-19,-0.003474151363467737,0.0,0.0,-0.003474151363467737,117084.79269058254
2014-09-22,-0.0043958908433657795,0.0,0.0,-0.0043958908433657795,116570.10072249663
2014-09-23,-0.008374149028411382,0.0,0.0,-0.008374149028411382,115593.92532678951
2014-09-24,0.0050667709261389415,0.0,0.0,0.0050667709261389415,116179.61326687357
2014-09-25,-0.014665368504366949,0.0,0.0,-0.014665368504366949,114475.79642562002
2014-09-26,0.004185985134405712,0.0,0.0,0.004185985134405712,114954.99040770691
2014-09-29,-0.009263552004376452,0.0,0.0,-0.009263552004376452,113890.09887590253
2014-09-30,-0.0007791314279291806,0.0,0.0,-0.0007791314279291806,113801.36352053836
2014-10-01,-0.01185272442088503,0.0,0.0,-0.01185272442088503,112452.50732000846
2014-10-02,-0.010732212960794962,0.0,0.0,-0.010732212960794962,111245.64306347478
2014-10-03,0.0,0.0,0.0,0.0,111245.64306347478
2014-10-06,0.0063814784315530115,0.0,0.0,0.0063814784315530115,111955.55473528858
2014-10-07,-0.01696250051286019,0.0,0.0,-0.01696250051286019,110056.5085806737
2014-10-08,0.015803921633686047,0.0,0.0,0.015803921633686047,111795.83301755978
2014-10-09,-0.026829841688711054,0.0,0.0,-0.026829841688711054,108796.36851624105
2014-10-10,-0.01500795736006788,0.0,0.0,-0.01500795736006788,107163.55725661908
2014-10-13,-0.0013252711699044406,0.0,0.0,-0.0013252711699044406,107021.53648372248
2014-10-14,0.002487765671976394,0.0,0.0,0.002487765671976394,107287.78098834885
2014-10-15,-0.005955337254593962,0.0,0.0,-0.005955337254593962,106648.84606926623
2014-10-16,-0.009319237730216923,0.0,0.0,-0.009319237730216923,105654.96011909343
2014-10-17,0.01864590658837928,0.0,0.0,0.01864590658837928,107624.99263607299
2014-10-20,0.006266686833877211,0.0,0.0,0.006266686833877211,108299.4447604216
2014-10-21,0.011963300772510177,0.0,0.0,0.011963300772510177,109595.06359158637
2014-10-22,-0.0072876920654172395,0.0,0.0,-0.0072876920654172395,108796.36851624105
2014-10-23,0.009624616463017377,0.0,0.0,0.009624616463017377,109843.49183577897
2014-10-24,0.005493781582004642,0.0,0.0,0.005493781582004642,110446.94798812947
2014-10-27,-0.005624118349408236,0.0,0.0,-0.005624118349408236,109825.78128131328
2014-10-28,0.015190594009808711,0.0,0.0,0.015190594009808711,111494.10013656775
2014-10-29,-0.0076408816645902045,0.0,0.0,-0.0076408816645902045,110642.18691112426
2014-10-30,0.007218634121480161,0.0,0.0,0.007218634121480161,111440.87237683608
2014-10-31,0.018474082519580604,0.0,0.0,0.018474082519580604,113499.6402491798
2014-11-03,-0.008600437540274841,0.0,0.0,-0.008600437540274841,112523.49368237307
2014-11-04,-0.005678321102610573,0.0,0.0,-0.005678321102610573,111884.54915365698
2014-11-05,0.0019038118924599168,0.0,0.0,0.0019038118924599168,112097.55628891822
2014-11-06,-0.005383312289120479,0.0,0.0,-0.005383312289120479,111494.10013656771
2014-11-07,0.00047757665144065875,0.0,0.0,0.00047757665144065875,111547.34711556633
2014-11-10,0.004454995909239923,0.0,0.0,0.004454995909239923,112044.29009065275
2014-11-11,0.006019342034618846,0.0,0.0,0.006019342034618846,112718.72299573444
2014-11-12,-0.008502729339032733,0.0,0.0,-0.008502729339032733,111760.30620266031
2014-11-13,0.004764132984030667,0.0,0.0,0.004764132984030667,112292.74716374578
2014-11-14,0.001422711264065013,0.0,0.0,0.001422711264065013,112452.50732000844
2014-11-17,-0.003945800995722171,0.0,0.0,-0.003945800995722171,112008.79210465371
2014-11-18,0.010933360192438402,0.0,0.0,0.010933360192438402,113233.42457345384
2014-11-19,-0.002978022160809668,0.0,0.0,-0.002978022160809668,112896.21292572973
2014-11-20,-0.005973919652427773,0.0,0.0,-0.005973919652427773,112221.78002064805
2014-11-21,0.008698284388232613,0.0,0.0,0.008698284388232613,113197.91697782131
2014-11-24,0.005801540948360939,0.0,0.0,0.005801540948360939,113854.63932843732
2014-11-25,0.0017145554651603057,0.0,0.0,0.0017145554651603057,114049.84942253174
2014-11-26,0.0038902847193651446,0.0,0.0,0.0038902847193651446,114493.53580898611
2014-11-28,-0.008060629551299825,0.0,0.0,-0.008060629551299825,113570.6458308114
2014-12-01,-0.0009376891116372743,0.0,0.0,-0.0009376891116372743,113464.15187281424
2014-12-02,0.0028155382070160773,0.0,0.0,0.0028155382070160773,113783.61452753883
2014-12-03,-0.0012475742315958271,0.0,0.0,-0.0012475742315958271,113641.66102207643
2014-12-04,-0.003279861009050866,0.0,0.0,-0.003279861009050866,113268.93216908633
2014-12-05,0.0021935147470280025,0.0,0.0,0.0021935147470280025,113517.38924217933
2014-12-08,-0.00875544765820746,0.0,0.0,-0.00875544765820746,112523.49368237307
2014-12-09,-0.005362678527858766,0.0,0.0,-0.005362678527858766,111920.06635892295
2014-12-10,-0.012686563255554839,0.0,0.0,-0.012686563255554839,110500.18535749457
2014-12-11,-0.0012847319182006656,0.0,0.0,-0.0012847319182006656,110358.22224239871
2014-12-12,-0.019298816348552128,0.0,0.0,-0.019298816348552128,108228.43917878995
2014-12-15,-0.01656276132089396,0.0,0.0,-0.01656276132089396,106435.87737253877
2014-12-16,0.00717030656315365,0.0,0.0,0.00717030656315365,107199.0552426181
2014-12-17,0.011953341949808127,0.0,0.0,0.011953341949808127,108480.4422066295
2014-12-18,0.017842592932164614,0.0,0.0,0.017842592932164614,110416.01457802359
2014-12-19,0.0014606439017530448,0.0,0.0,0.0014606439017530448,110577.29305637284
2014-12-22,0.004862291137655239,0.0,0.0,0.004862291137655239,111114.95204842676
2014-12-23,-0.003225755956284604,0.0,0.0,-0.003225755956284604,110756.52233002427
2014-12-24,0.004530794653835768,0.0,0.0,0.004530794653835768,111258.33738927457
2014-12-26,0.002577434453823191,0.0,0.0,0.002577434453823191,111545.09846133678
2014-12-29,-0.0072303285260654215,0.0,0.0,-0.0072303285260654215,110738.590753989
2014-12-30,-0.009224810143542372,0.0,0.0,-0.009224810143542372,109717.04827872002
2014-12-31,-0.006207103857777785,0.0,0.0,-0.006207103857777785,109036.02316508518
2015-01-02,-0.004273375840884608,0.0,0.0,-0.004273375840884608,108570.07125790537
2015-01-05,-0.02360514584602913,0.0,0.0,-0.02360514584602913,106007.25889134874
2015-01-06,-0.01132735032593013,0.0,0.0,-0.01132735032593013,104806.47753279486
2015-01-07,0.011114944742979693,0.0,0.0,0.011114944742979693,105971.39573927823
2015-01-08,0.013529663378891943,0.0,0.0,0.013529663378891943,107405.15305142199
2015-01-09,-0.00483894302324428,0.0,0.0,-0.00483894302324428,106885.42563540333
2015-01-12,-0.0023477135169158725,0.0,0.0,-0.0023477135169158725,106634.4892768778
2015-01-13,0.0050420740578396295,0.0,0.0,0.0050420740578396295,107172.1482689317
2015-01-14,-0.002842662151356312,0.0,0.0,-0.002842662151356312,106867.49405936807
2015-01-15,0.0063726123610281515,0.0,0.0,0.0063726123610281515,107548.5191730029
2015-01-16,0.012997889514945848,0.0,0.0,0.012997889514945848,108946.42294270961
2015-01-20,0.0034545539382753176,0.0,0.0,0.0034545539382753176,109322.78423714737
2015-01-21,0.007868763808222212,0.0,0.0,0.007868763808222212,110183.0194051667
2015-01-22,0.0037410085495310774,0.0,0.0,0.0037410085495310774,110595.21502277459
2015-01-23,-0.005671579956391559,0.0,0.0,-0.005671579956391559,109967.9654179786
2015-01-26,0.01368967728703585,0.0,0.0,0.01368967728703585,111473.39137646263
2015-01-27,0.001446789017161887,0.0,0.0,0.001446789017161887,111634.6698548119
2015-01-28,-0.01492998939308876,0.0,0.0,-0.01492998939308876,109967.9654179786
2015-01-29,0.01368967728703585,0.0,0.0,0.01368967728703585,111473.39137646263
2015-01-30,-0.01575571601487602,0.0,0.0,-0.01575571601487602,109717.04827871996
2015-02-02,0.012087776185860877,0.0,0.0,0.012087776185860877,111043.2834020864
2015-02-03,0.015978052883094618,0.0,0.0,0.015978052883094618,112817.5388565974
2015-02-04,-0.008260700171021429,0.0,0.0,-0.008260700171021429,111885.5869940705
2015-02-05,0.013775324624572649,0.0,0.0,0.013775324624572649,113426.84727572468
2015-02-06,-0.012482280607401974,0.0,0.0,-0.012482280607401974,112011.02153961615
2015-02-09,-0.004799796982151383,0.0,0.0,-0.004799796982151383,111473.39137646262
2015-02-10,0.009164002840992502,0.0,0.0,0.009164002840992502,112494.93385173159
2015-02-11,-0.005416660437919996,0.0,0.0,-0.005416660437919996,111885.5869940705
2015-02-12,0.015537317708008924,0.0,0.0,0.015537317708008924,113623.98890614444
2015-02-13,0.006624680194049937,0.0,0.0,0.006624680194049937,114376.71149501993
2015-02-17,0.0023503026348612455,0.0,0.0,0.0023503026348612455,114645.53138141344
2015-02-18,0.0059403512292386385,0.0,0.0,0.0059403512292386385,115326.56610468175
2015-02-19,0.0012432151242953715,0.0,0.0,0.0012432151242953715,115469.94183589614
2015-02-20,0.009312369502784579,0.0,0.0,0.009312369502784579,116545.24060073706
2015-02-23,-0.0035369512710259343,0.0,0.0,-0.0035369512710259343,116133.02576386226
2015-02-24,0.006172826736608572,0.0,0.0,0.006172826736608572,116849.89481030068
2015-02-25,0.0007671265862487786,0.0,0.0,0.0007671265862487786,116939.53347121004
2015-02-26,-0.002758651293163994,0.0,0.0,-0.002758651293163994,116616.93807597771
2015-02-27,0.0004608822768392695,0.0,0.0,0.0004608822768392695,116670.68475591618
2015-03-02,0.0015360332782774488,0.0,0.0,0.0015360332782774488,116849.89481030068
2015-03-03,-0.006134956711790207,0.0,0.0,-0.006134956711790207,116133.02576386224
2015-03-04,-0.004012225670648184,0.0,0.0,-0.004012225670648184,115667.07385668243
2015-03-05,0.002324415375636324,0.0,0.0,0.002324415375636324,115935.93218160975
2015-03-06,-0.013603653612363376,0.0,0.0,-0.013603653612363376,114358.77991898468
2015-03-09,0.0015670860996546132,0.0,0.0,0.0015670860996546132,114537.98997336919
2015-03-10,-0.021749329646247872,0.0,0.0,-0.021749329646247872,112046.86547241975
2015-03-11,0.002559381563121521,0.0,0.0,0.002559381563121521,112333.63615411542
2015-03-12,0.012444213661782388,0.0,0.0,0.012444213661782388,113731.53992382217
2015-03-13,-0.005830508909935195,0.0,0.0,-0.005830508909935195,113068.42716695566
2015-03-16,0.01125363479009378,0.0,0.0,0.01125363479009378,114340.85795258291
2015-03-17,-0.002507781189766911,0.0,0.0,-0.002507781189766911,114054.11609978761
2015-03-18,0.021370362634510087,0.0,0.0,0.021370362634510087,116491.49392079859
2015-03-19,-0.011692519430613002,0.0,0.0,-0.011692519430613002,115129.4148646285
2015-03-20,0.022104856800041928,0.0,0.0,0.022104856800041928,117674.33409368375
2015-03-23,0.005025783035420117,0.0,0.0,0.005025783035420117,118265.73976567613
2015-03-24,-0.0021216384369283636,0.0,0.0,-0.0021216384369283636,118014.82262641752
2015-03-25,-0.004707803271864597,0.0,0.0,-0.004707803271864597,117459.23205832836
2015-03-26,-0.008696832408156663,0.0,0.0,-0.008696832408156663,116437.70880232629
2015-03-27,0.002616374051531478,0.0,0.0,0.002616374051531478,116742.35340225647
2015-03-30,0.0006143983057620428,0.0,0.0,0.0006143983057620428,116814.0797063975
2015-03-31,-0.015495558342488724,0.0,0.0,-0.015495558342488724,115003.9803190829
2015-04-01,0.007168454887925391,0.0,0.0,0.007168454887925391,115828.3811639321
2015-04-02,0.008664720155647787,0.0,0.0,0.008664720155647787,116832.00167279928
2015-04-06,0.010124117850268899,0.0,0.0,0.010124117850268899,118014.82262641752
2015-04-07,-0.0013666765275178738,0.0,0.0,-0.0013666765275178738,117853.53453843482
2015-04-08,0.004257792029306984,0.0,0.0,0.004257792029306984,118355.3303784182
2015-04-09,0.0013629069914626868,0.0,0.0,0.0013629069914626868,118516.63768566783
2015-04-10,0.001966090134464915,0.0,0.0,0.001966090134464915,118749.65207779157
2015-04-13,-0.006338816033042649,0.0,0.0,-0.006338816033042649,117996.91987928265
2015-04-14,0.00744228531518476,0.0,0.0,0.00744228531518476,118875.08662333725
2015-04-15,0.004522728757208272,0.0,0.0,0.004522728757208272,119412.72639612426
2015-04-16,0.0027015160357548584,0.0,0.0,0.0027015160357548584,119735.3217913566
2015-04-17,-0.012572787350422332,0.0,0.0,-0.012572787350422332,118229.91505213949
2015-04-20,0.0010607748996811495,0.0,0.0,0.0010607748996811495,118355.33037841824
2015-04-21,0.008934080233861996,0.0,0.0,0.008934080233861996,119412.72639612426
2015-04-22,0.0019511753888266092,0.0,0.0,0.0019511753888266092,119645.72156898105
2015-04-23,0.0037447988458712,0.0,0.0,0.0037447988458712,120093.770729026
2015-04-24,0.005820091129016269,0.0,0.0,0.005820091129016269,120792.72741869613
2015-04-27,0.004895877966854423,0.0,0.0,0.004895877966854423,121384.11387142158
2015-04-28,0.0011810154341886925,0.0,0.0,0.0011810154341886925,121527.47038336904
2015-04-29,-0.00870056437311395,0.0,0.0,-0.00870056437311395,120470.11280419683
2015-04-30,-0.010562211290491175,0.0,0.0,-0.010562211290491175,119197.6820185696
2015-05-01,0.011126108092097464,0.0,0.0,0.011126108092097464,120523.88831303567
2015-05-04,-0.0010408239970925992,0.0,0.0,-0.0010408239970925992,120398.44415785655
2015-05-05,-0.014885386878945472,0.0,0.0,-0.014885386878945472,118606.26673694374
2015-05-06,0.002568537129710391,0.0,0.0,0.002568537129710391,118910.91133687392
2015-05-07,-0.0033157062440561935,0.0,0.0,-0.0033157062440561935,118516.63768566785
2015-05-08,0.023136343502087486,0.0,0.0,0.023136343502087486,121258.67932587591
2015-05-11,-0.008720246939996623,0.0,0.0,-0.008720246939996623,120201.27369853642
2015-05-12,-0.0005963985522065007,0.0,0.0,-0.0005963985522065007,120129.58583292922
2015-05-13,0.007459430696249214,0.0,0.0,0.007459430696249214,121025.68415301909
2015-05-14,0.011994644520606501,0.0,0.0,0.011994644520606501,122477.34421229774
2015-05-15,0.0011707875558824021,0.0,0.0,0.0011707875558824021,122620.73916277902
2015-05-18,-0.0033616273238585848,0.0,0.0,-0.0033616273238585848,122208.5339355377
2015-05-19,-0.003813075328760962,0.0,0.0,-0.003813075328760962,121742.54358982405
2015-05-20,0.001913835262402852,0.0,0.0,0.001913835262402852,121975.53876268088
2015-05-21,0.005289588442429327,0.0,0.0,0.005289588442429327,122620.73916277905
2015-05-22,-0.00643086085950606,0.0,0.0,-0.00643086085950606,121832.18225073343
2015-05-26,-0.017946495263891582,0.0,0.0,-0.017946495263891582,119645.72156898105
2015-05-27,0.00973623604706031,0.0,0.0,0.00973623604706031,120810.62055619751
2015-05-28,-0.001780330364154037,0.0,0.0,-0.001780330364154037,120595.53774010902
2015-05-29,-0.0096595529904836,0.0,0.0,-0.0096595529904836,119430.63875289257
2015-06-01,-0.0027011913210419625,0.0,0.0,-0.0027011913210419625,119108.03374802676
2015-06-02,0.004664674247733869,0.0,0.0,0.004664674247733869,119663.6339257494
2015-06-03,0.005541312058189973,0.0,0.0,0.005541312058189973,120326.72746334899
2015-06-04,-0.010723741759053995,0.0,0.0,-0.010723741759053995,119036.37471131996
2015-06-05,-0.011893898148991333,0.0,0.0,-0.011893898148991333,117620.56819447834
2015-06-08,-0.0013716660157877536,0.0,0.0,-0.0013716660157877536,117459.23205832833
2015-06-09,-0.005492564020940449,0.0,0.0,-0.005492564020940449,116814.07970639746
2015-06-10,0.02101845723920026,0.0,0.0,0.02101845723920026,119269.3314456429
2015-06-11,0.0027049251520816497,0.0,0.0,0.0027049251520816497,119591.94606014219
2015-06-12,-0.007942623731961196,0.0,0.0,-0.007942623731961196,118642.07223121347
2015-06-15,-0.006041959605253777,0.0,0.0,-0.006041959605253777,117925.24162330889
2015-06-16,-0.00030395471156285936,0.0,0.0,-0.00030395471156285936,117889.39769050528
2015-06-17,-0.002280353460899942,0.0,0.0,-0.002280353460899942,117620.56819447833
2015-06-18,0.008989563606119688,0.0,0.0,0.008989563606119688,118677.92577365052
2015-06-19,-0.0024163776020371674,0.0,0.0,-0.0024163776020371674,118391.15509195486
2015-06-22,0.018922570843671105,0.0,0.0,0.018922570843671105,120631.42011144642
2015-06-23,0.002673904994242138,0.0,0.0,0.002673904994242138,120953.97706814494
2015-06-24,-0.008593486702118791,0.0,0.0,-0.008593486702118791,119914.56067464146
2015-06-25,-0.0004411560355674915,0.0,0.0,-0.0004411560355674915,119861.65964244741
2015-06-26,-0.00045594217239008916,0.0,0.0,-0.00045594217239008916,119807.00965696375
2015-06-29,-0.03072721098071396,0.0,0.0,-0.03072721098071396,116125.67439426579
2015-06-30,-0.003609394604469407,0.0,0.0,-0.003609394604469407,115706.53101166677
