date,gross_return,turnover,transaction_cost,net_return,equity_curve
2008-07-01,0.0,0.0,0.0,0.0,100000.0
2008-07-02,0.0055039335924880195,1.0,0.0005,0.005003933592488019,100500.3933592488
2008-07-03,-0.011913712913665608,0.0,0.0,-0.011913712913665608,99303.06052505625
2008-07-07,-0.009015796476986693,0.0,0.0,-0.009015796476986693,98407.76434182045
2008-07-08,-0.0040557133943578405,0.0,0.0,-0.0040557133943578405,98008.65065387053
2008-07-09,0.007043796889161902,0.0,0.0,0.007043796889161902,98699.00368245722
2008-07-10,0.022185779008708995,0.0,0.0,0.022185779008708995,100888.71796653597
2008-07-11,0.017427615781957062,0.0,0.0,0.017427615781957062,102646.967779991
2008-07-14,0.007881462496187819,0.0,0.0,0.007881462496187819,103455.9760068964
2008-07-15,0.002710817400778165,0.0,0.0,0.002710817400778165,103736.42626687039
2008-07-16,-0.017988933768096182,0.0,0.0,-0.017988933768096182,101870.31856541666
2008-07-17,-0.002329534254720156,0.0,0.0,-0.002329534254720156,101633.00816877927
2008-07-18,-0.0005307052760556985,0.0,0.0,-0.0005307052760556985,101579.07099512269
2008-07-21,0.010088187279481131,0.0,0.0,0.010088187279481131,102603.81968699719
2008-07-22,-0.021656908415746523,0.0,0.0,-0.021656908415746523,100381.73816093012
2008-07-23,-0.0267569087588011,0.0,0.0,-0.0267569087588011,97695.83315190826
2008-07-24,0.008391323162098674,0.0,0.0,0.008391323162098674,98515.6304594764
2008-07-25,0.003941756302791921,0.0,0.0,0.003941756302791921,98903.95506676355
2008-07-28,0.00043626256366313676,0.0,0.0,0.00043626256366313676,98947.1031597574
2008-07-29,-0.012427853235838726,0.0,0.0,-0.012427853235838726,97717.40308357654
2008-07-30,-0.011811455327067621,0.0,0.0,-0.011811455327067621,96563.2183423778
2008-07-31,0.006255643532038002,0.0,0.0,0.006255643532038002,97167.28341463408
2008-08-01,-0.005661657702749179,0.0,0.0,-0.005661657702749179,96617.1555160344
2008-08-04,-0.01596517037007883,0.0,0.0,-0.01596517037007883,95074.64616754852
2008-08-05,-0.023371880790320154,0.0,0.0,-0.023371880790320154,92852.5728711387
2008-08-06,0.006505547707733816,0.0,0.0,0.006505547707733816,93456.62971373773
2008-08-07,-0.0063481423780287205,0.0,0.0,-0.0063481423780287205,92863.35372214421
2008-08-08,-0.019282101328005674,0.0,0.0,-0.019282101328005674,91072.75312601539
2008-08-11,-0.03908566907295763,0.0,0.0,-0.03908566907295763,87513.1136357688
2008-08-12,-0.007518804770153764,0.0,0.0,-0.007518804770153764,86855.11961951316
2008-08-13,0.012916057611595866,0.0,0.0,0.012916057611595866,87976.94534838085
2008-08-14,-0.02709660557413529,0.0,0.0,-0.02709660557413529,85593.06876065851
2008-08-15,-0.02167613426311632,0.0,0.0,-0.02167613426311632,83737.74191021034
2008-08-18,0.015071568204755081,0.0,0.0,0.015071568204755081,84999.80099872225
2008-08-19,0.02068524353161938,0.0,0.0,0.02068524353161938,86758.04258252
2008-08-20,-0.004600307661048464,0.0,0.0,-0.004600307661048464,86358.92889457007
2008-08-21,0.02797908520450143,0.0,0.0,0.02797908520450143,88775.17272428072
2008-08-22,-0.014823829592519933,0.0,0.0,-0.014823829592519933,87459.18469176946
2008-08-25,-0.0018500434446395708,0.0,0.0,-0.0018500434446395708,87297.38140045693
2008-08-26,0.003706944898387965,0.0,0.0,0.003706944898387965,87620.98798308197
2008-08-27,0.001600360064577977,0.0,0.0,0.001600360064577977,87761.21311306897
2008-08-28,0.01007865890698989,0.0,0.0,0.01007865890698989,88645.72844529925
2008-08-29,-0.005719167911386824,0.0,0.0,-0.005719167911386824,88138.74863969338
2008-09-02,-0.030718420809619618,0.0,0.0,-0.030718420809619618,85431.26546934599
2008-09-03,-0.003914110739124621,0.0,0.0,-0.003914110739124621,85096.8780357154
2008-09-04,-0.0063379389513039674,0.0,0.0,-0.0063379389513039674,84557.53921777848
2008-09-05,0.007526520881221854,0.0,0.0,0.007526520881221854,85193.96330236584
2008-09-08,-0.0015194067039945303,0.0,0.0,-0.0015194067039945303,85064.51902338436
2008-09-09,-0.03005329353587316,0.0,0.0,-0.03005329353587316,82508.05006368672
2008-09-10,-0.029677038913105025,0.0,0.0,-0.029677038913105025,80059.45545130227
2008-09-11,-0.015359732833451378,0.0,0.0,-0.015359732833451378,78829.76360477867
2008-09-12,0.03379859275884045,0.0,0.0,0.03379859275884045,81494.09868213224
2008-09-15,0.026604823635267394,0.0,0.0,0.026604823635267394,83662.23480488545
2008-09-16,-0.009927754864673677,0.0,0.0,-0.009927754864673677,82831.65664631178
2008-09-17,0.11290530102327678,0.0,0.0,0.11290530102327678,92183.78977422032
2008-09-18,-0.031125626740126422,0.0,0.0,-0.031125626740126422,89314.51154221765
2008-09-19,0.03840579937162536,0.0,0.0,0.03840579937162536,92744.70675348278
2008-09-22,0.037217920717656394,0.0,0.0,0.037217920717656394,96196.47189641619
2008-09-23,-0.009643424617723939,0.0,0.0,-0.009643424617723939,95268.8084711921
2008-09-24,-0.01822917364033816,0.0,0.0,-0.01822917364033816,93532.13681906262
2008-09-25,-0.002998525417780007,0.0,0.0,-0.002998525417780007,93251.67832943138
2008-09-26,0.002197830516061261,0.0,0.0,0.002197830516061261,93456.62971373773
2008-09-29,0.033818101636850395,0.0,0.0,0.033818101636850395,96617.1555160344
2008-09-30,-0.05024003589742143,0.0,0.0,-0.05024003589742143,91763.10615460208
2008-10-01,0.010579540720671465,0.0,0.0,0.010579540720671465,92733.91767281998
2008-10-02,-0.0423403435845463,0.0,0.0,-0.0423403435845463,88807.53173661175
2008-10-03,0.0031579558004803943,0.0,0.0,0.0031579558004803943,89087.98199658573
2008-10-06,0.020462556197389237,0.0,0.0,0.020462556197389237,90910.94983470287
2008-10-07,0.03547695665728945,0.0,0.0,0.03547695665728945,94136.19366166164
2008-10-08,0.024636204979729737,0.0,0.0,0.024636204979729737,96455.35222472186
2008-10-09,0.005367964289450189,0.0,0.0,0.005367964289450189,96973.12111099051
2008-10-10,-0.07430478522575834,0.0,0.0,-0.07430478522575834,89767.55417416691
2008-10-13,-0.014780141058536755,0.0,0.0,-0.014780141058536755,88440.77706099288
2008-10-14,0.0025612768623506366,0.0,0.0,0.0025612768623506366,88667.29837696752
2008-10-15,0.013503657561574789,0.0,0.0,0.013503657561574789,89864.63121116006
2008-10-16,-0.04825347210266151,0.0,0.0,-0.04825347210266151,85528.35073599638
2008-10-17,-0.026232839034402877,0.0,0.0,-0.026232839034402877,83284.69927826105
2008-10-20,0.016707692408026054,0.0,0.0,0.016707692408026054,84676.19441609718
2008-10-21,-0.03146498370322448,0.0,0.0,-0.03146498370322448,82011.85933874361
2008-10-22,-0.05681967334189364,0.0,0.0,-0.05681967334189364,77351.97228095487
2008-10-23,-0.014781726009298946,0.0,0.0,-0.014781726009298946,76208.57662041891
2008-10-24,0.02208064437227697,0.0,0.0,0.02208064437227697,77891.3110988918
2008-10-27,-0.00041543802350396675,0.0,0.0,-0.00041543802350396675,77858.95208656075
2008-10-28,0.02230535610341522,0.0,0.0,0.02230535610341522,79595.62373869024
2008-10-29,0.0028459016379882573,0.0,0.0,0.0028459016379882573,79822.14505466487
2008-10-30,-0.01743244480442352,0.0,0.0,-0.01743244480442352,78430.64991682874
2008-10-31,-0.01884201298077859,0.0,0.0,-0.01884201298077859,76952.85859300496
2008-11-03,-0.0033641418010847968,0.0,0.0,-0.0033641418010847968,76693.97826469925
2008-11-04,0.061603445524780476,0.0,0.0,0.061603445524780476,81418.59157680735
2008-11-05,-0.03550609679364303,0.0,0.0,-0.03550609679364303,78527.73518347915
2008-11-06,-0.007967057784906029,0.0,0.0,-0.007967057784906029,77902.10017955457
2008-11-07,0.0038770254024393935,0.0,0.0,0.0038770254024393935,78204.12860085408
2008-11-10,0.014896576980064635,0.0,0.0,0.014896576980064635,79369.10242271557
2008-11-11,-0.020793676830966557,0.0,0.0,-0.020793676830966557,77718.72695657375
2008-11-12,-0.02845250471794114,0.0,0.0,-0.02845250471794114,75507.43451116946
2008-11-13,0.030714307512555772,0.0,0.0,0.030714307512555772,77826.59307422968
2008-11-14,0.015939036750628688,0.0,0.0,0.015939036750628688,79067.07400141605
2008-11-17,-0.008867687569125149,0.0,0.0,-0.008867687569125149,78365.9318921666
2008-11-18,-0.0019270390462217124,0.0,0.0,-0.0019270390462217124,78214.91768151683
2008-11-19,-0.003447800201830109,0.0,0.0,-0.003447800201830109,77945.24827254839
2008-11-20,0.016468236601602237,0.0,0.0,0.016468236601602237,79228.86906307134
2008-11-21,0.07351942478206097,0.0,0.0,0.07351942478206097,85053.72994272156
2008-11-24,0.02612562115222339,0.0,0.0,0.02612562115222339,87275.81146878863
2008-11-25,-0.0004943877606827796,0.0,0.0,-0.0004943877606827796,87232.6633757948
2008-11-26,-0.006059174929170741,0.0,0.0,-0.006059174929170741,86704.1054088634
2008-11-28,-0.0008708596319495499,0.0,0.0,-0.0008708596319495499,86628.59830353851
2008-12-01,-0.05802510489824053,0.0,0.0,-0.05802510489824053,81601.96479978815
2008-12-02,0.017184340993285696,0.0,0.0,0.017184340993285696,83004.24078862982
2008-12-03,-0.010006454497773598,0.0,0.0,-0.010006454497773598,82173.66263005615
2008-12-04,-0.008926231326486067,0.0,0.0,-0.008926231326486067,81440.16150847563
2008-12-05,-0.012980176913027774,0.0,0.0,-0.012980176913027774,80383.05380427006
2008-12-08,0.02254428852463053,0.0,0.0,0.02254428852463053,82195.23256172444
2008-12-09,0.0017061008926391175,0.0,0.0,0.0017061008926391175,82335.46592136867
2008-12-10,0.044805424956165796,0.0,0.0,0.044805424956165796,86024.5414609395
2008-12-11,0.011285285590957983,0.0,0.0,0.011285285590957983,86995.3529791574
2008-12-12,0.001983831738223918,0.0,0.0,0.001983831738223918,87167.93712147545
2008-12-15,0.02215073591889971,0.0,0.0,0.02215073591889971,89098.7710772485
2008-12-16,0.022518167611520035,0.0,0.0,0.022518167611520035,91105.11213834645
2008-12-17,0.011484741075274973,0.0,0.0,0.011484741075274973,92151.43076188923
2008-12-18,-0.01826053556152496,0.0,0.0,-0.01826053556152496,90468.69628341636
2008-12-19,-0.014784850990297582,0.0,0.0,-0.014784850990297582,89131.13008957956
2008-12-22,0.010044800419261257,0.0,0.0,0.010044800419261257,90026.43450247259
2008-12-23,-0.009944905825060135,0.0,0.0,-0.009944905825060135,89131.13008957956
2008-12-24,0.010044800419261257,0.0,0.0,0.010044800419261257,90026.43450247259
2008-12-26,0.025641018609195987,0.0,0.0,0.025641018609195987,92334.80398487006
2008-12-29,0.008761682399173631,0.0,0.0,0.008761682399173631,93143.81221177544
2008-12-30,-0.005211313910758797,0.0,0.0,-0.005211313910758797,92658.41056749511
2008-12-31,0.007217638022983142,0.0,0.0,0.007217638022983142,93327.18543475625
2009-01-02,-0.003351748698386614,0.0,0.0,-0.003351748698386614,93014.37616245123
2009-01-05,-0.020294560267569373,0.0,0.0,-0.020294560267569373,91126.690299672
2009-01-06,0.007694056234090141,0.0,0.0,0.007694056234090141,91827.8241792642
2009-01-07,-0.027957210503990804,0.0,0.0,-0.027957210503990804,89260.57436856105
2009-01-08,0.02066464150420133,0.0,0.0,0.02066464150420133,91105.11213834646
2009-01-09,-0.006393569990301162,0.0,0.0,-0.006393569990301162,90522.62522741572
2009-01-12,-0.037654862984544346,0.0,0.0,-0.037654862984544346,87114.0081774761
2009-01-13,0.0014858236009589465,0.0,0.0,0.0014858236009589465,87243.44422680033
2009-01-14,-0.01347671086678437,0.0,0.0,-0.01347671086678437,86067.68955393332
2009-01-15,0.007519720105734873,0.0,0.0,0.007519720105734873,86714.89448952618
2009-01-16,0.02885930728247965,0.0,0.0,0.02885930728247965,89217.42627556722
2009-01-20,0.021883660725774856,0.0,0.0,0.021883660725774856,91169.83016300856
2009-01-21,-0.004377604494590903,0.0,0.0,-0.004377604494590903,90770.7247047159
2009-01-22,0.00510992629089313,0.0,0.0,0.00510992629089313,91234.55641732796
2009-01-23,0.04670131074402373,0.0,0.0,0.04670131074402373,95495.32978716675
2009-01-26,0.00474413390643269,0.0,0.0,0.00474413390643269,95948.37241911603
2009-01-27,-0.006408091224060275,0.0,0.0,-0.006408091224060275,95333.52649585421
2009-01-28,-0.010862175993511136,0.0,0.0,-0.010862175993511136,94297.9969529742
2009-01-29,0.02379320378198746,0.0,0.0,0.02379320378198746,96541.64841070955
2009-01-30,0.020223436408868922,0.0,0.0,0.020223436408868922,98494.05229815091
2009-02-02,-0.027050720476891166,0.0,0.0,-0.027050720476891166,95829.71722079733
2009-02-03,-0.00416473584465582,0.0,0.0,-0.00416473584465582,95430.61176250465
2009-02-04,0.008025308858100377,0.0,0.0,0.008025308858100377,96196.47189641622
2009-02-05,0.01054050726832867,0.0,0.0,0.01054050726832867,97210.43150762796
2009-02-06,-0.005881118425859366,0.0,0.0,-0.005881118425859366,96638.72544770272
2009-02-09,-0.014175652360522317,0.0,0.0,-0.014175652360522317,95268.80847119211
2009-02-10,0.021399449684998073,0.0,0.0,0.021399449684998073,97307.5085446211
2009-02-11,0.023057331251128632,0.0,0.0,0.023057331251128632,99551.16000235647
2009-02-12,0.009535131050908197,0.0,0.0,0.009535131050908197,100500.39335924888
2009-02-13,-0.00665445024548883,0.0,0.0,-0.00665445024548883,99831.6184919877
2009-02-17,0.03133434684883385,0.0,0.0,0.03133434684883385,102959.7770522961
2009-02-18,0.015296037302744647,0.0,0.0,0.015296037302744647,104534.65364277028
2009-02-19,-0.011763563883639527,0.0,0.0,-0.011763563883639527,103304.95356658942
2009-02-20,0.021196684555155665,0.0,0.0,0.021196684555155665,105494.67608032541
2009-02-23,-0.0007157432785268592,0.0,0.0,-0.0007157432785268592,105419.16897500055
2009-02-24,-0.03069681670881841,0.0,0.0,-0.03069681670881841,102183.13606737899
2009-02-25,-0.01667900110909304,0.0,0.0,-0.01667900110909304,100478.82342758056
2009-02-26,-0.0009662261493376123,0.0,0.0,-0.0009662261493376123,100381.73816093017
2009-02-27,-0.004620678234007802,0.0,0.0,-0.004620678234007802,99917.90644831808
2009-03-02,-0.018352553153934692,0.0,0.0,-0.018352553153934692,98084.15775919546
2009-03-03,-0.00978774207259936,0.0,0.0,-0.00978774207259936,97124.13532164031
2009-03-04,-0.011661517559766521,0.0,0.0,-0.011661517559766521,95991.52051210986
2009-03-05,0.03371165380397634,0.0,0.0,0.03371165380397634,99227.5534197314
2009-03-06,0.003261257296713005,0.0,0.0,0.003261257296713005,99551.16000235648
2009-03-09,-0.018636918448808326,0.0,0.0,-0.018636918448808326,97695.83315190829
2009-03-10,-0.026830079644072802,0.0,0.0,-0.026830079644072802,95074.64616754853
2009-03-11,0.012253254351412224,0.0,0.0,0.012253254351412224,96239.61998941003
2009-03-12,0.02107147755767702,0.0,0.0,0.02107147755767702,98267.53098217625
2009-03-13,0.002195439966922841,0.0,0.0,0.002195439966922841,98483.27144714534
2009-03-16,-0.005476451076530053,0.0,0.0,-0.005476451076530053,97943.93262920842
2009-03-17,-0.008370067298315353,0.0,0.0,-0.008370067298315353,97124.13532164028
2009-03-18,0.033873782667158014,0.0,0.0,0.033873782667158014,100414.09717326118
2009-03-19,0.013535311911035075,0.0,0.0,0.013535311911035075,101773.23329876624
2009-03-20,-0.008055136709291255,0.0,0.0,-0.008055136709291255,100953.43599119809
2009-03-23,-0.01613414430944493,0.0,0.0,-0.01613414430944493,99324.63868638179
2009-03-24,-0.012271990229602348,0.0,0.0,-0.012271990229602348,98105.72769086371
2009-03-25,0.0113249746371904,0.0,0.0,0.0113249746371904,99216.77256872586
2009-03-26,-0.0005436295926601886,0.0,0.0,-0.0005436295926601886,99162.83539506927
2009-03-27,-0.013488500594508679,0.0,0.0,-0.013488500594508679,97825.2774308897
2009-03-30,-0.007828857264959965,0.0,0.0,-0.007828857264959965,97059.41729697816
2009-03-31,0.003334023240399997,0.0,0.0,0.003334023240399997,97383.01564994597
2009-04-01,0.008307487928012502,0.0,0.0,0.008307487928012502,98192.02387685135
2009-04-02,-0.024497371827343573,0.0,0.0,-0.024497371827343573,95786.57735746072
2009-04-03,-0.013626201264451798,0.0,0.0,-0.013626201264451798,94481.37017595499
2009-04-06,-0.026487039523035216,0.0,0.0,-0.026487039523035216,91978.83838991394
2009-04-07,0.017239372329946656,0.0,0.0,0.017239372329946656,93564.49583139365
2009-04-08,-0.0014987002146591433,0.0,0.0,-0.0014987002146591433,93424.27070140667
2009-04-09,-0.0034638384671937805,0.0,0.0,-0.0034638384671937805,93100.66411878161
2009-04-13,0.018190241446344402,0.0,0.0,0.018190241446344402,94794.18767791726
2009-04-14,-0.005803305903222533,0.0,0.0,-0.005803305903222533,94244.06800897482
2009-04-15,0.0014878934340316619,0.0,0.0,0.0014878934340316619,94384.2931389618
2009-04-16,-0.019314313616071388,0.0,0.0,-0.019314313616071388,92561.32530084468
2009-04-17,-0.006875613036671613,0.0,0.0,-0.006875613036671613,91924.90944591459
2009-04-20,0.02030034854210716,0.0,0.0,0.02030034854210716,93791.01714736829
2009-04-21,-0.0006900236998221843,0.0,0.0,-0.0006900236998221843,93726.29912270617
2009-04-22,0.0056392895294219425,0.0,0.0,0.0056392895294219425,94254.84885998031
2009-04-23,0.01625092518853677,0.0,0.0,0.01625092518853677,95786.57735746069
2009-04-24,0.010360339384325012,0.0,0.0,0.010360339384325012,96778.95880734688
2009-04-27,-0.007913498381772466,0.0,0.0,-0.007913498381772466,96013.09867343532
2009-04-28,-0.014155736501410554,0.0,0.0,-0.014155736501410554,94653.96254793023
2009-04-29,0.006609707476406657,0.0,0.0,0.006609707476406657,95279.59755185481
2009-04-30,-0.012000511332669439,0.0,0.0,-0.012000511332669439,94136.1936616616
2009-05-01,-0.0036667778977123033,0.0,0.0,-0.0036667778977123033,93791.01714736826
2009-05-04,0.019436486494786687,0.0,0.0,0.019436486494786687,95613.98498548538
2009-05-05,-0.004399812639145684,0.0,0.0,-0.004399812639145684,95193.30136586716
2009-05-06,0.014617574113624299,0.0,0.0,0.014617574113624299,96584.7965037033
2009-05-07,-0.001116802245908266,0.0,0.0,-0.001116802245908266,96476.93038604736
2009-05-08,0.006037577155491469,0.0,0.0,0.006037577155491469,97059.4172969781
2009-05-11,-0.0032229484853091295,0.0,0.0,-0.0032229484853091295,96746.59979501582
2009-05-12,0.011260948593415199,0.0,0.0,0.011260948593415199,97836.05828189521
2009-05-13,0.004299883161748896,0.0,0.0,0.004299883161748896,98256.74190151341
2009-05-14,-0.0006586624328229762,0.0,0.0,-0.0006586624328229762,98192.0238768513
2009-05-15,0.005712449515919316,0.0,0.0,0.005712449515919316,98752.94085611375
2009-05-18,-0.012998387785235432,0.0,0.0,-0.012998387785235432,97469.31183593356
2009-05-19,0.0066400893101847824,0.0,0.0,0.0066400893101847824,98116.51677152643
2009-05-20,0.01418206825540258,0.0,0.0,0.01418206825540258,99508.01190936255
2009-05-21,0.01734415690104174,0.0,0.0,0.01734415690104174,101233.89448082927
2009-05-22,0.003196622873047117,0.0,0.0,0.003196622873047117,101557.50106345431
2009-05-26,-0.004142319525520355,0.0,0.0,-0.004142319525520355,101136.81744383612
2009-05-27,-0.0033063692504812225,0.0,0.0,-0.0033063692504812225,100802.42178054828
2009-05-28,0.008453728639123081,0.0,0.0,0.008453728639123081,101654.57810044747
2009-05-29,0.02079795340515611,0.0,0.0,0.02079795340515611,103768.78527920137
2009-06-01,-0.004885588422227083,0.0,0.0,-0.004885588422227083,103261.81370325273
2009-06-02,0.006580980166364325,0.0,0.0,0.006580980166364325,103941.37765117666
2009-06-03,-0.02023658090380609,0.0,0.0,-0.02023658090380609,101837.95955308557
2009-06-04,0.01927761491608404,0.0,0.0,0.01927761491608404,103801.1525211897
2009-06-05,-0.026187303175224996,0.0,0.0,-0.026187303175224996,101082.88027017954
2009-06-08,-0.0016006992566894862,0.0,0.0,-0.0016006992566894862,100921.07697886703
2009-06-09,0.0028858943940417436,0.0,0.0,0.0028858943940417436,101212.324549161
2009-06-10,0.00031971415018094973,0.0,0.0,0.00031971415018094973,101244.68356149207
2009-06-11,-0.0017047055302460423,0.0,0.0,-0.0017047055302460423,101072.0911895168
2009-06-12,-0.016328696148645738,0.0,0.0,-0.016328696148645738,99421.71572337496
2009-06-15,-0.01160898031985369,0.0,0.0,-0.01160898031985369,98267.5309821762
2009-06-16,0.009110887430919812,0.0,0.0,0.009110887430919812,99162.83539506924
2009-06-17,0.004568673638105869,0.0,0.0,0.004568673638105869,99615.87802701852
2009-06-18,-0.008012971044898287,0.0,0.0,-0.008012971044898287,98817.65888077591
2009-06-19,0.0031656032485014585,0.0,0.0,0.0031656032485014585,99130.4763827382
2009-06-22,-0.014798700628623873,0.0,0.0,-0.014798700628623873,97663.47413957719
2009-06-23,0.004197009604324231,0.0,0.0,0.004197009604324231,98073.36867853267
2009-06-24,0.005829287175215692,0.0,0.0,0.005829287175215692,98645.06650880064
2009-06-25,0.009404052914712357,0.0,0.0,0.009404052914712357,99572.72993402471
2009-06-26,-0.0002166248899934109,0.0,0.0,-0.0002166248899934109,99551.16000235642
2009-06-29,-0.0027088525031961908,0.0,0.0,-0.0027088525031961908,99281.49059338795
2009-06-30,-0.00934377011948162,0.0,0.0,-0.00934377011948162,98353.82716816387
2009-07-01,0.013270443961645562,0.0,0.0,0.013270443961645562,99659.02612001236
2009-07-02,-0.012338991202289873,0.0,0.0,-0.012338991202289873,98429.33427348876
2009-07-06,-0.005369839602953563,0.0,0.0,-0.005369839602953563,97900.78453621462
2009-07-07,-0.0005509370932227364,0.0,0.0,-0.0005509370932227364,97846.84736255802
2009-07-08,-0.015874792811597982,0.0,0.0,-0.015874792811597982,96293.54893340936
2009-07-09,0.0026885348066461034,0.0,0.0,0.0026885348066461034,96552.43749137231
2009-07-10,0.0007820320986886564,0.0,0.0,0.0007820320986886564,96627.94459669718
2009-07-13,0.006809562378687906,0.0,0.0,0.006809562378687906,97285.9386129528
2009-07-14,0.0068743219914015885,0.0,0.0,0.0068743219914015885,97954.71348021396
2009-07-15,0.015747168193161354,0.0,0.0,0.015747168193161354,99497.22282869981
2009-07-16,-0.002818674250403941,0.0,0.0,-0.002818674250403941,99216.77256872585
2009-07-17,-0.0005436295926601886,0.0,0.0,-0.0005436295926601886,99162.83539506925
2009-07-20,0.014685069831823938,0.0,0.0,0.014685069831823938,100619.04855756751
2009-07-21,-0.001608078128665369,0.0,0.0,-0.001608078128665369,100457.24526625496
2009-07-22,0.003328736144431632,0.0,0.0,0.003328736144431632,100791.64092954279
2009-07-23,-0.0019263730786889255,0.0,0.0,-0.0019263730786889255,100597.47862589922
2009-07-24,0.001608422929904929,0.0,0.0,0.001608422929904929,100759.28191721175
2009-07-27,0.003211598443443542,0.0,0.0,0.003211598443443542,101082.88027017955
2009-07-28,-0.01707393543648217,0.0,0.0,-0.01707393543648217,99356.99769871285
2009-07-29,-0.009879531604379266,0.0,0.0,-0.009879531604379266,98375.39709983217
2009-07-30,0.0046053268902870315,0.0,0.0,0.0046053268902870315,98828.4479614387
2009-07-31,0.018882292901956754,0.0,0.0,0.018882292901956754,100694.55566289237
2009-08-03,0.00557047971034641,0.0,0.0,0.00557047971034641,101255.47264215484
2009-08-04,0.008628928676826186,0.0,0.0,0.008628928676826186,102129.19889372232
2009-08-05,0.0010561731495435378,0.0,0.0,0.0010561731495435378,102237.06501137826
2009-08-06,-0.0018991380828662363,0.0,0.0,-0.0018991380828662363,102042.90270773468
2009-08-07,-0.008985184860797024,0.0,0.0,-0.008985184860797024,101126.02836317338
2009-08-10,-0.008746663411458355,0.0,0.0,-0.008746663411458355,100241.51303094311
2009-08-11,-0.0015065037037413909,0.0,0.0,-0.0015065037037413909,100090.49882029335
2009-08-12,0.001724280969244818,0.0,0.0,0.001724280969244818,100263.0829626114
2009-08-13,0.008284069905776237,0.0,0.0,0.008284069905776237,101093.66935084232
2009-08-14,-0.00768247131162092,0.0,0.0,-0.00768247131162092,100317.02013626798
2009-08-17,-0.014946229996219751,0.0,0.0,-0.014946229996219751,98817.65888077591
2009-08-18,0.004912094151774848,0.0,0.0,0.004912094151774848,99303.06052505624
2009-08-19,0.005105379460867088,0.0,0.0,0.005105379460867088,99810.04033066212
2009-08-20,-0.00280992261602242,0.0,0.0,-0.00280992261602242,99529.58184103087
2009-08-21,0.014956160539929986,0.0,0.0,0.014956160539929986,101018.16224551742
2009-08-24,-0.013988309307461977,0.0,0.0,-0.013988309307461977,99605.08894635575
2009-08-25,0.004548471030938472,0.0,0.0,0.004548471030938472,100058.1398079623
2009-08-26,0.00032340209795167496,0.0,0.0,0.00032340209795167496,100090.49882029333
2009-08-27,0.00431082575635533,0.0,0.0,0.00431082575635533,100521.9715205743
2009-08-28,0.0072969233540192135,0.0,0.0,0.0072969233540192135,101255.47264215483
2009-08-31,-0.005006937327699745,0.0,0.0,-0.005006937327699745,100748.49283654895
2009-09-01,0.0053533189703585116,0.0,0.0,0.0053533189703585116,101287.83165448587
2009-09-02,0.02438765578609936,0.0,0.0,0.02438765578609936,103758.00442819585
2009-09-03,0.013203000424498734,0.0,0.0,0.013203000424498734,105127.92140470646
2009-09-04,0.0007182402573546742,0.0,0.0,0.0007182402573546742,105203.42851003133
2009-09-08,-0.0010253099084660544,0.0,0.0,-0.0010253099084660544,105095.56239237539
2009-09-09,-0.003592307020679697,0.0,0.0,-0.003592307020679697,104718.02686575097
2009-09-10,0.006386434955640841,0.0,0.0,0.006386434955640841,105386.80173301217
2009-09-11,0.011054266783926403,0.0,0.0,0.011054266783926403,106551.77555487363
2009-09-14,-0.008301272574991025,0.0,0.0,-0.008301272574991025,105667.26022264337
2009-09-15,0.009595778380884434,0.0,0.0,0.009595778380884434,106681.2198338551
2009-09-16,0.010212357134961048,0.0,0.0,0.010212357134961048,107770.68655039172
2009-09-17,-0.005705207720204775,0.0,0.0,-0.005705207720204775,107155.83239747267
2009-09-18,-0.006744495607452938,0.0,0.0,-0.006744495607452938,106433.12035655495
2009-09-21,-0.0031417610656380157,0.0,0.0,-0.0031417610656380157,106098.73292292435
2009-09-22,0.013318397219040934,0.0,0.0,0.013318397219040934,107511.79799242881
2009-09-23,-0.00842777519135518,0.0,0.0,-0.00842777519135518,106605.71272853023
2009-09-24,-0.012951520343842282,0.0,0.0,-0.012951520343842282,105225.00667135685
2009-09-25,-0.005638165397759964,0.0,0.0,-0.005638165397759964,104631.73067976335
2009-09-28,0.0005154953789463512,0.0,0.0,0.0005154953789463512,104685.66785341993
2009-09-29,0.003915479046562531,0.0,0.0,0.003915479046562531,105095.5623923754
2009-09-30,0.014574547516139846,0.0,0.0,0.014574547516139846,106627.28266019851
2009-10-01,-0.009711675258386454,0.0,0.0,-0.009711675258386454,105591.7531173185
2009-10-02,0.004903497394284084,0.0,0.0,0.004903497394284084,106109.52200358716
2009-10-05,0.014740234906545746,0.0,0.0,0.014740234906545746,107673.60128374133
2009-10-06,0.024644350751287458,0.0,0.0,0.024644350751287458,110327.14728043211
2009-10-07,0.0007821845131941174,0.0,0.0,0.0007821845131941174,110413.44346641975
2009-10-08,0.01250487272044265,0.0,0.0,0.01250487272044265,111794.14952359312
2009-10-09,-0.007719056893758736,0.0,0.0,-0.007719056893758736,110931.20412303114
2009-10-12,0.007001178980379441,0.0,0.0,0.007001178980379441,111707.85333760548
2009-10-13,0.006759410912892783,0.0,0.0,0.006759410912892783,112462.93262051152
2009-10-14,-0.0007673300346777712,0.0,0.0,-0.0007673300346777712,112376.63643452387
2009-10-15,-0.012670375225163455,0.0,0.0,-0.012670375225163455,110952.78228435668
2009-10-16,0.0031110217083940572,0.0,0.0,0.0031110217083940572,111297.95879865003
2009-10-19,0.010176420320335389,0.0,0.0,0.010176420320335389,112430.57360818048
2009-10-20,-0.0077713245888942906,0.0,0.0,-0.0077713245888942906,111556.83912695573
2009-10-21,0.0031908899332562246,0.0,0.0,0.0031908899332562246,111912.80472191183
2009-10-22,0.0016385365681477193,0.0,0.0,0.0016385365681477193,112096.17794489267
2009-10-23,-0.004137801315938661,0.0,0.0,-0.004137801315938661,111632.3462322806
2009-10-26,-0.015750287825531006,0.0,0.0,-0.015750287825531006,109874.10464848284
2009-10-27,-9.819493589768857e-05,0.0,0.0,-9.819493589768857e-05,109863.31556782007
2009-10-28,-0.01099651579741634,0.0,0.0,-0.01099651579741634,108655.20188262202
2009-10-29,0.019457947177142998,0.0,0.0,0.019457947177142998,110769.40906137587
2009-10-30,-0.0015581230724057704,0.0,0.0,-0.0015581230724057704,110596.81668940058
2009-11-02,0.01384958729982988,0.0,0.0,0.01384958729982988,112128.53695722371
2009-11-03,0.024146245405665567,0.0,0.0,0.024146245405665567,114836.02012757109
2009-11-04,0.0060116418857059095,0.0,0.0,0.0060116418857059095,115526.37315615774
2009-11-05,-0.0011204026040811943,0.0,0.0,-0.0011204026040811943,115396.93710683355
2009-11-06,0.004206365060027029,0.0,0.0,0.004206365060027029,115882.33875111387
2009-11-09,0.007074393875747154,0.0,0.0,0.007074393875747154,116702.13605868201
2009-11-10,0.0018485714366307526,0.0,0.0,0.0018485714366307526,116917.86829399389
2009-11-11,0.011163383073034883,0.0,0.0,0.011163383073034883,118223.06724584238
2009-11-12,-0.012682476359492378,0.0,0.0,-0.012682476359492378,116723.7059903503
2009-11-13,0.014139162667421212,0.0,0.0,0.014139162667421212,118374.0814564921
2009-11-16,0.017222520743937597,0.0,0.0,0.017222520743937597,120412.78152992109
2009-11-17,0.0030458118395659817,0.0,0.0,0.0030458118395659817,120779.53620554
2009-11-18,0.0025006588929563645,0.0,0.0,0.0025006588929563645,121081.56462683955
2009-11-19,0.00044546148559287957,0.0,0.0,0.00044546148559287957,121135.50180049613
2009-11-20,0.005699014890974352,0.0,0.0,0.005699014890974352,121825.85482908282
2009-11-23,0.011953235744097679,0.0,0.0,0.011953235744097679,123282.06799158106
2009-11-24,0.0038498769610777472,0.0,0.0,0.0038498769610777472,123756.68878485585
2009-11-25,0.016473453624580747,0.0,0.0,0.016473453624580747,125795.38885828484
2009-11-27,-0.013376823454362308,0.0,0.0,-0.013376823454362308,124112.64615015472
2009-11-30,0.00504086427395678,0.0,0.0,0.00504086427395678,124738.28115407928
2009-12-01,0.015046678251066092,0.0,0.0,0.015046678251066092,126615.17793619572
2009-12-02,0.015334836376522443,0.0,0.0,0.015334836376522443,128556.80097263155
2009-12-03,-0.004027549552814813,0.0,0.0,-0.004027549552814813,128039.03208636293
2009-12-04,-0.04170174452827147,0.0,0.0,-0.04170174452827147,122699.58108065027
2009-12-07,-0.005626368260645553,0.0,0.0,-0.005626368260645553,122009.2280520636
2009-12-08,-0.019096487052018274,0.0,0.0,-0.019096487052018274,119679.28040834062
2009-12-09,-0.0009914431129086632,0.0,0.0,-0.0009914431129086632,119560.62521002191
2009-12-10,-0.00018040999392898716,0.0,0.0,-0.00018040999392898716,119539.05527835363
2009-12-11,-0.013535462950105548,0.0,0.0,-0.013535462950105548,117921.03882454286
2009-12-14,0.008415643720394606,0.0,0.0,0.008415643720394606,118913.42027442904
2009-12-15,-0.0002721224589820048,0.0,0.0,-0.0002721224589820048,118881.06126209801
2009-12-16,0.012521524951290885,0.0,0.0,0.012521524951290885,120369.63343692731
2009-12-17,-0.038085851236441925,0.0,0.0,-0.038085851236441925,115785.25348446345
2009-12-18,0.014999074578720295,0.0,0.0,0.014999074578720295,117521.92513659294
2009-12-21,-0.018357045030025332,0.0,0.0,-0.018357045030025332,115364.56986484525
2009-12-22,-0.007293116424064494,0.0,0.0,-0.007293116424064494,114523.2026256088
2009-12-23,0.0035792115415484993,0.0,0.0,0.0035792115415484993,114933.10539422148
2009-12-24,0.01698730649228164,0.0,0.0,0.01698730649228164,116885.50928166283
2009-12-28,0.0017534370647473985,0.0,0.0,0.0017534370647473985,117090.46066596918
2009-12-29,-0.009949348693612858,0.0,0.0,-0.009949348693612858,115925.48684410768
2009-12-30,-0.005024666505943243,0.0,0.0,-0.005024666505943243,115342.99993317694
2009-12-31,0.0035537010411810233,0.0,0.0,0.0035537010411810233,115752.89447213242
2010-01-04,0.02320385378635792,0.0,0.0,0.02320385378635792,118438.8077108115
2010-01-05,-0.0009108023746452476,0.0,0.0,-0.0009108023746452476,118330.93336349833
2010-01-06,0.01649959196299955,0.0,0.0,0.01649959196299955,120283.34548059695
2010-01-07,-0.006187807624317809,0.0,0.0,-0.006187807624317809,119539.05527835367
2010-01-08,0.0049630306196752905,0.0,0.0,0.0049630306196752905,120132.3312699472
2010-01-11,0.013288997854356888,0.0,0.0,0.013288997854356888,121728.76956243241
2010-01-12,-0.020912721685971247,0.0,0.0,-0.020912721685971247,119183.08968339754
2010-01-13,0.00950315025847348,0.0,0.0,0.00950315025847348,120315.704492928
2010-01-14,0.004393023666376061,0.0,0.0,0.004393023666376061,120844.25423020213
2010-01-15,-0.01044361493969348,0.0,0.0,-0.01044361493969348,119582.20337134748
2010-01-19,0.005953418988644765,0.0,0.0,0.005953418988644765,120294.12633160244
2010-01-20,-0.023134812404252192,0.0,0.0,-0.023134812404252192,117511.1442855874
2010-01-21,-0.014411599592799917,0.0,0.0,-0.014411599592799917,115817.62072645176
2010-01-22,-0.001862760291706178,0.0,0.0,-0.001862760291706178,115601.88026148264
2010-01-25,0.002892648999578862,0.0,0.0,0.002892648999578862,115936.27592477045
2010-01-26,0.0007442705541653716,0.0,0.0,0.0007442705541653716,116022.56388110084
2010-01-27,-0.009576039444736839,0.0,0.0,-0.009576039444736839,114911.52723289593
2010-01-28,-0.0004693083914030227,0.0,0.0,-0.0004693083914030227,114857.5982888966
2010-01-29,-0.004883586176437471,0.0,0.0,-0.004883586176437471,114296.68130963414
2010-02-01,0.02255567582388429,0.0,0.0,0.02255567582388429,116874.72020100005
2010-02-02,0.007198881313165595,0.0,0.0,0.007198881313165595,117716.0874402365
2010-02-03,-0.003940257637661482,0.0,0.0,-0.003940257637661482,117252.25572762448
2010-02-04,-0.03983435439949368,0.0,0.0,-0.03983435439949368,112581.58781883023
2010-02-05,0.002970178695371306,0.0,0.0,0.002970178695371306,112915.9752524608
2010-02-08,-0.006113864996012963,0.0,0.0,-0.006113864996012963,112225.62222387412
2010-02-09,0.01316803858637372,0.0,0.0,0.01316803858637372,113703.41354769788
2010-02-10,-0.002751170718643836,0.0,0.0,-0.002751170718643836,113390.5960457356
2010-02-11,0.01912095181048934,0.0,0.0,0.01912095181048934,115558.73216848877
2010-02-12,-0.0008400666498452614,0.0,0.0,-0.0008400666498452614,115461.65513149562
2010-02-16,0.02410315591356138,0.0,0.0,0.02410315591356138,118244.64540716792
2010-02-17,-0.0033753214496574646,0.0,0.0,-0.0033753214496574646,117845.53171921796
2010-02-18,0.006681952923877299,0.0,0.0,0.006681952923877299,118632.97001445507
2010-02-19,-0.004637226047132237,0.0,0.0,-0.004637226047132237,118082.84211585538
2010-02-22,-0.0036539830220012615,0.0,0.0,-0.0036539830220012615,117651.36941557439
2010-02-23,-0.010818743086801086,0.0,0.0,-0.010818743086801086,116378.52947605695
2010-02-24,-0.004912399502225995,0.0,0.0,-0.004912399502225995,115806.83164578897
2010-02-25,0.008848704758209536,0.0,0.0,0.008848704758209536,116831.57210800624
2010-02-26,0.010340714355349556,0.0,0.0,0.010340714355349556,118039.69402286154
2010-03-01,0.0,0.0,0.0,0.0,118039.69402286154
2010-03-02,0.01452980291927708,0.0,0.0,0.01452980291927708,119754.78751366548
2010-03-03,0.005494511158316229,0.0,0.0,0.005494511158316229,120412.78152992109
2010-03-04,-0.007166491463286184,0.0,0.0,-0.007166491463286184,119549.84435901637
2010-03-05,-0.00018049510178119732,0.0,0.0,-0.00018049510178119732,119528.26619769086
2010-03-08,-0.0083927472761115,0.0,0.0,-0.0083927472761115,118525.09566714187
2010-03-09,-0.0014560978951048131,0.0,0.0,-0.0014560978951048131,118352.51152482384
2010-03-10,-0.011392635673468599,0.0,0.0,-0.011392635673468599,117004.16447998154
2010-03-11,0.0011984627266063974,0.0,0.0,0.0011984627266063974,117144.38960996854
2010-03-12,-0.0059852811695368935,0.0,0.0,-0.0059852811695368935,116443.24750071911
2010-03-15,0.003798088686430834,0.0,0.0,0.003798088686430834,116885.50928166286
2010-03-16,0.01882614344810607,0.0,0.0,0.01882614344810607,119086.01264640437
2010-03-17,-0.0073370034129791595,0.0,0.0,-0.0073370034129791595,118212.27816517962
2010-03-18,0.006843690346403308,0.0,0.0,0.006843690346403308,119021.286392085
2010-03-19,-0.018669545286964517,0.0,0.0,-0.018669545286964517,116799.21309567521
2010-03-22,-0.004894706180937014,0.0,0.0,-0.004894706180937014,116227.51526540722
2010-03-23,0.005290020369598247,0.0,0.0,0.005290020369598247,116842.36118866902
2010-03-24,-0.01864841810152762,0.0,0.0,-0.01864841810152762,114663.43598525302
2010-03-25,0.004515481785126285,0.0,0.0,0.004515481785126285,115181.19664186442
2010-03-26,0.016950717168810137,0.0,0.0,0.016950717168810137,117133.60052930577
2010-03-29,0.0014734659499526792,0.0,0.0,0.0014734659499526792,117306.19290128106
2010-03-30,-0.007172402568247138,0.0,0.0,-0.007172402568247138,116464.82566204462
2010-03-31,0.009076555677125953,0.0,0.0,0.009076555677125953,117521.92513659292
2010-04-01,0.012023912112733903,0.0,0.0,0.012023912112733903,118934.99843575462
2010-04-05,0.0057137424379836155,0.0,0.0,0.0057137424379836155,119614.5623836785
2010-04-06,0.0012625069025071767,0.0,0.0,0.0012625069025071767,119765.57659432827
2010-04-07,0.013149591106227154,0.0,0.0,0.013149591106227154,121340.44495514523
2010-04-08,0.0014223812352025522,0.0,0.0,0.0014223812352025522,121513.03732712056
2010-04-09,0.008788263207809122,0.0,0.0,0.008788263207809122,122580.92588233162
2010-04-12,-0.0055437984583035504,0.0,0.0,-0.0055437984583035504,121901.36193440773
2010-04-13,-0.002831605068359333,0.0,0.0,-0.002831605068359333,121556.18542011434
2010-04-14,0.0030170940680156466,0.0,0.0,0.0030170940680156466,121922.93186607599
2010-04-15,0.005485293756329668,0.0,0.0,0.005485293756329668,122591.71496299439
2010-04-16,-0.021205487283346924,0.0,0.0,-0.021205487283346924,119992.09791030292
2010-04-19,-0.0008090285834131405,0.0,0.0,-0.0008090285834131405,119895.02087330977
2010-04-20,0.002789001838399141,0.0,0.0,0.002789001838399141,120229.40830694033
2010-04-21,0.00762604056256011,0.0,0.0,0.00762604056256011,121146.28265150166
2010-04-22,-0.004184856476894927,0.0,0.0,-0.004184856476894927,120639.30284589579
2010-04-23,0.012070870419532032,0.0,0.0,0.012070870419532032,122095.52423805128
2010-04-26,-0.0038872906786445727,0.0,0.0,-0.0038872906786445727,121620.90344477647
2010-04-27,0.016674033289737933,0.0,0.0,0.016674033289737933,123648.81443754268
2010-04-28,-0.0027915877387377774,0.0,0.0,-0.0027915877387377774,123303.63792324936
2010-04-29,-0.0002624335573230274,0.0,0.0,-0.0002624335573230274,123271.27891091829
2010-04-30,0.009450488647102961,0.0,0.0,0.009450488647102961,124436.25273277979
2010-05-03,0.003207374693346088,0.0,0.0,0.003207374693346088,124835.36642072973
2010-05-04,-0.007431094663491344,0.0,0.0,-0.007431094663491344,123907.70299550564
2010-05-05,0.0019151526599499036,0.0,0.0,0.0019151526599499036,124145.00516248577
2010-05-06,0.02954211168707399,0.0,0.0,0.02954211168707399,127812.51077038828
2010-05-07,-0.0018567071032953297,0.0,0.0,-0.0018567071032953297,127575.2003737509
2010-05-10,-0.00591863505631729,0.0,0.0,-0.00591863505631729,126820.1293205021
2010-05-11,0.026282248662974128,0.0,0.0,0.026282248662974128,130153.24749477408
2010-05-12,0.006132917630615964,0.0,0.0,0.006132917630615964,130951.46664101671
2010-05-13,-0.0069193077160388805,0.0,0.0,-0.0069193077160388805,130045.37314746092
2010-05-14,-0.0015759357652556094,0.0,0.0,-0.0015759357652556094,129840.42999281183
2010-05-17,-0.008390812604340159,0.0,0.0,-0.008390812604340159,128750.9632762752
2010-05-18,0.0010891190746749047,0.0,0.0,0.0010891190746749047,128891.18840626217
2010-05-19,-0.023935062862853518,0.0,0.0,-0.023935062862853518,125806.16970929039
2010-05-20,-0.006773565413114024,0.0,0.0,-0.006773565413114024,124954.01338939118
2010-05-21,-0.005352167962601184,0.0,0.0,-0.005352167962601184,124285.23852213005
2010-05-24,0.014060016490404337,0.0,0.0,0.014060016490404337,126032.69102526504
2010-05-25,0.0044505673464516615,0.0,0.0,0.0044505673464516615,126593.60800452753
2010-05-26,0.009458082861100836,0.0,0.0,0.009458082861100836,127790.94083872007
2010-05-27,0.0018570204983223704,0.0,0.0,0.0018570204983223704,128028.25123535749
2010-05-28,0.0016007650863898437,0.0,0.0,0.0016007650863898437,128233.1943900066
2010-06-01,0.00866425330155196,0.0,0.0,0.00866425330155196,129344.23926786878
2010-06-02,-0.0010841871306987994,0.0,0.0,-0.0010841871306987994,129204.00590822451
2010-06-03,-0.015194520899751374,0.0,0.0,-0.015194520899751374,127240.81294012039
2010-06-04,0.010427292018311718,0.0,0.0,0.010427292018311718,128567.5900532944
2010-06-07,0.01929688208114566,0.0,0.0,0.01929688208114566,131048.54367800991
2010-06-08,-0.0040332362530697274,0.0,0.0,-0.0040332362530697274,130519.99394073577
2010-06-09,-0.0036363838132746906,0.0,0.0,-0.0036363838132746906,130045.37314746097
2010-06-10,-0.013188423773133229,0.0,0.0,-0.013188423773133229,128330.279656657
2010-06-11,0.008741707193883563,0.0,0.0,0.008741707193883563,129452.1053855247
2010-06-14,-0.003416412422390991,0.0,0.0,-0.003416412422390991,129009.84360458092
2010-06-15,0.011622068623597714,0.0,0.0,0.011622068623597714,130509.20486007296
2010-06-16,-0.0054549635868080815,0.0,0.0,-0.0054549635868080815,129797.28189981799
2010-06-17,0.013047450103329528,0.0,0.0,0.013047450103329528,131490.80545895366
2010-06-18,0.007629206673785971,0.0,0.0,0.007629206673785971,132493.97598950262
2010-06-21,-0.019864873443235065,0.0,0.0,-0.019864873443235065,129861.99992448011
2010-06-22,0.008804697765327107,0.0,0.0,0.008804697765327107,131005.3955850161
2010-06-23,-0.004116920646882183,0.0,0.0,-0.004116920646882183,130466.05676707916
2010-06-24,0.0028938082872822513,0.0,0.0,0.0028938082872822513,130843.60052336077
2010-06-25,0.012036265851120609,0.0,0.0,0.012036265851120609,132418.46888417777
2010-06-28,-0.013603826729219226,0.0,0.0,-0.013603826729219226,130617.0709777289
2010-06-29,0.0014865002115740378,0.0,0.0,0.0014865002115740378,130811.23328137248
2010-06-30,0.0033809159186846127,0.0,0.0,0.0033809159186846127,131253.49506231621
2010-07-01,-0.0381328022519003,0.0,0.0,-0.0381328022519003,126248.43149023414
2010-07-02,0.01238890069121501,0.0,0.0,0.01238890069121501,127812.51077038831
2010-07-06,-0.01671023515263692,0.0,0.0,-0.01671023515263692,125676.7336599662
2010-07-07,0.010471214473729118,0.0,0.0,0.010471214473729118,126992.72169247741
2010-07-08,-0.004416922259692702,0.0,0.0,-0.004416922259692702,126431.80471321495
2010-07-09,0.009811462629993661,0.0,0.0,0.009811462629993661,127672.28564040131
2010-07-12,-0.00861781232849812,0.0,0.0,-0.00861781232849812,126572.02984320193
2010-07-13,0.008692724597704427,0.0,0.0,0.008692724597704427,127672.28564040131
2010-07-14,-0.000506907386654043,0.0,0.0,-0.000506907386654043,127607.56761573919
2010-07-15,-0.0005917133813899689,0.0,0.0,-0.0005917133813899689,127532.06051041432
2010-07-16,-0.013194664160489311,0.0,0.0,-0.013194664160489311,125849.3178022842
2010-07-19,-0.008056868318884858,0.0,0.0,-0.008056868318884858,124835.36642072973
2010-07-20,0.00794952166473073,0.0,0.0,0.00794952166473073,125827.7478706159
2010-07-21,-0.006858148660892516,0.0,0.0,-0.006858148660892516,124964.80247005392
2010-07-22,0.008718188601928079,0.0,0.0,0.008718188601928079,126054.26918659055
2010-07-23,-0.006589117477659223,0.0,0.0,-0.006589117477659223,125223.68279835963
2010-07-26,-0.004909981159489263,0.0,0.0,-0.004909981159489263,124608.83687509783
2010-07-27,-0.017399537441525448,0.0,0.0,-0.017399537441525448,122440.70075234464
2010-07-28,0.0023786154346323585,0.0,0.0,0.0023786154346323585,122731.94009298136
2010-07-29,0.004482353152593488,0.0,0.0,0.004482353152593488,123282.06799158106
2010-07-30,0.010499579478777887,0.0,0.0,0.010499579478777887,124576.47786276675
2010-08-02,0.0004329643491447488,0.0,0.0,0.0004329643491447488,124630.41503642336
2010-08-03,0.00389472861932183,0.0,0.0,0.00389472861932183,125115.81668070369
2010-08-04,0.006293675061456616,0.0,0.0,0.006293675061456616,125903.25497594081
2010-08-05,0.0022275713974577727,0.0,0.0,0.0022275713974577727,126183.71346557204
2010-08-06,0.007351623835511356,0.0,0.0,0.007351623835511356,127111.36866113888
2010-08-09,-0.0037338325329719924,0.0,0.0,-0.0037338325329719924,126636.75609752131
2010-08-10,0.0028109184562654654,0.0,0.0,0.0028109184562654654,126992.72169247744
2010-08-11,-0.0033127240968519045,0.0,0.0,-0.0033127240968519045,126572.02984320198
2010-08-12,0.012186810548876936,0.0,0.0,0.012186810548876936,128114.53919168787
2010-08-13,-0.00025257876690054637,0.0,0.0,-0.00025257876690054637,128082.1801793568
2010-08-16,0.008337590626369407,0.0,0.0,0.008337590626369407,129150.07696422515
2010-08-17,0.00016701447010558645,0.0,0.0,0.00016701447010558645,129171.64689589344
2010-08-18,0.003924853617562674,0.0,0.0,0.003924853617562674,129678.62670149932
2010-08-19,0.001414058952080799,0.0,0.0,0.001414058952080799,129861.99992448013
2010-08-20,-0.00348864665731885,0.0,0.0,-0.00348864665731885,129408.95729253086
2010-08-23,-0.0015837495996745554,0.0,0.0,-0.0015837495996745554,129204.00590822451
2010-08-24,0.004842226055815635,0.0,0.0,0.004842226055815635,129829.64091214909
2010-08-25,0.008308408066874051,0.0,0.0,0.008308408066874051,130908.31854802294
2010-08-26,-0.0032959914623202913,0.0,0.0,-0.0032959914623202913,130476.84584774195
2010-08-27,0.00041338502096799346,0.0,0.0,0.00041338502096799346,130530.78302139856
2010-08-30,-0.0008263653611750854,0.0,0.0,-0.0008263653611750854,130422.91690374262
2010-08-31,0.009676603535758055,0.0,0.0,0.009676603535758055,131684.96776259723
2010-09-01,-0.0031946214269242823,0.0,0.0,-0.0031946214269242823,131264.284142979
2010-09-02,0.004930548624239028,0.0,0.0,0.004930548624239028,131911.4890785719
2010-09-03,-0.0035162343769447046,0.0,0.0,-0.0035162343769447046,131447.65736595987
2010-09-07,0.006893125994447802,0.0,0.0,0.006893125994447802,132353.74262985843
2010-09-08,8.15170047205882e-05,0.0,0.0,8.15170047205882e-05,132364.53171052117
2010-09-09,-0.00937170185363001,0.0,0.0,-0.00937170185363001,131124.05078333482
2010-09-10,0.0013985340716866634,0.0,0.0,0.0013985340716866634,131307.4322359729
2010-09-13,-0.0009036441905698744,0.0,0.0,-0.0009036441905698744,131188.77703765422
2010-09-14,0.019733545817172793,0.0,0.0,0.019733545817172793,133777.59678002563
2010-09-15,-0.0006450105130255679,0.0,0.0,-0.0006450105130255679,133691.30882369523
2010-09-16,0.0055671679717606,0.0,0.0,0.0055671679717606,134435.59079628123
2010-09-17,-0.0007221081591425316,0.0,0.0,-0.0007221081591425316,134338.51375928812
2010-09-20,0.002649765767053003,0.0,0.0,0.002649765767053003,134694.47935424425
2010-09-21,0.009129489585757655,0.0,0.0,0.009129489585757655,135924.1712007679
2010-09-22,0.0015077756431296496,0.0,0.0,0.0015077756431296496,136129.11435541697
2010-09-23,0.0007924414099360622,0.0,0.0,0.0007924414099360622,136236.98870273013
2010-09-24,0.0030878810785825994,0.0,0.0,0.0030878810785825994,136657.67232234834
2010-09-27,0.00023678884457178917,0.0,0.0,0.00023678884457178917,136690.03133467943
2010-09-28,0.008917276219480907,0.0,0.0,0.008917276219480907,137908.93410054027
2010-09-29,0.0007821546759059217,0.0,0.0,0.0007821546759059217,138016.8002181962
2010-09-30,-0.0003125696528856192,0.0,0.0,-0.0003125696528856192,137973.6603548596
2010-10-01,0.00781799680532913,0.0,0.0,0.00781799680532913,139052.33799073347
2010-10-04,-0.0034907837674234,0.0,0.0,-0.0034907837674234,138566.93634645315
2010-10-05,0.01969483611294076,0.0,0.0,0.01969483611294076,141295.98944846884
2010-10-06,0.0062599590124643445,0.0,0.0,0.0062599590124643445,142180.49655104187
2010-10-07,-0.01092483474757766,0.0,0.0,-0.01092483474757766,140627.1981218932
2010-10-08,0.009894980388411412,0.0,0.0,0.009894980388411412,142018.70148938659
2010-10-11,0.004784973465747688,0.0,0.0,0.004784973465747688,142698.25720765322
2010-10-12,-0.0024944182403267012,0.0,0.0,-0.0024944182403267012,142342.30807201163
2010-10-13,0.01598969765837266,0.0,0.0,0.01598969765837266,144618.31854207802
2010-10-14,0.00507192241838883,0.0,0.0,0.00507192241838883,145351.81143400128
2010-10-15,-0.007940685151901716,0.0,0.0,-0.007940685151901716,144197.6184631453
2010-10-18,0.004488376244684789,0.0,0.0,0.004488376244684789,144844.8316283954
2010-10-19,-0.03105449960421236,0.0,0.0,-0.03105449960421236,140346.7478619192
2010-10-20,0.00929987478434402,0.0,0.0,0.00929987478434402,141651.95504342494
2010-10-21,-0.014087770334554661,0.0,0.0,-0.014087770334554661,139656.3948333325
2010-10-22,0.002008144777821741,0.0,0.0,0.002008144777821741,139936.84509330647
2010-10-25,0.008633395612906769,0.0,0.0,0.008633395612906769,141144.97523781905
2010-10-26,0.00022926081694740752,0.0,0.0,0.00022926081694740752,141177.33425015007
2010-10-27,-0.010391202319783521,0.0,0.0,-0.010391202319783521,139710.33200698908
2010-10-28,0.013279811333891667,0.0,0.0,0.013279811333891667,141565.65885743726
2010-10-29,0.010515007362563056,0.0,0.0,0.010515007362563056,143054.22280260932
2010-11-01,-0.0052782157594233325,0.0,0.0,-0.0052782157594233325,142299.15174936052
2010-11-02,0.004320856065270329,0.0,0.0,0.004320856065270329,142914.00590227958
2010-11-03,-0.00694390618764662,0.0,0.0,-0.00694390618764662,141921.62445239336
2010-11-04,0.03389823825188132,0.0,0.0,0.03389823825188132,146732.51749117463
2010-11-05,0.00257300673863492,0.0,0.0,0.00257300673863492,147110.06124745627
2010-11-08,0.010265389693213,0.0,0.0,0.010265389693213,148620.20335395384
2010-11-09,-0.015894922781312437,0.0,0.0,-0.015894922781312437,146257.8966978998
2010-11-10,0.012169106865093537,0.0,0.0,0.012169106865093537,148037.72467268034
2010-11-11,0.003060318800163886,0.0,0.0,0.003060318800163886,148490.76730462964
2010-11-12,-0.0288391770673464,0.0,0.0,-0.0288391770673464,144208.4157734653
2010-11-15,-0.009499620384983976,0.0,0.0,-0.009499620384983976,142838.49056729744
2010-11-16,-0.010949984657092626,0.0,0.0,-0.010949984657092626,141274.41128714327
2010-11-17,-0.004504820435149881,0.0,0.0,-0.004504820435149881,140637.99543221318
2010-11-18,0.013115442483800255,0.0,0.0,0.013115442483800255,142482.5249723413
2010-11-19,0.0008327701824608624,0.0,0.0,0.0008327701824608624,142601.18017066002
2010-11-22,0.009682290535891758,0.0,0.0,0.009682290535891758,143981.8862278334
2010-11-23,0.006967395597379689,0.0,0.0,0.006967395597379689,144985.06498803964
2010-11-24,-0.0017112638945114833,0.0,0.0,-0.0017112638945114833,144736.95728108223
2010-11-26,-0.007974304097743579,0.0,0.0,-0.007974304097743579,143582.78076954075
2010-11-29,0.0030049875640467683,0.0,0.0,0.0030049875640467683,144014.24524016448
2010-11-30,0.014306072509137735,0.0,0.0,0.014306072509137735,146074.52347491903
2010-12-01,-0.00029532777044438685,0.0,0.0,-0.00029532777044438685,146031.38361158245
2010-12-02,-0.0013296493431664835,0.0,0.0,-0.0013296493431664835,145837.2130782816
2010-12-03,0.021227887875435947,0.0,0.0,0.021227887875435947,148933.02908557345
2010-12-06,0.007532362069704757,0.0,0.0,0.007532362069704757,150054.84658478384
2010-12-07,-0.018762134993171364,0.0,0.0,-0.018762134993171364,147239.49729678052
2010-12-08,-0.012527521713312728,0.0,0.0,-0.012527521713312728,145394.95129733786
2010-12-09,0.004303003634872571,0.0,0.0,0.004303003634872571,146020.58630126243
2010-12-10,0.0002955495779344286,0.0,0.0,0.0002955495779344286,146063.7426239135
2010-12-13,0.004726381894541776,0.0,0.0,0.004726381894541776,146754.09565250017
2010-12-14,0.0009554547674208713,0.0,0.0,0.0009554547674208713,146894.31255282988
2010-12-15,-0.010867938075622141,0.0,0.0,-0.010867938075622141,145297.87426034466
2010-12-16,-0.006607271045376617,0.0,0.0,-0.006607271045376617,144337.8518227895
2010-12-17,0.002914575867006164,0.0,0.0,0.002914575867006164,144758.53544240774
2010-12-20,0.006780951436685445,0.0,0.0,0.006780951436685445,145740.1360412884
2010-12-21,0.0015543387826104649,0.0,0.0,0.0015543387826104649,145966.6655869203
2010-12-22,-0.0019953019350200663,0.0,0.0,-0.0019953019350200663,145675.4180166263
2010-12-23,-0.0028878147414700406,0.0,0.0,-0.0028878147414700406,145254.73439700805
2010-12-27,0.0026734041330853664,0.0,0.0,0.0026734041330853664,145643.05900429524
2010-12-28,0.01629385926993998,0.0,0.0,0.01629385926993998,148016.1465113548
2010-12-29,0.0035709480309356056,0.0,0.0,0.0035709480309356056,148544.7044782862
2010-12-30,-0.004937970382814849,0.0,0.0,-0.004937970382814849,147811.19512704844
2010-12-31,0.012333083678473855,0.0,0.0,0.012333083678473855,149634.16296516554
2011-01-03,-0.005190320172774543,0.0,0.0,-0.005190320172774543,148857.5137505912
2011-01-04,-0.023550724637681153,0.0,0.0,-0.023550724637681153,145351.8114340012
2011-01-05,-0.0028200733418367596,0.0,0.0,-0.0028200733418367596,144941.9086653885
2011-01-06,-0.004018704366714254,0.0,0.0,-0.004018704366714254,144359.429984115
2011-01-07,-0.0018680415196855593,0.0,0.0,-0.0018680415196855593,144089.76057514653
2011-01-10,0.004042471019095828,0.0,0.0,0.004042471019095828,144672.23925642
2011-01-11,0.0058903114649804245,0.0,0.0,0.0058903114649804245,145524.4038059765
2011-01-12,0.004076814445393762,0.0,0.0,0.004076814445393762,146117.67979757
2011-01-13,-0.010409003338437195,0.0,0.0,-0.010409003338437195,144596.7403807524
2011-01-14,-0.010145472431108082,0.0,0.0,-0.010145472431108082,143129.73813759137
2011-01-18,0.00557683488401306,0.0,0.0,0.00557683488401306,143927.94905417677
2011-01-19,0.0021734884271975563,0.0,0.0,0.0021734884271975563,144240.7747857963
2011-01-20,-0.01884538026814475,0.0,0.0,-0.01884538026814475,141522.50253478612
2011-01-21,-0.001295717781246375,0.0,0.0,-0.001295717781246375,141339.12931180533
2011-01-24,-0.005113318897864261,0.0,0.0,-0.005113318897864261,140616.41727088758
2011-01-25,-0.0019944346856293205,0.0,0.0,-0.0019944346856293205,140335.9670109136
2011-01-26,0.00814755963770164,0.0,0.0,0.00814755963770164,141479.36267144955
2011-01-27,-0.024626435397597568,0.0,0.0,-0.024626435397597568,137995.2302865278
2011-01-28,0.01836940880571558,0.0,0.0,0.01836940880571558,140530.1210848999
2011-01-31,-0.003147095992869553,0.0,0.0,-0.003147095992869553,140087.85930395615
2011-02-01,0.007161068526499337,0.0,0.0,0.007161068526499337,141091.0380641624
2011-02-02,-0.002675887579124292,0.0,0.0,-0.002675887579124292,140713.49430788073
2011-02-03,0.013415101885317249,0.0,0.0,0.013415101885317249,142601.18017065997
2011-02-04,-0.004084669429638699,0.0,0.0,-0.004084669429638699,142018.70148938647
2011-02-07,0.00015182297672700074,0.0,0.0,0.00015182297672700074,142040.26319139748
2011-02-08,0.011087536414601473,0.0,0.0,0.011087536414601473,143615.1397818717
2011-02-09,-0.0005257027621342614,0.0,0.0,-0.0005257027621342614,143539.64090620406
2011-02-10,-0.0016532742811616874,0.0,0.0,-0.0016532742811616874,143302.33050956664
2011-02-11,-0.003989452427152318,0.0,0.0,-0.003989452427152318,142730.63267929867
2011-02-14,0.004761106326723441,0.0,0.0,0.004761106326723441,143410.18839756533
2011-02-15,0.007672089476301602,0.0,0.0,0.007672089476301602,144510.4441947647
2011-02-16,0.0009704029381796264,0.0,0.0,0.0009704029381796264,144650.67755440893
2011-02-17,0.007009598358195257,0.0,0.0,0.007009598358195257,145664.62070630616
2011-02-18,0.002740005882498453,0.0,0.0,0.002740005882498453,146063.74262391336
2011-02-22,0.006498704676349387,0.0,0.0,0.006498704676349387,147012.96775114848
2011-02-23,0.008951509874549624,0.0,0.0,0.008951509874549624,148328.9557836597
2011-02-24,-0.0074903557591639025,0.0,0.0,-0.0074903557591639025,147217.9191354548
2011-02-25,0.006594440089741527,0.0,0.0,0.006594440089741527,148188.73888332996
2011-02-28,0.0020381334207675295,0.0,0.0,0.0020381334207675295,148490.7673046295
2011-03-01,0.01721629416053716,0.0,0.0,0.01721629416053716,151047.22803466985
2011-03-02,-0.0007855503200063785,0.0,0.0,-0.0007855503200063785,150928.57283635114
2011-03-03,-0.013078915487442111,0.0,0.0,-0.013078915487442111,148954.59078758425
2011-03-04,0.009124554993410916,0.0,0.0,0.009124554993410916,150313.7351427466
2011-03-07,0.0026551496302960054,0.0,0.0,0.0026551496302960054,150712.84060103926
2011-03-08,-0.0025765860807780427,0.0,0.0,-0.0025765860807780427,150324.5159937521
2011-03-09,0.0003588049048421915,0.0,0.0,0.0003588049048421915,150378.4531674087
2011-03-10,-0.011763857302689251,0.0,0.0,-0.011763857302689251,148609.42250294817
2011-03-11,0.0032662911685206186,0.0,0.0,0.0032662911685206186,149094.8241472285
2011-03-14,0.0046302950658096975,0.0,0.0,0.0046302950658096975,149785.1771758152
2011-03-15,-0.01865185313629869,0.0,0.0,-0.01865185313629869,146991.4060491374
2011-03-16,-0.00022014220559418707,0.0,0.0,-0.00022014220559418707,146959.04703680635
2011-03-17,0.005358159851040822,0.0,0.0,0.005358159851040822,147746.4771023862
2011-03-18,0.010221171672682772,0.0,0.0,0.010221171672682772,149256.61920888379
2011-03-21,0.005564821129095288,0.0,0.0,0.005564821129095288,150087.2055971147
2011-03-22,-0.0006468042136366092,0.0,0.0,-0.0006468042136366092,149990.12856012155
2011-03-23,0.009277189916009121,0.0,0.0,0.009277189916009121,151381.6154683004
2011-03-24,-0.007980583913447803,0.0,0.0,-0.007980583913447803,150173.50178310237
2011-03-25,0.00028726681354784844,0.0,0.0,0.00028726681354784844,150216.64164643892
2011-03-28,-0.005170194234553005,0.0,0.0,-0.005170194234553005,149439.99243186458
2011-03-29,-0.0023818867349306716,0.0,0.0,-0.0023818867349306716,149084.04329622295
2011-03-30,0.0033282065894868484,0.0,0.0,0.0033282065894868484,149580.22579150877
2011-03-31,0.008581542201770542,0.0,0.0,0.008581542201770542,150863.85481168897
2011-04-01,-0.004719030882519015,0.0,0.0,-0.004719030882519015,150151.92362177678
2011-04-04,0.004597696865513701,0.0,0.0,0.004597696865513701,150842.27665036346
2011-04-05,0.015803824168639347,0.0,0.0,0.015803824168639347,153226.16146774305
2011-04-06,0.002323138500281763,0.0,0.0,0.002323138500281763,153582.12706269915
2011-04-07,0.0009129766790669791,0.0,0.0,0.0009129766790669791,153722.3439630289
2011-04-08,0.008069673704311775,0.0,0.0,0.008069673704311775,154962.83311987252
2011-04-11,-0.007100127011412383,0.0,0.0,-0.007100127011412383,153862.5773226731
2011-04-12,-0.007220967356311059,0.0,0.0,-0.007220967356311059,152751.5406744682
2011-04-13,0.0020478305549249676,0.0,0.0,0.0020478305549249676,153064.34994677326
2011-04-14,0.013460209614263308,0.0,0.0,0.013460209614263308,155124.62818152778
2011-04-15,0.008622526348759818,0.0,0.0,0.008622526348759818,156462.19437536458
2011-04-18,0.006066801830465485,0.0,0.0,0.006066801830465485,157411.41950259966
2011-04-19,0.0,0.0,0.0,0.0,157411.41950259966
2011-04-20,0.0039060327062796496,0.0,0.0,0.0039060327062796496,158026.27365551874
2011-04-21,0.0016382627519730963,0.0,0.0,0.0016382627519730963,158285.16221348167
2011-04-25,0.0008858499329242875,0.0,0.0,0.0008858499329242875,158425.37911381142
2011-04-26,-0.0033362174076743134,0.0,0.0,-0.0033362174076743134,157896.83760619452
2011-04-27,0.0192648720546722,0.0,0.0,0.0192648720546722,160938.6999805152
2011-04-28,0.00415556560762953,0.0,0.0,0.00415556560762953,161607.49130709085
2011-04-29,0.01702034219935955,0.0,0.0,0.01702034219935955,164358.10611111755
2011-05-02,-0.012863368890775995,0.0,0.0,-0.012863368890775995,162243.90716202094
2011-05-03,-0.003523693679893136,0.0,0.0,-0.003523693679893136,161672.20933175297
2011-05-04,-0.01434486979737204,0.0,0.0,-0.01434486979737204,159353.0425390355
2011-05-05,-0.028836354362946848,0.0,0.0,-0.028836354362946848,154757.88173556613
2011-05-06,0.012755292503549676,0.0,0.0,0.012755292503549676,156731.86378433302
2011-05-09,0.01431522221175574,0.0,0.0,0.01431522221175574,158975.51524206836
2011-05-10,0.00352821954433602,0.0,0.0,0.00352821954433602,159536.41576201632
2011-05-11,-0.009195406805110662,0.0,0.0,-0.009195406805110662,158069.41351885532
2011-05-12,0.00034122460794838716,0.0,0.0,0.00034122460794838716,158123.3506925119
2011-05-13,-0.006548819694799257,0.0,0.0,-0.006548819694799257,157087.82937928912
2011-05-16,-0.0017854134237942354,0.0,0.0,-0.0017854134237942354,156807.36266000065
2011-05-17,-0.004333697772470724,0.0,0.0,-0.004333697772470724,156127.80694173402
2011-05-18,0.0059416925363608986,0.0,0.0,0.0059416925363608986,157055.4703669581
2011-05-19,0.0003433227395142069,0.0,0.0,0.0003433227395142069,157109.3910813002
2011-05-20,0.012633104523076089,0.0,0.0,0.012633104523076089,159094.17044038707
2011-05-23,0.002305216117890696,0.0,0.0,0.002305216117890696,159460.91688634868
2011-05-24,0.005141003161891922,0.0,0.0,0.005141003161891922,160280.70596425957
2011-05-25,-6.726231295683949e-05,0.0,0.0,-6.726231295683949e-05,160269.92511325405
2011-05-26,-0.0024229412162809494,0.0,0.0,-0.0024229412162809494,159881.6005059669
2011-05-27,0.009985128291392531,0.0,0.0,0.009985128291392531,161478.03879845215
2011-05-31,-0.0004007853027178099,0.0,0.0,-0.0004007853027178099,161413.32077379004
2011-06-01,0.001804358951899454,0.0,0.0,0.001804358951899454,161704.56834408402
2011-06-02,-0.002734998679831291,0.0,0.0,-0.002734998679831291,161262.30656314027
2011-06-03,0.004816061676943928,0.0,0.0,0.004816061676943928,162038.95577771458
2011-06-06,0.0017307582527172904,0.0,0.0,0.0017307582527172904,162319.40603768855
2011-06-07,-0.0003987078701302993,0.0,0.0,-0.0003987078701302993,162254.68801302646
2011-06-08,-0.0040553159006586625,0.0,0.0,-0.0040553159006586625,161596.6939967708
2011-06-09,0.005006341447316709,0.0,0.0,0.005006341447316709,162405.7022236762
2011-06-10,-0.008767216304689351,0.0,0.0,-0.008767216304689351,160981.85630316625
2011-06-13,-0.009849914008281502,0.0,0.0,-0.009849914008281502,159396.19886168654
2011-06-14,0.0060905046387151884,0.0,0.0,0.0060905046387151884,160367.00215024722
2011-06-15,0.0030268174734946474,0.0,0.0,0.0030268174734946474,160852.40379452755
2011-06-16,-0.0010058603902615149,0.0,0.0,-0.0010058603902615149,160690.6087328723
2011-06-17,0.006511386270756869,0.0,0.0,0.006511386270756869,161736.92735641508
2011-06-20,0.000600215662433401,0.0,0.0,0.000600215662433401,161834.00439340825
2011-06-21,0.004865665090172611,0.0,0.0,0.004865665090172611,162621.43445898808
2011-06-22,0.0015256765369389136,0.0,0.0,0.0015256765369389136,162869.54216594552
2011-06-23,-0.017550891177319783,0.0,0.0,-0.017550891177319783,160011.0365552911
2011-06-24,-0.014021854404774547,0.0,0.0,-0.014021854404774547,157767.38509755576
2011-06-27,-0.003623675640655799,0.0,0.0,-0.003623675640655799,157195.68726728775
2011-06-28,0.0034996897040917574,0.0,0.0,0.0034996897040917574,157745.82339554472
2011-06-29,0.006427702046695627,0.0,0.0,0.006427702046695627,158759.76654744195
2011-06-30,-0.008017344302908236,0.0,0.0,-0.008017344302908236,157486.9348375818
2011-07-01,-0.007328817289169565,0.0,0.0,-0.007328817289169565,156332.7418667258
2011-07-05,0.018629768463946483,0.0,0.0,0.018629768463946483,159245.1846510368
2011-07-06,0.008670315904364623,0.0,0.0,0.008670315904364623,160625.89070821018
2011-07-07,0.001611646151856716,0.0,0.0,0.001611646151856716,160884.76280685863
2011-07-08,0.007375166936172128,0.0,0.0,0.007375166936172128,162071.3147900457
2011-07-11,0.00891844484452986,0.0,0.0,0.00891844484452986,163516.73887188113
2011-07-12,0.007784207157971679,0.0,0.0,0.007784207157971679,164789.5870410558
2011-07-13,0.008967697053566592,0.0,0.0,0.008967697053566592,166267.37013522236
2011-07-14,0.0025950038800326425,0.0,0.0,0.0025950038800326425,166698.83460584606
2011-07-15,0.004270762849635679,0.0,0.0,0.004270762849635679,167410.76579575829
2011-07-18,0.008827386616724331,0.0,0.0,0.008827386616724331,168888.56534923933
2011-07-19,-0.012199039233320219,0.0,0.0,-0.012199039233320219,166828.2871144848
2011-07-20,0.008793486215885604,0.0,0.0,0.008793486215885604,168295.28935764582
2011-07-21,-0.007627242717723082,0.0,0.0,-0.007627242717723082,167011.6603374656
2011-07-22,0.008331675197810862,0.0,0.0,0.008331675197810862,168403.1472456445
2011-07-25,0.007814509728797825,0.0,0.0,0.007814509728797825,169719.13527815574
2011-07-26,0.0027329855381899026,0.0,0.0,0.0027329855381899026,170182.97522042505
2011-07-27,-0.0036762490673009074,0.0,0.0,-0.0036762490673009074,169557.34021650045
2011-07-28,0.0008270556701654996,0.0,0.0,0.0008270556701654996,169697.5735761447
2011-07-29,0.006165687241006967,0.0,0.0,0.006165687241006967,170743.87574037298
2011-08-01,-0.003600935558821683,0.0,0.0,-0.003600935558821683,170129.03804676843
2011-08-02,0.024093349114550966,0.0,0.0,0.024093349114550966,174228.01635495195
2011-08-03,-0.00018572795011984056,0.0,0.0,-0.00018572795011984056,174195.6573426209
2011-08-04,-0.00526352142301223,0.0,0.0,-0.00526352142301223,173278.77476840233
2011-08-05,0.006909864383522146,0.0,0.0,0.006909864383522146,174476.10760259486
2011-08-08,0.03319935157457499,0.0,0.0,0.03319935157457499,180268.6012402568
2011-08-09,0.008915782292353791,0.0,0.0,0.008915782292353791,181875.83684306205
2011-08-10,0.035407159712308234,0.0,0.0,0.035407159712308234,188315.54364597407
2011-08-11,-0.021938376623234723,0.0,0.0,-0.021938376623234723,184184.2063254595
2011-08-12,-0.004568074842148606,0.0,0.0,-0.004568074842148606,183342.83908622304
2011-08-15,0.010766616567110976,0.0,0.0,0.010766616567110976,185316.82113498994
2011-08-16,0.012339901510646678,0.0,0.0,0.012339901510646678,187603.61245606182
2011-08-17,0.002874885034866992,0.0,0.0,0.002874885034866992,188142.95127399877
2011-08-18,0.01891986633643583,0.0,0.0,0.01891986633643583,191702.5907642454
2011-08-19,0.012547803917521527,0.0,0.0,0.012547803917521527,194108.03728363602
2011-08-22,0.025784937306684297,0.0,0.0,0.025784937306684297,199113.1008557181
2011-08-23,-0.03748847882459638,0.0,0.0,-0.03748847882459638,191648.6535905888
2011-08-24,-0.033883065990334194,0.0,0.0,-0.033883065990334194,185155.00961402018
2011-08-25,0.004136363175726965,0.0,0.0,0.004136363175726965,185920.87797758897
2011-08-26,0.02964725337814067,0.0,0.0,0.02964725337814067,191432.92135527695
2011-08-29,-0.020172433686990066,0.0,0.0,-0.020172433686990066,187571.25344373082
2011-08-30,0.029961508609777754,0.0,0.0,0.029961508609777754,193191.17116873196
2011-08-31,-0.007705219630282367,0.0,0.0,-0.007705219630282367,191702.5907642454
2011-09-01,0.0008439899586658584,0.0,0.0,0.0008439899586658584,191864.38582590065
2011-09-02,0.030190647795535375,0.0,0.0,0.030190647795535375,197656.89592287713
2011-09-06,-0.0018555532988803192,0.0,0.0,-0.0018555532988803192,197290.133017601
2011-09-07,-0.03182062471103009,0.0,0.0,-0.03182062471103009,191012.2377356587
2011-09-08,0.026711066628809732,0.0,0.0,0.026711066628809732,196114.37834473397
2011-09-09,-0.006105278176431583,0.0,0.0,-0.006105278176431583,194917.04551054141
2011-09-12,-0.022302151894618927,0.0,0.0,-0.022302151894618927,190569.97595471496
2011-09-13,0.010584678420606952,0.0,0.0,0.010584678420606952,192587.09786681843
2011-09-14,-0.007449236150323779,0.0,0.0,-0.007449236150323779,191152.471095303
2011-09-15,-0.015856964679878405,0.0,0.0,-0.015856964679878405,188121.37311267326
2011-09-16,0.009346358600104132,0.0,0.0,0.009346358600104132,189879.6229261283
2011-09-19,-0.015451918647760743,0.0,0.0,-0.015451918647760743,186945.61843980628
2011-09-20,0.014251925771726182,0.0,0.0,0.014251925771726182,189609.95351715985
2011-09-21,-0.01245876923776712,0.0,0.0,-0.01245876923776712,187247.6468611058
2011-09-22,-0.026153542150526787,0.0,0.0,-0.026153542150526787,182350.4576363369
2011-09-23,-0.05471753820180614,0.0,0.0,-0.05471753820180614,172372.68950450383
2011-09-26,-0.013892372830456634,0.0,0.0,-0.013892372830456634,169978.02383611872
2011-09-27,0.01935526726943304,0.0,0.0,0.01935526726943304,173267.99391739687
2011-09-28,-0.027454420270526025,0.0,0.0,-0.027454420270526025,168511.0215929577
2011-09-29,0.009473791550213662,0.0,0.0,0.009473791550213662,170107.45988544295
2011-09-30,0.0022828193869255387,0.0,0.0,0.0022828193869255387,170495.78449273008
2011-10-03,0.018347521194908234,0.0,0.0,0.018347521194908234,173623.95951235297
2011-10-04,-0.02062628718772741,0.0,0.0,-0.02062628718772741,170042.7418607808
2011-10-05,0.011545339579202452,0.0,0.0,0.011545339579202452,172005.9430585422
2011-10-06,0.006459292210774237,0.0,0.0,0.006459292210774237,173116.9797067471
2011-10-07,-0.00816258192126873,0.0,0.0,-0.00816258192126873,171703.89817792817
2011-10-10,0.025694256721133568,0.0,0.0,0.025694256721133568,176115.70221773122
2011-10-11,-0.007166032573826864,0.0,0.0,-0.007166032573826864,174853.65135887658
2011-10-12,0.007156004686264872,0.0,0.0,0.007156004686264872,176104.90490741123
2011-10-13,-0.005880138964710846,0.0,0.0,-0.005880138964710846,175069.38359418843
2011-10-14,0.00677751585978581,0.0,0.0,0.00677751585978581,176255.91911806096
2011-10-17,-0.00477355451916972,0.0,0.0,-0.00477355451916972,175414.55187882457
2011-10-18,-0.004796450637787775,0.0,0.0,-0.004796450637787775,174573.18463958811
2011-10-19,-0.012172523883343,0.0,0.0,-0.012172523883343,172448.1883801715
2011-10-20,-0.013135615868301143,0.0,0.0,-0.013135615868301143,170182.9752204251
2011-10-21,0.011092095788866496,0.0,0.0,0.011092095788866496,172070.66108320438
2011-10-24,0.009403209377038424,0.0,0.0,0.009403209377038424,173688.67753701514
2011-10-25,0.028381517477150453,0.0,0.0,0.028381517477150453,178618.2257741151
2011-10-26,0.010930597249971585,0.0,0.0,0.010930597249971585,180570.62966155645
2011-10-27,0.0128435438092247,0.0,0.0,0.0128435438092247,182889.79645427395
2011-10-28,0.0004128107588905472,0.0,0.0,0.0004128107588905472,182965.29532994158
2011-10-31,-0.01344180429743358,0.0,0.0,-0.01344180429743358,180505.91163689437
2011-11-01,0.00023908536989014628,0.0,0.0,0.00023908536989014628,180549.0679595454
2011-11-02,0.010036997411712711,0.0,0.0,0.010036997411712711,182361.23848734252
2011-11-03,0.015734080802807693,0.0,0.0,0.015734080802807693,185230.52494900246
2011-11-04,-0.005066358671109827,0.0,0.0,-0.005066358671109827,184292.08067277286
2011-11-07,0.024173189795036576,0.0,0.0,0.024173189795036576,188747.00811659798
2011-11-08,-0.008286644094448237,0.0,0.0,-0.008286644094448237,187182.9288364438
2011-11-09,-0.00841348161901967,0.0,0.0,-0.00841348161901967,185608.06870528412
2011-11-10,-0.005404823007986281,0.0,0.0,-0.005404823007986281,184604.8899450779
2011-11-11,0.01647778038025005,0.0,0.0,0.01647778038025005,187646.76877871313
2011-11-14,-0.004368876387059961,0.0,0.0,-0.004368876387059961,186826.9632414877
2011-11-15,0.000923808688964245,0.0,0.0,0.000923808688964245,186999.555613463
2011-11-16,-0.010671470333423416,0.0,0.0,-0.010671470333423416,185003.99540337056
2011-11-17,-0.025712719634799708,0.0,0.0,-0.025712719634799708,180247.0395382459
2011-11-18,0.0031118431758150322,0.0,0.0,0.0031118431758150322,180807.94005819387
2011-11-21,-0.024579377384584156,0.0,0.0,-0.024579377384584156,176363.79346537424
2011-11-22,0.0110703214592891,0.0,0.0,0.0110703214592891,178316.1973528156
2011-11-23,-0.0029036097914703074,0.0,0.0,-0.0029036097914703074,177798.43669620424
2011-11-25,-0.00867565321048791,0.0,0.0,-0.00867565321048791,176255.91911806108
2011-11-28,0.01976750983463549,0.0,0.0,0.01976750983463549,179740.05973264005
2011-11-29,0.0015003300286513532,0.0,0.0,0.0015003300286513532,180009.72914160852
2011-11-30,0.019475071338128425,0.0,0.0,0.019475071338128425,183515.4314581985
2011-12-01,-0.0029389289699039978,0.0,0.0,-0.0029389289699039978,182976.09264026157
2011-12-02,0.0011200992509403651,0.0,0.0,0.0011200992509403651,183181.04402456793
2011-12-05,-0.014721469156617206,0.0,0.0,-0.014721469156617206,180484.34993488333
2011-12-06,0.00513976400859284,0.0,0.0,0.00513976400859284,181411.9969007929
2011-12-07,0.007254140051337954,0.0,0.0,0.007254140051337954,182727.98493330413
2011-12-08,-0.02018889192543405,0.0,0.0,-0.02018889192543405,179038.90939373334
2011-12-09,0.002530414385808033,0.0,0.0,0.002530414385808033,179491.9520256826
2011-12-12,-0.026502335126668997,0.0,0.0,-0.026502335126668997,174734.99616055796
2011-12-13,-0.021853252823497593,0.0,0.0,-0.021853252823497593,170916.4681123484
2011-12-14,-0.03508991900081848,0.0,0.0,-0.03508991900081848,164919.02309038013
2011-12-15,-0.0036627481249873473,0.0,0.0,-0.0036627481249873473,164314.9662477811
2011-12-16,0.019037575406193996,0.0,0.0,0.019037575406193996,167443.12480808946
2011-12-19,-0.0023191433373703774,0.0,0.0,-0.0023191433373703774,167054.8002008023
2011-12-20,0.013624334453907316,0.0,0.0,0.013624334453907316,169330.8106708687
2011-12-21,0.001146693460756243,0.0,0.0,0.001146693460756243,169524.98120416954
2011-12-22,-0.00712656114710053,0.0,0.0,-0.00712656114710053,168316.85105965697
2011-12-23,0.0017303530125498678,0.0,0.0,0.0017303530125498678,168608.09862995095
2011-12-27,-0.008956521773084813,0.0,0.0,-0.008956521773084813,167097.95652345338
2011-12-28,-0.02504683229674176,0.0,0.0,-0.02504683229674176,162912.6820292822
2011-12-29,-0.004568644951223,0.0,0.0,-0.004568644951223,162168.39182703893
2011-12-30,0.010975184218875667,0.0,0.0,0.010975184218875667,163948.21980181948
2012-01-03,0.025856915150634707,0.0,0.0,0.025856915150634707,168187.41501033274
2012-01-04,0.005066755734988382,0.0,0.0,0.005066755734988382,169039.57955988921
2012-01-05,0.006827847741614601,0.0,0.0,0.006827847741614601,170193.7560714307
2012-01-06,-0.0036760161968690808,0.0,0.0,-0.0036760161968690808,169568.12106750612
2012-01-09,-0.0044529068818790485,0.0,0.0,-0.0044529068818790485,168813.05001425731
2012-01-10,0.01367411750574088,0.0,0.0,0.01367411750574088,171121.4194966548
2012-01-11,0.006492680176876542,0.0,0.0,0.006492680176876542,172232.45614485972
2012-01-12,0.004446713358861265,0.0,0.0,0.004446713358861265,172998.32450842854
2012-01-13,-0.006983478874407978,0.0,0.0,-0.006983478874407978,171790.19436391597
2012-01-17,0.007786045057981195,0.0,0.0,0.007786045057981195,173127.76055775277
2012-01-18,0.006853620582651931,0.0,0.0,0.006853620582651931,174314.31254093983
2012-01-19,-0.0023515152751236723,0.0,0.0,-0.0023515152751236723,173904.40977232714
2012-01-20,0.005272336540625755,0.0,0.0,0.005272336540625755,174821.29234654573
2012-01-23,0.006725466086455523,0.0,0.0,0.006725466086455523,175997.04701941274
2012-01-24,-0.007048352105060052,0.0,0.0,-0.007048352105060052,174756.5578625691
2012-01-25,0.02722056546902296,0.0,0.0,0.02722056546902296,179513.5301870083
2012-01-26,0.005107595919167762,0.0,0.0,0.005107595919167762,180430.41276122685
2012-01-27,0.010163190678665446,0.0,0.0,0.010163190678665446,182264.1614503495
2012-01-30,-0.0055631321217690655,0.0,0.0,-0.0055631321217690655,181250.20183913776
2012-01-31,0.0076176801082890044,0.0,0.0,0.0076176801082890044,182630.90789631114
2012-02-01,0.001476581439991298,0.0,0.0,0.001476581439991298,182900.57730527958
2012-02-02,0.00878748239335847,0.0,0.0,0.00878748239335847,184507.81290808483
2012-02-03,-0.019935712372232683,0.0,0.0,-0.019935712372232683,180829.51821951952
2012-02-06,-0.0027440152442257393,0.0,0.0,-0.0027440152442257393,180333.31926491915
2012-02-07,0.015073599610379684,0.0,0.0,0.015073599610379684,183051.59151592932
2012-02-08,-0.0070712844420862675,0.0,0.0,-0.0070712844420862675,181757.1816447436
2012-02-09,-0.002848639332576064,0.0,0.0,-0.002848639332576064,181239.4209881322
2012-02-10,-0.005237500657275795,0.0,0.0,-0.005237500657275795,180290.17940158257
2012-02-13,0.0022136838491002564,0.0,0.0,0.0022136838491002564,180689.28485987525
2012-02-14,-0.0023282156434702994,0.0,0.0,-0.0023282156434702994,180268.601240257
2012-02-15,0.0059239200699465755,0.0,0.0,0.0059239200699465755,181336.49802512536
2012-02-16,-0.0006543371004235077,0.0,0.0,-0.0006543371004235077,181217.84282680665
2012-02-17,-0.0038690112885975125,0.0,0.0,-0.0038690112885975125,180516.70894721444
2012-02-21,0.021930074903464325,0.0,0.0,0.021930074903464325,184475.45389575372
2012-02-22,0.01122674611729324,0.0,0.0,0.01122674611729324,186546.51298151378
2012-02-23,0.00046259876214471696,0.0,0.0,0.00046259876214471696,186632.80916750146
2012-02-24,-0.004565995407547319,0.0,0.0,-0.004565995407547319,185780.64461794498
2012-02-27,-0.003077273369589517,0.0,0.0,-0.003077273369589517,185208.946787677
2012-02-28,0.010425210114951122,0.0,0.0,0.010425210114951122,187139.78897310735
2012-02-29,-0.053029061708074865,0.0,0.0,-0.053029061708074865,177215.94155561633
2012-03-01,0.014121415904973178,0.0,0.0,0.014121415904973178,179718.4815713146
2012-03-02,-0.001620576624883352,0.0,0.0,-0.001620576624883352,179427.2340010206
2012-03-05,-0.004148145103987089,0.0,0.0,-0.004148145103987089,178682.94379877733
2012-03-06,-0.0178086148924681,0.0,0.0,-0.0178086148924681,175500.8480648124
2012-03-07,0.005716090670033314,0.0,0.0,0.005716090670033314,176504.0268250186
2012-03-08,0.010083687876597303,0.0,0.0,0.010083687876597303,178283.83834048465
2012-03-09,0.006655409678363311,0.0,0.0,0.006655409678363311,179470.39032367166
2012-03-12,-0.007873527588344698,0.0,0.0,-0.007873527588344698,178057.32525416726
2012-03-13,-0.016780784815864758,0.0,0.0,-0.016780784815864758,175069.38359418864
2012-03-14,-0.01682067576220847,0.0,0.0,-0.01682067576220847,172124.5982568611
2012-03-15,0.00946289676961598,0.0,0.0,0.00946289676961598,173753.3955616774
2012-03-16,0.001365788541111801,0.0,0.0,0.001365788541111801,173990.7059583148
2012-03-19,0.0017978504689784014,0.0,0.0,0.0017978504689784014,174303.51523061984
2012-03-20,-0.009035159899535072,0.0,0.0,-0.009035159899535072,172728.65509946013
2012-03-21,0.0004996054993768873,0.0,0.0,0.0004996054993768873,172814.95128544778
2012-03-22,-0.0039947529044891406,0.0,0.0,-0.0039947529044891406,172124.5982568611
2012-03-23,0.012282956477502438,0.0,0.0,0.012282956477502438,174238.79720595773
2012-03-26,0.0177675672560913,0.0,0.0,0.0177675672560913,177334.596753935
2012-03-27,-0.007055890793102537,0.0,0.0,-0.007055890793102537,176083.34320540036
2012-03-28,-0.010597959618425579,0.0,0.0,-0.010597959618425579,174217.21904463216
2012-03-29,-0.0014240340248994343,0.0,0.0,-0.0014240340248994343,173969.12779698925
2012-03-30,0.0052083106662228484,0.0,0.0,0.0052083106662228484,174875.2130608878
2012-04-02,0.005058027072021742,0.0,0.0,0.005058027072021742,175759.73662277535
2012-04-03,-0.01871856515317416,0.0,0.0,-0.01871856515317416,172469.7665414972
2012-04-04,-0.01676147780356274,0.0,0.0,-0.01676147780356274,169578.91837782622
2012-04-05,0.006996951833534437,0.0,0.0,0.006996951833534437,170765.45390169875
2012-04-09,0.006695708261895694,0.0,0.0,0.006695708261895694,171908.8495622347
2012-04-10,0.010855311785985977,0.0,0.0,0.010855311785985977,173774.9737230029
2012-04-11,-0.00018621215493686005,0.0,0.0,-0.00018621215493686005,173742.61471067189
2012-04-12,0.010119758799926215,0.0,0.0,0.010119758799926215,175500.8480648124
2012-04-13,-0.011370564716820963,0.0,0.0,-0.011370564716820963,173505.30431403447
2012-04-16,-0.0024246153239028123,0.0,0.0,-0.0024246153239028123,173084.62069441625
2012-04-17,-0.0013087791666472892,0.0,0.0,-0.0013087791666472892,172858.09114878436
2012-04-18,-0.005865849868369688,0.0,0.0,-0.005865849868369688,171844.13153757263
2012-04-19,0.0007532177454423472,0.0,0.0,0.0007532177454423472,171973.56758689685
2012-04-20,0.0006899618353195525,0.0,0.0,0.0006899618353195525,172092.22278521556
2012-04-23,-0.0029458817957397354,0.0,0.0,-0.0029458817957397354,171585.25943892423
2012-04-24,0.0014458773932806146,0.0,0.0,0.0014458773932806146,171833.35068656717
2012-04-25,0.0020087386020055664,0.0,0.0,0.0020087386020055664,172178.51897120322
2012-04-26,0.008833502726736775,0.0,0.0,0.008833502726736775,173699.45838802084
2012-04-27,0.0021735459614287134,0.0,0.0,0.0021735459614287134,174077.00214430247
2012-04-30,0.003098277264045768,0.0,0.0,0.003098277264045768,174616.3409622394
2012-05-01,-0.003459337420944286,0.0,0.0,-0.003459337420944286,174012.28411964036
2012-05-02,-0.004525235266453653,0.0,0.0,-0.004525235266453653,173224.837594746
2012-05-03,-0.010087771057537998,0.0,0.0,-0.010087771057537998,171477.385091611
2012-05-04,0.0031452475068289854,0.0,0.0,0.0031452475068289854,172016.72390954796
2012-05-07,-0.0024455972073937904,0.0,0.0,-0.0024455972073937904,171596.04028992975
2012-05-08,-0.019361338921316418,0.0,0.0,-0.019361338921316418,168273.71119632054
2012-05-09,-0.00980768448267233,0.0,0.0,-0.00980768448267233,166623.33573017872
2012-05-10,0.0019421444253708842,0.0,0.0,0.0019421444253708842,166946.9423128038
2012-05-11,-0.007818095757993637,0.0,0.0,-0.007818095757993637,165641.73513129805
2012-05-14,-0.014521983348483536,0.0,0.0,-0.014521983348483536,163236.28861190742
2012-05-15,-0.010506815031071648,0.0,0.0,-0.010506815031071648,161521.1951211035
2012-05-16,-0.0018698996195085638,0.0,0.0,-0.0018698996195085638,161219.16669980396
2012-05-17,0.022347090779173184,0.0,0.0,0.022347090779173184,164821.94605338713
2012-05-18,0.011452879352412237,0.0,0.0,0.011452879352412237,166709.63191616637
2012-05-21,0.000646980541909592,0.0,0.0,0.000646980541909592,166817.48980416503
2012-05-22,-0.016618119410660492,0.0,0.0,-0.016618119410660492,164045.2968388128
2012-05-23,-0.0030247679400885463,0.0,0.0,-0.0030247679400885463,163549.09788421245
2012-05-24,-0.001384985238363945,0.0,0.0,-0.001384985238363945,163322.58479789505
2012-05-25,0.00838774838488221,0.0,0.0,0.00838774838488221,164692.49354474837
2012-05-29,-0.010872337457110914,0.0,0.0,-0.010872337457110914,162901.9011782768
2012-05-30,0.005893254962718419,0.0,0.0,0.005893254962718419,163861.92361583197
2012-05-31,-0.0019090812845146132,0.0,0.0,-0.0019090812845146132,163549.09788421242
2012-06-01,0.038781196888100666,0.0,0.0,0.038781196888100666,169891.7276501313
2012-06-04,-0.0011428106398809756,0.0,0.0,-0.0011428106398809756,169697.57357614496
2012-06-05,-0.0011442151423203262,0.0,0.0,-0.0011442151423203262,169503.40304284412
2012-06-06,0.0004455092560180507,0.0,0.0,0.0004455092560180507,169578.91837782625
2012-06-07,-0.01723813115026185,0.0,0.0,-0.01723813115026185,166655.69474250975
2012-06-08,0.0014886454856897213,0.0,0.0,0.0014886454856897213,166903.78599015265
2012-06-11,0.004071640277957922,0.0,0.0,0.004071640277957922,167583.35816773382
2012-06-12,0.007080368815616023,0.0,0.0,0.007080368815616023,168769.91015092086
2012-06-13,0.004218256263578635,0.0,0.0,0.004218256263578635,169481.82488151858
2012-06-14,0.004009705335992431,0.0,0.0,0.004009705335992431,170161.39705909975
2012-06-15,0.0005704997647584253,0.0,0.0,0.0005704997647584253,170258.47409609292
2012-06-18,0.0005701744803514597,0.0,0.0,0.0005701744803514597,170355.5511330861
2012-06-19,-0.004875508449193711,0.0,0.0,-0.004875508449193711,169524.9812041697
2012-06-20,-0.0075719166052243825,0.0,0.0,-0.0075719166052243825,168241.35218398948
2012-06-21,-0.025325363321968553,0.0,0.0,-0.025325363321968553,163980.57881415068
2012-06-22,0.004078378501268132,0.0,0.0,0.004078378501268132,164649.3536814118
2012-06-25,0.00733749424571517,0.0,0.0,0.00733749424571517,165857.4673666099
2012-06-26,-0.007414148220444616,0.0,0.0,-0.007414148220444616,164627.7755200863
2012-06-27,0.001376010487393442,0.0,0.0,0.001376010487393442,164854.3050657182
2012-06-28,-0.011646919832302038,0.0,0.0,-0.011646919832302038,162934.2601906079
2012-06-29,0.027408138404537707,0.0,0.0,0.027408138404537707,167399.98494475306
2012-07-02,-0.0006444107348563266,0.0,0.0,-0.0006444107348563266,167292.11059743987
2012-07-03,0.015281516744723334,0.0,0.0,0.015281516744723334,169848.58778679476
2012-07-05,-0.011304546946454441,0.0,0.0,-0.011304546946454441,167928.52645236993
2012-07-06,-0.012654072807009586,0.0,0.0,-0.012654072807009586,165803.5466522678
2012-07-09,0.002146812555150701,0.0,0.0,0.002146812555150701,166159.4957879094
2012-07-10,-0.012269536951600046,0.0,0.0,-0.012269536951600046,164120.79571448042
2012-07-11,0.005520944005105832,0.0,0.0,0.005520944005105832,165026.89743769346
2012-07-12,-0.00261460971900751,0.0,0.0,-0.00261460971900751,164595.41650775523
2012-07-13,0.010157959820154439,0.0,0.0,0.010157959820154439,166267.3701352226
2012-07-16,0.00045418012518472217,0.0,0.0,0.00045418012518472217,166342.88547020475
2012-07-17,-0.0047986866023365105,0.0,0.0,-0.0047986866023365105,165544.65809430488
2012-07-18,-0.002736679257213992,0.0,0.0,-0.002736679257213992,165091.6154623556
2012-07-19,0.0021561700390366756,0.0,0.0,0.0021561700390366756,165447.5810573117
2012-07-20,0.0018906850756352789,0.0,0.0,0.0018906850756352789,165760.39032961673
2012-07-23,-0.0041647647379081665,0.0,0.0,-0.0041647647379081665,165070.03730103004
2012-07-24,0.003202022460124132,0.0,0.0,0.003202022460124132,165598.59526796147
2012-07-25,0.014004649795792412,0.0,0.0,0.014004649795792412,167917.74560136444
2012-07-26,0.007066269136341896,0.0,0.0,0.007066269136341896,169104.29758455144
2012-07-27,0.004911583802304831,0.0,0.0,0.004911583802304831,169934.86751346788
2012-07-30,-0.0006982392728160924,0.0,0.0,-0.0006982392728160924,169816.21231514917
2012-07-31,-0.00597082656640302,0.0,0.0,-0.00597082656640302,168802.26916325194
2012-08-01,-0.008626788012826792,0.0,0.0,-0.008626788012826792,167346.04777109643
2012-08-02,-0.006510213425354183,0.0,0.0,-0.006510213425354183,166256.58928421707
2012-08-03,0.009212989839486152,0.0,0.0,0.009212989839486152,167788.30955204018
2012-08-06,0.004821600676860438,0.0,0.0,0.004821600676860438,168597.31777894558
2012-08-07,-0.0001279863856068486,0.0,0.0,-0.0001279863856068486,168575.73961762004
2012-08-08,0.0012797347696722472,0.0,0.0,0.0012797347696722472,168791.47185293192
2012-08-09,0.003259264951112506,0.0,0.0,0.003259264951112506,169341.6079811889
2012-08-10,0.0012101864830207365,0.0,0.0,0.0012101864830207365,169546.54290618072
2012-08-13,-0.0075708565852385945,0.0,0.0,-0.0075708565852385945,168262.93034531502
2012-08-14,-0.00551317764002035,0.0,0.0,-0.00551317764002035,167335.26692009094
2012-08-15,0.003223103102315328,0.0,0.0,0.003223103102315328,167874.60573802784
2012-08-16,0.0059756643744985904,0.0,0.0,0.0059756643744985904,168877.76803891957
2012-08-17,0.001021995813774046,0.0,0.0,0.001021995813774046,169050.36041089485
2012-08-20,0.003445592661605268,0.0,0.0,0.003445592661605268,169632.83909216835
2012-08-21,0.009983513792826137,0.0,0.0,0.009983513792826137,171326.37088096127
2012-08-22,0.010766174119276384,0.0,0.0,0.010766174119276384,173170.90042108943
2012-08-23,0.008409157592958794,0.0,0.0,0.008409157592958794,174627.12181324494
2012-08-24,0.000494174015419846,0.0,0.0,0.000494174015419846,174713.4179992326
2012-08-27,-0.003766133270076133,0.0,0.0,-0.003766133270076133,174055.42398297696
2012-08-28,0.0017352428001844444,0.0,0.0,0.0017352428001844444,174357.45240427647
2012-08-29,-0.006495935756759552,0.0,0.0,-0.006495935756759552,173224.83759474603
2012-08-30,-0.0004358432469381279,0.0,0.0,-0.0004358432469381279,173149.3387190784
2012-08-31,0.02305006759133854,0.0,0.0,0.02305006759133854,177140.44267994873
2012-09-04,0.001583208530649749,0.0,0.0,0.001583208530649749,177420.8929399227
2012-09-05,-0.0010335492057460538,0.0,0.0,-0.0010335492057460538,177237.5197169419
2012-09-06,0.0035299241657396063,0.0,0.0,0.0035299241657396063,177863.15472086647
2012-09-07,0.021529523105697113,0.0,0.0,0.021529523105697113,181692.46362008154
2012-09-10,-0.006827411176709486,0.0,0.0,-0.006827411176709486,180451.97446323792
2012-09-11,0.003646366398665668,0.0,0.0,0.003646366398665668,181109.96847949355
2012-09-12,0.00011914397372314589,0.0,0.0,0.00011914397372314589,181131.54664081908
2012-09-13,0.02018818143529133,0.0,0.0,0.02018818143529133,184788.26316805885
2012-09-14,0.002860343822002953,0.0,0.0,0.002860343822002953,185316.82113499026
2012-09-17,-0.008149063622843289,0.0,0.0,-0.008149063622843289,183806.66256917815
2012-09-18,0.007746522133214695,0.0,0.0,0.007746522133214695,185230.5249490026
2012-09-19,0.00011649354949172519,0.0,0.0,0.00011649354949172519,185252.10311032814
2012-09-20,-0.0015721687657199723,0.0,0.0,-0.0015721687657199723,184960.85554003413
2012-09-21,0.0028576747517099488,0.0,0.0,0.0028576747517099488,185489.41350696556
2012-09-24,-0.005291949445103139,0.0,0.0,-0.005291949445103139,184507.8129080849
2012-09-25,-0.0016369410950092256,0.0,0.0,-0.0016369410950092256,184205.7844867854
2012-09-26,-0.005621635473730624,0.0,0.0,-0.005621635473730624,183170.2467142481
2012-09-27,0.014898997795603108,0.0,0.0,0.014898997795603108,185899.29981626375
2012-09-28,-0.0026110999060248163,0.0,0.0,-0.0026110999060248163,185413.89817198343
2012-10-01,0.0023270341375569714,0.0,0.0,0.0023270341375569714,185845.36264260713
2012-10-02,-0.0011027174532514117,0.0,0.0,-0.0011027174532514117,185640.4277176153
2012-10-03,0.0018012640766977839,0.0,0.0,0.0018012640766977839,185974.81515124583
2012-10-04,0.006960135274945767,0.0,0.0,0.006960135274945767,187269.22502243152
2012-10-05,-0.005702468116373205,0.0,0.0,-0.005702468116373205,186201.3282375632
2012-10-08,-0.0033020048751752906,0.0,0.0,-0.0033020048751752906,185586.49054395864
2012-10-09,-0.006160985410008202,0.0,0.0,-0.006160985410008202,184443.0948834227
2012-10-10,-0.0008772977978495078,0.0,0.0,-0.0008772977978495078,184281.2833624529
2012-10-11,0.0028097108207538746,0.0,0.0,0.0028097108207538746,184799.0604783788
2012-10-12,-0.007354714637855864,0.0,0.0,-0.007354714637855864,183439.91612321645
2012-10-15,-0.010055224506803517,0.0,0.0,-0.010055224506803517,181595.38658308832
2012-10-16,0.006355758993983995,0.0,0.0,0.006355758993983995,182749.56309462976
2012-10-17,0.000708270089035512,0.0,0.0,0.000708270089035512,182878.999143954
2012-10-18,-0.004423734987025862,0.0,0.0,-0.004423734987025862,182069.99091704862
2012-10-19,-0.010782582723043554,0.0,0.0,-0.010782582723043554,180106.80617860178
2012-10-22,0.003653354530106512,0.0,0.0,0.003653354530106512,180764.80019485738
2012-10-23,-0.012829747772893363,0.0,0.0,-0.012829747772893363,178445.6334021399
2012-10-24,-0.0034455182897020764,0.0,0.0,-0.0034455182897020764,177830.79570853536
2012-10-25,0.007036295388904268,0.0,0.0,0.007036295388904268,179082.0657163845
2012-10-26,-0.0005421731981886113,0.0,0.0,-0.0005421731981886113,178984.97222007683
2012-10-31,0.005424029379860196,0.0,0.0,0.005424029379860196,179955.79196795198
2012-11-01,-0.0045555025984209685,0.0,0.0,-0.0045555025984209685,179136.00289004107
2012-11-02,-0.020894809825163896,0.0,0.0,-0.020894809825163896,175392.99017681368
2012-11-05,0.0038744747870573804,0.0,0.0,0.0038744747870573804,176072.54589508034
2012-11-06,0.018807862553296584,0.0,0.0,0.018807862553296584,179384.094137684
2012-11-07,0.0011425281895340866,0.0,0.0,0.0011425281895340866,179589.04552199037
2012-11-08,0.009009549825869767,0.0,0.0,0.009009549825869767,181207.06197580113
2012-11-09,-0.0010119540650425085,0.0,0.0,-0.0010119540650425085,181023.68875282028
2012-11-12,-0.0022048049089982147,0.0,0.0,-0.0022048049089982147,180624.5668352131
2012-11-13,-0.0020901215354142133,0.0,0.0,-0.0020901215354142133,180247.03953824597
2012-11-14,0.00023933743071213875,0.0,0.0,0.00023933743071213875,180290.1794015825
2012-11-15,-0.006282176951012075,0.0,0.0,-0.006282176951012075,179157.56459205205
2012-11-16,-0.0012643233169258306,0.0,0.0,-0.0012643233169258306,178931.05150573468
2012-11-19,0.011996564840836887,0.0,0.0,0.011996564840836887,181077.60946716234
2012-11-20,-0.0028593300857844284,0.0,0.0,-0.0028593300857844284,180559.84881055096
2012-11-21,0.0010155813941403746,0.0,0.0,0.0010155813941403746,180743.22203353175
2012-11-23,0.012234441881278757,0.0,0.0,0.012234441881278757,182954.51447893603
2012-11-26,-0.0010613049579774048,0.0,0.0,-0.0010613049579774048,182760.34394563522
2012-11-27,-0.004249459912872733,0.0,0.0,-0.004249459912872733,181983.71119037538
2012-11-28,-0.012803055990465051,0.0,0.0,-0.012803055990465051,179653.7635466524
2012-11-29,0.003782585484718659,0.0,0.0,0.003782585484718659,180333.31926491903
2012-11-30,-0.00675911995172096,0.0,0.0,-0.00675911995172096,179114.42472871547
2012-12-03,0.000481793613877457,0.0,0.0,0.000481793613877457,179200.7209147031
2012-12-04,-0.010293184034235181,0.0,0.0,-0.010293184034235181,177356.17491526043
2012-12-05,-0.0018246141290523266,0.0,0.0,-0.0018246141290523266,177032.56833263536
2012-12-06,0.00231540881134662,0.0,0.0,0.00231540881134662,177442.47110124805
2012-12-07,0.004012180316774305,0.0,0.0,0.004012180316774305,178154.40229116028
2012-12-10,0.0038750264922358113,0.0,0.0,0.0038750264922358113,178844.75531974697
2012-12-11,-0.0009047596653337653,0.0,0.0,-0.0009047596653337653,178682.94379877718
2012-12-12,0.0007244816202742754,0.0,0.0,0.0007244816202742754,178812.3963074159
2012-12-13,-0.008445491459192933,0.0,0.0,-0.008445491459192933,177302.2377416038
2012-12-14,-0.0014600610908572786,0.0,0.0,-0.0014600610908572786,177043.36564295538
2012-12-17,0.001888731794135401,0.0,0.0,0.001888731794135401,177377.75307658597
2012-12-18,-0.014351742734815875,0.0,0.0,-0.014351742734815875,174832.0731975511
2012-12-19,-0.002406215358110364,0.0,0.0,-0.002406215358110364,174411.38957793286
2012-12-20,-0.012122003118760882,0.0,0.0,-0.012122003118760882,172297.17416952175
2012-12-21,0.003756377133691924,0.0,0.0,0.003756377133691924,172944.38733477186
2012-12-24,0.0018087275171267958,0.0,0.0,0.0018087275171267958,173257.1966070769
2012-12-26,0.0009961627877814738,0.0,0.0,0.0009961627877814738,173429.78897905222
2012-12-27,0.002363508432004169,0.0,0.0,0.002363508432004169,173839.6917476649
2012-12-28,-0.0038471727592938043,0.0,0.0,-0.0038471727592938043,173170.90042108926
2012-12-31,0.009218955078005298,0.0,0.0,0.009218955078005298,174767.35517288902
2013-01-02,0.007097851290946089,0.0,0.0,0.007097851290946089,176007.82787041814
2013-01-03,-0.012073305404241008,0.0,0.0,-0.012073305404241008,173882.8316110015
2013-01-04,-0.004714606211065564,0.0,0.0,-0.004714606211065564,173063.0425330906
2013-01-07,-0.006295249004336423,0.0,0.0,-0.006295249004336423,171973.56758689674
2013-01-08,0.007087781062064646,0.0,0.0,0.007087781062064646,173192.47858241483
2013-01-09,-0.0004359246792099425,0.0,0.0,-0.0004359246792099425,173116.9797067472
2013-01-10,0.00928400637657445,0.0,0.0,0.00928400637657445,174724.19885023797
2013-01-11,-0.0056797023904903154,0.0,0.0,-0.0056797023904903154,173731.81740035175
2013-01-14,0.002980229323326755,0.0,0.0,0.002980229323326755,174249.57805696313
2013-01-15,0.006314252289550515,0.0,0.0,0.006314252289550515,175349.8338541625
2013-01-16,0.0005536192128581252,0.0,0.0,0.0005536192128581252,175446.91089115568
2013-01-17,0.00430379485582244,0.0,0.0,0.00430379485582244,176201.998403719
2013-01-18,-0.0015917340429129068,0.0,0.0,-0.0015917340429129068,175921.5316844305
2013-01-22,0.003556329904214506,0.0,0.0,0.003556329904214506,176547.16668835506
2013-01-23,-0.00281048121356553,0.0,0.0,-0.00281048121356553,176050.98419306922
2013-01-24,-0.01096751713306432,0.0,0.0,-0.01096751713306432,174120.1420076389
2013-01-25,-0.004770191309598659,0.0,0.0,-0.004770191309598659,173289.55561940797
2013-01-28,-0.0022409002429438774,0.0,0.0,-0.0022409002429438774,172901.2310121208
2013-01-29,0.004367160997889918,0.0,0.0,0.004367160997889918,173656.3185246841
2013-01-30,0.0074538599123976645,0.0,0.0,0.0074538599123976645,174950.72839586978
2013-01-31,-0.006103985931695921,0.0,0.0,-0.006103985931695921,173882.83161100146
2013-02-01,0.0015508685157126223,0.0,0.0,0.0015508685157126223,174152.5010199699
2013-02-04,0.0034066464054138823,0.0,0.0,0.0034066464054138823,174745.77701156342
2013-02-05,-0.00024687213662233365,0.0,0.0,-0.00024687213662233365,174702.63714822684
2013-02-06,0.0026549312049666263,0.0,0.0,0.0026549312049666263,175166.46063118163
2013-02-07,-0.003386926866340456,0.0,0.0,-0.003386926866340456,174573.18463958814
2013-02-08,-0.0016682465384403322,0.0,0.0,-0.0016682465384403322,174281.95352860863
2013-02-11,-0.011573994499016527,0.0,0.0,-0.011573994499016527,172264.81515719066
2013-02-12,0.0011897460553353945,0.0,0.0,0.0011897460553353945,172469.766541497
2013-02-13,-0.005253588974277079,0.0,0.0,-0.005253588974277079,171563.68127759846
2013-02-14,-0.004401112447727451,0.0,0.0,-0.004401112447727451,170808.61022434966
2013-02-15,-0.016356245638453393,0.0,0.0,-0.016356245638453393,168014.82263835735
2013-02-19,-0.0027606104965699485,0.0,0.0,-0.0027606104965699485,167550.99915540253
2013-02-20,-0.025043451643549264,0.0,0.0,-0.025043451643549264,163354.94381022587
2013-02-21,0.0077918162754770925,0.0,0.0,0.0077918162754770925,164627.77552008603
2013-02-22,0.002293317486000923,0.0,0.0,0.002293317486000923,165005.3192763677
2013-02-25,0.008955972453781325,0.0,0.0,0.008955972453781325,166483.10237053424
2013-02-26,0.012180931238955583,0.0,0.0,0.012180931238955583,168511.02159295772
2013-02-27,-0.01056198875682579,0.0,0.0,-0.01056198875682579,166731.21007749168
2013-02-28,-0.010157257228600503,0.0,0.0,-0.010157257228600503,165037.67828869878
2013-03-01,-0.003660114762050637,0.0,0.0,-0.003660114762050637,164433.62144609974
2013-03-04,-0.0009183901036885489,0.0,0.0,-0.0009183901036885489,164282.60723544998
2013-03-05,0.0005252910666555533,0.0,0.0,0.0005252910666555533,164368.90342143763
2013-03-06,0.0055780996028989005,0.0,0.0,0.0055780996028989005,165285.7695363417
2013-03-07,-0.0035240703595200706,0.0,0.0,-0.0035240703595200706,164703.29085506822
2013-03-08,0.00013101232655099437,0.0,0.0,0.00013101232655099437,164724.86901639373
2013-03-11,0.0018335326238412275,0.0,0.0,0.0018335326238412275,165026.8974376933
2013-03-12,0.00784362968269714,0.0,0.0,0.00784362968269714,166321.30730887898
2013-03-13,-0.0034373096238732304,0.0,0.0,-0.0034373096238732304,165749.609478611
2013-03-14,0.0001300859898183404,0.0,0.0,0.0001300859898183404,165771.171180622
2013-03-15,0.0020822965868685372,0.0,0.0,0.0020822965868685372,166116.35592457262
2013-03-18,0.008961070667613535,0.0,0.0,0.008961070667613535,167604.93632905916
2013-03-19,0.00450506452725441,0.0,0.0,0.00450506452725441,168360.00738230793
2013-03-20,-0.004548992218975756,0.0,0.0,-0.004548992218975756,167594.1390187391
2013-03-21,0.005663930684613572,0.0,0.0,0.005663930684613572,168543.38060528872
2013-03-22,-0.004479980468749978,0.0,0.0,-0.004479980468749978,167788.30955203995
2013-03-25,-0.0019929125844543316,0.0,0.0,-0.0019929125844543316,167453.92211840936
2013-03-26,-0.003349679554628948,0.0,0.0,-0.003349679554628948,166893.0051391469
2013-03-27,0.004136500676053423,0.0,0.0,0.004136500676053423,167583.35816773356
2013-03-28,-0.0058573870914927495,0.0,0.0,-0.0058573870914927495,166601.75756885286
2013-04-01,0.001424417125607702,0.0,0.0,0.001424417125607702,166839.06796549028
2013-04-02,-0.014482482185829704,0.0,0.0,-0.014482482185829704,164422.82413577964
2013-04-03,-0.011152640752650878,0.0,0.0,-0.011152640752650878,162589.075446657
2013-04-04,-0.0029191431956356872,0.0,0.0,-0.0029191431956356872,162114.45465338218
2013-04-05,0.016767611850665,0.0,0.0,0.016767611850665,164832.72690439233
2013-04-08,-0.004253608447543744,0.0,0.0,-0.004253608447543744,164131.59302480012
2013-04-09,0.007754946420753139,0.0,0.0,0.007754946420753139,165404.42473466034
2013-04-10,-0.016890546496319603,0.0,0.0,-0.016890546496319603,162610.65360798256
2013-04-11,0.001990069995076782,0.0,0.0,0.001990069995076782,162934.2601906076
2013-04-12,-0.04700434266845255,0.0,0.0,-0.04700434266845255,155275.64239217748
2013-04-15,-0.0878082643808128,0.0,0.0,-0.0878082643808128,141641.15773310463
2013-04-16,0.011347235708379255,0.0,0.0,0.011347235708379255,143248.39333590987
2013-04-17,0.0005270486733528479,0.0,0.0,0.0005270486733528479,143323.8922115775
2013-04-18,0.010762459449999096,0.0,0.0,0.010762459449999096,144866.40978972064
2013-04-19,0.008711825334020373,0.0,0.0,0.008711825334020373,146128.46064857533
2013-04-22,0.01793749652236576,0.0,0.0,0.01793749652236576,148749.6394032778
2013-04-23,-0.007396584908027859,0.0,0.0,-0.007396584908027859,147649.40006539293
2013-04-24,0.010885375374223738,0.0,0.0,0.010885375374223738,149256.61920888367
2013-04-25,0.023560091643163306,0.0,0.0,0.023560091643163306,152773.1188357937
2013-04-26,-0.005083677157950217,0.0,0.0,-0.005083677157950217,151996.46962121935
2013-04-29,0.009864447899536888,0.0,0.0,0.009864447899536888,153495.8308767114
2013-04-30,0.003302889744367654,0.0,0.0,0.003302889744367654,154002.8106823173
2013-05-01,-0.011627117828906464,0.0,0.0,-0.011627117828906464,152212.2018565312
2013-05-02,0.005740185352492544,0.0,0.0,0.005740185352492544,153085.9281080987
2013-05-03,0.0011978450615743874,0.0,0.0,0.0011978450615743874,153269.30133107954
2013-05-06,0.0004222504056590193,0.0,0.0,0.0004222504056590193,153334.01935574165
2013-05-07,-0.012451558843968757,0.0,0.0,-0.012451558843968757,151424.7717909514
2013-05-08,0.014816938016144476,0.0,0.0,0.014816938016144476,153668.42324868674
2013-05-09,-0.011582262231585427,0.0,0.0,-0.011582262231585427,151888.5952739062
2013-05-10,-0.008593079156717032,0.0,0.0,-0.008593079156717032,150583.40455171495
2013-05-13,-0.00838118464598625,0.0,0.0,-0.00838118464598625,149321.33723354578
2013-05-14,-0.004478762912597967,0.0,0.0,-0.004478762912597967,148652.56236628463
2013-05-15,-0.02307519579215711,0.0,0.0,-0.02307519579215711,145222.37538467676
2013-05-16,-0.004011056416375558,0.0,0.0,-0.004011056416375558,144639.88024408877
2013-05-17,-0.02252210527369891,0.0,0.0,-0.02252210527369891,141382.28563445617
2013-05-20,0.030899424480465454,0.0,0.0,0.030899424480465454,145750.91689229367
2013-05-21,-0.01657778504530205,0.0,0.0,-0.01657778504530205,143334.68952189753
2013-05-22,-0.007074069889109635,0.0,0.0,-0.007074069889109635,142320.7299106858
2013-05-23,0.02023645687084974,0.0,0.0,0.02023645687084974,145200.79722335126
2013-05-24,-0.006314583609401292,0.0,0.0,-0.006314583609401292,144283.9146491327
2013-05-28,-0.002018458618119001,0.0,0.0,-0.002018458618119001,143992.6835381532
2013-05-29,0.010038177262336356,0.0,0.0,0.010038177262336356,145438.10761998867
2013-05-30,0.013869280514663629,0.0,0.0,0.013869280514663629,147455.22953209214
2013-05-31,-0.020336494816085793,0.0,0.0,-0.020336494816085793,144456.507021108
2013-06-03,0.01933987733947884,0.0,0.0,0.01933987733947884,147250.2781477858
2013-06-04,-0.009376593881796569,0.0,0.0,-0.009376593881796569,145869.57209061243
2013-06-05,0.002144557820634496,0.0,0.0,0.002144557820634496,146182.39782223196
2013-06-06,0.007452733729297778,0.0,0.0,0.007452733729297778,147271.85630911132
2013-06-07,-0.023804292309807185,0.0,0.0,-0.023804292309807185,143766.15399252131
2013-06-10,0.0049520083144831695,0.0,0.0,0.0049520083144831695,144478.08518243357
2013-06-11,-0.005151578533889478,0.0,0.0,-0.005151578533889478,143733.7949801903
2013-06-12,0.007504690431519689,0.0,0.0,0.007504690431519689,144812.47261606413
2013-06-13,-0.0037988417641410255,0.0,0.0,-0.0037988417641410255,144262.35294712172
2013-06-14,0.005159168194085684,0.0,0.0,0.005159168194085684,145006.62669005047
2013-06-17,-0.004909532390677707,0.0,0.0,-0.004909532390677707,144294.71195945275
2013-06-18,-0.012259844040283574,0.0,0.0,-0.012259844040283574,142525.68129499225
2013-06-19,-0.011655252312203657,0.0,0.0,-0.011655252312203657,140864.50851853038
2013-06-20,-0.053526288841325154,0.0,0.0,-0.053526288841325154,133324.55414807622
2013-06-21,0.011731428766484253,0.0,0.0,0.011731428766484253,134888.64165788767
2013-06-24,-0.008956439178321784,0.0,0.0,-0.008956439178321784,133680.51974303235
2013-06-25,-0.003711765378358045,0.0,0.0,-0.003711765378358045,133184.32901808925
2013-06-26,-0.04203452166594779,0.0,0.0,-0.04203452166594779,127585.98945441366
2013-06-27,-0.019783533666219655,0.0,0.0,-0.019783533666219655,125061.88773670433
2013-06-28,0.02734171211137748,0.0,0.0,0.02734171211137748,128481.29386730671
2013-07-01,0.016959085154188536,0.0,0.0,0.016959085154188536,130660.2190707227
2013-07-02,-0.00891599295095069,0.0,0.0,-0.00891599295095069,129495.25347851847
2013-07-03,0.005747561803178369,0.0,0.0,0.005747561803178369,130239.53545110449
2013-07-05,-0.021948000437012394,0.0,0.0,-0.021948000437012394,127381.03807010736
2013-07-08,0.012024776377135282,0.0,0.0,0.012024776377135282,128912.76656758777
2013-07-09,0.009287930637690511,0.0,0.0,0.009287930637690511,130110.09940178032
2013-07-10,0.0027358165656277134,0.0,0.0,0.0027358165656277134,130466.05676707916
2013-07-11,0.027201331116487815,0.0,0.0,0.027201331116487815,134014.90717666296
2013-07-12,-0.0008853880573321815,0.0,0.0,-0.0008853880573321815,133896.25197834428
2013-07-15,0.00040282810653535783,0.0,0.0,0.00040282810653535783,133950.1891520009
2013-07-16,0.0057174994582687155,0.0,0.0,0.0057174994582687155,134716.04928591245
2013-07-17,-0.01257106015291043,0.0,0.0,-0.01257106015291043,133022.5257267768
2013-07-18,0.0055952192921975286,0.0,0.0,0.0055952192921975286,133766.81592902011
2013-07-19,0.008870239941715985,0.0,0.0,0.008870239941715985,134953.35968254987
2013-07-22,0.029813729592696125,0.0,0.0,0.029813729592696125,138976.82265575125
2013-07-23,0.006752642042110235,0.0,0.0,0.006752642042110235,139915.2833912954
2013-07-24,-0.017192222970528803,0.0,0.0,-0.017192222970528803,137509.82864224754
2013-07-25,0.009334756673011979,0.0,0.0,0.009334756673011979,138793.4494327705
2013-07-26,0.0008549048878288001,0.0,0.0,0.0008549048878288001,138912.10463108917
2013-07-29,-0.002407187152758228,0.0,0.0,-0.002407187152758228,138577.71719745858
2013-07-30,-0.0027244189319679535,0.0,0.0,-0.0027244189319679535,138200.17344117694
2013-07-31,-0.0012487983048118378,0.0,0.0,-0.0012487983048118378,138027.5892988589
2013-08-01,-0.010550160079556559,0.0,0.0,-0.010550160079556559,136571.37613636066
2013-08-02,-0.001974567560183438,0.0,0.0,-0.001974567560183438,136301.7067273922
2013-08-05,-0.005223200846164677,0.0,0.0,-0.005223200846164677,135589.77553748
2013-08-06,-0.013762893950199695,0.0,0.0,-0.013762893950199695,133723.66783602626
2013-08-07,0.0014519666322767577,0.0,0.0,0.0014519666322767577,133917.83013966985
2013-08-08,0.02182842570410881,0.0,0.0,0.02182842570410881,136841.0455453291
2013-08-09,0.0,0.0,0.0,0.0,136841.0455453291
2013-08-12,0.017893774724416334,0.0,0.0,0.017893774724416334,139289.6483873708
2013-08-13,-0.010764399957271298,0.0,0.0,-0.010764399957271298,137790.27890222147
2013-08-14,0.00986380270316145,0.0,0.0,0.00986380270316145,139149.4150277266
2013-08-15,0.020852732103924465,0.0,0.0,0.020852732103924465,142051.06050171755
2013-08-16,0.006758291238125214,0.0,0.0,0.006758291238125214,143011.08293927272
2013-08-19,-0.004299346178506691,0.0,0.0,-0.004299346178506691,142396.22878635366
2013-08-20,0.0033330994600069275,0.0,0.0,0.0033330994600069275,142870.84957962847
2013-08-21,-0.002868928899801504,0.0,0.0,-0.002868928899801504,142460.96327033028
2013-08-22,0.0056030150173187465,0.0,0.0,0.0056030150173187465,143259.17418691565
2013-08-23,0.01573673952496346,0.0,0.0,0.01573673952496346,145513.6064956565
2013-08-26,0.004077116950649051,0.0,0.0,0.004077116950649051,146106.88248725
2013-08-27,0.009597660251366102,0.0,0.0,0.009597660251366102,147509.1667057489
2013-08-28,-0.0002924554744629937,0.0,0.0,-0.0002924554744629937,147466.02684241234
2013-08-29,-0.0061444777662679195,0.0,0.0,-0.0061444777662679195,146559.92511919927
2013-08-30,-0.009199970890717113,0.0,0.0,-0.009199970890717113,145211.57807435695
2013-09-03,0.013370993292570743,0.0,0.0,0.013370993292570743,147153.20111079278
2013-09-04,-0.012901294021836374,0.0,0.0,-0.012901294021836374,145254.73439700803
2013-09-05,-0.01826828046165707,0.0,0.0,-0.01826828046165707,142601.18017065997
2013-09-06,0.014750355470928067,0.0,0.0,0.014750355470928067,144704.59826875106
2013-09-09,-0.0017889694021170355,0.0,0.0,-0.0017889694021170355,144445.72617010263
2013-09-10,-0.016204899631104497,0.0,0.0,-0.016204899631104497,142104.9976753741
2013-09-11,-0.00030369320824075174,0.0,0.0,-0.00030369320824075174,142061.84135272302
2013-09-12,-0.030599839579955712,0.0,0.0,-0.030599839579955712,137714.77179689656
2013-09-13,0.0011749160180953844,0.0,0.0,0.0011749160180953844,137876.5750882091
2013-09-16,-0.010718218978664984,0.0,0.0,-0.010718218978664984,136398.78376438533
2013-09-17,0.0003954373504513331,0.0,0.0,0.0003954373504513331,136452.7209380419
2013-09-18,0.04355726882874267,0.0,0.0,0.04355726882874267,142396.2287863536
2013-09-19,-0.0019695062317609535,0.0,0.0,-0.0019695062317609535,142115.7785263796
2013-09-20,-0.028766610364533873,0.0,0.0,-0.028766610364533873,138027.5892988589
2013-09-23,-0.0032040953082861368,0.0,0.0,-0.0032040953082861368,137585.33574757236
2013-09-24,0.000862411663815843,0.0,0.0,0.000862411663815843,137703.9909458911
2013-09-25,0.0088515556290778,0.0,0.0,0.0088515556290778,138922.8854820947
2013-09-26,-0.007764519160924133,0.0,0.0,-0.007764519160924133,137844.2160758781
2013-09-27,0.009233901688096902,0.0,0.0,0.009233901688096902,139117.05601539553
2013-09-30,-0.006125521729428818,0.0,0.0,-0.006125521729428818,138264.89146583906
2013-10-01,-0.028007462498232272,0.0,0.0,-0.028007462498232272,134392.4427032874
2013-10-02,0.019825036466045276,0.0,0.0,0.019825036466045276,137056.777780641
2013-10-03,0.0009444573342343165,0.0,0.0,0.0009444573342343165,137186.22205962244
2013-10-04,-0.005110878473967517,0.0,0.0,-0.005110878473967517,136485.07995037298
2013-10-07,0.008772628001741278,0.0,0.0,0.008772628001741278,137682.41278456553
2013-10-08,-0.0018802715834939088,0.0,0.0,-0.0018802715834939088,137423.53245625983
2013-10-09,-0.010125595761985129,0.0,0.0,-0.010125595761985129,136032.03731842368
2013-10-10,-0.014590468308459559,0.0,0.0,-0.014590468308459559,134047.26618899402
2013-10-11,-0.013438466355977674,0.0,0.0,-0.013438466355977674,132245.87651220246
2013-10-14,0.0018760469803931201,0.0,0.0,0.0018760469803931201,132493.97598950262
2013-10-15,0.007327212508852821,0.0,0.0,0.007327212508852821,133464.78750772052
2013-10-16,-0.0015356214034694116,0.0,0.0,-0.0015356214034694116,133259.83612341416
2013-10-17,0.031406809330291274,0.0,0.0,0.031406809330291274,137445.10238792808
2013-10-18,-0.004473392740662829,0.0,0.0,-0.004473392740662829,136830.25646466628
2013-10-21,0.0010248709844409287,0.0,0.0,0.0010248709844409287,136970.4898243105
2013-10-22,0.01858554826403047,0.0,0.0,0.01858554826403047,139516.16147368812
2013-10-23,-0.00502546710134677,0.0,0.0,-0.00502546710134677,138815.0275940959
2013-10-24,0.009402373394382657,0.0,0.0,0.009402373394382657,140120.21831628715
2013-10-25,0.004311107341768539,0.0,0.0,0.004311107341768539,140724.29161820072
2013-10-28,0.0007664482567892872,0.0,0.0,0.0007664482567892872,140832.14950619938
2013-10-29,-0.006050806532669206,0.0,0.0,-0.006050806532669206,139980.0014159574
2013-10-30,-0.0013099958645943488,0.0,0.0,-0.0013099958645943488,139796.6281929766
2013-10-31,-0.014351914754235917,0.0,0.0,-0.014351914754235917,137790.27890222138
2013-11-01,-0.006184444408475875,0.0,0.0,-0.006184444408475875,136938.12258232222
2013-11-04,-0.0011027915952256384,0.0,0.0,-0.0011027915952256384,136787.10837167248
2013-11-05,-0.001971453393369016,0.0,0.0,-0.001971453393369016,136517.438962704
2013-11-06,0.005056885287565871,0.0,0.0,0.005056885287565871,137207.79199129067
2013-11-07,-0.008176048043114337,0.0,0.0,-0.008176048043114337,136085.97449208025
2013-11-08,-0.014901750382376844,0.0,0.0,-0.014901750382376844,134058.05526965676
2013-11-11,-0.0032989703632273493,0.0,0.0,-0.0032989703632273493,133615.80171837026
2013-11-12,-0.01146367778198043,0.0,0.0,-0.01146367778198043,132084.0732208899
2013-11-13,0.003266651987324787,0.0,0.0,0.003266651987324787,132515.54592117085
2013-11-14,0.01155879679757943,0.0,0.0,0.01155879679757943,134047.26618899396
2013-11-15,0.000402374290726204,0.0,0.0,0.000402374290726204,134101.20336265056
2013-11-18,-0.011422121721614165,0.0,0.0,-0.011422121721614165,132569.48309482742
2013-11-19,0.0004067975731698592,0.0,0.0,0.0004067975731698592,132623.41203882676
2013-11-20,-0.02301744019441898,0.0,0.0,-0.02301744019441898,129570.7605838433
2013-11-21,-0.0014985040048288711,0.0,0.0,-0.0014985040048288711,129376.59828019967
2013-11-22,-0.00016678565994432404,0.0,0.0,-0.00016678565994432404,129355.02011887416
2013-11-25,0.004503009704574623,0.0,0.0,0.004503009704574623,129937.50702980491
2013-11-26,-0.005312961933526483,0.0,0.0,-0.005312961933526483,129247.15400121822
2013-11-27,-0.0030045118616964794,0.0,0.0,-0.0030045118616964794,128858.82939393105
2013-11-29,0.010380025726374864,0.0,0.0,0.010380025726374864,130196.38735811062
2013-12-02,-0.025849173124050884,0.0,0.0,-0.025849173124050884,126830.91840116483
2013-12-03,0.0032318187404349885,0.0,0.0,0.0032318187404349885,127240.81294012029
2013-12-04,0.016954900097682968,0.0,0.0,0.016954900097682968,129398.16821186797
2013-12-05,-0.013837913015870673,0.0,0.0,-0.013837913015870673,127607.56761573914
2013-12-06,0.0021132712895250982,0.0,0.0,0.0021132712895250982,127877.23702470762
2013-12-09,0.009869237780065765,0.0,0.0,0.009869237780065765,129139.28788356228
2013-12-10,0.01754091590969642,0.0,0.0,0.01754091590969642,131404.50927296592
2013-12-11,-0.007880471900160724,0.0,0.0,-0.007880471900160724,130368.97973008589
2013-12-12,-0.02126427007980758,0.0,0.0,-0.02126427007980758,127596.77853507639
2013-12-13,0.009214610951512325,0.0,0.0,0.009214610951512325,128772.5332079434
2013-12-16,0.002596793391862917,0.0,0.0,0.002596793391862917,129106.92887123123
2013-12-17,-0.008689121015236445,0.0,0.0,-0.008689121015236445,127985.10314236357
2013-12-18,-0.00876528362539053,0.0,0.0,-0.00876528362539053,126863.2774134959
2013-12-19,-0.023722480240186083,0.0,0.0,-0.023722480240186083,123853.765821849
2013-12-20,0.00975442213515798,0.0,0.0,0.00975442213515798,125061.8877367043
2013-12-23,-0.0031913294703354023,0.0,0.0,-0.0031913294703354023,124662.77404875439
2013-12-24,0.004585954665539571,0.0,0.0,0.004585954665539571,125234.47187902237
2013-12-26,0.005512484048749489,0.0,0.0,0.005512484048749489,125924.82490760906
2013-12-27,0.0032551386822532447,0.0,0.0,0.0032551386822532447,126334.72767622178
2013-12-30,-0.014771203179331338,0.0,0.0,-0.014771203179331338,124468.61174511081
2013-12-31,0.006326400561529999,0.0,0.0,0.006326400561529999,125256.05004034794
2014-01-02,0.0161901240867246,0.0,0.0,0.0161901240867246,127283.96103311417
2014-01-03,0.010932211148536819,0.0,0.0,0.010932211148536819,128675.4561709503
2014-01-06,0.0017604081051298959,0.0,0.0,0.0017604081051298959,128901.97748692494
2014-01-07,-0.0056903791228098966,0.0,0.0,-0.0056903791228098966,128168.47636534442
2014-01-08,-0.005891238428211043,0.0,0.0,-0.005891238428211043,127413.40531209567
2014-01-09,0.0028783976463329086,0.0,0.0,0.0028783976463329086,127780.15175805725
2014-01-10,0.015195028411862932,0.0,0.0,0.015195028411862932,129721.77479449309
2014-01-13,0.006319594988656307,0.0,0.0,0.006319594988656307,130541.56387240396
2014-01-14,-0.009337277183627424,0.0,0.0,-0.009337277183627424,129322.66110654314
2014-01-15,-0.0019183895963796882,0.0,0.0,-0.0019183895963796882,129074.5698589002
2014-01-16,0.0010863885127820883,0.0,0.0,0.0010863885127820883,129214.7949888872
2014-01-17,0.009516648976840125,0.0,0.0,0.009516648976840125,130444.48683541079
2014-01-21,-0.010171201139746788,0.0,0.0,-0.010171201139746788,129117.70972223677
2014-01-22,-0.004260605846602372,0.0,0.0,-0.004260605846602372,128567.5900532943
2014-01-23,0.02181389731407446,0.0,0.0,0.02181389731407446,131372.1502606349
2014-01-24,0.00410542734412811,0.0,0.0,0.00410542734412811,131911.4890785718
2014-01-27,-0.010875801955168796,0.0,0.0,-0.010875801955168796,130476.84584774185
2014-01-28,-8.268961893320714e-05,0.0,0.0,-8.268961893320714e-05,130466.05676707908
2014-01-29,0.012567212160504493,0.0,0.0,0.012567212160504493,132105.65138221538
2014-01-30,-0.02204625255756343,0.0,0.0,-0.02204625255756343,129193.21682756161
2014-01-31,0.002671785119756409,0.0,0.0,0.002671785119756409,129538.39334185496
2014-02-03,0.010242346527122859,0.0,0.0,0.010242346527122859,130865.17045502897
2014-02-04,-0.002720094229185732,0.0,0.0,-0.002720094229185732,130509.20486007283
2014-02-05,0.0024795690309509233,0.0,0.0,0.0024795690309509233,130832.8114426979
2014-02-06,-0.0004122602966476485,0.0,0.0,-0.0004122602966476485,130778.87426904129
2014-02-07,0.00767073838306076,0.0,0.0,0.00767073838306076,131782.0447995903
2014-02-10,0.0061389867499452855,0.0,0.0,0.0061389867499452855,132591.05302649568
2014-02-11,0.011714956580352709,0.0,0.0,0.011714956580352709,134144.35145564433
2014-02-12,0.0005628794988796759,0.0,0.0,0.0005628794988796759,134219.8585609692
2014-02-13,0.008518826295861093,0.0,0.0,0.008518826295861093,135363.25422150514
2014-02-14,0.01322817507664209,0.0,0.0,0.01322817507664209,137153.86304729123
2014-02-18,0.0019661816515914587,0.0,0.0,0.0019661816515914587,137423.53245625968
2014-02-19,-0.00886973994723983,0.0,0.0,-0.00886973994723983,136204.6214607416
2014-02-20,0.010532999654813135,0.0,0.0,0.010532999654813135,137639.26469157153
2014-02-21,-0.00015671350552937113,0.0,0.0,-0.00015671350552937113,137617.6947599032
2014-02-24,0.011051917556613278,0.0,0.0,0.011051917556613278,139138.63417672084
2014-02-25,0.001705567961347132,0.0,0.0,0.001705567961347132,139375.94457335825
2014-02-26,-0.008513319761305871,0.0,0.0,-0.008513319761305871,138189.3925901712
2014-02-27,0.0007024926817724708,0.0,0.0,0.0007024926817724708,138286.46962716436
2014-02-28,-0.00452413584607414,0.0,0.0,-0.00452413584607414,137660.84285289707
2014-03-03,0.02092141108046075,0.0,0.0,0.02092141108046075,140540.90193590525
2014-03-04,-0.012357054979777349,0.0,0.0,-0.012357054979777349,138804.23028377577
2014-03-05,0.0016320075055982208,0.0,0.0,0.0016320075055982208,139030.7598294077
2014-03-06,0.009930939447266862,0.0,0.0,0.009930939447266862,140411.46588658105
2014-03-07,-0.008296856773808758,0.0,0.0,-0.008296856773808758,139246.49206471955
2014-03-10,0.0003099275393667611,0.0,0.0,0.0003099275393667611,139289.6483873706
2014-03-11,0.005653184387327759,0.0,0.0,0.005653184387327759,140077.0784529505
2014-03-12,0.014631094159512248,0.0,0.0,0.014631094159512248,142126.55937738498
2014-03-13,0.003415393334794903,0.0,0.0,0.003415393334794903,142611.97748097984
2014-03-14,0.006731709737936908,0.0,0.0,0.006731709737936908,143571.999918535
2014-03-17,-0.010969246032428437,0.0,0.0,-0.010969246032428437,141997.12332806078
2014-03-18,-0.007748437231769989,0.0,0.0,-0.007748437231769989,140896.8675308614
2014-03-19,-0.019369153834579822,0.0,0.0,-0.019369153834579822,138167.8144288457
2014-03-20,-0.0017955791561766743,0.0,0.0,-0.0017955791561766743,137919.7231812028
2014-03-21,0.0047708478604697735,0.0,0.0,0.0047708478604697735,138577.7171974584
2014-03-24,-0.01782518014920287,0.0,0.0,-0.01782518014920287,136107.54442374845
2014-03-25,0.001822819435546963,0.0,0.0,0.001822819435546963,136355.6439010486
2014-03-26,-0.007910766324103369,0.0,0.0,-0.007910766324103369,135276.9662651748
2014-03-27,-0.006538611755630641,0.0,0.0,-0.006538611755630641,134392.44270328726
2014-03-28,-0.00024077999982841103,0.0,0.0,-0.00024077999982841103,134360.08369095623
2014-03-31,-0.007626822148863011,0.0,0.0,-0.007626822148863011,133335.34322873896
2014-04-01,-0.0017798011456744423,0.0,0.0,-0.0017798011456744423,133098.03283210154
2014-04-02,0.007537080069503599,0.0,0.0,0.007537080069503599,134101.2033626505
2014-04-03,-0.003217515499202017,0.0,0.0,-0.003217515499202017,133669.73066236955
2014-04-04,0.013315054472720078,0.0,0.0,0.013315054472720078,135449.5504074928
2014-04-07,-0.00525600091039935,0.0,0.0,-0.00525600091039935,134737.62744723784
2014-04-08,0.009446742784294582,0.0,0.0,0.009446742784294582,136010.459157098
2014-04-09,0.0018241205774742753,0.0,0.0,0.0018241205774742753,136258.55863439818
2014-04-10,0.005462337263087758,0.0,0.0,0.005462337263087758,137002.84883664147
2014-04-11,-0.000629886069672625,0.0,0.0,-0.000629886069672625,136916.55265065382
2014-04-14,0.0072480750550174555,0.0,0.0,0.0072480750550174555,137908.93410054
2014-04-15,-0.018459136789346742,0.0,0.0,-0.018459136789346742,135363.25422150514
2014-04-16,0.0003984624480757315,0.0,0.0,0.0003984624480757315,135417.19139516173
2014-04-17,-0.006292822285853816,0.0,0.0,-0.006292822285853816,134565.0350752625
2014-04-21,-0.004088193476797453,0.0,0.0,-0.004088193476797453,134014.9071766628
2014-04-22,-0.003702503963152304,0.0,0.0,-0.003702503963152304,133518.71645171972
2014-04-23,-0.00016154987286798317,0.0,0.0,-0.00016154987286798317,133497.14652005144
2014-04-24,0.006464087011591069,0.0,0.0,0.006464087011591069,134360.08369095618
2014-04-25,0.0069846079289843654,0.0,0.0,0.0069846079289843654,135298.53619684305
2014-04-28,-0.004384940209038124,0.0,0.0,-0.004384940209038124,134705.2602052495
2014-04-29,-0.00016012686984456792,0.0,0.0,-0.00016012686984456792,134683.69027358125
2014-04-30,-0.005125735916385876,0.0,0.0,-0.005125735916385876,133993.33724499456
2014-05-01,-0.003381083278200192,0.0,0.0,-0.003381083278200192,133540.29461304526
2014-05-02,0.010177661355219803,0.0,0.0,0.010177661355219803,134899.42250889313
2014-05-05,0.009275577200982044,0.0,0.0,0.009275577200982044,136150.69251674225
2014-05-06,-0.001901424983746236,0.0,0.0,-0.001901424983746236,135891.81218843657
2014-05-07,-0.014367400696601473,0.0,0.0,-0.014367400696601473,133939.400071338
2014-05-08,0.0,0.0,0.0,0.0,133939.400071338
2014-05-09,-0.0005637408058023485,0.0,0.0,-0.0005637408058023485,133863.8929660131
2014-05-12,0.006768766942896631,0.0,0.0,0.006768766942896631,134769.9864595689
2014-05-13,-0.002721337927335088,0.0,0.0,-0.002721337927335088,134403.23178395003
2014-05-14,0.009711068212604923,0.0,0.0,0.009711068212604923,135708.43073579852
2014-05-15,-0.008266440948327625,0.0,0.0,-0.008266440948327625,134586.60500693083
2014-05-16,-0.0021639548796237307,0.0,0.0,-0.0021639548796237307,134295.3656662941
2014-05-19,0.0006425849883908707,0.0,0.0,0.0006425849883908707,134381.66185228174
2014-05-20,0.0008829716546379096,0.0,0.0,0.0008829716546379096,134500.31705060042
2014-05-21,-0.0024059912253091564,0.0,0.0,-0.0024059912253091564,134176.71046797538
2014-05-22,0.0022509750033827824,0.0,0.0,0.0022509750033827824,134478.73888927491
2014-05-23,-0.0012833563412588678,0.0,0.0,-0.0012833563412588678,134306.1547469569
2014-05-27,-0.02136377492949515,0.0,0.0,-0.02136377492949515,131436.86828529695
2014-05-28,-0.005334440164288856,0.0,0.0,-0.005334440164288856,130735.72617604752
2014-05-29,-0.0021451692523308807,0.0,0.0,-0.0021451692523308807,130455.27591607351
2014-05-30,-0.004216984669547563,0.0,0.0,-0.004216984669547563,129905.14801747384
2014-06-02,-0.00606164041421331,0.0,0.0,-0.00606164041421331,129117.70972223674
2014-06-03,0.002589851260583753,0.0,0.0,0.002589851260583753,129452.10538552457
2014-06-04,-0.002083159699607484,0.0,0.0,-0.002083159699607484,129182.4359765561
2014-06-05,0.007515042667209704,0.0,0.0,0.007515042667209704,130153.247494774
2014-06-06,-0.00041441281485321557,0.0,0.0,-0.00041441281485321557,130099.31032111739
2014-06-09,0.0003316550478809077,0.0,0.0,0.0003316550478809077,130142.4584141112
2014-06-10,0.006133426062251646,0.0,0.0,0.006133426062251646,130940.67756035381
2014-06-11,0.00016479341429698202,0.0,0.0,0.00016479341429698202,130962.25572167935
2014-06-12,0.010130925709896266,0.0,0.0,0.010130925709896266,132289.02460519611
2014-06-13,0.0026092604078342685,0.0,0.0,0.0026092604078342685,132634.20111948947
2014-06-16,-0.004391679566916329,0.0,0.0,-0.004391679566916329,132051.71420855875
2014-06-17,-0.001143599017664143,0.0,0.0,-0.001143599017664143,131900.69999790896
2014-06-18,0.0031893964143094866,0.0,0.0,0.0031893964143094866,132321.3836175272
2014-06-19,0.03480887206487204,0.0,0.0,0.03480887206487204,136927.34173131658
2014-06-20,-0.0034662236721583195,0.0,0.0,-0.0034662236721583195,136452.72093804178
2014-06-23,0.0027667863566884776,0.0,0.0,0.0027667863566884776,136830.25646466616
2014-06-24,0.0010248709844409287,0.0,0.0,0.0010248709844409287,136970.48982431038
2014-06-25,7.870929730424692e-05,0.0,0.0,7.870929730424692e-05,136981.2706753159
2014-06-26,-0.002047362085278892,0.0,0.0,-0.002047362085278892,136700.82041534194
2014-06-27,-0.0005523529785370629,0.0,0.0,-0.0005523529785370629,136625.31331001705
2014-06-30,0.010895228044559557,0.0,0.0,0.010895228044559557,138113.8772551891
2014-07-01,-0.0026553917191389775,0.0,0.0,-0.0026553917191389775,137747.1308092275
2014-07-02,0.0,0.0,0.0,0.0,137747.1308092275
2014-07-03,-0.0042286084497847876,0.0,0.0,-0.0042286084497847876,137164.652127954
2014-07-07,-0.001101030316222662,0.0,0.0,-0.001101030316222662,137013.629687647
2014-07-08,0.0003936628332492642,0.0,0.0,0.0003936628332492642,137067.56686130358
2014-07-09,0.0060596257567928635,0.0,0.0,0.0060596257567928635,137898.14501987727
2014-07-10,0.005475570778272321,0.0,0.0,0.005475570778272321,138653.21607312607
2014-07-11,0.0018671659071103353,0.0,0.0,0.0018671659071103353,138912.104631089
2014-07-14,-0.02376143490914273,0.0,0.0,-0.02376143490914273,135611.35369880538
2014-07-15,-0.009465498169358044,0.0,0.0,-0.009465498169358044,134327.72467862518
2014-07-16,0.0035333047917720517,0.0,0.0,0.0035333047917720517,134802.3454719
2014-07-17,0.016964032139549223,0.0,0.0,0.016964032139549223,137089.13679297193
2014-07-18,-0.007553695114762227,0.0,0.0,-0.007553695114762227,136053.60725009188
2014-07-21,0.0016649416399394656,0.0,0.0,0.0016649416399394656,136280.12856606653
2014-07-22,-0.004749077817894132,0.0,0.0,-0.004749077817894132,135632.92363047367
2014-07-23,-0.0009543114301423516,0.0,0.0,-0.0009543114301423516,135503.48758114947
2014-07-24,-0.010109888908560016,0.0,0.0,-0.010109888908560016,134133.56237498161
2014-07-25,0.011580236904513708,0.0,0.0,0.011580236904513708,135686.8608041303
2014-07-28,-0.0016694417914321358,0.0,0.0,-0.0016694417914321358,135460.33948815565
2014-07-29,-0.003025998385664197,0.0,0.0,-0.003025998385664197,135050.43671954295
2014-07-30,-0.0029552326374295834,0.0,0.0,-0.0029552326374295834,134651.33126125025
2014-07-31,-0.011535707925047878,0.0,0.0,-0.011535707925047878,133098.0328321016
2014-08-01,0.008023323354133804,0.0,0.0,0.008023323354133804,134165.92138731267
2014-08-04,-0.003135547501692204,0.0,0.0,-0.003135547501692204,133745.23776769446
2014-08-05,-0.0009677806214604123,0.0,0.0,-0.0009677806214604123,133615.80171837026
2014-08-06,0.014531326248904408,0.0,0.0,0.014531326248904408,135557.41652514884
2014-08-07,0.0040582648496965135,0.0,0.0,0.0040582648496965135,136107.5444237485
2014-08-08,7.92687922512858e-05,0.0,0.0,7.92687922512858e-05,136118.33350441128
2014-08-11,-0.0018226749543045484,0.0,0.0,-0.0018226749543045484,135870.23402711112
2014-08-12,0.00023816115842256735,0.0,0.0,0.00023816115842256735,135902.59303944217
2014-08-13,0.0016667917138926125,0.0,0.0,0.0016667917138926125,136129.11435541682
2014-08-14,0.0008716371870964856,0.0,0.0,0.0008716371870964856,136247.76955373553
2014-08-15,-0.006571088731714525,0.0,0.0,-0.006571088731714525,135352.47337049973
2014-08-18,-0.004144120645117932,0.0,0.0,-0.004144120645117932,134791.55639123727
2014-08-19,-0.002240707277115117,0.0,0.0,-0.002240707277115117,134489.52796993777
2014-08-20,-0.003689437627099168,0.0,0.0,-0.003689437627099168,133993.33724499468
2014-08-21,-0.010787344663637288,0.0,0.0,-0.010787344663637288,132547.90493350194
2014-08-22,0.002522828734679683,0.0,0.0,0.002522828734679683,132882.30059678975
2014-08-25,-0.003652930990489689,0.0,0.0,-0.003652930990489689,132396.8907228522
2014-08-26,0.004969860037219664,0.0,0.0,0.004969860037219664,133054.88473910783
2014-08-27,-0.00024320048372894476,0.0,0.0,-0.00024320048372894476,133022.52572677677
2014-08-28,0.0055141121217852085,0.0,0.0,0.0055141121217852085,133756.0268483573
2014-08-29,-0.0011290273358744995,0.0,0.0,-0.0011290273358744995,133605.01263770752
2014-09-02,-0.01784271817844607,0.0,0.0,-0.01784271817844607,131221.1360499852
2014-09-03,0.004110152024072278,0.0,0.0,0.004110152024072278,131760.47486792208
2014-09-04,-0.005485044294521457,0.0,0.0,-0.005485044294521457,131037.76282700435
2014-09-05,0.004774400606131213,0.0,0.0,0.004774400606131213,131663.38960127166
2014-09-08,-0.010896233231708186,0.0,0.0,-0.010896233231708186,130228.75460009895
2014-09-09,0.0011596072704027627,0.0,0.0,0.0011596072704027627,130379.76881074873
2014-09-10,-0.0050467493711445766,0.0,0.0,-0.0050467493711445766,129721.77479449312
2014-09-11,-0.006569107778930938,0.0,0.0,-0.006569107778930938,128869.61847459388
2014-09-12,-0.009123662477173222,0.0,0.0,-0.009123662477173222,127693.8555720696
2014-09-15,0.002196335041923403,0.0,0.0,0.002196335041923403,127974.31406170086
2014-09-16,0.0016015040659449475,0.0,0.0,0.0016015040659449475,128179.2654460072
2014-09-17,-0.010855852020951517,0.0,0.0,-0.010855852020951517,126787.77030817108
2014-09-18,0.002041839900460918,0.0,0.0,0.002041839900460918,127046.65063647677
2014-09-19,-0.00585840081981337,0.0,0.0,-0.00585840081981337,126302.3604342335
2014-09-22,-0.002049687174615289,0.0,0.0,-0.002049687174615289,126043.48010592783
2014-09-23,0.006418485321299405,0.0,0.0,0.006418485321299405,126852.48833283322
2014-09-24,-0.004676831883499766,0.0,0.0,-0.004676831883499766,126259.22057089696
2014-09-25,0.0029047102009924775,0.0,0.0,0.0029047102009924775,126625.9670168586
2014-09-26,-0.0028111579586886926,0.0,0.0,-0.0028111579586886926,126270.0014219025
2014-09-29,-0.0002562684087010769,0.0,0.0,-0.0002562684087010769,126237.64240957143
2014-09-30,-0.007006747871292629,0.0,0.0,-0.007006747871292629,125353.12707734117
2014-10-01,0.004818841433659182,0.0,0.0,0.004818841433659182,125957.1839199402
2014-10-02,-0.0002569048570634225,0.0,0.0,-0.0002569048570634225,125924.82490760912
2014-10-03,-0.018245650954213377,0.0,0.0,-0.018245650954213377,123627.24450587446
2014-10-06,0.012389827775788786,0.0,0.0,0.012389827775788786,125158.96477369756
2014-10-07,0.0028441078559553468,0.0,0.0,0.0028441078559553468,125514.93036865369
2014-10-08,0.009539365800353972,0.0,0.0,0.009539365800353972,126712.26320284622
2014-10-09,0.0014471624004321892,0.0,0.0,0.0014471624004321892,126895.63642582706
2014-10-10,-0.0004250514452333043,0.0,0.0,-0.0004250514452333043,126841.69925217045
2014-10-13,0.007908838626913939,0.0,0.0,0.007908838626913939,127844.86978271943
2014-10-14,0.0005906150591197257,0.0,0.0,0.0005906150591197257,127920.3768880443
2014-10-15,0.0033729786510761084,0.0,0.0,0.0033729786510761084,128351.84958832529
2014-10-16,0.001932963787401265,0.0,0.0,0.001932963787401265,128599.94906562548
2014-10-17,-0.001929234646691702,0.0,0.0,-0.001929234646691702,128351.84958832529
2014-10-20,0.006807338453066025,0.0,0.0,0.006807338453066025,129225.58406955005
2014-10-21,0.0018363404482850676,0.0,0.0,0.0018363404482850676,129462.88623653022
2014-10-22,-0.005665725080780226,0.0,0.0,-0.005665725080780226,128729.3851149497
2014-10-23,-0.006871122171836941,0.0,0.0,-0.006871122171836941,127844.86978271946
2014-10-24,-0.0014343416618317617,0.0,0.0,-0.0014343416618317617,127661.49655973865
2014-10-27,-0.0024503668717050786,0.0,0.0,-0.0024503668717050786,127348.67905777636
2014-10-28,0.00033881853595230105,0.0,0.0,0.00033881853595230105,127391.82715077017
2014-10-29,-0.0143098631147065,0.0,0.0,-0.0143098631147065,125568.86754231031
2014-10-30,-0.010480209452138678,0.0,0.0,-0.010480209452138678,124252.87950979904
2014-10-31,-0.021963701064975694,0.0,0.0,-0.021963701064975694,121523.82640778336
2014-11-03,-0.004526913897145546,0.0,0.0,-0.004526913897145546,120973.69850918367
2014-11-04,0.0006241613363515697,0.0,0.0,0.0006241613363515697,121049.20561450857
2014-11-05,-0.021653896620413504,0.0,0.0,-0.021653896620413504,118428.01863014883
2014-11-06,0.0008197134269072315,0.0,0.0,0.0008197134269072315,118525.09566714198
2014-11-07,0.02812162399457141,0.0,0.0,0.02812162399457141,121858.21384141395
2014-11-10,-0.02221830671070646,0.0,0.0,-0.02221830671070646,119150.73067106656
2014-11-11,0.014303837082656479,0.0,0.0,0.014303837082656479,120855.04331086499
2014-11-12,-0.004819715379460576,0.0,0.0,-0.004819715379460576,120272.55639993424
2014-11-13,0.0015246472551151413,0.0,0.0,0.0015246472551151413,120455.92962291506
2014-11-14,0.02507390613118554,0.0,0.0,0.02507390613118554,123476.23029522474
2014-11-17,-0.0036690675676289697,0.0,0.0,-0.0036690675676289697,123023.18766327544
2014-11-18,0.008768083938990978,0.0,0.0,0.008768083938990978,124101.86529914929
2014-11-19,-0.011907889702233998,0.0,0.0,-0.011907889702233998,122624.0739753255
2014-11-20,0.010380016731246,0.0,0.0,0.010380016731246,123896.91391484294
2014-11-21,0.0046143024245213216,0.0,0.0,0.0046143024245213216,124468.6117451109
2014-11-24,-0.0024265428614084206,0.0,0.0,-0.0024265428614084206,124166.58332381138
2014-11-25,0.002345553311048354,0.0,0.0,0.002345553311048354,124457.82266444812
2014-11-26,-0.0019066874375580634,0.0,0.0,-0.0019066874375580634,124220.520497468
2014-11-28,-0.02648491624493876,0.0,0.0,-0.02648491624493876,120930.55041618986
2014-12-01,0.03987156539441128,0.0,0.0,0.03987156539441128,125752.24076529112
2014-12-02,-0.012352053686643938,0.0,0.0,-0.012352053686643938,124198.94233614249
2014-12-03,0.010335265309313613,0.0,0.0,0.010335265309313613,125482.57135632266
2014-12-04,-0.003868344971663107,0.0,0.0,-0.003868344971663107,124997.16148238507
2014-12-05,-0.012512918386347383,0.0,0.0,-0.012512918386347383,123433.0822022309
2014-12-08,0.011797592156958414,0.0,0.0,0.011797592156958414,124889.29536472914
2014-12-09,0.020815371286221795,0.0,0.0,0.020815371286221795,127488.9124174206
2014-12-10,-0.001946047484410629,0.0,0.0,-0.001946047484410629,127240.81294012042
2014-12-11,-0.0022888830549504524,0.0,0.0,-0.0022888830549504524,126949.57359948367
2014-12-12,-0.002379121195415612,0.0,0.0,-0.002379121195415612,126647.54517818415
2014-12-15,-0.025721865073372374,0.0,0.0,-0.025721865073372374,123389.93410923706
2014-12-16,0.004895511509587891,0.0,0.0,0.004895511509587891,123993.99095183612
2014-12-17,-0.00591561829690157,0.0,0.0,-0.00591561829690157,123260.4898302556
2014-12-18,0.007701101852319869,0.0,0.0,0.007701101852319869,124209.73141680523
2014-12-19,-0.003300085781823392,0.0,0.0,-0.003300085781823392,123799.82864819252
2014-12-22,-0.019342978620211726,0.0,0.0,-0.019342978620211726,121405.17120946466
2014-12-23,0.0016880924643276618,0.0,0.0,0.0016880924643276618,121610.11436411378
2014-12-24,0.000266088166270384,0.0,0.0,0.000266088166270384,121642.47337644485
2014-12-26,0.018267316212737805,0.0,0.0,0.018267316212737805,123864.55490251191
2014-12-29,-0.010101921480555442,0.0,0.0,-0.010101921480555442,122613.2848946628
2014-12-30,0.013460005313124634,0.0,0.0,0.013460005313124634,124263.66036080461
2014-12-31,-0.014062457987003008,0.0,0.0,-0.014062457987003008,122516.2078576696
2015-01-02,0.004402183412038685,0.0,0.0,0.004402183412038685,123055.5466756065
2015-01-05,0.015077149308345472,0.0,0.0,0.015077149308345472,124910.8735260547
2015-01-06,0.011398960794795965,0.0,0.0,0.011398960794795965,126334.72767622191
2015-01-07,-0.005891414149803764,0.0,0.0,-0.005891414149803764,125590.43747397863
2015-01-08,-0.004208518959763041,0.0,0.0,-0.004208518959763041,125061.88773670446
2015-01-09,0.011385196369056105,0.0,0.0,0.011385196369056105,126485.74188687169
2015-01-12,0.011086435260788896,0.0,0.0,0.011086435260788896,127888.01787571335
2015-01-13,-0.003373767752371193,0.0,0.0,-0.003373767752371193,127456.55340508961
2015-01-14,-0.0016080097792615655,0.0,0.0,-0.0016080097792615655,127251.60202078325
2015-01-15,0.025175902263039784,0.0,0.0,0.025175902263039784,130455.27591607373
2015-01-16,0.013064281211881523,0.0,0.0,0.013064281211881523,132159.5803262149
2015-01-20,0.013712049879254229,0.0,0.0,0.013712049879254229,133971.75908366928
2015-01-21,0.00024159749942587183,0.0,0.0,0.00024159749942587183,134004.12632565756
2015-01-22,0.008049585228834255,0.0,0.0,0.008049585228834255,135082.80396153143
2015-01-23,-0.007985306821000182,0.0,0.0,-0.007985306821000182,134004.1263256576
2015-01-26,-0.00998152990144685,0.0,0.0,-0.00998152990144685,132666.5601318208
2015-01-27,0.011464376669647391,0.0,0.0,0.011464376669647391,134187.4995486384
2015-01-28,-0.007877840393190949,0.0,0.0,-0.007877840393190949,133130.39184443286
2015-01-29,-0.021552390797103027,0.0,0.0,-0.021552390797103027,130261.11361243018
2015-01-30,0.022275544587827323,0.0,0.0,0.022275544587827323,133162.7508567639
2015-02-02,-0.008343449208254805,0.0,0.0,-0.008343449208254805,132051.71420855902
2015-02-03,-0.01119094214735139,0.0,0.0,-0.01119094214735139,130573.93111439244
2015-02-04,0.0043783458565487265,0.0,0.0,0.0043783458565487265,131145.62894466042
2015-02-05,0.0017272502164005221,0.0,0.0,0.0017272502164005221,131372.15026063507
2015-02-06,-0.025864204796777424,0.0,0.0,-0.025864204796777424,127974.31406170099
2015-02-09,0.004467285755423989,0.0,0.0,0.004467285755423989,128546.01189196898
2015-02-10,-0.0058739360493219595,0.0,0.0,-0.0058739360493219595,127790.94083872018
2015-02-11,-0.011817350480741395,0.0,0.0,-0.011817350480741395,126280.79050256533
2015-02-12,0.0023062837940568404,0.0,0.0,0.0023062837940568404,126572.02984320208
2015-02-13,0.005454295543013465,0.0,0.0,0.005454295543013465,127262.39110144603
2015-02-17,-0.016697755252160107,0.0,0.0,-0.016697755252160107,125137.39484202942
2015-02-18,0.002844532329829841,0.0,0.0,0.002844532329829841,125493.35220732825
2015-02-19,-0.0034381460295277444,0.0,0.0,-0.0034381460295277444,125061.8877367045
2015-02-20,-0.005692631086866795,0.0,0.0,-0.005692631086866795,124349.95654679228
2015-02-23,0.0013011929863573357,0.0,0.0,0.0013011929863573357,124511.7598381048
2015-02-24,-0.0014727381832786435,0.0,0.0,-0.0014727381832786435,124328.38661512402
2015-02-25,0.0038174111040851777,0.0,0.0,0.0038174111040851777,124802.99917874158
2015-02-26,0.0031979494930109986,0.0,0.0,0.0031979494930109986,125202.11286669149
2015-02-27,0.0007754283408443197,0.0,0.0,0.0007754283408443197,125299.19813334191
2015-03-02,-0.004132260173905,0.0,0.0,-0.004132260173905,124781.42924707328
2015-03-03,-0.0018153447779967191,0.0,0.0,-0.0018153447779967191,124554.90793109863
2015-03-04,-0.0031176981600916642,0.0,0.0,-0.0031176981600916642,124166.58332381146
2015-03-05,-0.0009556129768769628,0.0,0.0,-0.0009556129768769628,124047.92812549275
2015-03-06,-0.02730434251868208,0.0,0.0,-0.02730434251868208,120660.88100722143
2015-03-09,0.000983377523255502,0.0,0.0,0.000983377523255502,120779.53620554013
2015-03-10,-0.004912057209624288,0.0,0.0,-0.004912057209624288,120186.26021394663
2015-03-11,-0.0060132667380716764,0.0,0.0,-0.0060132667380716764,119463.54817302886
2015-03-12,-0.0002708693390236494,0.0,0.0,-0.0002708693390236494,119431.18916069782
2015-03-13,0.001445050857576291,0.0,0.0,0.001445050857576291,119603.77330301584
2015-03-16,-0.0006313103946440357,0.0,0.0,-0.0006313103946440357,119528.26619769099
2015-03-17,-0.005414660114976044,0.0,0.0,-0.005414660114976044,118881.06126209813
2015-03-18,0.019598980855210835,0.0,0.0,0.019598980855210835,121211.00890582113
2015-03-19,-0.0007119500676272539,0.0,0.0,-0.0007119500676272539,121124.71271983345
2015-03-20,0.011399045051747603,0.0,0.0,0.011399045051747603,122505.41877700682
2015-03-23,0.006339713151693793,0.0,0.0,0.006339713151693793,123282.06799158116
2015-03-24,0.002449897428068226,0.0,0.0,0.002449897428068226,123584.09641288068
2015-03-25,0.001396558108890389,0.0,0.0,0.001396558108890389,123756.688784856
2015-03-26,0.00653708688272836,0.0,0.0,0.00653708688272836,124565.69701176137
2015-03-27,-0.0036370435238181065,0.0,0.0,-0.0036370435238181065,124112.64615015485
2015-03-30,-0.011385343180862262,0.0,0.0,-0.011385343180862262,122699.58108065042
2015-03-31,-0.0007911765968406925,0.0,0.0,-0.0007911765968406925,122602.50404365725
2015-04-01,0.017068403567705115,0.0,0.0,0.017068403567705115,124695.1330610856
2015-04-02,-0.0027681634865752702,0.0,0.0,-0.0027681634865752702,124349.95654679227
2015-04-06,0.012231121417764834,0.0,0.0,0.012231121417764834,125870.89596360986
2015-04-07,-0.00497045007215513,0.0,0.0,-0.00497045007215513,125245.26095968529
2015-04-08,-0.00551200918339656,0.0,0.0,-0.00551200918339656,124554.9079310986
2015-04-09,-0.006928232816320157,0.0,0.0,-0.006928232816320157,123691.96253053662
2015-04-10,0.011336906536289382,0.0,0.0,0.011336906536289382,125094.24674903553
2015-04-13,-0.007157039081814864,0.0,0.0,-0.007157039081814864,124198.94233614249
2015-04-14,-0.006079528851423044,0.0,0.0,-0.006079528851423044,123443.87128289367
2015-04-15,0.00865080253975381,0.0,0.0,0.00865080253975381,124511.75983810476
2015-04-16,-0.0034653168571547877,0.0,0.0,-0.0034653168571547877,124080.28713782378
2015-04-17,0.004955226470251928,0.0,0.0,0.004955226470251928,124695.13306108557
2015-04-20,-0.007612433088526105,0.0,0.0,-0.007612433088526105,123745.8997041932
2015-04-21,0.005753103431764384,0.0,0.0,0.005753103431764384,124457.82266444818
2015-04-22,-0.013433831333510171,0.0,0.0,-0.013433831333510171,122785.87726663805
2015-04-23,0.007291591124513719,0.0,0.0,0.007291591124513719,123681.1816795311
2015-04-24,-0.01404151891618699,0.0,0.0,-0.01404151891618699,121944.51002740161
2015-04-27,0.02016805588455428,0.0,0.0,0.02016805588455428,124403.89372044885
2015-04-28,0.008670770693864016,0.0,0.0,0.008670770693864016,125482.57135632267
2015-04-29,-0.007048909841977591,0.0,0.0,-0.007048909841977591,124598.05602409244
2015-04-30,-0.017660816187341166,0.0,0.0,-0.017660816187341166,122397.5526593509
2015-05-01,-0.0034370263986327476,0.0,0.0,-0.0034370263986327476,121976.86903973269
2015-05-04,0.00902013288424186,0.0,0.0,0.00902013288424186,123077.11660727483
2015-05-05,0.0028045547686559313,0.0,0.0,0.0028045547686559313,123422.29312156819
2015-05-06,-0.0005243625201354352,0.0,0.0,-0.0005243625201354352,123357.57509690606
2015-05-07,-0.008219678527363938,0.0,0.0,-0.008219678527363938,122343.61548569435
2015-05-08,0.004849259924502469,0.0,0.0,0.004849259924502469,122936.89147728786
2015-05-11,-0.0038606864674344266,0.0,0.0,-0.0038606864674344266,122462.27068401303
2015-05-12,0.00854400802548061,0.0,0.0,0.00854400802548061,123508.58930755581
2015-05-13,0.01790395678391099,0.0,0.0,0.01790395678391099,125719.88175296012
2015-05-14,0.005405381698172951,0.0,0.0,0.005405381698172951,126399.44570088404
2015-05-15,0.002986844796122101,0.0,0.0,0.002986844796122101,126776.98122750844
2015-05-18,-8.510283616403047e-05,0.0,0.0,-8.510283616403047e-05,126766.19214684569
2015-05-19,-0.013869956602948319,0.0,0.0,-0.013869956602948319,125007.95056304793
2015-05-20,0.0016395067944336983,0.0,0.0,0.0016395067944336983,125212.90194735426
2015-05-21,-0.003359746584222556,0.0,0.0,-0.003359746584222556,124792.21832773603
2015-05-22,-0.0007779753253158717,0.0,0.0,-0.0007779753253158717,124695.13306108562
2015-05-26,-0.014619332476808355,0.0,0.0,-0.014619332476808355,122872.17345262575
2015-05-27,-0.00017561471177085508,0.0,0.0,-0.00017561471177085508,122850.59529130023
2015-05-28,0.0011414281685366845,0.0,0.0,0.0011414281685366845,122990.82042128722
2015-05-29,0.0007016473724792416,0.0,0.0,0.0007016473724792416,123077.11660727487
2015-06-01,-0.0008764108278561666,0.0,0.0,-0.0008764108278561666,122969.25048961893
2015-06-02,0.004035079688356591,0.0,0.0,0.004035079688356591,123465.44121456202
2015-06-03,-0.007164072177032299,0.0,0.0,-0.007164072177032299,122580.92588233177
2015-06-04,-0.007039801619628361,0.0,0.0,-0.007039801619628361,121717.98048176979
2015-06-05,-0.005317250031845577,0.0,0.0,-0.005317250031845577,121070.77554617691
2015-06-08,0.002940144666210953,0.0,0.0,0.002940144666210953,121426.74114113302
2015-06-09,0.002220840372015198,0.0,0.0,0.002220840372015198,121696.4105501015
2015-06-10,0.008509121495031247,0.0,0.0,0.008509121495031247,122731.94009298152
2015-06-11,-0.004570193783136278,0.0,0.0,-0.004570193783136278,122171.03134337632
2015-06-12,-0.00026486649065049495,0.0,0.0,-0.00026486649065049495,122138.67233104525
2015-06-15,0.004415790737229308,0.0,0.0,0.004415790737229308,122678.01114898216
2015-06-16,-0.003605061549348698,0.0,0.0,-0.003605061549348698,122235.74936803838
2015-06-17,0.004677010066397758,0.0,0.0,0.004677010066397758,122807.44719830636
2015-06-18,0.012911736850284239,0.0,0.0,0.012911736850284239,124393.10463978608
2015-06-19,-0.0017342780850800876,0.0,0.0,-0.0017342780850800876,124177.37240447421
2015-06-22,-0.012856178957809772,0.0,0.0,-0.012856178957809772,122580.92588233172
2015-06-23,-0.006599788842205134,0.0,0.0,-0.006599788842205134,121771.91765542632
2015-06-24,-0.0026574812063053788,0.0,0.0,-0.0026574812063053788,121448.31107280125
2015-06-25,-0.0013322133525455193,0.0,0.0,-0.0013322133525455193,121286.51601114597
2015-06-26,0.001067192410014961,0.0,0.0,0.001067192410014961,121415.95206047023
2015-06-29,0.0045309359212180045,0.0,0.0,0.0045309359212180045,121966.07995906989
2015-06-30,-0.006190828249150626,0.0,0.0,-0.006190828249150626,121211.00890582113
