date,gross_return,turnover,transaction_cost,net_return,equity_curve
2008-07-01,0.0,0.0,0.0,0.0,100000.0
2008-07-02,0.0024003188018228983,1.0,0.0005,0.0019003188018228982,100190.0318801823
2008-07-03,0.00034225455343861455,0.0,0.0,0.00034225455343861455,100224.32237480246
2008-07-07,0.004674331944341414,0.0,0.0,0.004674331944341414,100692.80412647896
2008-07-08,0.002495594425144798,0.0,0.0,0.002495594425144798,100944.09252710921
2008-07-09,0.004755035964378429,0.0,0.0,0.004755035964378429,101424.08531746716
2008-07-10,0.00033835604677867614,0.0,0.0,0.00033835604677867614,101458.40277002331
2008-07-11,-0.009348075849018311,0.0,0.0,-0.009348075849018311,100509.96192540889
2008-07-14,0.005344048743700203,0.0,0.0,0.005344048743700203,101047.09206116573
2008-07-15,0.0036178164403855018,0.0,0.0,0.0036178164403855018,101412.66189207775
2008-07-16,-0.009126275183433674,0.0,0.0,-0.009126275183433674,100487.14203256615
2008-07-17,-0.00477665879085698,0.0,0.0,-0.00477665879085698,100007.1492422082
2008-07-18,-0.0034277260881332428,0.0,0.0,-0.0034277260881332428,99664.35212775084
2008-07-21,0.0022935965931589752,0.0,0.0,0.0022935965931589752,99892.94194625044
2008-07-22,-0.0034316449969187257,0.0,0.0,-0.0034316449969187257,99550.1448317931
2008-07-23,-0.0016078604948472908,0.0,0.0,-0.0016078604948472908,99390.08208666174
2008-07-24,0.008622924994670322,0.0,0.0,0.008622924994670322,100247.11530970916
2008-07-25,-0.0058132663484418146,0.0,0.0,-0.0058132663484418146,99664.35212775086
2008-07-28,0.005732639046673205,0.0,0.0,0.005732639046673205,100235.69188431978
2008-07-29,-0.002849006680134991,0.0,0.0,-0.002849006680134991,99950.1197285534
2008-07-30,0.0019426817517647077,0.0,0.0,0.0019426817517647077,100144.29100223676
2008-07-31,0.007986491460152845,0.0,0.0,0.007986491460152845,100944.09252710918
2008-08-01,0.0005014683187325453,0.0,0.0,0.0005014683187325453,100994.71279147474
2008-08-04,-0.0006817912164044371,0.0,0.0,-0.0006817912164044371,100925.85548339022
2008-08-05,-0.005112215046781388,0.0,0.0,-0.005112215046781388,100409.90080637875
2008-08-06,0.00034257902943823915,0.0,0.0,0.00034257902943823915,100444.29913274299
2008-08-07,0.009360195106554947,0.0,0.0,0.009360195106554947,101384.47736996663
2008-08-08,-0.00045235907751717264,0.0,0.0,-0.00045235907751717264,101338.615181309
2008-08-11,-0.004864545427097244,0.0,0.0,-0.004864545427097244,100845.64888424039
2008-08-12,0.006934917500077464,0.0,0.0,0.006934917500077464,101545.00513949439
2008-08-13,-0.0021450599442043305,0.0,0.0,-0.0021450599442043305,101327.18501643563
2008-08-14,0.0030543022089066785,0.0,0.0,0.0030543022089066785,101636.66886145361
2008-08-15,0.0037233487739591897,0.0,0.0,0.0037233487739591897,102015.0976278482
2008-08-18,0.0024731567101123897,0.0,0.0,0.0024731567101123897,102267.39695107927
2008-08-19,-0.0014585123358694663,0.0,0.0,-0.0014585123358694663,102118.23869106887
2008-08-20,0.0029204934401090288,0.0,0.0,0.0029204934401090288,102416.47433728163
2008-08-21,-0.0021270706925271554,0.0,0.0,-0.0021270706925271554,102198.62725628684
2008-08-22,-0.0029172729755854165,0.0,0.0,-0.0029172729755854165,101900.48596285016
2008-08-25,0.006638657707538798,0.0,0.0,0.006638657707538798,102576.96840938937
2008-08-26,0.00033501310749461943,0.0,0.0,0.00033501310749461943,102611.33303833359
2008-08-27,0.001452375730842892,0.0,0.0,0.001452375730842892,102760.3632481479
2008-08-28,-0.0014502693947707757,0.0,0.0,-0.0014502693947707757,102611.33303833359
2008-08-29,-0.0012284078729234427,0.0,0.0,-0.0012284078729234427,102485.28446897813
2008-09-02,0.005443588797987342,0.0,0.0,0.005443588797987342,103043.17221547202
2008-09-03,0.0024565264667359976,0.0,0.0,0.0024565264667359976,103296.30049523574
2008-09-04,0.005012385305597888,0.0,0.0,0.005012385305597888,103814.0613539607
2008-09-05,-0.002216976927664649,0.0,0.0,-0.002216976927664649,103583.90797517181
2008-09-08,0.00011145298847226037,0.0,0.0,0.00011145298847226037,103595.45271127329
2008-09-09,0.004552539120973975,0.0,0.0,0.004552539120973975,104067.07506249637
2008-09-10,-0.002543033498061509,0.0,0.0,-0.002543033498061509,103802.42900456715
2008-09-11,-0.0017730661071424514,0.0,0.0,-0.0017730661071424514,103618.38043586009
2008-09-12,-0.004996675083890567,0.0,0.0,-0.004996675083890567,103100.63305610314
2008-09-15,0.019193030514248255,0.0,0.0,0.019193030514248255,105079.44665238723
2008-09-16,-0.0028462732791777468,0.0,0.0,-0.0028462732791777468,104780.36183118974
2008-09-17,0.00900192046973225,0.0,0.0,0.00900192046973225,105723.58631518389
2008-09-18,-0.011750986935648688,0.0,0.0,-0.011750986935648688,104481.22983360424
2008-09-19,-0.0178382649954818,0.0,0.0,-0.0178382649954818,102617.46596877856
2008-09-22,-0.002129669114162902,0.0,0.0,-0.002129669114162902,102398.9247209312
2008-09-23,0.0,0.0,0.0,0.0,102398.9247209312
2008-09-24,0.002584263850410329,0.0,0.0,0.002584263850410329,102663.55056040839
2008-09-25,-0.0030258356989530943,0.0,0.0,-0.0030258356989530943,102352.90752414144
2008-09-26,-0.0006743243291292833,0.0,0.0,-0.0006743243291292833,102283.88846844078
2008-09-29,0.013946867501101856,0.0,0.0,0.013946867501101856,103710.42830840762
2008-09-30,-0.013200132410721266,0.0,0.0,-0.013200132410721266,102341.43692236401
2008-10-01,0.007050017674927744,0.0,0.0,0.007050017674927744,103062.94586154418
2008-10-02,0.005600425675248433,0.0,0.0,0.005600425675248433,103640.14222971392
2008-10-03,0.0037862400396200258,0.0,0.0,0.0037862400396200258,104032.54868593597
2008-10-06,0.008101240467423665,0.0,0.0,0.008101240467423665,104875.3413792797
2008-10-07,-0.0007705639061337255,0.0,0.0,-0.0007705639061337255,104794.52822656937
2008-10-08,-0.012778998980020995,0.0,0.0,-0.012778998980020995,103455.35905725026
2008-10-09,-0.010042125293188153,0.0,0.0,-0.010042125293188153,102416.44737934557
2008-10-10,-0.011722055144078758,0.0,0.0,-0.011722055144078758,101215.91613550425
2008-10-13,-0.0068432293618445605,0.0,0.0,-0.0068432293618445605,100523.27240631977
2008-10-14,-0.004708233152810659,0.0,0.0,-0.004708233152810659,100049.98540254733
2008-10-15,0.008192061243697424,0.0,0.0,0.008192061243697424,100869.60101039604
2008-10-16,0.00022830284462527217,0.0,0.0,0.00022830284462527217,100892.62982724291
2008-10-17,0.0062938286331961635,0.0,0.0,0.0062938286331961635,101527.63074972808
2008-10-20,0.001022927923741701,0.0,0.0,0.001022927923741701,101631.4861982533
2008-10-21,0.010563454533518257,0.0,0.0,0.010563454533518257,102705.06578188245
2008-10-22,0.007642801605086014,0.0,0.0,0.007642801605086014,103490.0202234907
2008-10-23,0.0013391701807621281,0.0,0.0,0.0013391701807621281,103628.61097258047
2008-10-24,-0.0042337117631749965,0.0,0.0,-0.0042337117631749965,103189.87730330438
2008-10-27,-0.000559000990318026,0.0,0.0,-0.000559000990318026,103132.19405970104
2008-10-28,-0.008059043759905071,0.0,0.0,-0.008059043759905071,102301.04719471889
2008-10-29,0.0014669262384532367,0.0,0.0,0.0014669262384532367,102451.11528507007
2008-10-30,-0.007661614619383528,0.0,0.0,-0.007661614619383528,101666.17432242984
2008-10-31,-0.002044658865665072,0.0,0.0,-0.002044658865665072,101458.30167776321
2008-11-03,0.0015985452142519563,0.0,0.0,0.0015985452142519563,101620.48736035633
2008-11-04,0.01197204367737692,0.0,0.0,0.01197204367737692,102837.09227355085
2008-11-05,0.005294419380378335,0.0,0.0,0.005294419380378335,103381.55496790569
2008-11-06,-0.0030252904818639514,0.0,0.0,-0.0030252904818639514,103068.79573366098
2008-11-07,-0.003597070791302559,0.0,0.0,-0.003597070791302559,102698.04997903272
2008-11-10,0.00101533862186165,0.0,0.0,0.00101533862186165,102802.3232755663
2008-11-11,0.0037186950503540483,0.0,0.0,0.0037186950503540483,103184.61376629607
2008-11-12,0.0061760383194184865,0.0,0.0,0.0061760383194184865,103821.8858948911
2008-11-13,-0.007253674451574876,0.0,0.0,-0.007253674451574876,103068.79573366101
2008-11-14,0.009891797552610937,0.0,0.0,0.009891797552610937,104088.3313950498
2008-11-17,0.004229516486554674,0.0,0.0,0.004229516486554674,104528.57470874312
2008-11-18,0.00775899075415043,0.0,0.0,0.00775899075415043,105339.6109534528
2008-11-19,0.01077899164432683,0.0,0.0,0.01077899164432683,106475.06573973669
2008-11-20,0.020131090557657938,0.0,0.0,0.020131090557657938,108618.5249302759
2008-11-21,-0.009174248740843494,0.0,0.0,-0.009174248740843494,107622.03156470205
2008-11-24,-0.009365902424108175,0.0,0.0,-0.009365902424108175,106614.05411838276
2008-11-25,0.01717052313247347,0.0,0.0,0.01717052313247347,108444.67320086923
2008-11-26,0.006089387162196758,0.0,0.0,0.006089387162196758,109105.03480166722
2008-11-28,0.002017551499697623,0.0,0.0,0.002017551499697623,109325.15982825588
2008-12-01,0.013535971068684205,0.0,0.0,0.013535971068684205,110804.98202877042
2008-12-02,0.0052467078523075195,0.0,0.0,0.0052467078523075195,111386.34339805557
2008-12-03,0.0015648531904146612,0.0,0.0,0.0015648531904146612,111560.64667289065
2008-12-04,0.006251445331840966,0.0,0.0,0.006251445331840966,112258.06195675106
2008-12-05,-0.01056266957815477,0.0,0.0,-0.01056266957815477,111072.31714081786
2008-12-08,-0.0037675884606325205,0.0,0.0,-0.0037675884606325205,110653.84236046241
2008-12-09,0.008509665875111816,0.0,0.0,0.008509665875111816,111595.46958674725
2008-12-10,-0.0009373456793292378,0.0,0.0,-0.0009373456793292378,111490.86605549739
2008-12-11,0.006046628476755522,0.0,0.0,0.006046628476755522,112165.00990108668
2008-12-12,0.0027994407487557105,0.0,0.0,0.0027994407487557105,112479.00920038838
2008-12-15,0.002169500234817656,0.0,0.0,0.002169500234817656,112723.03243726067
2008-12-16,0.015881604465828314,0.0,0.0,0.015881604465828314,114513.25505261798
2008-12-17,0.006800735289703708,0.0,0.0,0.006800735289703708,115292.02938739315
2008-12-18,0.006755849902425615,0.0,0.0,0.006755849902425615,116070.92503288043
2008-12-19,-0.0033041614574030875,0.0,0.0,-0.0033041614574030875,115687.40795606167
2008-12-22,-0.002613363527022461,0.0,0.0,-0.002613363527022461,115385.07470357353
2008-12-23,-0.0005035991981195975,0.0,0.0,-0.0005035991981195975,115326.96687247783
2008-12-24,-0.0010084071328091415,0.0,0.0,-0.0010084071328091415,115210.67033647838
2008-12-26,0.005348034031242177,0.0,0.0,0.005348034031242177,115826.82092220009
2008-12-29,0.0022058262206929857,0.0,0.0,0.0022058262206929857,116082.31476084978
2008-12-30,0.0014066244183914556,0.0,0.0,0.0014066244183914556,116245.5989793358
2008-12-31,-0.011039953637551725,0.0,0.0,-0.011039953637551725,114962.2529560345
2009-01-02,-0.014310336135143431,0.0,0.0,-0.014310336135143431,113317.10447338026
2009-01-05,-0.0017499792136441705,0.0,0.0,-0.0017499792136441705,113118.8018960015
2009-01-06,-0.0006189047150075844,0.0,0.0,-0.0006189047150075844,113048.79213615204
2009-01-07,0.00020603189368939567,0.0,0.0,0.00020603189368939567,113072.08379287514
2009-01-08,0.002682869580900915,0.0,0.0,0.002682869580900915,113375.44144693212
2009-01-09,0.004631040322614188,0.0,0.0,0.004631040322614188,113900.48768786705
2009-01-12,0.006247871361729773,0.0,0.0,0.006247871361729773,114612.12328297911
2009-01-13,0.0007132748146132517,0.0,0.0,0.0007132748146132517,114693.87322396622
2009-01-14,0.005595422029994079,0.0,0.0,0.005595422029994079,115335.63384890895
2009-01-15,-0.0008101243573611638,0.0,0.0,-0.0008101243573611638,115242.19764265626
2009-01-16,-0.009212752750685116,0.0,0.0,-0.009212752750685116,114180.49976932889
2009-01-20,-0.0015322844543249614,0.0,0.0,-0.0015322844543249614,114005.54276454529
2009-01-21,-0.008904080760157917,0.0,0.0,-0.008904080760157917,112990.42820466415
2009-01-22,-0.006609548379338914,0.0,0.0,-0.006609548379338914,112243.6125030432
2009-01-23,0.0002078100804401295,0.0,0.0,0.0002078100804401295,112266.93785718635
2009-01-26,-0.00249416334680852,0.0,0.0,-0.00249416334680852,111986.92577572454
2009-01-27,0.006564361792943396,0.0,0.0,0.006564361792943396,112722.04847259588
2009-01-28,-0.006417400371406257,0.0,0.0,-0.006417400371406257,111998.66595686217
2009-01-29,-0.0130228239556609,0.0,0.0,-0.0130228239556609,110540.12704683706
2009-01-30,-0.0004214763830558965,0.0,0.0,-0.0004214763830558965,110493.53699390683
2009-02-02,0.008111031716768968,0.0,0.0,0.008111031716768968,111389.7535769624
2009-02-03,-0.008613901252636835,0.0,0.0,-0.008613901252636835,110430.25323909488
2009-02-04,-0.005084902473610153,0.0,0.0,-0.005084902473610153,109868.72617123801
2009-02-05,0.0023430513807729536,0.0,0.0,0.0023430513807729536,110126.1542417973
2009-02-06,-0.006055955765703502,0.0,0.0,-0.006055955765703502,109459.23512306192
2009-02-09,-0.0020322032109623134,0.0,0.0,-0.0020322032109623134,109236.79171397536
2009-02-10,0.013388608925698264,0.0,0.0,0.013388608925698264,110699.32039853172
2009-02-11,0.0077165434770312125,0.0,0.0,0.0077165434770312125,111553.5365172648
2009-02-12,-0.00031518398389296376,0.0,0.0,-0.00031518398389296376,111518.37662920794
2009-02-13,-0.0078684862893742,0.0,0.0,-0.0078684862893742,110640.89581168775
2009-02-17,0.016816106895245264,0.0,0.0,0.016816106895245264,112501.44494264277
2009-02-18,-0.007281424717006657,0.0,0.0,-0.007281424717006657,111682.27414073846
2009-02-19,-0.005553323120117359,0.0,0.0,-0.005553323120117359,111062.06638564542
2009-02-20,0.002845082194870674,0.0,0.0,0.002845082194870674,111378.04709324476
2009-02-23,0.0009452264822193968,0.0,0.0,0.0009452264822193968,111483.32457289519
2009-02-24,-0.0037786654539021525,0.0,0.0,-0.0037786654539021525,111062.06638564542
2009-02-25,-0.009059722331871356,0.0,0.0,-0.009059722331871356,110055.87490258762
2009-02-26,-0.00255137548863249,0.0,0.0,-0.00255137548863249,109775.08104098115
2009-02-27,-0.0008531250339582908,0.0,0.0,-0.0008531250339582908,109681.42917124029
2009-03-02,0.010032839809382299,0.0,0.0,0.010032839809382299,110781.84538017945
2009-03-03,-0.0012701264055009487,0.0,0.0,-0.0012701264055009487,110641.13843311196
2009-03-04,-0.005089464145875411,0.0,0.0,-0.005089464145875411,110078.03432599781
2009-03-05,0.011723225853337738,0.0,0.0,0.011723225853337738,111368.50398389295
2009-03-06,-0.004741061031849014,0.0,0.0,-0.004741061031849014,110840.4991094796
2009-03-09,0.0004238608034068392,0.0,0.0,0.0004238608034068392,110887.48005248215
2009-03-10,-0.007299703502155919,0.0,0.0,-0.007299703502155919,110078.03432599778
2009-03-11,0.007140503056852543,0.0,0.0,0.007140503056852543,110864.0468665949
2009-03-12,0.002856972469975627,0.0,0.0,0.002856972469975627,111180.78239640285
2009-03-13,-0.0007386223665399871,0.0,0.0,-0.0007386223665399871,111098.66178379545
2009-03-16,-0.0057016964110390145,0.0,0.0,-0.0057016964110390145,110465.21094263156
2009-03-17,-0.0019129689717714005,0.0,0.0,-0.0019129689717714005,110253.8944216381
2009-03-18,0.034263548955991485,0.0,0.0,0.034263548955991485,114031.58413074262
2009-03-19,-0.0033958773347025906,0.0,0.0,-0.0033958773347025906,113644.3468587528
2009-03-20,0.0,0.0,0.0,0.0,113644.3468587528
2009-03-23,-0.0034056695134223602,0.0,0.0,-0.0034056695134223602,113257.31177128316
2009-03-24,-0.0014496839698466824,0.0,0.0,-0.0014496839698466824,113093.1244619404
2009-03-25,-0.006017455788442372,0.0,0.0,-0.006017455788442372,112412.59158551386
2009-03-26,0.0026093390271997308,0.0,0.0,0.0026093390271997308,112705.91414788662
2009-03-27,-0.0006246402458472966,0.0,0.0,-0.0006246402458472966,112635.51349796483
2009-03-30,0.0042696666862125365,0.0,0.0,0.0042696666862125365,113116.42959763153
2009-03-31,0.0017638081860384958,0.0,0.0,0.0017638081860384958,113315.94528213127
2009-04-01,0.002450138702021265,0.0,0.0,0.002450138702021265,113593.58506522315
2009-04-02,-0.006525624716032796,0.0,0.0,-0.006525624716032796,112852.31595893874
2009-04-03,-0.011467816354651217,0.0,0.0,-0.011467816354651217,111558.14632432455
2009-04-06,-0.002319288541279163,0.0,0.0,-0.002319288541279163,111299.4107938682
2009-04-07,0.0025360697519094533,0.0,0.0,0.0025360697519094533,111581.67386298787
2009-04-08,0.0049559046972253995,0.0,0.0,0.0049559046972253995,112134.66200460974
2009-04-09,-0.0058757226628611825,0.0,0.0,-0.0058757226628611825,111475.78982977697
2009-04-13,0.005910450832766978,0.0,0.0,0.005910450832766978,112134.66200460974
2009-04-14,0.005141520274948519,0.0,0.0,0.005141520274948519,112711.20464283093
2009-04-15,0.0009391287771816081,0.0,0.0,0.0009391287771816081,112817.05497862182
2009-04-16,-0.003962671531424378,0.0,0.0,-0.003962671531424378,112369.9980465989
2009-04-17,-0.008062251074062221,0.0,0.0,-0.008062251074062221,111464.04290915535
2009-04-20,0.0069667024972190905,0.0,0.0,0.0069667024972190905,112240.57973524068
2009-04-21,-0.0038779453566611943,0.0,0.0,-0.0038779453566611943,111805.31690022745
2009-04-22,-0.0024211560064513193,0.0,0.0,-0.0024211560064513193,111534.61878566128
2009-04-23,-0.00020997702035663313,0.0,0.0,-0.00020997702035663313,111511.19907874205
2009-04-24,-0.0039045796993887327,0.0,0.0,-0.0039045796993887327,111075.7947145647
2009-04-27,0.0041307295822248236,0.0,0.0,0.0041307295822248236,111534.61878566128
2009-04-28,-0.004852795534347698,0.0,0.0,-0.004852795534347698,110993.36408569304
2009-04-29,-0.005405389322889698,0.0,0.0,-0.005405389322889698,110393.40174055264
2009-04-30,-0.0017046907597677574,0.0,0.0,-0.0017046907597677574,110205.21512866618
2009-05-01,-0.0032128449709500906,0.0,0.0,-0.0032128449709500906,109851.14285746758
2009-05-04,0.0009667086451066176,0.0,0.0,0.0009667086451066176,109957.33690694274
2009-05-05,-0.0002145213287523262,0.0,0.0,-0.0002145213287523262,109933.74871292338
2009-05-06,0.00042937993589209356,0.0,0.0,0.00042937993589209356,109980.95205889811
2009-05-07,-0.008369008740663708,0.0,0.0,-0.008369008740663708,109060.52050981068
2009-05-08,0.0011902492379802787,0.0,0.0,0.0011902492379802787,109190.32971124121
2009-05-11,0.009403276938442895,0.0,0.0,0.009403276938442895,110217.0766205159
2009-05-12,-0.0006433925928770456,0.0,0.0,-0.0006433925928770456,110146.1637698097
2009-05-13,0.004607605804711978,0.0,0.0,0.004607605804711978,110653.67387336222
2009-05-14,0.00010622024280104725,0.0,0.0,0.00010622024280104725,110665.42753346788
2009-05-15,-0.0024527936488989432,0.0,0.0,-0.0024527936488989432,110393.98807566112
2009-05-18,-0.005880214776586179,0.0,0.0,-0.005880214776586179,109744.84771573234
2009-05-19,-0.0013965971837767155,0.0,0.0,-0.0013965971837767155,109591.57837047854
2009-05-20,0.0031222320869230824,0.0,0.0,0.0031222320869230824,109933.7487129234
2009-05-21,-0.01094869792557518,0.0,0.0,-0.01094869792557518,108730.11730643951
2009-05-22,-0.005860239380659826,0.0,0.0,-0.005860239380659826,108092.93279113654
2009-05-26,-0.006660679086375576,0.0,0.0,-0.006660679086375576,107372.96045430962
2009-05-27,-0.011319158775906835,0.0,0.0,-0.011319158775906835,106157.58886668811
2009-05-28,0.005224742391085613,0.0,0.0,0.005224742391085613,106712.23492137533
2009-05-29,0.011279289079220378,0.0,0.0,0.011279289079220378,107915.8730673432
2009-06-01,-0.016319892423929505,0.0,0.0,-0.016319892423929505,106154.69762804972
2009-06-02,0.003345150240036343,0.0,0.0,0.003345150240036343,106509.80104030117
2009-06-03,0.006112054587201543,0.0,0.0,0.006112054587201543,107160.79475833147
2009-06-04,-0.011597159702134152,0.0,0.0,-0.011597159702134152,105918.03390771149
2009-06-05,-0.009945759254316178,0.0,0.0,-0.009945759254316178,104864.5986417749
2009-06-08,-0.005078813350122835,0.0,0.0,-0.005078813350122835,104332.01091823776
2009-06-09,0.004310331462790806,0.0,0.0,0.004310331462790806,104781.71646747488
2009-06-10,-0.005985423065496653,0.0,0.0,-0.005985423065496653,104154.55356488812
2009-06-11,0.006817225484475831,0.0,0.0,0.006817225484475831,104864.5986417749
2009-06-12,0.005305166790415594,0.0,0.0,0.005305166790415594,105420.9228279795
2009-06-15,0.0044907124816300215,0.0,0.0,0.0044907124816300215,105894.33788194807
2009-06-16,0.005588597481665625,0.0,0.0,0.005588597481665625,106486.13871195778
2009-06-17,-0.002667221085115856,0.0,0.0,-0.002667221085115856,106202.11663751266
2009-06-18,-0.012148153751346036,0.0,0.0,-0.012148153751346036,104911.95699588179
2009-06-19,0.0046257526612467625,0.0,0.0,0.0046257526612467625,105397.2537601521
2009-06-22,0.005389681491615894,0.0,0.0,0.005389681491615894,105965.31138801033
2009-06-23,0.0032400817652542546,0.0,0.0,0.0032400817652542546,106308.64766118811
2009-06-24,-0.0037847714505461205,0.0,0.0,-0.0037847714505461205,105906.29372657387
2009-06-25,0.01251604986870869,0.0,0.0,0.01251604986870869,107231.8221802658
2009-06-26,0.001324870919359844,0.0,0.0,0.001324870919359844,107373.8905031024
2009-06-29,0.002093953426247852,0.0,0.0,0.002093953426247852,107598.72642901095
2009-06-30,-0.0026402679540319385,0.0,0.0,-0.0026402679540319385,107314.63695972576
2009-07-01,-0.0006404462600400063,0.0,0.0,-0.0006404462600400063,107245.90770183735
2009-07-02,0.003319094726763616,0.0,0.0,0.003319094726763616,107601.86702855749
2009-07-06,0.000661660536201758,0.0,0.0,0.000661660536201758,107673.06293759191
2009-07-07,0.003968464844047004,0.0,0.0,0.003968464844047004,108100.3597025106
2009-07-08,0.0115288434304619,0.0,0.0,0.0115288434304619,109346.63182429745
2009-07-09,-0.005861960021887547,0.0,0.0,-0.005861960021887547,108705.64624001535
2009-07-10,0.006223624303759667,0.0,0.0,0.006223624303759667,109382.18934191062
2009-07-13,-0.003580702812202574,0.0,0.0,-0.003580702812202574,108990.52422892916
2009-07-14,-0.006642864532199866,0.0,0.0,-0.006642864532199866,108266.51494118293
2009-07-15,-0.012936030234595997,0.0,0.0,-0.012936030234595997,106865.97603050945
2009-07-16,0.00599733866441321,0.0,0.0,0.00599733866441321,107506.88748046749
2009-07-17,-0.0067340998174625355,0.0,0.0,-0.0067340998174625355,106782.92536910929
2009-07-20,0.0036679889654229747,0.0,0.0,0.0036679889654229747,107174.60396105878
2009-07-21,0.01118447207085893,0.0,0.0,0.01118447207085893,108373.29532576661
2009-07-22,-0.005913613225578707,0.0,0.0,-0.005913613225578707,107732.4175732286
2009-07-23,-0.009695368145983485,0.0,0.0,-0.009695368145983485,106687.91212359934
2009-07-24,0.002114302596941009,0.0,0.0,0.002114302596941009,106913.48265326448
2009-07-27,-0.004662706148464646,0.0,0.0,-0.004662706148464646,106414.97650034333
2009-07-28,0.0020080075841457656,0.0,0.0,0.0020080075841457656,106628.6585802227
2009-07-29,0.0006671939243130254,0.0,0.0,0.0006671939243130254,106699.80057338509
2009-07-30,0.004005294831500805,0.0,0.0,0.004005294831500805,107127.16473314383
2009-07-31,0.010081623961063046,0.0,0.0,0.010081623961063046,108207.18052399825
2009-08-03,-0.010625754443575608,0.0,0.0,-0.010625754443575608,107057.3975947186
2009-08-04,-0.002891262335535494,0.0,0.0,-0.002891262335535494,106747.86657331254
2009-08-05,-0.005687922508590293,0.0,0.0,-0.005687922508590293,106140.69298028621
2009-08-06,0.0,0.0,0.0,0.0,106140.69298028621
2009-08-07,-0.00661536928848494,0.0,0.0,-0.00661536928848494,105438.53309968591
2009-08-10,0.006433663321656846,0.0,0.0,0.006433663321656846,106116.88912277865
2009-08-11,0.006955234529423482,0.0,0.0,0.006955234529423482,106854.9569741604
2009-08-12,-0.002784851402375166,0.0,0.0,-0.002784851402375166,106557.38179738019
2009-08-13,0.00781985301163246,0.0,0.0,0.00781985301163246,107390.64486034011
2009-08-14,0.003103696056681704,0.0,0.0,0.003103696056681704,107723.95278131765
2009-08-17,0.006850034966203067,0.0,0.0,0.006850034966203067,108461.8656245673
2009-08-18,-0.003511169760058941,0.0,0.0,-0.003511169760058941,108081.03760186673
2009-08-19,0.0037439694107186394,0.0,0.0,0.0037439694107186394,108485.68970052685
2009-08-20,0.0026330941008254616,0.0,0.0,0.0026330941008254616,108771.3427301013
2009-08-21,-0.01017738125237111,0.0,0.0,-0.01017738125237111,107664.33530580472
2009-08-24,0.0061919254642832655,0.0,0.0,0.0061919254642832655,108330.98484517986
2009-08-25,0.002636232239026759,0.0,0.0,0.002636232239026759,108616.57047991424
2009-08-26,0.0013153639523140193,0.0,0.0,0.0013153639523140193,108759.44080134749
2009-08-27,-0.0027360859396451387,0.0,0.0,-0.0027360859396451387,108461.86562456726
2009-08-28,0.0023049061369322388,0.0,0.0,0.0023049061369322388,108711.86004426845
2009-08-31,0.0029561843084360273,0.0,0.0,0.0029561843084360273,109033.2323390722
2009-09-01,0.0025952703489544593,0.0,0.0,0.0025952703489544593,109316.20305401247
2009-09-02,0.005458357857699436,0.0,0.0,0.005458357857699436,109912.8900099262
2009-09-03,-0.003583096462222657,0.0,0.0,-0.003583096462222657,109519.06152257895
2009-09-04,-0.005994943005273257,0.0,0.0,-0.005994943005273257,108862.50099076008
2009-09-08,-0.002302676360586342,0.0,0.0,-0.002302676360586342,108611.82588317433
2009-09-09,0.0008796985408310309,0.0,0.0,0.0008796985408310309,108707.37154792076
2009-09-10,0.00746674271579062,0.0,0.0,0.00746674271579062,109519.06152257895
2009-09-11,0.002942888106560959,0.0,0.0,0.002942888106560959,109841.36386617547
2009-09-14,-0.005868505857032136,0.0,0.0,-0.005868505857032136,109196.75917898242
2009-09-15,-0.002076341116886593,0.0,0.0,-0.002076341116886593,108970.02945806833
2009-09-16,-0.0007672755434539047,0.0,0.0,-0.0007672755434539047,108886.41941949571
2009-09-17,0.004933125334385613,0.0,0.0,0.004933125334385613,109423.56977370456
2009-09-18,-0.005344787084953562,0.0,0.0,-0.005344787084953562,108838.72409118853
2009-09-21,-0.000658599707791252,0.0,0.0,-0.000658599707791252,108767.0429393057
2009-09-22,0.0026339662994332436,0.0,0.0,0.0026339662994332436,109053.53166489684
2009-09-23,0.002189071722844327,0.0,0.0,0.002189071722844327,109292.25766734076
2009-09-24,0.00273064018533975,0.0,0.0,0.00273064018533975,109590.69549807372
2009-09-25,0.004030688902620483,0.0,0.0,0.004030688902620483,110032.42149824825
2009-09-28,0.0017354570335958996,0.0,0.0,0.0017354570335958996,110223.37803806097
2009-09-29,-0.00043344890136387537,0.0,0.0,-0.00043344890136387537,110175.60183594577
2009-09-30,0.0007588797989697138,0.0,0.0,0.0007588797989697138,110259.2118745184
2009-10-01,0.0075217971238223935,0.0,0.0,0.0075217971238223935,111088.55929727106
2009-10-02,-0.000430255112403799,0.0,0.0,-0.000430255112403799,111040.76287670384
2009-10-05,-0.00010803493437061551,0.0,0.0,-0.00010803493437061551,111028.76659517398
2009-10-06,-0.0032344783764747254,0.0,0.0,-0.0032344783764747254,110669.64645045523
2009-10-07,0.006381551134925001,0.0,0.0,0.006381551134925001,111375.89045836288
2009-10-08,-0.003653119065746502,0.0,0.0,-0.003653119065746502,110969.02106946493
2009-10-09,-0.009600919060676394,0.0,0.0,-0.009600919060676394,109903.61647993451
2009-10-12,0.002940317424770411,0.0,0.0,0.002940317424770411,110226.76799851576
2009-10-13,0.0022813910927859116,0.0,0.0,0.0022813910927859116,110478.23836521416
2009-10-14,-0.006826093467909633,0.0,0.0,-0.006826093467909633,109724.10358396321
2009-10-15,-0.003272077695015585,0.0,0.0,-0.003272077695015585,109365.07779202054
2009-10-16,0.004596883749606873,0.0,0.0,0.004596883749606873,109867.81634089717
2009-10-19,0.001524342460924144,0.0,0.0,0.001524342460924144,110035.29251843462
2009-10-20,0.002284503527631321,0.0,0.0,0.002284503527631321,110286.66853235694
2009-10-21,-0.002279296466812464,0.0,0.0,-0.002279296466812464,110035.29251843462
2009-10-22,-0.0029363088452284414,0.0,0.0,-0.0029363088452284414,109712.19491572544
2009-10-23,-0.004910000724859365,0.0,0.0,-0.004910000724859365,109173.50795916331
2009-10-26,-0.005700752326210923,0.0,0.0,-0.005700752326210923,108551.13682970453
2009-10-27,0.008600000633275151,0.0,0.0,0.008600000633275151,109484.67667518271
2009-10-28,0.003061323545371142,0.0,0.0,0.003061323545371142,109819.84469374579
2009-10-29,-0.004795522158248078,0.0,0.0,-0.004795522158248078,109293.20119510157
2009-10-30,0.007447438929261807,0.0,0.0,0.007447438929261807,110107.15563638562
2009-11-02,-0.0026307374927957428,0.0,0.0,-0.0026307374927957428,109817.4926138279
2009-11-03,-0.002308549975071572,0.0,0.0,-0.002308549975071572,109563.97344399182
2009-11-04,-0.0027546857122153767,0.0,0.0,-0.0027546857122153767,109262.1591317721
2009-11-05,0.00022125252987792443,0.0,0.0,0.00022125252987792443,109286.33366089992
2009-11-06,0.002982764188896647,0.0,0.0,0.002982764188896647,109612.30902327948
2009-11-09,0.00044016923304979194,0.0,0.0,0.00044016923304979194,109660.55698927506
2009-11-10,0.0007710481202614083,0.0,0.0,0.0007710481202614083,109745.11055560845
2009-11-11,0.0028588353259759725,0.0,0.0,0.0028588353259759725,110058.85375451796
2009-11-12,0.00032907835953399633,0.0,0.0,0.00032907835953399633,110095.0717415637
2009-11-13,0.0007671479951034677,0.0,0.0,0.0007671479951034677,110179.53095512101
2009-11-16,0.005367938062055488,0.0,0.0,0.005367938062055488,110770.96785299444
2009-11-17,0.002180684979179892,0.0,0.0,0.002180684979179892,111012.52443872068
2009-11-18,-0.0025019484624843047,0.0,0.0,-0.0025019484624843047,110734.7768238847
2009-11-19,0.0011983628257992152,0.0,0.0,0.0011983628257992152,110867.47726395362
2009-11-20,-0.00010856852461094135,0.0,0.0,-0.00010856852461094135,110855.44054551974
2009-11-23,-0.0014142190601127425,0.0,0.0,-0.0014142190601127425,110698.66666858309
2009-11-24,0.005124383028423329,0.0,0.0,0.005124383028423329,111265.92903732866
2009-11-25,0.003362415065887303,0.0,0.0,0.003362415065887303,111640.05127344372
2009-11-27,0.0045413621454393205,0.0,0.0,0.0045413621454393205,112147.04917621183
2009-11-30,0.0016150548229232342,0.0,0.0,0.0016150548229232342,112328.17280886049
2009-12-01,-0.005514971131583946,0.0,0.0,-0.005514971131583946,111708.68617855605
2009-12-02,-0.002057645196231639,0.0,0.0,-0.002057645196231639,111478.82933706339
2009-12-03,-0.004665999079145111,0.0,0.0,-0.004665999079145111,110958.66922203248
2009-12-04,-0.007414128705644507,0.0,0.0,-0.007414128705644507,110136.00736741329
2009-12-07,0.0027464974248716523,0.0,0.0,0.0027464974248716523,110438.49562803355
2009-12-08,0.003505262898378936,0.0,0.0,0.003505262898378936,110825.61158931127
2009-12-09,-0.001965248839896905,0.0,0.0,-0.001965248839896905,110607.81168470453
2009-12-10,-0.0033905862638421436,0.0,0.0,-0.0033905862638421436,110232.78635773272
2009-12-11,-0.0049383523683432795,0.0,0.0,-0.0049383523683432795,109688.41801615394
2009-12-14,0.0,0.0,0.0,0.0,109688.41801615394
2009-12-15,-0.003198551539947303,0.0,0.0,-0.003198551539947303,109337.573957794
2009-12-16,0.0,0.0,0.0,0.0,109337.573957794
2009-12-17,0.008851763442930816,0.0,0.0,0.008851763442930816,110305.40429789235
2009-12-18,-0.004935284571920162,0.0,0.0,-0.004935284571920162,109761.01573786154
2009-12-21,-0.010249618942686944,0.0,0.0,-0.010249618942686944,108636.00715178621
2009-12-22,-0.004454836104911486,0.0,0.0,-0.004454836104911486,108152.05154483301
2009-12-23,-0.00044816874276021323,0.0,0.0,-0.00044816874276021323,108103.58117586523
2009-12-24,-0.003581097277581824,0.0,0.0,-0.003581097277581824,107716.4517356195
2009-12-28,-0.0026951941679144165,0.0,0.0,-0.0026951941679144165,107426.13498311322
2009-12-29,0.002640243776967033,0.0,0.0,0.002640243776967033,107709.766167486
2009-12-30,0.0018002864615416225,0.0,0.0,0.0018002864615416225,107903.67460129313
2009-12-31,-0.004829528402709893,0.0,0.0,-0.004829528402709893,107382.55074004941
2010-01-04,0.0024834075999966565,0.0,0.0,0.0024834075999966565,107649.22538266428
2010-01-05,0.0043903061419334755,0.0,0.0,0.0043903061419334755,108121.83843803618
2010-01-06,-0.004035019788015237,0.0,0.0,-0.004035019788015237,107685.56468042212
2010-01-07,0.0,0.0,0.0,0.0,107685.56468042212
2010-01-08,0.00123717714827154,0.0,0.0,0.00123717714827154,107818.79080024346
2010-01-11,0.0006752061091339634,0.0,0.0,0.0006752061091339634,107891.59070647122
2010-01-12,0.007189697218044078,0.0,0.0,0.007189697218044078,108667.29857602391
2010-01-13,-0.0047957765263773044,0.0,0.0,-0.0047957765263773044,108146.15449632818
2010-01-14,0.004707087808721644,0.0,0.0,0.004707087808721644,108655.20794171796
2010-01-15,0.004461119879222375,0.0,0.0,0.004461119879222375,109139.93184984781
2010-01-19,-0.001776263317497917,0.0,0.0,-0.001776263317497917,108946.07059242869
2010-01-20,0.003447498763249346,0.0,0.0,0.003447498763249346,109321.66203605695
2010-01-21,0.003659067436537544,0.0,0.0,0.003659067436537544,109721.67736972125
2010-01-22,0.000883944874418896,0.0,0.0,0.000883944874418896,109818.66528404485
2010-01-25,-0.0022072047690253616,0.0,0.0,-0.0022072047690253616,109576.27300230191
2010-01-26,0.001991284501513313,0.0,0.0,0.001991284501513313,109794.47053646499
2010-01-27,-0.0023188552759804137,0.0,0.0,-0.0023188552759804137,109539.87304918801
2010-01-28,-0.00033180645759478544,0.0,0.0,-0.00033180645759478544,109503.5270119462
2010-01-29,0.003874370709410213,0.0,0.0,0.003874370709410213,109927.78426957839
2010-02-01,-0.003429953352364623,0.0,0.0,-0.003429953352364623,109550.73709740493
2010-02-02,0.0016653888083975055,0.0,0.0,0.0016653888083975055,109733.18166891864
2010-02-03,-0.004765345869282123,0.0,0.0,-0.004765345869282123,109210.26510492947
2010-02-04,0.008239664133714575,0.0,0.0,0.008239664133714575,110110.121009348
2010-02-05,0.0032022153910034046,0.0,0.0,0.0032022153910034046,110462.71733354937
2010-02-08,-0.0008799672881327769,0.0,0.0,-0.0008799672881327769,110365.5137557376
2010-02-09,-0.005399317377382307,0.0,0.0,-0.005399317377382307,109769.61531945253
2010-02-10,-0.002769049224130793,0.0,0.0,-0.002769049224130793,109465.65785131905
2010-02-11,-0.0012221686656788133,0.0,0.0,-0.0012221686656788133,109331.87235432524
2010-02-12,0.0023357555526899443,0.0,0.0,0.0023357555526899443,109587.24488226285
2010-02-16,0.00221863069232886,0.0,0.0,0.00221863069232886,109830.3785072464
2010-02-17,-0.00531474257505693,0.0,0.0,-0.00531474257505693,109246.6583185593
2010-02-18,-0.0035603454274734103,0.0,0.0,-0.0035603454274734103,108857.70247814807
2010-02-19,0.0005577557676088585,0.0,0.0,0.0005577557676088585,108918.41848955391
2010-02-22,-0.0007813138100789541,0.0,0.0,-0.0007813138100789541,108833.31902501606
2010-02-23,0.007597494595975585,0.0,0.0,0.007597494595975585,109660.17957817069
2010-02-24,0.0005549648085936276,0.0,0.0,0.0005549648085936276,109721.03711874064
2010-02-25,0.0036570507284494624,0.0,0.0,0.0036570507284494624,110122.29251746194
2010-02-26,0.0015462791319638125,0.0,0.0,0.0015462791319638125,110292.57232034573
2010-03-01,0.001038854794729538,0.0,0.0,0.001038854794729538,110407.15028792378
2010-03-02,0.0005524920222557128,0.0,0.0,0.0005524920222557128,110468.14935765785
2010-03-03,-0.000993948699752556,0.0,0.0,-0.000993948699752556,110358.34968423974
2010-03-04,0.0017678280216253395,0.0,0.0,0.0017678280216253395,110553.44426723185
2010-03-05,-0.004742242123248697,0.0,0.0,-0.004742242123248697,110029.17306695756
2010-03-08,-0.002659797809060116,0.0,0.0,-0.002659797809060116,109736.51771350137
2010-03-09,0.00255609828118053,0.0,0.0,0.00255609828118053,110017.01503781158
2010-03-10,-0.001662802374553185,0.0,0.0,-0.001662802374553185,109834.07848396545
2010-03-11,-0.0008882559203000628,0.0,0.0,-0.0008882559203000628,109736.51771350137
2010-03-12,0.001555645590156196,0.0,0.0,0.001555645590156196,109907.22884336149
2010-03-15,0.0,0.0,0.0,0.0,109907.22884336149
2010-03-16,0.0038825214117843565,0.0,0.0,0.0038825214117843565,110333.94601265571
2010-03-17,0.0012163377623306548,0.0,0.0,0.0012163377623306548,110468.14935765785
2010-03-18,-0.0026488012949397177,0.0,0.0,-0.0026488012949397177,110175.5411805897
2010-03-19,-0.0013284991574692429,0.0,0.0,-0.0013284991574692429,110029.17306695756
2010-03-22,0.003324747261325145,0.0,0.0,0.003324747261325145,110394.9922587778
2010-03-23,-0.0020990415762609516,0.0,0.0,-0.0020990415762609516,110163.2685802156
2010-03-24,-0.009961305399808551,0.0,0.0,-0.009961305399808551,109065.89861804694
2010-03-25,-0.003688657621894076,0.0,0.0,-0.003688657621894076,108663.59185982075
2010-03-26,0.0023557643972631492,0.0,0.0,0.0023557643972631492,108919.57768080285
2010-03-29,-0.0014550708811829072,0.0,0.0,-0.0014550708811829072,108761.09197492879
2010-03-30,0.0010089295407529342,0.0,0.0,0.0010089295407529342,108870.82425350683
2010-03-31,0.0023518374008257847,0.0,0.0,0.0023518374008257847,109126.87072984494
2010-04-01,-0.002073039005889732,0.0,0.0,-0.002073039005889732,108900.6464702313
2010-04-05,-0.008982274024555315,0.0,0.0,-0.008982274024555315,107922.47102218446
2010-04-06,0.0029450221320037606,0.0,0.0,0.0029450221320037606,108240.30508788534
2010-04-07,0.006214080625270846,0.0,0.0,0.006214080625270846,108912.91907060536
2010-04-08,-0.0011229284578176957,0.0,0.0,-0.0011229284578176957,108790.61765435697
2010-04-09,0.0011241908437080728,0.0,0.0,0.0011241908437080728,108912.91907060536
2010-04-12,0.002694174360771795,0.0,0.0,0.002694174360771795,109206.34946472221
2010-04-13,0.001905151227511448,0.0,0.0,0.001905151227511448,109414.40407545697
2010-04-14,-0.0026830579234748964,0.0,0.0,-0.0026830579234748964,109120.83889166004
2010-04-15,0.001681090587368761,0.0,0.0,0.001681090587368761,109304.2809068066
2010-04-16,0.006039525001519941,0.0,0.0,0.006039525001519941,109964.4268441164
2010-04-19,-0.002445875774663153,0.0,0.0,-0.002445875774663153,109695.46751642365
2010-04-20,0.00044640942686946516,0.0,0.0,0.00044640942686946516,109744.43660720783
2010-04-21,0.0032303262800263965,0.0,0.0,0.0032303262800263965,110098.9469448668
2010-04-22,-0.0023316634025867256,0.0,0.0,-0.0023316634025867256,109842.23325961211
2010-04-23,-0.002783416567909147,0.0,0.0,-0.002783416567909147,109536.49656770116
2010-04-26,0.0006699091549535741,0.0,0.0,0.0006699091549535741,109609.87606955341
2010-04-27,0.009371527188108963,0.0,0.0,0.009371527188108963,110637.08800322449
2010-04-28,-0.005084594507090645,0.0,0.0,-0.005084594507090645,110074.54327328279
2010-04-29,0.0016662804292102429,0.0,0.0,0.0016662804292102429,110257.95833049332
2010-04-30,0.006100183374083024,0.0,0.0,0.006100183374083024,110930.55209476133
2010-05-03,-0.0026217209578318634,0.0,0.0,-0.0026217209578318634,110639.72314147063
2010-05-04,0.0067630745037690065,0.0,0.0,0.0067630745037690065,111387.98783215278
2010-05-05,0.0038529319886713154,0.0,0.0,0.0038529319886713154,111817.15817362501
2010-05-06,0.01096975032717351,0.0,0.0,0.01096975032717351,113043.76448108375
2010-05-07,-0.0027131123908655796,0.0,0.0,-0.0027131123908655796,112737.06404296005
2010-05-10,-0.007615564177771095,0.0,0.0,-0.007615564177771095,111878.50769652739
2010-05-11,0.0012063524038135043,0.0,0.0,0.0012063524038135043,112013.47260322217
2010-05-12,-0.0025181580173185836,0.0,0.0,-0.0025181580173185836,111731.40497913866
2010-05-13,0.0027443765102650453,0.0,0.0,0.0027443765102650453,112038.03802242233
2010-05-14,0.006457903022516698,0.0,0.0,0.006457903022516698,112761.56880680416
2010-05-17,-0.002175120867939695,0.0,0.0,-0.002175120867939695,112516.29876539086
2010-05-18,0.007303643927427439,0.0,0.0,0.007303643927427439,113338.07774760532
2010-05-19,0.0008653135221412533,0.0,0.0,0.0008653135221412533,113436.15071885382
2010-05-20,0.009731351392008536,0.0,0.0,0.009731351392008536,114540.03776205583
2010-05-21,0.0005347338087098308,0.0,0.0,0.0005347338087098308,114601.28619269811
2010-05-24,0.0,0.0,0.0,0.0,114601.28619269811
2010-05-25,0.0034243957173587525,0.0,0.0,0.0034243957173587525,114993.72634634019
2010-05-26,-0.002026409669284246,0.0,0.0,-0.002026409669284246,114760.70194736494
2010-05-27,-0.009510742058691846,0.0,0.0,-0.009510742058691846,113669.24251266914
2010-05-28,0.0045307279118120825,0.0,0.0,0.0045307279118120825,114184.24692243582
2010-06-01,0.001292955382238059,0.0,0.0,0.001292955382238059,114331.882059061
2010-06-02,-0.005701440055419282,0.0,0.0,-0.005701440055419282,113680.025687078
2010-06-03,-0.0014063511915390903,0.0,0.0,-0.0014063511915390903,113520.15164749877
2010-06-04,0.01386709912027051,0.0,0.0,0.01386709912027051,115094.34684254279
2010-06-07,0.004061924319665122,0.0,0.0,0.004061924319665122,115561.85136903847
2010-06-08,-0.003087306062149242,0.0,0.0,-0.003087306062149242,115205.07656475365
2010-06-09,0.00010763979279349023,0.0,0.0,0.00010763979279349023,115217.47721532384
2010-06-10,-0.009286676505288693,0.0,0.0,-0.009286676505288693,114147.48977666967
2010-06-11,0.006356804572393182,0.0,0.0,0.006356804572393182,114873.1030616092
2010-06-14,-0.0008569186411896412,0.0,0.0,-0.0008569186411896412,114774.6661582244
2010-06-15,-0.0031075409276211108,0.0,0.0,-0.0031075409276211108,114417.99918568367
2010-06-16,0.0027944432035691413,0.0,0.0,0.0027944432035691413,114737.73378587408
2010-06-17,0.004716087314518003,0.0,0.0,0.004716087314518003,115278.84695667819
2010-06-18,-0.00202630857089936,0.0,0.0,-0.00202630857089936,115045.25644104645
2010-06-21,-0.0007484328369400384,0.0,0.0,-0.0007484328369400384,114959.1527933918
2010-06-22,0.005991361015291741,0.0,0.0,0.005991361015291741,115647.9145797891
2010-06-23,0.0037217308076256117,0.0,0.0,0.0037217308076256117,116078.32498631834
2010-06-24,-0.0008469763212406445,0.0,0.0,-0.0008469763212406445,115980.00939364565
2010-06-25,0.0015904437169453889,0.0,0.0,0.0015904437169453889,116164.46907087705
2010-06-28,0.007093242882912243,0.0,0.0,0.007093242882912243,116988.45186436133
2010-06-29,0.004310584695851549,0.0,0.0,0.004310584695851549,117492.74049455923
2010-06-30,0.0014655698353491786,0.0,0.0,0.0014655698353491786,117664.93431090054
2010-07-01,-0.0004398866787764799,0.0,0.0,-0.0004398866787764799,117613.17507373808
2010-07-02,-0.0017820958616295846,0.0,0.0,-0.0017820958616295846,117403.57712116605
2010-07-06,0.0024156927146101737,0.0,0.0,0.0024156927146101737,117687.18808708682
2010-07-07,-0.003143793296020325,0.0,0.0,-0.003143793296020325,117317.20389415117
2010-07-08,-0.0024175861295218093,0.0,0.0,-0.0024175861295218093,117033.57944926238
2010-07-09,-0.0026335183798644746,0.0,0.0,-0.0026335183798644746,116725.36936672142
2010-07-12,0.00169033634090332,0.0,0.0,0.00169033634090332,116922.67450046736
2010-07-13,-0.004957200183112409,0.0,0.0,-0.004957200183112409,116343.06539702366
2010-07-14,0.0049818964410623945,0.0,0.0,0.0049818964410623945,116922.67450046739
2010-07-15,0.005168049213016612,0.0,0.0,0.005168049213016612,117526.93663640332
2010-07-16,0.005769855158962001,0.0,0.0,0.005769855158962001,118205.05003807187
2010-07-19,-0.0026078750299900477,0.0,0.0,-0.0026078750299900477,117896.78603965885
2010-07-20,0.0010457632013456397,0.0,0.0,0.0010457632013456397,118020.07816005604
2010-07-21,0.006373325137687624,0.0,0.0,0.006373325137687624,118772.25849094539
2010-07-22,-0.0055020198774965445,0.0,0.0,-0.0055020198774965445,118118.77116383305
2010-07-23,-0.0032366063914389676,0.0,0.0,-0.0032366063914389676,117736.46719413526
2010-07-26,-0.0003144881616443662,0.0,0.0,-0.0003144881616443662,117699.44046900888
2010-07-27,-0.003456678883304032,0.0,0.0,-0.003456678883304032,117292.59129856295
2010-07-28,0.0043099797664807316,0.0,0.0,0.0043099797664807316,117798.11999381786
2010-07-29,0.0020936215086571064,0.0,0.0,0.0020936215086571064,118044.7446715163
2010-07-30,0.005849367510804004,0.0,0.0,0.005849367510804004,118735.23176581901
2010-08-02,-0.003091863866264699,0.0,0.0,-0.003091863866264699,118368.11859306972
2010-08-03,0.004699209377693858,0.0,0.0,0.004699209377693858,118924.35516598226
2010-08-04,-0.004157449707620664,0.0,0.0,-0.004157449707620664,118429.93314036848
2010-08-05,0.004801351562368383,0.0,0.0,0.004801351562368383,118998.55688488316
2010-08-06,0.0065458740152022354,0.0,0.0,0.0065458740152022354,119777.50644624249
2010-08-09,-0.00020672382462261218,0.0,0.0,-0.00020672382462261218,119752.74558200617
2010-08-10,0.005059083800115216,0.0,0.0,0.005059083800115216,120358.58475719942
2010-08-11,0.005649787745193979,0.0,0.0,0.005649787745193979,121038.58521438955
2010-08-12,-0.002553283137028184,0.0,0.0,-0.002553283137028184,120729.53943583189
2010-08-13,0.004300714880388634,0.0,0.0,0.004300714880388634,121248.76276258605
2010-08-16,0.007239808239852152,0.0,0.0,0.007239808239852152,122126.58055430649
2010-08-17,-0.00506239757082616,0.0,0.0,-0.00506239757082616,121508.32724957507
2010-08-18,-0.0010173427486623865,0.0,0.0,-0.0010173427486623865,121384.71163394563
2010-08-19,0.004481821644352513,0.0,0.0,0.004481821644352513,121928.73626184014
2010-08-20,-0.0032443603150217326,0.0,0.0,-0.0032443603150217326,121533.15550865147
2010-08-23,0.001322574838604318,0.0,0.0,0.001322574838604318,121693.8922021834
2010-08-24,0.00792474614628369,0.0,0.0,0.00792474614628369,122658.28540543893
2010-08-25,-0.004536055919268311,0.0,0.0,-0.004536055919268311,122101.90056387828
2010-08-26,0.004556725480858281,0.0,0.0,0.004556725480858281,122658.28540543893
2010-08-27,-0.011491458878572836,0.0,0.0,-0.011491458878572836,121248.76276258608
2010-08-30,0.007646905019496719,0.0,0.0,0.007646905019496719,122175.94053516306
2010-08-31,0.004453127697772397,0.0,0.0,0.004453127697772397,122720.00559996159
2010-09-01,-0.007200461746894815,0.0,0.0,-0.007200461746894815,121836.36489406036
2010-09-02,-0.004171258805456102,0.0,0.0,-0.004171258805456102,121328.15388417125
2010-09-03,-0.0057209552315478085,0.0,0.0,-0.0057209552315478085,120634.04094747356
2010-09-07,0.007911686945336616,0.0,0.0,0.007911686945336616,121588.45971440089
2010-09-08,-0.0027515889730690413,0.0,0.0,-0.0027515889730690413,121253.89824939829
2010-09-09,-0.007871241920521688,0.0,0.0,-0.007871241920521688,120299.47948247095
2010-09-10,-0.00288594581252144,0.0,0.0,-0.00288594581252144,119952.30170341
2010-09-13,0.004753337932987378,0.0,0.0,0.004753337932987378,120522.47552924597
2010-09-14,0.005039858431244548,0.0,0.0,0.005039858431244548,121129.8917436965
2010-09-15,-0.003478963365950438,0.0,0.0,-0.003478963365950438,120708.48528779866
2010-09-16,-0.0034911088055916695,0.0,0.0,-0.0034911088055916695,120287.07883190077
2010-09-17,0.002266570014064273,0.0,0.0,0.002266570014064273,120559.71791786056
2010-09-20,0.0030831981632069017,0.0,0.0,0.0030831981632069017,120931.42741870164
2010-09-21,0.009327273349419851,0.0,0.0,0.009327273349419851,122059.3878987714
2010-09-22,0.0015231553178913781,0.0,0.0,0.0015231553178913781,122245.30330454797
2010-09-23,0.0014197289173398797,0.0,0.0,0.0014197289173398797,122418.85849665842
2010-09-24,-0.004961345874623269,0.0,0.0,-0.004961345874623269,121811.49619807991
2010-09-27,0.0077334089618710244,0.0,0.0,0.0077334089618710244,122753.51431443707
2010-09-28,0.003331927461400541,0.0,0.0,0.003331927461400541,123162.52011976477
2010-09-29,-0.0024149141138302133,0.0,0.0,-0.0024149141138302133,122865.09321163263
2010-09-30,-0.0012103800207101667,0.0,0.0,-0.0012103800207101667,122716.37975756657
2010-10-01,0.0005356817657089508,0.0,0.0,0.0005356817657089508,122782.11668455652
2010-10-04,0.0035422573951087166,0.0,0.0,0.0035422573951087166,123217.04254536949
2010-10-05,0.00020128141877151506,0.0,0.0,0.00020128141877151506,123241.84384650984
2010-10-06,0.00645152117349701,0.0,0.0,0.00645152117349701,124036.94121154642
2010-10-07,0.001002036674042417,0.0,0.0,0.001002036674042417,124161.23077557643
2010-10-08,0.0003999357757857869,0.0,0.0,0.0003999357757857869,124210.88729372917
2010-10-11,0.0010006334125614025,0.0,0.0,0.0010006334125614025,124335.17685775919
2010-10-12,-0.0028985133316219436,0.0,0.0,-0.0028985133316219436,123974.7896900474
2010-10-13,0.0,0.0,0.0,0.0,123974.7896900474
2010-10-14,-0.005711243321253834,0.0,0.0,-0.005711243321253834,123266.73950042628
2010-10-15,-0.004333569488504052,0.0,0.0,-0.004333569488504052,122732.55451917986
2010-10-18,0.004756583009407844,0.0,0.0,0.004756583009407844,123316.34210270701
2010-10-19,0.0034256962964638316,0.0,0.0,0.0034256962964638316,123738.78643914171
2010-10-20,-0.0006029321127852816,0.0,0.0,-0.0006029321127852816,123664.18035120048
2010-10-21,-0.005524598721056373,0.0,0.0,-0.005524598721056373,122980.98537859175
2010-10-22,0.00030250165581291455,0.0,0.0,0.00030250165581291455,123018.18733030227
2010-10-25,-0.00030241017623389155,0.0,0.0,-0.00030241017623389155,122980.98537859175
2010-10-26,-0.006667750265593186,0.0,0.0,-0.006667750265593186,122160.97888067072
2010-10-27,-0.005796593895607938,0.0,0.0,-0.005796593895607938,121452.86129620954
2010-10-28,0.00583039030043242,0.0,0.0,0.00583039030043242,122160.97888067072
2010-10-29,0.004474526929639122,0.0,0.0,0.004474526929639122,122707.59147042336
2010-11-01,-0.0016742764482843286,0.0,0.0,-0.0016742764482843286,122502.14503999875
2010-11-02,0.003355048945952177,0.0,0.0,0.003355048945952177,122913.14573259206
2010-11-03,0.00324173440521891,0.0,0.0,0.00324173440521891,123311.5975059671
2010-11-04,0.008079733768962871,0.0,0.0,0.008079733768962871,124307.92238444081
2010-11-05,-0.004209008494786892,0.0,0.0,-0.004209008494786892,123784.70928315539
2010-11-08,0.000301844222465375,0.0,0.0,0.000301844222465375,123822.07298248207
2010-11-09,-0.008447128484679989,0.0,0.0,-0.008447128484679989,122776.13202275962
2010-11-10,0.0037524486154418835,0.0,0.0,0.0037524486154418835,123236.84314937773
2010-11-11,-0.0011109167890840377,0.0,0.0,-0.0011109167890840377,123099.93727128937
2010-11-12,-0.00829575608289379,0.0,0.0,-0.00829575608289379,122078.73021786721
2010-11-15,-0.012853402884118403,0.0,0.0,-0.012853402884118403,120509.60311479538
2010-11-16,0.007439909285385182,0.0,0.0,0.007439909285385182,121406.18362998722
2010-11-17,-0.002871850964402123,0.0,0.0,-0.002871850964402123,121057.52316444507
2010-11-18,-0.00236549260144725,0.0,0.0,-0.00236549260144725,120771.16248905004
2010-11-19,0.0020619486380033525,0.0,0.0,0.0020619486380033525,121020.18642305443
2010-11-22,0.0053514828735394815,0.0,0.0,0.0053514828735394815,121667.82387804998
2010-11-23,0.002046641807993188,0.0,0.0,0.002046641807993188,121916.83433308633
2010-11-24,-0.010724968844555316,0.0,0.0,-0.010724968844555316,120609.28008323717
2010-11-26,0.004336183405359018,0.0,0.0,0.004336183405359018,121132.26404206641
2010-11-29,0.0021593986977066493,0.0,0.0,0.0021593986977066493,121393.8368952891
2010-11-30,0.0017441382110725545,0.0,0.0,0.0017441382110725545,121605.56452480689
2010-12-01,-0.013151035677173573,0.0,0.0,-0.013151035677173573,120006.32540719831
2010-12-02,-0.002496285616857219,0.0,0.0,-0.002496285616857219,119706.75534315243
2010-12-03,0.00010438010211233362,0.0,0.0,0.00010438010211233362,119719.25034649868
2010-12-06,0.006256185311075413,0.0,0.0,0.006256185311075413,120468.2361619694
2010-12-07,-0.01657992164920452,0.0,0.0,-0.01657992164920452,118470.88224518608
2010-12-08,-0.00853525087395901,0.0,0.0,-0.00853525087395901,117459.70354396416
2010-12-09,0.0021251288830594905,0.0,0.0,0.0021251288830594905,117709.32055256105
2010-12-10,-0.008483748766434318,0.0,0.0,-0.008483748766434318,116710.70424952543
2010-12-13,0.0032084393006039935,0.0,0.0,0.0032084393006039935,117085.16345984077
2010-12-14,-0.010556025505300881,0.0,0.0,-0.010556025505300881,115849.20948806636
2010-12-15,-0.0040950280128259076,0.0,0.0,-0.0040950280128259076,115374.803729949
2010-12-16,0.005952369130534763,0.0,0.0,0.005952369130534763,116061.55715011265
2010-12-17,0.008604427559764538,0.0,0.0,0.008604427559764538,117060.20041108427
2010-12-20,-0.00010743085275921604,0.0,0.0,-0.00010743085275921604,117047.62453392993
2010-12-21,0.0021334167384197134,0.0,0.0,0.0021334167384197134,117297.3358953029
2010-12-22,-0.0027667560420300275,0.0,0.0,-0.0027667560420300275,116972.80278250053
2010-12-23,-0.003522170337255326,0.0,0.0,-0.003522170337255326,116560.80464627438
2010-12-27,0.0038556335707247147,0.0,0.0,0.0038556335707247147,117010.22039769923
2010-12-28,-0.010504728285436138,0.0,0.0,-0.010504728285436138,115781.0598258024
2010-12-29,0.011243274984379603,0.0,0.0,0.011243274984379603,117082.8181194068
2010-12-30,-0.002031006406154723,0.0,0.0,-0.002031006406154723,116845.02216575562
2010-12-31,0.00503397744434797,0.0,0.0,0.00503397744434797,117433.21737182238
2011-01-03,-0.003090562455738022,0.0,0.0,-0.003090562455738022,117070.28267915649
2011-01-04,0.0023524524593214746,0.0,0.0,0.0023524524593214746,117345.68495355852
2011-01-05,-0.010773233035862417,0.0,0.0,-0.010773233035862417,116081.49254380095
2011-01-06,0.005175773561822528,0.0,0.0,0.005175773561822528,116682.30406392606
2011-01-07,0.0066510947690900935,0.0,0.0,0.0066510947690900935,117458.36912613102
2011-01-10,0.0034096088726947027,0.0,0.0,0.0034096088726947027,117858.85622367571
2011-01-11,-0.003928906845771962,0.0,0.0,-0.003928906845771962,117395.79975662366
2011-01-12,-0.002879022278293508,0.0,0.0,-0.002879022278293508,117057.81463374627
2011-01-13,0.0067367311268757835,0.0,0.0,0.0067367311268757835,117846.40165723348
2011-01-14,-0.0027616429356384087,0.0,0.0,-0.0027616429356384087,117520.95197460637
2011-01-18,-0.002449982159321906,0.0,0.0,-0.002449982159321906,117233.02773892206
2011-01-19,0.0025623519829540697,0.0,0.0,0.0025623519829540697,117533.4200200166
2011-01-20,-0.00777394892797556,0.0,0.0,-0.00777394892797556,116619.72121545069
2011-01-21,0.0033271008464308416,0.0,0.0,0.0033271008464308416,117007.72678861713
2011-01-24,0.00010770942600313305,0.0,0.0,0.00010770942600313305,117020.32962370745
2011-01-25,0.0050266664424400975,0.0,0.0,0.0050266664424400975,117608.55178771021
2011-01-26,-0.006067042904240538,0.0,0.0,-0.006067042904240538,116895.01565810858
2011-01-27,0.0037479816719729886,0.0,0.0,0.0037479816719729886,117333.13603434018
2011-01-28,0.004587528525584084,0.0,0.0,0.004587528525584084,117871.40514289394
2011-01-31,-0.003929289035509931,0.0,0.0,-0.003929289035509931,117408.2543230658
2011-02-01,-0.0046486541840757845,0.0,0.0,-0.0046486541840757845,116862.46395036187
2011-02-02,-0.0023620568706800293,0.0,0.0,-0.0023620568706800293,116586.42816446332
2011-02-03,-0.005705065040123136,0.0,0.0,-0.005705065040123136,115921.2950089894
2011-02-04,-0.006169419386450992,0.0,0.0,-0.006169419386450992,115206.12792425844
2011-02-07,-0.000436054181165213,0.0,0.0,-0.000436054181165213,115155.8918104812
2011-02-08,-0.006865669964660315,0.0,0.0,-0.006865669964660315,114365.2694628243
2011-02-09,0.005706139978691072,0.0,0.0,0.005706139978691072,115017.8536990799
2011-02-10,-0.0032728885690898046,0.0,0.0,-0.0032728885690898046,114641.41308046694
2011-02-11,0.004596831094175524,0.0,0.0,0.004596831094175524,115168.40029279544
2011-02-14,0.0003275866589016463,0.0,0.0,0.0003275866589016463,115206.12792425841
2011-02-15,0.0022868567279463736,0.0,0.0,0.0022868567279463736,115469.58783300265
2011-02-16,-0.0014130379335023369,0.0,0.0,-0.0014130379335023369,115306.42492522874
2011-02-17,0.0036999049861687894,0.0,0.0,0.0036999049861687894,115733.04774174688
2011-02-18,-0.00021639387411998,0.0,0.0,-0.00021639387411998,115708.00381918234
2011-02-22,0.009651648112137146,0.0,0.0,0.009651648112137146,116824.7767558029
2011-02-23,-0.0024705815841120637,0.0,0.0,-0.0024705815841120637,116536.15161378201
2011-02-24,0.0025847300942414275,0.0,0.0,0.0025847300942414275,116837.36611192524
2011-02-25,0.0032215736646130644,0.0,0.0,0.0032215736646130644,117213.76629363415
2011-02-28,-0.00042835545199892966,0.0,0.0,-0.00042835545199892966,117163.55713779296
2011-03-01,0.001138590784236726,0.0,0.0,0.001138590784236726,117296.95848419846
2011-03-02,-0.005254405743085555,0.0,0.0,-0.005254405743085555,116680.63267189261
2011-03-03,-0.006791084984039686,0.0,0.0,-0.006791084984039686,115888.24457942627
2011-03-04,0.00716295468944117,0.0,0.0,0.00716295468944117,116718.3468243876
2011-03-07,-0.0024786085332130225,0.0,0.0,-0.0024786085332130225,116429.04773396616
2011-03-08,-0.0023757121434767603,0.0,0.0,-0.0023757121434767603,116152.44583141114
2011-03-09,0.00584590782970551,0.0,0.0,0.00584590782970551,116831.46232393642
2011-03-10,0.008505614993436605,0.0,0.0,0.008505614993436605,117825.18576158401
2011-03-11,-0.0023485913599751163,0.0,0.0,-0.0023485913599751163,117548.46254831688
2011-03-14,0.002247479612149217,0.0,0.0,0.002247479612149217,117812.6503213337
2011-03-15,0.003629205718679085,0.0,0.0,0.003629205718679085,118240.21666561262
2011-03-16,0.008508810958617996,0.0,0.0,0.008508810958617996,119246.30031692635
2011-03-17,-0.0030583794759757588,0.0,0.0,-0.0030583794759757588,118881.59987945104
2011-03-18,-0.0006341424422476871,0.0,0.0,-0.0006341424422476871,118806.21201136516
2011-03-21,-0.005187202638653687,0.0,0.0,-0.005187202638653687,118189.94011493136
2011-03-22,0.0005314495537478425,0.0,0.0,0.0005314495537478425,118252.75210586292
2011-03-23,-0.001276055264648357,0.0,0.0,-0.001276055264648357,118101.85505897908
2011-03-24,-0.005111199168768232,0.0,0.0,-0.005111199168768232,117498.21295557164
2011-03-25,-0.0026771358351902474,0.0,0.0,-0.0026771358351902474,117183.65427909745
2011-03-28,0.0003220680449262936,0.0,0.0,0.0003220680449262936,117221.39538952842
2011-03-29,-0.002896299307259209,0.0,0.0,-0.002896299307259209,116881.88714326578
2011-03-30,0.0034432625679718942,0.0,0.0,0.0034432625679718942,117284.3421701401
2011-03-31,-0.0025739876351595914,0.0,0.0,-0.0025739876351595914,116982.45372359632
2011-04-01,0.0021344900406596867,0.0,0.0,0.0021344900406596867,117232.15160600127
2011-04-04,0.002258602644257479,0.0,0.0,0.002258602644257479,117496.93245361057
2011-04-05,-0.005044707175827834,0.0,0.0,-0.005044707175827834,116904.19483532409
2011-04-06,-0.0043142679845527,0.0,0.0,-0.0043142679845527,116399.83881028612
2011-04-07,0.00010908252104302463,0.0,0.0,0.00010908252104302463,116412.53599815255
2011-04-08,-0.0029254547446068146,0.0,0.0,-0.0029254547446068146,116071.97639238504
2011-04-11,0.001303165361024039,0.0,0.0,0.001303165361024039,116223.23737140521
2011-04-12,0.0056428704136890495,0.0,0.0,0.0056428704136890495,116879.07003895145
2011-04-13,0.0038841140887013736,0.0,0.0,0.0038841140887013736,117333.04168156406
2011-04-14,-0.0033319172723218493,0.0,0.0,-0.0033319172723218493,116942.09769337121
2011-04-15,0.007333307668351052,0.0,0.0,0.007333307668351052,117799.67007513905
2011-04-18,0.0024620353733506573,0.0,0.0,0.0024620353733506573,118089.69702983307
2011-04-19,0.0012820404532158935,0.0,0.0,0.0012820404532158935,118241.09279853333
2011-04-20,-0.003947440718281903,0.0,0.0,-0.003947440718281903,117774.34309424624
2011-04-21,0.0007505460857957225,0.0,0.0,0.0007505460857957225,117862.73816646278
2011-04-25,0.003530799172388077,0.0,0.0,0.003530799172388077,118278.8878248363
2011-04-26,0.00426526512039227,0.0,0.0,0.00426526512039227,118783.37863955437
2011-04-27,-0.0028675183812807425,0.0,0.0,-0.0028675183812807425,118442.76511791482
2011-04-28,0.0038328355654364543,0.0,0.0,0.0038328355654364543,118896.7367605274
2011-04-29,0.002016232342520796,0.0,0.0,0.002016232342520796,119136.46020660418
2011-05-02,-0.0003083035014339597,0.0,0.0,-0.0003083035014339597,119099.73001877403
2011-05-03,0.0026543781054888527,0.0,0.0,0.0026543781054888527,119415.86573450548
2011-05-04,0.002541362179157902,0.0,0.0,0.002541362179157902,119719.34469927456
2011-05-05,0.004962993995566434,0.0,0.0,0.004962993995566434,120313.51108817021
2011-05-06,0.0005257663607669549,0.0,0.0,0.0005257663607669549,120376.76788504614
2011-05-09,0.0014699837448552966,0.0,0.0,0.0014699837448552966,120553.71977709536
2011-05-10,-0.004824214747157218,0.0,0.0,-0.004824214747157218,119972.14274432205
2011-05-11,0.003583541594293971,0.0,0.0,0.003583541594293971,120402.0679080029
2011-05-12,-0.0022054078840308966,0.0,0.0,-0.0022054078840308966,120136.53223818497
2011-05-13,0.003893463039140732,0.0,0.0,0.003893463039140732,120604.27938610487
2011-05-16,0.0024107050054820167,0.0,0.0,0.0024107050054820167,120895.0207261035
2011-05-17,0.0029293713123637044,0.0,0.0,0.0029293713123637044,121249.16713162616
2011-05-18,-0.005735687683329105,0.0,0.0,-0.005735687683329105,120553.7197770954
2011-05-19,0.0010488784514122163,0.0,0.0,0.0010488784514122163,120680.16597600716
2011-05-20,0.002409635862851589,0.0,0.0,0.002409635862851589,120970.96123187785
2011-05-23,0.0013592512541233948,0.0,0.0,0.0013592512541233948,121135.3911626448
2011-05-24,0.0010437306449442296,0.0,0.0,0.0010437306449442296,121261.82388258856
2011-05-25,0.00010459770843196381,0.0,0.0,0.00010459770843196381,121274.50759148697
2011-05-26,0.005524537656460549,0.0,0.0,0.005524537656460549,121944.49317544485
2011-05-27,-0.00010345948168566377,0.0,0.0,-0.00010345948168566377,121931.8768613865
2011-05-31,0.0015559218773559813,0.0,0.0,0.0015559218773559813,122121.59333614219
2011-06-01,0.008240804603981022,0.0,0.0,0.008240804603981022,123127.97352475216
2011-06-02,-0.005971107045107171,0.0,0.0,-0.005971107045107171,122392.76321458875
2011-06-03,0.003935672887512176,0.0,0.0,0.003935672887512176,122874.4610944001
2011-06-06,-0.0006190205499904122,0.0,0.0,-0.0006190205499904122,122798.39927791368
2011-06-07,0.0018574435662390698,0.0,0.0,0.0018574435662390698,123026.49037459689
2011-06-08,0.0021641684999045285,0.0,0.0,0.0021641684999045285,123292.7404297194
2011-06-09,-0.004009491151569566,0.0,0.0,-0.004009491151569566,122798.39927791368
2011-06-10,0.0031995403919335974,0.0,0.0,0.0031995403919335974,123191.29771646815
2011-06-13,-0.0021603979202409196,0.0,0.0,-0.0021603979202409196,122925.15549308971
2011-06-14,-0.007939779216044274,0.0,0.0,-0.007939779216044274,121949.15689837666
2011-06-15,0.010809554957763368,0.0,0.0,0.010809554957763368,123267.37301192257
2011-06-16,0.0027757840099968956,0.0,0.0,0.0027757840099968956,123609.53661488339
2011-06-17,-0.0007171871607686287,0.0,0.0,-0.0007171871607686287,123520.88544227464
2011-06-20,-0.0015396162275485015,0.0,0.0,-0.0015396162275485015,123330.71068260654
2011-06-21,-0.0013359762872952041,0.0,0.0,-0.0013359762872952041,123165.94377763932
2011-06-22,-0.0004114848485478051,0.0,0.0,-0.0004114848485478051,123115.26285791774
2011-06-23,0.005250452737549871,0.0,0.0,0.005250452737549871,123761.67372682427
2011-06-24,0.004199595810685297,0.0,0.0,0.004199595810685297,124281.42273333085
2011-06-27,-0.0038754300791419283,0.0,0.0,-0.0038754300791419283,123799.77876939155
2011-06-28,-0.009214927101843573,0.0,0.0,-0.009214927101843573,122658.97283280724
2011-06-29,-0.005993278921040512,0.0,0.0,-0.005993278921040512,121923.8433964519
2011-06-30,-0.0034308817832714444,0.0,0.0,-0.0034308817832714444,121505.53710319658
2011-07-01,-0.002499763158145818,0.0,0.0,-0.002499763158145818,121201.8020380353
2011-07-05,0.006290981236487969,0.0,0.0,0.006290981236487969,121964.28030048512
2011-07-06,0.0017699089615856867,0.0,0.0,0.0017699089615856867,122180.1459731823
2011-07-07,-0.0038474255014312453,0.0,0.0,-0.0038474255014312453,121710.06696379649
2011-07-08,0.010648057705145764,0.0,0.0,0.010648057705145764,123006.04278012415
2011-07-11,0.007644391008501561,0.0,0.0,0.007644391008501561,123946.3490675439
2011-07-12,0.0014349352299924956,0.0,0.0,0.0014349352299924956,124124.20405044986
2011-07-13,0.0016381191243268756,0.0,0.0,0.0016381191243268756,124327.53428289676
2011-07-14,-0.005722793502950019,0.0,0.0,-0.005722793502950019,123616.03347746479
2011-07-15,0.004110879136707712,0.0,0.0,0.004110879136707712,124124.20405044986
2011-07-18,-0.0006144168382791193,0.0,0.0,-0.0006144168382791193,124047.94004944326
2011-07-19,0.003789712002750356,0.0,0.0,0.003789712002750356,124518.04601676509
2011-07-20,-0.004897947607645947,0.0,0.0,-0.004897947607645947,123908.16315116853
2011-07-21,-0.0055364558676097575,0.0,0.0,-0.0055364558676097575,123222.1510742455
2011-07-22,0.0038145623038066123,0.0,0.0,0.0038145623038066123,123692.18964672727
2011-07-25,-0.0031840487862659916,0.0,0.0,-0.0031840487862659916,123298.34768041203
2011-07-26,0.004224341134185572,0.0,0.0,0.004224341134185572,123819.20196229553
2011-07-27,-0.001640847959047731,0.0,0.0,-0.001640847959047731,123616.03347746476
2011-07-28,0.0019517980039540639,0.0,0.0,0.0019517980039540639,123857.30700486281
2011-07-29,0.01210499893839656,0.0,0.0,0.01210499893839656,125356.59957466934
2011-08-01,0.0036382158033143597,0.0,0.0,0.0036382158033143597,125812.67393629166
2011-08-02,0.009212128692107191,0.0,0.0,0.009212128692107191,126971.6764796909
2011-08-03,0.0008026552059265946,0.0,0.0,0.0008026552059265946,127073.59095682256
2011-08-04,0.013229317576387345,0.0,0.0,0.013229317576387345,128754.6878471623
2011-08-05,-0.011572751428823302,0.0,0.0,-0.011572751428823302,127264.64184941135
2011-08-08,0.015912778603898392,0.0,0.0,0.015912778603898392,129289.77591926545
2011-08-09,0.005811948418488644,0.0,0.0,0.005811948418488644,130041.20142794617
2011-08-10,0.013222305972649284,0.0,0.0,0.013222305972649284,131760.6459822774
2011-08-11,-0.01469298517065043,0.0,0.0,-0.01469298517065043,129824.68876478449
2011-08-12,0.006966096875000272,0.0,0.0,0.006966096875000272,130729.06012348674
2011-08-15,-0.003703366126582952,0.0,0.0,-0.003703366126582952,130244.92255046539
2011-08-16,0.004596481402024732,0.0,0.0,0.004596481402024732,130843.59091467674
2011-08-17,0.007008788593999116,0.0,0.0,0.007008788593999116,131760.6459822774
2011-08-18,0.005219698633603942,0.0,0.0,0.005219698633603942,132448.39684607388
2011-08-19,0.0010576716508072792,0.0,0.0,0.0010576716508072792,132588.48376061284
2011-08-22,-0.0018250034005327098,0.0,0.0,-0.0018250034005327098,132346.50932687827
2011-08-23,-0.00404165828982983,0.0,0.0,-0.00404165828982983,131811.60996032725
2011-08-24,-0.010725470694621042,0.0,0.0,-0.010725470694621042,130397.86840048693
2011-08-25,0.006153704301132601,0.0,0.0,0.006153704301132601,131200.2983241215
2011-08-26,0.0032028913964414762,0.0,0.0,0.0032028913964414762,131620.5186308344
2011-08-29,-0.006579701278489725,0.0,0.0,-0.006579701278489725,130754.49493612364
2011-08-30,0.00691625111809735,0.0,0.0,0.00691625111809735,131658.82585792185
2011-08-31,-0.003579237453805728,0.0,0.0,-0.003579237453805728,131187.5876572871
2011-09-01,0.007967727968689609,0.0,0.0,0.007967727968689609,132232.85466860898
2011-09-02,0.009171575617895833,0.0,0.0,0.009171575617895833,133445.63829437236
2011-09-06,0.001339759275641228,0.0,0.0,0.001339759275641228,133624.42332607112
2011-09-07,-0.005349849448482158,0.0,0.0,-0.005349849448482158,132909.5527786364
2011-09-08,0.004897817699969886,0.0,0.0,0.004897817699969886,133560.51953873067
2011-09-09,0.004874349682186807,0.0,0.0,0.004874349682186807,134211.540214697
2011-09-12,-0.003043353552055428,0.0,0.0,-0.003043353552055428,133803.08704705778
2011-09-13,-0.002957144821521096,0.0,0.0,-0.002957144821521096,133407.411941093
2011-09-14,0.0005738851926506694,0.0,0.0,0.0005738851926506694,133483.97247939586
2011-09-15,-0.007459156852429483,0.0,0.0,-0.007459156852429483,132488.2945913867
2011-09-16,0.0019268996926624649,0.0,0.0,0.0019268996926624649,132743.5862455162
2011-09-19,0.008173980202069497,0.0,0.0,0.008173980202069497,133828.62969143875
2011-09-20,0.0013351194013315748,0.0,0.0,0.0013351194013315748,134007.3068913934
2011-09-21,0.004286782198593464,0.0,0.0,0.004286782198593464,134581.76702905688
2011-09-22,0.009294536823049482,0.0,0.0,0.009294536823049482,135832.64221841953
2011-09-23,-0.008269612221513567,0.0,0.0,-0.008269612221513567,134709.3589402496
2011-09-26,-0.004169784774747276,0.0,0.0,-0.004169784774747276,134147.64990632457
2011-09-27,-0.006660324457455791,0.0,0.0,-0.006660324457455791,133254.18303274325
2011-09-28,0.00019127901225179933,0.0,0.0,0.00019127901225179933,133279.67176125216
2011-09-29,0.0,0.0,0.0,0.0,133279.67176125216
2011-09-30,0.006321619203450535,0.0,0.0,0.006321619203450535,134122.2150936877
2011-10-03,0.009260054865689371,0.0,0.0,0.009260054865689371,135364.19416416303
2011-10-04,-0.005102750546346346,0.0,0.0,-0.005102750546346346,134673.4644484361
2011-10-05,-0.004179103222798686,0.0,0.0,-0.004179103222798686,134110.6501391342
2011-10-06,-0.006961871821676069,0.0,0.0,-0.006961871821676069,133176.9889829439
2011-10-07,-0.005186858164509256,0.0,0.0,-0.005186858164509256,132486.21883031295
2011-10-10,-0.010523031237730907,0.0,0.0,-0.010523031237730907,131092.06221099274
2011-10-11,0.003316993422050496,0.0,0.0,0.003316993422050496,131526.8937190296
2011-10-12,-0.003403281534464009,0.0,0.0,-0.003403281534464009,131079.27067035023
2011-10-13,0.004001243839672153,0.0,0.0,0.004001243839672153,131603.7507946287
2011-10-14,-0.004957271557719745,0.0,0.0,-0.004957271557719745,130951.35526392524
2011-10-17,0.006544256876518384,0.0,0.0,0.006544256876518384,131808.3345711006
2011-10-18,-0.001067102711320378,0.0,0.0,-0.001067102711320378,131667.68153990517
2011-10-19,0.0015543007131171294,0.0,0.0,0.0015543007131171294,131872.3327112171
2011-10-20,-0.0020366813194743205,0.0,0.0,-0.0020366813194743205,131603.7507946287
2011-10-21,-0.0018473648702834744,0.0,0.0,-0.0018473648702834744,131360.63064861315
2011-10-24,-0.0004864759481201242,0.0,0.0,-0.0004864759481201242,131296.7268612727
2011-10-25,0.008572241934720504,0.0,0.0,0.008572241934720504,132422.23416916447
2011-10-26,-0.007340529052274114,0.0,0.0,-0.007340529052274114,131450.18491207864
2011-10-27,-0.012065223142489034,0.0,0.0,-0.012065223142489034,129864.20909899297
2011-10-28,0.006008149186768064,0.0,0.0,0.006008149186768064,130644.45264128134
2011-10-31,0.013412168439675964,0.0,0.0,0.013412168439675964,132396.67804581547
2011-11-01,0.011994444571138185,0.0,0.0,0.011994444571138185,133984.70266203882
2011-11-02,-0.002391582771469447,0.0,0.0,-0.002391582771469447,133664.26715551186
2011-11-03,-0.004698832431503597,0.0,0.0,-0.004698832431503597,133036.20116206838
2011-11-04,0.0029872612820178723,0.0,0.0,0.0029872612820178723,133433.61505490655
2011-11-07,0.0011523937727906386,0.0,0.0,0.0011523937727906386,133587.38312197677
2011-11-08,-0.004509019552605298,0.0,0.0,-0.004509019552605298,132985.0349994984
2011-11-09,0.008866915586014823,0.0,0.0,0.008866915586014823,134164.20207904218
2011-11-10,-0.004872510397247343,0.0,0.0,-0.004872510397247343,133510.48560947366
2011-11-11,-0.004607526811701068,0.0,0.0,-0.004607526811701068,132895.33246738475
2011-11-14,0.006268396673691834,0.0,0.0,0.006268396673691834,133728.3731273725
2011-11-15,-0.0013420671684710728,0.0,0.0,-0.0013420671684710728,133548.9006683052
2011-11-16,0.0036466686791924996,0.0,0.0,0.0036466686791924996,134035.9092615129
2011-11-17,0.0020086326756487694,0.0,0.0,0.0020086326756487694,134305.13816856587
2011-11-18,-0.0037223812159952185,0.0,0.0,-0.0037223812159952185,133805.20324503555
2011-11-21,0.0027773854679811194,0.0,0.0,0.0027773854679811194,134176.83187206858
2011-11-22,0.0030574010855155542,0.0,0.0,0.0030574010855155542,134587.06426348528
2011-11-23,0.0034279528987974928,0.0,0.0,0.0034279528987974928,135048.42238056794
2011-11-25,-0.006357995192428634,0.0,0.0,-0.006357995192428634,134189.7851603272
2011-11-28,9.56255912565318e-05,0.0,0.0,9.56255912565318e-05,134202.61713787375
2011-11-29,-0.0019100188963009357,0.0,0.0,-0.0019100188963009357,133946.28760320734
2011-11-30,-0.005836720946635232,0.0,0.0,-0.005836720946635232,133164.48050062967
2011-12-01,-0.00028959169393127926,0.0,0.0,-0.00028959169393127926,133125.91717315002
2011-12-02,0.004436866011931606,0.0,0.0,0.004436866011931606,133716.5790303628
2011-12-05,-0.0005757839890722094,0.0,0.0,-0.0005757839890722094,133639.58716508362
2011-12-06,-0.0025946387551785133,0.0,0.0,-0.0025946387551785133,133292.84071299902
2011-12-07,0.0045284888688890135,0.0,0.0,0.0045284888688890135,133896.45585847044
2011-12-08,0.005082782583625267,0.0,0.0,0.005082782583625267,134577.02243231703
2011-12-09,-0.0068704394923871925,0.0,0.0,-0.0068704394923871925,133652.41914263015
2011-12-12,0.0034585810861986754,0.0,0.0,0.0034585810861986754,134114.66687160154
2011-12-13,0.004596116893792468,0.0,0.0,0.004596116893792468,134731.07355771546
2011-12-14,0.004192622952459812,0.0,0.0,0.004192622952459812,135295.9501491231
2011-12-15,-0.0008531953980848161,0.0,0.0,-0.0008531953980848161,135180.51626707634
2011-12-16,0.004844552734889929,0.0,0.0,0.004844552734889929,135835.40540686183
2011-12-19,0.0034030980844412806,0.0,0.0,0.0034030980844412806,136297.66661480122
2011-12-20,-0.00904401823716805,0.0,0.0,-0.00904401823716805,135064.98803225352
2011-12-21,-0.0032327970121027727,0.0,0.0,-0.0032327970121027727,134628.35034250314
2011-12-22,0.0012397838973468023,0.0,0.0,0.0012397838973468023,134795.26040338413
2011-12-23,-0.004095930428480221,0.0,0.0,-0.004095930428480221,134243.148394683
2011-12-27,0.000564890461353551,0.0,0.0,0.000564890461353551,134318.98106871324
2011-12-28,0.006320973471459768,0.0,0.0,0.006320973471459768,135168.00778476207
2011-12-29,0.00123752651059017,0.0,0.0,0.00123752651059017,135335.28177777937
2011-12-30,0.003516764839283537,0.0,0.0,0.003516764839283537,135811.22413825
2012-01-03,-0.006345310163334172,0.0,0.0,-0.006345310163334172,134949.45979743073
2012-01-04,-0.003146769819056483,0.0,0.0,-0.003146769819056483,134524.80491024218
2012-01-05,0.0001912758762243616,0.0,0.0,0.0001912758762243616,134550.53626017531
2012-01-06,0.003920656027924796,0.0,0.0,0.003920656027924796,135078.06263122428
2012-01-09,0.000190292868408104,0.0,0.0,0.000190292868408104,135103.7670232214
2012-01-10,-0.0019999397404169006,0.0,0.0,-0.0019999397404169006,134833.5676304716
2012-01-11,0.005820005006369922,0.0,0.0,0.005820005006369922,135618.29966910768
2012-01-12,-0.0020868709607686498,0.0,0.0,-0.0020868709607686498,135335.2817777794
2012-01-13,0.004467715580871667,0.0,0.0,0.004467715580871667,135939.92132481965
2012-01-17,0.0009464235995706449,0.0,0.0,0.0009464235995706449,136068.57807448524
2012-01-18,-0.0031196999746703202,0.0,0.0,-0.0031196999746703202,135644.08493491283
2012-01-19,-0.005975323618646167,0.0,0.0,-0.005975323618646167,134833.56763047157
2012-01-20,-0.0034344817327478516,0.0,0.0,-0.0034344817327478516,134370.4842054835
2012-01-23,-0.002202148682402316,0.0,0.0,-0.002202148682402316,134074.58042073663
2012-01-24,0.0011515091012348488,0.0,0.0,0.0011515091012348488,134228.96852033536
2012-01-25,0.004791632712922489,0.0,0.0,0.004791632712922489,134872.14443691922
2012-01-26,0.005341631989548734,0.0,0.0,0.005341631989548734,135592.58179814252
2012-01-27,0.003036611814405177,0.0,0.0,0.003036611814405177,136004.32383397644
2012-01-30,0.003404817824654849,0.0,0.0,0.003404817824654849,136467.3937799965
2012-01-31,0.003771358280616921,0.0,0.0,0.003771358280616921,136982.06121556292
2012-02-01,-0.0034723219883944223,0.0,0.0,-0.0034723219883944223,136506.41539238853
2012-02-02,0.0014161631792832807,0.0,0.0,0.0014161631792832807,136699.73075160317
2012-02-03,-0.007919870680534458,0.0,0.0,-0.007919870680534458,135617.08656198662
2012-02-06,0.0027565787413958986,0.0,0.0,0.0027565787413958986,135990.92573977343
2012-02-07,-0.006444466910890179,0.0,0.0,-0.006444466910890179,135114.53671866213
2012-02-08,0.00047645170374877033,0.0,0.0,0.00047645170374877033,135178.91226988297
2012-02-09,-0.0022874944024141586,0.0,0.0,-0.0022874944024141586,134869.69126474118
2012-02-10,0.005637953310914545,0.0,0.0,0.005637953310914545,135630.08028714923
2012-02-13,-0.0006659478815532749,0.0,0.0,-0.0006659478815532749,135539.7577225071
2012-02-14,0.0020921575616013044,0.0,0.0,0.0020921575616013044,135823.32825152387
2012-02-15,0.0007591781663138786,0.0,0.0,0.0007591781663138786,135926.44235680852
2012-02-16,-0.00455072103904508,0.0,0.0,-0.00455072103904508,135307.87903581283
2012-02-17,-0.0010473733730672619,0.0,0.0,-0.0010473733730672619,135166.1611661445
2012-02-21,-0.003623778424482582,0.0,0.0,-0.003623778424482582,134676.34894759048
2012-02-22,0.003923398793705735,0.0,0.0,0.003923398793705735,135204.73797259215
2012-02-23,0.0014297972254038172,0.0,0.0,0.0014297972254038172,135398.05333180682
2012-02-24,0.0007619608895250707,0.0,0.0,0.0007619608895250707,135501.22135296348
2012-02-27,0.0033286285029956453,0.0,0.0,0.0033286285029956453,135952.25458054966
2012-02-28,0.0004734167333333428,0.0,0.0,0.0004734167333333428,136016.61665280248
2012-02-29,-0.003979179124104948,0.0,0.0,-0.003979179124104948,135475.38217128627
2012-03-01,-0.0032394204204371224,0.0,0.0,-0.0032394204204371224,135036.52045181408
2012-03-02,0.00401454815795832,0.0,0.0,0.00401454815795832,135578.63106625102
2012-03-05,-0.0019991982925540164,0.0,0.0,-0.0019991982925540164,135307.58249851657
2012-03-06,0.0041975716703708255,0.0,0.0,0.0041975716703708255,135875.54577359871
2012-03-07,-0.001900588856174612,0.0,0.0,-0.001900588856174612,135617.30222547476
2012-03-08,-0.002949986786134451,0.0,0.0,-0.002949986786134451,135217.23297593842
2012-03-09,-0.000764375401227313,0.0,0.0,-0.000764375401227313,135113.8762492296
2012-03-12,-0.00028690992425017825,0.0,0.0,-0.00028690992425017825,135075.11073722978
2012-03-13,-0.007166623957108431,0.0,0.0,-0.007166623957108431,134107.07821261126
2012-03-14,-0.011454306901008127,0.0,0.0,-0.011454306901008127,132570.97458116652
2012-03-15,-0.00029180322701838346,0.0,0.0,-0.00029180322701838346,132532.28994297478
2012-03-16,-0.0002923969173737051,0.0,0.0,-0.0002923969173737051,132493.53790994297
2012-03-19,-0.006138265350241312,0.0,0.0,-0.006138265350241312,131680.25741705947
2012-03-20,0.0004905155562116015,0.0,0.0,0.0004905155562116015,131744.8486317685
2012-03-21,0.005094993352332544,0.0,0.0,0.005094993352332544,132416.0877597514
2012-03-22,0.0012670115668882431,0.0,0.0,0.0012670115668882431,132583.8604745851
2012-03-23,0.00370005096402104,0.0,0.0,0.00370005096402104,133074.42751534772
2012-03-26,-0.0011644176807547035,0.0,0.0,-0.0011644176807547035,132919.47329909255
2012-03-27,0.005535707947775359,0.0,0.0,0.005535707947775359,133655.27668384844
2012-03-28,-0.001738834202531958,0.0,0.0,-0.001738834202531958,133422.87231740172
2012-03-29,0.004160387578158842,0.0,0.0,0.004160387578158842,133977.9631780333
2012-03-30,-0.0049128858901188455,0.0,0.0,-0.0049128858901188455,133319.74473314907
2012-04-02,0.0023954230464910964,0.0,0.0,0.0023954230464910964,133639.10192223516
2012-04-03,-0.007353671676800344,0.0,0.0,-0.007353671676800344,132656.3638435166
2012-04-04,0.005068113024844223,0.0,0.0,0.005068113024844223,133328.68128894037
2012-04-05,0.004461660383058064,0.0,0.0,0.004461660383058064,133923.54858417262
2012-04-09,0.010235068503187783,0.0,0.0,0.010235068503187783,135294.26527812163
2012-04-10,0.004682271915085856,0.0,0.0,0.004682271915085856,135927.74981670553
2012-04-11,-0.003899872208977917,0.0,0.0,-0.003899872208977917,135397.64896276646
2012-04-12,-0.0020050561940367917,0.0,0.0,-0.0020050561940367917,135126.16906805566
2012-04-13,0.006028151323037134,0.0,0.0,0.006028151323037134,135940.7300629002
2012-04-16,-0.0002854622664295592,0.0,0.0,-0.0002854622664295592,135901.92411399636
2012-04-17,-0.001046365704119312,0.0,0.0,-0.001046365704119312,135759.72100147963
2012-04-18,0.001999807981896584,0.0,0.0,0.001999807981896584,136031.21437515845
2012-04-19,0.0011413868003209426,0.0,0.0,0.0011413868003209426,136186.47860767788
2012-04-20,9.452050293212721e-05,0.0,0.0,9.452050293212721e-05,136199.35102212845
2012-04-23,0.001993154987197432,0.0,0.0,0.001993154987197432,136470.81743787127
2012-04-24,-0.0025577983713727104,0.0,0.0,-0.0025577983713727104,136121.75260328877
2012-04-25,-0.0012344999309821247,0.0,0.0,-0.0012344999309821247,135953.71030909487
2012-04-26,0.0033283566448507607,0.0,0.0,0.0033283566448507607,136406.21274419426
2012-04-27,0.001042694959352497,0.0,0.0,0.001042694959352497,136548.442814647
2012-04-30,0.0008529702732802402,0.0,0.0,0.0008529702732802402,136664.9145772306
2012-05-01,-0.0018199798937245104,0.0,0.0,-0.0018199798937245104,136416.18718052245
2012-05-02,0.0018984909101866787,0.0,0.0,0.0018984909101866787,136675.172071887
2012-05-03,-9.447839837217753e-05,0.0,0.0,-9.447839837217753e-05,136662.25922053243
2012-05-04,0.003980401868994843,0.0,0.0,0.003980401868994843,137206.22993255488
2012-05-07,-0.00028400821550988997,0.0,0.0,-0.00028400821550988997,137167.2622360349
2012-05-08,0.0022667169267851506,0.0,0.0,0.0022667169267851506,137478.1815911461
2012-05-09,0.0008478881085751677,0.0,0.0,0.0008478881085751677,137594.74770650576
2012-05-10,-0.001411623134436213,0.0,0.0,-0.001411623134436213,137400.51577746635
2012-05-11,0.0032987050723598532,0.0,0.0,0.0032987050723598532,137853.75955580635
2012-05-14,0.00441620940298848,0.0,0.0,0.00441620940298848,138462.550624994
2012-05-15,0.00028065252734754687,0.0,0.0,0.00028065252734754687,138501.4104897699
2012-05-16,0.0007473208755848226,0.0,0.0,0.0007473208755848226,138604.91548512687
2012-05-17,0.003737898411667828,0.0,0.0,0.003737898411667828,139123.00657856808
2012-05-18,-0.0006518439976871404,0.0,0.0,-0.0006518439976871404,139032.32008178963
2012-05-21,-0.002608204165680972,0.0,0.0,-0.002608204165680972,138669.69540538802
2012-05-22,-0.0021478720009424634,0.0,0.0,-0.0021478720009424634,138371.85064924756
2012-05-23,0.002621140568257907,0.0,0.0,0.002621140568257907,138734.5427204892
2012-05-24,-0.0021475481381504347,0.0,0.0,-0.0021475481381504347,138436.60361157267
2012-05-25,0.002900230211310584,0.0,0.0,0.002900230211310584,138838.1016317182
2012-05-29,-0.0008397772075922072,0.0,0.0,-0.0008397772075922072,138721.5085584225
2012-05-30,0.009523109931001583,0.0,0.0,0.009523109931001583,140042.56873421874
2012-05-31,0.003883842763657608,0.0,0.0,0.003883842763657608,140586.47205140116
2012-06-01,0.00859084059135995,0.0,0.0,0.00859084059135995,141794.22802209642
2012-06-04,-0.00576358657808973,0.0,0.0,-0.00576358657808973,140976.98471261768
2012-06-05,-0.003312543013054503,0.0,0.0,-0.003312543013054503,140509.9923869064
2012-06-06,-0.006555492754107051,0.0,0.0,-0.006555492754107051,139588.8801499344
2012-06-07,0.0024160753939894697,0.0,0.0,0.0024160753939894697,139926.13740853922
2012-06-08,0.0007423125472976189,0.0,0.0,0.0007423125472976189,140030.00633603247
2012-06-11,0.0026868415130250067,0.0,0.0,0.0026868415130250067,140406.24477012525
2012-06-12,-0.005358899481610835,0.0,0.0,-0.005358899481610835,139653.82181781172
2012-06-13,0.005294826138618314,0.0,0.0,0.005294826138618314,140393.26452393061
2012-06-14,-0.0026800815075047613,0.0,0.0,-0.0026800815075047613,140016.9991319018
2012-06-15,0.004632736457616193,0.0,0.0,0.004632736457616193,140665.66098846617
2012-06-18,-0.00027644858339026523,0.0,0.0,-0.00027644858339026523,140626.77416575426
2012-06-19,-0.003413095228510299,0.0,0.0,-0.003413095228510299,140146.80159384833
2012-06-20,-0.002036462234031977,0.0,0.0,-0.002036462234031977,139861.39792518207
2012-06-21,0.0021331366794750117,0.0,0.0,0.0021331366794750117,140159.74140313893
2012-06-22,-0.00434999489825505,0.0,0.0,-0.00434999489825505,139550.04724309454
2012-06-25,0.005483827658581797,0.0,0.0,0.005483827658581797,140315.3156519226
2012-06-26,-0.002218263401007392,0.0,0.0,-0.002218263401007392,140004.05932261114
2012-06-27,0.0013894487579635406,0.0,0.0,0.0013894487579635406,140198.5877889468
2012-06-28,0.003238157593028257,0.0,0.0,0.003238157593028257,140652.5729105274
2012-06-29,-0.004610748132768183,0.0,0.0,-0.004610748132768183,140004.05932261117
2012-07-02,0.004639518822496136,0.0,0.0,0.004639518822496136,140653.61079106427
2012-07-03,-0.00249371277147592,0.0,0.0,-0.00249371277147592,140302.8610854804
2012-07-05,0.002684498378858091,0.0,0.0,0.002684498378858091,140679.50388861352
2012-07-06,0.0035092580562698927,0.0,0.0,0.0035092580562698927,141173.1845709867
2012-07-09,0.002761039910861518,0.0,0.0,0.002761039910861518,141562.9693679306
2012-07-10,0.00045893799842855465,0.0,0.0,0.00045893799842855465,141627.93799374392
2012-07-11,-0.000917359770247983,0.0,0.0,-0.000917359770247983,141498.01422108526
2012-07-12,0.0022948860458715803,0.0,0.0,0.0022948860458715803,141822.73603943977
2012-07-13,-0.0008237199409225626,0.0,0.0,-0.0008237199409225626,141705.91382368788
2012-07-16,0.0022001095203676435,0.0,0.0,0.0022001095203676435,142017.68235378378
2012-07-17,-0.002560305414368247,0.0,0.0,-0.002560305414368247,141654.07371271736
2012-07-18,0.0010078723853910176,0.0,0.0,0.0010078723853910176,141796.84294189056
2012-07-19,-0.00146655958031372,0.0,0.0,-0.00146655958031372,141588.8894234159
2012-07-20,0.003946049053013878,0.0,0.0,0.003946049053013878,142147.60612644246
2012-07-23,0.0016447178149727737,0.0,0.0,0.0016447178149727737,142381.39882659435
2012-07-24,0.0019167438132305925,0.0,0.0,0.0019167438132305925,142654.30749191434
2012-07-25,0.0005455675518266645,0.0,0.0,0.0005455675518266645,142732.13505321022
2012-07-26,-0.003094365152275236,0.0,0.0,-0.003094365152275236,142290.46970839176
2012-07-27,-0.007212536071442788,0.0,0.0,-0.007212536071442788,141264.19456299744
2012-07-30,0.0032181201720324903,0.0,0.0,0.0032181201720324903,141718.79971710654
2012-07-31,0.001742141886266868,0.0,0.0,0.001742141886266868,141965.6939741652
2012-08-01,-0.0036472267537479564,0.0,0.0,-0.0036472267537479564,141447.91289698821
2012-08-02,0.0023916587541876755,0.0,0.0,0.0023916587541876755,141786.20803612986
2012-08-03,-0.005230405349522349,0.0,0.0,-0.005230405349522349,141044.6086951292
2012-08-06,0.0006450656633840701,0.0,0.0,0.0006450656633840701,141135.59172920388
2012-08-07,-0.005253561785769745,0.0,0.0,-0.005253561785769745,140394.12717788332
2012-08-08,-0.001390484756224053,0.0,0.0,-0.001390484756224053,140198.9112841791
2012-08-09,-0.000742214273222741,0.0,0.0,-0.000742214273222741,140094.8536511337
2012-08-10,0.00287898626740013,0.0,0.0,0.00287898626740013,140498.18481092874
2012-08-13,-0.0006488216255711166,0.0,0.0,-0.0006488216255711166,140407.02655026992
2012-08-14,-0.004910745185470078,0.0,0.0,-0.004910745185470078,139717.52342063203
2012-08-15,-0.005028365472507845,0.0,0.0,-0.005028365472507845,139014.9726499594
2012-08-16,-0.0024333219275407547,0.0,0.0,-0.0024333219275407547,138676.7044687538
2012-08-17,0.0012198231071820498,0.0,0.0,0.0012198231071820498,138845.86551729264
2012-08-20,0.0005615999414421147,0.0,0.0,0.0005615999414421147,138923.84134723662
2012-08-21,0.0008432369120239258,0.0,0.0,0.0008432369120239258,139040.98705822078
2012-08-22,0.007765959313465576,0.0,0.0,0.007765959313465576,140120.773706619
2012-08-23,0.001764415259200236,0.0,0.0,0.001764415259200236,140368.00493787788
2012-08-24,-0.0004632290792631055,0.0,0.0,-0.0004632290792631055,140302.98239619253
2012-08-27,0.0025964955428123826,0.0,0.0,0.0025964955428123826,140667.2784646275
2012-08-28,0.000370158959461353,0.0,0.0,0.000370158959461353,140719.34771805425
2012-08-29,-0.0006475145403412874,0.0,0.0,-0.0006475145403412874,140628.2298942995
2012-08-30,0.0018505419259362554,0.0,0.0,0.0018505419259362554,140888.4683296891
2012-08-31,0.00646364154988488,0.0,0.0,0.00646364154988488,141799.1208874845
2012-09-04,-0.0022872562696600873,0.0,0.0,-0.0022872562696600873,141474.78995920232
2012-09-05,-0.00036842726053032404,0.0,0.0,-0.00036842726053032404,141422.66678990354
2012-09-06,-0.006817510967061957,0.0,0.0,-0.006817510967061957,140458.51620807222
2012-09-07,0.001298969374896819,0.0,0.0,0.001298969374896819,140640.96751906996
2012-09-10,0.0004629050598974338,0.0,0.0,0.0004629050598974338,140706.0709345634
2012-09-11,-0.0018510508974335371,0.0,0.0,-0.0018510508974335371,140445.61683568565
2012-09-12,-0.004917457579034612,0.0,0.0,-0.004917457579034612,139754.9814727348
2012-09-13,0.0028901349430490164,0.0,0.0,0.0028901349430490164,140158.89222815432
2012-09-14,-0.009388229275057336,0.0,0.0,-0.009388229275057336,138843.04841297836
2012-09-17,0.0020643221181280147,0.0,0.0,0.0020643221181280147,139129.6651887656
2012-09-18,0.00252839038083974,0.0,0.0,0.00252839038083974,139481.43929591833
2012-09-19,0.002334635990444589,0.0,0.0,0.002334635990444589,139807.0776840976
2012-09-20,0.000559474188745579,0.0,0.0,0.000559474188745579,139885.2961354658
2012-09-21,0.002141829836495246,0.0,0.0,0.002141829836495246,140184.9066364157
2012-09-24,0.002230903620771274,0.0,0.0,0.002230903620771274,140497.64565220836
2012-09-25,0.003709608468272396,0.0,0.0,0.003709608468272396,141018.83690829214
2012-09-26,0.004157276059895576,0.0,0.0,0.004157276059895576,141605.09114296528
2012-09-27,-0.0021164836045576285,0.0,0.0,-0.0021164836045576285,141305.3862892393
2012-09-28,0.0,0.0,0.0,0.0,141305.3862892393
2012-10-01,0.0018560775809521868,0.0,0.0,0.0018560775809521868,141567.66004879857
2012-10-02,-0.0006454434869905823,0.0,0.0,-0.0006454434869905823,141476.28612465158
2012-10-03,0.0010143789913126255,0.0,0.0,0.0010143789913126255,141619.79669706535
2012-10-04,-0.00396127280016112,0.0,0.0,-0.00396127280016112,141058.80204844492
2012-10-05,-0.004531345316778457,0.0,0.0,-0.004531345316778457,140419.6159063923
2012-10-08,0.003251682739818351,0.0,0.0,0.003251682739818351,140876.21594776705
2012-10-09,-0.0020372082324950913,0.0,0.0,-0.0020372082324950913,140589.2217608755
2012-10-10,0.002412594271325341,0.0,0.0,0.002412594271325341,140928.40651190587
2012-10-11,0.0009252608453216293,0.0,0.0,0.0009252608453216293,141058.80204844492
2012-10-12,9.335788731767991e-05,0.0,0.0,9.335788731767991e-05,141071.97100019173
2012-10-15,0.0002766078343938716,0.0,0.0,0.0002766078343938716,141110.99261258377
2012-10-16,-0.004714310167489133,0.0,0.0,-0.004714310167489133,140445.75162536578
2012-10-17,-0.006316256002377063,0.0,0.0,-0.006316256002377063,139558.6603036537
2012-10-18,-0.0017762545165744825,0.0,0.0,-0.0017762545165744825,139310.7686029623
2012-10-19,0.004214536847953365,0.0,0.0,0.004214536847953365,139897.89897055615
2012-10-22,-0.0033577490344183225,0.0,0.0,-0.0033577490344183225,139428.1569353706
2012-10-23,0.004771596481752294,0.0,0.0,0.004771596481752294,140093.45183846063
2012-10-24,-0.002141630069221301,0.0,0.0,-0.002141630069221301,139793.4234895024
2012-10-25,-0.0036390104699289827,0.0,0.0,-0.0036390104699289827,139284.71375779688
2012-10-26,0.006368519429795549,0.0,0.0,0.006368519429795549,140171.75116363692
2012-10-31,0.004094989525250448,0.0,0.0,0.004094989525250448,140745.75301638804
2012-11-01,-0.0019953305339009964,0.0,0.0,-0.0019953305339009964,140464.91871787753
2012-11-02,0.0008364804908223,0.0,0.0,0.0008364804908223,140582.41488203
2012-11-05,0.002416450386542923,0.0,0.0,0.002416450386542923,140922.1253128128
2012-11-06,-0.004542626832574448,0.0,0.0,-0.004542626832574448,140281.9686850634
2012-11-07,0.008381286865944748,0.0,0.0,0.008381286865944748,141457.7121067324
2012-11-08,0.004431951788231414,0.0,0.0,0.004431951788231414,142084.64586686296
2012-11-09,9.220951938071487e-05,0.0,0.0,9.220951938071487e-05,142097.74742376973
2012-11-12,0.0006436048397187033,0.0,0.0,0.0006436048397187033,142189.2022217248
2012-11-13,0.0011948088192133,0.0,0.0,0.0011948088192133,142359.09113453623
2012-11-14,0.00027486438571844296,0.0,0.0,0.00027486438571844296,142398.22057867236
2012-11-15,-0.00045842315874666806,0.0,0.0,-0.00045842315874666806,142332.94193659478
2012-11-16,0.0006421625299064537,0.0,0.0,0.0006421625299064537,142424.3428186778
2012-11-19,-0.002017714053009323,0.0,0.0,-0.002017714053009323,142136.97122068197
2012-11-20,-0.0041356676512952495,0.0,0.0,-0.0041356676512952495,141549.1399467515
2012-11-21,-0.0014764582751272126,0.0,0.0,-0.0014764582751272126,141340.14854773998
2012-11-23,-0.0005542640423491507,0.0,0.0,-0.0005542640423491507,141261.8087856597
2012-11-26,0.0016640005190757812,0.0,0.0,0.0016640005190757812,141496.86850880462
2012-11-27,0.002308431523993404,0.0,0.0,0.002308431523993404,141823.5043406167
2012-11-28,0.00128893842396538,0.0,0.0,0.00128893842396538,142006.30610478277
2012-11-29,0.0010123963980861461,0.0,0.0,0.0010123963980861461,142150.07277758876
2012-11-30,-0.0001836704021831448,0.0,0.0,-0.0001836704021831448,142123.96401655133
2012-12-03,-0.0003962394993687335,0.0,0.0,-0.0003962394993687335,142067.6488882011
2012-12-04,0.001749249284863863,0.0,0.0,0.001749249284863863,142316.1606214211
2012-12-05,0.000826830840733539,0.0,0.0,0.000826830840733539,142433.83201215765
2012-12-06,0.0005518061359592874,0.0,0.0,0.0005518061359592874,142512.42787463017
2012-12-07,-0.00284565856183161,0.0,0.0,-0.00284565856183161,142106.8861640813
2012-12-10,0.0009210023730750194,0.0,0.0,0.0009210023730750194,142237.7669434687
2012-12-11,-0.0019316619618100495,0.0,0.0,-0.0019316619618100495,141963.0116595312
2012-12-12,-0.004237771319479999,0.0,0.0,-0.004237771319479999,141361.40488029344
2012-12-13,-0.0019430650845755348,0.0,0.0,-0.0019430650845755348,141086.730470164
2012-12-14,0.0022249554225515222,0.0,0.0,0.0022249554225515222,141400.64215617365
2012-12-17,-0.005272978843168574,0.0,0.0,-0.005272978843168574,140655.03956167368
2012-12-18,-0.003905071216520284,0.0,0.0,-0.003905071216520284,140105.77161522288
2012-12-19,0.0013998885361241609,0.0,0.0,0.0013998885361241609,140301.90407875186
2012-12-20,0.0006530918104130645,0.0,0.0,0.0006530918104130645,140393.53410329108
2012-12-21,0.0027014862494754155,0.0,0.0,0.0027014862494754155,140772.80530518637
2012-12-24,-0.0010227036181743587,0.0,0.0,-0.0010227036181743587,140628.8364478602
2012-12-26,0.002058907114352637,0.0,0.0,0.002058907114352637,140918.37815970584
2012-12-27,0.0020450159861329364,0.0,0.0,0.0020450159861329364,141206.55849578234
2012-12-28,0.002318427547134627,0.0,0.0,0.002318427547134627,141533.93567083502
2012-12-31,-0.005275060250349628,0.0,0.0,-0.005275060250349628,140787.33563270228
2013-01-02,-0.00455779455056049,0.0,0.0,-0.00455779455056049,140145.6558815676
2013-01-03,-0.00514063284153532,0.0,0.0,-0.00514063284153532,139425.2185203443
2013-01-04,0.0004697450451274232,0.0,0.0,0.0004697450451274232,139490.71282591004
2013-01-07,0.0005639318612611355,0.0,0.0,0.0005639318612611355,139569.37608322263
2013-01-08,0.002439301396750748,0.0,0.0,0.002439301396750748,139909.82785724607
2013-01-09,0.0005614718191822021,0.0,0.0,0.0005614718191822021,139988.38328281452
2013-01-10,-0.0029001443332122845,0.0,0.0,-0.0029001443332122845,139582.39676632133
2013-01-11,0.003190553489571313,0.0,0.0,0.003190553489571313,140027.74186940686
2013-01-14,-0.0003733897027610178,0.0,0.0,-0.0003733897027610178,139975.45695249195
2013-01-15,0.002432224773082803,0.0,0.0,0.002432224773082803,140315.9087265154
2013-01-16,0.0013064374995976902,0.0,0.0,0.0013064374995976902,140499.2226914658
2013-01-17,-0.004567332806387547,0.0,0.0,-0.004567332806387547,139857.51598239513
2013-01-18,0.00280927653973162,0.0,0.0,0.00280927653973162,140250.41442094962
2013-01-22,0.0008406430289673583,0.0,0.0,0.0008406430289673583,140368.31495414238
2013-01-23,0.0004668770334046446,0.0,0.0,0.0004668770334046446,140433.84969661216
2013-01-24,-0.0016792819169383355,0.0,0.0,-0.0016792819169383355,140198.0216722906
2013-01-25,-0.006633726372896054,0.0,0.0,-0.006633726372896054,139267.98635849528
2013-01-28,-0.002068669690727387,0.0,0.0,-0.002068669690727387,138979.88689622682
2013-01-29,-0.0015076322366589512,0.0,0.0,-0.0015076322366589512,138770.35633849486
2013-01-30,0.0005668592297960462,0.0,0.0,0.0005668592297960462,138849.01959580742
2013-01-31,0.0008481568242648674,0.0,0.0,0.0008481568242648674,138966.7853393201
2013-02-01,-0.003397220806646173,0.0,0.0,-0.003397220806646173,138494.68448473263
2013-02-04,0.005776908386118329,0.0,0.0,0.005776908386118329,139294.7555889653
2013-02-05,-0.003577721804140177,0.0,0.0,-0.003577721804140177,138796.39770469227
2013-02-06,0.0030239120962018973,0.0,0.0,0.0030239120962018973,139216.10581062073
2013-02-07,0.0004706442772570707,0.0,0.0,0.0004706442772570707,139281.62707412252
2013-02-08,0.0007527153106436923,0.0,0.0,0.0007527153106436923,139386.4664873126
2013-02-11,-0.0010346160741759869,0.0,0.0,-0.0010346160741759869,139242.25500856224
2013-02-12,-0.0010361716246375385,0.0,0.0,-0.0010361716246375385,139097.9761349718
2013-02-13,-0.003488981340515007,0.0,0.0,-0.003488981340515007,138612.6658917335
2013-02-14,0.0042586146170620065,0.0,0.0,0.0042586146170620065,139202.96381680996
2013-02-15,-0.0009421520573386077,0.0,0.0,-0.0009421520573386077,139071.81345806233
2013-02-19,-0.0016033627682164875,0.0,0.0,-0.0016033627682164875,138848.83089025534
2013-02-20,0.0021722823681673553,0.0,0.0,0.0021722823681673553,139150.44975743888
2013-02-21,0.001978781664090601,0.0,0.0,0.001978781664090601,139425.79811596888
2013-02-22,0.0012233235421046373,0.0,0.0,0.0012233235421046373,139596.36097718086
2013-02-25,0.007704454528829174,0.0,0.0,0.007704454528829174,140671.87479271958
2013-02-26,-0.001865586191710955,0.0,0.0,-0.001865586191710955,140409.43928554418
2013-02-27,-0.00046702828319444833,0.0,0.0,-0.00046702828319444833,140343.86410617037
2013-02-28,0.0014019315864683968,0.0,0.0,0.0014019315864683968,140540.61660222782
2013-03-01,0.0024940872724343865,0.0,0.0,0.0024940872724343865,140891.13716535553
2013-03-04,-0.0023292624416835217,0.0,0.0,-0.0023292624416835217,140562.96473119018
2013-03-05,-0.0010273948301154912,0.0,0.0,-0.0010273948301154912,140418.55106791964
2013-03-06,-0.003180001850713432,0.0,0.0,-0.003180001850713432,139972.01981564917
2013-03-07,-0.0038456442096838073,0.0,0.0,-0.0038456442096838073,139433.73722812737
2013-03-08,-0.005085484218197767,0.0,0.0,-0.005085484218197767,138724.6491579694
2013-03-11,0.00047347757962690196,0.0,0.0,0.00047347757962690196,138790.3321690873
2013-03-12,0.0027439574229175534,0.0,0.0,0.0027439574229175534,139171.16693127187
2013-03-13,-0.0008492928032095559,0.0,0.0,-0.0008492928032095559,139052.96986078285
2013-03-14,0.00028353210630327474,0.0,0.0,0.00028353210630327474,139092.39584221522
2013-03-15,0.003492222326558325,0.0,0.0,0.003492222326558325,139578.1374124299
2013-03-18,0.003293207486750216,0.0,0.0,0.003293207486750216,140037.79717954318
2013-03-19,0.003093743250303538,0.0,0.0,0.003093743250303538,140471.03816935475
2013-03-20,-0.003833038206215611,0.0,0.0,-0.003833038206215611,139932.60731318485
2013-03-21,0.002628123425090889,0.0,0.0,0.002628123425090889,140300.36747639868
2013-03-22,0.00037439344802825403,0.0,0.0,0.00037439344802825403,140352.8950147378
2013-03-25,0.0007483145875342156,0.0,0.0,0.0007483145875342156,140457.92313347998
2013-03-26,0.0010280672039075789,0.0,0.0,0.0010280672039075789,140602.3233177825
2013-03-27,0.004295942629245042,0.0,0.0,0.004295942629245042,141206.34283229426
2013-03-28,-0.0018598613026856725,0.0,0.0,-0.0018598613026856725,140943.7186195667
2013-04-01,0.00265909477356141,0.0,0.0,0.00265909477356141,141318.5013251143
2013-04-02,-0.001954528316481796,0.0,0.0,-0.001954528316481796,141042.2903126316
2013-04-03,0.004195384904584598,0.0,0.0,0.004195384904584598,141634.01700831726
2013-04-04,0.003992090050618735,0.0,0.0,0.003992090050618735,142199.43275844533
2013-04-05,0.0031430197198467624,0.0,0.0,0.0031430197198467624,142646.36837975614
2013-04-08,-0.003225679954001248,0.0,0.0,-0.003225679954001248,142186.2368487625
2013-04-09,0.00036990171724649024,0.0,0.0,0.00036990171724649024,142238.83178194167
2013-04-10,-0.004159997725689757,0.0,0.0,-0.004159997725689757,141647.11856522402
2013-04-11,0.0011140239215867709,0.0,0.0,0.0011140239215867709,141804.91684372953
2013-04-12,0.005563636107857706,0.0,0.0,0.005563636107857706,142593.86779935306
2013-04-15,0.0022127821275943482,0.0,0.0,0.0022127821275943482,142909.39696152403
2013-04-16,-0.002852467634919198,0.0,0.0,-0.002852467634919198,142501.75253196547
2013-04-17,0.0018458864965669175,0.0,0.0,0.0018458864965669175,142764.79459270134
2013-04-18,0.0005529816777729568,0.0,0.0,0.0005529816777729568,142843.74090834212
2013-04-19,-0.0005526760580392143,0.0,0.0,-0.0005526760580392143,142764.79459270134
2013-04-22,0.0005529816777729568,0.0,0.0,0.0005529816777729568,142843.74090834212
2013-04-23,-0.000644961730697946,0.0,0.0,-0.000644961730697946,142751.61216198647
2013-04-24,0.00046040424361271093,0.0,0.0,0.00046040424361271093,142817.33561000842
2013-04-25,-0.0011047070714182983,0.0,0.0,-0.0011047070714182983,142659.56428943895
2013-04-26,0.0035939615248268275,0.0,0.0,0.0035939615248268275,143172.27727464374
2013-04-29,-0.0003670717353634334,0.0,0.0,-0.0003670717353634334,143119.7227783686
2013-04-30,-0.0001836503530843192,0.0,0.0,-0.0001836503530843192,143093.43879074702
2013-05-01,0.0032673160166023507,0.0,0.0,0.0032673160166023507,143560.97027517876
2013-05-02,0.0,0.0,0.0,0.0,143560.97027517876
2013-05-03,-0.008528610080483667,0.0,0.0,-0.008528610080483667,142336.59473692585
2013-05-06,-0.001295561142938495,0.0,0.0,-0.001295561142938495,142152.18897556653
2013-05-07,-0.0013892178639896002,0.0,0.0,-0.0013892178639896002,141954.70861523642
2013-05-08,0.001206277771853781,0.0,0.0,0.001206277771853781,142125.94542484896
2013-05-09,-0.00018607253699287618,0.0,0.0,-0.00018607253699287618,142099.49968961123
2013-05-10,-0.005650847209715759,0.0,0.0,-0.005650847209715759,141296.5171282882
2013-05-13,-0.0017700524862774847,0.0,0.0,-0.0017700524862774847,141046.4148768429
2013-05-14,-0.004013690507191914,0.0,0.0,-0.004013690507191914,140480.29822037826
2013-05-15,0.002624497646126933,0.0,0.0,0.002624497646126933,140848.98843238485
2013-05-16,0.0047661437280768215,0.0,0.0,0.0047661437280768215,141520.29495520782
2013-05-17,-0.005395099997695052,0.0,0.0,-0.005395099997695052,140756.77881222116
2013-05-20,-0.0007483698895026647,0.0,0.0,-0.0007483698895026647,140651.4406772147
2013-05-21,0.0026205375393799635,0.0,0.0,0.0026205375393799635,141020.02305747723
2013-05-22,-0.007934735119014324,0.0,0.0,-0.007934735119014324,139901.06652803888
2013-05-23,0.001035146020719191,0.0,0.0,0.001035146020719191,140045.88456034975
2013-05-24,0.0003761324879527628,0.0,0.0,0.0003761324879527628,140098.56036733696
2013-05-28,-0.011746449636054535,0.0,0.0,-0.011746449636054535,138452.8996838983
2013-05-29,0.004088972760593501,0.0,0.0,0.004088972760593501,139019.02981933093
2013-05-30,9.550335308872171e-05,0.0,0.0,9.550335308872171e-05,139032.30660282183
2013-05-31,-0.0027470346132177914,0.0,0.0,-0.0027470346132177914,138650.38004422837
2013-06-03,0.0014454002673816024,0.0,0.0,0.0014454002673816024,138850.78534061686
2013-06-04,-0.0025633677794979493,0.0,0.0,-0.0025633677794979493,138494.85971131673
2013-06-05,0.0048541657785790004,0.0,0.0,0.0048541657785790004,139167.1367198365
2013-06-06,0.0012317959484198227,0.0,0.0,0.0012317959484198227,139338.5622350012
2013-06-07,-0.007757983570463978,0.0,0.0,-0.007757983570463978,138257.57595844998
2013-06-10,-0.0024793117708959977,0.0,0.0,-0.0024793117708959977,137914.79232296065
2013-06-11,0.002485474035929469,0.0,0.0,0.002485474035929469,138257.57595844998
2013-06-12,-0.004481304111557005,0.0,0.0,-0.004481304111557005,137638.00171485345
2013-06-13,0.007566311727107422,0.0,0.0,0.007566311727107422,138679.41374132418
2013-06-14,0.0013307961508384203,0.0,0.0,0.0013307961508384203,138863.96777133166
2013-06-17,-0.0023733604341567016,0.0,0.0,-0.0023733604341567016,138534.39352449318
2013-06-18,-0.0005707436568010982,0.0,0.0,-0.0005707436568010982,138455.32589814026
2013-06-19,-0.0137106351635371,0.0,0.0,-0.0137106351635371,136557.01543830225
2013-06-20,-0.004537209022735689,0.0,0.0,-0.004537209022735689,135937.42771573772
2013-06-21,-0.010569400497820958,0.0,0.0,-0.010569400497820958,134500.6505995665
2013-06-24,-0.0024507551542772843,0.0,0.0,-0.0024507551542772843,134171.02243685594
2013-06-25,-0.0011793128099349959,0.0,0.0,-0.0011793128099349959,134012.79283137407
2013-06-26,0.0040330452629822044,0.0,0.0,0.0040330452629822044,134553.27249068167
2013-06-27,0.005389152033751898,0.0,0.0,0.005389152033751898,135278.4005327728
2013-06-28,-0.00116965905021571,0.0,0.0,-0.00116965905021571,135120.17092729095
2013-07-01,0.00038076639886663877,0.0,0.0,0.00038076639886663877,135171.62014818916
2013-07-02,0.00039129123715042624,0.0,0.0,0.00039129123715042624,135224.51161866458
2013-07-03,-0.001952899944778097,0.0,0.0,-0.001952899944778097,134960.43167739184
2013-07-05,-0.016822988637993364,0.0,0.0,-0.016822988637993364,132689.9938687044
2013-07-08,0.0058685168207757155,0.0,0.0,0.0058685168207757155,133468.68732967152
2013-07-09,0.0016823880761009935,0.0,0.0,0.0016823880761009935,133693.2334577678
2013-07-10,-0.00355471583596767,0.0,0.0,-0.00355471583596767,133217.99200363376
2013-07-11,0.010007996238540207,0.0,0.0,0.010007996238540207,134551.237166512
2013-07-12,-0.0007846881132723693,0.0,0.0,-0.0007846881132723693,134445.65641008134
2013-07-15,0.0031411170731057148,0.0,0.0,0.0031411170731057148,134867.96595683598
2013-07-16,0.0004903152249173814,0.0,0.0,0.0004903152249173814,134934.09377389823
2013-07-17,0.0044017839286987215,0.0,0.0,0.0044017839286987215,135528.04449930572
2013-07-18,-0.004675289233109892,0.0,0.0,-0.004675289233109892,134894.41169207369
2013-07-19,0.005479242628477765,0.0,0.0,0.005479242628477765,135633.5309029603
2013-07-22,-9.639650965131974e-05,0.0,0.0,-9.639650965131974e-05,135620.45630398957
2013-07-23,-0.0011673053136990186,0.0,0.0,-0.0011673053136990186,135462.14582469963
2013-07-24,-0.00672445171041669,0.0,0.0,-0.00672445171041669,134551.23716651203
2013-07-25,0.0014709020256833405,0.0,0.0,0.0014709020256833405,134749.14885381845
2013-07-26,0.0008817651467796228,0.0,0.0,0.0008817651467796228,134867.96595683598
2013-07-29,-0.002055106394206252,0.0,0.0,-0.002055106394206252,134590.79793762448
2013-07-30,-0.00029393369917307677,0.0,0.0,-0.00029393369917307677,134551.237166512
2013-07-31,0.0006864142668381312,0.0,0.0,0.0006864142668381312,134643.59505532382
2013-08-01,-0.008826265906989983,0.0,0.0,-0.008826265906989983,133455.19488269245
2013-08-02,0.008518739783223817,0.0,0.0,0.008518739783223817,134592.06496061754
2013-08-05,-0.00314300796397593,0.0,0.0,-0.00314300796397593,134169.04102855833
2013-08-06,0.0002957618353709446,0.0,0.0,0.0002957618353709446,134208.7231103829
2013-08-07,0.0036439055975159285,0.0,0.0,0.0036439055975159285,134697.76702776027
2013-08-08,0.0014727042370192844,0.0,0.0,0.0014727042370192844,134896.13699997912
2013-08-09,0.0006854586247782013,0.0,0.0,0.0006854586247782013,134988.602720535
2013-08-12,-0.0019584097788484245,0.0,0.0,-0.0019584097788484245,134724.23972093404
2013-08-13,-0.009026882551478765,0.0,0.0,-0.009026882551478765,133508.0998321359
2013-08-14,0.0008916780751384579,0.0,0.0,0.0008916780751384579,133627.14607760962
2013-08-15,-0.0055406873199974616,0.0,0.0,-0.0055406873199974616,132886.75984372996
2013-08-16,-0.0038783534302218037,0.0,0.0,-0.0038783534302218037,132371.37802285896
2013-08-19,-0.004294142498813991,0.0,0.0,-0.004294142498813991,131802.95646286444
2013-08-20,0.005415498788351902,0.0,0.0,0.005415498788351902,132516.7352138903
2013-08-21,-0.006284474464446466,0.0,0.0,-0.006284474464446466,131683.93717532678
2013-08-22,-0.00040144996932311994,0.0,0.0,-0.00040144996932311994,131631.0726627874
2013-08-23,0.0056240927396231655,0.0,0.0,0.0056240927396231655,132371.378022859
2013-08-26,0.001997131128719687,0.0,0.0,0.001997131128719687,132635.74102245996
2013-08-27,0.005679965854352487,0.0,0.0,0.005679965854352487,133389.1075025343
2013-08-28,-0.004062815907531991,0.0,0.0,-0.004062815907531991,132847.17211468148
2013-08-29,0.0009954457671284,0.0,0.0,0.0009954457671284,132979.41426983805
2013-08-30,-0.001888665342144602,0.0,0.0,-0.001888665342144602,132728.26065888788
2013-09-03,-0.005675498808578872,0.0,0.0,-0.005675498808578872,131974.96157365362
2013-09-04,-0.003309816582827585,0.0,0.0,-0.003309816582827585,131538.1486573191
2013-09-05,-0.007649222186812521,0.0,0.0,-0.007649222186812521,130531.9841321973
2013-09-06,0.006085011518337735,0.0,0.0,0.006085011518337735,131326.27275915322
2013-09-09,0.0020165141288903676,0.0,0.0,0.0020165141288903676,131591.09404366656
2013-09-10,-0.004627102057238708,0.0,0.0,-0.004627102057238708,130982.20862170283
2013-09-11,0.005052418182613261,0.0,0.0,0.005052418182613261,131643.98551414197
2013-09-12,0.00010085370356294199,0.0,0.0,0.00010085370356294199,131657.26229763284
2013-09-13,0.001306768382470791,0.0,0.0,0.001306768382470791,131829.30784532605
2013-09-16,0.002209118652042985,0.0,0.0,0.002209118652042985,132120.5344281731
2013-09-17,0.0020044935832843613,0.0,0.0,0.0020044935832843613,132385.36919165446
2013-09-18,0.012400188359869224,0.0,0.0,0.012400188359869224,134026.97270572183
2013-09-19,-0.0034574640603857176,0.0,0.0,-0.0034574640603857176,133563.5792644695
2013-09-20,0.0009910146658060892,0.0,0.0,0.0009910146658060892,133695.94273033814
2013-09-23,0.003763639677801578,0.0,0.0,0.003763639677801578,134199.1260851591
2013-09-24,0.003649589948441001,0.0,0.0,0.003649589948441001,134688.8978668091
2013-09-25,0.0027524580128561738,0.0,0.0,0.0027524580128561738,135059.62340298537
2013-09-26,-0.002156780615461429,0.0,0.0,-0.002156780615461429,134768.3294252983
2013-09-27,0.0013752178345050048,0.0,0.0,0.0013752178345050048,134953.6652354504
2013-09-30,0.001667371475862378,0.0,0.0,0.001667371475862378,135178.68312742707
2013-10-01,-0.0022260755459743153,0.0,0.0,-0.0022260755459743153,134877.7651665801
2013-10-02,0.001670808126889023,0.0,0.0,0.001670808126889023,135103.12003275703
2013-10-03,0.0013738053530321093,0.0,0.0,0.0013738053530321093,135288.72542226937
2013-10-04,-0.0027440404645838745,0.0,0.0,-0.0027440404645838745,134917.4876853087
2013-10-07,0.0008844613537444257,0.0,0.0,0.0008844613537444257,135036.81698911064
2013-10-08,-0.0004905006670270495,0.0,0.0,-0.0004905006670270495,134970.58134030426
2013-10-09,-0.0017683267286974225,0.0,0.0,-0.0017683267286974225,134731.90925373236
2013-10-10,-0.00216492788809286,0.0,0.0,-0.00216492788809286,134440.22438597295
2013-10-11,0.0014792350648291652,0.0,0.0,0.0014792350648291652,134639.0930800082
2013-10-14,-0.003348440878149117,0.0,0.0,-0.003348440878149117,134188.26203694215
2013-10-15,0.00019808383024222387,0.0,0.0,0.00019808383024222387,134214.84256186
2013-10-16,0.004839940895938977,0.0,0.0,0.004839940895938977,134864.43446721713
2013-10-17,0.0057017378162071974,0.0,0.0,0.0057017378162071974,135633.39611328027
2013-10-18,9.838416432339514e-05,0.0,0.0,9.838416432339514e-05,135646.7402916112
2013-10-21,-0.0006842492014526025,0.0,0.0,-0.0006842492014526025,135553.924117887
2013-10-22,0.00694442580015564,0.0,0.0,0.00694442580015564,136495.26828584363
2013-10-23,0.0017484753178702572,0.0,0.0,0.0017484753178702572,136733.9268934475
2013-10-24,-0.002036623136886573,0.0,0.0,-0.002036623136886573,136455.45141433895
2013-10-25,0.0017489855123427045,0.0,0.0,0.0017489855123427045,136694.11002194282
2013-10-28,-0.0009694033963533188,0.0,0.0,-0.0009694033963533188,136561.59828742605
2013-10-29,0.0013588370005581663,0.0,0.0,0.0013588370005581663,136747.16324003437
2013-10-30,-0.002617881811393996,0.0,0.0,-0.002617881811393996,136389.17532862854
2013-10-31,-0.0011667545899824994,0.0,0.0,-0.0011667545899824994,136230.04263228993
2013-11-01,-0.005545936126551632,0.0,0.0,-0.005545936126551632,135474.51951733386
2013-11-04,0.0019602404105221183,0.0,0.0,0.0019602404105221183,135740.0821450878
2013-11-05,-0.004499970706548173,0.0,0.0,-0.004499970706548173,135129.25575173044
2013-11-06,0.003046524889845026,0.0,0.0,0.003046524889845026,135540.93039272432
2013-11-07,0.002645057770515935,0.0,0.0,0.002645057770515935,135899.44398388255
2013-11-08,-0.01123698255155825,0.0,0.0,-0.01123698255155825,134372.3443030692
2013-11-11,-0.0004945311674005026,0.0,0.0,-0.0004945311674005026,134305.89299077468
2013-11-12,-0.0008900947279977256,0.0,0.0,-0.0008900947279977256,134186.34802348455
2013-11-13,0.004156705830969942,0.0,0.0,0.004156705830969942,134744.12119875033
2013-11-14,0.004828632077642281,0.0,0.0,0.004828632077642281,135394.75098464434
2013-11-15,-0.0007845780292268234,0.0,0.0,-0.0007845780292268234,135288.52323774915
2013-11-18,0.0035340209418961432,0.0,0.0,0.0035340209418961432,135766.63571206955
2013-11-19,-0.003717158038536672,0.0,0.0,-0.003717158038536672,135261.96967076734
2013-11-20,-0.005497038925309616,0.0,0.0,-0.005497038925309616,134518.4293583731
2013-11-21,0.0008882875899460796,0.0,0.0,0.0008882875899460796,134637.9204097912
2013-11-22,0.0028603204347774636,0.0,0.0,0.0028603204347774636,135023.02800483524
2013-11-25,0.000786737999175724,0.0,0.0,0.000786737999175724,135129.25575173044
2013-11-26,0.002161554396010068,0.0,0.0,0.002161554396010068,135421.34498853015
2013-11-27,-0.002255330843070169,0.0,0.0,-0.002255330843070169,135115.92505236747
2013-11-29,-0.0005895729975168296,0.0,0.0,-0.0005895729975168296,135036.26435142208
2013-12-02,-0.004294343927219502,0.0,0.0,-0.004294343927219502,134456.37218965014
2013-12-03,0.0017803023316056432,0.0,0.0,0.0017803023316056432,134695.7451825586
2013-12-04,-0.004541865225875963,0.0,0.0,-0.004541865225875963,134083.9752614405
2013-12-05,-0.002479682626358559,0.0,0.0,-0.002479682626358559,133751.4895575116
2013-12-06,0.0008946911798748403,0.0,0.0,0.0008946911798748403,133871.15583551384
2013-12-09,0.0011921237271386165,0.0,0.0,0.0011921237271386165,134030.74681676482
2013-12-10,0.004168269441088057,0.0,0.0,0.004168269441088057,134589.42308288734
2013-12-11,-0.0038543263726918964,0.0,0.0,-0.0038543263726918964,134070.6715200136
2013-12-12,-0.002877549713436345,0.0,0.0,-0.002877549713436345,133684.87649760096
2013-12-13,0.0014929368569480683,0.0,0.0,0.0014929368569480683,133884.4595769408
2013-12-16,-0.0004969373317323944,0.0,0.0,-0.0004969373317323944,133817.9273908382
2013-12-17,0.0031802275323717932,0.0,0.0,0.0031802275323717932,134243.49884785147
2013-12-18,-0.0037646547575430622,0.0,0.0,-0.0037646547575430622,133738.11842124467
2013-12-19,-0.004176885975941347,0.0,0.0,-0.004176885975941347,133179.5095499622
2013-12-20,0.003096388841826725,0.0,0.0,0.003096388841826725,133591.88509729266
2013-12-23,-0.003186718454877391,0.0,0.0,-0.003186718454877391,133166.16537163127
2013-12-24,-0.00389552076855304,0.0,0.0,-0.00389552076855304,132647.4138087575
2013-12-26,-0.0008630162626691584,0.0,0.0,-0.0008630162626691584,132532.93693343955
2013-12-27,-0.0006037076968561372,0.0,0.0,-0.0006037076968561372,132452.9257793259
2013-12-30,0.0027156798404173177,0.0,0.0,0.0027156798404173177,132812.6255196691
2013-12-31,-0.004514010146627667,0.0,0.0,-0.004514010146627667,132213.10798047303
2014-01-02,0.003930636073870009,0.0,0.0,0.003930636073870009,132732.78959213954
2014-01-03,-0.0006026971586408081,0.0,0.0,-0.0006026971586408081,132652.79191699388
2014-01-06,0.002812589385828179,0.0,0.0,0.002812589385828179,133025.88975154012
2014-01-07,0.0016018611541324113,0.0,0.0,0.0016018611541324113,133238.978756827
2014-01-08,-0.0048992640734595305,0.0,0.0,-0.0048992640734595305,132586.20581501923
2014-01-09,0.002612711297943049,0.0,0.0,0.002612711297943049,132932.61529290353
2014-01-10,0.00841838428954933,0.0,0.0,0.00841838428954933,134051.69313305404
2014-01-13,0.002881576921804463,0.0,0.0,0.002881576921804463,134437.97339831505
2014-01-14,-0.0037653248621628554,0.0,0.0,-0.0037653248621628554,133931.77075465958
2014-01-15,-0.000894895832997844,0.0,0.0,-0.000894895832997844,133811.91577110524
2014-01-16,0.002787218482874776,0.0,0.0,0.002787218482874776,134184.87881597134
2014-01-17,0.002383092938012865,0.0,0.0,0.002383092938012865,134504.6538530658
2014-01-21,-0.0010899047125050298,0.0,0.0,-0.0010899047125050298,134358.0565969775
2014-01-22,-0.0027763905578442882,0.0,0.0,-0.0027763905578442882,133985.02615727132
2014-01-23,0.006761162109444774,0.0,0.0,0.006761162109444774,134890.92063935884
2014-01-24,0.004050058001435097,0.0,0.0,0.004050058001435097,135437.23669181523
2014-01-27,-0.003049847920619797,0.0,0.0,-0.003049847920619797,135024.17371711618
2014-01-28,0.001480524331819888,0.0,0.0,0.001480524331819888,135224.08029168827
2014-01-29,0.004728560794272196,0.0,0.0,0.004728560794272196,135863.49557619705
2014-01-30,-0.0009805880472626427,0.0,0.0,-0.0009805880472626427,135730.2694563757
2014-01-31,0.003926500097023,0.0,0.0,0.003926500097023,136263.21437256515
2014-02-03,0.005435676639410358,0.0,0.0,0.005435676639410358,137003.89714374105
2014-02-04,-0.003019694868456879,0.0,0.0,-0.003019694868456879,136590.18717857753
2014-02-05,-0.0036152084076119806,0.0,0.0,-0.0036152084076119806,136096.38518549222
2014-02-06,-0.0018625437558136282,0.0,0.0,-0.0018625437558136282,135842.89971307619
2014-02-07,0.002652672547250212,0.0,0.0,0.002652672547250212,136203.24644388392
2014-02-10,0.0004895658252772606,0.0,0.0,0.0004895658252772606,136269.92689863467
2014-02-11,-0.004406705995428806,0.0,0.0,-0.004406705995428806,135669.4253947738
2014-02-12,-0.0023610896401367043,0.0,0.0,-0.0023610896401367043,135349.0977199909
2014-02-13,0.004732558462612557,0.0,0.0,0.004732558462612557,135989.64523781263
2014-02-14,-0.0006865876534154491,0.0,0.0,-0.0006865876534154491,135896.2764264
2014-02-18,0.002454548646521726,0.0,0.0,0.002454548646521726,136229.8404477698
2014-02-19,-0.0019594641057619766,0.0,0.0,-0.0019594641057619766,135962.90296527868
2014-02-20,-0.0010792064788871514,0.0,0.0,-0.0010792064788871514,135816.17091951027
2014-02-21,0.001277272928016604,0.0,0.0,0.001277272928016604,135989.64523781263
2014-02-24,-0.0009811651770116336,0.0,0.0,-0.0009811651770116336,135856.21693347112
2014-02-25,0.0034379965088242592,0.0,0.0,0.0034379965088242592,136323.29013299049
2014-02-26,0.002937477963230073,0.0,0.0,0.002937477963230073,136723.73679363113
2014-02-27,0.0011707019489450854,0.0,0.0,0.0011707019489450854,136883.7995387625
2014-02-28,-0.0009749529361927634,0.0,0.0,-0.0009749529361927634,136750.34427648495
2014-03-03,0.004945955634741539,0.0,0.0,0.004945955634741539,137426.7054123121
2014-03-04,-0.00768397079535954,0.0,0.0,-0.00768397079535954,136370.72262142142
2014-03-05,0.0010776593787846789,0.0,0.0,0.0010776593787846789,136517.68380964603
2014-03-06,-0.0043074781303686915,0.0,0.0,-0.0043074781303686915,135929.6368722274
2014-03-07,-0.004327302702851199,0.0,0.0,-0.004327302702851199,135341.42818719262
2014-03-10,0.00108645271445873,0.0,0.0,0.00108645271445873,135488.4702492253
2014-03-11,0.0009869831830839892,0.0,0.0,0.0009869831830839892,135622.19509086307
2014-03-12,0.003941853535821327,0.0,0.0,0.003941853535821327,136156.79792011782
2014-03-13,0.005890455466386557,0.0,0.0,0.005890455466386557,136958.8234747121
2014-03-14,9.76288779921397e-05,0.0,0.0,9.76288779921397e-05,136972.19461097906
2014-03-17,-0.0040006219297140655,0.0,0.0,-0.0040006219297140655,136424.2206454573
2014-03-18,0.0024496935462421376,0.0,0.0,0.0024496935462421376,136758.4181783236
2014-03-19,-0.009286067695243316,0.0,0.0,-0.009286067695243316,135488.47024922527
2014-03-20,0.00019777467674342297,0.0,0.0,0.00019777467674342297,135515.26643763128
2014-03-21,0.001873813076826103,0.0,0.0,0.001873813076826103,135769.19671599168
2014-03-24,0.00039413581503211503,0.0,0.0,0.00039413581503211503,135822.7082189956
2014-03-25,-0.0005907723209324089,0.0,0.0,-0.0005907723209324089,135742.46792242574
2014-03-26,0.004234169923064801,0.0,0.0,0.004234169923064801,136317.22459738547
2014-03-27,0.0009808838396223596,0.0,0.0,0.0009808838396223596,136450.9359600552
2014-03-28,-0.0035265361472918144,0.0,0.0,-0.0035265361472918144,135969.73680206027
2014-03-31,9.84381933053502e-05,0.0,0.0,9.84381933053502e-05,135983.12141729528
2014-04-01,-0.0020682871784929446,0.0,0.0,-0.0020682871784929446,135701.86927077643
2014-04-02,-0.004342412721904498,0.0,0.0,-0.004342412721904498,135112.5957472688
2014-04-03,0.0006939375338501641,0.0,0.0,0.0006939375338501641,135206.35544875375
2014-04-04,0.006140916584562062,0.0,0.0,0.006140916584562062,136036.6463992672
2014-04-07,0.0023625436363117203,0.0,0.0,0.0023625436363117203,136358.03891252296
2014-04-08,0.0013748033382772196,0.0,0.0,0.0013748033382772196,136545.50439962084
2014-04-09,-0.00029426676343280445,0.0,0.0,-0.00029426676343280445,136505.32359597986
2014-04-10,0.00421880182473422,0.0,0.0,0.00421880182473422,137081.2125042525
2014-04-11,0.0020518174616972473,0.0,0.0,0.0020518174616972473,137362.47812973935
2014-04-14,-0.0015597286788425757,0.0,0.0,-0.0015597286788425757,137148.22993320352
2014-04-15,0.0011711079530376534,0.0,0.0,0.0011711079530376534,137308.84531602333
2014-04-16,-0.0015606324046107956,0.0,0.0,-0.0015606324046107956,137094.55668258347
2014-04-17,-0.005665127453569507,0.0,0.0,-0.005665127453569507,136317.898545786
2014-04-21,-0.0001971645873416472,0.0,0.0,-0.0001971645873416472,136291.02148357194
2014-04-22,-0.00039233007074002124,0.0,0.0,-0.00039233007074002124,136237.55041747208
2014-04-23,0.002555450121430658,0.0,0.0,0.002555450121430658,136585.69868222982
2014-04-24,-0.00029427885200850046,0.0,0.0,-0.00029427885200850046,136545.50439962084
2014-04-25,0.0013732119913163476,0.0,0.0,0.0013732119913163476,136733.01032362273
2014-04-28,-0.001468527504700945,0.0,0.0,-0.001468527504700945,136532.21413716194
2014-04-29,0.0008823926048826536,0.0,0.0,0.0008823926048826536,136652.6891532448
2014-04-30,0.0026456331173059233,0.0,0.0,0.0026456331173059233,137014.22203323754
2014-05-01,0.0028790841706642922,0.0,0.0,0.0028790841706642922,137408.6975110493
2014-05-02,0.0014655242770864607,0.0,0.0,0.0014655242770864607,137610.0732931346
2014-05-05,-0.0005858416156965252,0.0,0.0,-0.0005858416156965252,137529.45558546044
2014-05-06,0.0011713899759322466,0.0,0.0,0.0011713899759322466,137690.55621112866
2014-05-07,0.0007790340193525314,0.0,0.0,0.0007790340193525314,137797.82183856072
2014-05-08,0.0010707047606453024,0.0,0.0,0.0010707047606453024,137945.36262240983
2014-05-09,-0.0007773018859756897,0.0,0.0,-0.0007773018859756897,137838.13743188183
2014-05-12,-0.0026286494134066807,0.0,0.0,-0.0026286494134066807,137475.80929277642
2014-05-13,0.003904097964533282,0.0,0.0,0.003904097964533282,138012.52832000892
2014-05-14,0.004569346022727405,0.0,0.0,0.004569346022727405,138643.1553173745
2014-05-15,0.0035804395303546954,0.0,0.0,0.0035804395303546954,139139.55875128595
2014-05-16,-0.0021209534389979856,0.0,0.0,-0.0021209534389979856,138844.45022565176
2014-05-19,-0.0012566958248574345,0.0,0.0,-0.0012566958248574345,138669.96498474854
2014-05-20,0.002903028486829662,0.0,0.0,0.002903028486829662,139072.52784336693
2014-05-21,-0.001543942313740554,0.0,0.0,-0.001543942313740554,138857.8078829507
2014-05-22,-0.0010629197016097658,0.0,0.0,-0.0010629197016097658,138710.21318322956
2014-05-23,0.002031802386252668,0.0,0.0,0.002031802386252668,138992.04492537287
2014-05-27,0.00028947498063369714,0.0,0.0,0.00028947498063369714,139032.27964488586
2014-05-28,0.005500759736753791,0.0,0.0,0.005500759736753791,139797.06281086555
2014-05-29,-0.001247939545076182,0.0,0.0,-0.001247939545076182,139622.60452789837
2014-05-30,-0.0007686401759010586,0.0,0.0,-0.0007686401759010586,139515.28498459427
2014-06-02,-0.004575873976664702,0.0,0.0,-0.004575873976664702,138876.8806226863
2014-06-03,-0.005032403437058797,0.0,0.0,-0.005032403437058797,138177.99613131268
2014-06-04,-0.0007781392901520245,0.0,0.0,-0.0007781392901520245,138070.47440348845
2014-06-05,0.0014599643223964787,0.0,0.0,0.0014599643223964787,138272.0523700939
2014-06-06,-0.0007775124981039827,0.0,0.0,-0.0007775124981039827,138164.54412123768
2014-06-09,-0.0014589703015888134,0.0,0.0,-0.0014589703015888134,137962.96615463222
2014-06-10,-0.0017537132068282668,0.0,0.0,-0.0017537132068282668,137721.01867883364
2014-06-11,0.0013665802950337813,0.0,0.0,0.0013665802950337813,137909.2255091721
2014-06-12,0.0038977903203831765,0.0,0.0,0.0038977903203831765,138446.7667534533
2014-06-13,-0.0019413282696534306,0.0,0.0,-0.0019413282696534306,138177.99613131268
2014-06-16,0.0,0.0,0.0,0.0,138177.99613131268
2014-06-17,-0.004182949843425932,0.0,0.0,-0.004182949843425932,137600.0045040303
2014-06-18,0.005275311341130795,0.0,0.0,0.005275311341130795,138325.88736833006
2014-06-19,-0.002526419387372303,0.0,0.0,-0.002526419387372303,137976.41816470725
2014-06-20,0.001168474573588929,0.0,0.0,0.001168474573588929,138137.64010108757
2014-06-23,-0.0006806926828658577,0.0,0.0,-0.0006806926828658577,138043.6108202424
2014-06-24,0.004088402688380288,0.0,0.0,0.004088402688380288,138607.9886898336
2014-06-25,0.0009697295969506303,0.0,0.0,0.0009697295969506303,138742.40095883995
2014-06-26,0.0026160831014419017,0.0,0.0,0.0026160831014419017,139105.36260944183
2014-06-27,0.0,0.0,0.0,0.0,139105.36260944183
2014-06-30,0.0007730486070056664,0.0,0.0,0.0007730486070056664,139212.8978162341
2014-07-01,-0.0032694119580095604,0.0,0.0,-0.0032694119580095604,138757.75350340453
2014-07-02,-0.004075617885081151,0.0,0.0,-0.004075617885081151,138192.22992153236
2014-07-03,-0.0020461482609885895,0.0,0.0,-0.0020461482609885895,137909.4681305963
2014-07-07,0.0024405128654221286,0.0,0.0,0.0024405128654221286,138246.03796183254
2014-07-08,0.004578007972757758,0.0,0.0,0.004578007972757758,138878.929425824
2014-07-09,0.00019440222528910311,0.0,0.0,0.00019440222528910311,138905.92779875014
2014-07-10,0.002132089607926213,0.0,0.0,0.002132089607926213,139202.0876838892
2014-07-11,0.0016448548539291785,0.0,0.0,0.0016448548539291785,139431.05491349314
2014-07-14,-0.0022215042774107463,0.0,0.0,-0.0022215042774107463,139121.3082285989
2014-07-15,-0.0008706215323133204,0.0,0.0,-0.0008706215323133204,139000.1862220515
2014-07-16,0.0014525265564404588,0.0,0.0,0.0014525265564404588,139202.0876838892
2014-07-17,0.0058040998881125905,0.0,0.0,0.0058040998881125905,140010.03050544029
2014-07-18,-0.002019678653616852,0.0,0.0,-0.002019678653616852,139727.25523553623
2014-07-21,0.0002887235649846609,0.0,0.0,0.0002887235649846609,139767.59778679334
2014-07-22,0.0012527352350348853,0.0,0.0,0.0012527352350348853,139942.68958125706
2014-07-23,-9.622145382048863e-05,0.0,0.0,-9.622145382048863e-05,139929.224092214
2014-07-24,-0.004041208322540735,0.0,0.0,-0.004041208322540735,139363.74094724588
2014-07-25,0.0038644603121975596,0.0,0.0,0.0038644603121975596,139902.3065930959
2014-07-28,-0.0011551834304110997,0.0,0.0,-0.0011551834304110997,139740.69376664326
2014-07-29,0.0013491440502333418,0.0,0.0,0.0013491440502333418,139929.22409221402
2014-07-30,-0.00702455308828831,0.0,0.0,-0.00702455308828831,138946.28382897528
2014-07-31,-0.00029044339375638994,0.0,0.0,-0.00029044339375638994,138905.92779875014
2014-08-01,0.005885079671468896,0.0,0.0,0.005885079671468896,139723.4002506851
2014-08-04,0.0005796818473724485,0.0,0.0,0.0005796818473724485,139804.39536946357
2014-08-05,0.0004817760054915965,0.0,0.0,0.0004817760054915965,139871.74977261486
2014-08-06,0.0008685523622975477,0.0,0.0,0.0008685523622975477,139993.23571129853
2014-08-07,0.004528670668829893,0.0,0.0,0.004528670668829893,140627.21897169887
2014-08-08,-0.0008623527940201381,0.0,0.0,-0.0008623527940201381,140505.94869650336
2014-08-11,-0.00048052165330914054,0.0,0.0,-0.00048052165330914054,140438.43254573594
2014-08-12,-0.0014410102850741513,0.0,0.0,-0.0014410102850741513,140236.05932001784
2014-08-13,0.0032708369276817084,0.0,0.0,0.0032708369276817084,140694.74860143432
2014-08-14,0.002013298403588104,0.0,0.0,0.002013298403588104,140978.0091141868
2014-08-15,0.0040193668486132594,0.0,0.0,0.0040193668486132594,141544.65145040388
2014-08-18,-0.003145465320033125,0.0,0.0,-0.003145465320033125,141099.42765803044
2014-08-19,-0.0010511918188159664,0.0,0.0,-0.0010511918188159664,140951.10509403673
2014-08-20,-0.0029671666580282086,0.0,0.0,-0.0029671666580282086,140532.87967458947
2014-08-21,0.002111818375563068,0.0,0.0,0.002111818375563068,140829.65959225706
2014-08-22,9.609398987597828e-05,0.0,0.0,9.609398987597828e-05,140843.19247614016
2014-08-25,0.0007661898029955871,0.0,0.0,0.0007661898029955871,140951.10509403673
2014-08-26,-0.00019173550178375187,0.0,0.0,-0.00019173550178375187,140924.07976317452
2014-08-27,0.0027761547010174414,0.0,0.0,0.0027761547010174414,141315.30680969564
2014-08-28,0.0013366864635648845,0.0,0.0,0.0013366864635648845,141504.20106740267
2014-08-29,9.525489638750884e-05,0.0,0.0,9.525489638750884e-05,141517.68003541374
2014-09-02,-0.006388708874282001,0.0,0.0,-0.006388708874282001,140613.5647771037
2014-09-03,0.0014419954156759118,0.0,0.0,0.0014419954156759118,140816.32889289412
2014-09-04,-0.0035514110833468893,0.0,0.0,-0.0035514110833468893,140316.23222174766
2014-09-05,0.0002892407531094321,0.0,0.0,0.0002892407531094321,140356.81739442897
2014-09-08,-0.0010589623148856697,0.0,0.0,-0.0010589623148856697,140208.184814171
2014-09-09,-0.002313209665413263,0.0,0.0,-0.002313209665413263,139883.8538858888
2014-09-10,-0.0025125422350400495,0.0,0.0,-0.0025125422350400495,139532.38979500034
2014-09-11,-0.0012590007979242923,0.0,0.0,-0.0012590007979242923,139356.71840491216
2014-09-12,-0.0037814734688954577,0.0,0.0,-0.0037814734688954577,138829.74467155166
2014-09-15,0.0018492715974816054,0.0,0.0,0.0018492715974816054,139086.47857525837
2014-09-16,-0.0002914104751551294,0.0,0.0,-0.0002914104751551294,139045.9473184491
2014-09-17,-0.002527004525401,0.0,0.0,-0.002527004525401,138694.5775803367
2014-09-18,-0.0006815551430395805,0.0,0.0,-0.0006815551430395805,138600.04957767512
2014-09-19,0.0038019234266519764,0.0,0.0,0.0038019234266519764,139126.99635309962
2014-09-22,0.0021375180879583677,0.0,0.0,0.0021375180879583677,139424.3828243277
2014-09-23,0.002132572146513745,0.0,0.0,0.002132572146513745,139721.7153796837
2014-09-24,-0.0028046752498045446,0.0,0.0,-0.0028046752498045446,139329.84134269808
2014-09-25,0.004848583700636455,0.0,0.0,0.004848583700636455,140005.39374044453
2014-09-26,-0.002123529597518159,0.0,0.0,-0.002123529597518159,139708.0881430245
2014-09-29,0.0031926034947773463,0.0,0.0,0.0031926034947773463,140154.12067347858
2014-09-30,-0.0008674756823100482,0.0,0.0,-0.0008674756823100482,140032.5403820188
2014-10-01,0.008401509832643539,0.0,0.0,0.008401509832643539,141209.02514692838
2014-10-02,-0.002972342486323165,0.0,0.0,-0.002972342486323165,140789.30356203188
2014-10-03,-0.0002881731259890552,0.0,0.0,-0.0002881731259890552,140748.7318683186
2014-10-06,0.0016350159450684298,0.0,0.0,0.0016350159450684298,140978.85828917148
2014-10-07,0.00585811134398484,0.0,0.0,0.00585811134398484,141804.7281381773
2014-10-08,0.003532265368267673,0.0,0.0,0.003532265368267673,142305.6200684364
2014-10-09,-0.0017123201710994573,0.0,0.0,-0.0017123201710994573,142061.9472847324
2014-10-10,0.00390700645294606,0.0,0.0,0.00390700645294606,142616.98422949194
2014-10-13,0.005221863760496159,0.0,0.0,0.005221863760496159,143361.71069107117
2014-10-14,0.0019827084655108518,0.0,0.0,0.0019827084655108518,143645.9551684885
2014-10-15,0.005655320556056553,0.0,0.0,0.005655320556056553,144458.3190915472
2014-10-16,-0.002718032029110251,0.0,0.0,-0.002718032029110251,144065.67675338496
2014-10-17,-0.002913404457988822,0.0,0.0,-0.002913404457988822,143645.95516848846
2014-10-20,0.0014136190110503044,0.0,0.0,0.0014136190110503044,143849.01582157513
2014-10-21,-0.0027293574306633817,0.0,0.0,-0.0027293574306633817,143456.40044134887
2014-10-22,-0.00028262758338104543,0.0,0.0,-0.00028262758338104543,143415.8557055716
2014-10-23,-0.004154051894680544,0.0,0.0,-0.004154051894680544,142820.09879845064
2014-10-24,0.0008538309707246672,0.0,0.0,0.0008538309707246672,142942.0430220467
2014-10-27,0.0010413188492290892,0.0,0.0,0.0010413188492290892,143090.8912657929
2014-10-28,-0.0024599976035865057,0.0,0.0,-0.0024599976035865057,142738.88801618398
2014-10-29,-0.003319719853605574,0.0,0.0,-0.003319719853605574,142265.03489575506
2014-10-30,0.0010471269667029492,0.0,0.0,0.0010471269667029492,142414.00445021334
2014-10-31,-0.0016167492266918604,0.0,0.0,-0.0016167492266918604,142183.7567186484
2014-11-03,-0.0003720885610590807,0.0,0.0,-0.0003720885610590807,142130.85176920498
2014-11-04,-9.483492037987151e-05,0.0,0.0,-9.483492037987151e-05,142117.3728011939
2014-11-05,0.0002863337790681708,0.0,0.0,0.0002863337790681708,142158.06580561932
2014-11-06,-0.0030528154037041677,0.0,0.0,-0.0030528154037041677,141724.08347256714
2014-11-07,0.006410884970708519,0.0,0.0,0.006410884970708519,142632.66026928884
2014-11-10,-0.004088219584670649,0.0,0.0,-0.004088219584670649,142049.54663416228
2014-11-11,9.507897960325806e-05,0.0,0.0,9.507897960325806e-05,142063.05256010935
2014-11-12,-0.0003817978446828407,0.0,0.0,-0.0003817978446828407,142008.81319283284
2014-11-13,0.00162383009581335,0.0,0.0,0.00162383009581335,142239.4113775661
2014-11-14,0.0020974740760486554,0.0,0.0,0.0020974740760486554,142537.75485552297
2014-11-17,-0.0011419572159431235,0.0,0.0,-0.0011419572159431235,142374.9828378214
2014-11-18,0.0011432627731164935,0.0,0.0,0.0011432627731164935,142537.75485552294
2014-11-19,-0.002663778802244221,0.0,0.0,-0.002663778802244221,142158.06580561935
2014-11-20,0.0018123276586763382,0.0,0.0,0.0018123276586763382,142415.7028001828
2014-11-21,0.001999664577278404,0.0,0.0,0.001999664577278404,142700.48643632053
2014-11-24,0.001140560504019117,0.0,0.0,0.001140560504019117,142863.24497505408
2014-11-25,0.002468163195025852,0.0,0.0,0.002468163195025852,143215.8547782235
2014-11-26,0.0017048253975124883,0.0,0.0,0.0017048253975124883,143460.01280477588
2014-11-28,0.00387560227144923,0.0,0.0,0.00387560227144923,144016.0067562642
2014-12-01,-0.0024522443637501334,0.0,0.0,-0.0024522443637501334,143662.84431540634
2014-12-02,-0.004444706316590774,0.0,0.0,-0.004444706316590774,143024.30516381827
2014-12-03,0.00037942030307624997,0.0,0.0,0.00037942030307624997,143078.5714890308
2014-12-04,0.003513629362361659,0.0,0.0,0.003513629362361659,143581.29655893942
2014-12-05,-0.005582390269395776,0.0,0.0,-0.005582390269395776,142779.76972616155
2014-12-08,0.003330192200689197,0.0,0.0,0.003330192200689197,143255.2538017198
2014-12-09,0.003697759270790524,0.0,0.0,0.003697759270790524,143784.97724455458
2014-12-10,0.004536362237022473,0.0,0.0,0.004536362237022473,144437.2379855779
2014-12-11,-0.001693115432248371,0.0,0.0,-0.001693115432248371,144192.6890689532
2014-12-12,0.008196506769832412,0.0,0.0,0.008196506769832412,145374.5654210672
2014-12-15,-0.0036446867580460784,0.0,0.0,-0.0036446867580460784,144844.72066752033
2014-12-16,0.005064312421947603,0.0,0.0,0.005064312421947603,145578.2595856504
2014-12-17,-0.006904280683652342,0.0,0.0,-0.006904280683652342,144573.14642003347
2014-12-18,-0.005638909876641729,0.0,0.0,-0.005638909876641729,143757.91147678837
2014-12-19,0.003685673700347447,0.0,0.0,0.003685673700347447,144287.75623033525
2014-12-22,0.0,0.0,0.0,0.0,144287.75623033525
2014-12-23,-0.008285738013700361,0.0,0.0,-0.008285738013700361,143092.22568362602
2014-12-24,0.0007227794595743298,0.0,0.0,0.0007227794595743298,143195.6498051749
2014-12-26,0.0013295824518084753,0.0,0.0,0.0013295824518084753,143386.0402283312
2014-12-29,0.0034169784412341198,0.0,0.0,0.0034169784412341198,143875.98723656533
2014-12-30,0.0011336776555610495,0.0,0.0,0.0011336776555610495,144039.0962284672
2014-12-31,0.0011337975639822417,0.0,0.0,0.0011337975639822417,144202.40740488924
2015-01-02,0.005095563072618825,0.0,0.0,0.005095563072618825,144937.1998670443
2015-01-05,0.00610127128263116,0.0,0.0,0.00610127128263116,145821.5010423781
2015-01-06,0.006717230301169774,0.0,0.0,0.006717230301169774,146801.01764774203
2015-01-07,-0.00018482952666842856,0.0,0.0,-0.00018482952666842856,146773.88448513576
2015-01-08,-0.004078664323529324,0.0,0.0,-0.004078664323529324,146175.2430788604
2015-01-09,0.004932644000645192,0.0,0.0,0.004932644000645192,146896.2735146762
2015-01-12,0.0035196689650311974,0.0,0.0,0.0035196689650311974,147413.29976964454
2015-01-13,0.0009229608408214407,0.0,0.0,0.0009229608408214407,147549.35647274822
2015-01-14,0.0046103661435348275,0.0,0.0,0.0046103661435348275,148229.6130303305
2015-01-15,0.008536247361123461,0.0,0.0,0.008536247361123461,149494.93767340103
2015-01-16,-0.007372118130610339,0.0,0.0,-0.007372118130610339,148392.8433329445
2015-01-20,0.00229253423541409,0.0,0.0,0.00229253423541409,148733.0390065757
2015-01-21,-0.004757009704060566,0.0,0.0,-0.004757009704060566,148025.514496707
2015-01-22,-0.0024812506180589278,0.0,0.0,-0.0024812506180589278,147658.22609737355
2015-01-23,0.006541841853821229,0.0,0.0,0.006541841853821229,148624.18286091837
2015-01-26,-0.0022885123554182707,0.0,0.0,-0.0022885123554182707,148284.05458212722
2015-01-27,0.0013761297348831025,0.0,0.0,0.0013761297348831025,148488.1126788467
2015-01-28,0.00769624452242601,0.0,0.0,0.00769624452242601,149630.91350269664
2015-01-29,-0.003545785602932172,0.0,0.0,-0.003545785602932172,149100.3543638452
2015-01-30,0.008759771550567619,0.0,0.0,0.008759771550567619,150406.43940618113
2015-02-02,-0.0012504254565222084,0.0,0.0,-0.0012504254565222084,150218.36736552278
2015-02-03,-0.008436874054983723,0.0,0.0,-0.008436874054983723,148950.99391931458
2015-02-04,0.0016467849821679703,0.0,0.0,0.0016467849821679703,149196.28417917993
2015-02-05,-0.0036539573636613643,0.0,0.0,-0.0036539573636613643,148651.1273179725
2015-02-06,-0.011184239637821558,0.0,0.0,-0.011184239637821558,146988.57748761598
2015-02-09,-0.00046327236820575823,0.0,0.0,-0.00046327236820575823,146920.4817412241
2015-02-10,-0.0025042247783940708,0.0,0.0,-0.0025042247783940708,146552.55983039414
2015-02-11,-0.00037203325324275394,0.0,0.0,-0.00037203325324275394,146498.0374047894
2015-02-12,0.00037217171349612777,0.0,0.0,0.00037217171349612777,146552.55983039414
2015-02-13,-0.003347931384743652,0.0,0.0,-0.003347931384743652,146061.91191582344
2015-02-17,-0.00709025410281372,0.0,0.0,-0.00709025410281372,145026.29584559746
2015-02-18,0.004791973122048709,0.0,0.0,0.004791973122048709,145721.25795727983
2015-02-19,-0.0025249259782388345,0.0,0.0,-0.0025249259782388345,145353.32256748187
2015-02-20,-0.0005628859002460018,0.0,0.0,-0.0005628859002460018,145271.5052316547
2015-02-23,0.004596366756627557,0.0,0.0,0.004596366756627557,145939.22634898673
2015-02-24,0.006630627122609312,0.0,0.0,0.006630627122609312,146906.89494146893
2015-02-25,0.000927426916960572,0.0,0.0,0.000927426916960572,147043.14035012477
2015-02-26,-0.005931389264722586,0.0,0.0,-0.005931389264722586,146170.9702460009
2015-02-27,0.0035429430965769892,0.0,0.0,0.0035429430965769892,146688.84567595395
2015-03-02,-0.007443767892347464,0.0,0.0,-0.007443767892347464,145596.92795634578
2015-03-03,-0.002156680386002807,0.0,0.0,-0.002156680386002807,145282.92191756007
2015-03-04,0.0007515895083634039,0.0,0.0,0.0007515895083634039,145392.11503741768
2015-03-05,0.0005631992535917174,0.0,0.0,0.0005631992535917174,145473.99976808488
2015-03-06,-0.010226574231056551,0.0,0.0,-0.010226574231056551,143986.29911076787
2015-03-09,0.00464469523119293,0.0,0.0,0.00464469523119293,144655.07158760476
2015-03-10,0.0042458425387466026,0.0,0.0,0.0042458425387466026,145269.25424399684
2015-03-11,0.0017854829832142372,0.0,0.0,0.0017854829832142372,145528.63002543373
2015-03-12,0.0009379701370388904,0.0,0.0,0.0009379701370388904,145665.13153448177
2015-03-13,-0.0014993273708165944,0.0,0.0,-0.0014993273708165944,145446.73181579853
2015-03-16,0.0034720822475546864,0.0,0.0,0.0034720822475546864,145951.73483130103
2015-03-17,0.0020576076579945646,0.0,0.0,0.0020576076579945646,146252.0462385875
2015-03-18,0.011478851126904388,0.0,0.0,0.011478851126904388,147930.85170436537
2015-03-19,-0.004705083098867302,0.0,0.0,-0.004705083098867302,147234.82475421013
2015-03-20,0.004078803651020868,0.0,0.0,0.004078803651020868,147835.366694975
2015-03-23,0.0012925043228597666,0.0,0.0,0.0012925043228597666,148026.44454549983
2015-03-24,0.0030428797733315083,0.0,0.0,0.0030428797733315083,148476.87121952552
2015-03-25,-0.004320568714045958,0.0,0.0,-0.004320568714045958,147835.366694975
2015-03-26,-0.005632186056434896,0.0,0.0,-0.005632186056434896,147002.7304040276
2015-03-27,0.0038996589242590307,0.0,0.0,0.0038996589242590307,147575.99091353812
2015-03-30,-9.261447935138278e-05,0.0,0.0,-9.261447935138278e-05,147562.3232399749
2015-03-31,0.0025900658756377037,0.0,0.0,0.0025900658756377037,147944.51937792858
2015-04-01,0.0047584934082716135,0.0,0.0,0.0047584934082716135,148648.51239817837
2015-04-02,-0.0028502431316421717,0.0,0.0,-0.0028502431316421717,148224.82799668662
2015-04-06,0.001290926982147278,0.0,0.0,0.001290926982147278,148416.17542657172
2015-04-07,0.0008293566083565906,0.0,0.0,0.0008293566083565906,148539.26536244876
2015-04-08,-0.0009205924786187536,0.0,0.0,-0.0009205924786187536,148402.5212319765
2015-04-09,-0.004053794337694372,0.0,0.0,-0.004053794337694372,147800.92793170677
2015-04-10,-0.00027696460653148236,0.0,0.0,-0.00027696460653148236,147759.99230585716
2015-04-13,0.0020348900587405794,0.0,0.0,0.0020348900587405794,148060.66764527993
2015-04-14,0.002954599042110928,0.0,0.0,0.002954599042110928,148498.12755207898
2015-04-15,0.0005532346527306053,0.0,0.0,0.0005532346527306053,148580.2818621064
2015-04-16,0.0007359985194754781,0.0,0.0,0.0007359985194754781,148689.63672958018
2015-04-17,0.0020225300290548365,0.0,0.0,0.0020225300290548365,148990.365984875
2015-04-20,-0.0018345247460904712,0.0,0.0,-0.0018345247460904712,148717.03947154668
2015-04-21,-0.0021148769548382518,0.0,0.0,-0.0021148769548382518,148402.52123197654
2015-04-22,-0.005803487251329065,0.0,0.0,-0.005803487251329065,147541.26909194168
2015-04-23,0.003057088429089694,0.0,0.0,0.003057088429089694,147992.31579849587
2015-04-24,0.0035104516153241505,0.0,0.0,0.0035104516153241505,148511.83566254625
2015-04-27,-0.0015645248039534154,0.0,0.0,-0.0015645248039534154,148279.48521197154
2015-04-28,-0.00461011758776908,0.0,0.0,-0.00461011758776908,147595.8993492905
2015-04-29,-0.0037051753643281282,0.0,0.0,-0.0037051753643281282,147049.03065914565
2015-04-30,-0.00027838079357678236,0.0,0.0,-0.00027838079357678236,147008.09503329606
2015-05-01,-0.005467575239674005,0.0,0.0,-0.005467575239674005,146204.31721286036
2015-05-04,-0.002060229847417383,0.0,0.0,-0.002060229847417383,145903.10271471713
2015-05-05,-0.0016891309816499112,0.0,0.0,-0.0016891309816499112,145656.65326360287
2015-05-06,-0.0048882971718965385,0.0,0.0,-0.0048882971718965385,144944.64025738646
2015-05-07,0.004251123343115948,0.0,0.0,0.004251123343115948,145560.8178010442
2015-05-08,0.003856337380488961,0.0,0.0,0.003856337380488961,146122.1494238649
2015-05-11,-0.009838985339762463,0.0,0.0,-0.009838985339762463,144684.45573786894
2015-05-12,0.000757772666336809,0.0,0.0,0.000757772666336809,144794.09366367088
2015-05-13,-0.0013243067729736824,0.0,0.0,-0.0013243067729736824,144602.3418647455
2015-05-14,0.0034090237526143152,0.0,0.0,0.0034090237526143152,145095.29468284608
2015-05-15,0.007171396535114782,0.0,0.0,0.007171396535114782,146135.8305763961
2015-05-18,-0.006745302679904475,0.0,0.0,-0.006745302679904475,145150.10016677907
2015-05-19,-0.004434173464494484,0.0,0.0,-0.004434173464494484,144506.47944425084
2015-05-20,0.0021797638739933234,0.0,0.0,0.0021797638739933234,144821.46944770138
2015-05-21,0.005955647925333096,0.0,0.0,0.005955647925333096,145683.97513176128
2015-05-22,-0.002255408001521797,0.0,0.0,-0.002255408001521797,145355.3983285556
2015-05-26,0.006216972075045124,0.0,0.0,0.006216972075045124,146259.06878092128
2015-05-27,-0.0005615197250737891,0.0,0.0,-0.0005615197250737891,146176.9414288299
2015-05-28,0.0009364842209877988,0.0,0.0,0.0009364842209877988,146313.83382795023
2015-05-29,0.0005619544148105504,0.0,0.0,0.0005619544148105504,146396.05553281773
2015-06-01,-0.004412455380789715,0.0,0.0,-0.004412455380789715,145750.08946985553
2015-06-02,-0.006962726584087586,0.0,0.0,-0.006962726584087586,144735.27144727064
2015-06-03,-0.00852776996533755,0.0,0.0,-0.00852776996533755,143501.0023464976
2015-06-04,0.00487381050112301,0.0,0.0,0.00487381050112301,144200.39903865565
2015-06-05,-0.007227118486904938,0.0,0.0,-0.007227118486904938,143158.24566894432
2015-06-08,0.0014365125388611233,0.0,0.0,0.0014365125388611233,143363.89428388912
2015-06-09,-0.003252314425244207,0.0,0.0,-0.003252314425244207,142897.62982245046
2015-06-10,-0.003838598330089482,0.0,0.0,-0.003838598330089482,142349.10321924023
2015-06-11,0.007899567751818104,0.0,0.0,0.007899567751818104,143473.59960453116
2015-06-12,-0.0005730789852217422,0.0,0.0,-0.0005730789852217422,143391.3778996637
2015-06-15,0.00239016965062655,0.0,0.0,0.00239016965062655,143734.107619281
2015-06-16,0.00381654048019886,0.0,0.0,0.00381654048019886,144282.67465939527
2015-06-17,0.0005702390874979812,0.0,0.0,0.0005702390874979812,144364.9502801348
2015-06-18,-0.0007594497527914079,0.0,0.0,-0.0007594497527914079,144255.31235433283
2015-06-19,0.005323832778372228,0.0,0.0,0.005323832778372228,145023.30351469913
2015-06-22,-0.008415937610399382,0.0,0.0,-0.008415937610399382,143802.7964402654
2015-06-23,-0.0030521114139706595,0.0,0.0,-0.0030521114139706595,143363.89428388918
2015-06-24,0.0029657437046111124,0.0,0.0,0.0029657437046111124,143789.07485083016
2015-06-25,-0.002480206065771484,0.0,0.0,-0.002480206065771484,143432.44831519347
2015-06-26,-0.004780943960852602,0.0,0.0,-0.004780943960852602,142746.70581763063
2015-06-29,0.011624662463271873,0.0,0.0,0.011624662463271873,144406.08809050455
2015-06-30,-0.0027536445350222483,0.0,0.0,-0.0027536445350222483,144008.4450552102
