date,gross_return,turnover,transaction_cost,net_return,equity_curve
2008-07-01,0.0,0.0,0.0,0.0,100000.0
2008-07-02,-0.017136867180563953,1.0,0.0005,-0.017636867180563953,98236.3132819436
2008-07-03,0.0010302943348687865,0.0,0.0,0.0010302943348687865,98337.52559899638
2008-07-07,-0.01021290901825711,0.0,0.0,-0.01021290901825711,97333.2133969733
2008-07-08,0.01775717147536149,0.0,0.0,0.01775717147536149,99061.5759575113
2008-07-09,-0.019254979362401614,0.0,0.0,-0.019254979362401614,97154.14735684244
2008-07-10,0.00408685397570796,0.0,0.0,0.00408685397570796,97551.20217022428
2008-07-11,-0.011652112353228161,0.0,0.0,-0.011652112353228161,96414.52460234435
2008-07-14,-0.009044071597237302,0.0,0.0,-0.009044071597237302,95542.54473882714
2008-07-15,-0.014096917517822494,0.0,0.0,-0.014096917517822494,94195.68936620103
2008-07-16,0.024547246876020168,0.0,0.0,0.024547246876020168,96507.93420773007
2008-07-17,0.010003470153429284,0.0,0.0,0.010003470153429284,97473.34844714621
2008-07-18,0.006230322705303548,0.0,0.0,0.006230322705303548,98080.63886313843
2008-07-21,0.0005553630076380323,0.0,0.0,0.0005553630076380323,98135.10922172853
2008-07-22,0.01134492534231768,0.0,0.0,0.01134492534231768,99248.44470930923
2008-07-23,0.005412327564576325,0.0,0.0,0.005412327564576325,99785.60980235077
2008-07-24,-0.020753964619064535,0.0,0.0,-0.020753964619064535,97714.66278702099
2008-07-25,-0.00023871101796268945,0.0,0.0,-0.00023871101796268945,97691.33722039722
2008-07-28,-0.014663990436432406,0.0,0.0,-0.014663990436432406,96258.79238567503
2008-07-29,0.021352762507001355,0.0,0.0,0.021352762507001355,98314.1835186971
2008-07-30,0.017817499316788776,0.0,0.0,0.017817499316788776,100065.89641637214
2008-07-31,-0.013226499702330696,0.0,0.0,-0.013226499702330696,98742.37486720755
2008-08-01,-0.0052826101081031585,0.0,0.0,-0.0052826101081031585,98220.75739963591
2008-08-04,-0.009273949457479835,0.0,0.0,-0.009273949457479835,97309.8630598363
2008-08-05,0.026962249033059438,0.0,0.0,0.026962249033059438,99933.55582102852
2008-08-06,0.004440340087317862,0.0,0.0,0.004440340087317862,100377.29479500886
2008-08-07,-0.014891581047718927,0.0,0.0,-0.014891581047718927,98882.5181742182
2008-08-08,0.01858075187080943,0.0,0.0,0.01858075187080943,100719.82970877415
2008-08-11,0.010358282765035254,0.0,0.0,0.010358282765035254,101763.11418494384
2008-08-12,-0.010404708979717792,0.0,0.0,-0.010404708979717792,100704.29859697972
2008-08-13,-0.006030349921653633,0.0,0.0,-0.006030349921653633,100097.01643782522
2008-08-14,0.0075443845065761295,0.0,0.0,0.0075443845065761295,100852.18681779325
2008-08-15,0.004863364374331214,0.0,0.0,0.004863364374331214,101342.6677502363
2008-08-18,-0.013674100748204299,0.0,0.0,-0.013674100748204299,99956.89790132779
2008-08-19,-0.01090438638706226,0.0,0.0,-0.01090438638706226,98866.92926455957
2008-08-20,0.004646254459474086,0.0,0.0,0.004646254459474086,99326.29017554954
2008-08-21,0.0017243328528511181,0.0,0.0,0.0017243328528511181,99497.56176085107
2008-08-22,0.014475794549241527,0.0,0.0,0.014475794549241527,100937.8680230516
2008-08-25,-0.020285386356428514,0.0,0.0,-0.020285386356428514,98890.30437220981
2008-08-26,0.0029129706598027827,0.0,0.0,0.0029129706598027827,99178.36892738503
2008-08-27,0.0097335381897512,0.0,0.0,0.0097335381897512,100143.72536893697
2008-08-28,0.012127882066335749,0.0,0.0,0.012127882066335749,101358.25665989495
2008-08-29,-0.010753787469935272,0.0,0.0,-0.010753787469935272,100268.2715094513
2008-09-02,-0.006211139717704928,0.0,0.0,-0.006211139717704928,99645.49126585333
2008-09-03,-0.0008593631597781926,0.0,0.0,-0.0008593631597781926,99559.85960162144
2008-09-04,-0.030106317302528107,0.0,0.0,-0.030106317302528107,96562.47887785987
2008-09-05,0.003144204500271419,0.0,0.0,0.003144204500271419,96866.09105850502
2008-09-08,0.02065571330679683,0.0,0.0,0.02065571330679683,98866.92926455957
2008-09-09,-0.029687122357157647,0.0,0.0,-0.029687122357157647,95931.85463840613
2008-09-10,0.004057417523161799,0.0,0.0,0.004057417523161799,96321.09022644542
2008-09-11,0.014467989900232459,0.0,0.0,0.014467989900232459,97714.662787021
2008-09-12,0.004621276308806044,0.0,0.0,0.004621276308806044,98166.22924318165
2008-09-15,-0.047584998775767606,0.0,0.0,-0.047584998775767606,93494.98934482312
2008-09-16,0.01673755122273546,0.0,0.0,0.01673755122273546,95059.8665180512
2008-09-17,-0.044963174243494164,0.0,0.0,-0.044963174243494164,90785.67317623677
2008-09-18,0.029672009022837287,0.0,0.0,0.029672009022837287,93479.46648986642
2008-09-19,0.03971377899018513,0.0,0.0,0.03971377899018513,97191.8893621654
2008-09-22,-0.022639725720981052,0.0,0.0,-0.022639725720981052,94991.49164470204
2008-09-23,-0.022751190069002947,0.0,0.0,-0.022751190069002947,92830.3221633553
2008-09-24,0.0032045278231251917,0.0,0.0,0.0032045278231251917,93127.79951355745
2008-09-25,0.015639775970465175,0.0,0.0,0.015639775970465175,94584.29743457188
2008-09-26,0.0004967146559369251,0.0,0.0,0.0004967146559369251,94631.27884132914
2008-09-29,-0.07836150535046849,0.0,0.0,-0.07836150535046849,87215.82937808265
2008-09-30,0.04139001734473258,0.0,0.0,0.04139001734473258,90825.69406877672
2008-10-01,0.0006034513636201666,0.0,0.0,0.0006034513636201666,90880.50295771427
2008-10-02,-0.03627446419888403,0.0,0.0,-0.03627446419888403,87583.8614067981
2008-10-03,-0.01349996615581106,0.0,0.0,-0.01349996615581106,86401.48224201107
2008-10-06,-0.05093378072394028,0.0,0.0,-0.05093378072394028,82000.72809127306
2008-10-07,-0.044786301343103685,0.0,0.0,-0.044786301343103685,78328.2187726234
2008-10-08,-0.025192624398524766,0.0,0.0,-0.025192624398524766,76354.92537727923
2008-10-09,-0.06983871710751843,0.0,0.0,-0.06983871710751843,71022.39534408975
2008-10-10,-0.024255706407820044,0.0,0.0,-0.024255706407820044,69299.69697424337
2008-10-13,0.14519790106215802,0.0,0.0,0.14519790106215802,79361.8675191471
2008-10-14,-0.014800262264954567,0.0,0.0,-0.014800262264954567,78187.29106602714
2008-10-15,-0.098447747317438,0.0,0.0,-0.098447747317438,70489.92839172392
2008-10-16,0.041657071357938946,0.0,0.0,0.041657071357938946,73426.33236875398
2008-10-17,-0.005971466101024947,0.0,0.0,-0.005971466101024947,72987.86951409138
2008-10-20,0.06007938289224679,0.0,0.0,0.06007938289224679,77372.93567311781
2008-10-21,-0.029855494281100237,0.0,0.0,-0.029855494281100237,75062.9284346171
2008-10-22,-0.05445395348059545,0.0,0.0,-0.05445395348059545,70975.4552215212
2008-10-23,0.011584045111419083,0.0,0.0,0.011584045111419083,71797.63809661081
2008-10-24,-0.05071475171688644,0.0,0.0,-0.05071475171688644,68156.43870668233
2008-10-27,-0.03550074534695735,0.0,0.0,-0.03550074534695735,65736.83433240089
2008-10-28,0.11685514135051767,0.0,0.0,0.11685514135051767,73418.52140024914
2008-10-29,-0.0072519257814323,0.0,0.0,-0.0072519257814323,72886.09573207205
2008-10-30,0.03459323408284387,0.0,0.0,0.03459323408284387,75407.46150311618
2008-10-31,0.005504050322745702,0.0,0.0,0.005504050322745702,75822.50796593985
2008-11-03,0.002891213281591254,0.0,0.0,0.002891213281591254,76041.72700801452
2008-11-04,0.03398223973255576,0.0,0.0,0.03398223973255576,78625.79520487844
2008-11-05,-0.04202779793178413,0.0,0.0,-0.04202779793178413,75321.32617178197
2008-11-06,-0.055411043950882144,0.0,0.0,-0.055411043950882144,71147.69285683864
2008-11-07,0.03301809333163597,0.0,0.0,0.03301809333163597,73496.8540199163
2008-11-10,-0.013104780273334393,0.0,0.0,-0.013104780273334393,72533.69389720395
2008-11-11,-0.03087567654697121,0.0,0.0,-0.03087567654697121,70294.16702567687
2008-11-12,-0.04400114454200643,0.0,0.0,-0.04400114454200643,67201.14322192012
2008-11-13,0.062339600293530584,0.0,0.0,0.062339600293530584,71390.43562964292
2008-11-14,-0.049906548757723046,0.0,0.0,-0.049906548757723046,67827.58537305707
2008-11-17,-0.013276233374807656,0.0,0.0,-0.013276233374807656,66927.09052039467
2008-11-18,0.018836907288138915,0.0,0.0,0.018836907288138915,68187.78991959222
2008-11-19,-0.06407908512386629,0.0,0.0,-0.06407908512386629,63818.37872492636
2008-11-20,-0.07423347054108764,0.0,0.0,-0.07423347054108764,59080.91898786957
2008-11-21,0.05394322855502143,0.0,0.0,0.05394322855502143,62267.93450407292
2008-11-24,0.06929078478760786,0.0,0.0,0.06929078478760786,66582.5285529635
2008-11-25,0.007409108168899392,0.0,0.0,0.007409108168899392,67075.84570917123
2008-11-26,0.03864145188029178,0.0,0.0,0.03864145188029178,69667.75377347205
2008-11-28,0.012588083577963038,0.0,0.0,0.012588083577963038,70544.73728066146
2008-12-01,-0.0885777235317885,0.0,0.0,-0.0885777235317885,64296.045045192375
2008-12-02,0.038484560047854055,0.0,0.0,0.038484560047854055,66770.4500515736
2008-12-03,0.024041308395139183,0.0,0.0,0.024041308395139183,68375.69903294572
2008-12-04,-0.023133158638345197,0.0,0.0,-0.023133158638345197,66793.95314020885
2008-12-05,0.030832067911963357,0.0,0.0,0.030832067911963357,68853.34883953627
2008-12-08,0.0349145917549083,0.0,0.0,0.0349145917549083,71257.33540522696
2008-12-09,-0.016483934137495493,0.0,0.0,-0.016483934137495493,70082.73418159377
2008-12-10,0.006815748926523479,0.0,0.0,0.006815748926523479,70560.4005018598
2008-12-11,-0.024081721634512276,0.0,0.0,-0.024081721634512276,68861.18457855431
2008-12-12,0.011940313898323396,0.0,0.0,0.011940313898323396,69683.40873783264
2008-12-15,-0.013934627955114243,0.0,0.0,-0.013934627955114243,68712.39636242679
2008-12-16,0.04706605888718873,0.0,0.0,0.04706605888718873,71946.41805590062
2008-12-17,-0.00968651604465498,0.0,0.0,-0.00968651604465498,71249.50792304668
2008-12-18,-0.01868387531011162,0.0,0.0,-0.01868387531011162,69918.29100110567
2008-12-19,-0.004301525544743723,0.0,0.0,-0.004301525544743723,69617.53568631959
2008-12-22,-0.01281308037560569,0.0,0.0,-0.01281308037560569,68725.52060601917
2008-12-23,-0.010337879014965856,0.0,0.0,-0.010337879014965856,68015.0444887536
2008-12-24,0.005803697893048021,0.0,0.0,0.005803697893048021,68409.78325914855
2008-12-26,0.005769304115710527,0.0,0.0,0.005769304115710527,68804.46010326043
2008-12-29,-0.0028679250807749357,0.0,0.0,-0.0028679250807749357,68607.1340664611
2008-12-30,0.023702543088298222,0.0,0.0,0.023702543088298222,70233.29761783605
2008-12-31,0.014274265328188207,0.0,0.0,0.014274265328188207,71235.82634290666
2009-01-02,0.030142005298177565,0.0,0.0,0.030142005298177565,73383.0169979546
2009-01-05,-0.0011832288894176868,0.0,0.0,-0.0011832288894176868,73296.18809225
2009-01-06,0.006677346666322803,0.0,0.0,0.006677346666322803,73785.61214946196
2009-01-07,-0.029956008658613253,0.0,0.0,-0.029956008658613253,71575.2897130316
2009-01-08,0.004080470589972407,0.0,0.0,0.004080470589972407,71867.35057767438
2009-01-09,-0.021419281753864317,0.0,0.0,-0.021419281753864317,70328.00354674744
2009-01-12,-0.024020413388972206,0.0,0.0,-0.024020413388972206,68638.69582873346
2009-01-13,0.0018401405421322181,0.0,0.0,0.0018401405421322181,68765.00067568698
2009-01-14,-0.03145445098963784,0.0,0.0,-0.03145445098963784,66602.03533213117
2009-01-15,0.0003553678993752918,0.0,0.0,0.0003553678993752918,66625.70355752126
2009-01-16,0.00781977790735211,0.0,0.0,0.00781977790735211,67146.70176226216
2009-01-20,-0.05278616481974119,0.0,0.0,-0.05278616481974119,63602.28489593739
2009-01-21,0.04319235527377141,0.0,0.0,0.04319235527377141,66349.41738138635
2009-01-22,-0.015467053341444603,0.0,0.0,-0.015467053341444603,65323.187403574666
2009-01-23,0.004350428274118245,0.0,0.0,0.004350428274118245,65607.3712450107
2009-01-26,0.006858446255346928,0.0,0.0,0.006858446255346928,66057.3358746492
2009-01-27,0.010157719960916634,0.0,0.0,0.010157719960916634,66728.3277938281
2009-01-28,0.03383389939398018,0.0,0.0,0.03383389939398018,68986.00732313302
2009-01-29,-0.03249754593513321,0.0,0.0,-0.03249754593513321,66744.13138126807
2009-01-30,-0.02034298765212783,0.0,0.0,-0.02034298765212783,65386.35634072694
2009-02-02,-0.0030189206275925695,0.0,0.0,-0.0030189206275925695,65188.96012080679
2009-02-03,0.01404729752708267,0.0,0.0,0.01404729752708267,66104.6888391049
2009-02-04,-0.004895670201575109,0.0,0.0,-0.004895670201575109,65781.06208377088
2009-02-05,0.014880519411728077,0.0,0.0,0.014880519411728077,66759.91845503253
2009-02-06,0.02849688513012949,0.0,0.0,0.02849688513012949,68662.3681825424
2009-02-09,0.0013796596582968945,0.0,0.0,0.0013796596582968945,68757.09888196699
2009-02-10,-0.04580949004790513,0.0,0.0,-0.04580949004790513,65607.37124501068
2009-02-11,0.005896116739575019,0.0,0.0,0.005896116739575019,65994.1999648479
2009-02-12,0.0007172819854686097,0.0,0.0,0.0007172819854686097,66041.5364156281
2009-02-13,-0.010757519108027247,0.0,0.0,-0.010757519108027247,65331.093325713504
2009-02-17,-0.04277420302722479,0.0,0.0,-0.04277420302722479,62536.60787580887
2009-02-18,-0.002398230506207688,0.0,0.0,-0.002398230506207688,62386.63067504636
2009-02-19,-0.010756107911672919,0.0,0.0,-0.010756107911672919,61715.593343259876
2009-02-20,-0.009720605425151185,0.0,0.0,-0.009720605425151185,61115.68041179096
2009-02-23,-0.03577880405599887,0.0,0.0,-0.03577880405599887,58929.034457588445
2009-02-24,0.037909986803975615,0.0,0.0,0.037909986803975615,61163.03337624665
2009-02-25,-0.007873036221163976,0.0,0.0,-0.007873036221163976,60681.49459907919
2009-02-26,-0.016261269955545776,0.0,0.0,-0.016261269955545776,59694.73643409758
2009-02-27,-0.02234854161636801,0.0,0.0,-0.02234854161636801,58360.646132622016
2009-03-02,-0.045042772450168966,0.0,0.0,-0.045042772450168966,55731.92082882549
2009-03-03,-0.007506974291052071,0.0,0.0,-0.007506974291052071,55313.54273197254
2009-03-04,0.023690650689243586,0.0,0.0,0.023690650689243586,56623.95655122025
2009-03-05,-0.040847493068503105,0.0,0.0,-0.040847493068503105,54311.00987848306
2009-03-06,0.0017441504258097762,0.0,0.0,0.0017441504258097762,54405.73644948877
2009-03-09,-0.011752915597077584,0.0,0.0,-0.011752915597077584,53766.310421001086
2009-03-10,0.05960918382460956,0.0,0.0,0.05960918382460956,56971.27630245756
2009-03-11,0.006513001909233207,0.0,0.0,0.006513001909233207,57342.330333786915
2009-03-12,0.03937209689597121,0.0,0.0,0.03937209689597121,59600.01811992956
2009-03-13,0.007814415713921052,0.0,0.0,0.007814415713921052,60065.75743807592
2009-03-16,-0.003022611958194421,0.0,0.0,-0.003022611958194421,59884.20196136558
2009-03-17,0.030582212368393424,0.0,0.0,0.030582212368393424,61715.593343259825
2009-03-18,0.022384357553559164,0.0,0.0,0.022384357553559164,63097.057251285405
2009-03-19,-0.012385637954540618,0.0,0.0,-0.012385637954540618,62315.559944174056
2009-03-20,-0.021293678431555496,0.0,0.0,-0.021293678431555496,60988.63244944049
2009-03-23,0.07182844995887394,0.0,0.0,0.07182844995887394,65369.35138339529
2009-03-24,-0.019703748745104832,0.0,0.0,-0.019703748745104832,64081.330108106406
2009-03-25,0.010546641435386972,0.0,0.0,0.010546641435386972,64757.17291945927
2009-03-26,0.02038033603583589,0.0,0.0,0.02038033603583589,66076.94586428859
2009-03-27,-0.01804804732006504,0.0,0.0,-0.01804804732006504,64884.386018564524
2009-03-30,-0.03455420989452995,0.0,0.0,-0.03455420989452995,62642.35732520134
2009-03-31,0.009264867251679743,0.0,0.0,0.009264867251679743,63222.73045015161
2009-04-01,0.019365705826617896,0.0,0.0,0.019365705826617896,64447.08324960481
2009-04-02,0.02923776713984738,0.0,0.0,0.02923776713984738,66331.37206249911
2009-04-03,0.009948518131804862,0.0,0.0,0.009948518131804862,66991.27092017038
2009-04-06,-0.007832939202836453,0.0,0.0,-0.007832939202836453,66466.53236793196
2009-04-07,-0.023325199669187557,0.0,0.0,-0.023325199669187557,64916.187229131414
2009-04-08,0.010777828478033102,0.0,0.0,0.010777828478033102,65615.84276053488
2009-04-09,0.03974254449782544,0.0,0.0,0.03974254449782544,68223.58331120775
2009-04-13,0.00023351995969367323,0.0,0.0,0.00023351995969367323,68239.51487963274
2009-04-14,-0.0172433496985005,0.0,0.0,-0.0172433496985005,67062.83706130722
2009-04-15,0.010669719901153618,0.0,0.0,0.010669719901153618,67778.37874852806
2009-04-16,0.01466269408007248,0.0,0.0,0.01466269408007248,68772.19238136102
2009-04-17,0.006705690397064812,0.0,0.0,0.006705690397064812,69233.3574113978
2009-04-20,-0.04191599912820232,0.0,0.0,-0.04191599912820232,66331.37206249913
2009-04-21,0.019537355287378766,0.0,0.0,0.019537355287378766,67627.31164518348
2009-04-22,-0.006112903405992465,0.0,0.0,-0.006112903405992465,67213.91242148953
2009-04-23,0.009817952300588795,0.0,0.0,0.009817952300588795,67873.81540757966
2009-04-24,0.01511030719500317,0.0,0.0,0.01511030719500317,68899.40960888514
2009-04-27,-0.00946224936043416,0.0,0.0,-0.00946224936043416,68247.46621437916
2009-04-28,-0.003145215825721359,0.0,0.0,-0.003145215825721359,68032.81320357633
2009-04-29,0.02126888257855608,0.0,0.0,0.02126888257855608,69479.79511909203
2009-04-30,0.0003433228926255083,0.0,0.0,0.0003433228926255083,69503.64912333133
2009-05-01,0.005376404123307754,0.0,0.0,0.005376404123307754,69877.32882906294
2009-05-04,0.03401940100189482,0.0,0.0,0.03401940100189482,72254.51369944011
2009-05-05,-0.0034108608629770387,0.0,0.0,-0.0034108608629770387,72008.06360648925
2009-05-06,0.017334321596711888,0.0,0.0,0.017334321596711888,73256.27453860061
2009-05-07,-0.01389137637303961,0.0,0.0,-0.01389137637303961,72238.6440572982
2009-05-08,0.023332405221747843,0.0,0.0,0.023332405221747843,73924.14537311268
2009-05-11,-0.018713779232670924,0.0,0.0,-0.018713779232670924,72540.74523663639
2009-05-12,-0.0029590681775135685,0.0,0.0,-0.0029590681775135685,72326.09222583353
2009-05-13,-0.025173470886995286,0.0,0.0,-0.025173470886995286,70505.39344881638
2009-05-14,0.008570527498963365,0.0,0.0,0.008570527498963365,71109.6618621947
2009-05-15,-0.008161663404826713,0.0,0.0,-0.008161663404826713,70529.28873724442
2009-05-18,0.0284069457411531,0.0,0.0,0.0284069457411531,72532.81041556544
2009-05-19,-0.0012057498513018405,0.0,0.0,-0.0012057498513018405,72445.35399019237
2009-05-20,-0.006694906976683179,0.0,0.0,-0.006694906976683179,71960.33908433515
2009-05-21,-0.014362882866591709,0.0,0.0,-0.014362882866591709,70926.78116302662
2009-05-22,-0.0021297857315648594,0.0,0.0,-0.0021297857315648594,70775.72231651978
2009-05-26,0.02561232678754477,0.0,0.0,0.02561232678754477,72588.45324511502
2009-05-27,-0.017853417589224985,0.0,0.0,-0.017853417589224985,71292.50127717404
2009-05-28,0.013940119932469797,0.0,0.0,0.013940119932469797,72286.3272952636
2009-05-29,0.017708384377209896,0.0,0.0,0.017708384377209896,73566.40136422493
2009-06-01,0.024207511878833854,0.0,0.0,0.024207511878833854,75347.26089913247
2009-06-02,0.0008446717845214113,0.0,0.0,0.0008446717845214113,75410.90460445493
2009-06-03,-0.01265182884408067,0.0,0.0,-0.01265182884408067,74456.81874642207
2009-06-04,0.009396740483465837,0.0,0.0,0.009396740483465837,75156.47014940665
2009-06-05,0.00021159415099281098,0.0,0.0,0.00021159415099281098,75172.37281889953
2009-06-08,-0.004124773718492403,0.0,0.0,-0.004124773718492403,74862.30379113943
2009-06-09,0.005097883420480009,0.0,0.0,0.005097883420480009,75243.94308845521
2009-06-10,-0.002535958542399963,0.0,0.0,-0.002535958542399963,75053.12756821618
2009-06-11,0.004449155455859222,0.0,0.0,0.004449155455859222,75387.0506002156
2009-06-12,0.002742310539560977,0.0,0.0,0.002742310539560977,75593.785303623
2009-06-15,-0.02292782482705369,0.0,0.0,-0.02292782482705369,73860.58423616762
2009-06-16,-0.013563419971685975,0.0,0.0,-0.013563419971685975,72858.7821128184
2009-06-17,-0.0009818616250535372,0.0,0.0,-0.0009818616250535372,72787.2448706137
2009-06-18,0.007318451027124251,0.0,0.0,0.007318451027124251,73319.93475759857
2009-06-19,0.0036856250151324765,0.0,0.0,0.0036856250151324765,73590.16454324906
2009-06-22,-0.029987098088746666,0.0,0.0,-0.029987098088746666,71383.40906072364
2009-06-23,0.0007841192203594805,0.0,0.0,0.0007841192203594805,71439.38216378294
2009-06-24,0.008617859981128406,0.0,0.0,0.008617859981128406,72055.03675640874
2009-06-25,0.02174862900811081,0.0,0.0,0.02174862900811081,73622.13501898966
2009-06-26,-0.0026067388511530343,0.0,0.0,-0.0026067388511530343,73430.22133933082
2009-06-29,0.009364617842137157,0.0,0.0,0.009364617842137157,74117.86730023721
2009-06-30,-0.00809053016394723,0.0,0.0,-0.00809053016394723,73518.2144591572
2009-07-01,0.00413244999196416,0.0,0.0,0.00413244999196416,73822.02480390816
2009-07-02,-0.027293234075041473,0.0,0.0,-0.027293234075041473,71807.18300104157
2009-07-06,-0.00011142166338395931,0.0,0.0,-0.00011142166338395931,71799.18212526868
2009-07-07,-0.019376189952670986,0.0,0.0,-0.019376189952670986,70407.98753396305
2009-07-08,-0.0006816981919341991,0.0,0.0,-0.0006816981919341991,70359.99053616343
2009-07-09,0.0019318374247674353,0.0,0.0,0.0019318374247674353,70495.91459908747
2009-07-10,-0.0023816208303627517,0.0,0.0,-0.0023816208303627517,70328.02006042282
2009-07-13,0.02432882980772999,0.0,0.0,0.02432882980772999,72039.01849118745
2009-07-14,0.0056604350990989705,0.0,0.0,0.0056604350990989705,72446.79067995961
2009-07-15,0.02924611447002823,0.0,0.0,0.02924611447002823,74565.57781317188
2009-07-16,-0.0016081690514216929,0.0,0.0,-0.0016081690514216929,74445.66375863137
2009-07-17,0.010954783388737122,0.0,0.0,0.010954783388737122,75261.19987933793
2009-07-20,0.010623789428761299,0.0,0.0,0.010623789428761299,76060.75901901194
2009-07-21,0.00462502053061864,0.0,0.0,0.00462502053061864,76412.5415910493
2009-07-22,-0.00020941263322227233,0.0,0.0,-0.00020941263322227233,76396.5398395035
2009-07-23,0.02208317779008917,0.0,0.0,0.02208317779008917,78083.6182113269
2009-07-24,0.004095341331139757,0.0,0.0,0.004095341331139757,78403.39728027268
2009-07-27,0.0029574837619050776,0.0,0.0,0.0029574837619050776,78635.27405460727
2009-07-28,-0.004677090885799595,0.0,0.0,-0.004677090885799595,78267.48973102412
2009-07-29,-0.0024514954565364455,0.0,0.0,-0.0024514954565364455,78075.61733555401
2009-07-30,0.01044535914924416,0.0,0.0,0.01044535914924416,78891.14519942281
2009-07-31,0.0014188911695716122,0.0,0.0,0.0014188911695716122,79003.08314870366
2009-08-03,0.016496413484624828,0.0,0.0,0.016496413484624828,80306.35067488487
2009-08-04,0.0025889256904298996,0.0,0.0,0.0025889256904298996,80514.25784925176
2009-08-05,-0.002879844187733571,0.0,0.0,-0.002879844187733571,80282.38933175491
2009-08-06,-0.005179293931795725,0.0,0.0,-0.005179293931795725,79866.5832398589
2009-08-07,0.013114635801224184,0.0,0.0,0.013114635801224184,80914.00439173779
2009-08-10,-0.0020756893419306977,0.0,0.0,-0.0020756893419306977,80746.05205520893
2009-08-11,-0.012476154978451892,0.0,0.0,-0.012476154978451892,79738.65179587
2009-08-12,0.010728789565848107,0.0,0.0,0.010728789565848107,80594.15101125232
2009-08-13,0.007639358591801759,0.0,0.0,0.007639358591801759,81209.8386312291
2009-08-14,-0.007679352221781066,0.0,0.0,-0.007679352221781066,80586.19967650589
2009-08-17,-0.024605901576188804,0.0,0.0,-0.024605901576188804,78603.30357886669
2009-08-18,0.007934109422452096,0.0,0.0,0.007934109422452096,79226.95079042764
2009-08-19,0.008779806476369556,0.0,0.0,0.008779806476369556,79922.54808608045
2009-08-20,0.01030377520298198,0.0,0.0,0.01030377520298198,80746.05205520894
2009-08-21,0.019606219057713314,0.0,0.0,0.019606219057713314,82329.17683984888
2009-08-24,-9.698095382326688e-05,0.0,0.0,-9.698095382326688e-05,82321.19247775147
2009-08-25,0.0019428162088845902,0.0,0.0,0.0019428162088845902,82481.12742483195
2009-08-26,9.700250254440768e-05,0.0,0.0,9.700250254440768e-05,82489.12830060485
2009-08-27,0.0022287391438302606,0.0,0.0,0.0022287391438302606,82672.97504978885
2009-08-28,-0.0001932551843324415,0.0,0.0,-0.0001932551843324415,82656.99806875628
2009-08-31,-0.008899148543867863,0.0,0.0,-0.008899148543867863,81921.42116475222
2009-09-01,-0.02205732798771498,0.0,0.0,-0.02205732798771498,80114.45350890154
2009-09-02,-0.0037924100473667455,0.0,0.0,-0.0037924100473667455,79810.62665047508
2009-09-03,0.008315225195437481,0.0,0.0,0.008315225195437481,80474.26998406276
2009-09-04,0.014008074178112784,0.0,0.0,0.014008074178112784,81601.559527429
2009-09-08,0.008622968930093178,0.0,0.0,0.008622968930093178,82305.20723988116
2009-09-09,0.007674460808936301,0.0,0.0,0.007674460808936301,82936.855327215
2009-09-10,0.010218796576517919,0.0,0.0,0.010218796576517919,83784.37018049991
2009-09-11,-0.00019128295676740237,0.0,0.0,-0.00019128295676740237,83768.34365844089
2009-09-14,0.004868151159203249,0.0,0.0,0.004868151159203249,84176.14061772627
2009-09-15,0.004179026415539244,0.0,0.0,0.004179026415539244,84527.9149329259
2009-09-16,0.015134425278952257,0.0,0.0,0.015134425278952257,85807.1963454639
2009-09-17,-0.0014906287458771317,0.0,0.0,-0.0014906287458771317,85679.28967198823
2009-09-18,0.0006372889901749001,0.0,0.0,0.0006372889901749001,85733.8921399822
2009-09-21,-0.0025300044368977703,0.0,0.0,-0.0025300044368977703,85516.98501247552
2009-09-22,0.0058243075699391245,0.0,0.0,0.0058243075699391245,86015.06223564205
2009-09-23,-0.00831202770279127,0.0,0.0,-0.00831202770279127,85300.10265548209
2009-09-24,-0.011018944821933219,0.0,0.0,-0.011018944821933219,84360.18553101609
2009-09-25,-0.005332676128600888,0.0,0.0,-0.005332676128600888,83910.3199834305
2009-09-28,0.017903227790337484,0.0,0.0,0.017903227790337484,85412.58555605395
2009-09-29,-0.0030103049291955175,0.0,0.0,-0.0030103049291955175,85155.46762873924
2009-09-30,-0.0038676171132748793,0.0,0.0,-0.0038676171132748793,84826.1188848494
2009-10-01,-0.02481301538851788,0.0,0.0,-0.02481301538851788,82721.32709161138
2009-10-02,-0.004661465102045015,0.0,0.0,-0.004661465102045015,82335.72451217899
2009-10-05,0.014928263367691041,0.0,0.0,0.014928263367691041,83564.85389226646
2009-10-06,0.014324228053733457,0.0,0.0,0.014324228053733457,84761.8559166962
2009-10-07,0.002748192614285827,0.0,0.0,0.002748192614285827,84994.79782309962
2009-10-08,0.007656208531137132,0.0,0.0,0.007656208531137132,85645.5357192951
2009-10-09,0.006096977830223338,0.0,0.0,0.006096977830223338,86167.71465183324
2009-10-12,0.003915705770894062,0.0,0.0,0.003915705770894062,86505.12206936018
2009-10-13,-0.002042897506926211,0.0,0.0,-0.002042897506926211,86328.40097114834
2009-10-14,0.017215342565642944,0.0,0.0,0.017215342565642944,87814.57396701085
2009-10-15,0.0036598612028384547,0.0,0.0,0.0036598612028384547,88135.9631193165
2009-10-16,-0.007474494814648236,0.0,0.0,-0.007474494814648236,87477.19131999713
2009-10-19,0.008265125869376666,0.0,0.0,0.008265125869376666,88200.20131695646
2009-10-20,-0.005282585414076668,0.0,0.0,-0.005282585414076668,87734.27621996088
2009-10-21,-0.00897394427880227,0.0,0.0,-0.00897394427880227,86946.9537138219
2009-10-22,0.010163531000122683,0.0,0.0,0.010163531000122683,87830.64177325857
2009-10-23,-0.011432670741752471,0.0,0.0,-0.011432670741752471,86826.50296482809
2009-10-26,-0.01082551827936662,0.0,0.0,-0.01082551827936662,85886.56106984886
2009-10-27,-0.004583694606479893,0.0,0.0,-0.004583694606479893,85492.8833031039
2009-10-28,-0.018887326022156037,0.0,0.0,-0.018887326022156037,83878.15134358403
2009-10-29,0.021454174574147666,0.0,0.0,0.021454174574147666,85677.68784546606
2009-10-30,-0.028973532111851164,0.0,0.0,-0.028973532111851164,83195.30260540628
2009-11-02,0.007338877371890762,0.0,0.0,0.007338877371890762,83805.8627291447
2009-11-03,0.0031635860701324514,0.0,0.0,0.0031635860701324514,84070.98978907007
2009-11-04,0.0025799490551154936,0.0,0.0,0.0025799490551154936,84287.888659739
2009-11-05,0.018394920266964432,0.0,0.0,0.018394920266964432,85838.35765110567
2009-11-06,0.0026204226169732614,0.0,0.0,0.0026204226169732614,86063.29042489847
2009-11-09,0.02277614281499818,0.0,0.0,0.02277614281499818,88023.48021874462
2009-11-10,0.00018225859389597865,0.0,0.0,0.00018225859389597865,88039.52325447912
2009-11-11,0.0051100948922497835,0.0,0.0,0.0051100948922497835,88489.41357257795
2009-11-12,-0.010168042551035428,0.0,0.0,-0.010168042551035428,87589.6494500558
2009-11-13,0.005411601568041879,0.0,0.0,0.005411601568041879,88063.64973436396
2009-11-16,0.014504560574605474,0.0,0.0,0.014504560574605474,89340.9742763569
2009-11-17,0.0011688279401540491,0.0,0.0,0.0011688279401540491,89445.39850329167
2009-11-18,-0.0006287335380925629,0.0,0.0,-0.0006287335380925629,89389.1611814246
2009-11-19,-0.013031405559003506,0.0,0.0,-0.013031405559003506,88224.29476949033
2009-11-20,-0.0035512407208686536,0.0,0.0,-0.0035512407208686536,87910.989061335
2009-11-23,0.012702106395074741,0.0,0.0,0.012702106395074741,89027.64379768833
2009-11-24,0.0015342747595525896,0.0,0.0,0.0015342747595525896,89164.23666446956
2009-11-25,0.0035135268282617815,0.0,0.0,0.0035135268282617815,89477.51760211165
2009-11-27,-0.016250309824562215,0.0,0.0,-0.016250309824562215,88023.48021874462
2009-11-30,0.0033768024300895316,0.0,0.0,0.0033768024300895316,88320.71812065222
2009-12-01,0.012370384968190207,0.0,0.0,0.012370384968190207,89413.2794044717
2009-12-02,-0.00044934905334736985,0.0,0.0,-0.00044934905334736985,89373.10163201462
2009-12-03,-0.007820396129684992,0.0,0.0,-0.007820396129684992,88674.16857391367
2009-12-04,0.005707909775545028,0.0,0.0,0.005707909775545028,89180.31272755505
2009-12-07,-0.001531370457123371,0.0,0.0,-0.001531370457123371,89043.74463128705
2009-12-08,-0.011097116413270713,0.0,0.0,-0.011097116413270713,88055.61583124011
2009-12-09,0.0037403293091355927,0.0,0.0,0.0037403293091355927,88384.97283196768
2009-12-10,0.005635222259735118,0.0,0.0,0.005635222259735118,88883.04179829647
2009-12-11,0.004248298618271917,0.0,0.0,0.004248298618271917,89260.64350195597
2009-12-14,0.006839731550180028,0.0,0.0,0.006839731550180028,89871.16234150567
2009-12-15,-0.004647730115606152,0.0,0.0,-0.004647730115606152,89453.46543376653
2009-12-16,0.0015265096989856008,0.0,0.0,0.0015265096989856008,89590.01701635905
2009-12-17,-0.012015498410519854,0.0,0.0,-0.012015498410519854,88513.54830930053
2009-12-18,0.0056570737208758715,0.0,0.0,0.0056570737208758715,89014.27597738257
2009-12-21,0.010162444388913006,0.0,0.0,0.010162444388913006,89918.87860682207
2009-12-22,0.0035930364017957572,0.0,0.0,0.0035930364017957572,90241.96041086504
2009-12-23,0.0019691910624966003,0.0,0.0,0.0019691910624966003,90419.6640727683
2009-12-24,0.004734138790451814,0.0,0.0,0.004734138790451814,90847.72331187481
2009-12-28,0.002133562173592285,0.0,0.0,0.002133562173592285,91041.55257788999
2009-12-29,-0.001419437211420349,0.0,0.0,-0.001419437211420349,90912.32481037546
2009-12-30,-0.0003553864248380112,0.0,0.0,-0.0003553864248380112,90880.01580428738
2009-12-31,-0.009598208789841967,0.0,0.0,-0.009598208789841967,90007.73043777369
2010-01-04,0.0169600145601414,0.0,0.0,0.0169600145601414,91534.26285652362
2010-01-05,0.002646701559119391,0.0,0.0,0.002646701559119391,91776.52673273883
2010-01-06,0.0007040799480710902,0.0,0.0,0.0007040799480710902,91841.14474491496
2010-01-07,0.004221147795823166,0.0,0.0,0.004221147795823166,92228.81979062084
2010-01-08,0.003327665469441188,0.0,0.0,0.003327665469441188,92535.72644952539
2010-01-11,0.0013966960237841164,0.0,0.0,0.0013966960237841164,92664.97073071542
2010-01-12,-0.00932609070664614,0.0,0.0,-0.00932609070664614,91800.76880835205
2010-01-13,0.00844636846540392,0.0,0.0,0.00844636846540392,92576.15192711474
2010-01-14,0.002704766359149513,0.0,0.0,0.002704766359149513,92826.54878850673
2010-01-15,-0.011224575568262396,0.0,0.0,-0.011224575568262396,91784.61017688914
2010-01-19,0.012495913619355647,0.0,0.0,0.012495913619355647,92931.54273724578
2010-01-20,-0.010168989154339836,0.0,0.0,-0.010168989154339836,91986.52288705466
2010-01-21,-0.019229043050278616,0.0,0.0,-0.019229043050278616,90217.71007841403
2010-01-22,-0.022291831252384098,0.0,0.0,-0.022291831252384098,88206.59210936952
2010-01-25,0.005127936785431997,0.0,0.0,0.005127936785431997,88658.90993776475
2010-01-26,-0.004190494461769334,0.0,0.0,-0.004190494461769334,88287.38526668404
2010-01-27,0.004757197919054379,0.0,0.0,0.004757197919054379,88707.38583215346
2010-01-28,-0.011472604939206987,0.0,0.0,-0.011472604939206987,87689.68103931136
2010-01-29,-0.010868576540100316,0.0,0.0,-0.010868576540100316,86736.61902915862
2010-02-01,0.015550952167399767,0.0,0.0,0.015550952167399767,88085.45604284304
2010-02-02,0.012103373179856325,0.0,0.0,0.012103373179856325,89151.58718904741
2010-02-03,-0.004982540085932574,0.0,0.0,-0.004982540085932574,88707.38583215348
2010-02-04,-0.03086636708724322,0.0,0.0,-0.03086636708724322,85969.31109770852
2010-02-05,0.0020670592753881945,0.0,0.0,0.0020670592753881945,86147.01475961176
2010-02-08,-0.007219112821640894,0.0,0.0,-0.007219112821640894,85525.10974081456
2010-02-09,0.0125603211787495,0.0,0.0,0.0125603211787495,86599.33258800699
2010-02-10,-0.001958296736636167,0.0,0.0,-0.001958296736636167,86429.74539760503
2010-02-11,0.010465665812320779,0.0,0.0,0.010465665812320779,87334.29022918033
2010-02-12,-0.0008318830451287118,0.0,0.0,-0.0008318830451287118,87261.63831388034
2010-02-16,0.015734724119780052,0.0,0.0,0.015734724119780052,88634.67611898926
2010-02-17,0.004738278666380991,0.0,0.0,0.004738278666380991,89054.65191394546
2010-02-18,0.005894916575526432,0.0,0.0,0.005894916575526432,89579.62165764072
2010-02-19,0.0020743572027432933,0.0,0.0,0.0020743572027432933,89765.44179104526
2010-02-22,0.00017964156127558972,0.0,0.0,0.00017964156127558972,89781.5673951572
2010-02-23,-0.012145009537777862,0.0,0.0,-0.012145009537777862,88691.16940282637
2010-02-24,0.009198120716746194,0.0,0.0,0.009198120716746194,89506.96148550295
2010-02-25,-0.0013537393278294507,0.0,0.0,-0.0013537393278294507,89385.79239162552
2010-02-26,0.0006327553521172646,0.0,0.0,0.0006327553521172646,89442.35173016456
2010-03-01,0.010384749844426722,0.0,0.0,0.010384749844426722,90371.18817837954
2010-03-02,0.0027707598675998923,0.0,0.0,0.0027707598675998923,90621.58503977153
2010-03-03,0.0008907242765552326,0.0,0.0,0.0008907242765552326,90702.30388554637
2010-03-04,0.0030279157776604837,0.0,0.0,0.0030279157776604837,90976.94282255156
2010-03-05,0.014293394961290229,0.0,0.0,0.014293394961290229,92277.31219868502
2010-03-08,0.000174572601353562,0.0,0.0,0.000174572601353562,92293.42128912146
2010-03-09,0.0016628470478627921,0.0,0.0,0.0016628470478627921,92446.89113224923
2010-03-10,0.00445598426066085,0.0,0.0,0.00445598426066085,92858.83302408157
2010-03-11,0.004175241712937483,0.0,0.0,0.004175241712937483,93246.54109713841
2010-03-12,8.606910445885241e-05,0.0,0.0,8.606910445885241e-05,93254.56674342453
2010-03-15,0.0002602215309543965,0.0,0.0,0.0002602215309543965,93278.833589551
2010-03-16,0.007965894443223931,0.0,0.0,0.007965894443223931,94021.8829317124
2010-03-17,0.005927468795100088,0.0,0.0,0.005927468795100088,94579.1947088467
2010-03-18,-0.0005126301971137837,0.0,0.0,-0.0005126301971137837,94530.71055762023
2010-03-19,-0.005061762481396448,0.0,0.0,-0.005061762481396448,94052.21855357992
2010-03-22,0.005346055615974565,0.0,0.0,0.005346055615974565,94555.02694477316
2010-03-23,0.007033438807990899,0.0,0.0,0.007033438807990899,95220.07394077715
2010-03-24,-0.004854465326814661,0.0,0.0,-0.004854465326814661,94757.83139341492
2010-03-25,-0.0016263972508179236,0.0,0.0,-0.0016263972508179236,94603.7175169432
2010-03-26,-0.0006002991371419908,0.0,0.0,-0.0006002991371419908,94546.92698694735
2010-03-29,0.006347797693127877,0.0,0.0,0.006347797693127877,95147.09175196743
2010-03-30,0.0006820885795288945,0.0,0.0,0.0006820885795288945,95211.99049662684
2010-03-31,-0.0034074244945708765,0.0,0.0,-0.0034074244945708765,94887.56282803178
2010-04-01,0.00683754034764017,0.0,0.0,0.00683754034764017,95536.36036735769
2010-04-05,0.008149551772491881,0.0,0.0,0.008149551772491881,96314.93888232691
2010-04-06,0.0023574201855656174,0.0,0.0,0.0023574201855656174,96541.99366341962
2010-04-07,-0.005712358205595458,0.0,0.0,-0.005712358205595458,95990.51121373185
2010-04-08,0.0034639998114502912,0.0,0.0,0.0034639998114502912,96323.02232647722
2010-04-09,0.006567717446025467,0.0,0.0,0.006567717446025467,96955.64472066474
2010-04-12,0.0015891038910307298,0.0,0.0,0.0015891038910307298,97109.71731294775
2010-04-13,0.0007518837267890266,0.0,0.0,0.0007518837267890266,97182.73252910843
2010-04-14,0.011348966904758395,0.0,0.0,0.011348966904758395,98285.65614429527
2010-04-15,0.0008252162149651188,0.0,0.0,0.0008252162149651188,98366.76306144401
2010-04-16,-0.01591229014124451,0.0,0.0,-0.01591229014124451,96801.52258735527
2010-04-19,0.0037701936428296,0.0,0.0,0.0037701936428296,97166.48307243035
2010-04-20,0.008930657897576966,0.0,0.0,0.008930657897576966,98034.24369186092
2010-04-21,-0.0018194914250688754,0.0,0.0,-0.0018194914250688754,97855.87122610047
2010-04-22,0.0029831679463223626,0.0,0.0,0.0029831679463223626,98147.79172450161
2010-04-23,0.006527633477330097,0.0,0.0,0.006527633477330097,98788.4645354885
2010-04-26,-0.003776022001191537,0.0,0.0,-0.003776022001191537,98415.43711993856
2010-04-27,-0.023650535498623282,0.0,0.0,-0.023650535498623282,96087.85933072092
2010-04-28,0.007596133421233997,0.0,0.0,0.007596133421233997,96817.75553035784
2010-04-29,0.012397312687519868,0.0,0.0,0.012397312687519868,98018.03551937154
2010-04-30,-0.016961731123435242,0.0,0.0,-0.016961731123435242,96355.47995564462
2010-05-03,0.012962026704873564,0.0,0.0,0.012962026704873564,97604.44225999061
2010-05-04,-0.023514674338408703,0.0,0.0,-0.023514674338408703,95309.30558626492
2010-05-05,-0.005956731117424896,0.0,0.0,-0.005956731117424896,94741.57367989905
2010-05-06,-0.033213131552841,0.0,0.0,-0.033213131552841,91594.9093297454
2010-05-07,-0.014875303552557617,0.0,0.0,-0.014875303552557617,90232.40724959644
2010-05-10,0.04404090553214424,0.0,0.0,0.04404090553214424,94206.32417321388
2010-05-11,-0.0028407925611412255,0.0,0.0,-0.0028407925611412255,93938.70354829016
2010-05-12,0.01398592608999838,0.0,0.0,0.01398592608999838,95252.52331310682
2010-05-13,-0.012430870861364296,0.0,0.0,-0.012430870861364296,94068.4514965825
2010-05-14,-0.018105128557577732,0.0,0.0,-0.018105128557577732,92365.3300890246
2010-05-17,0.0005270626466160611,0.0,0.0,0.0005270626466160611,92414.01240435688
2010-05-18,-0.013602596471076644,0.0,0.0,-0.013602596471076644,91156.94188534735
2010-05-19,-0.005693659231519543,0.0,0.0,-0.005693659231519543,90637.92532166475
2010-05-20,-0.0377599553697866,0.0,0.0,-0.0377599553697866,87215.44130670864
2010-05-21,0.014599423979253956,0.0,0.0,0.014599423979253956,88488.73651188302
2010-05-24,-0.01283079959223754,0.0,0.0,-0.01283079959223754,87353.35526752874
2010-05-25,0.0010209350767147463,0.0,0.0,0.0010209350767147463,87442.53737199008
2010-05-26,-0.006028147596701117,0.0,0.0,-0.006028147596701117,86915.42085048168
2010-05-27,0.03349752880308121,0.0,0.0,0.03349752880308121,89826.87266385261
2010-05-28,-0.012549580208416344,0.0,0.0,-0.012549580208416344,88699.5831204864
2010-06-01,-0.016823455784891528,0.0,0.0,-0.016823455784891528,87207.34960572058
2010-06-02,0.026039511698441764,0.0,0.0,0.026039511698441764,89478.18640596884
2010-06-03,0.0034439868600302237,0.0,0.0,0.0034439868600302237,89786.34810421034
2010-06-04,-0.03513708296744367,0.0,0.0,-0.03513708296744367,86631.51774152892
2010-06-07,-0.012450422194082544,0.0,0.0,-0.012450422194082544,85552.91877033273
2010-06-08,0.010711807782356697,0.0,0.0,0.010711807782356697,86469.34519142011
2010-06-09,-0.005346216402212556,0.0,0.0,-0.005346216402212556,86007.06135986917
2010-06-10,0.02923170192574931,0.0,0.0,0.02923170192574931,88521.19414105048
2010-06-11,0.004855443861536246,0.0,0.0,0.004855443861536246,88951.00382975851
2010-06-14,-0.0015498916690979136,0.0,0.0,-0.0015498916690979136,88813.13940996488
2010-06-15,0.022737807765745854,0.0,0.0,0.022737807765745854,90832.55550094103
2010-06-16,-0.0003569711502406925,0.0,0.0,-0.0003569711502406925,90800.13089912456
2010-06-17,0.001607353012586632,0.0,0.0,0.001607353012586632,90946.07876306854
2010-06-18,0.001084012021094205,0.0,0.0,0.001084012021094205,91044.66540571909
2010-06-21,-0.002864079862310853,0.0,0.0,-0.002864079862310853,90783.90621295973
2010-06-22,-0.01651532965402358,0.0,0.0,-0.01651532965402358,89284.58007457273
2010-06-23,-0.0031029061967587923,0.0,0.0,-0.0031029061967587923,89007.53839778433
2010-06-24,-0.01657081197173471,0.0,0.0,-0.01657081197173471,87532.61121492769
2010-06-25,0.0041890434003535315,0.0,0.0,0.0041890434003535315,87899.28912225329
2010-06-28,-0.0031515261277015316,0.0,0.0,-0.0031515261277015316,87622.27221597813
2010-06-29,-0.030875456531354928,0.0,0.0,-0.030875456531354928,84916.89455899515
2010-06-30,-0.009499697260899054,0.0,0.0,-0.009499697260899054,84110.20976834901
2010-07-01,-0.004456678656770685,0.0,0.0,-0.004456678656770685,83735.3575916579
2010-07-02,-0.0054495783839110246,0.0,0.0,-0.0054495783839110246,83279.03519695734
2010-07-06,0.006555675952643281,0.0,0.0,0.006555675952643281,83824.98556535736
2010-07-07,0.031496061440930534,0.0,0.0,0.031496061440930534,86465.14246100897
2010-07-08,0.009895583857209234,0.0,0.0,0.009895583857209234,87320.76552895743
2010-07-09,0.007465318654219066,0.0,0.0,0.007465318654219066,87972.64286876145
2010-07-12,0.0006482694668554778,0.0,0.0,0.0006482694668554778,88029.67284705186
2010-07-13,0.015088411710739935,0.0,0.0,0.015088411710739935,89357.90079372992
2010-07-14,-9.083104492380034e-05,0.0,0.0,-9.083104492380034e-05,89349.78432222862
2010-07-15,0.0002730723494794862,0.0,0.0,0.0002730723494794862,89374.18327775897
2010-07-16,-0.02753425337133808,0.0,0.0,-0.02753425337133808,86913.33187053275
2010-07-19,0.005906580944260664,0.0,0.0,0.005906580944260664,87426.69250036145
2010-07-20,0.011091572956402507,0.0,0.0,0.011091572956402507,88396.39203856618
2010-07-21,-0.01299795130527348,0.0,0.0,-0.01299795130527348,87247.42003928703
2010-07-22,0.0223216605166785,0.0,0.0,0.0223216605166785,89194.92733036003
2010-07-23,0.008678874336464748,0.0,0.0,0.008678874336464748,89969.03889611035
2010-07-26,0.010415822535102981,0.0,0.0,0.010415822535102981,90906.140438906
2010-07-27,-8.946574057056011e-05,0.0,0.0,-8.946574057056011e-05,90898.00745372922
2010-07-28,-0.006454645077181742,0.0,0.0,-0.006454645077181742,90311.29307739239
2010-07-29,-0.004872022218812999,0.0,0.0,-0.004872022218812999,89871.2944509096
2010-07-30,-0.00018145120354517985,0.0,0.0,-0.00018145120354517985,89854.98719636732
2010-08-02,0.0225808532492644,0.0,0.0,0.0225808532492644,91883.98947596303
2010-08-03,-0.004789081462191147,0.0,0.0,-0.004789081462191147,91443.94956529152
2010-08-04,0.006683289185598795,0.0,0.0,0.006683289185598795,92055.09592450967
2010-08-05,-0.0010620728242374256,0.0,0.0,-0.0010620728242374256,91957.32670879568
2010-08-06,-0.004076101596176773,0.0,0.0,-0.004076101596176773,91582.49930261781
2010-08-09,0.005338578809626959,0.0,0.0,0.005338578809626959,92071.41969272745
2010-08-10,-0.0053990115622643,0.0,0.0,-0.0053990115622643,91574.32503325232
2010-08-11,-0.027406862273939514,0.0,0.0,-0.027406862273939514,89064.560119237
2010-08-12,-0.006129919964875441,0.0,0.0,-0.006129919964875441,88518.60149399923
2010-08-13,-0.0029457191089862222,0.0,0.0,-0.0029457191089862222,88257.85055807763
2010-08-16,-0.00046168690947812063,0.0,0.0,-0.00046168690947812063,88217.10306381628
2010-08-17,0.012285140376934844,0.0,0.0,0.012285140376934844,89300.86255860179
2010-08-18,0.001824993160205235,0.0,0.0,0.001824993160205235,89463.83602197167
2010-08-19,-0.017396483158794496,0.0,0.0,-0.017396483158794496,87907.47990529428
2010-08-20,-0.003244407525086812,0.0,0.0,-0.003244407525086812,87622.27221597813
2010-08-23,-0.003813105170840103,0.0,0.0,-0.003813105170840103,87288.15927671062
2010-08-24,-0.01484294603448233,0.0,0.0,-0.01484294603448233,85992.54583911711
2010-08-25,0.0038849868748107586,0.0,0.0,0.0038849868748107586,86326.62575103364
2010-08-26,-0.006701948739608943,0.0,0.0,-0.006701948739608943,85748.06913038681
2010-08-27,0.015489887529226865,0.0,0.0,0.015489887529226865,87076.29707706487
2010-08-30,-0.014504983044695163,0.0,0.0,-0.014504983044695163,85813.2568643672
2010-08-31,0.0,0.0,0.0,0.0,85813.2568643672
2010-09-01,0.0299117876823356,0.0,0.0,0.0299117876823356,88380.08478402389
2010-09-02,0.009312429733331795,0.0,0.0,0.009312429733331795,89203.11811340101
2010-09-03,0.012971112722722111,0.0,0.0,0.012971112722722111,90360.18181366824
2010-09-07,-0.01127226045281482,0.0,0.0,-0.01127226045281482,89341.61830970086
2010-09-08,0.007022713470832054,0.0,0.0,0.007022713470832054,89969.03889611035
2010-09-09,0.004619179690880548,0.0,0.0,0.004619179690880548,90384.6220533873
2010-09-10,0.005048855635049199,0.0,0.0,0.005048855635049199,90840.96096176334
2010-09-13,0.011123162557182154,0.0,0.0,0.011123162557182154,91851.39973739166
2010-09-14,-0.0006208939488504539,0.0,0.0,-0.0006208939488504539,91794.36975910128
2010-09-15,0.0038171777225128878,0.0,0.0,0.0038171777225128878,92144.76518239784
2010-09-16,-0.0002655062410096276,0.0,0.0,-0.0002655062410096276,92120.30017216555
2010-09-17,0.0003736717801170464,0.0,0.0,0.0003736717801170464,92154.7229287158
2010-09-20,0.015289643356041216,0.0,0.0,0.015289643356041216,93563.73577587065
2010-09-21,-0.002013207765459435,0.0,0.0,-0.002013207765459435,93375.37253644127
2010-09-22,-0.004913583639863051,0.0,0.0,-0.004913583639863051,92916.5648335801
2010-09-23,-0.00811131894174566,0.0,0.0,-0.00811131894174566,92162.88894124354
2010-09-24,0.020622364721473163,0.0,0.0,0.020622364721473163,94063.50565077449
2010-09-27,-0.004790472775439647,0.0,0.0,-0.004790472775439647,93612.89698779203
2010-09-28,0.003500558009480015,0.0,0.0,0.003500558009480015,93940.59436413329
2010-09-29,-0.0017441734244890705,0.0,0.0,-0.0017441734244890705,93776.74567596265
2010-09-30,-0.0029699409155123924,0.0,0.0,-0.0029699409155123924,93498.234282056
2010-10-01,0.004205856478084025,0.0,0.0,0.004205856478084025,93891.4744364006
2010-10-04,-0.0075036759015632,0.0,0.0,-0.0075036759015632,93186.94324230995
2010-10-05,0.020131874503645397,0.0,0.0,0.020131874503645397,95062.97108904246
2010-10-06,-8.650908232454846e-05,0.0,0.0,-8.650908232454846e-05,95054.7472786505
2010-10-07,-0.0012060200937332732,0.0,0.0,-0.0012060200937332732,94940.1093434277
2010-10-08,0.005608624950232066,0.0,0.0,0.005608624950232066,95472.59280946902
2010-10-11,0.0009437982947460011,0.0,0.0,0.0009437982947460011,95562.69967975757
2010-10-12,0.0030858584047628312,0.0,0.0,0.0030858584047628312,95857.59263974617
2010-10-13,0.007777437060057846,0.0,0.0,0.007777437060057846,96603.11903323045
2010-10-14,-0.003901101662493911,0.0,0.0,-0.003901101662493911,96226.26044496783
2010-10-15,0.002043224161734969,0.0,0.0,0.002043224161734969,96422.87226530239
2010-10-18,0.004928179982397474,0.0,0.0,0.004928179982397474,96898.06153424551
2010-10-19,-0.01310469019068905,0.0,0.0,-0.01310469019068905,95628.2424577609
2010-10-20,0.009766093984623803,0.0,0.0,0.009766093984623803,96562.15686118779
2010-10-21,0.0022055935747913313,0.0,0.0,0.0022055935747913313,96775.13373392881
2010-10-22,0.001862531840293169,0.0,0.0,0.001862531840293169,96955.3805018569
2010-10-25,0.0029572230972536584,0.0,0.0,0.0029572230972536584,97242.09919248
2010-10-26,0.0001685465765939309,0.0,0.0,0.0001685465765939309,97258.48901539971
2010-10-27,-0.0028641297819154143,0.0,0.0,-0.0028641297819154143,96979.9280804666
2010-10-28,0.00016917249703030102,0.0,0.0,0.00016917249703030102,96996.3344170618
2010-10-29,0.0007601685309805983,0.0,0.0,0.0007601685309805983,97070.0679781061
2010-11-01,0.0003375204411242283,0.0,0.0,0.0003375204411242283,97102.83111027004
2010-11-02,0.007930669754571795,0.0,0.0,0.007930669754571795,97872.92159603955
2010-11-03,0.0040176115867300854,0.0,0.0,0.0040176115867300854,98266.13697987092
2010-11-04,0.0192578334439526,0.0,0.0,0.0192578334439526,100158.5298790099
2010-11-05,0.003762703441789972,0.0,0.0,0.003762703441789972,100535.39672411027
2010-11-08,-0.001874422481506044,0.0,0.0,-0.001874422481506044,100346.95091630348
2010-11-09,-0.007184531078825995,0.0,0.0,-0.007184531078825995,99626.00512877987
2010-11-10,0.0040297105581781345,0.0,0.0,0.0040297105581781345,100027.46909351643
2010-11-11,-0.0037674684248241164,0.0,0.0,-0.0037674684248241164,99650.61876209153
2010-11-12,-0.01183823492856828,0.0,0.0,-0.01183823492856828,98470.93132640871
2010-11-15,-0.001414306540356347,0.0,0.0,-0.001414306540356347,98331.66324419879
2010-11-16,-0.015579405999721851,0.0,0.0,-0.015579405999721851,96799.71433988948
2010-11-17,0.0005077799600838873,0.0,0.0,0.0005077799600838873,96848.86729497313
2010-11-18,0.01471857153757572,0.0,0.0,0.01471857153757572,98274.34427658736
2010-11-19,0.002750757277429239,0.0,0.0,0.002750757277429239,98544.67314429078
2010-11-22,-0.0008311746114363361,0.0,0.0,-0.0008311746114363361,98462.76531388095
2010-11-23,-0.014477236346474576,0.0,0.0,-0.014477236346474576,97037.29658910444
2010-11-24,0.014774058920611344,0.0,0.0,0.014774058920611344,98470.93132640871
2010-11-26,-0.011647087293243485,0.0,0.0,-0.011647087293243485,97324.03179340305
2010-11-29,0.003030351105528073,0.0,0.0,0.003030351105528073,97618.95778074264
2010-11-30,-0.005622778762597869,0.0,0.0,-0.005622778762597869,97070.06797810613
2010-12-01,0.02126778563879439,0.0,0.0,0.02126778563879439,99134.5333758077
2010-12-02,0.012808632361059447,0.0,0.0,0.012808632361059447,100404.3111681036
2010-12-03,0.002692485226939434,0.0,0.0,0.002692485226939434,100674.64829264474
2010-12-06,-0.0010577482829734475,0.0,0.0,-0.0010577482829734475,100568.15985627423
2010-12-07,0.0005702798484561455,0.0,0.0,0.0005702798484561455,100625.51185123659
2010-12-08,0.0036633505186829396,0.0,0.0,0.0036633505186829396,100994.13837226953
2010-12-09,0.003893692848738306,0.0,0.0,0.003893692848738306,101387.37852661412
2010-12-10,0.005817804772655366,0.0,0.0,0.005817804772655366,101977.23050129328
2010-12-13,0.0006426387620399598,0.0,0.0,0.0006426387620399598,102042.7650224589
2010-12-14,0.0008831113808651647,0.0,0.0,0.0008831113808651647,102132.8801495852
2010-12-15,-0.004572136395911697,0.0,0.0,-0.004572136395911697,101665.91469103399
2010-12-16,0.005801865615154611,0.0,0.0,0.005801865615154611,102255.76666571315
2010-12-17,0.0010709463393145935,0.0,0.0,0.0010709463393145935,102365.27710469761
2010-12-20,0.002413927750909206,0.0,0.0,0.002413927750909206,102612.37948783016
2010-12-21,0.006340261051964724,0.0,0.0,0.006340261051964724,103262.96876094627
2010-12-22,0.003110098079712964,0.0,0.0,0.003110098079712964,103584.12672179515
2010-12-23,-0.0014312982423474452,0.0,0.0,-0.0014312982423474452,103435.86694328315
2010-12-27,0.0003980906337504031,0.0,0.0,0.0003980906337504031,103477.04379310712
2010-12-28,0.0014328592112291538,0.0,0.0,0.0014328592112291538,103625.31182845682
2010-12-29,0.000715205332295632,0.0,0.0,0.000715205332295632,103699.42520403734
2010-12-30,-0.0015883950736422792,0.0,0.0,-0.0015883950736422792,103534.70954790371
2010-12-31,0.00023861040065420447,0.0,0.0,0.00023861040065420447,103559.41400643057
2011-01-03,0.01033800843404542,0.0,0.0,0.01033800843404542,104630.01210185383
2011-01-04,-0.0005510607979546389,0.0,0.0,-0.0005510607979546389,104572.35460389499
2011-01-05,0.005197813807250595,0.0,0.0,0.005197813807250595,105115.90223251181
2011-01-06,-0.0019587974647252704,0.0,0.0,-0.0019587974647252704,104910.00146971646
2011-01-07,-0.001962405770640885,0.0,0.0,-0.001962405770640885,104704.12547743433
2011-01-10,-0.0012585069875565846,0.0,0.0,-0.0012585069875565846,104572.35460389499
2011-01-11,0.003544114697740408,0.0,0.0,0.003544114697740408,104942.97102282397
2011-01-12,0.009024356431000635,0.0,0.0,0.009024356431000635,105890.01379826211
2011-01-13,-0.0016332769933606883,0.0,0.0,-0.0016332769933606883,105717.06607489877
2011-01-14,0.007244693631733412,0.0,0.0,0.007244693631733412,106482.95383025712
2011-01-18,0.001701723652361542,0.0,0.0,0.001701723652361542,106664.15839136338
2011-01-19,-0.009805638241989434,0.0,0.0,-0.009805638241989434,105618.24824079142
2011-01-20,-0.001325634537012732,0.0,0.0,-0.001325634537012732,105478.23704318464
2011-01-21,0.002264249369434701,0.0,0.0,0.002264249369434701,105717.06607489874
2011-01-24,0.005686925951480237,0.0,0.0,0.005686925951480237,106318.27120147443
2011-01-25,0.0005421550184363522,0.0,0.0,0.0005421550184363522,106375.9121857578
2011-01-26,0.003870803389050659,0.0,0.0,0.003870803389050659,106787.67242715979
2011-01-27,0.0024679815368784386,0.0,0.0,0.0024679815368784386,107051.22243107622
2011-01-28,-0.017462877434601398,0.0,0.0,-0.017462877434601398,105181.8000545381
2011-01-31,0.0075163569803662345,0.0,0.0,0.0075163569803662345,105972.38401158551
2011-02-01,0.016008882309400452,0.0,0.0,0.016008882309400452,107668.88343527357
2011-02-02,-0.00191219823732669,0.0,0.0,-0.00191219823732669,107462.9991861537
2011-02-03,0.0022221998549216693,0.0,0.0,0.0022221998549216693,107701.8034473546
2011-02-04,0.002829050365330099,0.0,0.0,0.002829050365330099,108006.49727374405
2011-02-07,0.006252802282419534,0.0,0.0,0.006252802282419534,108681.84054641346
2011-02-08,0.004546274013122353,0.0,0.0,0.004546274013122353,109175.93797378794
2011-02-09,-0.0022631141733689963,0.0,0.0,-0.0022631141733689963,108928.8603611686
2011-02-10,0.0003780159793045357,0.0,0.0,0.0003780159793045357,108970.03721099257
2011-02-11,0.005970350105106714,0.0,0.0,0.005970350105106714,109620.62648410871
2011-02-14,0.002404050211108677,0.0,0.0,0.002404050211108677,109884.1599743497
2011-02-15,-0.003147819001459551,0.0,0.0,-0.003147819001459551,109538.26452762303
2011-02-16,0.00631529197512215,0.0,0.0,0.00631529197512215,110230.03065056313
2011-02-17,0.0029883557122312165,0.0,0.0,0.0029883557122312165,110559.43719231717
2011-02-18,0.002086400599370819,0.0,0.0,0.002086400599370819,110790.10846834132
2011-02-22,-0.020070527738781707,0.0,0.0,-0.020070527738781707,108566.49252314483
2011-02-23,-0.0061440401950705326,0.0,0.0,-0.0061440401950705326,107899.45562924481
2011-02-24,-0.0006871805098465078,0.0,0.0,-0.0006871805098465078,107825.30922631334
2011-02-25,0.010692851800582659,0.0,0.0,0.010692851800582659,108978.26927822232
2011-02-28,0.00619636341815788,0.0,0.0,0.00619636341815788,109653.53823935204
2011-03-01,-0.016672777207134226,0.0,0.0,-0.016672777207134226,107825.30922631334
2011-03-02,0.0021387694578818284,0.0,0.0,0.0021387694578818284,108055.92270447327
2011-03-03,0.017224019150228864,0.0,0.0,0.017224019150228864,109917.07998643076
2011-03-04,-0.0074920473617945404,0.0,0.0,-0.0074920473617945404,109093.57601730227
2011-03-07,-0.007850966731309805,0.0,0.0,-0.007850966731309805,108237.08598139082
2011-03-08,0.008750317153798148,0.0,0.0,0.008750317153798148,109184.1948115309
2011-03-09,-0.001433131712298641,0.0,0.0,-0.001433131712298641,109027.71947946471
2011-03-10,-0.01850666933645606,0.0,0.0,-0.01850666933645606,107009.97952655036
2011-03-11,0.006926995142422898,0.0,0.0,0.006926995142422898,107751.23713492154
2011-03-14,-0.006038112052622502,0.0,0.0,-0.006038112052622502,107100.62309129217
2011-03-15,-0.011457432856919247,0.0,0.0,-0.011457432856919247,105873.52489328949
2011-03-16,-0.01851265355105136,0.0,0.0,-0.01851265355105136,103913.52500671141
2011-03-17,0.013234965532387788,0.0,0.0,0.013234965532387788,105288.81692852415
2011-03-18,0.0036374723644949647,0.0,0.0,0.0036374723644949647,105671.80209039203
2011-03-21,0.015497852180511806,0.0,0.0,0.015497852180511806,107309.48805883722
2011-03-22,-0.0034686424489045464,0.0,0.0,-0.0034686424489045464,106937.26981338611
2011-03-23,0.002861939044388917,0.0,0.0,0.002861939044388917,107243.3177611654
2011-03-24,0.009563361223551059,0.0,0.0,0.009563361223551059,108268.9243477275
2011-03-25,0.0030558305659014184,0.0,0.0,0.0030558305659014184,108599.77583608656
2011-03-28,-0.002437368791278427,0.0,0.0,-0.002437368791278427,108335.07813172384
2011-03-29,0.006718722014534162,0.0,0.0,0.006718722014534162,109062.95140611375
2011-03-30,0.00690138183593314,0.0,0.0,0.00690138183593314,109815.63647792116
2011-03-31,-0.0013556428690816302,0.0,0.0,-0.0013556428690816302,109666.76569341621
2011-04-01,0.004223255756522937,0.0,0.0,0.004223255756522937,110129.91649293018
2011-04-04,0.0008263591628925315,0.0,0.0,0.0008263591628925315,110220.9233585327
2011-04-05,-0.00015019797666482315,0.0,0.0,-0.00015019797666482315,110204.36839885812
2011-04-06,0.003152533486256104,0.0,0.0,0.003152533486256104,110551.79136056724
2011-04-07,-0.0025440058794006237,0.0,0.0,-0.0025440058794006237,110270.54695336768
2011-04-08,-0.0034506027603924405,0.0,0.0,-0.0034506027603924405,109890.04709966041
2011-04-11,-0.0030105999898563107,0.0,0.0,-0.0030105999898563107,109559.21212497685
2011-04-12,-0.007474014250005712,0.0,0.0,-0.007474014250005712,108740.36501233537
2011-04-13,-7.577980878137325e-05,0.0,0.0,-7.577980878137325e-05,108732.12468826791
2011-04-14,0.000760513327891843,0.0,0.0,0.000760513327891843,108814.81691826333
2011-04-15,0.003648448654318681,0.0,0.0,0.003648448654318681,109211.82219061871
2011-04-18,-0.01120865355987688,0.0,0.0,-0.01120865355987688,107987.7047110412
2011-04-19,0.005744431409559159,0.0,0.0,0.005744431409559159,108608.0326738295
2011-04-20,0.013631821536558286,0.0,0.0,0.013631821536558286,110088.55799267582
2011-04-21,0.0051088962085625855,0.0,0.0,0.0051088962085625855,110650.98900921074
2011-04-25,-0.0010461801217716005,0.0,0.0,-0.0010461801217716005,110535.22814405493
2011-04-26,0.00860521543328896,0.0,0.0,0.00860521543328896,111486.40759520225
2011-04-27,0.006528362955295242,0.0,0.0,0.006528362955295242,112214.23132856571
2011-04-28,0.003243304255830637,0.0,0.0,0.003243304255830637,112578.17622259843
2011-04-29,0.0023510145814245043,0.0,0.0,0.0023510145814245043,112842.84915644793
2011-05-02,-0.0015393008675022024,0.0,0.0,-0.0015393008675022024,112669.15006084999
2011-05-03,-0.003597214829706097,0.0,0.0,-0.003597214829706097,112263.85492340072
2011-05-04,-0.006630470509590314,0.0,0.0,-0.006630470509590314,111519.49274403819
2011-05-05,-0.009048652778847144,0.0,0.0,-0.009048652778847144,110510.39157612421
2011-05-06,0.004415834722169443,0.0,0.0,0.004415834722169443,110998.3872004066
2011-05-09,0.003875116713213389,0.0,0.0,0.003875116713213389,111428.51890578662
2011-05-10,0.008536155767392195,0.0,0.0,0.008536155767392195,112379.69010009622
2011-05-11,-0.010524741927188552,0.0,0.0,-0.010524741927188552,111196.9228639353
2011-05-12,0.004760213534267255,0.0,0.0,0.004760213534267255,111726.24396112107
2011-05-13,-0.007698782679641858,0.0,0.0,-0.007698782679641858,110866.08788925176
2011-05-16,-0.006341686660309098,0.0,0.0,-0.006341686660309098,110163.00989860384
2011-05-17,-0.00014990218133159594,0.0,0.0,-0.00014990218133159594,110146.49622311798
2011-05-18,0.00893558442204867,0.0,0.0,0.00893558442204867,111130.71953891251
2011-05-19,0.00238163610338904,0.0,0.0,0.00238163610338904,111395.392472762
2011-05-20,-0.007944681346260918,0.0,0.0,-0.007944681346260918,110510.39157612424
2011-05-23,-0.01160092426046233,0.0,0.0,-0.01160092426046233,109228.36889345557
2011-05-24,-0.0008327262001395219,0.0,0.0,-0.0008327262001395219,109137.41156887948
2011-05-25,0.0033345887090929782,0.0,0.0,0.0033345887090929782,109501.3399492367
2011-05-26,0.004607560697571289,0.0,0.0,0.004607560697571289,110005.8740195182
2011-05-27,0.0038342706970793117,0.0,0.0,0.0038342706970793117,110427.66631877783
2011-05-31,0.01041155183153819,0.0,0.0,0.01041155183153819,111577.38969029159
2011-06-01,-0.02246122569918363,0.0,0.0,-0.02246122569918363,109071.22475753217
2011-06-02,-0.001061408471857983,0.0,0.0,-0.001061408471857983,108955.45563553859
2011-06-03,-0.009944993799156365,0.0,0.0,-0.009944993799156365,107871.89430485891
2011-06-06,-0.010581226927549592,0.0,0.0,-0.010581226927549592,106730.47731211456
2011-06-07,-0.0006195888479889611,0.0,0.0,-0.0006195888479889611,106664.34829863143
2011-06-08,-0.004187778504997186,0.0,0.0,-0.004187778504997186,106217.66163357689
2011-06-09,0.007631563113961404,0.0,0.0,0.007631563113961404,107028.26842215091
2011-06-10,-0.013910408428081888,0.0,0.0,-0.013910408428081888,105539.46149504842
2011-06-13,0.0007836760061048498,0.0,0.0,0.0007836760061048498,105622.17023871932
2011-06-14,0.012686125834842521,0.0,0.0,0.012686125834842521,106962.10638131687
2011-06-15,-0.01778566254916214,0.0,0.0,-0.01778566254916214,105059.7144516712
2011-06-16,0.002204344321915297,0.0,0.0,0.002204344321915297,105291.30223668477
2011-06-17,0.0029841563053614184,0.0,0.0,0.0029841563053614184,105605.50794015409
2011-06-20,0.005116079532656137,0.0,0.0,0.005116079532656137,106145.79411786248
2011-06-21,0.013704326754412133,0.0,0.0,0.013704326754412133,107600.45076406022
2011-06-22,-0.006025547899510708,0.0,0.0,-0.006025547899510708,106952.09909397243
2011-06-23,-0.00287567005876177,0.0,0.0,-0.00287567005876177,106644.54014488618
2011-06-24,-0.01161343230587153,0.0,0.0,-0.01161343230587153,105406.03099712274
2011-06-27,0.008910842847997813,0.0,0.0,0.008910842847997813,106345.28757456929
2011-06-28,0.013053291844670412,0.0,0.0,0.013053291844670412,107733.44364958555
2011-06-29,0.008564212239855262,0.0,0.0,0.008564212239855262,108656.09572633108
2011-06-30,0.009562348318089553,0.0,0.0,0.009562348318089553,109695.10316054993
2011-07-01,0.01477565727400032,0.0,0.0,0.01477565727400032,111315.92040948632
2011-07-05,-0.000820966846453941,0.0,0.0,-0.000820966846453941,111224.53372934765
2011-07-06,0.0011954184361688824,0.0,0.0,0.0011954184361688824,111357.49358752198
2011-07-07,0.010375629323704061,0.0,0.0,0.010375629323704061,112512.89766340287
2011-07-08,-0.00709206742413937,0.0,0.0,-0.00709206742413937,111714.94860708872
2011-07-11,-0.018080350675743095,0.0,0.0,-0.018080350675743095,109695.10316054993
2011-07-12,-0.004319489904868967,0.0,0.0,-0.004319489904868967,109221.27626983437
2011-07-13,0.0033485840883176188,0.0,0.0,0.0033485840883176188,109587.01289765729
2011-07-14,-0.006902283662920117,0.0,0.0,-0.006902283662920117,108830.61224886557
2011-07-15,0.005804335365476643,0.0,0.0,0.005804335365476643,109462.30162038813
2011-07-18,-0.008200694416681698,0.0,0.0,-0.008200694416681698,108564.63473465267
2011-07-19,0.016231340388967563,0.0,0.0,0.016231340388967563,110326.78427523475
2011-07-20,-0.0006023857889940754,0.0,0.0,-0.0006023857889940754,110260.32498824192
2011-07-21,0.013871012189770493,0.0,0.0,0.013871012189770493,111789.74730020188
2011-07-22,0.0006692492701296793,0.0,0.0,0.0006692492701296793,111864.56250699052
2011-07-25,-0.005572953633687261,0.0,0.0,-0.005572953633687261,111241.14648688637
2011-07-26,-0.0037358020261699654,0.0,0.0,-0.0037358020261699654,110825.57158644719
2011-07-27,-0.020475659943863467,0.0,0.0,-0.020475659943863467,108556.3448695588
2011-07-28,-0.0029096901543175235,0.0,0.0,-0.0029096901543175235,108240.47954170316
2011-07-29,-0.006834593098141162,0.0,0.0,-0.006834593098141162,107500.69990728794
2011-08-01,-0.0042530502288204985,0.0,0.0,-0.0042530502288204985,107043.49403094889
2011-08-02,-0.025547383321979034,0.0,0.0,-0.025547383321979034,104308.81285681626
2011-08-03,0.00541881427895885,0.0,0.0,0.00541881427895885,104874.04294134601
2011-08-04,-0.04684147781856596,0.0,0.0,-0.04684147781856596,99961.58778516561
2011-08-05,-0.0014965487197725613,0.0,0.0,-0.0014965487197725613,99811.99039893929
2011-08-08,-0.06512331983610076,0.0,0.0,-0.06512331983610076,93311.90222471135
2011-08-09,0.04649926861535625,0.0,0.0,0.04649926861535625,97650.83743126807
2011-08-10,-0.044177973110420043,0.0,0.0,-0.044177973110420043,93336.82136101951
2011-08-11,0.04488381957655485,0.0,0.0,0.04488381957655485,97526.13441083665
2011-08-12,0.006733403547033667,0.0,0.0,0.006733403547033667,98182.81723020706
2011-08-15,0.02116491908396645,0.0,0.0,0.02116491908396645,100260.84861232025
2011-08-16,-0.008539899393597783,0.0,0.0,-0.008539899393597783,99404.6310520543
2011-08-17,0.0006693209142101253,0.0,0.0,0.0006693209142101253,99471.16465058678
2011-08-18,-0.04311858280555858,0.0,0.0,-0.04311858280555858,95182.1090008351
2011-08-19,-0.016330184995737684,0.0,0.0,-0.016330184995737684,93627.76755256699
2011-08-22,0.0007988061472621322,0.0,0.0,0.0007988061472621322,93702.55798884241
2011-08-23,0.03291039857320088,0.0,0.0,0.03291039857320088,96786.34651958369
2011-08-24,0.014084501034510977,0.0,0.0,0.014084501034510977,98149.5339172653
2011-08-25,-0.015243969892978604,0.0,0.0,-0.015243969892978604,96653.34537722063
2011-08-26,0.014534094263084496,0.0,0.0,0.014534094263084496,98058.11420977561
2011-08-29,0.02873630145666195,0.0,0.0,0.02873630145666195,100875.94173997952
2011-08-30,0.0026365975155968613,0.0,0.0,0.0026365975155968613,101141.91099735463
2011-08-31,0.004437986842372954,0.0,0.0,0.004437986842372954,101590.77746757335
2011-09-01,-0.010472668848966915,0.0,0.0,-0.010472668848966915,100526.85089704636
2011-09-02,-0.02555001724027206,0.0,0.0,-0.02555001724027206,97958.38812351658
2011-09-06,-0.007297677806247904,0.0,0.0,-0.007297677806247904,97243.51936857177
2011-09-07,0.028207492155269076,0.0,0.0,0.028207492155269076,99986.51517831151
2011-09-08,-0.010391393034632879,0.0,0.0,-0.010391393034632879,98947.5160009304
2011-09-09,-0.0262097551458621,0.0,0.0,-0.0262097551458621,96354.12583425474
2011-09-12,0.006470050085624068,0.0,0.0,0.006470050085624068,96977.54185435889
2011-09-13,0.00917104373314559,0.0,0.0,0.00917104373314559,97866.92713183817
2011-09-14,0.013844283991490958,0.0,0.0,0.013844283991490958,99221.82466442589
2011-09-15,0.017257322337289605,0.0,0.0,0.017257322337289605,100934.12767555391
2011-09-16,0.0059186172337934995,0.0,0.0,0.0059186172337934995,101531.51814309235
2011-09-19,-0.009957420141519902,0.0,0.0,-0.009957420141519902,100520.52615933525
2011-09-20,-0.001163606757100255,0.0,0.0,-0.001163606757100255,100403.55979586896
2011-09-21,-0.029458267030151974,0.0,0.0,-0.029458267030151974,97445.84492062443
2011-09-22,-0.03232454679085528,0.0,0.0,-0.03232454679085528,94295.95214691327
2011-09-23,0.006025473656798619,0.0,0.0,0.006025473656798619,94864.12992251726
2011-09-26,0.023779806356600375,0.0,0.0,0.023779806356600375,97119.98056226209
2011-09-27,0.011183970577358204,0.0,0.0,0.011183970577358204,98206.16756734403
2011-09-28,-0.02041858361246751,0.0,0.0,-0.02041858361246751,96200.93672361023
2011-09-29,0.007903828174304683,0.0,0.0,0.007903828174304683,96961.2923976808
2011-09-30,-0.024989544969659327,0.0,0.0,-0.024989544969659327,94538.27382099266
2011-10-03,-0.028458225306438267,0.0,0.0,-0.028458225306438267,91847.88232451309
2011-10-04,0.021923331089207743,0.0,0.0,0.021923331089207743,93861.49385855599
2011-10-05,0.018515307674910275,0.0,0.0,0.018515307674910275,95599.36829617385
2011-10-06,0.018091231059457646,0.0,0.0,0.018091231059457646,97328.87855715812
2011-10-07,-0.006695810113449108,0.0,0.0,-0.006695810113449108,96677.18286778445
2011-10-10,0.0334455230117805,0.0,0.0,0.0334455230117805,99910.60181210305
2011-10-11,0.0010036075824932933,0.0,0.0,0.0010036075824932933,100010.87284965315
2011-10-12,0.008771853783007932,0.0,0.0,0.008771853783007932,100888.15360300132
2011-10-13,-0.0019876844911995706,0.0,0.0,-0.0019876844911995706,100687.61978473888
2011-10-14,0.017094165683364304,0.0,0.0,0.017094165683364304,102408.7906396028
2011-10-17,-0.019091008261208464,0.0,0.0,-0.019091008261208464,100453.70357148178
2011-10-18,0.019545914503741324,0.0,0.0,0.019545914503741324,102417.16307307413
2011-10-19,-0.011829162730075615,0.0,0.0,-0.011829162730075615,101205.65378473005
2011-10-20,0.004375634780328763,0.0,0.0,0.004375634780328763,101648.49276339643
2011-10-21,0.018987109394609014,0.0,0.0,0.018987109394609014,103578.50381529216
2011-10-24,0.012260999238475456,0.0,0.0,0.012260999238475456,104848.47977169389
2011-10-25,-0.019443815755424643,0.0,0.0,-0.019443815755424643,102809.8252487767
2011-10-26,0.01015823263376725,0.0,0.0,0.01015823263376725,103854.19137069074
2011-10-27,0.03483569118749119,0.0,0.0,0.03483569118749119,107472.02390980674
2011-10-28,-0.00023340281638373206,0.0,0.0,-0.00023340281638373206,107446.93963674374
2011-10-31,-0.02410588848794204,0.0,0.0,-0.02410588848794204,104856.83569148976
2011-11-01,-0.027888574840657654,0.0,0.0,-0.027888574840657654,101932.5279817531
2011-11-02,0.016311973551557335,0.0,0.0,0.016311973551557335,103595.24868223481
2011-11-03,0.018227087957925825,0.0,0.0,0.018227087957925825,105483.48839198911
2011-11-04,-0.006099274936167798,0.0,0.0,-0.006099274936167798,104840.1155950603
2011-11-07,0.006216248421228032,0.0,0.0,0.006216248421228032,105491.82779810946
2011-11-08,0.012830554450862452,0.0,0.0,0.012830554450862452,106845.3464387941
2011-11-09,-0.0369094790152813,0.0,0.0,-0.0369094790152813,102901.74036653097
2011-11-10,0.009418493350790147,0.0,0.0,0.009418493350790147,103870.91972395788
2011-11-11,0.018822434488808826,0.0,0.0,0.018822434488808826,105826.0233057544
2011-11-14,-0.009474224949273524,0.0,0.0,-0.009474224949273524,104823.40375546861
2011-11-15,0.004942205194108151,0.0,0.0,0.004942205194108151,105341.46252597298
2011-11-16,-0.01586303527613231,0.0,0.0,-0.01586303527613231,103670.42718988411
2011-11-17,-0.0158771637373476,0.0,0.0,-0.0158771637373476,102024.43484266954
2011-11-18,-0.0010641485997856526,0.0,0.0,-0.0010641485997856526,101915.8656831878
2011-11-21,-0.019019852861589914,0.0,0.0,-0.019019852861589914,99977.440913632
2011-11-22,-0.003927672940911675,0.0,0.0,-0.003927672940911675,99584.76222425394
2011-11-23,-0.022065795508853236,0.0,0.0,-0.022065795508853236,97387.34522521579
2011-11-25,-0.0018872801977760645,0.0,0.0,-0.0018872801977760645,97203.54801705825
2011-11-28,0.02896676667665332,0.0,0.0,0.02896676667665332,100019.22051261125
2011-11-29,0.0028399714632481032,0.0,0.0,0.0028399714632481032,100303.27224464339
2011-11-30,0.04115006177197311,0.0,0.0,0.04115006177197311,104430.75809344152
2011-12-01,-0.00016002794480063365,0.0,0.0,-0.00016002794480063365,104414.04625384984
2011-12-02,-0.0008806108795140766,0.0,0.0,-0.0008806108795140766,104322.09810874463
2011-12-05,0.010892680601435778,0.0,0.0,0.010892680601435778,105458.44540311482
2011-12-06,0.00031654548734372234,0.0,0.0,0.00031654548734372234,105491.82779810946
2011-12-07,0.0037223612252657023,0.0,0.0,0.0037223612252657023,105884.50648748755
2011-12-08,-0.021936068064389636,0.0,0.0,-0.021936068064389636,103561.81674621372
2011-12-09,0.016941926969886056,0.0,0.0,0.016941926969886056,105316.35348239678
2011-12-12,-0.01459696698883195,0.0,0.0,-0.01459696698883195,103779.05414723008
2011-12-13,-0.009339349895002402,0.0,0.0,-0.009339349895002402,102809.82524877669
2011-12-14,-0.010646046248167784,0.0,0.0,-0.010646046248167784,101715.30709441217
2011-12-15,0.0036141972858330096,0.0,0.0,0.0036141972858330096,102082.92628124048
2011-12-16,0.0014825160729929898,0.0,0.0,0.0014825160729929898,102234.26586023056
2011-12-19,-0.010691605481284339,0.0,0.0,-0.010691605481284339,101141.21742298425
2011-12-20,0.030260611366003776,0.0,0.0,0.030260611366003776,104201.81249650566
2011-12-21,0.001936519651288382,0.0,0.0,0.001936519651288382,104403.60135410502
2011-12-22,0.008858474616082246,0.0,0.0,0.008858474616082246,105328.45800652793
2011-12-23,0.008940766179598159,0.0,0.0,0.008940766179598159,106270.17512162191
2011-12-27,0.0007914181862707093,0.0,0.0,0.0007914181862707093,106354.27927087134
2011-12-28,-0.013124000834733862,0.0,0.0,-0.013124000834733862,104958.4856209429
2011-12-29,0.01033456959550283,0.0,0.0,0.01033456959550283,106043.18639523111
2011-12-30,-0.004916112379628856,0.0,0.0,-0.004916112379628856,105521.86617381823
2012-01-03,0.015936150545969197,0.0,0.0,0.015936150545969197,107203.4785190558
2012-01-04,0.0015685172063217845,0.0,0.0,0.0015685172063217845,107371.62901969049
2012-01-05,0.0026625725307627413,0.0,0.0,0.0026625725307627413,107657.51376970156
2012-01-06,-0.002577119349340684,0.0,0.0,-0.002577119349340684,107380.06750786376
2012-01-09,0.002427145832594624,0.0,0.0,0.002427145832594624,107640.69459121919
2012-01-10,0.008670774296761996,0.0,0.0,0.008670774296761996,108574.02275916634
2012-01-11,0.0005416899341872394,0.0,0.0,0.0005416899341872394,108632.8362144092
2012-01-12,0.002399611696296322,0.0,0.0,0.002399611696296322,108893.51283879114
2012-01-13,-0.005173455862298559,0.0,0.0,-0.005173455862298559,108330.15705642902
2012-01-17,0.00388092914861482,0.0,0.0,0.00388092914861482,108750.57872062332
2012-01-18,0.011055979771272817,0.0,0.0,0.011055979771272817,109952.92291907275
2012-01-19,0.005276651154687562,0.0,0.0,0.005276651154687562,110533.10613675496
2012-01-20,0.0037271631421773588,0.0,0.0,0.0037271631421773588,110945.08105593825
2012-01-23,-0.002576887628796154,0.0,0.0,-0.002576887628796154,110659.18804908943
2012-01-24,-0.0011393713848554254,0.0,0.0,-0.0011393713848554254,110533.10613675496
2012-01-25,0.00836775951218427,0.0,0.0,0.00836775951218427,111458.02058704206
2012-01-26,-0.005129834893648599,0.0,0.0,-0.005129834893648599,110886.25934385766
2012-01-27,-0.00045503866525564707,0.0,0.0,-0.00045503866525564707,110835.80180841064
2012-01-30,-0.0034139339191063822,0.0,0.0,-0.0034139339191063822,110457.41570516556
2012-01-31,-0.00038040947278628057,0.0,0.0,-0.00038040947278628057,110415.39665789182
2012-02-01,0.0087574586275323,0.0,0.0,0.0087574586275323,111382.35492596586
2012-02-02,0.0015846892494584264,0.0,0.0,0.0015846892494584264,111558.86134639641
2012-02-03,0.014018930229749094,0.0,0.0,0.014018930229749094,113122.7972401218
2012-02-06,-0.0006690267266907801,0.0,0.0,-0.0006690267266907801,113047.11506537013
2012-02-07,0.002528753043987697,0.0,0.0,0.002528753043987697,113332.98330170571
2012-02-08,0.0029677352140524693,0.0,0.0,0.0029677352140524693,113669.32558716381
2012-02-09,0.0012572375785320222,0.0,0.0,0.0012572375785320222,113812.23493481838
2012-02-10,-0.007387551855419505,0.0,0.0,-0.007387551855419505,112971.44114745624
2012-02-13,0.007442533960992037,0.0,0.0,0.007442533960992037,113812.23493481838
2012-02-14,-0.001255658916955782,0.0,0.0,-0.001255658916955782,113669.32558716381
2012-02-15,-0.004660161592946466,0.0,0.0,-0.004660161592946466,113139.60816176639
2012-02-16,0.011073133547916392,0.0,0.0,0.011073133547916392,114392.41815250054
2012-02-17,0.0026463330967034793,0.0,0.0,0.0026463330967034793,114695.13859466945
2012-02-21,0.0004397114433247751,0.0,0.0,0.0004397114433247751,114745.57135960324
2012-02-22,-0.003224068787042067,0.0,0.0,-0.003224068787042067,114375.62374453143
2012-02-23,0.004410553072642154,0.0,0.0,0.004410553072642154,114880.08350327323
2012-02-24,0.002195880252077842,0.0,0.0,0.002195880252077842,115132.34640999512
2012-02-27,0.001679661735446869,0.0,0.0,0.001679661735446869,115325.7298067722
2012-02-28,0.002916240075032439,0.0,0.0,0.002916240075032439,115662.04732171708
2012-02-29,-0.003925604967207397,0.0,0.0,-0.003925604967207397,115208.00381423357
2012-03-01,0.005181737430447253,0.0,0.0,0.005181737430447253,115804.9814398849
2012-03-02,-0.0030494797881236435,0.0,0.0,-0.0030494797881236435,115451.83648961992
2012-03-05,-0.004078219366349778,0.0,0.0,-0.004078219366349778,114980.9985741673
2012-03-06,-0.014625491605393837,0.0,0.0,-0.014625491605393837,113299.34494474101
2012-03-07,0.006975938648644542,0.0,0.0,0.006975938648644542,114089.71422400713
2012-03-08,0.009949192349122393,0.0,0.0,0.009949192349122393,115224.81473587817
2012-03-09,0.0038674810703314133,0.0,0.0,0.0038674810703314133,115670.44452570163
2012-03-12,7.288146397366191e-05,0.0,0.0,7.288146397366191e-05,115678.87475703715
2012-03-13,0.018025677245010252,0.0,0.0,0.018025677245010252,117764.06481747348
2012-03-14,-0.0010704912305329328,0.0,0.0,-0.0010704912305329328,117637.99941881445
2012-03-15,0.005789219786454414,0.0,0.0,0.005789219786454414,118319.03165268878
2012-03-16,0.0013843854607007433,0.0,0.0,0.0013843854607007433,118482.83079983295
2012-03-19,0.003920301398040005,0.0,0.0,0.003920301398040005,118947.31920706127
2012-03-20,-0.002910817825758638,0.0,0.0,-0.002910817825758638,118601.08522998716
2012-03-21,-0.0016372894873734056,0.0,0.0,-0.0016372894873734056,118406.90091994902
2012-03-22,-0.007204089462643726,0.0,0.0,-0.007204089462643726,117553.88701272733
2012-03-23,0.003232878813717921,0.0,0.0,0.003232878813717921,117933.92448352095
2012-03-26,0.014035036868182749,0.0,0.0,0.014035036868182749,119589.13146165667
2012-03-27,-0.003107159190833708,0.0,0.0,-0.003107159190833708,119217.54899271176
2012-03-28,-0.004958429270890741,0.0,0.0,-0.004958429270890741,118626.41720818244
2012-03-29,-0.0017090492886083775,0.0,0.0,-0.0017090492886083775,118423.67881424262
2012-03-30,0.004136517920378946,0.0,0.0,0.004136517920378946,118913.54048385494
2012-04-02,0.007314905762644486,0.0,0.0,0.007314905762644486,119783.38182639674
2012-04-03,-0.004089424997591129,0.0,0.0,-0.004089424997591129,119293.53667045987
2012-04-04,-0.009910403265593337,0.0,0.0,-0.009910403265593337,118111.28961507678
2012-04-05,-0.0005008855852889349,0.0,0.0,-0.0005008855852889349,118052.1293726487
2012-04-09,-0.011231125107964868,0.0,0.0,-0.011231125107964868,116726.27113840284
2012-04-10,-0.01678441742834824,0.0,0.0,-0.01678441742834824,114767.08867876133
2012-04-11,0.008093877525766624,0.0,0.0,0.008093877525766624,115695.99943851602
2012-04-12,0.01306545236760348,0.0,0.0,0.01306545236760348,117207.62000830226
2012-04-13,-0.011888087108765433,0.0,0.0,-0.011888087108765433,115814.24561183246
2012-04-16,-0.0006561168476874046,0.0,0.0,-0.0006561168476874046,115738.25793408434
2012-04-17,0.014811808468729426,0.0,0.0,0.014811808468729426,117452.55084310839
2012-04-18,-0.0033794302561223066,0.0,0.0,-0.0033794302561223066,117055.62813913044
2012-04-19,-0.006420696445766372,0.0,0.0,-0.006420696445766372,116304.04948358057
2012-04-20,0.0016699103621198308,0.0,0.0,0.0016699103621198308,116498.26682096971
2012-04-23,-0.008408562631136873,0.0,0.0,-0.008408562631136873,115518.68384798669
2012-04-24,0.0038011763411742727,0.0,0.0,0.0038011763411742727,115957.79073599326
2012-04-25,0.013691829519682619,0.0,0.0,0.013691829519682619,117545.46503822951
2012-04-26,0.00696881513354497,0.0,0.0,0.00696881513354497,118364.61765386749
2012-04-27,0.0016407697198774773,0.0,0.0,0.0016407697198774773,118558.82673441885
2012-04-30,-0.0037039833089882457,0.0,0.0,-0.0037039833089882457,118119.68681906133
2012-05-01,0.006220256134608304,0.0,0.0,0.006220256134608304,118854.4215256156
2012-05-02,-0.0029842998788580655,0.0,0.0,-0.0029842998788580655,118499.72428985496
2012-05-03,-0.007625155138329176,0.0,0.0,-0.007625155138329176,117596.14550829558
2012-05-04,-0.016158234281969275,0.0,0.0,-0.016158234281969275,115695.99943851598
2012-05-07,0.0007302950925995866,0.0,0.0,0.0007302950925995866,115780.49165913933
2012-05-08,-0.00401180199334239,0.0,0.0,-0.00401180199334239,115316.00325191102
2012-05-09,-0.0059320690453655844,0.0,0.0,-0.0059320690453655844,114631.9407585851
2012-05-10,0.0020626978910016636,0.0,0.0,0.0020626978910016636,114868.39182102926
2012-05-11,-0.003014035958108119,0.0,0.0,-0.003014035958108119,114522.17435763063
2012-05-14,-0.01106151558978452,0.0,0.0,-0.01106151558978452,113255.38554059768
2012-05-15,-0.0057413095720740825,0.0,0.0,-0.0057413095720740825,112605.15131150451
2012-05-16,-0.003824735444982852,0.0,0.0,-0.003824735444982852,112174.46639799573
2012-05-17,-0.014831169223102902,0.0,0.0,-0.014831169223102902,110510.7879043358
2012-05-18,-0.00855847892963546,0.0,0.0,-0.00855847892963546,109564.98365455914
2012-05-21,0.017188076269935904,0.0,0.0,0.017188076269935904,111448.19495012799
2012-05-22,0.0017425951190888078,0.0,0.0,0.0017425951190888078,111642.40403067933
2012-05-23,0.0005299083528498283,0.0,0.0,0.0005299083528498283,111701.56427310742
2012-05-24,0.00196557294296551,0.0,0.0,0.00196557294296551,111921.12184552956
2012-05-25,-0.003244420751603916,0.0,0.0,-0.003244420751603916,111558.00263527114
2012-05-29,0.012111701116661822,0.0,0.0,0.012111701116661822,112909.15982036131
2012-05-30,-0.014509867729462278,0.0,0.0,-0.014509867729462278,111270.86284592315
2012-05-31,-0.0022006190465446718,0.0,0.0,-0.0022006190465446718,111025.99806581896
2012-06-01,-0.02517723502649616,0.0,0.0,-0.02517723502649616,108230.67041846452
2012-06-04,-0.00046826347716533157,0.0,0.0,-0.00046826347716533157,108179.98994839843
2012-06-05,0.007572050609275793,0.0,0.0,0.007572050609275793,108999.13430719865
2012-06-06,0.02246862471427513,0.0,0.0,0.02246862471427513,111448.19495012796
2012-06-07,0.0006058816752649854,0.0,0.0,0.0006058816752649854,111515.71936918961
2012-06-08,0.007951435609853341,0.0,0.0,0.007951435609853341,112402.42943124019
2012-06-11,-0.012696964296706859,0.0,0.0,-0.012696964296706859,110975.25979788862
2012-06-12,0.011490872263019813,0.0,0.0,0.011490872263019813,112250.4623325816
2012-06-13,-0.006394554290378496,0.0,0.0,-0.006394554290378496,111532.67065707581
2012-06-14,0.010600228784366283,0.0,0.0,0.010600228784366283,112714.9424829722
2012-06-15,0.010227378696065603,0.0,0.0,0.010227378696065603,113867.72088445081
2012-06-18,0.0019381876998718628,0.0,0.0,0.0019381876998718628,114088.4179004815
2012-06-19,0.009672843326267166,0.0,0.0,0.009672843326267166,115191.97729217455
2012-06-20,-0.001621592446359621,0.0,0.0,-0.001621592446359621,115005.18285191632
2012-06-21,-0.022438776153431816,0.0,0.0,-0.022438776153431816,112424.60729741768
2012-06-22,0.007701855325449314,0.0,0.0,0.007701855325449314,113290.48535784284
2012-06-25,-0.016034697081979132,0.0,0.0,-0.016034697081979132,111473.90674285944
2012-06-26,0.00502570255286372,0.0,0.0,0.00502570255286372,112034.14144055473
2012-06-27,0.009016740795878553,0.0,0.0,0.009016740795878553,113044.324254213
2012-06-28,-0.0028537735935189046,0.0,0.0,-0.0028537735935189046,112721.72134675914
2012-06-29,0.024926523177245974,0.0,0.0,0.024926523177245974,115531.48194648819
2012-07-02,0.0030126029331016824,0.0,0.0,0.0030126029331016824,115879.53242786578
2012-07-03,0.006592813700534661,0.0,0.0,0.006592813700534661,116643.50459686776
2012-07-05,-0.004511747731172133,0.0,0.0,-0.004511747731172133,116117.23852964689
2012-07-06,-0.009503979937369844,0.0,0.0,-0.009503979937369844,115013.66262427832
2012-07-09,-0.0012544595087905508,0.0,0.0,-0.0012544595087905508,114869.38264155846
2012-07-10,-0.008720006446219286,0.0,0.0,-0.008720006446219286,113867.72088445083
2012-07-11,0.00014915829618145082,0.0,0.0,0.00014915829618145082,113884.70519968803
2012-07-12,-0.004845217876750851,0.0,0.0,-0.004845217876750851,113332.90899016599
2012-07-13,0.01677800568354293,0.0,0.0,0.01677800568354293,115234.40918133545
2012-07-16,-0.002357511765346376,0.0,0.0,-0.002357511765346376,114962.74270591771
2012-07-17,0.006866959632812142,0.0,0.0,0.006866959632812142,115752.18721935661
2012-07-18,0.007407188655868646,0.0,0.0,0.007407188655868646,116609.5855074198
2012-07-19,0.002620445393579862,0.0,0.0,0.002620445393579862,116915.15455860997
2012-07-20,-0.00914801185723102,0.0,0.0,-0.00914801185723102,115845.61333841781
2012-07-23,-0.010112639363022757,0.0,0.0,-0.010112639363022757,114674.10842893821
2012-07-24,-0.0085868900053937,0.0,0.0,-0.0085868900053937,113689.41447339233
2012-07-25,0.00022426991174384625,0.0,0.0,0.00022426991174384625,113714.91158834251
2012-07-26,0.01649756890887022,0.0,0.0,0.01649756890887022,115590.93117823727
2012-07-27,0.018432764959745773,0.0,0.0,0.018432764959745773,117721.59164412385
2012-07-30,0.0,0.0,0.0,0.0,117721.59164412385
2012-07-31,-0.006994580453877242,0.0,0.0,-0.006994580453877242,116898.17850021056
2012-08-01,-0.0008713960178112767,0.0,0.0,-0.0008713960178112767,116796.31389297609
2012-08-02,-0.00690429153495431,0.0,0.0,-0.00690429153495431,115989.91809165095
2012-08-03,0.019832654944307526,0.0,0.0,0.019832654944307526,118290.30611418116
2012-08-06,0.001938037929422931,0.0,0.0,0.001938037929422931,118519.55721411349
2012-08-07,0.005013198310448885,0.0,0.0,0.005013198310448885,119113.71925809444
2012-08-08,0.001211903172520401,0.0,0.0,0.001211903172520401,119258.07355235402
2012-08-09,0.000853598834026803,0.0,0.0,0.000853598834026803,119359.87210488658
2012-08-10,0.0016360814234648302,0.0,0.0,0.0016360814234648302,119555.15457434453
2012-08-13,-0.0004969082911721046,0.0,0.0,-0.0004969082911721046,119495.74662678417
2012-08-14,0.00014185683059642074,0.0,0.0,0.00014185683059642074,119512.69791467041
2012-08-15,0.0011362826940350956,0.0,0.0,0.0011362826940350956,119648.49812502829
2012-08-16,0.007379145360675521,0.0,0.0,0.007379145360675521,120531.40178487937
2012-08-17,0.0013379442665482078,0.0,0.0,0.0013379442665482078,120692.66608283648
2012-08-20,7.012239402093279e-05,0.0,0.0,7.012239402093279e-05,120701.12934152299
2012-08-21,-0.0030242180977791966,0.0,0.0,-0.0030242180977791966,120336.10280174598
2012-08-22,0.00042321609236650737,0.0,0.0,0.00042321609236650737,120387.03097694434
2012-08-23,-0.008179265107542855,0.0,0.0,-0.008179265107542855,119402.35353507394
2012-08-24,0.00604313925974953,0.0,0.0,0.00604313925974953,120123.91858542824
2012-08-27,0.00021177561792495858,0.0,0.0,0.00021177561792495858,120149.35790251424
2012-08-28,-0.0009888329022896825,0.0,0.0,-0.0009888329022896825,120030.55026423126
2012-08-29,0.0007778713085249134,0.0,0.0,0.0007778713085249134,120123.91858542826
2012-08-30,-0.007207931969505643,0.0,0.0,-0.007207931969505643,119258.07355235405
2012-08-31,0.0047687712296276,0.0,0.0,0.0047687712296276,119826.78802241133
2012-09-04,-0.0009212102369341446,0.0,0.0,-0.0009212102369341446,119716.40235862615
2012-09-05,-0.0008508826295107186,0.0,0.0,-0.0008508826295107186,119614.53775139168
2012-09-06,0.020297065071643194,0.0,0.0,0.020297065071643194,122042.3618076462
2012-09-07,0.003895333414114077,0.0,0.0,0.003895333414114077,122517.75749753293
2012-09-10,-0.005681700627004127,0.0,0.0,-0.005681700627004127,121821.64827794007
2012-09-11,0.002787305870015633,0.0,0.0,0.002787305870015633,122161.20247328015
2012-09-12,0.0033352808175863835,0.0,0.0,0.0033352808175863835,122568.64438854255
2012-09-13,0.015236819665624513,0.0,0.0,0.015236819665624513,124436.20071975084
2012-09-14,0.00443370689520739,0.0,0.0,0.00443370689520739,124987.9143608954
2012-09-17,-0.003395672100235392,0.0,0.0,-0.003395672100235392,124563.49638723349
2012-09-18,-0.0008177062570567939,0.0,0.0,-0.0008177062570567939,124461.64003683678
2012-09-19,0.0005452519297430847,0.0,0.0,0.0005452519297430847,124529.50298624586
2012-09-20,6.849231052830085e-05,0.0,0.0,6.849231052830085e-05,124538.03229963432
2012-09-21,-0.0004182186880635763,0.0,0.0,-0.0004182186880635763,124485.94816715195
2012-09-24,-0.0015079549848741047,0.0,0.0,-0.0015079549848741047,124298.2289610665
2012-09-25,-0.010641973299410967,0.0,0.0,-0.010641973299410967,122975.45052729877
2012-09-26,-0.005621141885423064,0.0,0.0,-0.005621141885423064,122284.188071461
2012-09-27,0.00942157457796755,0.0,0.0,0.00942157457796755,123436.29766908249
2012-09-28,-0.004632168719064911,0.0,0.0,-0.004632168719064911,122864.51991222257
2012-10-01,0.0026394565284009186,0.0,0.0,0.0026394565284009186,123188.81547141373
2012-10-02,0.0010391691151216964,0.0,0.0,0.0010391691151216964,123316.82948378006
2012-10-03,0.004082526041310874,0.0,0.0,0.004082526041310874,123820.2736514795
2012-10-04,0.007168202322618944,0.0,0.0,0.007168202322618944,124707.84242465533
2012-10-05,6.846057200737832e-05,0.0,0.0,6.846057200737832e-05,124716.37999488154
2012-10-08,-0.003421536380463386,0.0,0.0,-0.003421536380463386,124289.65836348935
2012-10-09,-0.009886774919738217,0.0,0.0,-0.009886774919738217,123060.83448639838
2012-10-10,-0.006380453931103092,0.0,0.0,-0.006380453931103092,122275.6505012348
2012-10-11,0.0005580383897187957,0.0,0.0,0.0005580383897187957,122343.88500834235
2012-10-12,-0.003278401752656146,0.0,0.0,-0.003278401752656146,121942.79260130423
2012-10-15,0.008328557468549658,0.0,0.0,0.008328557468549658,122958.40015735962
2012-10-16,0.01013295588833163,0.0,0.0,0.01013295588833163,124204.33220225398
2012-10-17,0.00453478696472942,0.0,0.0,0.00453478696472942,124767.57238888767
2012-10-18,-0.002599131297855606,0.0,0.0,-0.002599131297855606,124443.28508653423
2012-10-19,-0.0166641862747563,0.0,0.0,-0.0166641862747563,122369.53900320963
2012-10-22,0.00013960498200171756,0.0,0.0,0.00013960498200171756,122386.62240049973
2012-10-23,-0.013876714231655374,0.0,0.0,-0.013876714231655374,120688.29821567048
2012-10-24,-0.0028283266412483243,0.0,0.0,-0.0028283266412483243,120346.95228654018
2012-10-25,0.002907495896004031,0.0,0.0,0.002907495896004031,120696.86055640988
2012-10-26,-0.0005655431077998818,0.0,0.0,-0.0005655431077998818,120628.60127878914
2012-10-31,0.0,0.0,0.0,0.0,120628.60127878914
2012-11-01,0.01047035019583098,0.0,0.0,0.01047035019583098,121891.62497781131
2012-11-02,-0.008891782405251236,0.0,0.0,-0.008891782405251236,120807.79117148614
2012-11-05,0.002048971645742581,0.0,0.0,0.002048971645742581,121055.3229101813
2012-11-06,0.007824723466074213,0.0,0.0,0.007824723466074213,122002.54733604979
2012-11-07,-0.022663260498942184,0.0,0.0,-0.022663260498942184,119237.57182423836
2012-11-08,-0.012024247510745378,0.0,0.0,-0.012024247510745378,117803.82974804344
2012-11-09,0.0008689022905110644,0.0,0.0,0.0008689022905110644,117906.1897655425
2012-11-12,0.0007963683586016401,0.0,0.0,0.0007963683586016401,118000.08652435505
2012-11-13,-0.0034714379398336215,0.0,0.0,-0.0034714379398336215,117590.45654709075
2012-11-14,-0.01349898905213176,0.0,0.0,-0.01349898905213176,116003.1042615264
2012-11-15,-0.0016915387757059364,0.0,0.0,-0.0016915387757059364,115806.88051256578
2012-11-16,0.004937338388955714,0.0,0.0,0.004937338388955714,116378.65826942568
2012-11-19,0.020238425146482664,0.0,0.0,0.020238425146482664,118733.97903345955
2012-11-20,0.00043184741891910683,0.0,0.0,0.00043184741891910683,118785.25399584314
2012-11-21,0.0018680981592957835,0.0,0.0,0.0018680981592957835,119007.15651018426
2012-11-23,0.013624766914468012,0.0,0.0,0.013624766914468012,120628.60127878914
2012-11-26,-0.0021226541013612543,0.0,0.0,-0.0021226541013612543,120372.54848354324
2012-11-27,-0.0051044244587363785,0.0,0.0,-0.0051044244587363785,119758.11590290342
2012-11-28,0.008052611831374179,0.0,0.0,0.008052611831374179,120722.48152392622
2012-11-29,0.004665578271120019,0.0,0.0,0.004665578271120019,121285.72171055994
2012-11-30,0.0002109724030532334,0.0,0.0,0.0002109724030532334,121311.30965072525
2012-12-03,-0.004924237474190463,0.0,0.0,-0.004924237474190463,120713.94395370003
2012-12-04,-0.0014140338809986996,0.0,0.0,-0.0014140338809986996,120543.25034704052
2012-12-05,0.00177030211854734,0.0,0.0,0.00177030211854734,120756.64831850647
2012-12-06,0.0033916469880985733,0.0,0.0,0.0033916469880985733,121166.21224106883
2012-12-07,0.0030286921303956937,0.0,0.0,0.0030286921303956937,121533.18739455321
2012-12-10,0.00042142533753408706,0.0,0.0,0.00042142533753408706,121584.40455907256
2012-12-11,0.00680848653735322,0.0,0.0,0.00680848653735322,122412.21034066511
2012-12-12,0.0004881435812593704,0.0,0.0,0.0004881435812593704,122471.9650754107
2012-12-13,-0.006132021123735787,0.0,0.0,-0.006132021123735787,121720.96439850284
2012-12-14,-0.003715954550579159,0.0,0.0,-0.003715954550579159,121268.65482694533
2012-12-17,0.011752591975874305,0.0,0.0,0.011752591975874305,122693.87584658955
2012-12-18,0.011128242493153806,0.0,0.0,0.011128242493153806,124059.2430494353
2012-12-19,-0.007428936419498933,0.0,0.0,-0.007428936419498933,123137.61482056988
2012-12-20,0.0057523392871019485,0.0,0.0,0.0057523392871019485,123845.94416002228
2012-12-21,-0.009077552013114332,0.0,0.0,-0.009077552013114332,122721.72616029641
2012-12-24,-0.00308146878680704,0.0,0.0,-0.00308146878680704,122343.56299167038
2012-12-26,-0.004214954442938734,0.0,0.0,-0.004214954442938734,121827.89044727366
2012-12-27,-0.0013402429096236457,0.0,0.0,-0.0013402429096236457,121664.6114809073
2012-12-28,-0.01080799860848447,0.0,0.0,-0.01080799860848447,120349.66052931985
2012-12-31,0.01699623559860397,0.0,0.0,0.01699623559860397,122395.15171388819
2013-01-02,0.025630671319641918,0.0,0.0,0.025630671319641918,125532.22161858458
2013-01-03,-0.0022594249480347717,0.0,0.0,-0.0022594249480347717,125248.59098527732
2013-01-04,0.004391434546931805,0.0,0.0,0.004391434546931805,125798.61197468461
2013-01-07,-0.0027328596691623686,0.0,0.0,-0.0027328596691623686,125454.82202158238
2013-01-08,-0.0028772443321898322,0.0,0.0,-0.0028772443321898322,125093.85784597488
2013-01-09,0.0025422540161652574,0.0,0.0,0.0025422540161652574,125411.87820848143
2013-01-10,0.007949251724175932,0.0,0.0,0.007949251724175932,126408.80879756233
2013-01-11,-6.753936143688577e-05,0.0,0.0,-6.753936143688577e-05,126400.27122733615
2013-01-14,-0.0006805344226761267,0.0,0.0,-0.0006805344226761267,126314.25149173035
2013-01-15,0.0006809978651651782,0.0,0.0,0.0006809978651651782,126400.27122733615
2013-01-16,-0.00013652495137195242,0.0,0.0,-0.00013652495137195242,126383.01443645344
2013-01-17,0.00646053723566653,0.0,0.0,0.00646053723566653,127199.51660717592
2013-01-18,0.00223026343761612,0.0,0.0,0.00223026343761612,127483.20503834735
2013-01-22,0.005393105428838085,0.0,0.0,0.005393105428838085,128170.73540352535
2013-01-23,0.001609033728766196,0.0,0.0,0.001609033728766196,128376.96643983039
2013-01-24,0.00026813810533865556,0.0,0.0,0.00026813810533865556,128411.38919638068
2013-01-25,0.00562193197110572,0.0,0.0,0.00562193197110572,129133.30929075793
2013-01-28,-0.0011976040246655106,0.0,0.0,-0.0011976040246655106,128978.65871983294
2013-01-29,0.003931289182456998,0.0,0.0,0.003931289182456998,129485.71112562604
2013-01-30,-0.003915894668108599,0.0,0.0,-0.003915894668108599,128978.65871983294
2013-01-31,-0.0024666422974963798,0.0,0.0,-0.0024666422974963798,128660.51450476026
2013-02-01,0.010288212284977893,0.0,0.0,0.010288212284977893,129984.2011906797
2013-02-04,-0.011240891204020609,0.0,0.0,-0.011240891204020609,128523.06292685373
2013-02-05,0.01009781022985723,0.0,0.0,0.01009781022985723,129820.86442644912
2013-02-06,0.0007281767513751536,0.0,0.0,0.0007281767513751536,129915.39696176788
2013-02-07,-0.001323034800448375,0.0,0.0,-0.001323034800448375,129743.51437047341
2013-02-08,0.005564654971345284,0.0,0.0,0.005564654971345284,130465.49226271486
2013-02-11,-0.00019834309469524136,0.0,0.0,-0.00019834309469524136,130439.61533322855
2013-02-12,0.001647447813675429,0.0,0.0,0.001647447813675429,130654.50779232592
2013-02-13,0.0008552941945976222,0.0,0.0,0.0008552941945976222,130766.25583433872
2013-02-14,0.0009201677883940995,0.0,0.0,0.0009201677883940995,130886.58273076639
2013-02-15,-0.0011816247665421553,0.0,0.0,-0.0011816247665421553,130731.92390300366
2013-02-19,0.007494392626720137,0.0,0.0,0.007494392626720137,131711.68026957926
2013-02-20,-0.012463459523862741,0.0,0.0,-0.012463459523862741,130070.09707371941
2013-02-21,-0.00607902639088298,0.0,0.0,-0.00607902639088298,129279.39752094357
2013-02-22,0.00977234001392202,0.0,0.0,0.00977234001392202,130542.75975031321
2013-02-25,-0.01902650436953568,0.0,0.0,-0.01902650436953568,128058.98736151264
2013-02-26,0.006845698624844632,0.0,0.0,0.006845698624844632,128935.64059519235
2013-02-27,0.01259796280903358,0.0,0.0,0.01259796280903358,130559.96700016952
2013-02-28,-0.001974343463920003,0.0,0.0,-0.001974343463920003,130302.19678267311
2013-03-01,0.003297926903314652,0.0,0.0,0.003297926903314652,130731.9239030037
2013-03-04,0.005324707223840486,0.0,0.0,0.005324707223840486,131428.0331225966
2013-03-05,0.008959333884425602,0.0,0.0,0.008959333884425602,132605.5407531153
2013-03-06,0.0013609514468413408,0.0,0.0,0.0013609514468413408,132786.0104556624
2013-03-07,0.0018123429721965678,0.0,0.0,0.0018123429721965678,133026.66424851774
2013-03-08,0.004263770839603609,0.0,0.0,0.004263770839603609,133593.8594604303
2013-03-11,0.0037958477198554164,0.0,0.0,0.0037958477198554164,134100.96140724988
2013-03-12,-0.0022432454348666475,0.0,0.0,-0.0022432454348666475,133800.14003776183
2013-03-13,0.0014131643229942092,0.0,0.0,0.0014131643229942092,133989.22162207484
2013-03-14,0.005324116810868862,0.0,0.0,0.005324116810868862,134702.59588938815
2013-03-15,-0.0013205782053350434,0.0,0.0,-0.0013205782053350434,134524.71057705456
2013-03-18,-0.00551854402897245,0.0,0.0,-0.00551854402897245,133782.33003875034
2013-03-19,-0.0023230206538933373,0.0,0.0,-0.0023230206538933373,133471.55092294433
2013-03-20,0.0069847321727498635,0.0,0.0,0.0069847321727498635,134403.81395882263
2013-03-21,-0.008542512907086186,0.0,0.0,-0.008542512907086186,133255.66764331778
2013-03-22,0.008033483972130107,0.0,0.0,0.008033483972130107,134326.17491352587
2013-03-25,-0.00417771128790978,0.0,0.0,-0.00417771128790978,133764.9989363279
2013-03-26,0.008002771764250571,0.0,0.0,0.008002771764250571,134835.48969286054
2013-03-27,0.0,0.0,0.0,0.0,134835.48969286054
2013-03-28,0.003073454082908267,0.0,0.0,0.003073454082908267,135249.900379178
2013-04-01,-0.003957424355558792,0.0,0.0,-0.003957424355558792,134714.65912933057
2013-04-02,0.004934440671147122,0.0,0.0,0.004934440671147122,135379.40062233803
2013-04-03,-0.010139280624858249,0.0,0.0,-0.010139280624858249,134006.75088860304
2013-04-04,0.004058647458861087,0.0,0.0,0.004058647458861087,134550.63704756732
2013-04-05,-0.004490888433989371,0.0,0.0,-0.004490888433989371,133946.3851478645
2013-04-08,0.006767029455422291,0.0,0.0,0.006767029455422291,134852.80428160744
2013-04-09,0.003456411232298784,0.0,0.0,0.003456411232298784,135318.91102903336
2013-04-10,0.012248920888155324,0.0,0.0,0.012248920888155324,136976.42166489933
2013-04-11,0.003277504086482086,0.0,0.0,0.003277504086482086,137425.36244665776
2013-04-12,-0.0024503982708303784,0.0,0.0,-0.0024503982708303784,137088.61557615022
2013-04-15,-0.023173104252407595,0.0,0.0,-0.023173104252407595,133911.84679558585
2013-04-16,0.014762524080056183,0.0,0.0,0.014762524080056183,135888.72365851048
2013-04-17,-0.014611501471649913,0.0,0.0,-0.014611501471649913,133903.18537279352
2013-04-18,-0.006253588771658269,0.0,0.0,-0.006253588771658269,133065.80991625696
2013-04-19,0.008693066544749328,0.0,0.0,0.008693066544749328,134222.55985668994
2013-04-22,0.0044379502665119475,0.0,0.0,0.0044379502665119475,134818.23290197784
2013-04-23,0.010309178591886292,0.0,0.0,0.010309178591886292,136208.09814240687
2013-04-24,0.0006336534031667895,0.0,0.0,0.0006336534031667895,136294.40686733366
2013-04-25,0.0040538920410815305,0.0,0.0,0.0040538920410815305,136846.9296785771
2013-04-26,-0.00176604357367105,0.0,0.0,-0.00176604357367105,136605.25203784162
2013-04-29,0.006698540300401845,0.0,0.0,0.006698540300401845,137520.30782386364
2013-04-30,0.0023852433011810614,0.0,0.0,0.0023852433011810614,137848.32721687687
2013-05-01,-0.008767388611151894,0.0,0.0,-0.008767388611151894,136639.7573627693
2013-05-02,0.009287206549839944,0.0,0.0,0.009287206549839944,137908.75901231737
2013-05-03,0.010140477070020637,0.0,0.0,0.010140477070020637,139307.21962083675
2013-05-06,0.0025409353155039227,0.0,0.0,0.0025409353155039227,139661.190254876
2013-05-07,0.0050693453765708885,0.0,0.0,0.0050693453765708885,140369.18106398094
2013-05-08,0.004551081165594439,0.0,0.0,0.004551081165594439,141008.01260015115
2013-05-09,-0.0028164171271982674,0.0,0.0,-0.0028164171271982674,140610.87521839188
2013-05-10,0.0032538585105910123,0.0,0.0,0.0032538585105910123,141068.4031114029
2013-05-13,0.000795315667976304,0.0,0.0,0.000795315667976304,141180.5970226538
2013-05-14,0.010333694609883315,0.0,0.0,0.010333694609883315,142639.5141971269
2013-05-15,0.00538652829585784,0.0,0.0,0.00538652829585784,143407.84597645715
2013-05-16,-0.004695085446686065,0.0,0.0,-0.004695085446686065,142734.5338858725
2013-05-17,0.00967707898753889,0.0,0.0,0.00967707898753889,144115.78724453563
2013-05-20,-6.015773702405802e-05,0.0,0.0,-6.015773702405802e-05,144107.11756490555
2013-05-21,0.0014379137095927863,0.0,0.0,0.0014379137095927863,144314.33116490202
2013-05-22,-0.007417828879012434,0.0,0.0,-0.007417828879012434,143243.83215153165
2013-05-23,-0.002893043840652587,0.0,0.0,-0.002893043840652587,142829.42146521417
2013-05-24,-0.0008459781065444094,0.0,0.0,-0.0008459781065444094,142708.5909016842
2013-05-28,0.005988537398793348,0.0,0.0,0.005988537398793348,143563.20663542804
2013-05-29,-0.006493976312446081,0.0,0.0,-0.006493976312446081,142630.91057219877
2013-05-30,0.0036920790553445215,0.0,0.0,0.0036920790553445215,143157.51516976708
2013-05-31,-0.014351781999089153,0.0,0.0,-0.014351781999089153,141102.94972051927
2013-06-03,0.005506276938028298,0.0,0.0,0.005506276938028298,141879.90163845316
2013-06-04,-0.004807219465479351,0.0,0.0,-0.004807219465479351,141197.85381353647
2013-06-05,-0.014000698684113688,0.0,0.0,-0.014000698684113688,139220.98520744962
2013-06-06,0.009052803533014409,0.0,0.0,0.009052803533014409,140481.32543420536
2013-06-07,0.012720629403962791,0.0,0.0,0.012720629403962791,142268.33631323138
2013-06-10,0.0,0.0,0.0,0.0,142268.33631323138
2013-06-11,-0.010315393184335164,0.0,0.0,-0.010315393184335164,140800.78248647915
2013-06-12,-0.008277551119979853,0.0,0.0,-0.008277551119979853,139635.29681171416
2013-06-13,0.015208964044175044,0.0,0.0,0.015208964044175044,141759.00502022123
2013-06-14,-0.006272468238676443,0.0,0.0,-0.006272468238676443,140869.8261636855
2013-06-17,0.007721240092163573,0.0,0.0,0.007721240092163573,141957.51591323665
2013-06-18,0.007906368753010762,0.0,0.0,0.007906368753010762,143079.8843813081
2013-06-19,-0.013816999289154253,0.0,0.0,-0.013816999289154253,141102.94972051927
2013-06-20,-0.02477859731957388,0.0,0.0,-0.02477859731957388,137606.61654879045
2013-06-21,0.003210291365352891,0.0,0.0,0.003210291365352891,138048.37388171244
2013-06-24,-0.012636011397381353,0.0,0.0,-0.012636011397381353,136303.99305595318
2013-06-25,0.00961454236711945,0.0,0.0,0.00961454236711945,137614.4935719972
2013-06-26,0.009900741783136713,0.0,0.0,0.009900741783136713,138976.97913847066
2013-06-27,0.005869979961672378,0.0,0.0,0.005869979961672378,139792.77122114727
2013-06-28,-0.004097327989304067,0.0,0.0,-0.004097327989304067,139219.99438692047
2013-07-01,0.005859615011432284,0.0,0.0,0.005859615011432284,140035.7699559216
2013-07-02,-0.0009296003720760115,0.0,0.0,-0.0009296003720760115,139905.5926520666
2013-07-03,0.00043413059682340105,0.0,0.0,0.00043413059682340105,139966.32995050357
2013-07-05,0.010788737748476995,0.0,0.0,0.010788737748476995,141476.38997795637
2013-07-08,0.005704646988418327,0.0,0.0,0.005704646988418327,142283.4628399764
2013-07-09,0.007197108575470068,0.0,0.0,0.007197108575470068,143307.49237052957
2013-07-10,0.0003636736570520327,0.0,0.0,0.0003636736570520327,143359.6095303629
2013-07-11,0.013620478856424922,0.0,0.0,0.013620478856424922,145312.23606083653
2013-07-12,0.0004183187948327838,0.0,0.0,0.0004183187948327838,145373.02290029995
2013-07-15,0.003820546869941488,0.0,0.0,0.003820546869941488,145928.42734791565
2013-07-16,-0.0037463690287787843,0.0,0.0,-0.0037463690287787843,145381.72560728103
2013-07-17,0.0025666431576572,0.0,0.0,0.0025666431576572,145754.86861855935
2013-07-18,0.005477598630368119,0.0,0.0,0.005477598630368119,146553.25528727385
2013-07-19,0.001776744123155094,0.0,0.0,0.001776744123155094,146813.64292233475
2013-07-22,0.0019504122861127016,0.0,0.0,0.0019504122861127016,147099.99005525943
2013-07-23,-0.002123876598492447,0.0,0.0,-0.002123876598492447,146787.5678287426
2013-07-24,-0.0036656039493977444,0.0,0.0,-0.0036656039493977444,146249.50274038708
2013-07-25,0.0024327408413433727,0.0,0.0,0.0024327408413433727,146605.2898787298
2013-07-26,0.0010659159110280036,0.0,0.0,0.0010659159110280036,146761.5587898524
2013-07-29,-0.0030748461226692836,0.0,0.0,-0.0030748461226692836,146310.28957985053
2013-07-30,0.0,0.0,0.0,0.0,146310.28957985053
2013-07-31,0.0007114038041085013,0.0,0.0,0.0007114038041085013,146414.37527643784
2013-08-01,0.011558889045537812,0.0,0.0,0.011558889045537812,148106.76279492993
2013-08-02,0.001699236480867894,0.0,0.0,0.001699236480867894,148358.43120933432
2013-08-05,-0.0014626044109210534,0.0,0.0,-0.0014626044109210534,148141.4415134502
2013-08-06,-0.005682526284624179,0.0,0.0,-0.005682526284624179,147299.62387820793
2013-08-07,-0.003240522802103185,0.0,0.0,-0.003240522802103185,146822.29608828935
2013-08-08,0.0036649618623516567,0.0,0.0,0.0036649618623516567,147360.39420399585
2013-08-09,-0.0028858512045167872,0.0,0.0,-0.0028858512045167872,146935.13403288418
2013-08-12,-0.0011813052349545217,0.0,0.0,-0.0011813052349545217,146761.5587898524
2013-08-13,0.0029568121788525747,0.0,0.0,0.0029568121788525747,147195.50515426963
2013-08-14,-0.005129829275691611,0.0,0.0,-0.005129829275691611,146440.41734267902
2013-08-15,-0.013985500619261071,0.0,0.0,-0.013985500619261071,144392.37479524812
2013-08-16,-0.003305997411195971,0.0,0.0,-0.003305997411195971,143915.0139779786
2013-08-19,-0.006391927204205117,0.0,0.0,-0.006391927204205117,142995.11968503922
2013-08-20,0.004915700006259183,0.0,0.0,0.004915700006259183,143698.04079577
2013-08-21,-0.006160133122494749,0.0,0.0,-0.006160133122494749,142812.84173502636
2013-08-22,0.009115237976743185,0.0,0.0,0.009115237976743185,144114.6147735761
2013-08-23,0.0033724128811480902,0.0,0.0,0.0033724128811480902,144600.6287568002
2013-08-26,-0.0037208141183774357,0.0,0.0,-0.0037208141183774357,144062.59669579566
2013-08-27,-0.016084208827401136,0.0,0.0,-0.016084208827401136,141745.4638063228
2013-08-28,0.0035506412287733546,0.0,0.0,0.0035506412287733546,142248.75109410513
2013-08-29,0.0015861393961478232,0.0,0.0,0.0015861393961478232,142474.3774422683
2013-08-30,-0.0031673709905118974,0.0,0.0,-0.0031673709905118974,142023.10823226642
2013-09-03,0.004521917930387032,0.0,0.0,0.004521917930387032,142665.3250719112
2013-09-04,0.00827331346812099,0.0,0.0,0.00827331346812099,143845.6400272625
2013-09-05,0.001266259029988115,0.0,0.0,0.001266259029988115,144027.78586787143
2013-09-06,0.00048212922943702274,0.0,0.0,0.00048212922943702274,144097.22587328943
2013-09-09,0.00957662636190304,0.0,0.0,0.00957662636190304,145477.19116526467
2013-09-10,0.007396789238161006,0.0,0.0,0.007396789238161006,146553.2552872738
2013-09-11,0.003138711792902482,0.0,0.0,0.003138711792902482,147013.2437179322
2013-09-12,-0.002656328015173237,0.0,0.0,-0.002656328015173237,146622.72832004278
2013-09-13,0.0022489355905432884,0.0,0.0,0.0022489355905432884,146952.47339214428
2013-09-16,0.005787723898690089,0.0,0.0,0.005787723898690089,147802.9937343676
2013-09-17,0.004462400809623013,0.0,0.0,0.004462400809623013,148462.54993327256
2013-09-18,0.011574168054183875,0.0,0.0,0.011574168054183875,150180.8804359529
2013-09-19,-0.001675988588059285,0.0,0.0,-0.001675988588059285,149929.17899419754
2013-09-20,-0.006991778473001475,0.0,0.0,-0.006991778473001475,148880.90738803113
2013-09-23,-0.004627416904430137,0.0,0.0,-0.004627416904430137,148191.97336043688
2013-09-24,-0.002353381932079901,0.0,0.0,-0.002353381932079901,147843.22104785117
2013-09-25,-0.002890165339796913,0.0,0.0,-0.002890165339796913,147415.92969465474
2013-09-26,0.003844783743516711,0.0,0.0,0.003844783743516711,147982.71206468015
2013-09-27,-0.004596248145621207,0.0,0.0,-0.004596248145621207,147302.54679876886
2013-09-30,-0.005328679240460321,0.0,0.0,-0.005328679240460321,146517.61877557533
2013-10-01,0.00791614360864612,0.0,0.0,0.00791614360864612,147677.47328699965
2013-10-02,-0.0009447889449517577,0.0,0.0,-0.0009447889449517577,147537.94924281968
2013-10-03,-0.009220431530701512,0.0,0.0,-0.009220431530701512,146177.58568364615
2013-10-04,0.007576217158080434,0.0,0.0,0.007576217158080434,147285.05881642937
2013-10-07,-0.008644715340047515,0.0,0.0,-0.008644715340047515,146011.8214091192
2013-10-08,-0.011646740458724048,0.0,0.0,-0.011646740458724048,144311.25962126162
2013-10-09,0.0007253778338540684,0.0,0.0,0.0007253778338540684,144415.93981016643
2013-10-10,0.02155825922534027,0.0,0.0,0.02155825922534027,147529.29607686514
2013-10-11,0.006443084186790182,0.0,0.0,0.006443084186790182,148479.83975150628
2013-10-14,0.003993737964789634,0.0,0.0,0.003993737964789634,149072.82932452773
2013-10-15,-0.007253937667513921,0.0,0.0,-0.007253937667513921,147991.4643126877
2013-10-16,0.01396590755914695,0.0,0.0,0.01396590755914695,150058.29942282147
2013-10-17,0.006683019124980927,0.0,0.0,0.006683019124980927,151061.1419077263
2013-10-18,0.00675452977538793,0.0,0.0,0.00675452977538793,152081.48888864616
2013-10-21,5.700680400644309e-05,0.0,0.0,5.700680400644309e-05,152090.15856827624
2013-10-22,0.005791561128657419,0.0,0.0,0.005791561128657419,152970.9980186916
2013-10-23,-0.00478847044873465,0.0,0.0,-0.00478847044873465,152238.50091516567
2013-10-24,0.0033224011233401463,0.0,0.0,0.0033224011233401463,152744.29828162183
2013-10-25,0.004567674757426365,0.0,0.0,0.004567674757426365,153441.9845572236
2013-10-28,0.0015911857029409227,0.0,0.0,0.0015911857029409227,153686.13924928193
2013-10-29,0.005333527890642786,0.0,0.0,0.005333527890642786,154505.8285593732
2013-10-30,-0.004966955190843336,0.0,0.0,-0.004966955190843336,153738.40503219466
2013-10-31,-0.002836055010208116,0.0,0.0,-0.002836055010208116,153302.3944583417
2013-11-01,0.0023890057048310265,0.0,0.0,0.0023890057048310265,153668.63475326693
2013-11-04,0.0035188723102308472,0.0,0.0,0.0035188723102308472,154209.3750570512
2013-11-05,-0.0031673916928840473,0.0,0.0,-0.0031673916928840473,153720.93356353065
2013-11-06,0.005105973387275586,0.0,0.0,0.005105973387275586,154505.8285593732
2013-11-07,-0.012642799160132223,0.0,0.0,-0.012642799160132223,152552.44239982724
2013-11-08,0.013491527229104738,0.0,0.0,0.013491527229104738,154610.60783033093
2013-11-11,0.0001684364779792613,0.0,0.0,0.0001684364779792613,154636.6498965721
2013-11-12,-0.0020298677179376723,0.0,0.0,-0.0020298677179376723,154322.757952937
2013-11-13,0.008024056117243328,0.0,0.0,0.008024056117243328,155561.05242291914
2013-11-14,0.0049891004746747125,0.0,0.0,0.0049891004746747125,156337.1621434032
2013-11-15,0.004351370156096879,0.0,0.0,0.004351370156096879,157017.4430050429
2013-11-18,-0.0034992482379656575,0.0,0.0,-0.0034992482379656575,156467.99999427763
2013-11-19,-0.0021730742277407122,0.0,0.0,-0.0021730742277407122,156127.98341602396
2013-11-20,-0.0031283628287415155,0.0,0.0,-0.0031283628287415155,155639.55843617886
2013-11-21,0.008068636139905827,0.0,0.0,0.008068636139905827,156895.357402176
2013-11-22,0.005002349768733261,0.0,0.0,0.005002349768733261,157680.2028569921
2013-11-25,-0.0009951340854684743,0.0,0.0,-0.0009951340854684743,157523.28991252554
2013-11-26,0.00027634039769530716,0.0,0.0,0.00027634039769530716,157566.81996110623
2013-11-27,0.0024354416179430682,0.0,0.0,0.0024354416179430682,157950.56475204646
2013-11-29,-0.0006624265512605865,0.0,0.0,-0.0006624265512605865,157845.9341041681
2013-12-02,-0.0025969561326476542,0.0,0.0,-0.0025969561326476542,157436.01513758278
2013-12-03,-0.00432026474575653,0.0,0.0,-0.00432026474575653,156755.8498716715
2013-12-04,-0.00011145656559763406,0.0,0.0,-0.00011145656559763406,156738.37840300746
2013-12-05,-0.004395333937597834,0.0,0.0,-0.004395333937597834,156049.46088908866
2013-12-06,0.011176955570387337,0.0,0.0,0.011176955570387337,157793.6187802289
2013-12-09,0.002541932094443533,0.0,0.0,0.002541932094443533,158194.71944410476
2013-12-10,-0.0035828147236335317,0.0,0.0,-0.0035828147236335317,157627.93707407935
2013-12-11,-0.011230975840772706,0.0,0.0,-0.011230975840772706,155857.62152096952
2013-12-12,-0.003301514055698118,0.0,0.0,-0.003301514055698118,155343.05539283034
2013-12-13,-0.00011236392218760827,0.0,0.0,-0.00011236392218760827,155325.60043784181
2013-12-16,0.00623238003218618,0.0,0.0,0.00623238003218618,156293.64860849796
2013-12-17,-0.003180834313663561,0.0,0.0,-0.003180834313663561,155796.50440799637
2013-12-18,0.017072534502219794,0.0,0.0,0.017072534502219794,158456.34560482713
2013-12-19,-0.001155650452265844,0.0,0.0,-0.001155650452265844,158273.22545736452
2013-12-20,0.0058167602617302805,0.0,0.0,0.0058167602617302805,159193.8628657008
2013-12-23,0.0053429816196328694,0.0,0.0,0.0053429816196328694,160044.43274895058
2013-12-24,0.0021909627173137824,0.0,0.0,0.0021909627173137824,160395.08413421718
2013-12-26,0.005084288218181632,0.0,0.0,0.005084288218181632,161210.57897073502
2013-12-27,-5.4290779571530834e-05,0.0,0.0,-5.4290779571530834e-05,161201.82672272754
2013-12-30,-0.00016349582762953396,0.0,0.0,-0.00016349582762953396,161175.4708966521
2013-12-31,0.0047327282110538604,0.0,0.0,0.0047327282110538604,161938.2705946946
2014-01-02,-0.009583724280471162,0.0,0.0,-0.009583724280471162,160386.2988588587
2014-01-03,-0.00016370939543663976,0.0,0.0,-0.00016370939543663976,160360.04211483622
2014-01-06,-0.002897718835491614,0.0,0.0,-0.002897718835491614,159895.3638003398
2014-01-07,0.006141530330222134,0.0,0.0,0.006141530330222134,160877.3660267815
2014-01-08,0.00021812614958904852,0.0,0.0,0.00021812614958904852,160912.45758718895
2014-01-09,0.0006537226167706578,0.0,0.0,0.0006537226167706578,161017.64970003386
2014-01-10,0.0027228168544917164,0.0,0.0,0.0027228168544917164,161456.07127050773
2014-01-13,-0.013305052319636634,0.0,0.0,-0.013305052319636634,159307.88979493064
2014-01-14,0.01089765677056187,0.0,0.0,0.01089765677056187,161043.97249875832
2014-01-15,0.005389883962093389,0.0,0.0,0.005389883962093389,161911.98082332118
2014-01-16,-0.0012994760381248582,0.0,0.0,-0.0012994760381248582,161701.58008395592
2014-01-17,-0.004229583802254466,0.0,0.0,-0.004229583802254466,161017.6497000339
2014-01-21,0.0029406504075046858,0.0,0.0,0.0029406504075046858,161491.14631723973
2014-01-22,0.0006513800616552157,0.0,0.0,0.0006513800616552157,161596.33843008464
2014-01-23,-0.008193257710022439,0.0,0.0,-0.008193257710022439,160272.33798433092
2014-01-24,-0.021335992188291297,0.0,0.0,-0.021335992188291297,156852.76863309808
2014-01-27,-0.004919167064279306,0.0,0.0,-0.004919167064279306,156081.18365969713
2014-01-28,0.005954738821824623,0.0,0.0,0.005954738821824623,157010.60634339185
2014-01-29,-0.009604945942927157,0.0,0.0,-0.009604945942927157,155502.52795699736
2014-01-30,0.010600545356594493,0.0,0.0,0.010600545356594493,157150.93955767064
2014-01-31,-0.0058585105394763914,0.0,0.0,-0.0058585105394763914,156230.2691219834
2014-02-03,-0.022505300898668756,0.0,0.0,-0.022505300898668756,152714.25990591318
2014-02-04,0.007004518398809667,0.0,0.0,0.007004518398809667,153783.94974918474
2014-02-05,-0.001254117977291025,0.0,0.0,-0.001254117977291025,153591.08653318547
2014-02-06,0.01318719315950112,0.0,0.0,0.01318719315950112,155616.52185887625
2014-02-07,0.012395614620224649,0.0,0.0,0.012395614620224649,157545.48429237865
2014-02-10,0.0018361050130057954,0.0,0.0,0.0018361050130057954,157834.75434586432
2014-02-11,0.010944126281502875,0.0,0.0,0.010944126281502875,159562.11782903544
2014-02-12,0.0004951139067292942,0.0,0.0,0.0004951139067292942,159641.11925255976
2014-02-13,0.005162504537246315,0.0,0.0,0.005162504537246315,160465.26725503217
2014-02-14,0.005519231327326235,0.0,0.0,0.005519231327326235,161350.91218501393
2014-02-18,0.0011952005706832303,0.0,0.0,0.0011952005706832303,161543.75888733772
2014-02-19,-0.0066221834815362035,0.0,0.0,-0.0066221834815362035,160473.98647568873
2014-02-20,0.005901328737979883,0.0,0.0,0.005901328737979883,161420.99622377587
2014-02-21,-0.00114076854715639,0.0,0.0,-0.00114076854715639,161236.85222843313
2014-02-24,0.005546794201214622,0.0,0.0,0.005546794201214622,162131.1998653959
2014-02-25,-0.00037828493717051437,0.0,0.0,-0.00037828493717051437,162069.86807464145
2014-02-26,5.4002931646035535e-05,0.0,0.0,5.4002931646035535e-05,162078.62032264896
2014-02-27,0.005247476976634857,0.0,0.0,0.005247476976634857,162929.12415119677
2014-02-28,0.0025291104125502173,0.0,0.0,0.0025291104125502173,163341.18989559525
2014-03-03,-0.007032263204272748,0.0,0.0,-0.007032263204272748,162192.53165615033
2014-03-04,0.014055902689042998,0.0,0.0,0.014055902689042998,164472.2940979987
2014-03-05,0.0009062464638966983,0.0,0.0,0.0009062464638966983,164621.346532934
2014-03-06,0.0022899471540624994,0.0,0.0,0.0022899471540624994,164998.32071692502
2014-03-07,0.0004257569120194038,0.0,0.0,0.0004257569120194038,165068.56989244185
2014-03-10,-0.0005314194230797709,0.0,0.0,-0.0005314194230797709,164980.849248261
2014-03-11,-0.00494276646582037,0.0,0.0,-0.00494276646582037,164165.38743909413
2014-03-12,0.00026676918972778907,0.0,0.0,0.00026676918972778907,164209.1817064826
2014-03-13,-0.011212681632731036,0.0,0.0,-0.011212681632731036,162367.95643083652
2014-03-14,-0.0028082856835707215,0.0,0.0,-0.0028082856835707215,161911.98082332118
2014-03-17,0.009043908541609635,0.0,0.0,0.009043908541609635,163376.29796967815
2014-03-18,0.007137692080189995,0.0,0.0,0.007137692080189995,164542.42767778708
2014-03-19,-0.005328477189404657,0.0,0.0,-0.005328477189404657,163665.66710521674
2014-03-20,0.00583921750126648,0.0,0.0,0.00583921750126648,164621.34653293397
2014-03-21,-0.0038788061418493225,0.0,0.0,-0.0038788061418493225,163982.81224292252
2014-03-24,-0.004134893810972318,0.0,0.0,-0.004134893810972318,163304.76072747342
2014-03-25,0.004745546139765411,0.0,0.0,0.004745546139765411,164079.731004349
2014-03-26,-0.007192236788459261,0.0,0.0,-0.007192236788459261,162899.63072677903
2014-03-27,-0.002108362193471214,0.0,0.0,-0.002108362193471214,162556.17930402426
2014-03-28,0.004929736499300841,0.0,0.0,0.004929736499300841,163357.5384343262
2014-03-31,0.00819469124238359,0.0,0.0,0.00819469124238359,164696.20302391134
2014-04-01,0.006630388550575184,0.0,0.0,0.006630388550575184,165788.20284276427
2014-04-02,0.003346697612588212,0.0,0.0,0.003346697612588212,166343.04582541343
2014-04-03,-0.0013232340399846887,0.0,0.0,-0.0013232340399846887,166122.9350448625
2014-04-04,-0.011822497228799356,0.0,0.0,-0.011822497228799356,164158.9471056546
2014-04-07,-0.011051035390755692,0.0,0.0,-0.011051035390755692,162344.82077148082
2014-04-08,0.0041224982534717736,0.0,0.0,0.0041224982534717736,163014.08701157145
2014-04-09,0.01075129717387302,0.0,0.0,0.01075129717387302,164766.69990456046
2014-04-10,-0.021005872058696307,0.0,0.0,-0.021005872058696307,161305.63168683165
2014-04-11,-0.009008699116902386,0.0,0.0,-0.009008699116902386,159852.4777851031
2014-04-14,0.007878300901879687,0.0,0.0,0.007878300901879687,161111.8437050052
2014-04-15,0.006887572174114176,0.0,0.0,0.006887572174114176,162221.51315662803
2014-04-16,0.010477362112045085,0.0,0.0,0.010477362112045085,163921.1666923339
2014-04-17,0.0013971848171576706,0.0,0.0,0.0013971848171576706,164150.1948576472
2014-04-21,0.0034869316269254824,0.0,0.0,0.0034869316269254824,164722.5753636623
2014-04-22,0.00454449805557311,0.0,0.0,0.00454449805557311,165471.15678711145
2014-04-23,-0.0023417579401711075,0.0,0.0,-0.0023417579401711075,165083.66339183596
2014-04-24,0.0020269516649602526,0.0,0.0,0.0020269516649602526,165418.27999820578
2014-04-25,-0.008198423327910542,0.0,0.0,-0.008198423327910542,164062.11091260565
2014-04-28,0.0031674122519709247,0.0,0.0,0.0031674122519709247,164581.76325279445
2014-04-29,0.004655044674140907,0.0,0.0,0.004655044674140907,165347.8987132851
2014-04-30,0.002982686337249296,0.0,0.0,0.002982686337249296,165841.0796316701
2014-05-01,0.00010654557247891105,0.0,0.0,0.00010654557247891105,165858.74926443998
2014-05-02,-0.0014340302762293478,0.0,0.0,-0.0014340302762293478,165620.90279641724
2014-05-05,0.001914487106700502,0.0,0.0,0.001914487106700502,165937.98187942107
2014-05-06,-0.008704168246086774,0.0,0.0,-0.008704168246086774,164493.6297667265
2014-05-07,0.0058896371920444945,0.0,0.0,0.0058896371920444945,165462.437566455
2014-05-08,-0.0010650994109417944,0.0,0.0,-0.0010650994109417944,165286.20362166996
2014-05-09,0.0014923494237715218,0.0,0.0,0.0014923494237715218,165532.86839240216
2014-05-12,0.009736145906813265,0.0,0.0,0.009736145906813265,167144.52055144391
2014-05-13,0.0008956109825519754,0.0,0.0,0.0008956109825519754,167294.21701972315
2014-05-14,-0.00473770332733936,0.0,0.0,-0.00473770332733936,166501.62665110416
2014-05-15,-0.008780329697021139,0.0,0.0,-0.008780329697021139,165039.68747401715
2014-05-16,0.0034686388659253,0.0,0.0,0.0034686388659253,165612.1505484097
2014-05-19,0.003669237000522907,0.0,0.0,0.003669237000522907,166219.8207789381
2014-05-20,-0.006305147062476091,0.0,0.0,-0.006305147062476091,165171.78036422847
2014-05-21,0.008424313203169609,0.0,0.0,0.008424313203169609,166563.23917434187
2014-05-22,0.002431991966990843,0.0,0.0,0.002431991966990843,166968.31963400985
2014-05-23,0.004008936088060189,0.0,0.0,0.004008936088060189,167637.6849561534
2014-05-27,0.006146513511474216,0.0,0.0,0.006146513511474216,168668.07225176867
2014-05-28,-0.0007308709102803457,0.0,0.0,-0.0007308709102803457,168544.79766426678
2014-05-29,0.005172844389345954,0.0,0.0,0.005172844389345954,169416.65367521782
2014-05-30,0.0016112409840443043,0.0,0.0,0.0016112409840443043,169689.62473099897
2014-06-02,0.0011417223716956304,0.0,0.0,0.0011417223716956304,169883.363171799
2014-06-03,-0.0005179133574112482,0.0,0.0,-0.0005179133574112482,169795.37830881038
2014-06-04,0.002022834424889819,0.0,0.0,0.002022834424889819,170138.84624524062
2014-06-05,0.006521849272428604,0.0,0.0,0.006521849272428604,171248.466155837
2014-06-06,0.0047828854109410734,0.0,0.0,0.0047828854109410734,172067.5279462598
2014-06-09,0.0010240219031278919,0.0,0.0,0.0010240219031278919,172243.72886369383
2014-06-10,0.00010191393995739872,0.0,0.0,0.00010191393995739872,172261.28290073527
2014-06-11,-0.0034764162772665808,0.0,0.0,-0.0034764162772665808,171662.43097291634
2014-06-12,-0.007080212652647799,0.0,0.0,-0.007080212652647799,170447.0244571576
2014-06-13,0.0030484709299982704,0.0,0.0,0.0030484709299982704,170966.62725631995
2014-06-16,0.0008243960972595943,0.0,0.0,0.0008243960972595943,171107.5714765917
2014-06-17,0.002779405588034578,0.0,0.0,0.002779405588034578,171583.14881690877
2014-06-18,0.00733987548274273,0.0,0.0,0.00733987548274273,172842.5477641618
2014-06-19,0.001120513372450116,0.0,0.0,0.001120513372450116,173036.22015025988
2014-06-20,0.0020303751761130417,0.0,0.0,0.0020303751761130417,173387.5485962214
2014-06-23,-0.00030601066665747467,0.0,0.0,-0.00030601066665747467,173334.49015688538
2014-06-24,-0.0060243391533171264,0.0,0.0,-0.0060243391533171264,172290.264401213
2014-06-25,0.004520095345746267,0.0,0.0,0.004520095345746267,173069.0328234503
2014-06-26,-0.0007161023118893439,0.0,0.0,-0.0007161023118893439,172945.09768892897
2014-06-27,0.0019442670809191043,0.0,0.0,0.0019442670809191043,173281.3491491719
2014-06-30,-0.0005106162532069192,0.0,0.0,-0.0005106162532069192,173192.8688759187
2014-07-01,0.00669327206876158,0.0,0.0,0.00669327206876158,174352.0958676746
2014-07-02,0.0010148661072890697,0.0,0.0,0.0010148661072890697,174529.03990050554
2014-07-03,0.004918364106738071,0.0,0.0,0.004918364106738071,175387.43726593562
2014-07-07,-0.003481302007327325,0.0,0.0,-0.003481302007327325,174776.8606285217
2014-07-08,-0.006429753495093671,0.0,0.0,-0.006429753495093671,173653.088498034
2014-07-09,0.004484051201848915,0.0,0.0,0.004484051201848915,174431.75783821836
2014-07-10,-0.0039568802674501136,0.0,0.0,-0.0039568802674501136,173741.55225761168
2014-07-11,0.0013750501256002412,0.0,0.0,0.0013750501256002412,173980.45560086548
2014-07-14,0.0050348639053838795,0.0,0.0,0.0050348639053838795,174856.4235170125
2014-07-15,-0.001872299626871743,0.0,0.0,-0.001872299626871743,174529.03990050548
2014-07-16,0.003701475613312466,0.0,0.0,0.003701475613312466,175175.05488551204
2014-07-17,-0.011365798136064531,0.0,0.0,-0.011365798136064531,173184.0505732093
2014-07-18,0.010219111457646202,0.0,0.0,0.010219111457646202,174953.83768870356
2014-07-21,-0.0018714459092949998,0.0,0.0,-0.0018714459092949998,174626.42104484557
2014-07-22,0.0043579672339191244,0.0,0.0,0.0043579672339191244,175387.4372659356
2014-07-23,0.002219902023766984,0.0,0.0,0.002219902023766984,175776.78019286552
2014-07-24,5.0355513684596787e-05,0.0,0.0,5.0355513684596787e-05,175785.63152292598
2014-07-25,-0.0046816996610192785,0.0,0.0,-0.0046816996610192785,174962.65599141302
2014-07-28,0.00040500174799174005,0.0,0.0,0.00040500174799174005,175033.51617292283
2014-07-29,-0.0042972620757186775,0.0,0.0,-0.0042972620757186775,174281.35128189324
2014-07-30,0.00015198376237313127,0.0,0.0,0.00015198376237313127,174307.83921737253
2014-07-31,-0.019747876032306988,0.0,0.0,-0.019747876032306988,170865.62961704857
2014-08-01,-0.0030556928213495427,0.0,0.0,-0.0030556928213495427,170343.51673921238
2014-08-04,0.007220924258140915,0.0,0.0,0.007220924258140915,171573.55437145158
2014-08-05,-0.009696446105819656,0.0,0.0,-0.009696446105819656,169909.9006483049
2014-08-06,0.00031256554303116246,0.0,0.0,0.00031256554303116246,169963.0086286674
2014-08-07,-0.005414943931642546,0.0,0.0,-0.005414943931642546,169042.6684664899
2014-08-08,0.011569159302677434,0.0,0.0,0.011569159302677434,170998.3500269284
2014-08-11,0.0028977434375854205,0.0,0.0,0.0028977434375854205,171493.8593735569
2014-08-12,-0.0013927834098542702,0.0,0.0,-0.0013927834098542702,171255.0055713295
2014-08-13,0.006768432290991777,0.0,0.0,0.006768432290991777,172414.13348103248
2014-08-14,0.004721911046475125,0.0,0.0,0.004721911046475125,173228.257682485
2014-08-15,-0.00020429003350619368,0.0,0.0,-0.00020429003350619368,173192.86887591882
2014-08-18,0.008379319107023386,0.0,0.0,0.008379319107023386,174644.107191291
2014-08-19,0.005218743375159374,0.0,0.0,0.005218743375159374,175555.5299687062
2014-08-20,0.0026719235347314463,0.0,0.0,0.0026719235347314463,176024.6009208818
2014-08-21,0.0029154759640925842,0.0,0.0,0.0029154759640925842,176537.79641395563
2014-08-22,-0.0015537304497492688,0.0,0.0,-0.0015537304497492688,176263.50426413564
2014-08-25,0.005070551322444938,0.0,0.0,0.005070551322444938,177157.25740878092
2014-08-26,0.0006496138297928944,0.0,0.0,0.0006496138297928944,177272.34121324186
2014-08-27,-0.0004000044341432307,0.0,0.0,-0.0004000044341432307,177201.4314907056
2014-08-28,-0.0005488050187748561,0.0,0.0,-0.0005488050187748561,177104.1824557694
2014-08-29,0.002848005603514503,0.0,0.0,0.002848005603514503,177608.5761598093
2014-09-02,-0.0004983616361212695,0.0,0.0,-0.0004983616361212695,177520.06285920512
2014-09-03,-0.0005481920638756854,0.0,0.0,-0.0005481920638756854,177422.74776956698
2014-09-04,-0.0014466693888089965,0.0,0.0,-0.0014466693888089965,177166.07571149038
2014-09-05,0.004495525260601596,0.0,0.0,0.004495525260601596,177962.53028017306
2014-09-08,-0.002585491110617011,0.0,0.0,-0.002585491110617011,177502.40974011074
2014-09-09,-0.006331768912530178,0.0,0.0,-0.006331768912530178,176378.50550021912
2014-09-10,0.0037629365866866937,0.0,0.0,0.0037629365866866937,177042.206631671
2014-09-11,0.0011498053576433076,0.0,0.0,0.0011498053576433076,177245.7707093851
2014-09-12,-0.005841182446508442,0.0,0.0,-0.005841182446508442,176210.44582479956
2014-09-15,-0.0007533800655765699,0.0,0.0,-0.0007533800655765699,176077.6923875688
2014-09-16,0.007537886383148118,0.0,0.0,0.007537886383148118,177404.94602739322
2014-09-17,0.001347307075335591,0.0,0.0,0.001347307075335591,177643.96496637544
2014-09-18,0.005329826904958868,0.0,0.0,0.005329826904958868,178590.7765503568
2014-09-19,-0.0009011791336253072,0.0,0.0,-0.0009011791336253072,178429.8342690717
2014-09-22,-0.007722832095662602,0.0,0.0,-0.007722832095662602,177051.85061815474
2014-09-23,-0.005724276826560848,0.0,0.0,-0.005724276826560848,176038.3568125615
2014-09-24,0.007827934225352884,0.0,0.0,0.007827934225352884,177416.37349082946
2014-09-25,-0.01613555526949384,0.0,0.0,-0.01613555526949384,174553.66179065502
2014-09-26,0.007945508190015271,0.0,0.0,0.007945508190015271,175940.5793400098
2014-09-29,-0.0018195581381488246,0.0,0.0,-0.0018195581381488246,175620.44522704108
2014-09-30,-0.0026322893724207708,0.0,0.0,-0.0026322893724207708,175158.16139549014
2014-10-01,-0.013551519276920443,0.0,0.0,-0.013551519276920443,172784.50219482923
2014-10-02,0.00015416057702122288,0.0,0.0,0.00015416057702122288,172811.1387533879
2014-10-03,0.011009362975381354,0.0,0.0,0.011009362975381354,174713.67930611293
2014-10-06,-0.0011702335901936367,0.0,0.0,-0.0011702335901936367,174509.2234899226
2014-10-07,-0.015436395049830853,0.0,0.0,-0.015436395049830853,171815.43017629292
2014-10-08,0.017489083739594458,0.0,0.0,0.017489083739594458,174820.32462240057
2014-10-09,-0.019832715512180354,0.0,0.0,-0.019832715512180354,171353.16285841746
2014-10-10,-0.011414512106271535,0.0,0.0,-0.011414512106271535,169397.25010652214
2014-10-13,-0.016427181990092077,0.0,0.0,-0.016427181990092077,166614.53065040114
2014-10-14,0.001547154820938479,0.0,0.0,0.001547154820938479,166872.30912473533
2014-10-15,-0.006765792870093934,0.0,0.0,-0.006765792870093934,165743.28564544307
2014-10-16,-0.0008581481078148157,0.0,0.0,-0.0008581481078148157,165601.05335848342
2014-10-17,0.011810792775033718,0.0,0.0,0.011810792775033718,167556.93308302778
2014-10-20,0.009709698542047063,0.0,0.0,0.009709698542047063,169183.86039189392
2014-10-21,0.01981098041634821,0.0,0.0,0.01981098041634821,172535.55853687992
2014-10-22,-0.007110806705295292,0.0,0.0,-0.007110806705295292,171308.691530334
2014-10-23,0.011624729232359243,0.0,0.0,0.011624729232359243,173300.1086845239
2014-10-24,0.007695101139766791,0.0,0.0,0.007695101139766791,174633.67054838387
2014-10-27,-0.001374266744106456,0.0,0.0,-0.001374266744106456,174393.677302548
2014-10-28,0.011470034593806133,0.0,0.0,0.011470034593806133,176393.97881414928
2014-10-29,-0.0015123073678128263,0.0,0.0,-0.0015123073678128263,176127.21690035082
2014-10-30,0.006411210237234233,0.0,0.0,0.006411210237234233,177256.4055163979
2014-10-31,0.011435155631924099,0.0,0.0,0.011435155631924099,179283.36010023337
2014-11-03,0.0005453795181944443,0.0,0.0,0.0005453795181944443,179381.13757278514
2014-11-04,-0.0034692491591087338,0.0,0.0,-0.0034692491591087338,178758.81971210078
2014-11-05,0.0063162731540331585,0.0,0.0,0.0063162731540331585,179887.90924609496
2014-11-06,0.004002930617062805,0.0,0.0,0.004002930617062805,180607.98806565558
2014-11-07,0.000935367820823485,0.0,0.0,0.000935367820823485,180776.92296587586
2014-11-10,0.003147316404411571,0.0,0.0,0.003147316404411571,181345.88514106543
2014-11-11,0.0009805530326389977,0.0,0.0,0.0009805530326389977,181523.7043986971
2014-11-12,-0.0010772060435616515,0.0,0.0,-0.0010772060435616515,181328.16596726913
2014-11-13,0.0011272726113646936,0.0,0.0,0.0011272726113646936,181532.57224243303
2014-11-14,0.00024525003177067184,0.0,0.0,0.00024525003177067184,181577.0931115429
2014-11-17,0.0006363478200608341,0.0,0.0,0.0006363478200608341,181692.6392989174
2014-11-18,0.005774021963623754,0.0,0.0,0.005774021963623754,182741.7365888581
2014-11-19,-0.0016056265607936604,0.0,0.0,-0.0016056265607936604,182448.32160282548
2014-11-20,0.0017542943418440426,0.0,0.0,0.0017542943418440426,182768.38966109225
2014-11-21,0.005350705688689228,0.0,0.0,0.005350705688689228,183746.32952336443
2014-11-24,0.0028064372536549254,0.0,0.0,0.0028064372536549254,184262.00206776115
2014-11-25,-0.0007240450160805878,0.0,0.0,-0.0007240450160805878,184128.58808351096
2014-11-26,0.0025591774470952178,0.0,0.0,0.0025591774470952178,184599.80581349978
2014-11-28,-0.0021192274311224724,0.0,0.0,-0.0021192274311224724,184208.59684123992
2014-12-01,-0.006949404889971311,0.0,0.0,-0.006949404889971311,182928.45671757666
2014-12-02,0.006463434714597094,0.0,0.0,0.006463434714597094,184110.8028550127
2014-12-03,0.0038628611201552143,0.0,0.0,0.0038628611201552143,184821.9973171619
2014-12-04,-0.001105873567298632,0.0,0.0,-0.001105873567298632,184617.60755567354
2014-12-05,0.0016369878207604938,0.0,0.0,0.0016369878207604938,184919.8243307401
2014-12-08,-0.006682633235401969,0.0,0.0,-0.006682633235401969,183684.0729667828
2014-12-09,-0.0006775958858413755,0.0,0.0,-0.0006775958858413755,183559.60939464596
2014-12-10,-0.016031685884681846,0.0,0.0,-0.016031685884681846,180616.8393957161
2014-12-11,0.005070030290534877,0.0,0.0,0.005070030290534877,181532.57224243303
2014-12-12,-0.01616130392964965,0.0,0.0,-0.01616130392964965,178598.769169292
2014-12-15,-0.006869403480507574,0.0,0.0,-0.006869403480507574,177371.9021627461
2014-12-16,-0.008019618449460975,0.0,0.0,-0.008019618449460975,175949.44718374574
2014-12-17,0.019605299860006475,0.0,0.0,0.019605299860006475,179398.98885598543
2014-12-18,0.02472821779617229,0.0,0.0,0.02472821779617229,183835.20612482933
2014-12-19,0.004255005321900596,0.0,0.0,0.004255005321900596,184617.42590524317
2014-12-22,0.004599957297483526,0.0,0.0,0.004599957297483526,185466.6581807786
2014-12-23,0.0013497348210482762,0.0,0.0,0.0013497348210482762,185716.98898746868
2014-12-24,9.638765050112852e-05,0.0,0.0,9.638765050112852e-05,185734.8898116953
2014-12-26,0.0032241406811104323,0.0,0.0,0.0032241406811104323,186333.72522583875
2014-12-29,0.0013437199702470703,0.0,0.0,0.0013437199702470703,186584.10557355525
2014-12-30,-0.005366074144576682,0.0,0.0,-0.005366074144576682,185582.88142884802
2014-12-31,-0.009922733607085843,0.0,0.0,-0.009922733607085843,183741.39193439417
2015-01-02,-0.0005352928382563737,0.0,0.0,-0.0005352928382563737,183643.0364832004
2015-01-05,-0.018060072671919558,0.0,0.0,-0.018060072671919558,180326.42989862183
2015-01-06,-0.009418833124050341,0.0,0.0,-0.009418833124050341,178627.96534755095
2015-01-07,0.012461158261295235,0.0,0.0,0.012461158261295235,180853.87669363996
2015-01-08,0.01774517785445351,0.0,0.0,0.01774517785445351,184063.16090123603
2015-01-09,-0.008013561688141269,0.0,0.0,-0.008013561688141269,182588.1594068397
2015-01-12,-0.007833741905988068,0.0,0.0,-0.007833741905988068,181157.8108909571
2015-01-13,-0.0028123541214361003,0.0,0.0,-0.0028123541214361003,180648.3309748676
2015-01-14,-0.006037305619720157,0.0,0.0,-0.006037305619720157,179557.70179107995
2015-01-15,-0.009160719132132567,0.0,0.0,-0.009160719132132567,177912.82411696066
2015-01-16,0.013114663105390445,0.0,0.0,0.013114663105390445,180246.09086738317
2015-01-20,0.002132303016438186,0.0,0.0,0.002132303016438186,180630.4301506409
2015-01-21,0.005047707431355741,0.0,0.0,0.005047707431355741,181542.19971524127
2015-01-22,0.014871678998559679,0.0,0.0,0.014871678998559679,184242.03703409873
2015-01-23,-0.005483135738778455,0.0,0.0,-0.005483135738778455,183231.81293625172
2015-01-26,0.0023416147534527365,0.0,0.0,0.0023416147534527365,183660.87125272513
2015-01-27,-0.01319028742254813,0.0,0.0,-0.01319028742254813,181238.3315726261
2015-01-28,-0.012824457667371725,0.0,0.0,-0.012824457667371725,178914.0482616679
2015-01-29,0.009243517068390883,0.0,0.0,0.009243517068390883,180567.84332054952
2015-01-30,-0.012574943232133595,0.0,0.0,-0.012574943232133595,178297.2129412448
2015-02-02,0.012384060932802976,0.0,0.0,0.012384060932802976,180505.25649045812
2015-02-03,0.01446135011330063,0.0,0.0,0.01446135011330063,183115.60620185776
2015-02-04,-0.003808282737645663,0.0,0.0,-0.003808282737645663,182418.2501997657
2015-02-05,0.010095146913555286,0.0,0.0,0.010095146913555286,184259.78923524602
2015-02-06,-0.0027649190554732694,0.0,0.0,-0.0027649190554732694,183750.325832832
2015-02-09,-0.004475804744804135,0.0,0.0,-0.004475804744804135,182927.89525261012
2015-02-10,0.010653081718583035,0.0,0.0,0.010653081718583035,184876.64106934457
2015-02-11,0.0005802400743306624,0.0,0.0,0.0005802400743306624,184983.91390530064
2015-02-12,0.009616615523383443,0.0,0.0,0.009616615523383443,186762.8330833386
2015-02-13,0.004116773151554787,0.0,0.0,0.004116773151554787,187531.6933002844
2015-02-17,0.0015729809719760013,0.0,0.0,0.0015729809719760013,187826.67708548816
2015-02-18,9.530501473187236e-05,0.0,0.0,9.530501473187236e-05,187844.57790971486
2015-02-19,-0.0007137524689909691,0.0,0.0,-0.0007137524689909691,187710.50337844522
2015-02-20,0.006000014251815289,0.0,0.0,0.006000014251815289,188836.7690739313
2015-02-23,-0.00014166814237648317,0.0,0.0,-0.00014166814237648317,188810.0169196442
2015-02-24,0.002840936174269615,0.0,0.0,0.002840936174269615,189346.4141267757
2015-02-25,-0.0008499013216162199,0.0,0.0,-0.0008499013216162199,189185.48835916605
2015-02-26,-0.001181359553335426,0.0,0.0,-0.001181359553335426,188961.9922751405
2015-02-27,-0.0034061718337484725,0.0,0.0,-0.0034061718337484725,188318.35525940394
2015-03-02,0.006313431807096981,0.0,0.0,0.006313431807096981,189507.29035335884
2015-03-03,-0.00410394797599356,0.0,0.0,-0.00410394797599356,188729.56229267718
2015-03-04,-0.004215621344996645,0.0,0.0,-0.004215621344996645,187933.94992144426
2015-03-05,0.001094151893448636,0.0,0.0,0.001094151893448636,188139.57820859412
2015-03-06,-0.014064479841754851,0.0,0.0,-0.014064479841754851,185493.49290344308
2015-03-09,0.004144410258601683,0.0,0.0,0.004144410258601683,186262.25403833596
2015-03-10,-0.016221967497373257,0.0,0.0,-0.016221967497373257,183240.7138073386
2015-03-11,-0.0023414108899894037,0.0,0.0,-0.0023414108899894037,182811.67200454068
2015-03-12,0.012713905289097438,0.0,0.0,0.012713905289097438,185135.92228814794
2015-03-13,-0.006132511740407964,0.0,0.0,-0.006132511740407964,184000.57407114463
2015-03-16,0.013360598762465425,0.0,0.0,0.013360598762465425,186458.93191337248
2015-03-17,-0.0029724077627649725,0.0,0.0,-0.0029724077627649725,185904.6999367163
2015-03-18,0.012021634055721098,0.0,0.0,0.012021634055721098,188139.57820859415
2015-03-19,-0.004561766059659966,0.0,0.0,-0.004561766059659966,187281.32946624345
2015-03-20,0.008827100011780331,0.0,0.0,0.008827100011780331,188934.48049178117
2015-03-23,-0.0019485028177380626,0.0,0.0,-0.0019485028177380626,188566.34112417506
2015-03-24,-0.005619330018857505,0.0,0.0,-0.005619330018857505,187506.72462294987
2015-03-25,-0.014653489901435002,0.0,0.0,-0.014653489901435002,184759.09672723632
2015-03-26,-0.0023813379896476805,0.0,0.0,-0.0023813379896476805,184319.12287126674
2015-03-27,0.0022895452759705837,0.0,0.0,0.0022895452759705837,184741.1298483077
2015-03-30,0.012199610982590814,0.0,0.0,0.012199610982590814,186994.89976494134
2015-03-31,-0.008739593340974627,0.0,0.0,-0.008739593340974627,185360.64038415946
2015-04-01,-0.0035359598384808733,0.0,0.0,-0.0035359598384808733,184705.21260412596
2015-04-02,0.003597322660692015,0.0,0.0,0.003597322660692015,185369.65685097472
2015-04-06,0.006733586804215319,0.0,0.0,0.006733586804215319,186617.85952624833
2015-04-07,-0.002646625148097881,0.0,0.0,-0.002646625148097881,186123.95200614198
2015-04-08,0.0033771044685171336,0.0,0.0,0.0033771044685171336,186752.51203615998
2015-04-09,0.004423483289048402,0.0,0.0,0.004423483289048402,187578.60865233975
2015-04-10,0.005457265287588164,0.0,0.0,0.005457265287588164,188602.27488203224
2015-04-13,-0.004523168993890603,0.0,0.0,-0.004523168993890603,187749.19492010862
2015-04-14,0.0019132197574593945,0.0,0.0,0.0019132197574593945,188108.40038927688
2015-04-15,0.0044869366068220895,0.0,0.0,0.0044869366068220895,188952.43085703425
2015-04-16,-0.00028526035119713633,0.0,0.0,-0.00028526035119713633,188898.53022024842
2015-04-17,-0.011503625999493838,0.0,0.0,-0.011503625999493838,186725.5121767406
2015-04-20,0.009137085107478127,0.0,0.0,0.009137085107478127,188431.63907323693
2015-04-21,-0.001191168735291126,0.0,0.0,-0.001191168735291126,188207.1851960332
2015-04-22,0.004914166385161067,0.0,0.0,0.004914166385161067,189132.06661896934
2015-04-23,0.0025159221682036215,0.0,0.0,0.0025159221682036215,189607.90817809416
2015-04-24,0.0023206146175467346,0.0,0.0,0.0023206146175467346,190047.9150614147
2015-04-27,-0.004157703377420385,0.0,0.0,-0.004157703377420385,189257.75220309218
2015-04-28,0.0031785232763046345,0.0,0.0,0.0031785232763046345,189859.3123736908
2015-04-29,-0.004114430287439519,0.0,0.0,-0.004114430287439519,189078.14946850805
2015-04-30,-0.010020618715169682,0.0,0.0,-0.010020618715169682,187183.46942531428
2015-05-01,0.010841585459906877,0.0,0.0,0.010841585459906877,189212.8350057707
2015-05-04,0.0028474557573485715,0.0,0.0,0.0028474557573485715,189751.6101821721
2015-05-05,-0.011451821292826625,0.0,0.0,-0.011451821292826625,187578.60865233978
2015-05-06,-0.004116652666003806,0.0,0.0,-0.004116652666003806,186806.41267294585
2015-05-07,0.003989400847313362,0.0,0.0,0.003989400847313362,187551.65833394686
2015-05-08,0.013166182897882628,0.0,0.0,0.013166182897882628,190020.9977703728
2015-05-11,-0.004772880797386803,0.0,0.0,-0.004772880797386803,189114.0501990143
2015-05-12,-0.002991276781646013,0.0,0.0,-0.002991276781646013,188548.35773157096
2015-05-13,0.00019066870677209025,0.0,0.0,0.00019066870677209025,188584.30800310362
2015-05-14,0.010427686368525313,0.0,0.0,0.010427686368525313,190550.80602098536
2015-05-15,0.0010836322479388372,0.0,0.0,0.0010836322479388372,190757.29301926043
2015-05-18,0.0031067030926097416,0.0,0.0,0.0031067030926097416,191349.91929142122
2015-05-19,-0.00032872023232899394,0.0,0.0,-0.00032872023232899394,191287.0187014956
2015-05-20,-0.0007039291574811868,0.0,0.0,-0.0007039291574811868,191152.36619158398
2015-05-21,0.0029124700507057177,0.0,0.0,0.0029124700507057177,191709.09173323849
2015-05-22,-0.002388899546227119,0.0,0.0,-0.002388899546227119,191251.11797098935
2015-05-26,-0.010751397631611703,0.0,0.0,-0.010751397631611703,189194.90115419298
2015-05-27,0.009491953381301155,0.0,0.0,0.009491953381301155,190990.73033592847
2015-05-28,-0.0011283451542979384,0.0,0.0,-0.0011283451542979384,190775.2268708381
2015-05-29,-0.006212822093111803,0.0,0.0,-0.006212822093111803,189589.97432651653
2015-06-01,0.00203653303876572,0.0,0.0,0.00203653303876572,189976.08057305124
2015-06-02,-0.000992423006376697,0.0,0.0,-0.000992423006376697,189787.54394002928
2015-06-03,0.0026494094102804677,0.0,0.0,0.0026494094102804677,190290.368844898
2015-06-04,-0.008446612785216967,0.0,0.0,-0.008446612785216967,188683.05978250902
2015-06-05,-0.001713217911603504,0.0,0.0,-0.001713217911603504,188359.8045848735
2015-06-08,-0.006149763656760676,0.0,0.0,-0.006149763656760676,187201.43630424287
2015-06-09,-0.0001437878446519658,0.0,0.0,-0.0001437878446519658,187174.51901320094
2015-06-10,0.011993189651856362,0.0,0.0,0.011993189651856362,189419.33851772125
2015-06-11,0.0032236739037245776,0.0,0.0,0.0032236739037245776,190029.9646961616
2015-06-12,-0.007655141069726201,0.0,0.0,-0.007655141069726201,188575.2585089374
2015-06-15,-0.004285449446767453,0.0,0.0,-0.004285449446767453,187767.12877168623
2015-06-16,0.005451962032652746,0.0,0.0,0.005451962032652746,188790.82802872968
2015-06-17,0.001616634417658691,0.0,0.0,0.001616634417658691,189096.03377905922
2015-06-18,0.010399641948759308,0.0,0.0,0.010399641948759308,191062.56482429194
2015-06-19,-0.004438736175405911,0.0,0.0,-0.004438736175405911,190214.48850604054
2015-06-22,0.005122495746880507,0.0,0.0,0.005122495746880507,191188.86141440776
2015-06-23,0.0007084364922356201,0.0,0.0,0.0007084364922356201,191324.3065807427
2015-06-24,-0.00726336786120263,0.0,0.0,-0.00726336786120263,189934.64776125725
2015-06-25,-0.00303999649441844,0.0,0.0,-0.00303999649441844,189357.24709789443
2015-06-26,-0.00019055188797678646,0.0,0.0,-0.00019055188797678646,189321.16471695784
2015-06-29,-0.0209703722130945,0.0,0.0,-0.0209703722130945,185351.02942502665
2015-06-30,0.002092997625732451,0.0,0.0,0.002092997625732451,185738.96868954028
