date,gross_return,turnover,transaction_cost,net_return,equity_curve
2008-07-01,0.0,0.0,0.0,0.0,100000.0
2008-07-02,0.0052295380204894215,1.0,0.0005,0.004729538020489421,100472.95380204894
2008-07-03,-0.0021671280739079535,0.0,0.0,-0.0021671280739079535,100255.21604319607
2008-07-07,0.0045619805031589244,0.0,0.0,0.0045619805031589244,100712.57838412513
2008-07-08,0.006486768046038982,0.0,0.0,0.006486768046038982,101365.87751942148
2008-07-09,0.004404070853915032,0.0,0.0,0.004404070853915032,101812.30002618629
2008-07-10,-0.00010660770283876797,0.0,0.0,-0.00010660770283876797,101801.44605075975
2008-07-11,-0.014226722885442356,0.0,0.0,-0.014226722885442356,100353.14508845829
2008-07-14,0.008790441445669872,0.0,0.0,0.008790441445669872,101235.2935342472
2008-07-15,-0.0003239076192570467,0.0,0.0,-0.0003239076192570467,101202.50265133375
2008-07-16,-0.018075701864037286,0.0,0.0,-0.018075701864037286,99373.1963855138
2008-07-17,-0.005149457755330378,0.0,0.0,-0.005149457755330378,98861.47830871445
2008-07-18,-0.003745299106823974,0.0,0.0,-0.003745299106823974,98491.21250230553
2008-07-21,0.003868927776406794,0.0,0.0,0.003868927776406794,98872.26789008768
2008-07-22,-0.004954688997164669,0.0,0.0,-0.004954688997164669,98382.38655224795
2008-07-23,-0.0019930385827688912,0.0,0.0,-0.0019930385827688912,98186.30665998443
2008-07-24,0.009759267609689815,0.0,0.0,0.009759267609689815,99144.5331022863
2008-07-25,-0.009994456184298839,0.0,0.0,-0.009994456184298839,98153.63741028272
2008-07-28,0.010095353755068981,0.0,0.0,0.010095353755068981,99144.53310228631
2008-07-29,-0.004063901244161561,0.0,0.0,-0.004063901244161561,98741.6195108601
2008-07-30,0.0009927851525541875,0.0,0.0,0.0009927851525541875,98839.64872464964
2008-07-31,0.00991489235406573,0.0,0.0,0.00991489235406573,99819.63320206822
2008-08-01,0.002211775199575383,0.0,0.0,0.002211775199575383,100040.41179121526
2008-08-04,-0.0022942200216934383,0.0,0.0,-0.0022942200216934383,99810.89707550539
2008-08-05,-0.007445582858112809,0.0,0.0,-0.007445582858112809,99067.74677118714
2008-08-06,-0.004082217800616017,0.0,0.0,-0.004082217800616017,98663.33065185089
2008-08-07,0.01628281896239825,0.0,0.0,0.01628281896239825,100269.84780308222
2008-08-08,0.0027254574854678193,0.0,0.0,0.0027254574854678193,100543.12901034384
2008-08-11,-0.009565228777295376,0.0,0.0,-0.009565228777295376,99581.41097937478
2008-08-12,0.0093285343479661,0.0,0.0,0.0093285343479661,100510.35959211481
2008-08-13,-0.0034800526432083867,0.0,0.0,-0.0034800526432083867,100160.57824954645
2008-08-14,0.0064377251651899225,0.0,0.0,0.0064377251651899225,100805.38452470354
2008-08-15,0.008673710927879164,0.0,0.0,0.008673710927879164,101679.7412900445
2008-08-18,0.00397622609862891,0.0,0.0,0.00397622609862891,102084.04293106381
2008-08-19,-0.003853523628615907,0.0,0.0,-0.003853523628615907,101690.6596595243
2008-08-20,0.002793409293352367,0.0,0.0,0.002793409293352367,101974.72329326435
2008-08-21,-0.0018217930653567915,0.0,0.0,-0.0018217930653567915,101788.94644952701
2008-08-22,-0.0006440104602144503,0.0,0.0,-0.0006440104602144503,101723.39330327931
2008-08-25,0.009991549037212666,0.0,0.0,0.009991549037212666,102739.7675757007
2008-08-26,0.0008512213072329189,0.0,0.0,0.0008512213072329189,102827.22185496129
2008-08-27,0.0017006467829483451,0.0,0.0,0.0017006467829483451,103002.09463900844
2008-08-28,0.0001051678684793611,0.0,0.0,0.0001051678684793611,103012.92714975054
2008-08-29,-0.004455064772844075,0.0,0.0,-0.004455064772844075,102553.99788685812
2008-09-02,0.00930455877752423,0.0,0.0,0.00930455877752423,103508.2175880665
2008-09-03,0.004238333781486858,0.0,0.0,0.004238333781486858,103946.9199633315
2008-09-04,0.008018950880312126,0.0,0.0,0.008018950880312126,104780.46520867718
2008-09-05,-0.0005221042453575908,0.0,0.0,-0.0005221042453575908,104725.75888296118
2008-09-08,0.004188444045575279,0.0,0.0,0.004188444045575279,105164.39686417287
2008-09-09,0.009908870072583564,0.0,0.0,0.009908870072583564,106206.45720896158
2008-09-10,-0.006196355025044675,0.0,0.0,-0.006196355025044675,105548.36429414265
2008-09-11,-0.0005202038244539464,0.0,0.0,-0.0005202038244539464,105493.45763137197
2008-09-12,-0.012892020990439956,0.0,0.0,-0.012892020990439956,104133.43376123424
2008-09-15,0.03244104964404326,0.0,0.0,0.03244104964404326,107511.63165548712
2008-09-16,-0.0002035097783520401,0.0,0.0,-0.0002035097783520401,107489.75198715864
2008-09-17,0.004999119031990906,0.0,0.0,0.004999119031990906,108027.10605206163
2008-09-18,-0.014619478287362542,0.0,0.0,-0.014619478287362542,106447.80612068689
2008-09-19,-0.031737334331700895,0.0,0.0,-0.031737334331700895,103069.43650895856
2008-09-22,-0.00010669577418087606,0.0,0.0,-0.00010669577418087606,103058.43943563587
2008-09-23,-0.003830419066160329,0.0,0.0,-0.003830419066160329,102663.68242429287
2008-09-24,0.004380107680580059,0.0,0.0,0.004380107680580059,103113.36040819614
2008-09-25,-0.002020596904587113,0.0,0.0,-0.002020596904587113,102905.00987133378
2008-09-26,0.00724764596995664,0.0,0.0,0.00724764596995664,103650.82895141609
2008-09-29,0.029100481255153854,0.0,0.0,0.029100481255153854,106667.11795639791
2008-09-30,-0.02436996051588003,0.0,0.0,-0.02436996051588003,104067.64450345778
2008-10-01,0.012580579469531727,0.0,0.0,0.012580579469531727,105376.87577534052
2008-10-02,0.008039072940401404,0.0,0.0,0.008039072940401404,106224.00816593009
2008-10-03,0.008804122173941664,0.0,0.0,0.008804122173941664,107159.21731162872
2008-10-06,0.018171936396019328,0.0,0.0,0.018171936396019328,109106.50779286285
2008-10-07,-0.0030253366534611636,0.0,0.0,-0.0030253366534611636,108776.42387570594
2008-10-08,-0.014361960124127493,0.0,0.0,-0.014361960124127493,107214.18121355785
2008-10-09,-0.008415232251067328,0.0,0.0,-0.008415232251067328,106311.94897803775
2008-10-10,-0.00703678508223371,0.0,0.0,-0.00703678508223371,105563.8546414059
2008-10-13,-0.012818424740283607,0.0,0.0,-0.012818424740283607,104210.6923153908
2008-10-14,-0.006440255102814985,0.0,0.0,-0.006440255102814985,103539.54887243873
2008-10-15,0.009563027787219847,0.0,0.0,0.009563027787219847,104529.70045538206
2008-10-16,-0.00515690538310698,0.0,0.0,-0.00515690538310698,103990.65068040913
2008-10-17,-0.006876816104804395,0.0,0.0,-0.006876816104804395,103275.52609906101
2008-10-20,0.007989054919937733,0.0,0.0,0.007989054919937733,104100.59994895187
2008-10-21,0.005284488249957198,0.0,0.0,0.005284488249957198,104650.71834619559
2008-10-22,0.020291046679744795,0.0,0.0,0.020291046679744795,106774.19095722707
2008-10-23,0.007417827646910569,0.0,0.0,0.007417827646910569,107566.22350288609
2008-10-24,-0.010637002221973169,0.0,0.0,-0.010637002221973169,106422.04134447663
2008-10-27,0.0007235435157102454,0.0,0.0,0.0007235435157102454,106499.0423224201
2008-10-28,-0.014566018808069847,0.0,0.0,-0.014566018808069847,104947.77526891028
2008-10-29,-0.005032325879608779,0.0,0.0,-0.005032325879608779,104419.64386341718
2008-10-30,-0.009061504417350541,0.0,0.0,-0.009061504417350541,103473.44479929066
2008-10-31,-0.012971384830911092,0.0,0.0,-0.012971384830911092,102131.25092701902
2008-11-03,0.0027038067455267267,0.0,0.0,0.0027038067455267267,102407.39409220459
2008-11-04,0.01876836540763116,0.0,0.0,0.01876836540763116,104329.41348497038
2008-11-05,0.01185786635489361,0.0,0.0,0.01185786635489361,105566.53772695959
2008-11-06,-0.0072188390621135134,0.0,0.0,-0.0072188390621135134,104804.46988076413
2008-11-07,-0.006535663035211803,0.0,0.0,-0.006535663035211803,104119.50318103944
2008-11-10,0.004881596645896824,0.0,0.0,0.004881596645896824,104627.77259854044
2008-11-11,0.0029550898555752436,0.0,0.0,0.0029550898555752436,104936.95706795783
2008-11-12,0.006421387251195121,0.0,0.0,0.006421387251195121,105610.79790625322
2008-11-13,-0.02395242318826918,0.0,0.0,-0.02395242318826918,103081.16338155189
2008-11-14,0.0198246237631865,0.0,0.0,0.0198246237631865,105124.7086626627
2008-11-17,0.004414029336204939,0.0,0.0,0.004414029336204939,105588.7322106597
2008-11-18,0.012866022765835483,0.0,0.0,0.012866022765835483,106947.23924309775
2008-11-19,0.025615652945661704,0.0,0.0,0.025615652945661704,109686.7626070456
2008-11-20,0.05166124809861983,0.0,0.0,0.05166124809861983,115353.31766322258
2008-11-21,-0.014459356714373262,0.0,0.0,-0.014459356714373262,113685.38289494363
2008-11-24,-0.01564335368932912,0.0,0.0,-0.01564335368932912,111906.96224101122
2008-11-25,0.02941508186122599,0.0,0.0,0.02941508186122599,115198.7146961717
2008-11-26,0.001342054618045374,0.0,0.0,0.001342054618045374,115353.31766322258
2008-11-28,0.012353018745347333,0.0,0.0,0.012353018745347333,116778.27935865438
2008-12-01,0.03829579388550752,0.0,0.0,0.03829579388550752,121250.39627527763
2008-12-02,0.003838905694723005,0.0,0.0,0.003838905694723005,121715.86511202621
2008-12-03,0.0028218471777294862,0.0,0.0,0.0028218471777294862,122059.32868247748
2008-12-04,0.01970438152083198,0.0,0.0,0.01970438152083198,124464.43226301364
2008-12-05,-0.016206300130193085,0.0,0.0,-0.016206300130193085,122447.32431822516
2008-12-08,-0.002172751508374815,0.0,0.0,-0.002172751508374815,122181.27670961627
2008-12-09,0.019774896642188677,0.0,0.0,0.019774896642188677,124597.3988281596
2008-12-10,-0.002400787215647293,0.0,0.0,-0.002400787215647293,124298.26698595003
2008-12-11,0.0019612628709315683,0.0,0.0,0.0019612628709315683,124542.0485619107
2008-12-12,0.0,0.0,0.0,0.0,124542.0485619107
2008-12-15,0.01139030866078472,0.0,0.0,0.01139030866078472,125960.62093627731
2008-12-16,0.02472550412051966,0.0,0.0,0.02472550412051966,129075.06078826045
2008-12-17,0.02713365431444803,0.0,0.0,0.02713365431444803,132577.33886830547
2008-12-18,0.02098275192125043,0.0,0.0,0.02098275192125043,135359.1762801587
2008-12-19,0.00106531196450943,0.0,0.0,0.00106531196450943,135503.37603015607
2008-12-22,-0.007689076189335675,0.0,0.0,-0.007689076189335675,134461.480247948
2008-12-23,-0.001319219093812718,0.0,0.0,-0.001319219093812718,134284.0960958226
2008-12-24,-0.002145657023944425,0.0,0.0,-0.002145657023944425,133995.96848183055
2008-12-26,0.003308330673305493,0.0,0.0,0.003308330673305493,134439.27145445827
2008-12-29,-0.001199265645376757,0.0,0.0,-0.001199265645376757,134278.04305481346
2008-12-30,0.00952433323113433,0.0,0.0,0.00952433323113433,135556.9518824921
2008-12-31,-0.020918562207498326,0.0,0.0,-0.020918562207498326,132721.29535187932
2009-01-02,-0.02513644410805127,0.0,0.0,-0.02513644410805127,129385.15392931864
2009-01-05,-0.025783802489857344,0.0,0.0,-0.025783802489857344,126049.11267528529
2009-01-06,-0.010057338328607113,0.0,0.0,-0.010057338328607113,124781.39410308923
2009-01-07,0.003920985339223471,0.0,0.0,0.003920985339223471,125270.66011997532
2009-01-08,-0.0007995025926432753,0.0,0.0,-0.0007995025926432753,125170.50590242726
2009-01-09,0.0015105415519536258,0.0,0.0,0.0015105415519536258,125359.58115267193
2009-01-12,0.010378855685586386,0.0,0.0,0.010378855685586386,126660.67015426108
2009-01-13,0.001052949104823897,0.0,0.0,0.001052949104823897,126794.0373935164
2009-01-14,0.016489196616501056,0.0,0.0,0.016489196616501056,128884.76920589809
2009-01-15,0.0016388810398417775,0.0,0.0,0.0016388810398417775,129095.99601047402
2009-01-16,-0.01541958136526056,0.0,0.0,-0.01541958136526056,127105.38979606116
2009-01-20,-0.0001737141549904564,0.0,0.0,-0.0001737141549904564,127083.30979067802
2009-01-21,-0.03158994084472633,0.0,0.0,-0.03158994084472633,123068.75555203846
2009-01-22,-0.019245681468326947,0.0,0.0,-0.019245681468326947,120700.21348398055
2009-01-23,-0.00783130601792581,0.0,0.0,-0.00783130601792581,119754.97317575851
2009-01-26,-0.008729206633085629,0.0,0.0,-0.008729206633085629,118709.6072695677
2009-01-27,0.023513529672991806,0.0,0.0,0.023513529672991806,121500.8891425699
2009-01-28,-0.02498688867760024,0.0,0.0,-0.02498688867760024,118464.95995133505
2009-01-29,-0.022998405949414935,0.0,0.0,-0.022998405949414935,115740.45471159306
2009-01-30,-0.0031704207153111508,0.0,0.0,-0.0031704207153111508,115373.5087763759
2009-02-02,0.018605509566566925,0.0,0.0,0.018605509566566925,117520.09169764315
2009-02-03,-0.02381673401467943,0.0,0.0,-0.02381673401467943,114721.14693229964
2009-02-04,-0.0034986412259645494,0.0,0.0,-0.0034986412259645494,114319.77879815236
2009-02-05,0.0008772774195664468,0.0,0.0,0.0008772774195664468,114420.0689587018
2009-02-06,-0.003118149053215058,0.0,0.0,-0.003118149053215058,114063.29012900942
2009-02-09,0.0032261961709432185,0.0,0.0,0.0032261961709432185,114431.2806788688
2009-02-10,0.02173067859256661,0.0,0.0,0.02173067859256661,116917.95006023708
2009-02-11,0.012970769061868559,0.0,0.0,0.012970769061868559,118434.46578965551
2009-02-12,-0.009415312540759557,0.0,0.0,-0.009415312540759557,117319.36827864799
2009-02-13,-0.02661358322501106,0.0,0.0,-0.02661358322501106,114197.07950705846
2009-02-17,0.03114946199391211,0.0,0.0,0.03114946199391211,117754.25709497933
2009-02-18,-0.008522675487578568,0.0,0.0,-0.008522675487578568,116750.67577447793
2009-02-19,-0.017000912205505814,0.0,0.0,-0.017000912205505814,114765.80778570255
2009-02-20,0.009716598584517122,0.0,0.0,0.009716598584517122,115880.94107118408
2009-02-23,0.009237753655415792,0.0,0.0,0.009237753655415792,116951.42065815743
2009-02-24,-0.0010493310392267752,0.0,0.0,-0.0010493310392267752,116828.69990237914
2009-02-25,-0.01154864194506533,0.0,0.0,-0.01154864194506533,115479.48707829908
2009-02-26,-0.010526069261275528,0.0,0.0,-0.010526069261275528,114263.94199905632
2009-02-27,-0.005757155994243757,0.0,0.0,-0.005757155994243757,113606.10666045052
2009-03-02,0.016555952300578047,0.0,0.0,0.016555952300578047,115486.96394337532
2009-03-03,-0.0066806381498810685,0.0,0.0,-0.0066806381498810685,114715.43732624127
2009-03-04,-0.004582570564307997,0.0,0.0,-0.004582570564307997,114189.74573987833
2009-03-05,0.02781141813225685,0.0,0.0,0.02781141813225685,117365.52450506616
2009-03-06,-0.006669784288490632,0.0,0.0,-0.006669784288490632,116582.7217737118
2009-03-09,-0.005850330926105207,0.0,0.0,-0.005850330926105207,115900.67427106954
2009-03-10,-0.01919957626477775,0.0,0.0,-0.01919957626477775,113675.43043626298
2009-03-11,0.010820073408596587,0.0,0.0,0.010820073408596587,114905.40693833715
2009-03-12,0.004769269547635124,0.0,0.0,0.004769269547635124,115453.4217965068
2009-03-13,-0.0050368470809730725,0.0,0.0,-0.0050368470809730725,114871.90056594269
2009-03-16,-0.015769533358716892,0.0,0.0,-0.015769533358716892,113060.42429798887
2009-03-17,-0.005439623476497513,0.0,0.0,-0.005439623476497513,112445.41815971475
2009-03-18,0.037888572909694496,0.0,0.0,0.037888572909694496,116705.8145840202
2009-03-19,0.0012446567032413647,0.0,0.0,0.0012446567032413647,116851.07325844945
2009-03-20,-0.005549600171495417,0.0,0.0,-0.005549600171495417,116202.59652225493
2009-03-23,-0.008661108344791502,0.0,0.0,-0.008661108344791502,115196.1532438296
2009-03-24,0.00951210434967531,0.0,0.0,0.00951210434967531,116291.91107416607
2009-03-25,-0.013461489714569397,0.0,0.0,-0.013461489714569397,114726.44870935357
2009-03-26,0.011598048729378974,0.0,0.0,0.011598048729378974,116057.05165203326
2009-03-27,0.007419924144844714,0.0,0.0,0.007419924144844714,116918.18617176569
2009-03-30,0.003826079996171572,0.0,0.0,0.003826079996171572,117365.52450506615
2009-03-31,0.007145047873539978,0.0,0.0,0.007145047873539978,118204.10679635798
2009-04-01,0.009126350507571379,0.0,0.0,0.009126350507571379,119282.87890641594
2009-04-02,-0.012221090750824115,0.0,0.0,-0.012221090750824115,117825.11201828106
2009-04-03,-0.020462767165157714,0.0,0.0,-0.020462767165157714,115414.08418484233
2009-04-06,-0.0042750548996772775,0.0,0.0,-0.0042750548996772775,114920.68263875616
2009-04-07,0.002536137389600901,0.0,0.0,0.002536137389600901,115212.13727883477
2009-04-08,0.008858155615236729,0.0,0.0,0.008858155615236729,116232.7043196147
2009-04-09,-0.012543088878986364,0.0,0.0,-0.012543088878986364,114774.78717868883
2009-04-13,0.009184339855858203,0.0,0.0,0.009184339855858203,115828.91783102171
2009-04-14,0.005229058224697214,0.0,0.0,0.005229058224697214,116434.5939864638
2009-04-15,-0.0017339319865071756,0.0,0.0,-0.0017339319865071756,116232.7043196147
2009-04-16,-0.007911259454407404,0.0,0.0,-0.007911259454407404,115313.1572386548
2009-04-17,-0.010988800982038471,0.0,0.0,-0.010988800982038471,114046.00390314872
2009-04-20,0.015141429716646115,0.0,0.0,0.015141429716646115,115772.8234557126
2009-04-21,-0.009878977260015853,0.0,0.0,-0.009878977260015853,114629.10636546579
2009-04-22,-0.0060656978386282034,0.0,0.0,-0.0060656978386282034,113933.8008427409
2009-04-23,-9.821716996893937e-05,0.0,0.0,-9.821716996893937e-05,113922.61058725833
2009-04-24,-0.010041242702388042,0.0,0.0,-0.010041242702388042,112778.68600506202
2009-04-27,0.004276936101058393,0.0,0.0,0.004276936101058393,113261.033238667
2009-04-28,-0.01633677655030208,0.0,0.0,-0.01633677655030208,111410.71304679058
2009-04-29,-0.008857152068252883,0.0,0.0,-0.008857152068252883,110423.93141930267
2009-04-30,-0.003961877081572918,0.0,0.0,-0.003961877081572918,109986.44537615536
2009-05-01,-0.006881710329480595,0.0,0.0,-0.006881710329480595,109229.55051890742
2009-05-04,0.0032942259047297195,0.0,0.0,0.0032942259047297195,109589.37733378877
2009-05-05,-0.0012310092905130077,0.0,0.0,-0.0012310092905130077,109454.47179214933
2009-05-06,-0.0023641892044271584,0.0,0.0,-0.0023641892044271584,109195.70071156207
2009-05-07,-0.024411863492336816,0.0,0.0,-0.024411863492336816,106530.03017184135
2009-05-08,0.002428418833843038,0.0,0.0,0.002428418833843038,106788.72970348052
2009-05-11,0.014219911212320469,0.0,0.0,0.014219911212320469,108307.2559583405
2009-05-12,0.003633689964099185,0.0,0.0,0.003633689964099185,108700.81094735544
2009-05-13,0.010866209730979293,0.0,0.0,0.010866209730979293,109881.97675703693
2009-05-14,0.003889411069897264,0.0,0.0,0.003889411069897264,110309.35293381794
2009-05-15,-0.0003055652902735906,0.0,0.0,-0.0003055652902735906,110275.64622436883
2009-05-18,-0.015504052005188451,0.0,0.0,-0.015504052005188451,108565.92687040045
2009-05-19,-0.005283696258344572,0.0,0.0,-0.005283696258344572,107992.2974888116
2009-05-20,0.010518909317496883,0.0,0.0,0.010518909317496883,109128.25867308455
2009-05-21,-0.025148876375764018,0.0,0.0,-0.025148876375764018,106383.80558661275
2009-05-22,-0.01110105641558512,0.0,0.0,-0.01110105641558512,105202.83295909112
2009-05-26,-0.015075678317790775,0.0,0.0,-0.015075678317790775,103616.82889127958
2009-05-27,-0.017694854629383472,0.0,0.0,-0.017694854629383472,101783.3441668907
2009-05-28,0.01447648178008043,0.0,0.0,0.01447648178008043,103256.80889423833
2009-05-29,0.02581752361756462,0.0,0.0,0.02581752361756462,105922.6439965397
2009-06-01,-0.02956487882746417,0.0,0.0,-0.02956487882746417,102791.05386169738
2009-06-02,0.005379793709492597,0.0,0.0,0.005379793709492597,103344.04852665466
2009-06-03,0.009391418131970086,0.0,0.0,0.009391418131970086,104314.5956978191
2009-06-04,-0.020662338069421415,0.0,0.0,-0.020662338069421415,102159.21225593574
2009-06-05,-0.007621674595872485,0.0,0.0,-0.007621674595872485,101380.58798315033
2009-06-08,-0.0025607994916935217,0.0,0.0,-0.0025607994916935217,101120.97262497547
2009-06-09,-0.0001115111329289542,0.0,0.0,-0.0001115111329289542,101109.69651075518
2009-06-10,-0.015735862370858222,0.0,0.0,-0.015735862370858222,99518.6482421027
2009-06-11,0.011111374726169965,0.0,0.0,0.011111374726169965,100624.43723496259
2009-06-12,0.008971737207509767,0.0,0.0,0.008971737207509767,101527.21324248823
2009-06-15,0.009003448651068391,0.0,0.0,0.009003448651068391,102441.30829360306
2009-06-16,0.017404736837473456,0.0,0.0,0.017404736837473456,104224.2723057397
2009-06-17,-0.005629837997222276,0.0,0.0,-0.005629837997222276,103637.50653728002
2009-06-18,-0.015135686690360362,0.0,0.0,-0.015135686690360362,102068.88170896156
2009-06-19,0.01370990162209762,0.0,0.0,0.01370990162209762,103468.23603586895
2009-06-22,0.009706053073669896,0.0,0.0,0.009706053073669896,104472.5042262721
2009-06-23,0.011773687205523187,0.0,0.0,0.011773687205523187,105702.53081260991
2009-06-24,-0.010034618166891995,0.0,0.0,-0.010034618166891995,104641.84627663124
2009-06-25,0.018332863710479153,0.0,0.0,0.018332863710479153,106560.23098283363
2009-06-26,0.0016935765822196913,0.0,0.0,0.0016935765822196913,106740.69889462208
2009-06-29,0.0014790975748590895,0.0,0.0,0.0014790975748590895,106898.57880349587
2009-06-30,-0.0016880823301733683,0.0,0.0,-0.0016880823301733683,106718.12520149704
2009-07-01,-0.0019837213897232475,0.0,0.0,-0.0019837213897232475,106506.42617386366
2009-07-02,0.002338938424122361,0.0,0.0,0.002338938424122361,106755.53814645766
2009-07-06,-0.001908833608232352,0.0,0.0,-0.001908833608232352,106551.75958737876
2009-07-07,0.006693056858348756,0.0,0.0,0.006693056858348756,107264.9165726542
2009-07-08,0.01847053557129108,0.0,0.0,0.01847053557129108,109246.15702976097
2009-07-09,-0.011917232147008905,0.0,0.0,-0.011917232147008905,107944.24521526873
2009-07-10,0.009229278979481892,0.0,0.0,0.009229278979481892,108940.49276859006
2009-07-13,-0.005611844837343782,0.0,0.0,-0.005611844837343782,108329.13562666895
2009-07-14,-0.016616158857500896,0.0,0.0,-0.016616158857500896,106529.12150020046
2009-07-15,-0.025717468316342584,0.0,0.0,-0.025717468316342584,103789.46219325125
2009-07-16,0.010798645919317451,0.0,0.0,0.010798645919317451,104910.24784563255
2009-07-17,-0.015431375507033884,0.0,0.0,-0.015431375507033884,103291.33841659059
2009-07-20,0.005260639417230983,0.0,0.0,0.005260639417230983,103834.71690292345
2009-07-21,0.01995258814132983,0.0,0.0,0.01995258814132983,105906.48824405906
2009-07-22,-0.008978944211656237,0.0,0.0,-0.008978944211656237,104955.55979446323
2009-07-23,-0.018336966036739732,0.0,0.0,-0.018336966036739732,103030.99325914515
2009-07-24,0.004834351163963024,0.0,0.0,0.004834351163963024,103529.08126133178
2009-07-27,-0.01148158985620007,0.0,0.0,-0.01148158985620007,102340.40281209996
2009-07-28,0.00884927106562583,0.0,0.0,0.00884927106562583,103246.04077754956
2009-07-29,0.005482765328399308,0.0,0.0,0.005482765328399308,103812.1145902192
2009-07-30,0.014176479491281535,0.0,0.0,0.014176479491281535,105283.804903654
2009-07-31,0.019463288112607335,0.0,0.0,0.019463288112607335,107332.97393208537
2009-08-03,-0.01515511786117707,0.0,0.0,-0.01515511786117707,105706.33006175396
2009-08-04,-0.007951949060741037,0.0,0.0,-0.007951949060741037,104865.75870970503
2009-08-05,-0.014948242098082543,0.0,0.0,-0.014948242098082543,103298.19996071326
2009-08-06,0.0034085044436964473,0.0,0.0,0.0034085044436964473,103650.29233430518
2009-08-07,-0.008328508768811416,0.0,0.0,-0.008328508768811416,102787.03996570906
2009-08-10,0.012487561756163501,0.0,0.0,0.012487561756163501,104070.5994750141
2009-08-11,0.011569935204815307,0.0,0.0,0.011569935204815307,105274.68956766628
2009-08-12,-0.010682658155754532,0.0,0.0,-0.010682658155754532,104150.07604656172
2009-08-13,0.01417925310097301,0.0,0.0,0.01417925310097301,105626.84633531152
2009-08-14,0.0038710606515166557,0.0,0.0,0.0038710606515166557,106035.73426390394
2009-08-17,0.014782429208799686,0.0,0.0,0.014782429208799686,107603.1999992632
2009-08-18,-0.005806197350998965,0.0,0.0,-0.005806197350998965,106978.43458446847
2009-08-19,0.008283092391054625,0.0,0.0,0.008283092391054625,107864.54684198201
2009-08-20,0.008213653426092371,0.0,0.0,0.008213653426092371,108750.50884670456
2009-08-21,-0.02057678906402971,0.0,0.0,-0.02057678906402971,106512.77256556002
2009-08-24,0.018128799532468598,0.0,0.0,0.018128799532468598,108443.72126704849
2009-08-25,0.0056572136533721284,0.0,0.0,0.0056572136533721284,109057.21056762293
2009-08-26,0.004582700719746091,0.0,0.0,0.004582700719746091,109556.98712498468
2009-08-27,-0.00393974127643415,0.0,0.0,-0.00393974127643415,109125.36094068662
2009-08-28,0.004579707624919216,0.0,0.0,0.004579707624919216,109625.12318825875
2009-08-31,0.0009324685726699311,0.0,0.0,0.0009324685726699311,109727.34517040687
2009-09-01,-0.0024194732088580473,0.0,0.0,-0.0024194732088580473,109461.86279848796
2009-09-02,0.014574075301469813,0.0,0.0,0.014574075301469813,111057.16822955228
2009-09-03,-0.006157450998898639,0.0,0.0,-0.006157450998898639,110373.33915810238
2009-09-04,-0.017033216714085753,0.0,0.0,-0.017033216714085753,108493.32615276512
2009-09-08,-0.00703709055244528,0.0,0.0,-0.00703709055244528,107729.84879229212
2009-09-09,-0.0011635271336466468,0.0,0.0,-0.0011635271336466468,107604.50219011864
2009-09-10,0.018425211038955558,0.0,0.0,0.018425211038955558,109587.13785171333
2009-09-11,0.005511613150020356,0.0,0.0,0.005511613150020356,110191.13976176993
2009-09-14,-0.009927403145484903,0.0,0.0,-0.009927403145484903,109097.22789429437
2009-09-15,-0.0051178800511413325,0.0,0.0,-0.0051178800511413325,108538.88136801934
2009-09-16,0.001784918771264854,0.0,0.0,0.001784918771264854,108732.61445478522
2009-09-17,0.012575940377529626,0.0,0.0,0.012575940377529626,110100.02933126151
2009-09-18,-0.008902025471548725,0.0,0.0,-0.008902025471548725,109119.91606573634
2009-09-21,0.002298000286668156,0.0,0.0,0.002298000286668156,109370.67366413662
2009-09-22,0.002082868178629571,0.0,0.0,0.002082868178629571,109598.47835998693
2009-09-23,0.0030160650509087894,0.0,0.0,0.0030160650509087894,109929.03450020126
2009-09-24,0.0029027922884488078,0.0,0.0,0.0029027922884488078,110248.13565382507
2009-09-25,0.012712759505608906,0.0,0.0,0.012712759505608906,111649.69368833391
2009-09-28,0.008776801851293259,0.0,0.0,0.008776801851293259,112629.62092659401
2009-09-29,-0.0009098175295576549,0.0,0.0,-0.0009098175295576549,112527.14852312756
2009-09-30,-0.0009110911373448882,0.0,0.0,-0.0009110911373448882,112424.62603539745
2009-10-01,0.013694931071897454,0.0,0.0,0.013694931071897454,113964.27353973607
2009-10-02,-0.006920638328795747,0.0,0.0,-0.006920638328795747,113175.5680201636
2009-10-05,0.00010134074501055856,0.0,0.0,0.00010134074501055856,113187.03731654376
2009-10-06,-0.009896757329945105,0.0,0.0,-0.009896757329945105,112066.85267532647
2009-10-07,0.011728751450156727,0.0,0.0,0.011728751450156727,113381.2569361567
2009-10-08,-0.01048396918721739,0.0,0.0,-0.01048396918721739,112192.57133203007
2009-10-09,-0.022924219289980674,0.0,0.0,-0.022924219289980674,109620.6442241078
2009-10-12,0.0015632067473094757,0.0,0.0,0.0015632067473094757,109792.00395480332
2009-10-13,0.00520605382071837,0.0,0.0,0.00520605382071837,110363.58703647656
2009-10-14,-0.014810397236106665,0.0,0.0,-0.014810397236106665,108729.05847206472
2009-10-15,-0.004626077997912259,0.0,0.0,-0.004626077997912259,108226.06936693337
2009-10-16,0.008132864935034956,0.0,0.0,0.008132864935034956,109106.25737154436
2009-10-19,0.007857669958188485,0.0,0.0,0.007857669958188485,109963.57833234311
2009-10-20,0.005404710781443223,0.0,0.0,0.005404710781443223,110557.899669722
2009-10-21,-0.005996415365842722,0.0,0.0,-0.005996415365842722,109894.94858132717
2009-10-22,-0.0048880790197121105,0.0,0.0,-0.0048880790197121105,109357.77338879445
2009-10-23,-0.007526466649176111,0.0,0.0,-0.007526466649176111,108534.69575455552
2009-10-26,-0.01295406450386316,0.0,0.0,-0.01295406450386316,107128.73030484385
2009-10-27,0.013658510782460054,0.0,0.0,0.013658510782460054,108591.94922282381
2009-10-28,0.004736153576773816,0.0,0.0,0.004736153576773816,109106.25737154431
2009-10-29,-0.010895407666918655,0.0,0.0,-0.010895407666918655,107917.50021846959
2009-10-30,0.014511340591953914,0.0,0.0,0.014511340591953914,109483.52781997208
2009-11-02,-0.004420625770410469,0.0,0.0,-0.004420625770410469,108999.54211545567
2009-11-03,-0.009995626962435167,0.0,0.0,-0.009995626962435167,107910.02335339332
2009-11-04,-0.009137921226024193,0.0,0.0,-0.009137921226024193,106923.95006049158
2009-11-05,0.0,0.0,0.0,0.0,106923.95006049158
2009-11-06,0.00096492491251432,0.0,0.0,0.00096492491251432,107027.1236436494
2009-11-09,0.0011777849620566716,0.0,0.0,0.0011777849620566716,107153.17858040908
2009-11-10,-0.001818551374093036,0.0,0.0,-0.001818551374093036,106958.31502026322
2009-11-11,0.004181224246136983,0.0,0.0,0.004181224246136983,107405.53172035192
2009-11-12,-0.0018153444737879498,0.0,0.0,-0.0018153444737879498,107210.55368188913
2009-11-13,0.004599837495766312,0.0,0.0,0.004599837495766312,107703.70480665694
2009-11-16,0.011712166556501424,0.0,0.0,0.011712166556501424,108965.14853610477
2009-11-17,0.005367362128191777,0.0,0.0,0.005367362128191777,109550.00394765024
2009-11-18,-0.005862311091680117,0.0,0.0,-0.005862311091680117,108907.78774441434
2009-11-19,0.0017900411248923387,0.0,0.0,0.0017900411248923387,109102.73716329788
2009-11-20,-0.00021005089947112587,0.0,0.0,-0.00021005089947112587,109079.82003522196
2009-11-23,-0.0012618820447919399,0.0,0.0,-0.0012618820447919399,108942.17416887038
2009-11-24,0.006315477408611159,0.0,0.0,0.006315477408611159,109630.19600867885
2009-11-25,0.004603585403205379,0.0,0.0,0.004603585403205379,110134.88797877495
2009-11-27,0.0037482111120659134,0.0,0.0,0.0037482111120659134,110547.69678972314
2009-11-30,0.0023857912931626313,0.0,0.0,0.0023857912931626313,110811.44052220324
2009-12-01,-0.011139757149975282,0.0,0.0,-0.011139757149975282,109577.02798534697
2009-12-02,0.0008400275442843608,0.0,0.0,0.0008400275442843608,109669.07570707546
2009-12-03,-0.010385351777246643,0.0,0.0,-0.010385351777246643,108530.123776772
2009-12-04,-0.01059995171621686,0.0,0.0,-0.01059995171621686,107379.70970498318
2009-12-07,0.0012853925211357975,0.0,0.0,0.0012853925211357975,107517.7347807597
2009-12-08,0.0014980876623509332,0.0,0.0,0.0014980876623509332,107678.80577271867
2009-12-09,-0.00459398777514719,0.0,0.0,-0.00459398777514719,107184.13065535635
2009-12-10,-0.011484371850078667,0.0,0.0,-0.011484371850078667,105953.1882424828
2009-12-11,-0.000108721415890356,0.0,0.0,-0.000108721415890356,105941.668861839
2009-12-14,0.001194444744605283,0.0,0.0,0.001194444744605283,106068.21033144573
2009-12-15,-0.004446740633081592,0.0,0.0,-0.004446740633081592,105596.55251068664
2009-12-16,-0.0011980097088858388,0.0,0.0,-0.0011980097088858388,105470.04681555397
2009-12-17,0.016471175155166273,0.0,0.0,0.016471175155166273,107207.26243027653
2009-12-18,-0.004293313462938042,0.0,0.0,-0.004293313462938042,106746.9880471599
2009-12-21,-0.017782174727126066,0.0,0.0,-0.017782174727126066,104848.79445411086
2009-12-22,-0.005596236147681233,0.0,0.0,-0.005596236147681233,104262.03584054597
2009-12-23,0.00022117567325619092,0.0,0.0,0.00022117567325619092,104285.09606651806
2009-12-24,-0.010369356482005543,0.0,0.0,-0.010369356482005543,103203.72672964413
2009-12-28,-0.002786633835759389,0.0,0.0,-0.002786633835759389,102916.13573276284
2009-12-29,0.006596209765588501,0.0,0.0,0.006596209765588501,103594.99215231992
2009-12-30,0.00657494790004054,0.0,0.0,0.00657494790004054,104276.12382842653
2009-12-31,-0.004760706941960624,0.0,0.0,-0.004760706941960624,103779.69576183578
2010-01-04,-0.0008898486995226884,0.0,0.0,-0.0008898486995226884,103687.34753452527
2010-01-05,0.006458270280460532,0.0,0.0,0.006458270280460532,104356.98844956727
2010-01-06,-0.013386333372596315,0.0,0.0,-0.013386333372596315,102960.03101242117
2010-01-07,0.0016808716349296926,0.0,0.0,0.0016808716349296926,103133.09360808143
2010-01-08,-0.0004468466508458224,0.0,0.0,-0.0004468466508458224,103087.0089306113
2010-01-11,-0.005487822652850194,0.0,0.0,-0.005487822652850194,102521.28570778732
2010-01-12,0.01711681733724002,0.0,0.0,0.01711681733724002,104276.1238284265
2010-01-13,-0.011625489498628294,0.0,0.0,-0.011625489498628294,103063.86284590147
2010-01-14,0.014003310733015972,0.0,0.0,0.014003310733015972,104507.09814267758
2010-01-15,0.006185859355413159,0.0,0.0,0.006185859355413159,105153.56435343056
2010-01-19,-0.002854920594246413,0.0,0.0,-0.002854920594246413,104853.35927699953
2010-01-20,0.010130283150752373,0.0,0.0,0.010130283150752373,105915.5534957831
2010-01-21,0.004577379396253356,0.0,0.0,0.004577379396253356,106400.36916809747
2010-01-22,-0.0017356611765592111,0.0,0.0,-0.0017356611765592111,106215.69417816083
2010-01-25,-0.00456511841318985,0.0,0.0,-0.00456511841318985,105730.80695689838
2010-01-26,0.00032800066642257875,0.0,0.0,0.00032800066642257875,105765.48673204165
2010-01-27,-0.0005459924385019521,0.0,0.0,-0.0005459924385019521,105707.73957603148
2010-01-28,-0.0005462907090982849,0.0,0.0,-0.0005462907090982849,105649.99242002131
2010-01-29,0.008742584541877374,0.0,0.0,0.008742584541877374,106573.64641060206
2010-02-01,-0.009077348903083426,0.0,0.0,-0.009077348903083426,105606.24023825917
2010-02-02,0.002852235965598693,0.0,0.0,0.002852235965598693,105907.45415485838
2010-02-03,-0.011596261556976573,0.0,0.0,-0.011596261556976573,104679.32361564513
2010-02-04,0.015827060399855153,0.0,0.0,0.015827060399855153,106336.08959312593
2010-02-05,0.002178844497842336,0.0,0.0,0.002178844497842336,106567.77939685798
2010-02-08,0.0013039139305355274,0.0,0.0,0.0013039139305355274,106706.73460895978
2010-02-09,-0.009987790510123995,0.0,0.0,-0.009987790510123995,105640.97009766608
2010-02-10,-0.00954239097402465,0.0,0.0,-0.00954239097402465,104632.90265811891
2010-02-11,-0.005425000791509205,0.0,0.0,-0.005425000791509205,104065.26907838072
2010-02-12,0.004118978377305904,0.0,0.0,0.004118978377305904,104493.9116715431
2010-02-16,0.001885441748059824,0.0,0.0,0.001885441748059824,104690.9288550267
2010-02-17,-0.011399684979658709,0.0,0.0,-0.011399684979658709,103497.48524585152
2010-02-18,-0.004029789972810782,0.0,0.0,-0.004029789972810782,103080.41211759664
2010-02-19,0.005395024549909033,0.0,0.0,0.005395024549909033,103636.53347158582
2010-02-22,-0.004136018243797057,0.0,0.0,-0.004136018243797057,103207.89087842345
2010-02-23,0.015604103905809463,0.0,0.0,0.015604103905809463,104818.3575315898
2010-02-24,0.0024318968870804536,0.0,0.0,0.0024318968870804536,105073.26496897977
2010-02-25,0.005622617889690984,0.0,0.0,0.005622617889690984,105664.05178832261
2010-02-26,0.005154292579285347,0.0,0.0,0.005154292579285347,106208.67522635238
2010-03-01,-0.0004374773227896478,0.0,0.0,-0.0004374773227896478,106162.21133945731
2010-03-02,-0.0013145564839411872,0.0,0.0,-0.0013145564839411872,106022.65511619148
2010-03-03,-0.0025208866475608938,0.0,0.0,-0.0025208866475608938,105755.38402057013
2010-03-04,0.005274529654734295,0.0,0.0,0.005274529654734295,106313.19392973444
2010-03-05,-0.01311848340977062,0.0,0.0,-0.01311848340977062,104918.52605892748
2010-03-08,-0.005205988782915005,0.0,0.0,-0.005205988782915005,104372.32138914474
2010-03-09,0.00022197024159176237,0.0,0.0,0.00022197024159176237,104395.48893853898
2010-03-10,-0.002560315662378243,0.0,0.0,-0.002560315662378243,104128.20353312802
2010-03-11,0.003683120024967401,0.0,0.0,0.003683120024967401,104511.72020472477
2010-03-12,0.006228099577299195,0.0,0.0,0.006228099577299195,105162.62960515464
2010-03-15,-0.0013260989693970604,0.0,0.0,-0.0013260989693970604,105023.17355041615
2010-03-16,0.00796811283327381,0.0,0.0,0.00796811283327381,105860.01004737435
2010-03-17,0.004280973354879647,0.0,0.0,0.004280973354879647,106313.19392973447
2010-03-18,-0.0032785272248658792,0.0,0.0,-0.0032785272248658792,105964.64322907338
2010-03-19,0.0009861519419427367,0.0,0.0,0.0009861519419427367,106069.14046777098
2010-03-22,0.0010963462589721473,0.0,0.0,0.0010963462589721473,106185.42897311522
2010-03-23,-0.004707044003722349,0.0,0.0,-0.004707044003722349,105685.60948638464
2010-03-24,-0.01825511614171793,0.0,0.0,-0.01825511614171793,103756.30641070244
2010-03-25,-0.006385708899058651,0.0,0.0,-0.006385708899058651,103093.74884152216
2010-03-26,0.002818755317047783,0.0,0.0,0.002818755317047783,103384.34489422358
2010-03-29,-0.0038228426161619478,0.0,0.0,-0.0038228426161619478,102989.12281471796
2010-03-30,0.0031603659774803727,0.0,0.0,0.0031603659774803727,103314.60613451216
2010-03-31,0.006862672449792884,0.0,0.0,0.006862672449792884,104023.62043569266
2010-04-01,-0.002445386673801564,0.0,0.0,-0.002445386673801564,103769.24246051864
2010-04-05,-0.01663785473768231,0.0,0.0,-0.01663785473768231,102042.7448782212
2010-04-06,0.001600412398053086,0.0,0.0,0.001600412398053086,102206.05535225569
2010-04-07,0.012783961440341995,0.0,0.0,0.012783961440341995,103512.65362284839
2010-04-08,0.00044990838015701584,0.0,0.0,0.00044990838015701584,103559.2248331656
2010-04-09,0.002365706711094262,0.0,0.0,0.002365706711094262,103804.21558634914
2010-04-12,0.005282276018841792,0.0,0.0,0.005282276018841792,104352.53810499559
2010-04-13,0.0032424220982207874,0.0,0.0,0.0032424220982207874,104690.89308055263
2010-04-14,-0.00702019796794251,0.0,0.0,-0.00702019796794251,103955.94228568645
2010-04-15,0.001121523294992155,0.0,0.0,0.001121523294992155,104072.53129661271
2010-04-16,0.007286994089844567,0.0,0.0,0.007286994089844567,104830.9072170863
2010-04-19,-0.002448327439224407,0.0,0.0,-0.002448327439224407,104574.24683046792
2010-04-20,0.0035692286471804557,0.0,0.0,0.0035692286471804557,104947.49622801253
2010-04-21,0.008225973262757647,0.0,0.0,0.008225973262757647,105810.79152597752
2010-04-22,-0.002976687159044533,0.0,0.0,-0.002976687159044533,105495.82590155379
2010-04-23,-0.003538320250435323,0.0,0.0,-0.003538320250435323,105122.54788442994
2010-04-26,0.0011098257901569486,0.0,0.0,0.0011098257901569486,105239.21559919909
2010-04-27,0.014078060728948127,0.0,0.0,0.014078060728948127,106720.77966747149
2010-04-28,-0.008526813094219987,0.0,0.0,-0.008526813094219987,105810.79152597752
2010-04-29,0.00419039329515436,0.0,0.0,0.00419039329515436,106254.18035734295
2010-04-30,0.011527647647987305,0.0,0.0,0.011527647647987305,107479.04110962809
2010-05-03,-0.0013074375488874024,0.0,0.0,-0.0013074375488874024,107338.51897556294
2010-05-04,0.017995935238443117,0.0,0.0,0.017995935238443117,109270.17601163758
2010-05-05,0.005892645844670641,0.0,0.0,0.005892645844670641,109914.06646025898
2010-05-06,0.030887353795840067,0.0,0.0,0.030887353795840067,113309.02111815648
2010-05-07,-0.012502072733660663,0.0,0.0,-0.012502072733660663,111892.42349475742
2010-05-10,-0.020714407391359768,0.0,0.0,-0.020714407391359768,109574.63825048044
2010-05-11,-0.002564735442687538,0.0,0.0,-0.002564735442687538,109293.60829213976
2010-05-12,-0.007605515339014435,0.0,0.0,-0.007605515339014435,108462.37407781767
2010-05-13,0.006584324948867515,0.0,0.0,0.006584324948867515,109176.52559347164
2010-05-14,0.01737060323358053,0.0,0.0,0.01737060323358053,111072.98770197669
2010-05-17,-0.003688984373671378,0.0,0.0,-0.003688984373671378,110663.2411860071
2010-05-18,0.015339125356861327,0.0,0.0,0.015339125356861327,112360.71851495584
2010-05-19,0.003334365976642273,0.0,0.0,0.003334365976642273,112735.37027188318
2010-05-20,0.02108019865961741,0.0,0.0,0.02108019865961741,115111.85427318
2010-05-21,0.0010166238763900104,0.0,0.0,0.0010166238763900104,115228.87973268965
2010-05-24,-0.0034542277872910976,0.0,0.0,-0.0034542277872910976,114830.85293441857
2010-05-25,0.00489343068022019,0.0,0.0,0.00489343068022019,115392.76975320371
2010-05-26,-0.002840559609836646,0.0,0.0,-0.002840559609836646,115064.98971217558
2010-05-27,-0.022688166319653313,0.0,0.0,-0.022688166319653313,112454.37608801654
2010-05-28,0.004581054104996873,0.0,0.0,0.004581054104996873,112969.53566921942
2010-06-01,0.0070286981052656294,0.0,0.0,0.0070286981052656294,113763.5644305304
2010-06-02,-0.009499246640100378,0.0,0.0,-0.009499246640100378,112682.89627334784
2010-06-03,-0.007297195566669856,0.0,0.0,-0.007297195566669856,111860.62714222245
2010-06-04,0.026882834617062423,0.0,0.0,0.026882834617062423,114867.75788184769
2010-06-07,0.007669596491435726,0.0,0.0,0.007669596491435726,115748.74723467739
2010-06-08,-0.004973246585192936,0.0,0.0,-0.004973246585192936,115173.10017275218
2010-06-09,-0.0011213816943244082,0.0,0.0,-0.0011213816943244082,115043.94716653985
2010-06-10,-0.017868400848184196,0.0,0.0,-0.017868400848184196,112988.29580341079
2010-06-11,0.012683396416913517,0.0,0.0,0.012683396416913517,114421.37114955693
2010-06-14,-0.0051330533732373285,0.0,0.0,-0.0051330533732373285,113834.04014440725
2010-06-15,-0.004127353487467844,0.0,0.0,-0.004127353487467844,113364.20682182469
2010-06-16,0.005698520861178613,0.0,0.0,0.005698520861178613,114010.21511930983
2010-06-17,0.008138904982473383,0.0,0.0,0.008138904982473383,114938.13342719723
2010-06-18,-0.0016343105872375085,0.0,0.0,-0.0016343105872375085,114750.28881885984
2010-06-21,-0.002866377703171663,0.0,0.0,-0.002866377703171663,114421.37114955694
2010-06-22,0.011908048509880587,0.0,0.0,0.011908048509880587,115783.90638777292
2010-06-23,0.006796982538208818,0.0,0.0,0.006796982538208818,116570.88757769621
2010-06-24,-0.005945508436506319,0.0,0.0,-0.005945508436506319,115877.81438215199
2010-06-25,0.004055237224925179,0.0,0.0,0.004055237224925179,116347.72640857747
2010-06-28,0.009389422491234756,0.0,0.0,0.009389422491234756,117440.1643677222
2010-06-29,0.01090218259931297,0.0,0.0,0.01090218259931297,118720.51848415243
2010-06-30,0.0067279342037012135,0.0,0.0,0.0067279342037012135,119519.26232114312
2010-07-01,0.0015771755531204246,0.0,0.0,0.0015771755531204246,119707.76517980301
2010-07-02,-0.007971840830234278,0.0,0.0,-0.007971840830234278,118753.47392964657
2010-07-06,0.008234786954553153,0.0,0.0,0.008234786954553153,119731.38348757029
2010-07-07,-0.011709797521147092,0.0,0.0,-0.011709797521147092,118329.35323000402
2010-07-08,-0.006372202407535776,0.0,0.0,-0.006372202407535776,117575.33464046963
2010-07-09,-0.005713250158082661,0.0,0.0,-0.005713250158082661,116903.59734124836
2010-07-12,-0.0004029018234199544,0.0,0.0,-0.0004029018234199544,116856.4966687152
2010-07-13,-0.008570089426620742,0.0,0.0,-0.008570089426620742,115855.0260421827
2010-07-14,0.010067429719408771,0.0,0.0,0.010067429719408771,117021.38837450264
2010-07-15,0.009968126183895754,0.0,0.0,0.009968126183895754,118187.87234003436
2010-07-16,0.004884655135005245,0.0,0.0,0.004884655135005245,118765.17933755546
2010-07-19,-0.0061513387040095235,0.0,0.0,-0.0061513387040095235,118034.61449320771
2010-07-20,0.0014978440986155306,0.0,0.0,0.0014978440986155306,118211.41194395872
2010-07-21,0.016944084750323718,0.0,0.0,0.016944084750323718,120214.3961263926
2010-07-22,-0.011565674901944378,0.0,0.0,-0.011565674901944378,118824.03550226118
2010-07-23,-0.010608659031465462,0.0,0.0,-0.010608659031465462,117563.47182487494
2010-07-26,-0.001704075692607887,0.0,0.0,-0.001704075692607887,117363.13477019957
2010-07-27,-0.009638244256682915,0.0,0.0,-0.009638244256682915,116231.9602105544
2010-07-28,0.0032442404006574055,0.0,0.0,0.0032442404006574055,116609.04463171709
2010-07-29,-0.00030347654284623715,0.0,0.0,-0.00030347654284623715,116573.65652198765
2010-07-30,0.01556516740406555,0.0,0.0,0.01556516740406555,118388.14500065644
2010-08-02,-0.014038173131344478,0.0,0.0,-0.014038173131344478,116726.19172443853
2010-08-03,0.005772036375978118,0.0,0.0,0.005772036375978118,117399.93954910137
2010-08-04,-0.007652328489800242,0.0,0.0,-0.007652328489800242,116501.55664698896
2010-08-05,0.004667385667690427,0.0,0.0,0.004667385667690427,117045.31434274674
2010-08-06,0.010907846094832863,0.0,0.0,0.010907846094832863,118322.02661771876
2010-08-09,-0.003696571865127951,0.0,0.0,-0.003696571865127951,117884.64074309877
2010-08-10,0.0021059010202850725,0.0,0.0,0.0021059010202850725,118132.8941283156
2010-08-11,0.013407846267711188,0.0,0.0,0.013407846267711188,119716.80181194787
2010-08-12,-0.002468839337720685,0.0,0.0,-0.002468839337720685,119421.24026224841
2010-08-13,0.012471567497032154,0.0,0.0,0.012471567497032154,120910.61032075834
2010-08-16,0.025027034134433634,0.0,0.0,0.025027034134433634,123936.64429247116
2010-08-17,-0.005722916223346419,0.0,0.0,-0.005722916223346419,123227.36526018265
2010-08-18,0.0026867863459647534,0.0,0.0,0.0026867863459647534,123558.45086261292
2010-08-19,0.015593534803243658,0.0,0.0,0.015593534803243658,125485.16386637394
2010-08-20,-0.0011307780895893904,0.0,0.0,-0.0011307780895893904,125343.26799250531
2010-08-23,0.0001888285857709615,0.0,0.0,0.0001888285857709615,125366.93638453624
2010-08-24,0.016028451803183685,0.0,0.0,0.016028451803183685,127376.37428208857
2010-08-25,-0.0032480484690796674,0.0,0.0,-0.0032480484690796674,126962.64964460471
2010-08-26,0.009403283180611233,0.0,0.0,0.009403283180611233,128156.51539257367
2010-08-27,-0.028315752485271406,0.0,0.0,-0.028315752485271406,124527.66722334268
2010-08-30,0.019174764840120373,0.0,0.0,0.019174764840120373,126915.45595843902
2010-08-31,0.011082478731014866,0.0,0.0,0.011082478731014866,128321.99379973547
2010-09-01,-0.020675830424936814,0.0,0.0,-0.020675830424936814,125668.83001614235
2010-09-02,-0.010566364131797457,0.0,0.0,-0.010566364131797457,124340.96739817483
2010-09-03,-0.012395583311006875,0.0,0.0,-0.012395583311006875,122799.68857781957
2010-09-07,0.020467828761258522,0.0,0.0,0.020467828761258522,125313.13157556627
2010-09-08,-0.007948123826888698,0.0,0.0,-0.007948123826888698,124317.12728866849
2010-09-09,-0.019739494113305445,0.0,0.0,-0.019739494113305445,121863.17008637078
2010-09-10,-0.004572414270901937,0.0,0.0,-0.004572414270901937,121305.96118837051
2010-09-13,0.004886558907724714,0.0,0.0,0.004886558907724714,121898.72991357566
2010-09-14,0.009628158766363581,0.0,0.0,0.009628158766363581,123072.39023860164
2010-09-15,-0.014834476726143686,0.0,0.0,-0.014834476726143686,121246.67572997622
2010-09-16,-0.00987668104805528,0.0,0.0,-0.00987668104805528,120049.16098565426
2010-09-17,0.004049204087633873,0.0,0.0,0.004049204087633873,120535.26453903438
2010-09-20,0.005803919687750847,0.0,0.0,0.005803919687750847,121234.84153396073
2010-09-21,0.01388559542246659,0.0,0.0,0.01388559542246659,122918.25949460817
2010-09-22,0.008970171838652341,0.0,0.0,0.008970171838652341,124020.85740438287
2010-09-23,0.0028680533905383054,0.0,0.0,0.0028680533905383054,124376.55584495897
2010-09-24,-0.013440736812349141,0.0,0.0,-0.013440736812349141,122704.84329222042
2010-09-27,0.017391597417948823,0.0,0.0,0.017391597417948823,124838.87652799122
2010-09-28,0.006836986485242669,0.0,0.0,0.006836986485242669,125692.39823964598
2010-09-29,-0.004149293034285795,0.0,0.0,-0.004149293034285795,125170.86364716754
2010-09-30,-0.0006630678847757698,0.0,0.0,-0.0006630678847757698,125087.86686737345
2010-10-01,-0.004832396204780931,0.0,0.0,-0.004832396204780931,124483.39273425941
2010-10-04,0.002580014178352741,0.0,0.0,0.002580014178352741,124804.56165248326
2010-10-05,-0.006006452240930882,0.0,0.0,-0.006006452240930882,124054.9290134673
2010-10-06,0.012566045331566134,0.0,0.0,0.012566045331566134,125613.80887505476
2010-10-07,-0.008336472748942225,0.0,0.0,-0.008336472748942225,124566.63278047701
2010-10-08,-0.004394144326808291,0.0,0.0,-0.004394144326808291,124019.26901773507
2010-10-11,0.00019153677454153417,0.0,0.0,0.00019153677454153417,124043.02326850373
2010-10-12,-0.009880597383393419,0.0,0.0,-0.009880597383393419,122817.40409736874
2010-10-13,-0.0015505512566246216,0.0,0.0,-0.0015505512566246216,122626.9694171102
2010-10-14,-0.014944256606553075,0.0,0.0,-0.014944256606553075,120794.40051925696
2010-10-15,-0.01221500223541594,0.0,0.0,-0.01221500223541594,119318.8966468885
2010-10-18,0.008077514395821161,0.0,0.0,0.008077514395821161,120282.69675224726
2010-10-19,0.006035602596024203,0.0,0.0,0.006035602596024203,121008.67530902191
2010-10-20,0.002162397136544314,0.0,0.0,0.002162397136544314,121270.34412200717
2010-10-21,-0.011872831914315651,0.0,0.0,-0.011872831914315651,119830.52171005534
2010-10-22,0.006752667534748014,0.0,0.0,0.006752667534748014,120639.69738367875
2010-10-25,0.00286066032775234,0.0,0.0,0.00286066032775234,120984.80657993628
2010-10-26,-0.015442142867956754,0.0,0.0,-0.015442142867956754,119116.54191187679
2010-10-27,-0.00879052878742459,0.0,0.0,-0.00879052878742459,118069.44452114197
2010-10-28,0.0027200484404474867,0.0,0.0,0.0027200484404474867,118390.59912957619
2010-10-29,0.009347790430511038,0.0,0.0,0.009347790430511038,119497.28963918211
2010-11-01,-0.004305488246127309,0.0,0.0,-0.004305488246127309,118982.79546319654
2010-11-02,0.01314381866610348,0.0,0.0,0.01314381866610348,120546.68375115088
2010-11-03,-0.020400587791817082,0.0,0.0,-0.020400587791817082,118087.4605462731
2010-11-04,0.007784334266618176,0.0,0.0,0.007784334266618176,119006.69281186139
2010-11-05,-0.017153406626599144,0.0,0.0,-0.017153406626599144,116965.32261877276
2010-11-08,0.004491425191289533,0.0,0.0,0.004491425191289533,117490.66361529002
2010-11-09,-0.022049240671361492,0.0,0.0,-0.022049240671361492,114900.08369659852
2010-11-10,0.0013512093071101905,0.0,0.0,0.0013512093071101905,115055.3377590771
2010-11-11,-0.0005187602215258602,0.0,0.0,-0.0005187602215258602,114995.65162657348
2010-11-12,-0.0053980434044774706,0.0,0.0,-0.0053980434044774706,114374.90010776707
2010-11-15,-0.020874982937711395,0.0,0.0,-0.020874982937711395,111987.32601951499
2010-11-16,0.024838217186877953,0.0,0.0,0.024838217186877953,114768.89154536542
2010-11-17,-0.0055131936362528,0.0,0.0,-0.0055131936362528,114136.14842285773
2010-11-18,0.0040788163270755184,0.0,0.0,0.0040788163270755184,114601.68880855439
2010-11-19,0.006145502069238695,0.0,0.0,0.006145502069238695,115305.97372426561
2010-11-22,0.004244438505437875,0.0,0.0,0.004244438505437875,115795.38283904789
2010-11-23,0.004948752412788027,0.0,0.0,0.004948752412788027,116368.42551926234
2010-11-24,-0.017849358436366702,0.0,0.0,-0.017849358436366702,114291.32378149338
2010-11-26,0.01389231723192852,0.0,0.0,0.01389231723192852,115879.09510832294
2010-11-29,0.008549943784735614,0.0,0.0,0.008549943784735614,116869.85485732515
2010-11-30,0.005209237619206553,0.0,0.0,0.005209237619206553,117478.65770179912
2010-12-01,-0.022228967654670195,0.0,0.0,-0.022228967654670195,114867.22841963178
2010-12-02,-0.00260708059544712,0.0,0.0,-0.00260708059544712,114567.76029736616
2010-12-03,-0.007842060400183537,0.0,0.0,-0.007842060400183537,113669.31300120044
2010-12-06,0.014122048753283378,0.0,0.0,0.014122048753283378,115274.55658115562
2010-12-07,-0.021407788304422137,0.0,0.0,-0.021407788304422137,112806.7832769801
2010-12-08,-0.009662649870334827,0.0,0.0,-0.009662649870334827,111716.7708271759
2010-12-09,0.004933382366145711,0.0,0.0,0.004933382366145711,112267.91237437743
2010-12-10,-0.0060833988058426325,0.0,0.0,-0.0060833988058426325,111584.9418903047
2010-12-13,0.0037574678872751566,0.0,0.0,0.0037574678872751566,112004.21872616098
2010-12-14,-0.0145456726686094,0.0,0.0,-0.0145456726686094,110375.04202306691
2010-12-15,-0.013023297300983505,0.0,0.0,-0.013023297300983505,108937.59503619195
2010-12-16,0.00692819805375211,0.0,0.0,0.00692819805375211,109692.33627010213
2010-12-17,0.018236733330767807,0.0,0.0,0.018236733330767807,111692.7661550889
2010-12-20,-0.0010723428494046061,0.0,0.0,-0.0010723428494046061,111572.99321597227
2010-12-21,0.006979057696711477,0.0,0.0,0.006979057696711477,112351.66757302133
2010-12-22,-0.007143707766209428,0.0,0.0,-0.007143707766209428,111549.06009283336
2010-12-23,-0.002040204497660625,0.0,0.0,-0.002040204497660625,111321.47719872215
2010-12-27,0.008930709632486655,0.0,0.0,0.008930709632486655,112315.6569874434
2010-12-28,-0.019584160442998932,0.0,0.0,-0.019584160442998932,110116.04914074049
2010-12-29,0.016919152375748148,0.0,0.0,0.016919152375748148,111979.11935516805
2010-12-30,-0.0007512762527378536,0.0,0.0,-0.0007512762527378536,111894.99210199401
2010-12-31,0.011064622462016782,0.0,0.0,0.011064622462016782,113133.06794499292
2011-01-03,-0.007543646330991249,0.0,0.0,-0.007543646330991249,112279.63209207587
2011-01-04,0.0011776174682982532,0.0,0.0,0.0011776174682982532,112411.8545481616
2011-01-05,-0.022027114191663033,0.0,0.0,-0.022027114191663033,109935.74579153262
2011-01-06,0.004373024338908182,0.0,0.0,0.004373024338908182,110416.49748359501
2011-01-07,0.005334006553267212,0.0,0.0,0.005334006553267212,111005.45980476131
2011-01-10,0.005414828776319158,0.0,0.0,0.005414828776319158,111606.53536284066
2011-01-11,-0.005600877564416407,0.0,0.0,-0.005600877564416407,110981.44082288467
2011-01-12,-0.0077976252220886,0.0,0.0,-0.0077976252220886,110116.04914074042
2011-01-13,0.008950826851440885,0.0,0.0,0.008950826851440885,111101.67883016395
2011-01-14,-0.006383538040088177,0.0,0.0,-0.006383538040088177,110392.45703703394
2011-01-18,-0.004681591258817397,0.0,0.0,-0.004681591258817397,109875.64467512998
2011-01-19,0.007220557007327821,0.0,0.0,0.007220557007327821,110669.00803122365
2011-01-20,-0.013794711705000795,0.0,0.0,-0.013794711705000795,109142.36097075451
2011-01-21,0.007929738538632769,0.0,0.0,0.007929738538632769,110007.83135674168
2011-01-24,0.00043687279209980723,0.0,0.0,0.00043687279209980723,110055.89078517935
2011-01-25,0.00950233592698746,0.0,0.0,0.00950233592698746,111101.67883016395
2011-01-26,-0.015147153547647174,0.0,0.0,-0.015147153547647174,109418.80464152207
2011-01-27,0.004504716580155721,0.0,0.0,0.004504716580155721,109911.70534497156
2011-01-28,0.005249011343108512,0.0,0.0,0.005249011343108512,110488.63313306772
2011-01-31,-0.00761605202927218,0.0,0.0,-0.00761605202927218,109647.1459544831
2011-02-01,-0.004949306267094,0.0,0.0,-0.004949306267094,109104.4686478416
2011-02-02,0.00022086799943377144,0.0,0.0,0.00022086799943377144,109128.56633356115
2011-02-03,-0.008291145693156365,0.0,0.0,-0.008291145693156365,108223.7654908043
2011-02-04,-0.010141191534801752,0.0,0.0,-0.010141191534801752,107126.24755634459
2011-02-07,0.005179515806439605,0.0,0.0,0.005179515806439605,107681.10964884722
2011-02-08,-0.009186250730232937,0.0,0.0,-0.009186250730232937,106691.92397670321
2011-02-09,0.008706295087380411,0.0,0.0,0.008706295087380411,107620.81535028476
2011-02-10,-0.011545208228000203,0.0,0.0,-0.011545208228000203,106378.31062739855
2011-02-11,0.01440061469311038,0.0,0.0,0.01440061469311038,107910.22369044773
2011-02-14,0.0006707990060212943,0.0,0.0,0.0006707990060212943,107982.60976123884
2011-02-15,0.004468686363774621,0.0,0.0,0.004468686363774621,108465.15017700368
2011-02-16,-0.0032248929438843943,0.0,0.0,-0.0032248929438843943,108115.3616795405
2011-02-17,0.001560948428214859,0.0,0.0,0.001560948428214859,108284.12418342006
2011-02-18,-0.003119079662371571,0.0,0.0,-0.003119079662371571,107946.37737392183
2011-02-22,0.014974083431856133,0.0,0.0,0.014974083431856133,109562.77543488557
2011-02-23,0.003633257062536588,0.0,0.0,0.003633257062536588,109960.84516252548
2011-02-24,0.006361599982509958,0.0,0.0,0.006361599982509958,110660.37207318819
2011-02-25,0.005887412490066302,0.0,0.0,0.005887412490066302,111311.87532988726
2011-02-28,0.0012999564709987865,0.0,0.0,0.0012999564709987865,111456.57592252136
2011-03-01,0.002899471217386429,0.0,0.0,0.002899471217386429,111779.74105639716
2011-03-02,-0.015373714181837084,0.0,0.0,-0.015373714181837084,110061.27126607635
2011-03-03,-0.009785567562008435,0.0,0.0,-0.009785567562008435,108984.25926014161
2011-03-04,0.008328384363417207,0.0,0.0,0.008328384363417207,109891.92206082238
2011-03-07,-0.006387401250798952,0.0,0.0,-0.006387401250798952,109189.9982603984
2011-03-08,-0.006095912811324489,0.0,0.0,-0.006095912811324489,108524.38555113433
2011-03-09,0.009701439597380013,0.0,0.0,0.009701439597380013,109577.22832240144
2011-03-10,0.016786677533571437,0.0,0.0,0.016786677533571437,111416.66591927213
2011-03-11,-0.00564760414305332,0.0,0.0,-0.00564760414305332,110787.42869522127
2011-03-14,-0.00043722142875823877,0.0,0.0,-0.00043722142875823877,110738.9900573587
2011-03-15,0.014971401804246609,0.0,0.0,0.014971401804246609,112396.9079729039
2011-03-16,0.011303644328797269,0.0,0.0,0.011303644328797269,113667.40264428617
2011-03-17,-0.007664794047686385,0.0,0.0,-0.007664794047686385,112796.16541308226
2011-03-18,0.0026829230388150105,0.0,0.0,0.0026829230388150105,113098.788843959
2011-03-21,-0.005885296128831485,0.0,0.0,-0.005885296128831485,112433.16897980013
2011-03-22,0.0033361628406378685,0.0,0.0,0.0033361628406378685,112808.2643402057
2011-03-23,-0.0012869621869946446,0.0,0.0,-0.0012869621869946446,112663.08436961936
2011-03-24,-0.007518022493545273,0.0,0.0,-0.007518022493545273,111816.08076713639
2011-03-25,-0.0024904795355285003,0.0,0.0,-0.0024904795355285003,111537.60510624282
2011-03-28,0.0014112521572111625,0.0,0.0,0.0014112521572111625,111695.01279205918
2011-03-29,-0.007692463893872681,0.0,0.0,-0.007692463893872681,110835.80293903062
2011-03-30,0.007970224594997966,0.0,0.0,0.007970224594997966,111719.18918162162
2011-03-31,-0.002058616254307255,0.0,0.0,-0.002058616254307255,111489.2022428543
2011-04-01,0.004861243206042198,0.0,0.0,0.004861243206042198,112031.17836980445
2011-04-04,0.0010853892555851008,0.0,0.0,0.0010853892555851008,112152.77580709757
2011-04-05,-0.004009066172494635,0.0,0.0,-0.004009066172494635,111703.14790745797
2011-04-06,-0.015012813754433196,0.0,0.0,-0.015012813754433196,110026.1693521394
2011-04-07,-0.0019881974915962886,0.0,0.0,-0.0019881974915962886,109807.41559822354
2011-04-08,-0.005311987731422052,0.0,0.0,-0.005311987731422052,109224.11995374662
2011-04-11,0.0008901029435366414,0.0,0.0,0.0008901029435366414,109321.34066442265
2011-04-12,0.010782213092040305,0.0,0.0,0.010782213092040305,110500.06665497398
2011-04-13,0.006268784825053553,0.0,0.0,0.006268784825053553,111192.76779598808
2011-04-14,-0.0007657264939501252,0.0,0.0,-0.0007657264939501252,111107.62454775105
2011-04-15,0.013562972308979848,0.0,0.0,0.013562972308979848,112614.57418280873
2011-04-18,0.0022662070591119576,0.0,0.0,0.0022662070591119576,112869.7821257807
2011-04-19,0.004306193829498373,0.0,0.0,0.004306193829498373,113355.82128510755
2011-04-20,-0.006432257797787888,0.0,0.0,-0.006432257797787888,112626.68741972177
2011-04-21,-0.0008622591099742838,0.0,0.0,-0.0008622591099742838,112529.57403246788
2011-04-25,0.003779207744838864,0.0,0.0,0.003779207744838864,112954.84667017481
2011-04-26,0.00968241548005766,0.0,0.0,0.00968241548005766,114048.52242612165
2011-04-27,-0.010229279551415837,0.0,0.0,-0.010229279551415837,112881.88820779893
2011-04-28,0.007644225637572388,0.0,0.0,0.007644225637572388,113744.78283165455
2011-04-29,0.003097095023499863,0.0,0.0,0.003097095023499863,114097.06123251154
2011-05-02,0.0016046566082517089,0.0,0.0,0.0016046566082517089,114280.14783580038
2011-05-03,0.005660173113420042,0.0,0.0,0.005660173113420042,114926.99325597823
2011-05-04,0.004460331068688372,0.0,0.0,0.004460331068688372,115439.60569462882
2011-05-05,0.009514170818366807,0.0,0.0,0.009514170818366807,116537.91782241243
2011-05-06,-0.004397692784545826,0.0,0.0,-0.004397692784545826,116025.41986207882
2011-05-09,-0.0010519707724915284,0.0,0.0,-0.0010519707724915284,115903.36451151787
2011-05-10,-0.007160181221619322,0.0,0.0,-0.007160181221619322,115073.47541741999
2011-05-11,0.005727038343531721,0.0,0.0,0.005727038343531721,115732.505623459
2011-05-12,-0.0063269959099963025,0.0,0.0,-0.0063269959099963025,115000.26653372575
2011-05-13,0.00901999944005305,0.0,0.0,0.00901999944005305,116037.5688734659
2011-05-16,0.005574324907596129,0.0,0.0,0.005574324907596129,116684.39998385416
2011-05-17,0.010250465835500489,0.0,0.0,0.010250465835500489,117880.46943942455
2011-05-18,-0.013252162301599313,0.0,0.0,-0.013252162301599313,116318.29832622458
2011-05-19,-0.0004195073630308688,0.0,0.0,-0.0004195073630308688,116269.50194362151
2011-05-20,0.0005244812048286196,0.0,0.0,0.0005244812048286196,116330.48311208574
2011-05-23,0.004826166546537447,0.0,0.0,0.004826166546537447,116891.91339802383
2011-05-24,0.0037575895946309057,0.0,0.0,0.0037575895946309057,117331.14523550474
2011-05-25,-0.004680242194453621,0.0,0.0,-0.004680242194453621,116782.00705884995
2011-05-26,0.008568939026615263,0.0,0.0,0.008568939026615263,117782.704956743
2011-05-27,-0.0004131981390168571,0.0,0.0,-0.0004131981390168571,117734.0373622465
2011-05-31,0.002280092523661681,0.0,0.0,0.002280092523661681,118002.48186061667
2011-06-01,0.013514826964630577,0.0,0.0,0.013514826964630577,119597.26498435985
2011-06-02,-0.01904926622662262,0.0,0.0,-0.01904926622662262,117319.02484369685
2011-06-03,0.0057420154747536145,0.0,0.0,0.0057420154747536145,117992.67249983236
2011-06-06,-0.007577443508900661,0.0,0.0,-0.007577443508900661,117098.58968950066
2011-06-07,0.004601245455502445,0.0,0.0,0.004601245455502445,117637.38904315521
2011-06-08,0.007810467227920448,0.0,0.0,0.007810467227920448,118556.19201505491
2011-06-09,-0.00402994772099996,0.0,0.0,-0.00402994772099996,118078.41675923341
2011-06-10,0.0076767694150321475,0.0,0.0,0.0076767694150321475,118984.87753758612
2011-06-13,-0.005044541272964498,0.0,0.0,-0.005044541272964498,118384.65341198914
2011-06-14,-0.015106098060028716,0.0,0.0,-0.015106098060028716,116596.32322874511
2011-06-15,0.01817388317222446,0.0,0.0,0.01817388317222446,118715.33118541524
2011-06-16,0.0045401497476160735,0.0,0.0,0.0045401497476160735,119254.31656633488
2011-06-17,-0.004724939500579395,0.0,0.0,-0.004724939500579395,118690.84713537598
2011-06-20,0.0012384890445713559,0.0,0.0,0.0012384890445713559,118837.84444924403
2011-06-21,-0.00443227402564117,0.0,0.0,-0.00443227402564117,118311.12255802847
2011-06-22,0.0006215041525332587,0.0,0.0,0.0006215041525332587,118384.65341198916
2011-06-23,0.007656367258559005,0.0,0.0,0.007656367258559005,119291.04979628857
2011-06-24,-0.004210668622604552,0.0,0.0,-0.004210668622604552,118788.75471595378
2011-06-27,-0.01371346125745565,0.0,0.0,-0.01371346125745565,117159.74973033514
2011-06-28,-0.008050312037989671,0.0,0.0,-0.008050312037989671,116216.57718671317
2011-06-29,-0.006638881478835068,0.0,0.0,-0.006638881478835068,115445.0291048947
2011-06-30,-0.0015926136738313446,0.0,0.0,-0.0015926136738313446,115261.16977296639
2011-07-01,-0.0015988165926571485,0.0,0.0,-0.0015988165926571485,115076.88830224429
2011-07-05,0.002242338015248979,0.0,0.0,0.002242338015248979,115334.92958356098
2011-07-06,0.005115162021384512,0.0,0.0,0.005115162021384512,115924.88643510586
2011-07-07,-0.002968181008245918,0.0,0.0,-0.002968181008245918,115580.80038880612
2011-07-08,0.014142426362911964,0.0,0.0,0.014142426362911964,117215.39334727122
2011-07-11,0.014994677872413709,0.0,0.0,0.014994677872413709,118973.00041220183
2011-07-12,0.0034090286517534096,0.0,0.0,0.0034090286517534096,119378.58277939209
2011-07-13,0.0027794621035102107,0.0,0.0,0.0027794621035102107,119710.39102619817
2011-07-14,-0.014270833669530414,0.0,0.0,-0.014270833669530414,118002.02394734885
2011-07-15,0.0016659098575115827,0.0,0.0,0.0016659098575115827,118198.60468224905
2011-07-18,-0.009669694195459488,0.0,0.0,-0.009669694195459488,117055.66032064169
2011-07-19,0.020789878082942748,0.0,0.0,0.020789878082942748,119489.23322762619
2011-07-20,-0.0118297534877716,0.0,0.0,-0.0118297534877716,118075.70505410052
2011-07-21,-0.007702395964996667,0.0,0.0,-0.007702395964996667,117166.23921992768
2011-07-22,0.00755278743912613,0.0,0.0,0.00755278743912613,118051.1709197976
2011-07-25,-0.010932001111800815,0.0,0.0,-0.010932001111800815,116760.635388053
2011-07-26,0.006841784971089115,0.0,0.0,0.006841784971089115,117559.4865484658
2011-07-27,0.00010480420784642064,0.0,0.0,0.00010480420784642064,117571.80727732835
2011-07-28,0.003763488628535372,0.0,0.0,0.003763488628535372,118014.28743705292
2011-07-29,0.019787012443098995,0.0,0.0,0.019787012443098995,120349.43761103334
2011-08-01,0.010093234630399683,0.0,0.0,0.010093234630399683,121564.15272247813
2011-08-02,0.03002598887321195,0.0,0.0,0.03002598887321195,125214.2366195047
2011-08-03,0.001970115139567463,0.0,0.0,0.001970115139567463,125460.92308275818
2011-08-04,0.035580426733355486,0.0,0.0,0.035580426733355486,129924.87626440341
2011-08-05,-0.02885354162811804,0.0,0.0,-0.02885354162811804,126176.08343858036
2011-08-08,0.03156825328274593,0.0,0.0,0.03156825328274593,130159.24199879434
2011-08-09,0.00303161298961796,0.0,0.0,0.00303161298961796,130553.8344475567
2011-08-10,0.029753513851699775,0.0,0.0,0.029753513851699775,134438.2697691846
2011-08-11,-0.05044957628895674,0.0,0.0,-0.05044957628895674,127655.91602230877
2011-08-12,0.019803091174861676,0.0,0.0,0.019803091174861676,130183.89776630903
2011-08-15,-0.010135156302126025,0.0,0.0,-0.010135156302126025,128864.4636144275
2011-08-16,0.016554407298073004,0.0,0.0,0.016554407298073004,130997.73843134844
2011-08-17,0.017509804559854958,0.0,0.0,0.017509804559854958,133291.48322906435
2011-08-18,0.020537846283070982,0.0,0.0,0.020537846283070982,136029.0032224654
2011-08-19,0.008068053789129115,0.0,0.0,0.008068053789129115,137126.49253734588
2011-08-22,-0.0025178694324827777,0.0,0.0,-0.0025178694324827777,136781.22593340251
2011-08-23,-0.013793998834763843,0.0,0.0,-0.013793998834763843,134894.4658622596
2011-08-24,-0.02843033731965905,0.0,0.0,-0.02843033731965905,131059.37069524032
2011-08-25,0.010821270786608661,0.0,0.0,0.010821270786608661,132477.59963465604
2011-08-26,0.009866242953262327,0.0,0.0,0.009866242953262327,133784.65581851656
2011-08-29,-0.013826254095283375,0.0,0.0,-0.013826254095283375,131934.91517311972
2011-08-30,0.016076411191177087,0.0,0.0,0.016076411191177087,134055.95511991586
2011-08-31,-0.015453886256263094,0.0,0.0,-0.015453886256263094,131984.26963751798
2011-09-01,0.02119825161234723,0.0,0.0,0.02119825161234723,134782.10539416596
2011-09-02,0.03248615492679918,0.0,0.0,0.03248615492679918,139160.657751361
2011-09-06,0.010398713317841146,0.0,0.0,0.010398713317841146,140607.7495364396
2011-09-07,-0.019088370089791473,0.0,0.0,-0.019088370089791473,137923.77677579533
2011-09-08,0.008967858947020568,0.0,0.0,0.008967858947020568,139160.65775136102
2011-09-09,0.010665246800030115,0.0,0.0,0.010665246800030115,140644.8405111338
2011-09-12,0.001055086825913154,0.0,0.0,0.001055086825913154,140793.23302948973
2011-09-13,-0.014231098964370692,0.0,0.0,-0.014231098964370692,138789.59059673338
2011-09-14,0.008466092018848181,0.0,0.0,0.008466092018848181,139964.5960419836
2011-09-15,-0.015287947966258764,0.0,0.0,-0.015287947966258764,137824.8245805753
2011-09-16,0.007268852866830988,0.0,0.0,0.007268852866830988,138826.65295184831
2011-09-19,0.01906671081097011,0.0,0.0,0.01906671081097011,141473.6205965361
2011-09-20,0.004195825981551327,0.0,0.0,0.004195825981551327,142067.21928953918
2011-09-21,0.03308409147727431,0.0,0.0,0.03308409147727431,146767.38416843629
2011-09-22,0.03758665781628534,0.0,0.0,0.03758665781628534,152283.8796157666
2011-09-23,-0.018599997350106423,0.0,0.0,-0.018599997350106423,149451.3998584494
2011-09-26,-0.01605563463873072,0.0,0.0,-0.01605563463873072,147051.8627860753
2011-09-27,-0.015308215632222955,0.0,0.0,-0.015308215632222955,144800.761161426
2011-09-28,-0.00034114042889610285,0.0,0.0,-0.00034114042889610285,144751.3637676589
2011-09-29,0.006920633464444936,0.0,0.0,0.006920633464444936,145753.13489977343
2011-09-30,0.025118712246776198,0.0,0.0,0.025118712246776198,149414.26595438638
2011-10-03,0.02751996331527118,0.0,0.0,0.02751996331527118,153526.14107222925
2011-10-04,-0.012680229540275367,0.0,0.0,-0.012680229540275367,151579.3943630007
2011-10-05,-0.007199293551619412,0.0,0.0,-0.007199293551619412,150488.1298066048
2011-10-06,-0.018457471278795157,0.0,0.0,-0.018457471278795157,147710.49947289977
2011-10-07,-0.007386988549785034,0.0,0.0,-0.007386988549785034,146619.36370461044
2011-10-10,-0.014124317495613936,0.0,0.0,-0.014124317495613936,144548.46526064162
2011-10-11,-0.00334509114556647,0.0,0.0,-0.00334509114556647,144064.93746939301
2011-10-12,-0.014547092205583922,0.0,0.0,-0.014547092205583922,141969.21154043407
2011-10-13,0.00995784248258147,0.0,0.0,0.00995784248258147,143382.91858633002
2011-10-14,-0.014529460221131552,0.0,0.0,-0.014529460221131552,141299.6421743402
2011-10-17,0.017288558397963838,0.0,0.0,0.017288558397963838,143742.50928968267
2011-10-18,-0.0062118176251440005,0.0,0.0,-0.0062118176251440005,142849.6070369946
2011-10-19,-0.0003468017356915709,0.0,0.0,-0.0003468017356915709,142800.0665453313
2011-10-20,-0.007120519938147218,0.0,0.0,-0.007120519938147218,141783.2558243265
2011-10-21,-0.010582319771742954,0.0,0.0,-0.010582319771742954,140282.86007291466
2011-10-24,0.0016791320536730936,0.0,0.0,0.0016791320536730936,140518.41351984403
2011-10-25,0.025414827683828634,0.0,0.0,0.025414827683828634,144089.66478585583
2011-10-26,-0.017470318463822743,0.0,0.0,-0.017470318463822743,141572.37245470146
2011-10-27,-0.03389656106858385,0.0,0.0,-0.03389656106858385,136773.55588616637
2011-10-28,0.010516799415277722,0.0,0.0,0.010516799415277722,138211.97593873547
2011-10-31,0.03965570026425258,0.0,0.0,0.03965570026425258,143692.86862949203
2011-11-01,0.03347422088440677,0.0,0.0,0.03347422088440677,148502.8754535097
2011-11-02,-0.012473655079269896,0.0,0.0,-0.012473655079269896,146650.50180682284
2011-11-03,-0.01373335035084966,0.0,0.0,-0.01373335035084966,144636.49908638184
2011-11-04,0.0012033613385518116,0.0,0.0,0.0012033613385518116,144810.54905752587
2011-11-07,0.0063530639889546325,0.0,0.0,0.0063530639889546325,145730.53974196396
2011-11-08,-0.012796673204716225,0.0,0.0,-0.012796673204716225,143865.67364893915
2011-11-09,0.020739723089734374,0.0,0.0,0.020739723089734374,146849.40788253624
2011-11-10,-0.014899489035645863,0.0,0.0,-0.014899489035645863,144661.4267398993
2011-11-11,-0.006102027417824618,0.0,0.0,-0.006102027417824618,143778.6987476308
2011-11-14,0.01608278454425216,0.0,0.0,0.01608278454425216,146091.06058164188
2011-11-15,-0.0013613252949382648,0.0,0.0,-0.0013613252949382648,145892.18312550776
2011-11-16,0.009117756654040798,0.0,0.0,0.009117756654040798,147222.3925489729
2011-11-17,0.008022566371724382,0.0,0.0,0.008022566371724382,148403.49396460108
2011-11-18,-0.00025166894599015777,0.0,0.0,-0.00025166894599015777,148366.14541369374
2011-11-21,0.005949273337585437,0.0,0.0,0.005949273337585437,149248.81616680376
2011-11-22,0.01116249146679138,0.0,0.0,0.01116249146679138,150914.80480369442
2011-11-23,0.00980261918368619,0.0,0.0,0.00980261918368619,152394.1651643654
2011-11-25,-0.014520954878867287,0.0,0.0,-0.014520954878867287,150181.256368211
2011-11-28,-0.0004968079564737771,0.0,0.0,-0.0004968079564737771,150106.64512513406
2011-11-29,-0.008199117865786976,0.0,0.0,-0.008199117865786976,148875.9030493152
2011-11-30,-0.015616151052790461,0.0,0.0,-0.015616151052790461,146551.03445917653
2011-12-01,-0.005017618346397579,0.0,0.0,-0.005017618346397579,145815.69729999063
2011-12-02,0.014016981085044122,0.0,0.0,0.014016981085044122,147859.5931709471
2011-12-05,-0.0020230803818303,0.0,0.0,-0.0020230803818303,147560.46132873755
2011-12-06,-0.009543094772288319,0.0,0.0,-0.009543094772288319,146152.27786163482
2011-12-07,0.0035814549191863776,0.0,0.0,0.0035814549191863776,146675.71565613267
2011-12-08,0.012490504902133992,0.0,0.0,0.012490504902133992,148507.7694015596
2011-12-09,-0.02056021292623844,0.0,0.0,-0.02056021292623844,145454.4180414628
2011-12-12,0.01113827598490813,0.0,0.0,0.01113827598490813,147074.52949283284
2011-12-13,0.009321460345580457,0.0,0.0,0.009321460345580457,148445.47888734518
2011-12-14,0.018889786779086926,0.0,0.0,0.018889786779086926,151249.58233184658
2011-12-15,-0.0037078777761777593,0.0,0.0,-0.0037078777761777593,150688.76736686216
2011-12-16,0.011661116263884663,0.0,0.0,0.011661116263884663,152445.96660278863
2011-12-19,0.012672360320743037,0.0,0.0,0.012672360320743037,154377.81682102312
2011-12-20,-0.024945992247502935,0.0,0.0,-0.024945992247502935,150526.70899941944
2011-12-21,-0.013909309333403841,0.0,0.0,-0.013909309333403841,148432.98644100726
2011-12-22,0.004197794468393745,0.0,0.0,0.004197794468393745,149056.07761041648
2011-12-23,-0.011119803624506042,0.0,0.0,-0.011119803624506042,147398.60329834954
2011-12-27,0.004749264189276126,0.0,0.0,0.004749264189276126,148098.6382065437
2011-12-28,0.018489171853650843,0.0,0.0,0.018489171853650843,150836.85937963612
2011-12-29,0.0018234831155385933,0.0,0.0,0.0018234831155385933,151111.90784591576
2011-12-30,0.003227450812909094,0.0,0.0,0.003227450812909094,151599.61409573333
2012-01-03,-0.015011158549380066,0.0,0.0,-0.015011158549380066,149323.92825251745
2012-01-04,-0.011889117572451924,0.0,0.0,-0.011889117572451924,147548.59851314288
2012-01-05,-0.0017796484830557846,0.0,0.0,-0.0017796484830557846,147286.01387362197
2012-01-06,0.00789444920781035,0.0,0.0,0.00789444920781035,148448.75582916813
2012-01-09,-0.001768857125506007,0.0,0.0,-0.001768857125506007,148186.1711896472
2012-01-10,-0.0016872063177533203,0.0,0.0,-0.0016872063177533203,147936.15054541233
2012-01-11,0.013015824559000633,0.0,0.0,0.013015824559000633,149861.66152684533
2012-01-12,-0.0014186453173771207,0.0,0.0,-0.0014186453173771207,149649.06098246592
2012-01-13,0.009941947692681419,0.0,0.0,0.009941947692681419,151136.8641190125
2012-01-17,0.004633214795875862,0.0,0.0,0.004633214795875862,151837.11367405098
2012-01-18,-0.012104838165492349,0.0,0.0,-0.012104838165492349,149999.14998551112
2012-01-19,-0.013753407537962947,0.0,0.0,-0.013753407537962947,147936.15054541235
2012-01-20,-0.01132528311756853,0.0,0.0,-0.01132528311756853,146260.7317571623
2012-01-23,-0.006325392382330319,0.0,0.0,-0.006325392382330319,145335.5752386715
2012-01-24,0.0018059594890853514,0.0,0.0,0.0018059594890853514,145598.04539987547
2012-01-25,-0.0024042931517695987,0.0,0.0,-0.0024042931517695987,145247.9850164095
2012-01-26,0.013256319817841034,0.0,0.0,0.013256319817841034,147173.438758684
2012-01-27,0.0031435686499932114,0.0,0.0,0.0031435686499932114,147636.0885668775
2012-01-30,0.011771286594083774,0.0,0.0,0.011771286594083774,149373.95527702777
2012-01-31,0.01155118246390674,0.0,0.0,0.01155118246390674,151099.40108978815
2012-02-01,-0.011454506384644292,0.0,0.0,-0.011454506384644292,149368.63203528925
2012-02-02,-0.00041980365796334684,0.0,0.0,-0.00041980365796334684,149305.92653717584
2012-02-03,-0.021489518087843273,0.0,0.0,-0.021489518087843273,146097.414128233
2012-02-06,0.009952091230098548,0.0,0.0,0.009952091230098548,147551.38892211867
2012-02-07,-0.012401151367151475,0.0,0.0,-0.012401151367151475,145721.58181366205
2012-02-08,0.0007735176315768477,0.0,0.0,0.0007735176315768477,145834.30002649617
2012-02-09,-0.007477019938523566,0.0,0.0,-0.007477019938523566,144743.89405747742
2012-02-10,0.01298869622282739,0.0,0.0,0.01298869622282739,146623.9285274991
2012-02-13,0.0012818151767737263,0.0,0.0,0.0012818151767737263,146811.87330436383
2012-02-14,0.005292829377064656,0.0,0.0,0.005292829377064656,147588.92350029104
2012-02-15,-0.001783234435505765,0.0,0.0,-0.001783234435505765,147325.73784960608
2012-02-16,-0.007996929906227468,0.0,0.0,-0.007996929906227468,146147.58425063957
2012-02-17,-0.0002570223650580905,0.0,0.0,-0.0002570223650580905,146110.02105288793
2012-02-21,-0.011065380382183299,0.0,0.0,-0.011065380382183299,144493.25809228892
2012-02-22,0.01257715886618005,0.0,0.0,0.01257715886618005,146310.5727544076
2012-02-23,0.0,0.0,0.0,0.0,146310.5727544076
2012-02-24,0.0065100436607763434,0.0,0.0,0.0065100436607763434,147263.06097107197
2012-02-27,0.008851070991542143,0.0,0.0,0.008851070991542143,148566.49677815873
2012-02-28,-0.003289200568899031,0.0,0.0,-0.003289200568899031,148077.83177243668
2012-02-29,-0.0060948922638162095,0.0,0.0,-0.0060948922638162095,147175.31334112416
2012-03-01,-0.009413473429448649,0.0,0.0,-0.009413473429448649,145789.88243951672
2012-03-02,0.0093912302973993,0.0,0.0,0.0093912302973993,147159.028800537
2012-03-05,-0.007938309969241941,0.0,0.0,-0.007938309969241941,145990.83481514573
2012-03-06,0.012131934741302475,0.0,0.0,0.012131934741302475,147761.98609595135
2012-03-07,-0.00612109099639091,0.0,0.0,-0.00612109099639091,146857.52153325058
2012-03-08,-0.010007764989650392,0.0,0.0,-0.010007764989650392,145387.8059707833
2012-03-09,0.001987987429950877,0.0,0.0,0.001987987429950877,145676.83510152134
2012-03-12,-0.0001735718533446562,0.0,0.0,-0.0001735718533446562,145651.5497032634
2012-03-13,-0.017593731072151897,0.0,0.0,-0.017593731072151897,143088.99550754201
2012-03-14,-0.025195267145616485,0.0,0.0,-0.025195267145616485,139483.83004013158
2012-03-15,0.001531376286350472,0.0,0.0,0.001531376286350472,139697.43226978436
2012-03-16,0.0019776963949729165,0.0,0.0,0.0019776963949729165,139973.7113779713
2012-03-19,-0.011935174701674267,0.0,0.0,-0.011935174701674267,138303.1006790335
2012-03-20,0.003996718444594816,0.0,0.0,0.003996718444594816,138855.85923246204
2012-03-21,0.011307812176504006,0.0,0.0,0.011307812176504006,140426.01520826982
2012-03-22,0.003220532822705735,0.0,0.0,0.003220532822705735,140878.2617994098
2012-03-23,0.009451301980408777,0.0,0.0,0.009451301980408777,142209.7447941511
2012-03-26,-0.005123902010216619,0.0,0.0,-0.005123902010216619,141481.07599692798
2012-03-27,0.007191757510584873,0.0,0.0,0.007191757510584873,142498.57358783451
2012-03-28,-0.0014101058051330106,0.0,0.0,-0.0014101058051330106,142297.63552199514
2012-03-29,0.00750426686199912,0.0,0.0,0.00750426686199912,143365.47495278367
2012-03-30,-0.016911277602011943,0.0,0.0,-0.016911277602011943,140940.98160731286
2012-04-02,0.0055409182609471586,0.0,0.0,0.0055409182609471586,141721.92406601663
2012-04-03,-0.017329533865840352,0.0,0.0,-0.017329533865840352,139265.94918338253
2012-04-04,0.013746613694826992,0.0,0.0,0.013746613694826992,141180.38438764992
2012-04-05,0.007224812487330201,0.0,0.0,0.007224812487330201,142200.38619173988
2012-04-09,0.023381649706962104,0.0,0.0,0.023381649706962104,145525.26580986986
2012-04-10,0.01133659730000014,0.0,0.0,0.01133659730000014,147175.02714533184
2012-04-11,-0.011979676261913208,0.0,0.0,-0.011979676261913208,145411.91796629247
2012-04-12,-0.0041562890651563045,0.0,0.0,-0.0041562890651563045,144807.54400170577
2012-04-13,0.016175544302006184,0.0,0.0,0.016175544302006184,147149.88484497007
2012-04-16,-0.0014551944236607106,0.0,0.0,-0.0014551944236607106,146935.75315310134
2012-04-17,-0.0005995209675543345,0.0,0.0,-0.0005995209675543345,146847.6620882027
2012-04-18,0.0029155016126420907,0.0,0.0,0.0029155016126420907,147275.79668383356
2012-04-19,0.0009412200454315123,0.0,0.0,0.0009412200454315123,147414.41561587926
2012-04-20,0.00017113766651699613,0.0,0.0,0.00017113766651699613,147439.64377497873
2012-04-23,0.0072605081948105,0.0,0.0,0.0072605081948105,148510.13051684693
2012-04-24,-0.007039261746162762,0.0,0.0,-0.007039261746162762,147464.72883618204
2012-04-25,-0.005124421115471844,0.0,0.0,-0.005124421115471844,146709.0574659466
2012-04-26,0.006009643051801961,0.0,0.0,0.006009643051801961,147590.72653378322
2012-04-27,0.0008531148387200815,0.0,0.0,0.0008531148387200815,147716.63837264667
2012-04-30,0.0002565203441557973,0.0,0.0,0.0002565203441557973,147754.53069555957
2012-05-01,-0.00518700650898718,0.0,0.0,-0.00518700650898718,146988.12698310937
2012-05-02,0.007043029605744211,0.0,0.0,0.007043029605744211,148023.3687131443
2012-05-03,-0.00025579544407627886,0.0,0.0,-0.00025579544407627886,147985.50500981064
2012-05-04,0.007848528031127122,0.0,0.0,0.007848528031127122,149146.97339408065
2012-05-07,0.00016924559925457494,0.0,0.0,0.00016924559925457494,149172.21586296975
2012-05-08,0.005332156872563498,0.0,0.0,0.005332156872563498,149967.625518979
2012-05-09,0.0006730869787916482,0.0,0.0,0.0006730869787916482,150068.56677495613
2012-05-10,-0.0029444673402417854,0.0,0.0,-0.0029444673402417854,149626.69478129037
2012-05-11,0.008268358618536809,0.0,0.0,0.008268358618536809,150863.86195264844
2012-05-14,0.013975068822483117,0.0,0.0,0.013975068822483117,152972.1948062623
2012-05-15,0.004044139038607675,0.0,0.0,0.004044139038607675,153590.83563109982
2012-05-16,0.0028764766003277487,0.0,0.0,0.0028764766003277487,154032.63607581746
2012-05-17,0.017703312032986585,0.0,0.0,0.017703312032986585,156759.5238955311
2012-05-18,0.0002422703304196805,0.0,0.0,0.0002422703304196805,156797.50207718174
2012-05-21,-0.002093661437943206,0.0,0.0,-0.002093661437943206,156469.22119351692
2012-05-22,-0.011134657555619376,0.0,0.0,-0.011134657555619376,154726.98999753266
2012-05-23,0.006935384211869344,0.0,0.0,0.006935384211869344,155800.0811211116
2012-05-24,-0.003808165521746343,0.0,0.0,-0.003808165521746343,155206.7686239009
2012-05-25,0.0037413120453761994,0.0,0.0,0.0037413120453761994,155787.44557687742
2012-05-29,-0.0030800676123156068,0.0,0.0,-0.0030800676123156068,155307.60971135073
2012-05-30,0.025362283454105183,0.0,0.0,0.025362283454105183,159246.56533142953
2012-05-31,0.011574959978901012,0.0,0.0,0.011574959978901012,161089.83795191828
2012-06-01,0.023739670829203696,0.0,0.0,0.023739670829203696,164914.05767882656
2012-06-04,-0.007901124572022744,0.0,0.0,-0.007901124572022744,163611.05116542842
2012-06-05,-0.01337638808047048,0.0,0.0,-0.01337638808047048,161422.52625078594
2012-06-06,-0.019984280930584464,0.0,0.0,-0.019984280930584464,158196.6131376656
2012-06-07,0.0015193848431660495,0.0,0.0,0.0015193848431660495,158436.97467390716
2012-06-08,-0.00023970529435290988,0.0,0.0,-0.00023970529435290988,158398.99649225659
2012-06-11,0.0045524210031822054,0.0,0.0,0.0045524210031822054,159120.0954107709
2012-06-12,-0.009142989623700082,0.0,0.0,-0.009142989623700082,157665.26202950807
2012-06-13,0.009869032492285434,0.0,0.0,0.009869032492285434,159221.26562338197
2012-06-14,-0.0012712621858501638,0.0,0.0,-0.0012712621858501638,159018.85364921176
2012-06-15,0.005569087751984503,0.0,0.0,0.005569087751984503,159904.44359940419
2012-06-18,0.0053797586446759915,0.0,0.0,0.0053797586446759915,160764.6909121802
2012-06-19,-0.013063310248389026,0.0,0.0,-0.013063310248389026,158664.57187780802
2012-06-20,0.004943616580118437,0.0,0.0,0.004943616580118437,159448.94868602057
2012-06-21,0.005316240807391459,0.0,0.0,0.005316240807391459,160296.61769372082
2012-06-22,-0.013337576666784257,0.0,0.0,-0.013337576666784257,158158.64926580462
2012-06-25,0.014557367627660689,0.0,0.0,0.014557367627660689,160461.0228666612
2012-06-26,-0.003941632554126939,0.0,0.0,-0.003941632554126939,159828.54447526144
2012-06-27,0.0015829280139312285,0.0,0.0,0.0015829280139312285,160081.5415557372
2012-06-28,0.0024496607849122665,0.0,0.0,0.0024496607849122665,160473.68703047457
2012-06-29,-0.013007368565323807,0.0,0.0,-0.013007368565323807,158386.34663823276
2012-07-02,0.010318211562999613,0.0,0.0,0.010318211562999613,160020.61047153664
2012-07-03,-0.0076856029060154984,0.0,0.0,-0.0076856029060154984,158790.7556026742
2012-07-05,0.005110189992441061,0.0,0.0,0.005110189992441061,159602.20653284717
2012-07-06,0.00929343431816676,0.0,0.0,0.00929343431816676,161085.45915629467
2012-07-09,0.00881521746758529,0.0,0.0,0.00881521746758529,162505.46250962323
2012-07-10,0.002027959244271349,0.0,0.0,0.002027959244271349,162835.01696456422
2012-07-11,0.0012460373131009117,0.0,0.0,0.0012460373131009117,163037.91547158148
2012-07-12,0.007076432403767319,0.0,0.0,0.007076432403767319,164191.64225966728
2012-07-13,-0.0026253089790744255,0.0,0.0,-0.0026253089790744255,163760.58846695398
2012-07-16,0.0046446355302864895,0.0,0.0,0.0046446355302864895,164521.19671460823
2012-07-17,-0.007859715678064427,0.0,0.0,-0.007859715678064427,163228.10688541652
2012-07-18,0.0005431874336796483,0.0,0.0,0.0005431874336796483,163316.7703419
2012-07-19,-0.0025617413216927343,0.0,0.0,-0.0025617413216927343,162898.39502278974
2012-07-20,0.012218519755829993,0.0,0.0,0.012218519755829993,164888.7722805687
2012-07-23,0.005613742151969303,0.0,0.0,0.005613742151969303,165814.41533190658
2012-07-24,0.007874791768806455,0.0,0.0,0.007874791768806455,167120.16932491175
2012-07-25,0.0025792188020443696,0.0,0.0,0.0025792188020443696,167551.20880783538
2012-07-26,-0.009155893336084575,0.0,0.0,-0.009155893336084575,166017.1278116588
2012-07-27,-0.01886206329153095,0.0,0.0,-0.01886206329153095,162885.7022393971
2012-07-30,0.007472404016721335,0.0,0.0,0.007472404016721335,164102.85001507725
2012-07-31,0.002008393361175198,0.0,0.0,0.002008393361175198,164432.43308959744
2012-08-01,-0.004998735956828426,0.0,0.0,-0.004998735956828426,163610.4787738437
2012-08-02,0.005668885154237913,0.0,0.0,0.005668885154237913,164537.96778804247
2012-08-03,-0.01613754405006662,0.0,0.0,-0.01613754405006662,161882.7290849545
2012-08-06,0.00039194797080743804,0.0,0.0,0.00039194797080743804,161946.17869212813
2012-08-07,-0.01286612542369292,0.0,0.0,-0.01286612542369292,159862.55884518742
2012-08-08,-0.005324595902162943,0.0,0.0,-0.005324595902162943,159011.35531945105
2012-08-09,-0.0007192180609405519,0.0,0.0,-0.0007192180609405519,158896.99148081066
2012-08-10,0.005037159327800023,0.0,0.0,0.005037159327800023,159697.3809436076
2012-08-13,-0.001670159943419347,0.0,0.0,-0.001670159943419347,159430.66077488658
2012-08-14,-0.013547167000108606,0.0,0.0,-0.013547167000108606,157270.82698843154
2012-08-15,-0.014056312233654777,0.0,0.0,-0.014056312233654777,155060.17913903703
2012-08-16,-0.008520248938002739,0.0,0.0,-0.008520248938002739,153739.02781240115
2012-08-17,0.0048755420190538246,0.0,0.0,0.0048755420190538246,154488.588902469
2012-08-20,0.002055389552822584,0.0,0.0,0.002055389552822584,154806.12313412942
2012-08-21,0.004431514789386748,0.0,0.0,0.004431514789386748,155492.14875828594
2012-08-22,0.016505036103903636,0.0,0.0,0.016505036103903636,158058.55228741502
2012-08-23,0.004179626714410967,0.0,0.0,0.004179626714410967,158719.1780349966
2012-08-24,-0.000960362074172938,0.0,0.0,-0.000960362074172938,158566.7501559679
2012-08-27,0.005848660923862603,0.0,0.0,0.005848660923862603,159494.153311429
2012-08-28,0.0023903159277745,0.0,0.0,0.0023903159277745,159875.3947264762
2012-08-29,-0.004371199188288988,0.0,0.0,-0.004371199188288988,159176.54753082045
2012-08-30,0.005188512508347065,0.0,0.0,0.005188512508347065,160002.43703871962
2012-08-31,0.014133116757966135,0.0,0.0,0.014133116757966135,162263.77016294698
2012-09-04,-0.0010039372613289688,0.0,0.0,-0.0010039372613289688,162100.8675179167
2012-09-05,-0.004712494824756774,0.0,0.0,-0.004712494824756774,161336.96801864993
2012-09-06,-0.016650986860982098,0.0,0.0,-0.016650986860982098,158650.5482839807
2012-09-07,-0.0046544312750939065,0.0,0.0,-0.0046544312750939065,157912.12021023693
2012-09-10,0.002418159768182937,0.0,0.0,0.002418159768182937,158293.9769462378
2012-09-11,-0.006273494983156658,0.0,0.0,-0.006273494983156658,157300.92047600166
2012-09-12,-0.012464545270205574,0.0,0.0,-0.012464545270205574,155340.2360316835
2012-09-13,-0.00393431103543429,0.0,0.0,-0.00393431103543429,154729.0792268171
2012-09-14,-0.02657745028976266,0.0,0.0,-0.02657745028976266,150616.7748152856
2012-09-17,0.012002638180499181,0.0,0.0,0.012002638180499181,152424.5734673072
2012-09-18,0.005011937453769377,0.0,0.0,0.005011937453769377,153188.51589594284
2012-09-19,0.006566182367280016,0.0,0.0,0.006566182367280016,154194.37962788856
2012-09-20,0.002477113014429877,0.0,0.0,0.002477113014429877,154576.33653241672
2012-09-21,0.0011531975287486507,0.0,0.0,0.0011531975287486507,154754.59358170893
2012-09-24,0.007815271139115954,0.0,0.0,0.007815271139115954,155964.0426905737
2012-09-25,0.009878416733835715,0.0,0.0,0.009878416733835715,157504.72049976492
2012-09-26,0.010750100324518064,0.0,0.0,0.010750100324518064,159197.91204672254
2012-09-27,-0.007116966536495628,0.0,0.0,-0.007116966536495628,158064.90583400606
2012-09-28,0.0005640992771271947,0.0,0.0,0.0005640992771271947,158154.0701331262
2012-10-01,0.0037102253053000744,0.0,0.0,0.0037102253053000744,158740.85736627033
2012-10-02,-0.001366066402149424,0.0,0.0,-0.001366066402149424,158524.00681437386
2012-10-03,0.00032153786451383226,0.0,0.0,0.00032153786451383226,158574.97828499915
2012-10-04,-0.012470702489619456,0.0,0.0,-0.012470702489619456,156597.43690850906
2012-10-05,-0.01295422674790181,0.0,0.0,-0.01295422674790181,154568.83820265596
2012-10-08,0.008419389137642952,0.0,0.0,0.008419389137642952,155870.2134000375
2012-10-09,-0.0018013215995728027,0.0,0.0,-0.0018013215995728027,155589.44101791
2012-10-10,0.00705264824030527,0.0,0.0,0.00705264824030527,156686.75861531502
2012-10-11,0.006921062100785136,0.0,0.0,0.006921062100785136,157771.19740206236
2012-10-12,0.0025067564423721933,0.0,0.0,0.0025067564423721933,158166.69136757075
2012-10-15,-0.002258744901063925,0.0,0.0,-0.002258744901063925,157809.4331599261
2012-10-16,-0.013824443522554963,0.0,0.0,-0.013824443522554963,155627.8055638803
2012-10-17,-0.009263933323145457,0.0,0.0,-0.009263933323145457,154186.07994990906
2012-10-18,-0.00612304541670905,0.0,0.0,-0.00612304541670905,153241.99157975145
2012-10-19,0.013570498236418871,0.0,0.0,0.013570498236418871,155321.56175622978
2012-10-22,-0.006406726528500384,0.0,0.0,-0.006406726528500384,154326.458986078
2012-10-23,0.014301772783737565,0.0,0.0,0.014301772783737565,156533.6009370157
2012-10-24,-0.009862128033332751,0.0,0.0,-0.009862128033332751,154989.84652305624
2012-10-25,-0.005103297597755185,0.0,0.0,-0.005103297597755185,154198.88721161868
2012-10-26,0.014727682367149608,0.0,0.0,0.014727682367149608,156469.8794438393
2012-10-31,0.005870795312874932,0.0,0.0,0.005870795312874932,157388.48207868432
2012-11-01,-0.008187726175320709,0.0,0.0,-0.008187726175320709,156099.8282842747
2012-11-02,-0.0007358411763778161,0.0,0.0,-0.0007358411763778161,155984.9636029976
2012-11-05,0.005644013156367755,0.0,0.0,0.005644013156367755,156865.34478976848
2012-11-06,-0.00943477983233143,0.0,0.0,-0.00943477983233143,155385.35479835424
2012-11-07,0.01814586033747201,0.0,0.0,0.01814586033747201,158204.95574501372
2012-11-08,0.014838569916102218,0.0,0.0,0.014838569916102218,160552.49104190996
2012-11-09,0.0011131248191806886,0.0,0.0,0.0011131248191806886,160731.20600447
2012-11-12,0.0016664507705710374,0.0,0.0,0.0016664507705710374,160999.05664657094
2012-11-13,0.0033285121206849677,0.0,0.0,0.0033285121206849677,161534.9439580379
2012-11-14,0.0009478738480896975,0.0,0.0,0.0009478738480896975,161688.05870696835
2012-11-15,-0.0019728966551559868,0.0,0.0,-0.0019728966551559868,161369.06487676673
2012-11-16,-0.0008696592925494517,0.0,0.0,-0.0008696592925494517,161228.72876996663
2012-11-19,-0.005618165508315731,0.0,0.0,-0.005618165508315731,160322.9190870416
2012-11-20,-0.010026756284495786,0.0,0.0,-0.010026756284495786,158715.4002505369
2012-11-21,-0.0005633200395334104,0.0,0.0,-0.0005633200395334104,158625.99268499322
2012-11-23,-0.0009651661530961642,0.0,0.0,-0.0009651661530961642,158472.8922458524
2012-11-26,0.004750669537301189,0.0,0.0,0.004750669537301189,159225.74458753277
2012-11-27,0.003926197869156711,0.0,0.0,0.003926197869156711,159850.89636664724
2012-11-28,-0.0014371477906963692,0.0,0.0,-0.0014371477906963692,159621.1670040931
2012-11-29,0.00015975353131958414,0.0,0.0,0.00015975353131958414,159646.66704919536
2012-11-30,-0.002716362216884982,0.0,0.0,-0.002716362216884982,159213.0088747713
2012-12-03,0.0009223307951711224,0.0,0.0,0.0009223307951711224,159359.85593584835
2012-12-04,0.005776271768436869,0.0,0.0,0.005776271768436869,160280.36177271276
2012-12-05,-0.00047880726547844255,0.0,0.0,-0.00047880726547844255,160203.61837098247
2012-12-06,0.0021546376337537865,0.0,0.0,0.0021546376337537865,160548.7991161881
2012-12-07,-0.009236501279735299,0.0,0.0,-0.009236501279735299,159065.8899276915
2012-12-10,0.004420972916311827,0.0,0.0,0.004420972916311827,159769.11591897084
2012-12-11,-0.007602224160418114,0.0,0.0,-0.007602224160418114,158554.51528584302
2012-12-12,-0.01160995846353241,0.0,0.0,-0.01160995846353241,156713.70394916885
2012-12-13,0.0007346936762926415,0.0,0.0,0.0007346936762926415,156828.84051644872
2012-12-14,0.007498939965504103,0.0,0.0,0.007498939965504103,158004.8905763412
2012-12-17,-0.014967757781522373,0.0,0.0,-0.014967757781522373,155639.91164589857
2012-12-18,-0.010185019690222896,0.0,0.0,-0.010185019690222896,154054.71608120055
2012-12-19,0.003319156501577547,0.0,0.0,0.003319156501577547,154566.04779368013
2012-12-20,0.0001654412105074332,0.0,0.0,0.0001654412105074332,154591.61938773046
2012-12-21,0.010916110373521581,0.0,0.0,0.010916110373521581,156279.15856778837
2012-12-24,-0.0017997212011644503,0.0,0.0,-0.0017997212011644503,155997.8996528138
2012-12-26,0.003596850739821411,0.0,0.0,0.003596850739821411,156559.0008135906
2012-12-27,0.003355546431615064,0.0,0.0,0.003355546431615064,157084.34181010787
2012-12-28,0.0057089089551591865,0.0,0.0,0.0057089089551591865,157981.12201578286
2012-12-31,-0.01727334592805685,0.0,0.0,-0.01727334592805685,155252.2594451017
2013-01-02,-0.013369527126634195,0.0,0.0,-0.013369527126634195,153176.61015097916
2013-01-03,-0.01354873166663595,0.0,0.0,-0.01354873166663595,151101.26136243864
2013-01-04,0.0038995982022660414,0.0,0.0,0.0038995982022660414,151690.49556960774
2013-01-07,0.00042281144137956694,0.0,0.0,0.00042281144137956694,151754.6320466831
2013-01-08,0.00658522546825302,0.0,0.0,0.00658522546825302,152753.9705145623
2013-01-09,-0.0009228286313508471,0.0,0.0,-0.0009228286313508471,152613.00477701894
2013-01-10,-0.0027701054399101865,0.0,0.0,-0.0027701054399101865,152190.25066228508
2013-01-11,0.008923223718839246,0.0,0.0,0.008923223718839246,153548.27831677085
2013-01-14,-0.0027534189178005652,0.0,0.0,-0.0027534189178005652,153125.49558245775
2013-01-15,0.004601265836388535,0.0,0.0,0.004601265836388535,153830.06669396136
2013-01-16,0.0020823279058543864,0.0,0.0,0.0020823279058543864,154150.39133459763
2013-01-17,-0.009973290007689095,0.0,0.0,-0.009973290007689095,152613.0047770189
2013-01-18,0.007723908730075113,0.0,0.0,0.007723908730075113,153791.77369693914
2013-01-22,0.0019155487437230168,0.0,0.0,0.0019155487437230168,154086.36933583923
2013-01-23,-0.001496763667638401,0.0,0.0,-0.001496763667638401,153855.73845653902
2013-01-24,-0.0034977457690269498,0.0,0.0,-0.0034977457690269498,153317.59019831216
2013-01-25,-0.01370380827268547,0.0,0.0,-0.01370380827268547,151216.55533740434
2013-01-28,-0.003643676039877586,0.0,0.0,-0.003643676039877586,150665.5711978886
2013-01-29,-0.005526151678920899,0.0,0.0,-0.005526151678920899,149832.9703986578
2013-01-30,-0.001710589072591584,0.0,0.0,-0.001710589072591584,149576.66775677993
2013-01-31,0.004881872724223468,0.0,0.0,0.004881872724223468,150306.882011282
2013-02-01,-0.012984658856145082,0.0,0.0,-0.012984658856145082,148355.19842463464
2013-02-04,0.01280871794950933,0.0,0.0,0.01280871794950933,150255.4383175993
2013-02-05,-0.008886795804073921,0.0,0.0,-0.008886795804073921,148920.14891881915
2013-02-06,0.008190933836795589,0.0,0.0,0.008190933836795589,150139.94400557896
2013-02-07,-0.002223765391798027,0.0,0.0,-0.002223765391798027,149806.06799417283
2013-02-08,0.0038575643279228355,0.0,0.0,0.0038575643279228355,150383.95453817354
2013-02-11,-0.0007687574827536237,0.0,0.0,-0.0007687574827536237,150268.34574783625
2013-02-12,-0.0024785053204492424,0.0,0.0,-0.0024785053204492424,149895.90485340514
2013-02-13,-0.008136182513513002,0.0,0.0,-0.008136182513513002,148676.32441348967
2013-02-14,0.009067518217087844,0.0,0.0,0.009067518217087844,150024.44969355865
2013-02-15,-0.002910518394478201,0.0,0.0,-0.002910518394478201,149587.80077310407
2013-02-19,-0.0049784144665404595,0.0,0.0,-0.0049784144665404595,148843.09070171727
2013-02-20,0.003019760540007299,0.0,0.0,0.003019760540007299,149292.56119367105
2013-02-21,0.005847944247892034,0.0,0.0,0.005847944247892034,150165.61576815663
2013-02-22,0.0006841112005175898,0.0,0.0,0.0006841112005175898,150268.34574783625
2013-02-25,0.01965310829250333,0.0,0.0,0.01965310829250333,153221.5858197538
2013-02-26,-0.005782133699980929,0.0,0.0,-0.005782133699980929,152335.6381248209
2013-02-27,-0.002950151772279752,0.0,0.0,-0.002950151772279752,151886.22487202557
2013-02-28,0.0018599702962498466,0.0,0.0,0.0018599702962498466,152168.7287386971
2013-03-01,0.005445420255428601,0.0,0.0,0.005445420255428601,152997.3514164136
2013-03-04,-0.005298829120944704,0.0,0.0,-0.005298829120944704,152186.64459530092
2013-03-05,-0.002874056594636909,0.0,0.0,-0.002874056594636909,151749.2515657861
2013-03-06,-0.009073252905160922,0.0,0.0,-0.009073252905160922,150372.39222816087
2013-03-07,-0.00770120317560552,0.0,0.0,-0.00770120317560552,149214.34388360995
2013-03-08,-0.01043526444816556,0.0,0.0,-0.01043526444816556,147657.25274572495
2013-03-11,0.0009587524220782129,0.0,0.0,0.0009587524220782129,147798.81949443233
2013-03-12,0.007226404657941554,0.0,0.0,0.007226404657941554,148866.87357206517
2013-03-13,-0.0010373782015425936,0.0,0.0,-0.0010373782015425936,148712.4423224897
2013-03-14,-0.003028764312080545,0.0,0.0,-0.003028764312080545,148262.027384421
2013-03-15,0.004686763606299493,0.0,0.0,0.004686763606299493,148956.8964585625
2013-03-18,0.007601945926005715,0.0,0.0,0.007601945926005715,150089.25873074614
2013-03-19,0.006773276667214612,0.0,0.0,0.006773276667214612,151105.85480490662
2013-03-20,-0.011155521404475621,0.0,0.0,-0.011155521404475621,149420.1902072889
2013-03-21,0.009644969802187653,0.0,0.0,0.009644969802187653,150861.34342967533
2013-03-22,0.0007676527648448062,0.0,0.0,0.0007676527648448062,150977.1525570673
2013-03-25,-0.0009376700137053717,0.0,0.0,-0.0009376700137053717,150835.58580835993
2013-03-26,0.0011948891191280175,0.0,0.0,0.0011948891191280175,151015.81760861963
2013-03-27,0.008520350274539235,0.0,0.0,0.008520350274539235,152302.525271641
2013-03-28,-0.005069039127183039,0.0,0.0,-0.005069039127183039,151530.49781187027
2013-04-01,0.007531194965025412,0.0,0.0,0.007531194965025412,152671.70353403882
2013-04-02,-0.004054348287601206,0.0,0.0,-0.004054348287601206,152052.71927425044
2013-04-03,0.008989455177091488,0.0,0.0,0.008989455177091488,153419.5903787212
2013-04-04,0.011937168457975655,0.0,0.0,0.011937168457975655,155250.98587382562
2013-04-05,0.020183910736974786,0.0,0.0,0.020183910736974786,158384.55791453025
2013-04-08,-0.0076537734094933585,0.0,0.0,-0.0076537734094933585,157172.31839668966
2013-04-09,-0.0024613167033761263,0.0,0.0,-0.0024613167033761263,156785.46754411154
2013-04-10,-0.01373575071934352,0.0,0.0,-0.01373575071934352,154631.9014455099
2013-04-11,0.0019183747728812595,0.0,0.0,0.0019183747728812595,154928.54338432563
2013-04-12,0.014898743408918946,0.0,0.0,0.014898743408918946,157236.78399892626
2013-04-15,0.00869389374299745,0.0,0.0,0.00869389374299745,158603.78389150358
2013-04-16,-0.00821232406190564,0.0,0.0,-0.00821232406190564,157301.27822074213
2013-04-17,0.006640579941131097,0.0,0.0,0.006640579941131097,158345.84993360905
2013-04-18,0.0024430754120825515,0.0,0.0,0.0024430754120825515,158732.70078618717
2013-04-19,-0.0021117691577128284,0.0,0.0,-0.0021117691577128284,158397.49396434645
2013-04-22,0.000732123546751895,0.0,0.0,0.000732123546751895,158513.46049942423
2013-04-23,-0.0034978822407029098,0.0,0.0,-0.0034978822407029098,157958.99908103092
2013-04-24,0.002530681856374395,0.0,0.0,0.002530681856374395,158358.74305405634
2013-04-25,-0.004316194281424379,0.0,0.0,-0.004316194281424379,157675.23595287287
2013-04-26,0.009160702032191326,0.0,0.0,0.009160702032191326,159119.6518072926
2013-04-29,-0.003647871207294928,0.0,0.0,-0.003647871207294928,158539.20381094996
2013-04-30,0.0005691811941306302,0.0,0.0,0.0005691811941306302,158629.4413442916
2013-05-01,0.010273532370882466,0.0,0.0,0.010273532370882466,160259.12604491718
2013-05-02,-0.0012899060786578653,0.0,0.0,-0.0012899060786578653,160052.40682407146
2013-05-03,-0.023577046709472915,0.0,0.0,-0.023577046709472915,156278.84375241675
2013-05-06,-0.0024809740105267153,0.0,0.0,-0.0024809740105267153,155891.12000267184
2013-05-07,-0.003895899208547382,0.0,0.0,-0.003895899208547382,155283.78391163386
2013-05-08,0.00158087621734615,0.0,0.0,0.00158087621734615,155529.2683525593
2013-05-09,-0.0025756454386767214,0.0,0.0,-0.0025756454386767214,155128.6801019463
2013-05-10,-0.01074640859321574,0.0,0.0,-0.01074640859321574,153461.60392104453
2013-05-13,-0.0076625483635714975,0.0,0.0,-0.0076625483635714975,152285.69695904828
2013-05-14,-0.0108627424153811,0.0,0.0,-0.0108627424153811,150631.45665943535
2013-05-15,0.0066918970495499774,0.0,0.0,0.0066918970495499774,151639.46685982405
2013-05-16,0.010397282074084968,0.0,0.0,0.010397282074084968,153216.1051703295
2013-05-17,-0.012651905285501197,0.0,0.0,-0.012651905285501197,151277.6295195011
2013-05-20,-0.0011959380295428756,0.0,0.0,-0.0011959380295428756,151096.7108493396
2013-05-21,0.007869040318780884,0.0,0.0,0.007869040318780884,152285.69695904825
2013-05-22,-0.014851160451581524,0.0,0.0,-0.014851160451581524,150024.07763902852
2013-05-23,0.004737115554085847,0.0,0.0,0.004737115554085847,150734.75903069976
2013-05-24,0.001372739501034781,0.0,0.0,0.001372739501034781,150941.67858860016
2013-05-28,-0.025343328269881837,0.0,0.0,-0.025343328269881837,147116.31407852226
2013-05-29,0.011244438184673244,0.0,0.0,0.011244438184673244,148770.5543781352
2013-05-30,-0.002432568601993479,0.0,0.0,-0.002432568601993479,148408.65979865377
2013-05-31,-0.003395966186127475,0.0,0.0,-0.003395966186127475,147904.66900824904
2013-06-03,0.005299195774575383,0.0,0.0,0.005299195774575383,148688.44480529753
2013-06-04,-0.009235006756054487,0.0,0.0,-0.009235006756054487,147315.3060129734
2013-06-05,0.013806395160549156,0.0,0.0,0.013806395160549156,149349.1993409857
2013-06-06,-0.0006081333888418028,0.0,0.0,-0.0006081333888418028,149258.37510626967
2013-06-07,-0.0178785156005824,0.0,0.0,-0.0178785156005824,146589.85691841465
2013-06-10,-0.004772049582849602,0.0,0.0,-0.004772049582849602,145890.32285285715
2013-06-11,0.011898413175452927,0.0,0.0,0.011898413175452927,147626.18619246065
2013-06-12,-0.01430308322235363,0.0,0.0,-0.01430308322235363,145514.67656555123
2013-06-13,0.015668180106186647,0.0,0.0,0.015668180106186647,147794.62672607377
2013-06-14,-0.0023669136340848107,0.0,0.0,-0.0023669136340848107,147444.80960903133
2013-06-17,-0.005271661678849293,0.0,0.0,-0.005271661678849293,146667.53045647018
2013-06-18,0.0005299794506126165,0.0,0.0,0.0005299794506126165,146745.2612336842
2013-06-19,-0.010328052403507981,0.0,0.0,-0.010328052403507981,145229.66848569625
2013-06-20,-0.01641308928499463,0.0,0.0,-0.01641308928499463,142846.00097001035
2013-06-21,-0.01695795108128839,0.0,0.0,-0.01695795108128839,140423.62547340323
2013-06-24,0.004151178891597773,0.0,0.0,0.004151178891597773,141006.54906335007
2013-06-25,-0.008911743346662782,0.0,0.0,-0.008911743346662782,139749.93488789885
2013-06-26,0.006489019036073795,0.0,0.0,0.006489019036073795,140656.77487567652
2013-06-27,0.01022330030218499,0.0,0.0,0.01022330030218499,142094.7513247674
2013-06-28,0.006837230352215062,0.0,0.0,0.006837230352215062,143066.28587141554
2013-07-01,0.0020148450792780714,0.0,0.0,0.0020148450792780714,143354.54227351418
2013-07-02,-0.0006342624502954086,0.0,0.0,-0.0006342624502954086,143263.61787027077
2013-07-03,-0.002990436775170635,0.0,0.0,-0.002990436775170635,142835.19707884753
2013-07-05,-0.03408817907915351,0.0,0.0,-0.03408817907915351,137966.2053020176
2013-07-08,0.009693419597555764,0.0,0.0,0.009693419597555764,139303.56962029258
2013-07-09,0.0010256969705935148,0.0,0.0,0.0010256969705935148,139446.45286964497
2013-07-10,-0.00782189200036243,0.0,0.0,-0.00782189200036243,138355.717775465
2013-07-11,0.01173075001711732,0.0,0.0,0.01173075001711732,139978.7341141278
2013-07-12,-0.0008351030757840494,0.0,0.0,-0.0008351030757840494,139861.83744272473
2013-07-15,0.005291667353021445,0.0,0.0,0.005291667353021445,140601.939761854
2013-07-16,0.0034166950195393397,0.0,0.0,0.0034166950195393397,141082.3337091759
2013-07-17,0.0018409298653392359,0.0,0.0,0.0018409298653392359,141342.05639077286
2013-07-18,-0.01249339647340797,0.0,0.0,-0.01249339647340797,139576.21404191616
2013-07-19,0.015814192009614203,0.0,0.0,0.015814192009614203,141783.49909075003
2013-07-22,0.0014653597690870157,0.0,0.0,0.0014653597690870157,141991.262926238
2013-07-23,-0.004205926108971081,0.0,0.0,-0.004205926108971081,141394.05816625076
2013-07-24,-0.012672994814659222,0.0,0.0,-0.012672994814659222,139602.17200028623
2013-07-25,-0.0003718847350029364,0.0,0.0,-0.0003718847350029364,139550.2560835461
2013-07-26,0.006140944452585062,0.0,0.0,0.006140944452585062,140407.22645449915
2013-07-29,-0.007305260819183146,0.0,0.0,-0.007305260819183146,139381.51504435093
2013-07-30,-0.0003735001346468758,0.0,0.0,-0.0003735001346468758,139329.45602971458
2013-07-31,0.0036342057173035514,0.0,0.0,0.0036342057173035514,139835.80793540657
2013-08-01,-0.01926762871777621,0.0,0.0,-0.01926762871777621,137141.5035066569
2013-08-02,0.011009673244951834,0.0,0.0,0.011009673244951834,138651.3866485866
2013-08-05,-0.007697485506645063,0.0,0.0,-0.007697485506645063,137584.11960938285
2013-08-06,0.002932493368217548,0.0,0.0,0.002932493368217548,137987.58412770942
2013-08-07,0.007452026780381038,0.0,0.0,0.007452026780381038,139015.87129998917
2013-08-08,0.0027157703361870844,0.0,0.0,0.0027157703361870844,139393.40647952489
2013-08-09,0.0015870861693345617,0.0,0.0,0.0015870861693345617,139614.635827045
2013-08-12,-0.006805662064850115,0.0,0.0,-0.006805662064850115,138664.46579629902
2013-08-13,-0.014456075231610743,0.0,0.0,-0.014456075231610743,136659.92184679658
2013-08-14,0.0015239630998629128,0.0,0.0,0.0015239630998629128,136868.18652492124
2013-08-15,-0.013504722700894312,0.0,0.0,-0.013504722700894312,135019.81961932793
2013-08-16,-0.0034709393877538908,0.0,0.0,-0.0034709393877538908,134551.17400928377
2013-08-19,-0.00870608299541753,0.0,0.0,-0.00870608299541753,133379.76032122807
2013-08-20,0.007710005766625949,0.0,0.0,0.007710005766625949,134408.11904245592
2013-08-21,-0.010943879096395603,0.0,0.0,-0.010943879096395603,132937.17283808134
2013-08-22,0.010183051656059039,0.0,0.0,0.010183051656059039,134290.87893610197
2013-08-23,0.010856039279896867,0.0,0.0,0.010856039279896867,135748.7459927642
2013-08-26,0.004985861375597311,0.0,0.0,0.004985861375597311,136425.57042219528
2013-08-27,0.012594135575367593,0.0,0.0,0.012594135575367593,138143.73255203926
2013-08-28,-0.008103137088514067,0.0,0.0,-0.008103137088514067,137024.33494925106
2013-08-29,0.007979580528190144,0.0,0.0,0.007979580528190144,138117.7316643003
2013-08-30,-0.001131167455365345,0.0,0.0,-0.001131167455365345,137961.49738123277
2013-09-03,-0.014104262634273446,0.0,0.0,-0.014104262634273446,136015.65218875022
2013-09-04,-0.0022067154216636187,0.0,0.0,-0.0022067154216636187,135715.5043514777
2013-09-05,-0.01394375556062133,0.0,0.0,-0.01394375556062133,133823.12053301424
2013-09-06,0.0049736640569177926,0.0,0.0,0.0049736640569177926,134488.71177759388
2013-09-09,0.0004858288739613137,0.0,0.0,0.0004858288739613137,134554.0502769973
2013-09-10,-0.0069844134869775365,0.0,0.0,-0.0069844134869775365,133614.26915351517
2013-09-11,0.008888150628294289,0.0,0.0,0.008888150628294289,134801.8529038411
2013-09-12,-0.0013551651579670754,0.0,0.0,-0.0013551651579670754,134619.1741295564
2013-09-13,0.0038778683533797764,0.0,0.0,0.0038778683533797764,135141.20956467153
2013-09-16,-0.006662876593516942,0.0,0.0,-0.006662876593516942,134240.7803626435
2013-09-17,0.00826325851757459,0.0,0.0,0.00826325851757459,135350.04663438097
2013-09-18,0.012342889718025774,0.0,0.0,0.012342889718025774,137020.65733331878
2013-09-19,-0.005905605761652222,0.0,0.0,-0.005905605761652222,136211.46734990578
2013-09-20,0.005269383273726502,0.0,0.0,0.005269383273726502,136929.21777764912
2013-09-23,0.007338237474891374,0.0,0.0,0.007338237474891374,137934.03689495262
2013-09-24,0.010786649179625796,0.0,0.0,0.010786649179625796,139421.882960868
2013-09-25,0.002059711517223617,0.0,0.0,0.002059711517223617,139709.05181895552
2013-09-26,-0.007006016482334676,0.0,0.0,-0.007006016482334676,138730.24789918057
2013-09-27,0.00244554311140055,0.0,0.0,0.00244554311140055,139069.51870127328
2013-09-30,-0.0015009536462873285,0.0,0.0,-0.0015009536462873285,138860.78180009118
2013-10-01,-0.0030348619591235027,0.0,0.0,-0.0030348619591235027,138439.35849579194
2013-10-02,0.0015124372432089306,0.0,0.0,0.0015124372432089306,138648.7393375069
2013-10-03,-0.0016045894126409666,0.0,0.0,-0.0016045894126409666,138426.26503828994
2013-10-04,-0.000756186775962786,0.0,0.0,-0.000756186775962786,138321.58892722207
2013-10-07,0.004067877198338454,0.0,0.0,0.004067877198338454,138884.26416485707
2013-10-08,0.0002828280996569621,0.0,0.0,0.0002828280996569621,138923.54453736305
2013-10-09,-0.008006252802373881,0.0,0.0,-0.008006252802373881,137811.2875195951
2013-10-10,0.0016143401837485083,0.0,0.0,0.0016143401837485083,138033.76181881208
2013-10-11,-0.000283430403581475,0.0,0.0,-0.000283430403581475,137994.6388539919
2013-10-14,-0.008060561382412512,0.0,0.0,-0.008060561382412512,136882.32459706545
2013-10-15,-0.0006691657496694647,0.0,0.0,-0.0006691657496694647,136790.72763370996
2013-10-16,0.012531225020898651,0.0,0.0,0.012531225020898651,138504.88302246045
2013-10-17,0.009068987284882812,0.0,0.0,0.009068987284882812,139760.98204548532
2013-10-18,0.0021533133288467177,0.0,0.0,0.0021533133288467177,140061.93123097657
2013-10-21,-0.003176492464118774,0.0,0.0,-0.003176492464118774,139617.02556191143
2013-10-22,0.011153305265924063,0.0,0.0,0.011153305265924063,141174.21686832377
2013-10-23,0.003892730363550312,0.0,0.0,0.003892730363550312,141723.77002887754
2013-10-24,-0.003877635773037791,0.0,0.0,-0.003877635773037791,141174.21686832377
2013-10-25,0.003707338117041159,0.0,0.0,0.003707338117041159,141697.59742366316
2013-10-28,-0.003417138752981219,0.0,0.0,-0.003417138752981219,141213.3970723024
2013-10-29,0.0012973856609852508,0.0,0.0,0.0012973856609852508,141396.60530880303
2013-10-30,-0.006014607670595695,0.0,0.0,-0.006014607670595695,140546.1602019165
2013-10-31,0.002141385398565676,0.0,0.0,0.002141385398565676,140847.12369719736
2013-11-01,-0.010824659994588925,0.0,0.0,-0.010824659994588925,139322.5014719594
2013-11-04,0.0009417463771934642,0.0,0.0,0.0009417463771934642,139453.70793298216
2013-11-05,-0.011948792735314573,0.0,0.0,-0.011948792735314573,137787.40448071985
2013-11-06,0.0004763788477821773,0.0,0.0,0.0004763788477821773,137853.04348570528
2013-11-07,0.008470461031830911,0.0,0.0,0.008470461031830911,139020.72231867022
2013-11-08,-0.024065684289925393,0.0,0.0,-0.024065684289925393,135675.09350559174
2013-11-11,-0.003771854385031248,0.0,0.0,-0.003771854385031248,135163.34680921314
2013-11-12,0.004659777189515157,0.0,0.0,0.004659777189515157,135793.17788953322
2013-11-13,0.0036718362237118107,0.0,0.0,0.0036718362237118107,136291.78819904095
2013-11-14,0.006160299879026221,0.0,0.0,0.006160299879026221,137131.38648539578
2013-11-15,0.0020088600212437857,0.0,0.0,0.0020088600212437857,137406.864245364
2013-11-18,0.006016268189135587,0.0,0.0,0.006016268189135587,138233.54079169227
2013-11-19,-0.007593114251369659,0.0,0.0,-0.007593114251369659,137183.9177230896
2013-11-20,-0.01702470021544389,0.0,0.0,-0.01702470021544389,134848.4026494739
2013-11-21,0.001654904060664375,0.0,0.0,0.001654904060664375,135071.5638185926
2013-11-22,0.009325357433366044,0.0,0.0,0.009325357433366044,136331.1544302847
2013-11-25,0.0028866001023393206,0.0,0.0,0.0028866001023393206,136724.6879546152
2013-11-26,0.0037425850054204624,0.0,0.0,0.0037425850054204624,137236.3917216249
2013-11-27,-0.00172109878800486,0.0,0.0,-0.00172109878800486,137000.19433416266
2013-11-29,0.00028755324774842883,0.0,0.0,0.00028755324774842883,137039.5891849856
2013-12-02,-0.007777995437226792,0.0,0.0,-0.007777995437226792,135973.69588558536
2013-12-03,0.003677274973177047,0.0,0.0,0.003677274973177047,136473.70855447583
2013-12-04,-0.009545682030582259,0.0,0.0,-0.009545682030582259,135170.97392708043
2013-12-05,-0.002822873351599142,0.0,0.0,-0.002822873351599142,134789.40338687197
2013-12-06,0.0047835399852049765,0.0,0.0,0.0047835399852049765,135434.17388755502
2013-12-09,0.0023323086559143835,0.0,0.0,0.0023323086559143835,135750.04818361957
2013-12-10,0.0071730232679732,0.0,0.0,0.0071730232679732,136723.78643786916
2013-12-11,-0.007699985860159186,0.0,0.0,-0.007699985860159186,135671.01521555014
2013-12-12,-0.0037824097117253874,0.0,0.0,-0.0037824097117253874,135157.8518499992
2013-12-13,0.0048677985654408396,0.0,0.0,0.0048677985654408396,135815.7730473427
2013-12-16,-0.0036816561689472227,0.0,0.0,-0.0036816561689472227,135315.74606866261
2013-12-17,0.004472637218932096,0.0,0.0,0.004472637218932096,135920.96431083686
2013-12-18,-0.005034079208629638,0.0,0.0,-0.005034079208629638,135236.7274103828
2013-12-19,-0.0009726321296199547,0.0,0.0,-0.0009726321296199547,135105.1918241988
2013-12-20,0.015388946530682013,0.0,0.0,0.015388946530682013,137184.31839719892
2013-12-23,-0.005659271665276244,0.0,0.0,-0.005659271665276244,136407.95507117343
2013-12-24,-0.00800693040182987,0.0,0.0,-0.00800693040182987,135315.74606866261
2013-12-26,-0.003853993256886512,0.0,0.0,-0.003853993256886512,134794.2400957634
2013-12-27,-0.00284010504768617,0.0,0.0,-0.00284010504768617,134411.41029406842
2013-12-30,0.0068750359976701425,0.0,0.0,0.0068750359976701425,135335.49357833777
2013-12-31,-0.006340439686997046,0.0,0.0,-0.006340439686997046,134477.40704379434
2014-01-02,0.003042804313152514,0.0,0.0,0.003042804313152514,134886.59547796877
2014-01-03,0.0,0.0,0.0,0.0,134886.59547796877
2014-01-06,0.004209129980174309,0.0,0.0,0.004209129980174309,135454.35069091874
2014-01-07,0.002534373028439507,0.0,0.0,0.002534373028439507,135797.6425438946
2014-01-08,-0.0027220685022996127,0.0,0.0,-0.0027220685022996127,135427.99205843933
2014-01-09,0.005848366601472366,0.0,0.0,0.005848366601472366,136220.02460409838
2014-01-10,0.011921285876496546,0.0,0.0,0.011921285876496546,137843.9424595072
2014-01-13,0.004980357821710246,0.0,0.0,0.004980357821710246,138530.4546165108
2014-01-14,-0.004574510601739523,0.0,0.0,-0.004574510601739523,137896.7455832038
2014-01-15,-0.0010529721688258276,0.0,0.0,-0.0010529721688258276,137751.54414793302
2014-01-16,0.006708437279414836,0.0,0.0,0.006708437279414836,138675.64174199197
2014-01-17,0.004189470127994532,0.0,0.0,0.004189470127994532,139256.6192005505
2014-01-21,0.0007583571107745435,0.0,0.0,0.0007583571107745435,139362.22544794367
2014-01-22,-0.0024629982945787443,0.0,0.0,-0.0024629982945787443,139018.9765243367
2014-01-23,0.014150244221384112,0.0,0.0,0.014150244221384112,140986.12899356292
2014-01-24,0.0064609474317236515,0.0,0.0,0.0064609474317236515,141897.03296159254
2014-01-27,-0.00697816002108087,0.0,0.0,-0.00697816002108087,140906.85275906997
2014-01-28,0.002436506570351993,0.0,0.0,0.002436506570351993,141250.1732316251
2014-01-29,0.008224294558629497,0.0,0.0,0.008224294558629497,142411.8562627394
2014-01-30,-0.0028736769821879893,0.0,0.0,-0.0028736769821879893,142002.6105894065
2014-01-31,0.006694137598593386,0.0,0.0,0.006694137598593386,142953.19560405146
2014-02-03,0.012184821291289838,0.0,0.0,0.012184821291289838,144695.05474550562
2014-02-04,-0.01061156118217732,0.0,0.0,-0.01061156118217732,143159.6143193152
2014-02-05,-0.009245112582943027,0.0,0.0,-0.009245112582943027,141836.08756760243
2014-02-06,-0.004292853523802154,0.0,0.0,-0.004292853523802154,141227.20601928554
2014-02-07,0.0008440338861872565,0.0,0.0,0.0008440338861872565,141346.40656681737
2014-02-10,0.002809082609321667,0.0,0.0,0.002809082609321667,141743.46029939433
2014-02-11,-0.005789397223661674,0.0,0.0,-0.005789397223661674,140922.8511038648
2014-02-12,-0.005166326614644667,0.0,0.0,-0.005166326614644667,140194.7976275953
2014-02-13,0.005664723069267685,0.0,0.0,0.005664723069267685,140988.96233190768
2014-02-14,0.0005630987809033261,0.0,0.0,0.0005630987809033261,141068.35304471757
2014-02-18,0.0022523447807913932,0.0,0.0,0.0022523447807913932,141386.0876134327
2014-02-19,-0.004212795566969851,0.0,0.0,-0.004212795566969851,140790.4569303036
2014-02-20,-0.0024441110462090077,0.0,0.0,-0.0024441110462090077,140446.34941931945
2014-02-21,0.005276878446869082,0.0,0.0,0.005276878446869082,141187.4677335117
2014-02-24,-0.0025306859224071276,0.0,0.0,-0.0025306859224071276,140830.1665964982
2014-02-25,0.008928493406408666,0.0,0.0,0.008928493406408666,142087.56781037844
2014-02-26,0.005309889946981672,0.0,0.0,0.005309889946981672,142842.03715828588
2014-02-27,0.005467576025934395,0.0,0.0,0.005467576025934395,143623.03685614816
2014-02-28,0.0005526718050099522,0.0,0.0,0.0005526718050099522,143702.41325916845
2014-03-03,0.006675001456347696,0.0,0.0,0.006675001456347696,144661.62707695406
2014-03-04,-0.015041530665348302,0.0,0.0,-0.015041530665348302,142485.69477717686
2014-03-05,0.0021419637493123034,0.0,0.0,0.0021419637493123034,142790.89397018516
2014-03-06,-0.009850132474210183,0.0,0.0,-0.009850132474210183,141384.38474846794
2014-03-07,-0.006287590119122388,0.0,0.0,-0.006287590119122388,140495.41768792525
2014-03-10,0.0014167663037361056,0.0,0.0,0.0014167663037361056,140694.46686153483
2014-03-11,0.0026409567167271497,0.0,0.0,0.0026409567167271497,141066.03485879916
2014-03-12,0.006959823225967776,0.0,0.0,0.006959823225967776,142047.82952460463
2014-03-13,0.013450601861519917,0.0,0.0,0.013450601861519917,143958.45832483313
2014-03-14,0.00018389409767549658,0.0,0.0,0.00018389409767549658,143984.93143562955
2014-03-17,-0.007463733806877926,0.0,0.0,-0.007463733806877926,142910.26623519242
2014-03-18,0.0036205472615693512,0.0,0.0,0.0036205472615693512,143427.6796082604
2014-03-19,-0.007770492123851391,0.0,0.0,-0.007770492123851391,142313.17595352212
2014-03-20,-0.0017710118749196813,0.0,0.0,-0.0017710118749196813,142061.1376289509
2014-03-21,0.010833691175938798,0.0,0.0,0.010833691175938798,143600.18412212553
2014-03-24,0.007114726598167698,0.0,0.0,0.007114726598167698,144621.860171601
2014-03-25,-0.0037617382400906285,0.0,0.0,-0.0037617382400906285,144077.83058984045
2014-03-26,0.007827497298499964,0.0,0.0,0.007827497298499964,145205.59941955615
2014-03-27,0.005025577762577171,0.0,0.0,0.005025577762577171,145935.34145100074
2014-03-28,-0.005636044563170239,0.0,0.0,-0.005636044563170239,145112.84336324144
2014-03-31,-0.002468935170754083,0.0,0.0,-0.002468935170754083,144754.5691605338
2014-04-01,-0.008546950247593554,0.0,0.0,-0.008546950247593554,143517.35905980688
2014-04-02,-0.005746654830694808,0.0,0.0,-0.005746654830694808,142692.61433507726
2014-04-03,0.004381308742620771,0.0,0.0,0.004381308742620771,143317.79473377095
2014-04-04,0.006683229880642516,0.0,0.0,0.006683229880642516,144275.62050196348
2014-04-07,0.005992976603954148,0.0,0.0,0.005992976603954148,145140.2609201527
2014-04-08,0.0023834817566286137,0.0,0.0,0.0023834817566286137,145486.20008420822
2014-04-09,-0.004937591596258395,0.0,0.0,-0.004937591596258395,144767.84864530087
2014-04-10,0.00928039775816214,0.0,0.0,0.00928039775816214,146111.35186332266
2014-04-11,0.008102962150951853,0.0,0.0,0.008102962150951853,147295.28661729558
2014-04-14,-0.0026190764634511643,0.0,0.0,-0.0026190764634511643,146909.50899893892
2014-04-15,0.006247976401382305,0.0,0.0,0.006247976401382305,147827.39614430297
2014-04-16,0.0012591829946795308,0.0,0.0,0.0012591829946795308,148013.53788767563
2014-04-17,-0.010963970085220542,0.0,0.0,-0.010963970085220542,146390.72188606748
2014-04-21,-0.0008181730206224813,0.0,0.0,-0.0008181730206224813,146270.94894695084
2014-04-22,0.0033643978422459586,0.0,0.0,0.0033643978422459586,146763.06261197125
2014-04-23,0.00571043853773312,0.0,0.0,0.00571043853773312,147601.1440606264
2014-04-24,0.0018923483646684502,0.0,0.0,0.0018923483646684502,147880.45684421272
2014-04-25,0.001440070538490712,0.0,0.0,0.001440070538490712,148093.4151333326
2014-04-28,-0.0048508575336710935,0.0,0.0,-0.0048508575336710935,147375.035074846
2014-04-29,-0.0013543199193388755,0.0,0.0,-0.0013543199193388755,147175.44212923085
2014-04-30,0.004157823646750547,0.0,0.0,0.004157823646750547,147787.37166273675
2014-05-01,0.010727933808372336,0.0,0.0,0.010727933808372336,149372.8248036479
2014-05-02,0.0061599811313994834,0.0,0.0,0.0061599811313994834,150292.9585859822
2014-05-05,-0.00603295861763431,0.0,0.0,-0.00603295861763431,149386.24738631115
2014-05-06,0.004016593220865117,0.0,0.0,0.004016593220865117,149986.2711748535
2014-05-07,-0.003556021991389491,0.0,0.0,-0.003556021991389491,149452.91669614922
2014-05-08,-0.004283086828998139,0.0,0.0,-0.004283086828998139,148812.7968770926
2014-05-09,-0.0032255800110968513,0.0,0.0,-0.0032255800110968513,148332.7892940904
2014-05-12,-0.004045022557777833,0.0,0.0,-0.004045022557777833,147732.7798153377
2014-05-13,0.008664849006615238,0.0,0.0,0.008664849006615238,149012.86204576516
2014-05-14,0.010827638480638946,0.0,0.0,0.010827638480638946,150626.31944496202
2014-05-15,0.007967051053937135,0.0,0.0,0.007967051053937135,151826.36702204667
2014-05-16,-0.0028103768485570058,0.0,0.0,-0.0028103768485570058,151399.6777151674
2014-05-19,-0.007398006851889627,0.0,0.0,-0.007398006851889627,150279.62186205672
2014-05-20,0.002217889662560202,0.0,0.0,0.002217889662560202,150612.92548187805
2014-05-21,-0.00610831163058978,0.0,0.0,-0.00610831163058978,149692.93479743993
2014-05-22,-0.0014261711925463993,0.0,0.0,-0.0014261711925463993,149479.4470461041
2014-05-23,0.005353075835943022,0.0,0.0,0.005353075835943022,150279.62186205672
2014-05-27,0.005856192346604727,0.0,0.0,0.005856192346604727,151159.68823345596
2014-05-28,0.012350123672583369,0.0,0.0,0.012350123672583369,153026.5290774483
2014-05-29,-0.0053155860362535945,0.0,0.0,-0.0053155860362535945,152213.10339630785
2014-05-30,-0.00043828184117100655,0.0,0.0,-0.00043828184117100655,152146.39115710097
2014-06-02,-0.0074332726159997975,0.0,0.0,-0.0074332726159997975,151015.44555408967
2014-06-03,-0.012305634182913083,0.0,0.0,-0.012305634182913083,149157.10472513142
2014-06-04,-0.00026843368560702796,0.0,0.0,-0.00026843368560702796,149117.0659337756
2014-06-05,0.0004487251398259673,0.0,0.0,0.0004487251398259673,149183.97851003715
2014-06-06,0.0,0.0,0.0,0.0,149183.97851003715
2014-06-09,-0.0014342980145720663,0.0,0.0,-0.0014342980145720663,148970.00422585424
2014-06-10,-0.0036798933677195667,0.0,0.0,-0.0036798933677195667,148421.81049531436
2014-06-11,0.0018014766034128993,0.0,0.0,0.0018014766034128993,148689.18891435786
2014-06-12,0.008901875248057634,0.0,0.0,0.008901875248057634,150012.80152480837
2014-06-13,-0.0005351404610163257,0.0,0.0,-0.0005351404610163257,149932.52360504202
2014-06-16,0.0024967504544686214,0.0,0.0,0.0024967504544686214,150306.86770149253
2014-06-17,-0.00791581772617267,0.0,0.0,-0.00791581772617267,149117.06593377556
2014-06-18,0.007710376135499741,0.0,0.0,0.007710376135499741,150266.81460034708
2014-06-19,-0.012811661387794326,0.0,0.0,-0.012811661387794326,148341.64705386496
2014-06-20,0.007570386955219499,0.0,0.0,0.007570386955219499,149464.6507236373
2014-06-23,-0.003130324656294703,0.0,0.0,-0.003130324656294703,148996.77784223264
2014-06-24,0.010138561135864643,0.0,0.0,0.010138561135864643,150507.39078343296
2014-06-25,0.002576301185648111,0.0,0.0,0.002576301185648111,150895.1431527571
2014-06-26,0.0047844979686366695,0.0,0.0,0.0047844979686366695,151617.10065864862
2014-06-27,-0.0014999989146172732,0.0,0.0,-0.0014999989146172732,151389.67517222324
2014-06-30,0.0024730023721464267,0.0,0.0,0.0024730023721464267,151764.0621980426
2014-07-01,-0.008371889182056558,0.0,0.0,-0.008371889182056558,150493.51028750185
2014-07-02,-0.010687924546027294,0.0,0.0,-0.010687924546027294,148885.04700488225
2014-07-03,-0.0036008738210178137,0.0,0.0,-0.0036008738210178137,148348.93073678136
2014-07-07,0.007317674989201217,0.0,0.0,0.007317674989201217,149434.49999690865
2014-07-08,0.01121239711587374,0.0,0.0,0.01121239711587374,151110.01895368603
2014-07-09,0.0007984920318886424,0.0,0.0,0.0007984920318886424,151230.6790997591
2014-07-10,0.00026598319111137414,0.0,0.0,0.00026598319111137414,151270.90391837998
2014-07-11,0.006379155792729518,0.0,0.0,0.006379155792729518,152235.88458138236
2014-07-14,-0.004313920378306024,0.0,0.0,-0.004313920378306024,151579.1510965773
2014-07-15,-0.002033572400737871,0.0,0.0,-0.002033572400737871,151270.90391838
2014-07-16,0.005315884329686771,0.0,0.0,0.005315884329686771,152075.0425460573
2014-07-17,0.012603620679223493,0.0,0.0,0.012603620679223493,153991.73869708457
2014-07-18,-0.0032207117253458817,0.0,0.0,-0.0032207117253458817,153495.77569865648
2014-07-21,0.004977892864178157,0.0,0.0,0.004977892864178157,154259.8612251883
2014-07-22,0.002085338778961887,0.0,0.0,0.002085338778961887,154581.54529583847
2014-07-23,-0.001301087349848462,0.0,0.0,-0.001301087349848462,154380.42120273403
2014-07-24,-0.0074665049134036154,0.0,0.0,-0.0074665049134036154,153227.7390292905
2014-07-25,0.01180913598712574,0.0,0.0,0.01180913598712574,155037.22623648721
2014-07-28,-0.0013837474468927358,0.0,0.0,-0.0013837474468927358,154822.69387050916
2014-07-29,0.003636815688180972,0.0,0.0,0.003636815688180972,155385.75547246388
2014-07-30,-0.01388812273436335,0.0,0.0,-0.01388812273436335,153227.73902929053
2014-07-31,-0.0029739735985482296,0.0,0.0,-0.0029739735985482296,152772.04377885218
2014-08-01,0.0077407835537690595,0.0,0.0,0.0077407835537690595,153954.6191028112
2014-08-04,-0.002618255081565657,0.0,0.0,-0.002618255081565657,153551.52663901477
2014-08-05,0.00323805279574918,0.0,0.0,0.00323805279574918,154048.73458913979
2014-08-06,0.0006105746173179494,0.0,0.0,0.0006105746173179494,154142.79283630988
2014-08-07,0.009329137950593758,0.0,0.0,0.009329137950593758,155580.8122147696
2014-08-08,-0.002160253722889638,0.0,0.0,-0.002160253722889638,155244.71818597245
2014-08-11,-8.664515224521274e-05,0.0,0.0,-8.664515224521274e-05,155231.26698372996
2014-08-12,-0.006492865397905834,0.0,0.0,-0.006492865397905834,154223.3712616582
2014-08-13,0.006535298209515261,0.0,0.0,0.006535298209515261,155231.26698372993
2014-08-14,0.008051691446101072,0.0,0.0,0.008051691446101072,156481.14124827026
2014-08-15,0.010906745533321605,0.0,0.0,0.010906745533321605,158187.8412366289
2014-08-18,-0.009939464575527857,0.0,0.0,-0.009939464575527857,156615.53879237818
2014-08-19,-0.0030891825343229984,0.0,0.0,-0.0030891825343229984,156131.7248053372
2014-08-20,-0.001634980573893885,0.0,0.0,-0.001634980573893885,155876.4524683119
2014-08-21,0.005603601727862895,0.0,0.0,0.005603601727862895,156749.9220266965
2014-08-22,0.005572924093534937,0.0,0.0,0.005572924093534937,157623.4774438188
2014-08-25,0.003751856545753718,0.0,0.0,0.003751856545753718,158214.85811943086
2014-08-26,-0.0032284448284148892,0.0,0.0,-0.0032284448284148892,157704.07017895678
2014-08-27,0.008521500244267344,0.0,0.0,0.008521500244267344,159047.9454515087
2014-08-28,0.005238233408684456,0.0,0.0,0.005238233408684456,159881.0757129554
2014-08-29,0.0006733288904188228,0.0,0.0,0.0006733288904188228,159988.7282602642
2014-09-02,-0.017250682871021494,0.0,0.0,-0.017250682871021494,157228.81344610834
2014-09-03,0.005567963594994341,0.0,0.0,0.005567963594994341,158104.25775546045
2014-09-04,-0.012182633976662194,0.0,0.0,-0.012182633976662194,156178.13145307382
2014-09-05,-0.0018974579249768642,0.0,0.0,-0.0018974579249768642,155881.79001984012
2014-09-08,0.0004321896067578379,0.0,0.0,0.0004321896067578379,155949.16050936948
2014-09-09,-0.0007773849968916169,0.0,0.0,-0.0007773849968916169,155827.92797171164
2014-09-10,-0.006309504579735337,0.0,0.0,-0.006309504579735337,154844.73094652346
2014-09-11,-0.0033055491250955082,0.0,0.0,-0.0033055491250955082,154332.88408161755
2014-09-12,-0.010473405688538051,0.0,0.0,-0.010473405688538051,152716.49317554865
2014-09-15,0.0014995077383050948,0.0,0.0,0.0014995077383050948,152945.4927388322
2014-09-16,-0.0040510201370261845,0.0,0.0,-0.0040510201370261845,152325.9074678798
2014-09-17,-0.0025644267841967716,0.0,0.0,-0.0025644267841967716,151935.2788308421
2014-09-18,0.0031916889504723933,0.0,0.0,0.0031916889504723933,152420.2089814734
2014-09-19,0.012724823554771447,0.0,0.0,0.012724823554771447,154359.72924694404
2014-09-22,0.0012221189909855656,0.0,0.0,0.0012221189909855656,154548.37520350012
2014-09-23,0.006188042149277928,0.0,0.0,0.006188042149277928,155504.72706336182
2014-09-24,-0.005543931697171378,0.0,0.0,-0.005543931697171378,154642.61947793525
2014-09-25,0.011845258865946118,0.0,0.0,0.011845258865946118,156474.4013373594
2014-09-26,-0.0014634039276509858,0.0,0.0,-0.0014634039276509858,156245.41608386545
2014-09-29,0.008017930211604352,0.0,0.0,0.008017930211604352,157498.18092590896
2014-09-30,-0.005643937067453253,0.0,0.0,-0.005643937067453253,156609.27110452479
2014-10-01,0.019390444532060513,0.0,0.0,0.019390444532060513,159645.9944890835
2014-10-02,-0.00871148786286069,0.0,0.0,-0.00871148786286069,158255.24034573752
2014-10-03,0.004265758490035854,0.0,0.0,0.004265758490035854,158930.31898083503
2014-10-06,0.0005950620385264394,0.0,0.0,0.0005950620385264394,159024.89238043144
2014-10-07,0.01350101781568891,0.0,0.0,0.01350101781568891,161171.89028559765
2014-10-08,0.0002511752810139267,0.0,0.0,0.0002511752810139267,161212.37268043167
2014-10-09,-0.004355984619044406,0.0,0.0,-0.004355984619044406,160510.13406463605
2014-10-10,0.009927068365094271,0.0,0.0,0.009927068365094271,162103.52913878614
2014-10-13,0.0060808661180160595,0.0,0.0,0.0060808661180160595,163089.25899673701
2014-10-14,0.006540996035725444,0.0,0.0,0.006540996035725444,164156.02519330406
2014-10-15,0.007896726425606682,0.0,0.0,0.007896726425606682,165452.32041537057
2014-10-16,-0.006365410251027992,0.0,0.0,-0.006365410251027992,164399.1485189422
2014-10-17,-0.005585895348763303,0.0,0.0,-0.005585895348763303,163480.8320798896
2014-10-20,0.003634149874763626,0.0,0.0,0.003634149874763626,164074.94592531899
2014-10-21,-0.007982436302772955,0.0,0.0,-0.007982436302772955,162765.2281205892
2014-10-22,0.001078298919934051,0.0,0.0,0.001078298919934051,162940.73769027446
2014-10-23,-0.008867128926809298,0.0,0.0,-0.008867128926809298,161495.92116174538
2014-10-24,0.0010033055119778034,0.0,0.0,0.0010033055119778034,161657.9509096089
2014-10-27,0.0018380071625980765,0.0,0.0,0.0018380071625980765,161955.07938127167
2014-10-28,-0.006253522112371512,0.0,0.0,-0.006253522112371512,160942.28971115002
2014-10-29,0.0022651361615704246,0.0,0.0,0.0022651361615704246,161306.84591150068
2014-10-30,0.0008372601526442924,0.0,0.0,0.0008372601526442924,161441.90170593112
2014-10-31,-0.002592909717494929,0.0,0.0,-0.002592909717494929,161023.29743018694
2014-11-03,1.7773564264800257e-07,0.0,0.0,1.7773564264800257e-07,161023.32604976618
2014-11-04,0.003110373192350968,0.0,0.0,0.003110373192350968,161524.1686864546
2014-11-05,-0.0014251835343506158,0.0,0.0,-0.0014251835343506158,161293.96710084297
2014-11-06,-0.006461382262046289,0.0,0.0,-0.006461382262046289,160251.78512284253
2014-11-07,0.011487797926054588,0.0,0.0,0.011487797926054588,162092.72524762325
2014-11-10,-0.009186131929115993,0.0,0.0,-0.009186131929115993,160603.72008874864
2014-11-11,0.0006743087132838887,0.0,0.0,0.0006743087132838887,160712.01657659028
2014-11-12,-0.000842495989195502,0.0,0.0,-0.000842495989195502,160576.617347209
2014-11-13,0.0023597659197758247,0.0,0.0,0.0023597659197758247,160955.5405763378
2014-11-14,0.004878496776118402,0.0,0.0,0.004878496776118402,161740.76166213787
2014-11-17,-0.0025110580957559137,0.0,0.0,-0.0025110580957559137,161334.62121315242
2014-11-18,0.002768833491523237,0.0,0.0,0.002768833491523237,161781.32991570962
2014-11-19,-0.006358861594743859,0.0,0.0,-0.006358861594743859,160752.58483016203
2014-11-20,0.005220786043911074,0.0,0.0,0.005220786043911074,161591.83968156597
2014-11-21,0.0060309599431405125,0.0,0.0,0.0060309599431405125,162566.3935938239
2014-11-24,0.0008325336327568156,0.0,0.0,0.0008325336327568156,162701.73558404672
2014-11-25,0.008319994089688976,0.0,0.0,0.008319994089688976,164055.41306248814
2014-11-26,0.002722128493745757,0.0,0.0,0.002722128493745757,164501.99297693878
2014-11-28,0.00789943010322225,0.0,0.0,0.00789943010322225,165801.46497230086
2014-12-01,-0.005833906410314782,0.0,0.0,-0.005833906410314782,164834.19474295937
2014-12-02,-0.009711883368850094,0.0,0.0,-0.009711883368850094,163233.34426841742
2014-12-03,0.0039062479453604304,0.0,0.0,0.0039062479453604304,163870.97418408023
2014-12-04,0.008361750588494976,0.0,0.0,0.008361750588494976,165241.2223989012
2014-12-05,-0.005829524764178973,0.0,0.0,-0.005829524764178973,164277.94460086362
2014-12-08,0.01222253203345014,0.0,0.0,0.01222253203345014,166285.83704113698
2014-12-09,0.005139829223113512,0.0,0.0,0.005139829223113512,167140.51784575093
2014-12-10,0.007305384381984137,0.0,0.0,0.007305384381984137,168361.54357441803
2014-12-11,0.004109564590649928,0.0,0.0,0.004109564590649928,169053.4362123186
2014-12-12,0.013562239039986324,0.0,0.0,0.013562239039986324,171346.17932476115
2014-12-15,-0.002058534399338341,0.0,0.0,-0.002058534399338341,170993.45732042592
2014-12-16,0.012376767912441577,0.0,0.0,0.012376767912441577,173109.8036562268
2014-12-17,-0.009012838320355598,0.0,0.0,-0.009012838320355598,171549.59298420473
2014-12-18,-0.017792728691083615,0.0,0.0,-0.017792728691083615,168497.25761917097
2014-12-19,0.013445476351350294,0.0,0.0,0.013445476351350294,170762.78351175692
2014-12-22,0.0013508435733198265,0.0,0.0,0.0013508435733198265,170993.45732042598
2014-12-23,-0.019834629409132054,0.0,0.0,-0.019834629409132054,167601.86546308908
2014-12-24,0.00544235541296767,0.0,0.0,0.00544235541296767,168514.0143828156
2014-12-26,0.003711149710834638,0.0,0.0,0.003711149710834638,169139.39511856396
2014-12-29,0.007475567770049096,0.0,0.0,0.007475567770049096,170403.8081293579
2014-12-30,0.0027126690369103645,0.0,0.0,0.0027126690369103645,170866.05726344205
2014-12-31,0.0019087138805984338,0.0,0.0,0.0019087138805984338,171192.19167866392
2015-01-02,0.011118427937728326,0.0,0.0,0.011118427937728326,173095.5797253449
2015-01-05,0.01570901196687724,0.0,0.0,0.01570901196687724,175814.7402586639
2015-01-06,0.018016940133283033,0.0,0.0,0.018016940133283033,178982.38390845296
2015-01-07,-0.0019745455754892616,0.0,0.0,-0.0019745455754892616,178628.975034216
2015-01-08,-0.013243460641764293,0.0,0.0,-0.013243460641764293,176263.30923387167
2015-01-09,0.010952880466951864,0.0,0.0,0.010952880466951864,178193.90019061964
2015-01-12,0.005721943560803799,0.0,0.0,0.005721943560803799,179213.51563038985
2015-01-13,0.0,0.0,0.0,0.0,179213.51563038985
2015-01-14,0.007586491044280441,0.0,0.0,0.007586491044280441,180573.11736173384
2015-01-15,0.015735583553876387,0.0,0.0,0.015735583553876387,183414.5407375633
2015-01-16,-0.01274960469804487,0.0,0.0,-0.01274960469804487,181076.07784728595
2015-01-20,0.013289315631420884,0.0,0.0,0.013289315631420884,183482.45499909826
2015-01-21,-0.011559126178633083,0.0,0.0,-0.011559126178633083,181361.5581501983
2015-01-22,-0.0035982467975652632,0.0,0.0,-0.0035982467975652632,180708.97450438293
2015-01-23,0.01391852899817625,0.0,0.0,0.01391852899817625,183224.17760625287
2015-01-26,-0.003042147234865178,0.0,0.0,-0.003042147234865178,182666.78268098758
2015-01-27,0.0015629257192346646,0.0,0.0,0.0015629257192346646,182952.27729368955
2015-01-28,0.01634917110235934,0.0,0.0,0.01634917110235934,185943.39537873038
2015-01-29,-0.006581043961435218,0.0,0.0,-0.006581043961435218,184719.69371940443
2015-01-30,0.017736979557232413,0.0,0.0,0.017736979557232413,187996.06315072373
2015-02-02,-0.003775047223294581,0.0,0.0,-0.003775047223294581,187286.36913453627
2015-02-03,-0.02116704101753142,0.0,0.0,-0.02116704101753142,183322.070877041
2015-02-04,0.001709474430282576,0.0,0.0,0.001709474430282576,183635.45526971173
2015-02-05,-0.010979474170011216,0.0,0.0,-0.010979474170011216,181619.2345318797
2015-02-06,-0.017701604252204794,0.0,0.0,-0.017701604252204794,178404.282717608
2015-02-09,-0.0016033156847491403,0.0,0.0,-0.0016033156847491403,178118.24433290045
2015-02-10,-0.0079544961557928,0.0,0.0,-0.0079544961557928,176701.40344307784
2015-02-11,0.0018502159975537502,0.0,0.0,0.0018502159975537502,177028.3392065184
2015-02-12,-0.0033082655714291587,0.0,0.0,-0.0033082655714291587,176442.68244675422
2015-02-13,-0.010269169830711689,0.0,0.0,-0.010269169830711689,174630.76257532215
2015-02-17,-0.01505598313020573,0.0,0.0,-0.01505598313020573,172001.52475997314
2015-02-18,0.00594058994080604,0.0,0.0,0.00594058994080604,173023.31528776552
2015-02-19,-0.006614119047195666,0.0,0.0,-0.006614119047195666,171878.91848251177
2015-02-20,0.0029324929678613554,0.0,0.0,0.0029324929678613554,172382.95220228538
2015-02-23,0.011458759200282831,0.0,0.0,0.011458759200282831,174358.2469418052
2015-02-24,0.013126220655136356,0.0,0.0,0.013126220655136356,176646.9117642061
2015-02-25,0.004318934454914158,0.0,0.0,0.004318934454914158,177409.8381977787
2015-02-26,-0.01366807565377548,0.0,0.0,-0.01366807565377548,174984.9871075674
2015-02-27,0.00840784534876815,0.0,0.0,0.00840784534876815,176456.23381752401
2015-03-02,-0.01862639793271592,0.0,0.0,-0.01862639793271592,173169.48978873045
2015-03-03,-0.0036258404970633817,0.0,0.0,-0.0036258404970633817,172541.60483979867
2015-03-04,0.00031672990759656905,0.0,0.0,0.00031672990759656905,172596.25392635615
2015-03-05,-0.0012661039409070929,0.0,0.0,-0.0012661039409070929,172377.7291290742
2015-03-06,-0.02209164097378913,0.0,0.0,-0.02209164097378913,168569.6222252776
2015-03-09,0.00923122293245493,0.0,0.0,0.00923122293245493,170125.72598767886
2015-03-10,0.013157884776088924,0.0,0.0,0.013157884776088924,172364.2206876732
2015-03-11,0.007285062028048461,0.0,0.0,0.007285062028048461,173619.90472679914
2015-03-12,-0.0007078247937474247,0.0,0.0,-0.0007078247937474247,173497.01225354543
2015-03-13,-0.003068203693754601,0.0,0.0,-0.003068203693754601,172964.6880796937
2015-03-16,0.009627738795174423,0.0,0.0,0.009627738795174423,174629.94691731385
2015-03-17,0.008285143724807265,0.0,0.0,0.008285143724807265,176076.78112617924
2015-03-18,0.019302640191446674,0.0,0.0,0.019302640191446674,179475.527878326
2015-03-19,-0.005095218921795874,0.0,0.0,-0.005095218921795874,178561.06077268103
2015-03-20,0.005273497995912146,0.0,0.0,0.005273497995912146,179502.70216881373
2015-03-23,-0.0012163536669860253,0.0,0.0,-0.0012163536669860253,179284.3633987968
2015-03-24,0.009668610482847173,0.0,0.0,0.009668610482847173,181017.794074165
2015-03-25,-0.008444554660275938,0.0,0.0,-0.008444554660275938,179489.17941762312
2015-03-26,-0.015589761513577605,0.0,0.0,-0.015589761513577605,176690.98591623464
2015-03-27,0.012437599007415479,0.0,0.0,0.012437599007415479,178888.59754728567
2015-03-30,-0.004959470076874473,0.0,0.0,-0.004959470076874473,178001.40490065588
2015-03-31,0.0021466122845357205,0.0,0.0,0.0021466122845357205,178383.50490308023
2015-04-01,0.01313485809256143,0.0,0.0,0.01313485809256143,180726.54692603592
2015-04-02,-0.010596002683859518,0.0,0.0,-0.010596002683859518,178811.567949763
2015-04-06,-0.005583417915417832,0.0,0.0,-0.005583417915417832,177813.18823778836
2015-04-07,0.008384769911947476,0.0,0.0,0.008384769911947476,179304.11090847204
2015-04-08,0.0003045449260030697,0.0,0.0,0.0003045449260030697,179358.7170656607
2015-04-09,-0.012964430232774271,0.0,0.0,-0.012964430232774271,177033.43349162303
2015-04-10,0.0014686184551240267,0.0,0.0,0.0014686184551240267,177293.42805922282
2015-04-13,0.0013881736867678018,0.0,0.0,0.0013881736867678018,177539.5421308915
2015-04-14,0.007087853581635661,0.0,0.0,0.007087853581635661,178797.9164104659
2015-04-15,-0.0008417103535174331,0.0,0.0,-0.0008417103535174331,178647.42035303588
2015-04-16,-0.004976178041505186,0.0,0.0,-0.004976178041505186,177758.43898270355
2015-04-17,0.011465240011476308,0.0,0.0,0.011465240011476308,179796.4821497056
2015-04-20,-0.008825126572087894,0.0,0.0,-0.008825126572087894,178209.75543751832
2015-04-21,-0.004528214317116586,0.0,0.0,-0.004528214317116586,177402.78347149628
2015-04-22,-0.01526541823374139,0.0,0.0,-0.01526541823374139,174694.65578597403
2015-04-23,0.004305764752640329,0.0,0.0,0.004305764752640329,175446.8498773319
2015-04-24,0.00623720649621462,0.0,0.0,0.00623720649621462,176541.14810912719
2015-04-27,0.0,0.0,0.0,0.0,176541.14810912719
2015-04-28,-0.013790773496081488,0.0,0.0,-0.013790773496081488,174106.50912281603
2015-04-29,-0.012256398501152788,0.0,0.0,-0.012256398501152788,171972.59036536218
2015-04-30,0.00175014986069022,0.0,0.0,0.00175014986069022,172273.56817043267
2015-05-01,-0.01346115716428653,0.0,0.0,-0.01346115716428653,169954.56659403804
2015-05-04,-0.009435703409772511,0.0,0.0,-0.009435703409772511,168350.92571052027
2015-05-05,-0.001384306220844067,0.0,0.0,-0.001384306220844067,168117.87647677434
2015-05-06,-0.01712038317899245,0.0,0.0,-0.01712038317899245,165239.63401225343
2015-05-07,0.013437757040295262,0.0,0.0,0.013437757040295262,167460.08406753742
2015-05-08,0.0027004523142266645,0.0,0.0,0.0027004523142266645,167912.30203909817
2015-05-11,-0.024324263517414124,0.0,0.0,-0.024324263517414124,163827.95895648352
2015-05-12,0.002593315918199446,0.0,0.0,0.002593315918199446,164252.81661029148
2015-05-13,-0.008010382674239036,0.0,0.0,-0.008010382674239036,162937.08869392145
2015-05-14,0.0026913669957520092,0.0,0.0,0.0026913669957520092,163375.6121968162
2015-05-15,0.020050359760120262,0.0,0.0,0.020050359760120262,166651.35199739222
2015-05-18,-0.016777995611871876,0.0,0.0,-0.016777995611871876,163855.27634486748
2015-05-19,-0.008866107300141812,0.0,0.0,-0.008866107300141812,162402.5178830995
2015-05-20,0.0016878945814848834,0.0,0.0,0.0016878945814848834,162676.6362130539
2015-05-21,0.013986287722090873,0.0,0.0,0.013986287722090873,164951.87845279157
2015-05-22,0.000415018211266327,0.0,0.0,0.000415018211266327,165020.33648633206
2015-05-26,0.017109450936867887,0.0,0.0,0.017109450936867887,167843.74383703037
2015-05-27,0.0022866676982717937,0.0,0.0,0.0022866676982717937,168227.54670441954
2015-05-28,-0.0024440895275276153,0.0,0.0,-0.0024440895275276153,167816.3835192776
2015-05-29,0.0022054366263981606,0.0,0.0,0.0022054366263981606,168186.49191800068
2015-06-01,-0.01074775336551681,0.0,0.0,-0.01074775336551681,166378.86498345452
2015-06-02,-0.013952441083739608,0.0,0.0,-0.013952441083739608,164057.47367219342
2015-06-03,-0.01607455649523204,0.0,0.0,-0.01607455649523204,161420.3225431847
2015-06-04,0.013019471274630767,0.0,0.0,0.013019471274630767,163521.92979567734
2015-06-05,-0.012179804515108916,0.0,0.0,-0.012179804515108916,161530.2646568326
2015-06-08,-0.0011058553281133587,0.0,0.0,-0.0011058553281133587,161351.63555301027
2015-06-09,-0.007917175582132452,0.0,0.0,-0.007917175582132452,160074.18632387285
2015-06-10,-0.008751744650015603,0.0,0.0,-0.008751744650015603,158673.2579201073
2015-06-11,0.021035328591278102,0.0,0.0,0.021035328591278102,162011.0020391054
2015-06-12,0.0,0.0,0.0,0.0,162011.0020391054
2015-06-15,0.0016106252688423695,0.0,0.0,0.0016106252688423695,162271.94105282004
2015-06-16,0.007872009735514052,0.0,0.0,0.007872009735514052,163549.34735258858
2015-06-17,-0.007726267287637922,0.0,0.0,-0.007726267287637922,162285.72138022375
2015-06-18,-0.004909580272726477,0.0,0.0,-0.004909580272726477,161488.9666039902
2015-06-19,0.01284353705810859,0.0,0.0,0.01284353705810859,163563.05613104423
2015-06-22,-0.020406554559078027,0.0,0.0,-0.020406554559078027,160225.29770225653
2015-06-23,-0.0060001423608192495,0.0,0.0,-0.0060001423608192495,159263.92310623833
2015-06-24,0.008624028030180142,0.0,0.0,0.008624028030180142,160637.41964330297
2015-06-25,-0.0035062398330403255,0.0,0.0,-0.0035062398330403255,160074.18632387283
2015-06-26,-0.011239868335857106,0.0,0.0,-0.011239868335857106,158274.97354562304
2015-06-29,0.02646807481107727,0.0,0.0,0.02646807481107727,162464.20738614985
2015-06-30,-0.006932220335458372,0.0,0.0,-0.006932220335458372,161337.96970392347
