date,gross_return,turnover,transaction_cost,net_return,equity_curve
2008-07-01,0.0,0.0,0.0,0.0,100000.0
2008-07-02,-0.01233534623923871,1.0,0.0005,-0.01283534623923871,98716.46537607613
2008-07-03,-0.01023415784350834,0.0,0.0,-0.01023415784350834,97706.18548766413
2008-07-07,-0.02243283278431074,0.0,0.0,-0.02243283278431074,95514.35896662652
2008-07-08,0.07457927348949123,0.0,0.0,0.07457927348949123,102637.75046617199
2008-07-09,-0.06823534834227396,0.0,0.0,-0.06823534834227396,95634.22781004534
2008-07-10,0.019337793159618588,0.0,0.0,0.019337793159618588,97483.58272641586
2008-07-11,-0.004918312728624974,0.0,0.0,-0.004918312728624974,97004.12798066056
2008-07-14,-0.03477478317859739,0.0,0.0,-0.03477478317859739,93630.83046270418
2008-07-15,-0.00969288472686769,0.0,0.0,-0.00969288472686769,92723.27761614829
2008-07-16,0.07294584776560642,0.0,0.0,0.07294584776560642,99487.05570946391
2008-07-17,0.01204785802495234,0.0,0.0,0.01204785802495234,100685.66163197206
2008-07-18,0.0017010725997217424,0.0,0.0,0.0017010725997217424,100856.93525215906
2008-07-21,0.0074704000668666115,0.0,0.0,0.0074704000668666115,101610.37690801076
2008-07-22,0.02679433918865981,0.0,0.0,0.02679433918865981,104332.95981197157
2008-07-23,0.028229113085232793,0.0,0.0,0.028229113085232793,107278.18673302076
2008-07-24,-0.06624088067273382,0.0,0.0,-0.06624088067273382,100171.98516685149
2008-07-25,0.016409891870134308,0.0,0.0,0.016409891870134308,101815.79661185622
2008-07-28,-0.016313450896486503,0.0,0.0,-0.016313450896486503,100154.82961334205
2008-07-29,0.04650439694374109,0.0,0.0,0.04650439694374109,104812.46956551366
2008-07-30,-0.003431279804913423,0.0,0.0,-0.003431279804913423,104452.8286553904
2008-07-31,-0.01245936077363774,0.0,0.0,-0.01245936077363774,103151.41317934592
2008-08-01,0.0008301715843479496,0.0,0.0,0.0008301715843479496,103237.04655145276
2008-08-04,-0.014596142897523756,0.0,0.0,-0.014596142897523756,101730.18386766943
2008-08-05,0.04494200515943758,0.0,0.0,0.04494200515943758,106302.14231592076
2008-08-06,-0.0048325540181555215,0.0,0.0,-0.0048325540181555215,105788.43147093341
2008-08-07,-0.02638374596934856,0.0,0.0,-0.02638374596934856,102997.33636850848
2008-08-08,0.029093729951513048,0.0,0.0,0.029093729951513048,105993.91305853902
2008-08-11,0.03231030273275959,0.0,0.0,0.03231030273275959,109418.60847729021
2008-08-12,-0.02237849239570633,0.0,0.0,-0.02237849239570633,106969.98497953241
2008-08-13,-0.014567140800567424,0.0,0.0,-0.014567140800567424,105411.73814690097
2008-08-14,0.01608205005907859,0.0,0.0,0.01608205005907859,107106.97499659391
2008-08-15,-0.0014387245906478663,0.0,0.0,-0.0014387245906478663,106952.8775578364
2008-08-18,-0.01376906351698337,0.0,0.0,-0.01376906351698337,105480.2365934184
2008-08-19,-0.02467548451123336,0.0,0.0,-0.02467548451123336,102877.4606491163
2008-08-20,0.0014980741719821111,0.0,0.0,0.0014980741719821111,103031.57871579385
2008-08-21,-0.01778309149115509,0.0,0.0,-0.01778309149115509,101199.35872501273
2008-08-22,0.03401005705803084,0.0,0.0,0.03401005705803084,104641.15468948653
2008-08-25,-0.030273070512052636,0.0,0.0,-0.030273070512052636,101473.3456351091
2008-08-26,0.011812569328355949,0.0,0.0,0.011812569328355949,102672.00656540405
2008-08-27,0.010006096974577217,0.0,0.0,0.010006096974577217,103699.35261967192
2008-08-28,0.02542978914367877,0.0,0.0,0.02542978914367877,106336.40529112615
2008-08-29,-0.0069246379742958775,0.0,0.0,-0.0069246379742958775,105600.0641809971
2008-09-02,0.006486265805043301,0.0,0.0,0.006486265805043301,106285.01426630467
2008-09-03,0.015788762053249528,0.0,0.0,0.015788762053249528,107963.12306638158
2008-09-04,-0.028073106881990495,0.0,0.0,-0.028073106881990495,104932.26277322556
2008-09-05,0.0001634261673471027,0.0,0.0,0.0001634261673471027,104949.41145076165
2008-09-08,0.04323684771903791,0.0,0.0,0.04323684771903791,109487.09317186088
2008-09-09,-0.0373788689053246,0.0,0.0,-0.0373788689053246,105394.58946936482
2008-09-10,0.001787453405386552,0.0,0.0,0.001787453405386552,105582.97738722115
2008-09-11,0.01524497976275363,0.0,0.0,0.01524497976275363,107192.58774078063
2008-09-12,-0.003194982860836304,0.0,0.0,-0.003194982860836304,106850.10926014013
2008-09-15,-0.05769247847150083,0.0,0.0,-0.05769247847150083,100685.66163197199
2008-09-16,0.04932004217135799,0.0,0.0,0.04932004217135799,105651.48270971191
2008-09-17,-0.05753621810372489,0.0,0.0,-0.05753621810372489,99572.69595754401
2008-09-18,0.08495184566581981,0.0,0.0,0.08495184566581981,108031.58025705889
2008-09-19,0.029799012949782933,0.0,0.0,0.029799012949782933,111250.81471612449
2008-09-22,-0.08403867427012912,0.0,0.0,-0.08403867427012912,101901.44373590962
2008-09-23,0.006721151854293561,0.0,0.0,0.006721151854293561,102586.33881343043
2008-09-24,-0.006899007656873013,0.0,0.0,-0.006899007656873013,101878.594876466
2008-09-25,0.012429836331624422,0.0,0.0,0.012429836331624422,103144.92913647635
2008-09-26,0.0309454011542738,0.0,0.0,0.0309454011542738,106336.79034563375
2008-09-29,-0.07471448395018943,0.0,0.0,-0.07471448395018943,98391.89193004023
2008-09-30,0.07193210227427582,0.0,0.0,0.07193210227427582,105469.42756331137
2008-10-01,-0.02417732349442947,0.0,0.0,-0.02417732349442947,102919.4590943409
2008-10-02,-0.0645543180698217,0.0,0.0,-0.0645543180698217,96275.56359639081
2008-10-03,-0.04324356636919857,0.0,0.0,-0.04324356636919857,92112.26487227829
2008-10-06,-0.029943302794192328,0.0,0.0,-0.029943302794192328,89354.11943414882
2008-10-07,-0.08580872993660771,0.0,0.0,-0.08580872993660771,81686.75593090054
2008-10-08,-0.013802997770712366,0.0,0.0,-0.013802997770712366,80559.2338208896
2008-10-09,-0.07924199354594652,0.0,0.0,-0.07924199354594652,74175.55953438827
2008-10-10,0.09564979196108148,0.0,0.0,0.09564979196108148,81270.43637244932
2008-10-13,0.0636071922278143,0.0,0.0,0.0636071922278143,86439.82064123005
2008-10-14,-0.06803099285395253,0.0,0.0,-0.06803099285395253,80559.23382088958
2008-10-15,-0.12833772958253498,0.0,0.0,-0.12833772958253498,70220.44465540805
2008-10-16,0.05805343034184718,0.0,0.0,0.05805343034184718,74296.98234778433
2008-10-17,-0.010740188337135526,0.0,0.0,-0.010740188337135526,73499.01876448828
2008-10-20,0.00731622686823874,0.0,0.0,0.00731622686823874,74036.75426036223
2008-10-21,-0.03420798112237822,0.0,0.0,-0.03420798112237822,71504.1063682616
2008-10-22,-0.07059661269577955,0.0,0.0,-0.07059661269577955,66456.15866482361
2008-10-23,-0.026102893931928883,0.0,0.0,-0.026102893931928883,64721.46060407229
2008-10-24,-0.05682143419453167,0.0,0.0,-0.05682143419453167,61043.894389384026
2008-10-27,-0.05683422403271976,0.0,0.0,-0.05683422403271976,57574.512019828086
2008-10-28,0.15637236455113412,0.0,0.0,0.15637236455113412,66577.5746022463
2008-10-29,-0.035434860740459206,0.0,0.0,-0.035434860740459206,64218.40751777816
2008-10-30,0.053484771247225726,0.0,0.0,0.053484771247225726,67653.11435372765
2008-10-31,0.06435848546507494,0.0,0.0,0.06435848546507494,72007.16633052909
2008-11-03,-0.03276313951288767,0.0,0.0,-0.03276313951288767,69647.98549411425
2008-11-04,0.05603986580555076,0.0,0.0,0.05603986580555076,73551.04925483136
2008-11-05,-0.09834941599466007,0.0,0.0,-0.09834941599466007,66317.34651482421
2008-11-06,-0.046821736161498095,0.0,0.0,-0.046821736161498095,63212.25321337647
2008-11-07,0.06339179968515896,0.0,0.0,0.06339179968515896,67219.39170672637
2008-11-10,-0.08954865096928366,0.0,0.0,-0.08954865096928366,61199.98586041317
2008-11-11,-0.013888121146588994,0.0,0.0,-0.013888121146588994,60350.033042614225
2008-11-12,-0.07157217819778716,0.0,0.0,-0.07157217819778716,56030.6497234459
2008-11-13,0.10990679685090687,0.0,0.0,0.10990679685090687,62188.79896002499
2008-11-14,-0.11269179487820202,0.0,0.0,-0.11269179487820202,55180.63158390011
2008-11-17,-0.03615215315625431,0.0,0.0,-0.03615215315625431,53185.73293962011
2008-11-18,-0.009458550901960572,0.0,0.0,-0.009458550901960572,52682.67297735263
2008-11-19,-0.13434301991966835,0.0,0.0,-0.13434301991966835,45605.12359213477
2008-11-20,-0.07911788157572053,0.0,0.0,-0.07911788157572053,41996.94282452616
2008-11-21,0.0735238318528586,0.0,0.0,0.0735238318528586,45084.71898709073
2008-11-24,0.17006507241511892,0.0,0.0,0.17006507241511892,52752.054986445604
2008-11-25,0.01578427359963719,0.0,0.0,0.01578427359963719,53584.707855294764
2008-11-26,0.05406256303704993,0.0,0.0,0.05406256303704993,56481.63450154354
2008-11-28,-0.01474140216249653,0.0,0.0,-0.01474140216249653,55649.01601256115
2008-12-01,-0.19513776685565332,0.0,0.0,-0.19513776685565332,44789.79130015548
2008-12-02,0.13284307317680133,0.0,0.0,0.13284307317680133,50739.80482341569
2008-12-03,0.05606846620281458,0.0,0.0,0.05606846620281458,53584.70785529478
2008-12-04,-0.027516618683655403,0.0,0.0,-0.027516618683655403,52110.23788196556
2008-12-05,0.10585836588772746,0.0,0.0,0.10585836588772746,57626.54251017119
2008-12-08,0.09331779474554858,0.0,0.0,0.09331779474554858,63004.124376030966
2008-12-09,-0.08672915971611284,0.0,0.0,-0.08672915971611284,57539.82961024834
2008-12-10,0.08592064405380095,0.0,0.0,0.08592064405380095,62483.688829106846
2008-12-11,-0.14269839610443202,0.0,0.0,-0.14269839610443202,53567.366650504875
2008-12-12,0.10459848990708442,0.0,0.0,0.10459848990708442,59170.432310446806
2008-12-15,-0.034887320621145634,0.0,0.0,-0.034887320621145634,57106.13446714046
2008-12-16,0.12241770819649589,0.0,0.0,0.12241770819649589,64096.93657256872
2008-12-17,0.018403816143776286,0.0,0.0,0.018403816143776286,65276.56480862957
2008-12-18,-0.08317858594613181,0.0,0.0,-0.08317858594613181,59846.952452426725
2008-12-19,0.07014504848985714,0.0,0.0,0.07014504848985714,64044.919834172375
2008-12-22,-0.03764928916872601,0.0,0.0,-0.03764928916872601,61633.67412754775
2008-12-23,-0.005628747017530467,0.0,0.0,-0.005628747017530467,61286.75376812287
2008-12-24,0.011775153073960709,0.0,0.0,0.011775153073960709,62008.41467514866
2008-12-26,0.01436772527871355,0.0,0.0,0.01436772527871355,62899.33454216975
2008-12-29,-0.05750681127570989,0.0,0.0,-0.05750681127570989,59282.19438128546
2008-12-30,0.03997567053336937,0.0,0.0,0.03997567053336937,61652.03985236689
2008-12-31,0.05346854332333284,0.0,0.0,0.05346854332333284,64948.48461618501
2009-01-02,-0.03182458924496456,0.0,0.0,-0.03182458924496456,62881.52577119203
2009-01-05,-0.018418697907263915,0.0,0.0,-0.018418697907263915,61723.32994406461
2009-01-06,0.04994169328753162,0.0,0.0,0.04994169328753162,64805.89755681619
2009-01-07,-0.03354352657374904,0.0,0.0,-0.03354352657374904,62632.07920998347
2009-01-08,-0.007397217052330873,0.0,0.0,-0.007397217052330873,62168.77612562844
2009-01-09,-0.051304375813129965,0.0,0.0,-0.051304375813129965,58979.245871436855
2009-01-12,-0.05860973688981219,0.0,0.0,-0.05860973688981219,55522.4877889524
2009-01-13,0.03016648596166749,0.0,0.0,0.03016648596166749,57197.40613739469
2009-01-14,-0.05233598346806401,0.0,0.0,-0.05233598346806401,54203.923635371866
2009-01-15,0.032872448129800835,0.0,0.0,0.032872448129800835,55985.73930350731
2009-01-16,0.037874463714014484,0.0,0.0,0.037874463714014484,58106.169155260264
2009-01-20,-0.11192907967590504,0.0,0.0,-0.11192907967590504,51602.399118219524
2009-01-21,0.10462712837125232,0.0,0.0,0.10462712837125232,57001.40995502607
2009-01-22,-0.054704373330544454,0.0,0.0,-0.054704373330544454,53883.18354447891
2009-01-23,0.030423299750288457,0.0,0.0,0.030423299750288457,55522.4877889524
2009-01-26,-0.0057769458398942986,0.0,0.0,-0.0057769458398942986,55201.73738409943
2009-01-27,0.014202486308586781,0.0,0.0,0.014202486308586781,55985.73930350731
2009-01-28,0.08656973782665744,0.0,0.0,0.08656973782665744,60832.41007704353
2009-01-29,-0.08172267335571493,0.0,0.0,-0.08172267335571493,55861.0228988764
2009-01-30,-0.041148549631315756,0.0,0.0,-0.041148549631315756,53562.422825665926
2009-02-02,0.02428549146672032,0.0,0.0,0.02428549146672032,54863.2125881355
2009-02-03,-0.01006896375398636,0.0,0.0,-0.01006896375398636,54310.79688915832
2009-02-04,-0.02427774220200607,0.0,0.0,-0.02427774220200607,52992.253363497824
2009-02-05,-0.021183559142599062,0.0,0.0,-0.021183559142599062,51869.68883027258
2009-02-06,0.06939167354002995,0.0,0.0,0.06939167354002995,55469.013344205785
2009-02-09,0.014776787828256976,0.0,0.0,0.014776787828256976,56288.66718543587
2009-02-10,-0.08895220889919087,0.0,0.0,-0.08895220889919087,51281.665903299945
2009-02-11,0.01911077700734709,0.0,0.0,0.01911077700734709,52261.69838494319
2009-02-12,-0.01704747852660282,0.0,0.0,-0.01704747852660282,51370.76820396208
2009-02-13,-0.06139434944520561,0.0,0.0,-0.06139434944520561,48216.89330957938
2009-02-17,-0.07095322289949313,0.0,0.0,-0.07095322289949313,44795.749331063715
2009-02-18,0.014319422031880302,0.0,0.0,0.014319422031880302,45437.19857096954
2009-02-19,-0.043137362315996186,0.0,0.0,-0.043137362315996186,43477.157673589754
2009-02-20,0.06311474437593834,0.0,0.0,0.06311474437593834,46221.20736635074
2009-02-23,-0.07517338618560498,0.0,0.0,-0.07517338618560498,42746.60269503513
2009-02-24,0.08461875327489232,0.0,0.0,0.08461875327489232,46363.76692182616
2009-02-25,-0.019216309504000217,0.0,0.0,-0.019216309504000217,45472.82642688502
2009-02-26,-0.05133221830637191,0.0,0.0,-0.05133221830637191,43138.6053737324
2009-02-27,-0.013217788593803514,0.0,0.0,-0.013217788593803514,42568.40840767089
2009-03-02,-0.062369122252496134,0.0,0.0,-0.062369122252496134,39913.45413959868
2009-03-03,0.004018073751912432,0.0,0.0,0.004018073751912432,40073.829342025165
2009-03-04,0.016006858501203203,0.0,0.0,0.016006858501203203,40715.28545790433
2009-03-05,-0.06170659398096878,0.0,0.0,-0.06170659398096878,38202.88386933418
2009-03-06,-0.013526106432932283,0.0,0.0,-0.013526106432932283,37686.14759607262
2009-03-09,0.02222193637824632,0.0,0.0,0.02222193637824632,38523.60677029374
2009-03-10,0.1392231038204219,0.0,0.0,0.1392231038204219,43886.98287521146
2009-03-11,-0.016240413965499467,0.0,0.0,-0.016240413965499467,43174.24010562124
2009-03-12,0.08171706627511832,0.0,0.0,0.08171706627511832,46702.31234571016
2009-03-13,-0.021366360516965166,0.0,0.0,-0.021366360516965166,45704.45390315581
2009-03-16,-0.07875208581582072,0.0,0.0,-0.07875208581582072,42105.13282720926
2009-03-17,0.07575141471011104,0.0,0.0,0.07575141471011104,45294.6562054275
2009-03-18,0.05468106368828507,0.0,0.0,0.05468106368828507,47771.41618613546
2009-03-19,-0.06117146300887821,0.0,0.0,-0.06117146300887821,44849.16876802355
2009-03-20,-0.08621350223960045,0.0,0.0,-0.08621350223960045,40982.56485599733
2009-03-23,0.16173901240659694,0.0,0.0,0.16173901240659694,47611.04442169564
2009-03-24,-0.07709543074081893,0.0,0.0,-0.07709543074081893,43940.45044398475
2009-03-25,0.016458038410070097,0.0,0.0,0.016458038410070097,44663.62406514763
2009-03-26,0.022376198069233855,0.0,0.0,0.022376198069233855,45663.02616371918
2009-03-27,-0.044568141522427274,0.0,0.0,-0.044568141522427274,43627.90995131224
2009-03-30,-0.05456053876927425,0.0,0.0,-0.05456053876927425,41247.547678991265
2009-03-31,0.0696037403518106,0.0,0.0,0.0696037403518106,44118.5312777887
2009-04-01,-0.005354304815094912,0.0,0.0,-0.005354304815094912,43882.30721333312
2009-04-02,0.07246374654250998,0.0,0.0,0.07246374654250998,47062.18360094065
2009-04-03,0.0861000378482415,0.0,0.0,0.0861000378482415,51114.23939020253
2009-04-06,-0.011375624079703606,0.0,0.0,-0.011375624079703606,50532.78301777961
2009-04-07,-0.07479301269222804,0.0,0.0,-0.07479301269222804,46753.28393615722
2009-04-08,0.014767817998783794,0.0,0.0,0.014767817998783794,47443.72792417185
2009-04-09,0.13404927789836685,0.0,0.0,0.13404927789836685,53803.52539321367
2009-04-13,0.0030394155958965996,0.0,0.0,0.0030394155958965996,53967.05666740802
2009-04-14,-0.08484855820608483,0.0,0.0,-0.08484855820608483,49388.029718552374
2009-04-15,0.08682853298896887,0.0,0.0,0.08682853298896887,53676.319886229874
2009-04-16,0.03351357313226466,0.0,0.0,0.03351357313226466,55475.20515820787
2009-04-17,0.018015541315584915,0.0,0.0,0.018015541315584915,56474.62100872612
2009-04-20,-0.10296064536571814,0.0,0.0,-0.10296064536571814,50659.95758288334
2009-04-21,0.08859405907804341,0.0,0.0,0.08859405907804341,55148.12885787248
2009-04-22,-0.03492564376848295,0.0,0.0,-0.03492564376848295,53222.044954884026
2009-04-23,0.04506703073559559,0.0,0.0,0.04506703073559559,55620.60449067704
2009-04-24,0.04736983588273369,0.0,0.0,0.04736983588273369,58255.34339709885
2009-04-27,-0.05988783453853452,0.0,0.0,-0.05988783453853452,54766.557030747885
2009-04-28,0.013271826938058284,0.0,0.0,0.013271826938058284,55493.40929765327
2009-04-29,0.04354940992185741,0.0,0.0,0.04354940992185741,57910.11452711818
2009-04-30,-0.004392967689638483,0.0,0.0,-0.004392967689638483,57655.71726509729
2009-05-01,-0.03277683423892774,0.0,0.0,-0.03277683423892774,55765.945377372715
2009-05-04,0.08243716417546065,0.0,0.0,0.08243716417546065,60363.131771846965
2009-05-05,-0.03732664726321189,0.0,0.0,-0.03732664726321189,58109.97844449646
2009-05-06,0.03814894610967201,0.0,0.0,0.03814894610967201,60326.81288060976
2009-05-07,-0.05722917486126222,0.0,0.0,-0.05722917486126222,56874.3591574427
2009-05-08,0.06677270997887552,0.0,0.0,0.06677270997887552,60672.01424669703
2009-05-11,-0.038034758608309294,0.0,0.0,-0.038034758608309294,58364.368830544
2009-05-12,-0.0028020203669557597,0.0,0.0,-0.0028020203669557597,58200.830680376304
2009-05-13,-0.06556353763543377,0.0,0.0,-0.06556353763543377,54384.978327649944
2009-05-14,0.023721896257280495,0.0,0.0,0.023721896257280495,55675.09314149291
2009-05-15,-0.033615888949171446,0.0,0.0,-0.033615888949171446,53803.525393213706
2009-05-18,0.08037786493163224,0.0,0.0,0.08037786493163224,58128.13789011508
2009-05-19,-0.01906839582886055,0.0,0.0,-0.01906839582886055,57019.727548031784
2009-05-20,-0.007967098877077805,0.0,0.0,-0.007967098877077805,56565.44574071258
2009-05-21,0.002891070865606693,0.0,0.0,0.002891070865606693,56728.980452893615
2009-05-22,-0.0246635888062523,0.0,0.0,-0.0246635888062523,55329.84020560553
2009-05-26,0.05944179934042415,0.0,0.0,0.05944179934042415,58618.74546464486
2009-05-27,-0.03626772342934248,0.0,0.0,-0.03626772342934248,56492.7770163581
2009-05-28,0.013831176070792983,0.0,0.0,0.013831176070792983,57274.138561999396
2009-05-29,0.03299442368482208,0.0,0.0,0.03299442368482208,59163.86575589722
2009-06-01,0.05128971280508243,0.0,0.0,0.05128971280508243,62198.36343895564
2009-06-02,-0.02074166509502695,0.0,0.0,-0.02074166509502695,60908.26581504605
2009-06-03,-0.0017897682693751582,0.0,0.0,-0.0017897682693751582,60799.254133547605
2009-06-04,0.0319780789470947,0.0,0.0,0.0319780789470947,62743.497482154664
2009-06-05,-0.0026062365788186437,0.0,0.0,-0.0026062365788186437,62579.97308393366
2009-06-08,-0.018292646078512442,0.0,0.0,-0.018292646078512442,61435.21978470643
2009-06-09,0.0,0.0,0.0,0.0,61435.21978470643
2009-06-10,-0.01745070688468986,0.0,0.0,-0.01745070688468986,60363.13177184702
2009-06-11,-0.020469881643937593,0.0,0.0,-0.020469881643937593,59127.505608819905
2009-06-12,0.03626336426159482,0.0,0.0,0.03626336426159482,61271.66788259204
2009-06-15,-0.04744932123634871,0.0,0.0,-0.04744932123634871,58364.36883054406
2009-06-16,-0.01836864310184516,0.0,0.0,-0.01836864310184516,57292.29456963134
2009-06-17,-0.019029985316082243,0.0,0.0,-0.019029985316082243,56202.0230452466
2009-06-18,0.006789779270237162,0.0,0.0,0.006789779270237162,56583.62237626461
2009-06-19,0.009954880073105521,0.0,0.0,0.009954880073105521,57146.90555112222
2009-06-22,-0.052145741710138194,0.0,0.0,-0.052145741710138194,54166.937774719736
2009-06-23,0.0073801885623645536,0.0,0.0,0.0073801885623645536,54566.69998934304
2009-06-24,0.02183048799681342,0.0,0.0,0.02183048799681342,55757.91767848611
2009-06-25,0.013249814760452061,0.0,0.0,0.013249814760452061,56496.69975915459
2009-06-26,0.008499625480973494,0.0,0.0,0.008499625480973494,56976.900548018406
2009-06-29,-0.0006484740735877015,0.0,0.0,-0.0006484740735877015,56939.952505219626
2009-06-30,0.005838182031704386,0.0,0.0,0.005838182031704386,57272.378312821704
2009-07-01,0.01741402703944983,0.0,0.0,0.01741402703944983,58269.72105737478
2009-07-02,-0.05293197296892904,0.0,0.0,-0.05293197296892904,55185.38975745878
2009-07-06,0.025100583061227644,0.0,0.0,0.025100583061227644,56570.5752168321
2009-07-07,-0.038850556061494235,0.0,0.0,-0.038850556061494235,54372.77691293959
2009-07-08,-0.009511298429065174,0.0,0.0,-0.009511298429065174,53855.621205303636
2009-07-09,-0.018861309559375927,0.0,0.0,-0.018861309559375927,52839.833662237914
2009-07-10,-0.0013984920177818605,0.0,0.0,-0.0013984920177818605,52765.937576640354
2009-07-13,0.037802130556079394,0.0,0.0,0.037802130556079394,54760.60243782644
2009-07-14,0.012141873526425373,0.0,0.0,0.012141873526425373,55425.498746857396
2009-07-15,0.0369875034573397,0.0,0.0,0.0369875034573397,57475.549573381555
2009-07-16,0.011567974313355878,0.0,0.0,0.011567974313355878,58140.425254492446
2009-07-17,-0.026683347540893743,0.0,0.0,-0.026683347540893743,56589.04408125147
2009-07-20,0.03524782628268874,0.0,0.0,0.03524782628268874,58583.68487653084
2009-07-21,-0.002837187591585355,0.0,0.0,-0.002837187591585355,58417.47197272979
2009-07-22,0.001264612369942908,0.0,0.0,0.001264612369942908,58491.3474304073
2009-07-23,0.0397854473006225,0.0,0.0,0.0397854473006225,60818.45185114218
2009-07-24,0.006983892040174355,0.0,0.0,0.006983892040174355,61243.201352921096
2009-07-27,0.014475390320765724,0.0,0.0,0.014475390320765724,62129.720596997875
2009-07-28,-0.0008913461839614722,0.0,0.0,-0.0008913461839614722,62074.341507633144
2009-07-29,-0.01249651489961412,0.0,0.0,-0.01249651489961412,61298.628574099275
2009-07-30,0.03585423597477577,0.0,0.0,0.03585423597477577,63496.444067925164
2009-07-31,-0.0008724853509201047,0.0,0.0,-0.0008724853509201047,63441.044350640375
2009-08-03,0.018049241303456753,0.0,0.0,0.018049241303456753,64586.10706866839
2009-08-04,0.05461868305728945,0.0,0.0,0.05461868305728945,68113.71518055614
2009-08-05,0.03823169827480122,0.0,0.0,0.03823169827480122,70717.8181877149
2009-08-06,-0.007573624383700461,0.0,0.0,-0.007573624383700461,70182.22799552634
2009-08-07,0.05578953174618806,0.0,0.0,0.05578953174618806,74097.66163230097
2009-08-10,-0.021436082609307294,0.0,0.0,-0.021436082609307294,72509.29803639445
2009-08-11,-0.029037162857360133,0.0,0.0,-0.029037162857360133,70403.83374063882
2009-08-12,0.007345757071807402,0.0,0.0,0.007345757071807402,70921.00320022146
2009-08-13,0.005208194973940206,0.0,0.0,0.005208194973940206,71290.37361263565
2009-08-14,-0.00829009067383124,0.0,0.0,-0.00829009067383124,70699.3699512156
2009-08-17,-0.053291602513847125,0.0,0.0,-0.053291602513847125,66931.68722979599
2009-08-18,0.009933491813349793,0.0,0.0,0.009933491813349793,67596.55259694686
2009-08-19,-0.007923030741847525,0.0,0.0,-0.007923030741847525,67060.98303267834
2009-08-20,0.03993348059826851,0.0,0.0,0.03993348059826851,69738.96149751461
2009-08-21,0.02621792269748835,0.0,0.0,0.02621792269748835,71567.37219905957
2009-08-24,-0.0033544299054429905,0.0,0.0,-0.0033544299054429905,71327.30446550107
2009-08-25,0.011134137928774157,0.0,0.0,0.011134137928774157,72121.47251150763
2009-08-26,0.0030726736073933836,0.0,0.0,0.0030726736073933836,72343.07825662008
2009-08-27,0.009701705328510224,0.0,0.0,0.009701705328510224,73044.92948442318
2009-08-28,0.008849394246354558,0.0,0.0,0.008849394246354558,73691.332863128
2009-08-31,-0.015789446182975397,0.0,0.0,-0.015789446182975397,72527.78752873391
2009-09-01,-0.053475999200986,0.0,0.0,-0.053475999200986,68649.29162079806
2009-09-02,-0.020177609276019193,0.0,0.0,-0.020177609276019193,67264.1130373981
2009-09-03,0.02004439362346111,0.0,0.0,0.02004439362346111,68612.38139585269
2009-09-04,0.011574504162420007,0.0,0.0,0.011574504162420007,69406.53568991253
2009-09-08,0.03485869471641112,0.0,0.0,0.03485869471641112,71825.9569288509
2009-09-09,0.019542342459979434,0.0,0.0,0.019542342459979434,73229.60437667022
2009-09-10,0.014880276385011992,0.0,0.0,0.014880276385011992,74319.28112936016
2009-09-11,-0.001739641785338919,0.0,0.0,-0.001739641785338919,74189.99220245118
2009-09-14,0.029624243170180975,0.0,0.0,0.029624243170180975,76387.81457225041
2009-09-15,0.01595759332067259,0.0,0.0,0.01595759332067259,77606.78025184933
2009-09-16,0.04069494069149404,0.0,0.0,0.04069494069149404,80764.98357145615
2009-09-17,-0.004345064362920592,0.0,0.0,-0.004345064362920592,80414.05451956794
2009-09-18,0.0013779470666528404,0.0,0.0,0.0013779470666528404,80524.86083011085
2009-09-21,-0.015596553306198246,0.0,0.0,-0.015596553306198246,79268.95054569983
2009-09-22,0.031687146096720964,0.0,0.0,0.031687146096720964,81780.75736257517
2009-09-23,-0.03613367044180282,0.0,0.0,-0.03613367044180282,78825.71842755484
2009-09-24,-0.03650945015743279,0.0,0.0,-0.03650945015743279,75947.8347895002
2009-09-25,0.0031927335502925924,0.0,0.0,0.0031927335502925924,76190.3159897047
2009-09-28,0.0413705538632676,0.0,0.0,0.0413705538632676,79342.35156121616
2009-09-29,-0.016219848528547187,0.0,0.0,-0.016219848528547187,78055.4306369945
2009-09-30,-0.00955777485903253,0.0,0.0,-0.00955777485903253,77309.39440444126
2009-10-01,-0.04487383766367703,0.0,0.0,-0.04487383766367703,73840.22519005918
2009-10-02,-0.007072248529548131,0.0,0.0,-0.007072248529548131,73318.00876603728
2009-10-05,0.02747397337766877,0.0,0.0,0.02747397337766877,75332.34578697907
2009-10-06,-0.002723468792697026,0.0,0.0,-0.002723468792697026,75127.18049414757
2009-10-07,-0.0007444598195337493,0.0,0.0,-0.0007444598195337493,75071.25132691482
2009-10-08,0.01913040308359415,0.0,0.0,0.01913040308359415,76507.3946247885
2009-10-09,0.008532213248171772,0.0,0.0,0.008532213248171772,77160.17203078922
2009-10-12,-0.0014503138514819769,0.0,0.0,-0.0014503138514819769,77048.26556451025
2009-10-13,-0.014040152304676479,0.0,0.0,-0.014040152304676479,75966.49618117337
2009-10-14,0.03658246280720645,0.0,0.0,0.03658246280720645,78745.53770231493
2009-10-15,-0.008526952068475424,0.0,0.0,-0.008526952068475424,78074.07827672096
2009-10-16,-0.02627802140837454,0.0,0.0,-0.02627802140837454,76022.44597632618
2009-10-19,0.02158978930007427,0.0,0.0,0.02158978930007427,77663.75456703134
2009-10-20,-0.01849180877077161,0.0,0.0,-0.01849180877077161,76227.61126915766
2009-10-21,-0.012723339704384329,0.0,0.0,-0.012723339704384329,75257.74147612641
2009-10-22,0.026270551449328883,0.0,0.0,0.026270551449328883,77234.80384553527
2009-10-23,-0.011833096328950021,0.0,0.0,-0.011833096328950021,76320.8769716835
2009-10-26,-0.002443951595938132,0.0,0.0,-0.002443951595938132,76134.35244260514
2009-10-27,-0.014453800941429784,0.0,0.0,-0.014453800941429784,75033.92166759507
2009-10-28,-0.04200823277568433,0.0,0.0,-0.04200823277568433,71881.87922011028
2009-10-29,0.045666729098515324,0.0,0.0,0.045666729098515324,75164.48952554725
2009-10-30,-0.017369669163403434,0.0,0.0,-0.017369669163403434,73858.90720965239
2009-11-02,-0.0002529419984540482,0.0,0.0,-0.0002529419984540482,73840.22519005915
2009-11-03,0.014650602167303184,0.0,0.0,0.014650602167303184,74922.0289532628
2009-11-04,-0.0214091931256446,0.0,0.0,-0.0214091931256446,73318.00876603725
2009-11-05,0.02264059177741795,0.0,0.0,0.02264059177741795,74977.97187244226
2009-11-06,-0.016417770424132838,0.0,0.0,-0.016417770424132838,73747.0007433734
2009-11-09,0.04931695265352509,0.0,0.0,0.04931695265352509,77383.97808737383
2009-11-10,-0.00747174980349663,0.0,0.0,-0.00747174980349663,76805.78436430571
2009-11-11,0.01869864278687272,0.0,0.0,0.01869864278687272,78241.94829009943
2009-11-12,-0.010250341065798585,0.0,0.0,-0.010250341065798585,77439.94163447335
2009-11-13,0.013487448542259806,0.0,0.0,0.013487448542259806,78484.4088623839
2009-11-16,0.02423959844048218,0.0,0.0,0.02423959844048218,80386.8394170467
2009-11-17,-0.017401797762650495,0.0,0.0,-0.017401797762650495,78987.9638947326
2009-11-18,0.018182408545194928,0.0,0.0,0.018182408545194928,80424.15532441974
2009-11-19,-0.022959537218408044,0.0,0.0,-0.022959537218408044,78577.6539369897
2009-11-20,-0.007120668884696646,0.0,0.0,-0.007120668884696646,78018.12848156811
2009-11-23,0.012670267488124942,0.0,0.0,0.012670267488124942,79006.63903835248
2009-11-24,-0.014872437914307701,0.0,0.0,-0.014872437914307701,77831.61770443647
2009-11-25,0.0040736402058065835,0.0,0.0,0.0040736402058065835,78148.67571160024
2009-11-27,-0.02911669916715287,0.0,0.0,-0.02911669916715287,75873.24423059418
2009-11-30,0.03736492647726508,0.0,0.0,0.03736492647726508,78708.2424228619
2009-12-01,0.014691464054175318,0.0,0.0,0.014691464054175318,79864.58173718471
2009-12-02,0.016347795122557685,0.0,0.0,0.016347795122557685,81170.19155697296
2009-12-03,-0.011259136246959067,0.0,0.0,-0.011259136246959067,80256.28531104123
2009-12-04,0.0295142498849168,0.0,0.0,0.0295142498849168,82624.98937054648
2009-12-07,-0.02099325434680155,0.0,0.0,-0.02099325434680155,80890.42195328881
2009-12-08,-0.005764176000198518,0.0,0.0,-0.005764176000198518,80424.15532441973
2009-12-09,-0.002087308380191777,0.0,0.0,-0.002087308380191777,80256.28531104123
2009-12-10,-0.003951168905316771,0.0,0.0,-0.003951168905316771,79939.17917206402
2009-12-11,0.016099352900096786,0.0,0.0,0.016099352900096786,81226.14822809913
2009-12-14,0.018140038465966457,0.0,0.0,0.018140038465966457,82699.59368139916
2009-12-15,-0.009923483426785729,0.0,0.0,-0.009923483426785729,81878.92563409987
2009-12-16,0.007289567933291163,0.0,0.0,0.007289567933291163,82475.78762481455
2009-12-17,-0.006106239547536529,0.0,0.0,-0.006106239547536529,81972.17070870569
2009-12-18,0.006598729677222082,0.0,0.0,0.006598729677222082,82513.08290426753
2009-12-21,0.01356218610950255,0.0,0.0,0.01356218610950255,83632.14069108402
2009-12-22,0.010481993969720937,0.0,0.0,0.010481993969720937,84508.77228548282
2009-12-23,0.011917631949046603,0.0,0.0,0.011917631949046603,85515.91673004699
2009-12-24,0.014447791647416164,0.0,0.0,0.014447791647416164,86751.4328775005
2009-12-28,0.004790829608348091,0.0,0.0,0.004790829608348091,87167.04421069665
2009-12-29,-0.014954033462680094,0.0,0.0,-0.014954033462680094,85863.54531472699
2009-12-30,0.0015402633438705848,0.0,0.0,0.0015402633438705848,85995.79778615003
2009-12-31,-0.01713560297916883,0.0,0.0,-0.01713560297916883,84522.20793740968
2010-01-04,-0.004246608005483821,0.0,0.0,-0.004246608005483821,84163.2752525415
2010-01-05,-0.001122204068921162,0.0,0.0,-0.001122204068921162,84068.82688259937
2010-01-06,-0.0017979035963142653,0.0,0.0,-0.0017979035963142653,83917.67923640923
2010-01-07,0.010806113820498675,0.0,0.0,0.010806113820498675,84824.50322978996
2010-01-08,-0.007350221455059147,0.0,0.0,-0.007350221455059147,84201.02434623562
2010-01-11,0.0058334819570773355,0.0,0.0,0.0058334819570773355,84692.20950252682
2010-01-12,-0.01672923133105042,0.0,0.0,-0.01672923133105042,83275.37393782126
2010-01-13,0.020189963444178893,0.0,0.0,0.020189963444178893,84956.7006934262
2010-01-14,-0.0008893950745690882,0.0,0.0,-0.0008893950745690882,84881.14062227783
2010-01-15,-0.007567033358715669,0.0,0.0,-0.007567033358715669,84238.84219966322
2010-01-19,0.020407898401363367,0.0,0.0,0.020407898401363367,85957.97993272243
2010-01-20,-0.011208515912340955,0.0,0.0,-0.011208515912340955,84994.51854685383
2010-01-21,-0.02867312095236918,0.0,0.0,-0.02867312095236918,82557.4604362715
2010-01-22,-0.025171950429503376,0.0,0.0,-0.025171950429503376,80479.328134584
2010-01-25,0.0070423780677173475,0.0,0.0,0.0070423780677173475,81046.09398994362
2010-01-26,-0.009324031671216093,0.0,0.0,-0.009324031671216093,80290.41764275302
2010-01-27,0.008941288022654481,0.0,0.0,0.008941288022654481,81008.31739235608
2010-01-28,-0.0086288849504641,0.0,0.0,-0.0086288849504641,80309.30594154677
2010-01-29,-0.005645778573079796,0.0,0.0,-0.005645778573079796,79855.89738284308
2010-02-01,0.01821649648490209,0.0,0.0,0.01821649648490209,81310.59205681634
2010-02-02,0.013708380516689544,0.0,0.0,0.013708380516689544,82425.2285927685
2010-02-03,-0.016273133508967308,0.0,0.0,-0.016273133508967308,81083.91184337123
2010-02-04,-0.037045784073307164,0.0,0.0,-0.037045784073307164,78080.09475340262
2010-02-05,0.018388539048532992,0.0,0.0,0.018388539048532992,79515.87362468871
2010-02-08,-0.021857944288581677,0.0,0.0,-0.021857944288581677,77777.82008894238
2010-02-09,-0.0031577497521114717,0.0,0.0,-0.0031577497521114717,77532.21719683675
2010-02-10,0.0019493044273422022,0.0,0.0,0.0019493044273422022,77683.3510910802
2010-02-11,0.009484061361697327,0.0,0.0,0.009484061361697327,78420.10475961027
2010-02-12,0.01180470297711178,0.0,0.0,0.01180470297711178,79345.83080373147
2010-02-16,0.02833370509736155,0.0,0.0,0.02833370509736155,81593.99217442954
2010-02-17,0.009029508777497641,0.0,0.0,0.009029508777497641,82330.74584295963
2010-02-18,0.014915290078594046,0.0,0.0,0.014915290078594046,83558.73279959438
2010-02-19,0.0006781445156327504,0.0,0.0,0.0006781445156327504,83615.39769597564
2010-02-22,0.0024852559734709345,0.0,0.0,0.0024852559734709345,83823.20336257371
2010-02-23,-0.007662865420802967,0.0,0.0,-0.007662865420802967,83180.8774360657
2010-02-24,0.01022044214075768,0.0,0.0,0.01022044214075768,84031.02278111847
2010-02-25,0.0038217116096570525,0.0,0.0,0.0038217116096570525,84352.16511645242
2010-02-26,-0.00044784384058615956,0.0,0.0,-0.00044784384058615956,84314.38851886491
2010-03-01,0.0085147210833314,0.0,0.0,0.0085147210833314,85032.30202041469
2010-03-02,0.00044418086676167867,0.0,0.0,0.00044418086676167867,85070.07174202886
2010-03-03,-0.0026648718723623066,0.0,0.0,-0.0026648718723623066,84843.37090066368
2010-03-04,0.006234810995641826,0.0,0.0,0.006234810995641826,85372.35328246244
2010-03-05,0.027218261798307664,0.0,0.0,0.027218261798307664,87696.04034444211
2010-03-08,0.010125073094818582,0.0,0.0,0.010125073094818582,88583.96916305575
2010-03-09,0.002345628002912825,0.0,0.0,0.002345628002912825,88791.75420173378
2010-03-10,0.00893611069982203,0.0,0.0,0.00893611069982203,89585.20714651186
2010-03-11,0.005904872853695453,0.0,0.0,0.005904872853695453,90114.19640428398
2010-03-12,0.0079665555289683,0.0,0.0,0.0079665555289683,90832.09615388706
2010-03-15,-0.0022877999671614413,0.0,0.0,-0.0022877999671614413,90624.29048728899
2010-03-16,0.024181536525949454,0.0,0.0,0.024181536525949454,92815.72507784562
2010-03-17,0.014858327830276297,0.0,0.0,0.014858327830276297,94194.81154885705
2010-03-18,-0.005414871783042341,0.0,0.0,-0.005414871783042341,93684.75872169215
2010-03-19,-0.010889144873612477,0.0,0.0,-0.010889144873612477,92664.61181152222
2010-03-22,0.01264007540191403,0.0,0.0,0.01264007540191403,93835.89949190895
2010-03-23,-0.0028189498499515686,0.0,0.0,-0.0028189498499515686,93571.38079711616
2010-03-24,0.005451683864797108,0.0,0.0,0.005451683864797108,94081.50238401459
2010-03-25,0.0024482839392530042,0.0,0.0,0.0024482839392530042,94311.84061528216
2010-03-26,-0.0052476118652589054,0.0,0.0,-0.0052476118652589054,93816.92868143499
2010-03-29,0.003043351785418702,0.0,0.0,0.003043351785418702,94102.44659884014
2010-03-30,-0.001416369842048848,0.0,0.0,-0.001416369842048848,93969.16273141453
2010-03-31,-0.011342420450528468,0.0,0.0,-0.011342420450528468,92903.3249783307
2010-04-01,0.005121639682582613,0.0,0.0,0.005121639682582613,93379.14233418359
2010-04-05,0.022013699350347915,0.0,0.0,0.022013699350347915,95434.76269912165
2010-04-06,0.02293584294195994,0.0,0.0,0.02293584294195994,97623.63942759193
2010-04-07,-0.022031101737509662,0.0,0.0,-0.022031101737509662,95472.88309537669
2010-04-08,0.0011959669568577525,0.0,0.0,0.0011959669568577525,95587.06550883468
2010-04-09,0.014138007805573283,0.0,0.0,0.014138007805573283,96938.47618711043
2010-04-12,-0.006282741007221815,0.0,0.0,-0.006282741007221815,96329.43684759208
2010-04-13,0.02450025057869376,0.0,0.0,0.02450025057869376,98689.53218846253
2010-04-14,0.0015426248617953497,0.0,0.0,0.0015426248617953497,98841.77311441541
2010-04-15,-0.027344164675355387,0.0,0.0,-0.027344164675355387,96139.02739357072
2010-04-16,-0.022965797372441865,0.0,0.0,-0.022965797372441865,93931.11797086634
2010-04-19,0.004458312537781506,0.0,0.0,0.004458312537781506,94349.89225180369
2010-04-20,0.016945813770006923,0.0,0.0,0.016945813770006923,95948.72795512297
2010-04-21,0.017456317641358465,0.0,0.0,0.017456317641358465,97623.63942759189
2010-04-22,0.015402958431846248,0.0,0.0,0.015402958431846248,99127.33228766063
2010-04-23,0.013248795822558668,0.0,0.0,0.013248795822558668,100440.65007357477
2010-04-26,0.007959414768364148,0.0,0.0,0.007959414768364148,101240.09886711447
2010-04-27,-0.03196122346022223,0.0,0.0,-0.03196122346022223,98004.34144408762
2010-04-28,0.003107591797720133,0.0,0.0,0.003107591797720133,98308.89893170024
2010-04-29,0.045111114903550575,0.0,0.0,0.045111114903550575,102743.7229674497
2010-04-30,-0.03112265705716044,0.0,0.0,-0.03112265705716044,99546.06531275788
2010-05-03,0.0332696984219103,0.0,0.0,0.0332696984219103,102857.93288480112
2010-05-04,-0.022760958660705155,0.0,0.0,-0.022760958660705155,100516.78772648457
2010-05-05,-0.013444489790166658,0.0,0.0,-0.013444489790166658,99165.39080015551
2010-05-06,-0.04107484287043106,0.0,0.0,-0.04107484287043106,95092.18795485422
2010-05-07,-0.0168133890465495,0.0,0.0,-0.0168133890465495,93493.36600348164
2010-05-10,0.06596078137192385,0.0,0.0,0.06596078137192385,99660.26147816256
2010-05-11,0.0059206625423813275,0.0,0.0,0.0059206625423813275,100250.31625526024
2010-05-12,0.016138081455163933,0.0,0.0,0.016138081455163933,101868.16402489359
2010-05-13,-0.016255588052451975,0.0,0.0,-0.016255588052451975,100212.23711484531
2010-05-14,-0.03171893026212924,0.0,0.0,-0.03171893026212924,97033.61215438756
2010-05-17,0.0013735845184610351,0.0,0.0,0.0013735845184610351,97166.89602181318
2010-05-18,-0.02526974391576875,0.0,0.0,-0.02526974391576875,94711.51344225183
2010-05-19,-0.009244555246847752,0.0,0.0,-0.009244555246847752,93835.94762372237
2010-05-20,-0.05131834383593736,0.0,0.0,-0.05131834383593736,89020.44219939718
2010-05-21,0.03356905811914257,0.0,0.0,0.03356905811914257,92008.77459738051
2010-05-24,-0.02234194242668819,0.0,0.0,-0.02234194242668819,89953.11985257572
2010-05-25,0.008039908767903503,0.0,0.0,0.008039908767903503,90676.33472957871
2010-05-26,-0.002098818737678587,0.0,0.0,-0.002098818737678587,90486.02153918426
2010-05-27,0.0549014646186019,0.0,0.0,0.0549014646186019,95453.83664919583
2010-05-28,-0.012761711393753816,0.0,0.0,-0.012761711393753816,94235.68233445227
2010-06-01,-0.02080383694557375,0.0,0.0,-0.02080383694557375,92275.21856471145
2010-06-02,0.019595676585978383,0.0,0.0,0.019595676585978383,94083.413904606
2010-06-03,-0.002832435730289462,0.0,0.0,-0.002832435730289462,93816.92868143499
2010-06-04,-0.056603748693489275,0.0,0.0,-0.056603748693489275,88506.53882715604
2010-06-07,-0.005376380842047945,0.0,0.0,-0.005376380842047945,88030.69396740974
2010-06-08,0.017946281754748883,0.0,0.0,0.017946281754748883,89610.51760441494
2010-06-09,0.005947095595197682,0.0,0.0,0.005947095595197682,90143.43991894355
2010-06-10,0.04328517106553753,0.0,0.0,0.04328517106553753,94045.31413627102
2010-06-11,0.011940881668728531,0.0,0.0,0.011940881668728531,95168.29810387063
2010-06-14,0.012399949077727568,0.0,0.0,0.012399949077727568,96348.38015417261
2010-06-15,0.0223236313514259,0.0,0.0,0.0223236313514259,98499.22587404141
2010-06-16,-0.009082080360585776,0.0,0.0,-0.009082080360585776,97604.64798919787
2010-06-17,0.002144905646553674,0.0,0.0,0.002144905646553674,97814.00074979977
2010-06-18,-0.003113568704936953,0.0,0.0,-0.003113568704936953,97509.45013816052
2010-06-21,-0.007807669105226345,0.0,0.0,-0.007807669105226345,96748.12861684921
2010-06-22,-0.02970712477620674,0.0,0.0,-0.02970712477620674,93874.01988816397
2010-06-23,0.0026357135375503216,0.0,0.0,0.0026357135375503216,94121.44491320748
2010-06-24,-0.021168935513097398,0.0,0.0,-0.021168935513097398,92128.99411544023
2010-06-25,0.02523441854438846,0.0,0.0,0.02523441854438846,94453.81571302275
2010-06-28,-0.011797951079116631,0.0,0.0,-0.011797951079116631,93339.45421600461
2010-06-29,-0.032729426730233824,0.0,0.0,-0.032729426730233824,90284.50738820188
2010-06-30,-0.010640395484292076,0.0,0.0,-0.010640395484292076,89323.84452348691
2010-07-01,-0.0034416106266628166,0.0,0.0,-0.0034416106266628166,89016.42663096052
2010-07-02,-0.019210009940513584,0.0,0.0,-0.019210009940513584,87306.42019051076
2010-07-06,-0.022227056138942047,0.0,0.0,-0.022227056138942047,85365.85548764621
2010-07-07,0.048616144187067833,0.0,0.0,0.048616144187067833,89516.01422668602
2010-07-08,0.012448815808191682,0.0,0.0,0.012448815808191682,90630.3825996775
2010-07-09,0.012719776249199954,0.0,0.0,0.012719776249199954,91783.18078772478
2010-07-12,0.0031400039150786263,0.0,0.0,0.0031400039150786263,92071.38033473659
2010-07-13,0.02462445777000588,0.0,0.0,0.02462445777000588,94338.58815161546
2010-07-14,-0.005906180698969088,0.0,0.0,-0.005906180698969088,93781.4074031064
2010-07-15,-0.0032782459653752927,0.0,0.0,-0.0032782459653752927,93473.96888265996
2010-07-16,-0.0324766525119482,0.0,0.0,-0.0324766525119482,90438.24727634514
2010-07-19,0.012321870519962586,0.0,0.0,0.012321870519962586,91552.61564933663
2010-07-20,0.01867762925615657,0.0,0.0,0.01867762925615657,93262.60146186633
2010-07-21,-0.02080760721253705,0.0,0.0,-0.02080760721253705,91322.02988302843
2010-07-22,0.0374501066309354,0.0,0.0,0.0374501066309354,94742.04963990132
2010-07-23,0.012776521693502296,0.0,0.0,0.012776521693502296,95952.5234924124
2010-07-26,0.025029819584793778,0.0,0.0,0.025029819584793778,98354.19784413316
2010-07-27,-0.00019504979012907597,0.0,0.0,-0.00019504979012907597,98335.01387848536
2010-07-28,-0.001953745301984222,0.0,0.0,-0.001953745301984222,98142.89230709971
2010-07-29,-0.00841844032102168,0.0,0.0,-0.00841844032102168,97316.68222527993
2010-07-30,0.005922780441103281,0.0,0.0,0.005922780441103281,97893.06756735689
2010-08-02,0.03356267510741051,0.0,0.0,0.03356267510741051,101178.62078938786
2010-08-03,-0.009685006402054719,0.0,0.0,-0.009685006402054719,100198.70519929157
2010-08-04,0.007094764901119932,0.0,0.0,0.007094764901119932,100909.59145607716
2010-08-05,-0.012566435588236113,0.0,0.0,-0.012566435588236113,99641.51757480914
2010-08-06,-0.004628030964871188,0.0,0.0,-0.004628030964871188,99180.37354608618
2010-08-09,0.011430170725657218,0.0,0.0,0.011430170725657218,100314.0221483524
2010-08-10,-0.009768275074516608,0.0,0.0,-0.009768275074516608,99334.12718617613
2010-08-11,-0.02495155419406203,0.0,0.0,-0.02495155419406203,96855.58632837041
2010-08-12,-0.012497718494080434,0.0,0.0,-0.012497718494080434,95645.11247585934
2010-08-13,0.0,0.0,0.0,0.0,95645.11247585934
2010-08-16,-0.0008039512734931975,0.0,0.0,-0.0008039512734931975,95568.21846588097
2010-08-17,0.02291935513578669,0.0,0.0,0.02291935513578669,97758.58040459495
2010-08-18,0.000983089966341888,0.0,0.0,0.000983089966341888,97854.68588411453
2010-08-19,-0.0255253982849466,0.0,0.0,-0.0255253982849466,95356.90605287415
2010-08-20,-0.0032241544859826776,0.0,0.0,-0.0032241544859826776,95049.46065645435
2010-08-23,-0.005255718574399104,0.0,0.0,-0.005255718574399104,94549.90744059562
2010-08-24,-0.004063918761767704,0.0,0.0,-0.004063918761767704,94165.66429782438
2010-08-25,0.015914920059569626,0.0,0.0,0.015914920059569626,95664.30331748053
2010-08-26,-0.006025370237186745,0.0,0.0,-0.006025370237186745,95087.89047151017
2010-08-27,0.016569228971448968,0.0,0.0,0.016569228971448968,96663.42350114469
2010-08-30,-0.007751947910051293,0.0,0.0,-0.007751947910051293,95914.09367735658
2010-08-31,0.007611852923680162,0.0,0.0,0.007611852923680162,96644.17765173671
2010-09-01,0.03260467814913115,0.0,0.0,0.03260467814913115,99795.22995905904
2010-09-02,0.01270717185208503,0.0,0.0,0.01270717185208503,101063.34509616715
2010-09-03,0.014638480418004196,0.0,0.0,0.014638480418004196,102542.75889433539
2010-09-07,-0.015364309159959677,0.0,0.0,-0.015364309159959677,100967.26024456762
2010-09-08,0.0020933572358832198,0.0,0.0,0.0020933572358832198,101178.62078938789
2010-09-09,-0.011583230415458279,0.0,0.0,-0.011583230415458279,100006.64551166614
2010-09-10,0.005378716508843695,0.0,0.0,0.005378716508843695,100544.55290687381
2010-09-13,0.016434705967314,0.0,0.0,0.016434705967314,102196.97307051333
2010-09-14,-0.003760367249751151,0.0,0.0,-0.003760367249751151,101812.67491995527
2010-09-15,0.008680814910765333,0.0,0.0,0.008680814910765333,102696.49190650531
2010-09-16,-0.005238639576682691,0.0,0.0,-0.005238639576682691,102158.50199961742
2010-09-17,0.003009090135061454,0.0,0.0,0.003009090135061454,102465.90614019713
2010-09-20,0.024376557758403417,0.0,0.0,0.024376557758403417,104963.67221949079
2010-09-21,-0.014643358701136311,0.0,0.0,-0.014643358701136311,103426.65151659229
2010-09-22,-0.013561855547763124,0.0,0.0,-0.013561855547763124,102023.99420893544
2010-09-23,-0.02467044706836674,0.0,0.0,-0.02467044706836674,99507.01666010055
2010-09-24,0.02828866189104673,0.0,0.0,0.02828866189104673,102321.93701018488
2010-09-27,-0.012315299073642927,0.0,0.0,-0.012315299073642927,101061.81175411
2010-09-28,0.004028420815360478,0.0,0.0,0.004028420815360478,101468.93126021829
2010-09-29,-0.007833555645486379,0.0,0.0,-0.007833555645486379,100674.06874090334
2010-09-30,0.0028887209635561906,0.0,0.0,0.0028887209635561906,100964.88803376169
2010-10-01,0.0049922625208880245,0.0,0.0,0.0049922625208880245,101468.93126021829
2010-10-04,0.009171155601249703,0.0,0.0,0.009171155601249703,102399.51861749828
2010-10-05,0.015903046171236612,0.0,0.0,0.015903046171236612,104027.98288998476
2010-10-06,-0.005404581510946915,0.0,0.0,-0.005404581510946915,103465.75517703645
2010-10-07,0.0028107782363424594,0.0,0.0,0.0028107782363424594,103756.5744698948
2010-10-08,0.0028020383931348647,0.0,0.0,0.0028020383931348647,104047.30437509959
2010-10-11,-0.00018569904555321148,0.0,0.0,-0.00018569904555321148,104027.98288998476
2010-10-12,0.0070813389286057404,0.0,0.0,0.0070813389286057404,104764.64029488794
2010-10-13,0.010362858892059013,0.0,0.0,0.010362858892059013,105850.30147914118
2010-10-14,-0.0025643377504865894,0.0,0.0,-0.0025643377504865894,105578.86555515783
2010-10-15,-0.00128566062154567,0.0,0.0,-0.00128566062154567,105443.12696524609
2010-10-18,0.01287009184408161,0.0,0.0,0.01287009184408161,106800.18969361598
2010-10-19,-0.01234318720370775,0.0,0.0,-0.01234318720370775,105481.93495883618
2010-10-20,0.021871165214262467,0.0,0.0,0.021871165214262467,107788.94778544096
2010-10-21,-0.001079153693953283,0.0,0.0,-0.001079153693953283,107672.62694427097
2010-10-22,0.0005405748523428233,0.0,0.0,0.0005405748523428233,107730.83205868275
2010-10-25,0.0017991129660785976,0.0,0.0,0.0017991129660785976,107924.65199548595
2010-10-26,-0.007185120657873467,0.0,0.0,-0.007185120657873467,107149.20034893938
2010-10-27,-0.0070565403668529925,0.0,0.0,-0.0070565403668529925,106393.09769140107
2010-10-28,-0.006194917149809576,0.0,0.0,-0.006194917149809576,105734.00126589123
2010-10-29,0.0001832569719262267,0.0,0.0,0.0001832569719262267,105753.37775879285
2010-11-01,0.008615595756915395,0.0,0.0,0.008615595756915395,106664.50611149099
2010-11-02,0.006907205549332218,0.0,0.0,0.006907205549332218,107401.25978002106
2010-11-03,0.0,0.0,0.0,0.0,107401.25978002106
2010-11-04,0.0231043439124341,0.0,0.0,0.0231043439124341,109882.69542260736
2010-11-05,0.010762123627443776,0.0,0.0,0.010762123627443776,111065.26657526221
2010-11-08,-0.005411306533332216,0.0,0.0,-0.005411306533332216,110464.25837261722
2010-11-09,-0.04054053549355663,0.0,0.0,-0.04054053549355663,105985.97818529271
2010-11-10,0.01243814049082781,0.0,0.0,0.01243814049082781,107304.24667201922
2010-11-11,-0.007949220543467472,0.0,0.0,-0.007949220543467472,106451.26154997268
2010-11-12,-0.0092879120981334,0.0,0.0,-0.0092879120981334,105462.55158996113
2010-11-15,-0.009559040792977536,0.0,0.0,-0.009559040792977536,104454.4307571812
2010-11-16,-0.03433542307099591,0.0,0.0,-0.03433542307099591,100867.94368549332
2010-11-17,0.007687927107061343,0.0,0.0,0.007687927107061343,101643.40908398657
2010-11-18,0.008964577680638186,0.0,0.0,0.008964577680638186,102554.59932044486
2010-11-19,0.0052931557599267265,0.0,0.0,0.0052931557599267265,103097.43678854486
2010-11-22,0.00263240946232135,0.0,0.0,0.00263240946232135,103368.83145668809
2010-11-23,-0.007876959860810717,0.0,0.0,-0.007876959860810717,102554.59932044486
2010-11-24,0.01928176488497657,0.0,0.0,0.01928176488497657,104532.03299241465
2010-11-26,-0.0020401240400678144,0.0,0.0,-0.0020401240400678144,104318.77467894966
2010-11-29,-0.0005574270480449561,0.0,0.0,-0.0005574270480449561,104260.6245723247
2010-11-30,-0.0044630247176769,0.0,0.0,-0.0044630247176769,103795.30682777798
2010-12-01,0.0057900565749928745,0.0,0.0,0.0057900565749928745,104396.28752652956
2010-12-02,0.015413463884872192,0.0,0.0,0.015413463884872192,106005.39593403446
2010-12-03,-0.00018317698425307505,0.0,0.0,-0.00018317698425307505,105985.97818529271
2010-12-06,0.0020123316785565226,0.0,0.0,0.0020123316785565226,106199.2571266778
2010-12-07,0.0021903559849680843,0.0,0.0,0.0021903559849680843,106431.87130512437
2010-12-08,-0.014754107680643114,0.0,0.0,-0.014754107680643114,104861.5640152362
2010-12-09,-0.008873650267743227,0.0,0.0,-0.008873650267743227,103931.05916963643
2010-12-10,0.00652823781243983,0.0,0.0,0.00652823781243983,104609.54583999458
2010-12-13,0.0016678958155040835,0.0,0.0,0.0016678958155040835,104784.0236637629
2010-12-14,-0.009805399315119478,0.0,0.0,-0.009805399315119478,103756.57446989477
2010-12-15,-0.009529130708709088,0.0,0.0,-0.009529130708709088,102767.86450988325
2010-12-16,0.00169745128726273,0.0,0.0,0.00169745128726273,102942.30795378478
2010-12-17,0.00828618369792311,0.0,0.0,0.00828618369792311,103795.30682777803
2010-12-20,0.011953936579990554,0.0,0.0,0.011953936579990554,105036.06934289793
2010-12-21,0.010520292506891904,0.0,0.0,0.010520292506891904,106141.07951615941
2010-12-22,0.00767116053446526,0.0,0.0,0.00767116053446526,106955.30477642932
2010-12-23,-0.00453142421121322,0.0,0.0,-0.00453142421121322,106470.64491884773
2010-12-27,0.012425435664573659,0.0,0.0,0.012425435664573659,107793.58906745253
2010-12-28,0.0039997836299745515,0.0,0.0,0.0039997836299745515,108224.74010042073
2010-12-29,0.001992305753048207,0.0,0.0,0.001992305753048207,108440.35687274496
2010-12-30,0.002710877178298432,0.0,0.0,0.002710877178298432,108734.32536139782
2010-12-31,-0.0019827158325049776,0.0,0.0,-0.0019827158325049776,108518.73609296702
2011-01-03,0.01860209428164139,0.0,0.0,0.01860209428164139,110537.41185309296
2011-01-04,-0.019148671865382494,0.0,0.0,-0.019148671865382494,108420.76722466944
2011-01-05,0.003614838882219029,0.0,0.0,0.003614838882219029,108812.6908296732
2011-01-06,-0.009365651694211552,0.0,0.0,-0.009365651694211552,107793.58906745256
2011-01-07,0.0003633383445447169,0.0,0.0,0.0003633383445447169,107832.75461165687
2011-01-10,-0.00018147565854109704,0.0,0.0,-0.00018147565854109704,107813.18559150142
2011-01-11,-0.002181866002776256,0.0,0.0,-0.002181866002776256,107577.95166720831
2011-01-12,0.0041904096689349135,0.0,0.0,0.0041904096689349135,108028.7473560388
2011-01-13,0.0032656637545758205,0.0,0.0,0.0032656637545758205,108381.53292073165
2011-01-14,0.006691005246360682,0.0,0.0,0.006691005246360682,109106.71432611288
2011-01-18,0.008621977775020273,0.0,0.0,0.008621977775020273,110047.4299921381
2011-01-19,-0.013178996356867367,0.0,0.0,-0.013178996356867367,108597.11531318909
2011-01-20,0.00018070487310506422,0.0,0.0,0.00018070487310506422,108616.73934113134
2011-01-21,0.0007219292400459931,0.0,0.0,0.0007219292400459931,108695.15294122016
2011-01-24,0.00504859385451617,0.0,0.0,0.00504859385451617,109243.91062237491
2011-01-25,0.011661230830700475,0.0,0.0,0.011661230830700475,110517.82908099084
2011-01-26,0.0015962750057627595,0.0,0.0,0.0015962750057627595,110694.24592924397
2011-01-27,0.01575723309866839,0.0,0.0,0.01575723309866839,112438.48096503239
2011-01-28,-0.016558697627555352,0.0,0.0,-0.016558697627555352,110576.64615703077
2011-01-31,0.01329283238563539,0.0,0.0,0.01329283238563539,112046.52298016191
2011-02-01,0.0024487938873922754,0.0,0.0,0.0024487938873922754,112320.90182073928
2011-02-02,0.0,0.0,0.0,0.0,112320.90182073928
2011-02-03,0.002791872532525108,0.0,0.0,0.002791872532525108,112634.48746136104
2011-02-04,-0.007308032737437187,0.0,0.0,-0.007308032737437187,111811.35093962894
2011-02-07,0.009815470193498266,0.0,0.0,0.009815470193498266,112908.83192207167
2011-02-08,0.004340050148659236,0.0,0.0,0.004340050148659236,113398.86191483999
2011-02-09,0.0006912423535103684,0.0,0.0,0.0006912423535103684,113477.24801103541
2011-02-10,0.004144892172513126,0.0,0.0,0.004144892172513126,113947.59896807467
2011-02-11,0.006536144123920895,0.0,0.0,0.006536144123920895,114692.37689750476
2011-02-14,0.0001708616089313164,0.0,0.0,0.0001708616089313164,114711.97342155362
2011-02-15,-0.003758792774639752,0.0,0.0,-0.003758792774639752,114280.794884692
2011-02-16,0.00222938106802828,0.0,0.0,0.00222938106802828,114535.57032524717
2011-02-17,0.0010271134785397873,0.0,0.0,0.0010271134785397873,114653.21135330046
2011-02-18,0.0039315192626812046,0.0,0.0,0.0039315192626812046,115103.97266226422
2011-02-22,-0.00868409642852408,0.0,0.0,-0.00868409642852408,114104.3986643589
2011-02-23,-0.00841626465969103,0.0,0.0,-0.00841626465969103,113144.06584636476
2011-02-24,-0.007621761400144478,0.0,0.0,-0.007621761400144478,112281.70877264155
2011-02-25,0.01954968448960681,0.0,0.0,0.01954968448960681,114476.7807531006
2011-02-28,0.024824415389183008,0.0,0.0,0.024824415389183008,117318.59991093198
2011-03-01,-0.02973606778248039,0.0,0.0,-0.02973606778248039,113830.00607183482
2011-03-02,-0.009125055845006003,0.0,0.0,-0.009125055845006003,112791.30090959196
2011-03-03,0.014421942386726005,0.0,0.0,0.014421942386726005,114417.97055303396
2011-03-04,-0.009592699824726325,0.0,0.0,-0.009592699824726325,113320.39330696432
2011-03-07,-0.007263373925018524,0.0,0.0,-0.007263373925018524,112497.30491704568
2011-03-08,0.014111424486435098,0.0,0.0,0.014111424486435098,114084.80214031003
2011-03-09,-0.001030388256756165,0.0,0.0,-0.001030388256756165,113967.2504999103
2011-03-10,-0.015305790002454356,0.0,0.0,-0.015305790002454356,112222.89169660155
2011-03-11,0.0101296371262114,0.0,0.0,0.0101296371262114,113359.66886674224
2011-03-14,-0.010028056552255804,0.0,0.0,-0.010028056552255804,112222.89169660155
2011-03-15,-0.005238766035380538,0.0,0.0,-0.005238766035380538,111634.98222318922
2011-03-16,-0.014747482325324301,0.0,0.0,-0.014747482325324301,109988.64729596485
2011-03-17,0.007662062789868029,0.0,0.0,0.007662062789868029,110831.38721771917
2011-03-18,0.010079816252567708,0.0,0.0,0.010079816252567708,111948.54723589096
2011-03-21,0.010854167280875071,0.0,0.0,0.010854167280875071,113163.65549444027
2011-03-22,-0.0064081928622702344,0.0,0.0,-0.0064081928622702344,112438.48096503239
2011-03-23,-0.010981586586851999,0.0,0.0,-0.010981586586851999,111203.72805062078
2011-03-24,0.004230003985704833,0.0,0.0,0.004230003985704833,111674.12026350014
2011-03-25,0.007813704016739198,0.0,0.0,0.007813704016739198,112546.70878556887
2011-03-28,-0.0012279362929618065,0.0,0.0,-0.0012279362929618065,112408.50859719767
2011-03-29,0.004039512077736118,0.0,0.0,0.004039512077736118,112862.58412531635
2011-03-30,0.014518048316162213,0.0,0.0,0.014518048316162213,114501.12857473463
2011-03-31,0.008103600019985224,0.0,0.0,0.008103600019985224,115428.99992254116
2011-04-01,0.0015391400735413896,0.0,0.0,0.0015391400735413896,115606.66132197075
2011-04-04,-0.0006831563942808483,0.0,0.0,-0.0006831563942808483,115527.68389206717
2011-04-05,0.0010254946419541167,0.0,0.0,0.0010254946419541167,115646.15691289587
2011-04-06,0.0005121625830213361,0.0,0.0,0.0005121625830213361,115705.38654733686
2011-04-07,-0.011090185037675226,0.0,0.0,-0.011090185037675226,114422.19240067115
2011-04-08,-0.007246675534791636,0.0,0.0,-0.007246675534791636,113593.011898364
2011-04-11,0.0006950850291225219,0.0,0.0,0.0006950850291225219,113671.96870034748
2011-04-12,-0.0017365357985994478,0.0,0.0,-0.0017365357985994478,113474.57325740205
2011-04-13,-0.0015658312012030162,0.0,0.0,-0.0015658312012030162,113296.8912300524
2011-04-14,0.014462577565444112,0.0,0.0,0.014462577565444112,114935.45630739072
2011-04-15,0.012882041705198688,0.0,0.0,0.012882041705198688,116416.05964894856
2011-04-18,-0.008987500212629618,0.0,0.0,-0.008987500212629618,115369.77028810013
2011-04-19,0.007871536036024862,0.0,0.0,0.007871536036024862,116277.90759239082
2011-04-20,0.011714792644397454,0.0,0.0,0.011714792644397454,117640.07916896009
2011-04-21,0.00671219394954492,0.0,0.0,0.00671219394954492,118429.70219658197
2011-04-25,0.006667905270064001,0.0,0.0,0.006667905270064001,119219.38023199068
2011-04-26,0.008775937728572991,0.0,0.0,0.008775937728572991,120265.64208894571
2011-04-27,0.007387008004478668,0.0,0.0,0.007387008004478668,121154.04534972052
2011-04-28,0.013361474223026804,0.0,0.0,0.013361474223026804,122772.84200367623
2011-04-29,-0.005788408397711886,0.0,0.0,-0.005788408397711886,122062.18265401118
2011-05-02,0.0014553864564788022,0.0,0.0,0.0014553864564788022,122239.83030149408
2011-05-03,-0.00855942870842108,0.0,0.0,-0.00855942870842108,121193.52718869895
2011-05-04,-0.005701008314358158,0.0,0.0,-0.005701008314358158,120502.6018825498
2011-05-05,-0.0006555143259665552,0.0,0.0,-0.0006555143259665552,120423.61070069953
2011-05-06,-0.008852393231760125,0.0,0.0,-0.008852393231760125,119357.57354438854
2011-05-09,0.005126898160939364,0.0,0.0,0.005126898160939364,119969.50766868745
2011-05-10,0.015797322732472807,0.0,0.0,0.015797322732472807,121864.70469938559
2011-05-11,-0.01052943627884384,0.0,0.0,-0.01052943627884384,120581.5380566133
2011-05-12,0.0016372568306946,0.0,0.0,0.0016372568306946,120778.96100345213
2011-05-13,-0.01062431847405132,0.0,0.0,-0.01062431847405132,119495.76685678642
2011-05-16,0.001486989104274583,0.0,0.0,0.001486989104274583,119673.4557601094
2011-05-17,-0.0003301429094771935,0.0,0.0,-0.0003301429094771935,119633.94641723757
2011-05-18,0.009735707637487101,0.0,0.0,0.009735707637487101,120798.6675430746
2011-05-19,0.004249261792367509,0.0,0.0,0.004249261792367509,121311.9727056343
2011-05-20,-0.01220537689991652,0.0,0.0,-0.01220537689991652,119831.31435628964
2011-05-23,-0.010213488511460755,0.0,0.0,-0.010213488511460755,118607.41860379845
2011-05-24,0.002995673045539826,0.0,0.0,0.002995673045539826,118962.72765071089
2011-05-25,0.004646724335046981,0.0,0.0,0.004646724335046981,119515.51465224904
2011-05-26,0.013379540012797397,0.0,0.0,0.013379540012797397,121114.57726268888
2011-05-27,0.005704838126935563,0.0,0.0,0.005704838126935563,121805.51632078475
2011-05-31,0.015883343612955958,0.0,0.0,0.015883343612955958,123740.1951904613
2011-06-01,-0.02871689560795254,0.0,0.0,-0.02871689560795254,120186.76092266913
2011-06-02,-0.007227890280787963,0.0,0.0,-0.007227890280787963,119318.06420151678
2011-06-03,0.003971094626384675,0.0,0.0,0.003971094626384675,119791.88752509803
2011-06-06,-0.014667249231537838,0.0,0.0,-0.014667249231537838,118034.87005485107
2011-06-07,0.010537170608561741,0.0,0.0,0.010537170608561741,119278.62361837845
2011-06-08,-0.0028136014409734234,0.0,0.0,-0.0028136014409734234,118943.02111108846
2011-06-09,-0.010788656539229113,0.0,0.0,-0.010788656539229113,117659.78570858264
2011-06-10,-0.02516747578035372,0.0,0.0,-0.02516747578035372,114698.58590144028
2011-06-13,0.00413019093680389,0.0,0.0,0.00413019093680389,115172.31296139464
2011-06-14,0.014913046086961979,0.0,0.0,0.014913046086961979,116889.88297252991
2011-06-15,-0.01604464016487772,0.0,0.0,-0.01604464016487772,115014.426861321
2011-06-16,0.007895197962241252,0.0,0.0,0.007895197962241252,115922.48852990483
2011-06-17,0.009537301769860784,0.0,0.0,0.009537301769860784,117028.07628492775
2011-06-20,0.012145578669995771,0.0,0.0,0.012145578669995771,118449.44999204461
2011-06-21,0.007833131281139494,0.0,0.0,0.007833131281139494,119377.28008401106
2011-06-22,-0.0029765844099965966,0.0,0.0,-0.0029765844099965966,119021.9435332052
2011-06-23,-0.0202352050557163,0.0,0.0,-0.0202352050557163,116613.51009968089
2011-06-24,0.00015330582790928915,0.0,0.0,0.00015330582790928915,116631.38763039211
2011-06-27,0.004268087491666739,0.0,0.0,0.004268087491666739,117129.18059707314
2011-06-28,0.008328950087351794,0.0,0.0,0.008328950087351794,118104.74369603857
2011-06-29,0.010451641900184105,0.0,0.0,0.010451641900184105,119339.13218386259
2011-06-30,0.0026689387773493056,0.0,0.0,0.0026689387773493056,119657.64102140331
2011-07-01,0.01713821013379624,0.0,0.0,0.01713821013379624,121708.35881734248
2011-07-05,0.007689149159844311,0.0,0.0,0.007689149159844311,122644.19254228886
2011-07-06,0.0074673298711696035,0.0,0.0,0.0074673298711696035,123560.01718478538
2011-07-07,0.012568293664789731,0.0,0.0,0.012568293664789731,125112.95576599022
2011-07-08,-0.0012730499868320866,0.0,0.0,-0.0012730499868320866,124953.6807192998
2011-07-11,-0.017367773342017556,0.0,0.0,-0.017367773342017556,122783.51351431618
2011-07-12,0.0034051838360225073,0.0,0.0,0.0034051838360225073,123201.61394986518
2011-07-13,-0.009857627916264655,0.0,0.0,-0.009857627916264655,121987.13828086412
2011-07-14,-0.009302932765280492,0.0,0.0,-0.009302932765280492,120852.30013520826
2011-07-15,0.011037761205205276,0.0,0.0,0.011037761205205276,122186.2389652005
2011-07-18,-0.007006741913968884,0.0,0.0,-0.007006741913968884,121330.1115233328
2011-07-19,0.016081477460735405,0.0,0.0,0.016081477460735405,123281.2789771038
2011-07-20,0.007267440239108192,0.0,0.0,0.007267440239108192,124177.21830467072
2011-07-21,0.008016352979116181,0.0,0.0,0.008016352979116181,125172.66671856573
2011-07-22,0.004930907745376967,0.0,0.0,0.004930907745376967,125789.8815903978
2011-07-25,-0.009338410374481021,0.0,0.0,-0.009338410374481021,124615.20405514928
2011-07-26,0.0022371223931736406,0.0,0.0,0.0022371223931736406,124893.98351867095
2011-07-27,-0.02805686423113718,0.0,0.0,-0.02805686423113718,121389.84997980173
2011-07-28,0.0009841280882301184,0.0,0.0,0.0009841280882301184,121509.3131407929
2011-07-29,0.00016376577532972725,0.0,0.0,0.00016376577532972725,121529.21220766919
2011-08-01,-0.01507201855059448,0.0,0.0,-0.01507201855059448,119697.52166683607
2011-08-02,-0.0319363118882009,0.0,0.0,-0.0319363118882009,115874.82428263931
2011-08-03,-0.008247204775371442,0.0,0.0,-0.008247204775371442,114919.1808784702
2011-08-04,-0.0488566159666719,0.0,0.0,-0.0488566159666719,109304.61859108627
2011-08-05,-0.02495457677341517,0.0,0.0,-0.02495457677341517,106576.96809476614
2011-08-08,-0.08686702051818362,0.0,0.0,-0.08686702051818362,97318.94442051229
2011-08-09,0.09103924201251146,0.0,0.0,0.09103924201251146,106178.78735401345
2011-08-10,-0.02306436840665893,0.0,0.0,-0.02306436840665893,103729.84068550818
2011-08-11,0.05182395863777156,0.0,0.0,0.05182395863777156,109105.53165869661
2011-08-12,-0.0001826987728301699,0.0,0.0,-0.0001826987728301699,109085.59821195358
2011-08-15,0.03650325406955668,0.0,0.0,0.03650325406955668,113067.57751881411
2011-08-16,-0.002993152765484397,0.0,0.0,-0.002993152765484397,112729.14898647706
2011-08-17,0.002825068623012683,0.0,0.0,0.002825068623012683,113047.61656817768
2011-08-18,-0.044557611653138096,0.0,0.0,-0.044557611653138096,108010.48477081995
2011-08-19,-0.019170517262365405,0.0,0.0,-0.019170517262365405,105939.8679080045
2011-08-22,0.0011273910328213343,0.0,0.0,0.0011273910328213343,106059.30356510225
2011-08-23,0.024591847425259772,0.0,0.0,0.024591847425259772,108667.49777640455
2011-08-24,0.013191580532049496,0.0,0.0,0.013191580532049496,110100.99382453828
2011-08-25,-0.018625538433502564,0.0,0.0,-0.018625538433502564,108050.30353249251
2011-08-26,0.012161434037009755,0.0,0.0,0.012161434037009755,109364.35017158181
2011-08-29,0.03422540550973929,0.0,0.0,0.03422540550973929,113107.38940451332
2011-08-30,0.0028163508596379394,0.0,0.0,0.0028163508596379394,113425.93949789413
2011-08-31,0.01123388645587231,0.0,0.0,0.01123388645587231,114700.1536233641
2011-09-01,-0.014407452849739322,0.0,0.0,-0.014407452849739322,113047.61656817763
2011-09-02,-0.023599774757705805,0.0,0.0,-0.023599774757705805,110379.71828027315
2011-09-06,-0.004328734658825217,0.0,0.0,-0.004328734658825217,109901.91376812197
2011-09-07,0.03768099167452377,0.0,0.0,0.03768099167452377,114043.1268658328
2011-09-08,-0.007681356210571977,0.0,0.0,-0.007681356210571977,113167.12098500889
2011-09-09,-0.03131615566136614,0.0,0.0,-0.03131615566136614,109623.16180849369
2011-09-12,0.003269286134982785,0.0,0.0,0.003269286134982785,109981.55129146719
2011-09-13,0.0023531652163431005,0.0,0.0,0.0023531652163431005,110240.35605240572
2011-09-14,0.00650171577559866,0.0,0.0,0.00650171577559866,110957.10751445926
2011-09-15,0.016508467440308205,0.0,0.0,0.016508467440308205,112788.83931113248
2011-09-16,0.009708579241272108,0.0,0.0,0.009708579241272108,113883.85869511572
2011-09-19,-0.02185287557856319,0.0,0.0,-0.02185287557856319,111395.1689006447
2011-09-20,-0.000536275110119111,0.0,0.0,-0.000536275110119111,111335.43044417576
2011-09-21,-0.05275398543671572,0.0,0.0,-0.05275398543671572,105462.04276793324
2011-09-22,-0.024353227022299584,0.0,0.0,-0.024353227022299584,102893.70169817029
2011-09-23,0.007365560478254984,0.0,0.0,0.007365560478254984,103651.57148085968
2011-09-26,0.013964216822919928,0.0,0.0,0.013964216822919928,105098.98449905479
2011-09-27,0.009946181740339455,0.0,0.0,0.009946181740339455,106144.31809960751
2011-09-28,-0.025378655473464073,0.0,0.0,-0.025378655473464073,103450.5180200918
2011-09-29,0.015546202122162622,0.0,0.0,0.015546202122162622,105058.78068287458
2011-09-30,-0.026597942786472983,0.0,0.0,-0.026597942786472983,102264.43324505485
2011-10-03,-0.04717912747774944,0.0,0.0,-0.04717912747774944,97439.68651254661
2011-10-04,0.03940621432204083,0.0,0.0,0.03940621432204083,101279.41568273249
2011-10-05,-0.008535204195454171,0.0,0.0,-0.008535204195454171,100414.97518908409
2011-10-06,0.027427276027172987,0.0,0.0,0.027427276027172987,103169.08443085682
2011-10-07,-0.027864434486994605,0.0,0.0,-0.027864434486994605,100294.33623664998
2011-10-10,0.04990977089169624,0.0,0.0,0.04990977089169624,105300.00357995593
2011-10-11,-0.019855172285897393,0.0,0.0,-0.019855172285897393,103209.25386717028
2011-10-12,0.016361883607936667,0.0,0.0,0.016361883607936667,104897.9516662069
2011-10-13,-0.0065158493952827135,0.0,0.0,-0.0065158493952827135,104214.45241127624
2011-10-14,0.02314776937937446,0.0,0.0,0.02314776937937446,106626.78452169028
2011-10-17,-0.021681604394874543,0.0,0.0,-0.021681604394874543,104314.94476179346
2011-10-18,0.03526710779526776,0.0,0.0,0.03526710779526776,107993.83116336503
2011-10-19,-0.011541280162893464,0.0,0.0,-0.011541280162893464,106747.44410204442
2011-10-20,0.005649512264421341,0.0,0.0,0.005649512264421341,107350.51509669455
2011-10-21,0.03295897302210227,0.0,0.0,0.03295897302210227,110888.67782767529
2011-10-24,0.024836517738381136,0.0,0.0,0.024836517738381136,113642.76644152797
2011-10-25,-0.01627449543691284,0.0,0.0,-0.01627449543691284,111793.28775763717
2011-10-26,0.007373417293311757,0.0,0.0,0.007373417293311757,112617.58631886552
2011-10-27,0.04748241603998338,0.0,0.0,0.04748241603998338,117964.94140587663
2011-10-28,0.0020449859606852527,0.0,0.0,0.0020449859606852527,118206.17805490473
2011-10-31,-0.011224236225155337,0.0,0.0,-0.011224236225155337,116879.4039891437
2011-11-01,-0.032163870670329664,0.0,0.0,-0.032163870670329664,113120.10995521166
2011-11-02,0.019193259218533543,0.0,0.0,0.019193259218533543,115291.25354841106
2011-11-03,0.01377511642776752,0.0,0.0,0.01377511642776752,116879.4039891437
2011-11-04,-0.008084016257218218,0.0,0.0,-0.008084016257218218,115934.54898716148
2011-11-07,0.00017318256170217872,0.0,0.0,0.00017318256170217872,115954.62682934488
2011-11-08,0.013002690980767007,0.0,0.0,0.013002690980767007,117462.34900979699
2011-11-09,-0.04569574198089399,0.0,0.0,-0.04569574198089399,112094.81981697559
2011-11-10,-0.00017917614917029034,0.0,0.0,-0.00017917614917029034,112074.73509881884
2011-11-11,0.026906270338082017,0.0,0.0,0.026906270338082017,115090.2482194566
2011-11-14,-0.01851544058649668,0.0,0.0,-0.01851544058649668,112959.3015664641
2011-11-15,0.007474928047144447,0.0,0.0,0.007474928047144447,113803.66421792911
2011-11-16,-0.009539411018736899,0.0,0.0,-0.009539411018736899,112718.04428951598
2011-11-17,-0.018369635243171367,0.0,0.0,-0.018369635243171367,110647.45493059393
2011-11-18,0.006358479674584139,0.0,0.0,0.006358479674584139,111351.00452381458
2011-11-21,-0.02527531896108348,0.0,0.0,-0.02527531896108348,108536.57236783813
2011-11-22,-0.004630310366810608,0.0,0.0,-0.004630310366810608,108034.01435162526
2011-11-23,-0.030145214295434042,0.0,0.0,-0.030145214295434042,104777.30583779952
2011-11-25,0.0044129947819220305,0.0,0.0,0.0044129947819220305,105239.68754172557
2011-11-28,0.022349593189969763,0.0,0.0,0.022349593189969763,107591.75174572266
2011-11-29,-0.0014948080504136874,0.0,0.0,-0.0014948080504136874,107430.92272905506
2011-11-30,0.046594543917526376,0.0,0.0,0.046594543917526376,112436.6175762544
2011-12-01,-0.008224753001173757,0.0,0.0,-0.008224753001173757,111511.85416840228
2011-12-02,-0.0009012425382038947,0.0,0.0,-0.0009012425382038947,111411.35494191172
2011-12-05,0.008480778305540504,0.0,0.0,0.008480778305540504,112356.20994389398
2011-12-06,-0.0016107920928291053,0.0,0.0,-0.0016107920928291053,112175.2274493361
2011-12-07,0.010932269761709579,0.0,0.0,0.010932269761709579,113401.55729639337
2011-12-08,-0.02269094615913947,0.0,0.0,-0.02269094615913947,110828.36866541834
2011-12-09,0.021947849289449595,0.0,0.0,0.021947849289449595,113260.81299788252
2011-12-12,-0.01774930597242541,0.0,0.0,-0.01774930597242541,111250.51217329745
2011-12-13,-0.011745468151812433,0.0,0.0,-0.011745468151812433,109943.82282569315
2011-12-14,0.005851128532889938,0.0,0.0,0.005851128532889938,110587.11826444356
2011-12-15,0.01672436483414108,0.0,0.0,0.01672436483414108,112436.61757625443
2011-12-16,0.011084996901315813,0.0,0.0,0.011084996901315813,113682.97713368163
2011-12-19,-0.008664781791244636,0.0,0.0,-0.008664781791244636,112697.93894343922
2011-12-20,0.030324573231889307,0.0,0.0,0.030324573231889307,116115.45584601253
2011-12-21,-0.00034582548958883574,0.0,0.0,-0.00034582548958883574,116075.30016164576
2011-12-22,0.014374493892350682,0.0,0.0,0.014374493892350682,117743.8238548721
2011-12-23,0.0043505149220828265,0.0,0.0,0.0043505149220828265,118256.07011753581
2011-12-27,0.00446842645336365,0.0,0.0,0.00446842645336365,118784.48866951982
2011-12-28,-0.01197744895630748,0.0,0.0,-0.01197744895630748,117361.75351967957
2011-12-29,0.00883211908051762,0.0,0.0,0.00883211908051762,118398.30650226373
2011-12-30,-0.0042919696193780554,0.0,0.0,-0.0042919696193780554,117890.1445677702
2012-01-03,0.008448413932038212,0.0,0.0,0.008448413932038212,118886.12930758655
2012-01-04,-0.017096855537973243,0.0,0.0,-0.017096855537973243,116853.55032934595
2012-01-05,0.00939293560953991,0.0,0.0,0.00939293560953991,117951.14820333563
2012-01-06,-0.0032742022870098086,0.0,0.0,-0.0032742022870098086,117564.95228413284
2012-01-09,-0.003457844268454413,0.0,0.0,-0.003457844268454413,117158.43098770604
2012-01-10,0.011103237584493941,0.0,0.0,0.011103237584493941,118459.26888198908
2012-01-11,0.007035175296029816,0.0,0.0,0.007035175296029816,119292.6506040134
2012-01-12,-0.007326561763474793,0.0,0.0,-0.007326561763474793,118418.64563143447
2012-01-13,0.002231203967555162,0.0,0.0,0.002231203967555162,118682.86178339984
2012-01-17,0.008220494888971475,0.0,0.0,0.008220494888971475,119658.4936420988
2012-01-18,0.006964898191100799,0.0,0.0,0.006964898191100799,120491.90286801649
2012-01-19,0.0038795650257990033,0.0,0.0,0.0038795650257990033,120959.35904027522
2012-01-20,0.006217627301396966,0.0,0.0,0.006217627301396966,121711.43925340351
2012-01-23,0.0048426708222191195,0.0,0.0,0.0048426708222191195,122300.84768900626
2012-01-24,0.007645152309343928,0.0,0.0,0.007645152309343928,123235.85629715059
2012-01-25,0.012865153299077337,0.0,0.0,0.012865153299077337,124821.30448035651
2012-01-26,0.00700193948677863,0.0,0.0,0.00700193948677863,125695.29570098875
2012-01-27,0.00032329771989214606,0.0,0.0,0.00032329771989214606,125735.93270349003
2012-01-30,-0.00743585051826301,0.0,0.0,-0.00743585051826301,124800.9791031325
2012-01-31,0.004885759464030803,0.0,0.0,0.004885759464030803,125410.72666790594
2012-02-01,0.00988684782667093,0.0,0.0,0.00988684782667093,126650.64343830374
2012-02-02,0.0022466646948222646,0.0,0.0,0.0022466646948222646,126935.1849674931
2012-02-03,0.013931118269385978,0.0,0.0,0.013931118269385978,128703.53404182162
2012-02-06,-0.0031588005981879608,0.0,0.0,-0.0031588005981879608,128296.98524150142
2012-02-07,-0.0025346837497798314,0.0,0.0,-0.0025346837497798314,127971.79295786405
2012-02-08,0.0017474194909326002,0.0,0.0,0.0017474194909326002,128195.41336316822
2012-02-09,-0.007294048916416163,0.0,0.0,-0.007294048916416163,127260.34974723708
2012-02-10,-0.009263141469386005,0.0,0.0,-0.009263141469386005,126081.51912408488
2012-02-13,0.010156117835573575,0.0,0.0,0.010156117835573575,127362.0178891972
2012-02-14,-0.010213919500774216,0.0,0.0,-0.010213919500774216,126061.1524910208
2012-02-15,-0.005965340523930607,0.0,0.0,-0.005965340523930607,125309.1547895727
2012-02-16,0.010543230251018887,0.0,0.0,0.010543230251018887,126630.31806107974
2012-02-17,0.0008025478232709382,0.0,0.0,0.0008025478232709382,126731.94494719977
2012-02-21,-0.015557485141441174,0.0,0.0,-0.015557485141441174,124760.31459673778
2012-02-22,-0.008471931758947338,0.0,0.0,-0.008471931758947338,123703.35372524941
2012-02-23,0.01248780756779011,0.0,0.0,0.01248780756779011,125248.1374020606
2012-02-24,0.0012981371956328758,0.0,0.0,0.0012981371956328758,125410.72666790595
2012-02-27,-0.0016205951890506665,0.0,0.0,-0.0016205951890506665,125207.4866476126
2012-02-28,-0.005843898377872581,0.0,0.0,-0.005843898377872581,124475.78681949512
2012-02-29,-0.004082747362509798,0.0,0.0,-0.004082747362509798,123967.5836291615
2012-03-01,0.006066748992850313,0.0,0.0,0.006066748992850313,124719.66384228978
2012-03-02,-0.001466606286725125,0.0,0.0,-0.001466606286725125,124536.74919922045
2012-03-05,0.010118777341182605,0.0,0.0,0.010118777341182605,125796.90883516206
2012-03-06,-0.01324920025217624,0.0,0.0,-0.01324920025217624,124130.20039890024
2012-03-07,0.0054038316386881835,0.0,0.0,0.0054038316386881835,124800.97910313253
2012-03-08,-0.00521192487176525,0.0,0.0,-0.00521192487176525,124150.52577612424
2012-03-09,0.0049116893931899774,0.0,0.0,0.0049116893931899774,124760.3145967378
2012-03-12,0.007331413694571909,0.0,0.0,0.007331413694571909,125674.98407571143
2012-03-13,0.020216759376738835,0.0,0.0,0.020216759376738835,128215.72498844558
2012-03-14,-0.002695351296621684,0.0,0.0,-0.002695351296621684,127870.13856785068
2012-03-15,-0.001430471923452914,0.0,0.0,-0.001430471923452914,127687.22392478134
2012-03-16,0.005730515219715571,0.0,0.0,0.005730515219715571,128418.93750484553
2012-03-19,0.00696437668052341,0.0,0.0,0.00696437668052341,129313.29535854186
2012-03-20,-0.0014147203228833671,0.0,0.0,-0.0014147203228833671,129130.3532115791
2012-03-21,-0.0014162986054586657,0.0,0.0,-0.0014162986054586657,128947.46607240317
2012-03-22,-0.013714143720531924,0.0,0.0,-0.013714143720531924,127179.06199028781
2012-03-23,0.006233187721079725,0.0,0.0,0.006233187721079725,127971.79295786412
2012-03-26,0.011720100815390877,0.0,0.0,0.011720100815390877,129471.63527285661
2012-03-27,0.0001583679119205872,0.0,0.0,0.0001583679119205872,129492.13942538771
2012-03-28,-0.0015824725632009873,0.0,0.0,-0.0015824725632009873,129287.22166759682
2012-03-29,0.0004751432130785105,0.0,0.0,0.0004751432130785105,129348.65161350997
2012-03-30,0.008237220204504903,0.0,0.0,0.008237220204504903,130414.12494000624
2012-04-02,0.007070097068315961,0.0,0.0,0.007070097068315961,131336.16546241156
2012-04-03,-0.0039002681467071865,0.0,0.0,-0.0039002681467071865,130823.91919974785
2012-04-04,-0.010963175067695952,0.0,0.0,-0.010963175067695952,129389.6736705189
2012-04-05,-0.0038006867169187997,0.0,0.0,-0.0038006867169187997,128897.9040564929
2012-04-09,-0.010649983687301412,0.0,0.0,-0.010649983687301412,127525.1434809639
2012-04-10,-0.02152979275966349,0.0,0.0,-0.02152979275966349,124779.55357017241
2012-04-11,0.01280826821395542,0.0,0.0,0.01280826821395542,126377.76355991678
2012-04-12,0.013780373454986838,0.0,0.0,0.013780373454986838,128119.29633817846
2012-04-13,-0.0041577004454916855,0.0,0.0,-0.0041577004454916855,127586.61468271715
2012-04-16,0.013650023448666726,0.0,0.0,0.013650023448666726,129328.17496487223
2012-04-17,0.008555079912984986,0.0,0.0,0.008555079912984986,130434.58783669722
2012-04-18,-0.006754484987520626,0.0,0.0,-0.006754484987520626,129553.56937130081
2012-04-19,0.0,0.0,0.0,0.0,129553.56937130081
2012-04-20,0.012178019060914869,0.0,0.0,0.012178019060914869,131131.27520851407
2012-04-23,-0.010312758574039904,0.0,0.0,-0.010312758574039904,129778.95002578267
2012-04-24,0.014998411064038208,0.0,0.0,0.014998411064038208,131725.42806572866
2012-04-25,0.011510255854802365,0.0,0.0,0.011510255854802365,133241.62144534854
2012-04-26,0.0024606437368510647,0.0,0.0,0.0024606437368510647,133569.48160664592
2012-04-27,0.006902563007521234,0.0,0.0,0.006902563007521234,134491.45336931775
2012-04-30,-0.002589722583624332,0.0,0.0,-0.002589722583624332,134143.15781522274
2012-05-01,0.010844652485497708,0.0,0.0,0.010844652485497708,135597.8937450361
2012-05-02,-0.0015111149604538632,0.0,0.0,-0.0015111149604538632,135392.98973919195
2012-05-03,-0.0034805196229821256,0.0,0.0,-0.0034805196229821256,134921.75178159046
2012-05-04,-0.008807675223435507,0.0,0.0,-0.008807675223435507,133733.40481132123
2012-05-07,0.007047526147108574,0.0,0.0,0.007047526147108574,134675.89447847087
2012-05-08,-0.0018256500617160887,0.0,0.0,-0.0018256500617160887,134430.0234234046
2012-05-09,-0.003200603150067871,0.0,0.0,-0.003200603150067871,133999.76626697194
2012-05-10,0.0007643632663105748,0.0,0.0,0.0007643632663105748,134102.19076600063
2012-05-11,0.00213884911725426,0.0,0.0,0.00213884911725426,134389.01511834236
2012-05-14,-0.01265405306781997,0.0,0.0,-0.01265405306781997,132688.4493893028
2012-05-15,-0.00525044661443097,0.0,0.0,-0.00525044661443097,131991.77576943263
2012-05-16,-0.011021205051904848,0.0,0.0,-0.011021205051904848,130537.06734351267
2012-05-17,-0.02919504636461223,0.0,0.0,-0.02919504636461223,126726.03161011831
2012-05-18,-0.012125922422831836,0.0,0.0,-0.012125922422831836,125189.36158186066
2012-05-21,0.021767710321603184,0.0,0.0,0.021767710321603184,127914.44734012106
2012-05-22,0.0019222598551296155,0.0,0.0,0.0019222598551296155,128160.33214713405
2012-05-23,0.0014386069880654162,0.0,0.0,0.0014386069880654162,128344.7044965537
2012-05-24,0.004469915317300455,0.0,0.0,0.004469915317300455,128918.39445707724
2012-05-25,-0.003973094832437907,0.0,0.0,-0.003973094832437907,128406.18945025365
2012-05-29,0.014201520566415882,0.0,0.0,0.014201520566415882,130229.75259058652
2012-05-30,-0.023757132324538577,0.0,0.0,-0.023757132324538577,127135.86712570002
2012-05-31,0.007574849625784363,0.0,0.0,0.007574849625784363,128098.90220122089
2012-06-01,-0.024472448366687383,0.0,0.0,-0.024472448366687383,124964.00843127217
2012-06-04,-0.0068865374234965415,0.0,0.0,-0.0068865374234965415,124103.4391106201
2012-06-05,0.020637432160512725,0.0,0.0,0.020637432160512725,126664.61541615184
2012-06-06,0.022161041957000194,0.0,0.0,0.022161041957000194,129471.63527285648
2012-06-07,-0.00712145767306871,0.0,0.0,-0.00712145767306871,128549.60850239785
2012-06-08,0.014185355410543554,0.0,0.0,0.014185355410543554,130373.1303868906
2012-06-11,-0.02247335011191587,0.0,0.0,-0.02247335011191587,127443.20938251953
2012-06-12,0.009485302329646617,0.0,0.0,0.009485302329646617,128652.04675337319
2012-06-13,-0.005096209718073008,0.0,0.0,-0.005096209718073008,127996.40894245866
2012-06-14,0.014566621026113058,0.0,0.0,0.014566621026113058,129860.88412422682
2012-06-15,0.0061537053915927675,0.0,0.0,0.0061537053915927675,130660.00974701908
2012-06-18,0.008311265070594542,0.0,0.0,0.008311265070594542,131745.95972215303
2012-06-19,0.00404314412857909,0.0,0.0,0.00404314412857909,132278.62762566766
2012-06-20,-0.0004646060433927124,0.0,0.0,-0.0004646060433927124,132217.17017586107
2012-06-21,-0.016271266334686563,0.0,0.0,-0.016271266334686563,130065.82938591107
2012-06-22,0.00015785588360484049,0.0,0.0,0.00015785588360484049,130086.36104233557
2012-06-25,-0.0050980565859438665,0.0,0.0,-0.0050980565859438665,129423.17341268221
2012-06-26,0.0033518352799017936,0.0,0.0,0.0033518352799017936,129856.9785713637
2012-06-27,0.00397720720120609,0.0,0.0,0.00397720720120609,130373.44668166457
2012-06-28,0.010933336624346479,0.0,0.0,0.010933336624346479,131798.8634611115
2012-06-29,0.025548687058607467,0.0,0.0,0.025548687058607467,135166.15137835956
2012-07-02,0.011004007173151198,0.0,0.0,0.011004007173151198,136653.52067769427
2012-07-03,0.005895523522066126,0.0,0.0,0.005895523522066126,137459.16472322278
2012-07-05,-0.006161501818547466,0.0,0.0,-0.006161501818547466,136612.20982980463
2012-07-06,0.0024197639084331257,0.0,0.0,0.0024197639084331257,136942.77912460206
2012-07-09,0.0010557271919795497,0.0,0.0,0.0010557271919795497,137087.35334026915
2012-07-10,-0.010699219086212741,0.0,0.0,-0.010699219086212741,135620.62571293255
2012-07-11,0.0010661207825410912,0.0,0.0,0.0010661207825410912,135765.21368054635
2012-07-12,0.003043220538476943,0.0,0.0,0.003043220538476943,136178.3771672297
2012-07-13,0.01228772994239824,0.0,0.0,0.01228772994239824,137851.70028985466
2012-07-16,0.0019479938416779863,0.0,0.0,0.0019479938416779863,138120.23455308413
2012-07-17,0.00957228252655451,0.0,0.0,0.00957228252655451,139442.36046086022
2012-07-18,-0.005926136609628596,0.0,0.0,-0.005926136609628596,138616.0059836001
2012-07-19,-0.010431720589535232,0.0,0.0,-0.010431720589535232,137170.00253994184
2012-07-20,-0.0052712954159108705,0.0,0.0,-0.0052712954159108705,136446.93893435257
2012-07-23,-0.0072672782296405725,0.0,0.0,-0.0072672782296405725,135455.34106553384
2012-07-24,-0.0033552614680574244,0.0,0.0,-0.0033552614680574244,135000.85297901407
2012-07-25,-0.00045910838645435437,0.0,0.0,-0.00045910838645435437,134938.87295523292
2012-07-26,0.00887973081261828,0.0,0.0,0.00887973081261828,136137.0938232335
2012-07-27,0.009559898006743284,0.0,0.0,0.009559898006743284,137438.55055511804
2012-07-30,0.004659641733195885,0.0,0.0,0.004659641733195885,138078.96496103462
2012-07-31,-0.001496611037991924,0.0,0.0,-0.001496611037991924,137872.31445795944
2012-08-01,-0.004794498276322612,0.0,0.0,-0.004794498276322612,137211.28588393814
2012-08-02,0.00286041017921157,0.0,0.0,0.00286041017921157,137603.76644278326
2012-08-03,0.007806514606546244,0.0,0.0,0.007806514606546244,138677.97225543464
2012-08-06,-0.0010423191904439522,0.0,0.0,-0.0010423191904439522,138533.42554366094
2012-08-07,-0.011780539724503325,0.0,0.0,-0.011780539724503325,136901.42702087233
2012-08-08,-0.006790618397200743,0.0,0.0,-0.006790618397200743,135971.78167194137
2012-08-09,-0.0031904057838127997,0.0,0.0,-0.0031904057838127997,135537.97651325987
2012-08-10,0.0013718669566042951,0.0,0.0,0.0013718669566042951,135723.91658460343
2012-08-13,-0.0007610366269268365,0.0,0.0,-0.0007610366269268365,135620.62571293258
2012-08-14,-0.0021323429651948222,0.0,0.0,-0.0021323429651948222,135331.4360257583
2012-08-15,0.0045790559860776625,0.0,0.0,0.0045790559860776625,135951.12624799655
2012-08-16,0.007597546215818207,0.0,0.0,0.007597546215818207,136984.02121275823
2012-08-17,0.00030177499110539685,0.0,0.0,0.00030177499110539685,137025.3595645413
2012-08-20,-0.002864291398996799,0.0,0.0,-0.002864291398996799,136632.87900569613
2012-08-21,0.002116847314637571,0.0,0.0,0.002116847314637571,136922.10994871054
2012-08-22,-0.0006039233221266649,0.0,0.0,-0.0006039233221266649,136839.41949319773
2012-08-23,-0.003018928905329732,0.0,0.0,-0.003018928905329732,136426.31101430117
2012-08-24,0.0033307766768821967,0.0,0.0,0.0033307766768821967,136880.7165891407
2012-08-27,0.0030190227569013572,0.0,0.0,0.0030190227569013572,137293.96258750427
2012-08-28,0.0034601739933142195,0.0,0.0,0.0034601739933142195,137769.02358628862
2012-08-29,-0.0002994565761512691,0.0,0.0,-0.0002994565761512691,137727.76774618577
2012-08-30,-0.00224979223969457,0.0,0.0,-0.00224979223969457,137417.90888311993
2012-08-31,0.003156731246025224,0.0,0.0,0.003156731246025224,137851.70028985472
2012-09-04,0.007043084611886075,0.0,0.0,0.007043084611886075,138822.6014788885
2012-09-05,-0.00178548078408991,0.0,0.0,-0.00178548078408991,138574.7363915506
2012-09-06,0.008945059193770755,0.0,0.0,0.008945059193770755,139814.2956113342
2012-09-07,0.0008859164464825042,0.0,0.0,0.0008859164464825042,139938.15939526967
2012-09-10,-0.007824286449918838,0.0,0.0,-0.007824286449918838,138843.24315088667
2012-09-11,0.0029759531771216263,0.0,0.0,0.0029759531771216263,139256.43414146343
2012-09-12,0.002076966459737095,0.0,0.0,0.002076966459737095,139545.66508447783
2012-09-13,0.012287260729142657,0.0,0.0,0.012287260729142657,141260.2990549924
2012-09-14,0.005557036384852054,0.0,0.0,0.005557036384852054,142045.2876765761
2012-09-17,-0.0029084807355991282,0.0,0.0,-0.0029084807355991282,141632.15169378615
2012-09-18,-0.009481154691563187,0.0,0.0,-0.009481154691563187,140289.3153542784
2012-09-19,-0.0055954002459462915,0.0,0.0,-0.0055954002459462915,139504.34048464143
2012-09-20,-0.014808069213809394,0.0,0.0,-0.014808069213809394,137438.55055511804
2012-09-21,0.00014998825308820685,0.0,0.0,0.00014998825308820685,137459.16472322278
2012-09-24,-0.003711227373203174,0.0,0.0,-0.003711227373203174,136949.0225084043
2012-09-25,-0.014748277329189263,0.0,0.0,-0.014748277329189263,134929.26034448898
2012-09-26,-0.00015440831142743416,0.0,0.0,-0.00015440831142743416,134908.42614523703
2012-09-27,0.004321857817829899,0.0,0.0,0.004321857817829899,135491.48118146395
2012-09-28,-0.0015369654761806517,0.0,0.0,-0.0015369654761806517,135283.23545257145
2012-10-01,-0.007388343328533997,0.0,0.0,-0.007388343328533997,134283.71646245295
2012-10-02,0.007598487860259073,0.0,0.0,0.007598487860259073,135304.06965182337
2012-10-03,0.002000832816422715,0.0,0.0,0.002000832816422715,135574.7904745783
2012-10-04,-0.0003073462135403382,0.0,0.0,-0.0003073462135403382,135533.12207607442
2012-10-05,0.001228748161316906,0.0,0.0,0.001228748161316906,135699.6581506229
2012-10-08,-0.0021481263710811938,0.0,0.0,-0.0021481263710811938,135408.15813640287
2012-10-09,-0.0036905604362659217,0.0,0.0,-0.0036905604362659217,134908.42614523703
2012-10-10,0.0040129935037578335,0.0,0.0,0.0040129935037578335,135449.81278296007
2012-10-11,-0.0007684653263144714,0.0,0.0,-0.0007684653263144714,135345.72429838058
2012-10-12,-0.00353863448761893,0.0,0.0,-0.00353863448761893,134866.78525062653
2012-10-15,0.006638554395002494,0.0,0.0,0.006638554395002494,135762.10574059194
2012-10-16,0.006135505626399862,0.0,0.0,0.006135505626399862,136595.07490421526
2012-10-17,-0.00274424655089045,0.0,0.0,-0.00274424655089045,136220.22434104074
2012-10-18,0.01024186203999533,0.0,0.0,0.01024186203999533,137615.37308579887
2012-10-19,-0.008322096170131132,0.0,0.0,-0.008322096170131132,136470.1247164904
2012-10-22,-0.005035019717957723,0.0,0.0,-0.005035019717957723,135782.9949476307
2012-10-23,-0.010121201422481851,0.0,0.0,-0.010121201422481851,134408.70790601792
2012-10-24,-0.0007746223447494538,0.0,0.0,-0.0007746223447494538,134304.591917545
2012-10-25,-0.002791048003813801,0.0,0.0,-0.002791048003813801,133929.7413543705
2012-10-26,-0.008706160387047412,0.0,0.0,-0.008706160387047412,132763.72754554357
2012-10-31,0.009723977507352766,0.0,0.0,0.009723977507352766,134054.71904598875
2012-11-01,0.004815114893700567,0.0,0.0,0.004815114893700567,134700.20792023794
2012-11-02,0.00664717235093204,0.0,0.0,0.00664717235093204,135595.58341799013
2012-11-05,-0.0066032792159025355,0.0,0.0,-0.0066032792159025355,134700.20792023797
2012-11-06,0.00432833431614843,0.0,0.0,0.00432833431614843,135283.23545257145
2012-11-07,-0.00446348156644838,0.0,0.0,-0.00446348156644838,134679.4012248794
2012-11-08,-0.011904656149260173,0.0,0.0,-0.011904656149260173,133076.08926290896
2012-11-09,-0.002660048563118078,0.0,0.0,-0.002660048563118078,132722.1004028798
2012-11-12,-0.002353501914279632,0.0,0.0,-0.002353501914279632,132409.7386855144
2012-11-13,-0.0007862128387206013,0.0,0.0,-0.0007862128387206013,132305.6364489882
2012-11-14,-0.018728355638671146,0.0,0.0,-0.018728355638671146,129827.76943657082
2012-11-15,-0.004651252457052113,0.0,0.0,-0.004651252457052113,129223.90770498538
2012-11-16,0.006122847292665989,0.0,0.0,0.006122847292665989,130015.12595842457
2012-11-19,0.012331945641282704,0.0,0.0,0.012331945641282704,131618.46542428838
2012-11-20,0.007435875655124047,0.0,0.0,0.007435875655124047,132597.16396710163
2012-11-21,-0.0017274307941295142,0.0,0.0,-0.0017274307941295142,132368.11154285062
2012-11-23,0.007393140384995611,0.0,0.0,0.007393140384995611,133346.72757398366
2012-11-26,0.0020303053522734427,0.0,0.0,0.0020303053522734427,133617.46214868527
2012-11-27,-0.005610287417234128,0.0,0.0,-0.005610287417234128,132867.82978206978
2012-11-28,-0.0012540175187779612,0.0,0.0,-0.0012540175187779612,132701.21119584105
2012-11-29,0.005492334370091445,0.0,0.0,0.005492334370091445,133430.05061904472
2012-11-30,0.0020288313580956174,0.0,0.0,0.0020288313580956174,133700.75768985294
2012-12-03,0.004049138502506766,0.0,0.0,0.004049138502506766,134242.13057562924
2012-12-04,0.0015510646628316138,0.0,0.0,0.0015510646628316138,134450.34880062833
2012-12-05,-0.0030976320221812736,0.0,0.0,-0.0030976320221812736,134033.87109479005
2012-12-06,0.009321258481729489,0.0,0.0,0.009321258481729489,135283.23545257142
2012-12-07,0.0036941716642668876,0.0,0.0,0.0036941716642668876,135782.99494763065
2012-12-10,-0.0004600085742680893,0.0,0.0,-0.0004600085742680893,135720.5336057149
2012-12-11,0.002454406832092637,0.0,0.0,0.002454406832092637,136053.64701065206
2012-12-12,-0.002754661941635872,0.0,0.0,-0.002754661941635872,135678.86520721106
2012-12-13,-0.007673504486093163,0.0,0.0,-0.007673504486093163,134637.7328263755
2012-12-14,-0.00015453836693291034,0.0,0.0,-0.00015453836693291034,134616.92613101695
2012-12-17,0.005258998526499692,0.0,0.0,0.005258998526499692,135324.8763471819
2012-12-18,0.010309523499819617,0.0,0.0,0.010309523499819617,136720.01133999336
2012-12-19,-0.0013711711664594617,0.0,0.0,-0.0013711711664594617,136532.54480256597
2012-12-20,0.013116431381452243,0.0,0.0,0.013116431381452243,138323.36455780387
2012-12-21,-0.0016564170826598446,0.0,0.0,-0.0016564170826598446,138094.24337381934
2012-12-24,0.0013279497014280217,0.0,0.0,0.0013279497014280217,138277.62558307656
2012-12-26,-0.004725050325052993,0.0,0.0,-0.004725050325052993,137624.25684336768
2012-12-27,0.0036754992695566813,0.0,0.0,0.0036754992695566813,138130.09469886878
2012-12-28,-0.006560768220868929,0.0,0.0,-0.006560768220868929,137223.85516322282
2012-12-31,0.010597380128323897,0.0,0.0,0.010597380128323897,138678.06851906155
2013-01-02,0.012462106750625868,0.0,0.0,0.012462106750625868,140406.2894129167
2013-01-03,-0.000150539852365128,0.0,0.0,-0.000150539852365128,140385.15267083736
2013-01-04,0.004654311593294214,0.0,0.0,0.004654311593294214,141038.5489144396
2013-01-07,0.0022413446624902633,0.0,0.0,0.0022413446624902633,141354.66491325438
2013-01-08,-0.0019379535755048583,0.0,0.0,-0.0019379535755048583,141080.72613497145
2013-01-09,0.0028380058649197792,0.0,0.0,0.0028380058649197792,141481.11406316963
2013-01-10,0.0010429546662695799,0.0,0.0,0.0010429546662695799,141628.67245127083
2013-01-11,-0.0005953115549575116,0.0,0.0,-0.0005953115549575116,141544.3592660473
2013-01-14,0.0028292928235003068,0.0,0.0,0.0028292928235003068,141944.8297059257
2013-01-15,0.004750915998267269,0.0,0.0,0.004750915998267269,142619.19766824692
2013-01-16,-0.0011816789715236586,0.0,0.0,-0.0011816789715236586,142450.66756142676
2013-01-17,0.0031063132000113125,0.0,0.0,0.0031063132000113125,142893.16395042327
2013-01-18,0.004277550850712686,0.0,0.0,0.004277550850712686,143504.39672544043
2013-01-22,0.005140291432675026,0.0,0.0,0.005140291432675026,144242.05114647938
2013-01-23,-0.0002922151779137794,0.0,0.0,-0.0002922151779137794,144199.90142984097
2013-01-24,0.002046008780843378,0.0,0.0,0.002046008780843378,144494.93569436317
2013-01-25,0.005688746849194848,0.0,0.0,0.005688746849194848,145316.9308045191
2013-01-28,0.0026102942289814024,0.0,0.0,0.0026102942289814024,145696.25075037143
2013-01-29,0.002893363226574852,0.0,0.0,0.002893363226574852,146117.80292454237
2013-01-30,-0.009519968716015459,0.0,0.0,-0.009519968716015459,144726.76601184782
2013-01-31,-0.005970585778745985,0.0,0.0,-0.005970585778745985,143862.6624408936
2013-02-01,0.005860098278811288,0.0,0.0,0.005860098278811288,144705.71178144866
2013-02-04,-0.0023301359497810425,0.0,0.0,-0.0023301359497810425,144368.52780028805
2013-02-05,-0.0023360544436709096,0.0,0.0,-0.0023360544436709096,144031.27505939396
2013-02-06,0.0035120956003420467,0.0,0.0,0.0035120956003420467,144537.12666684174
2013-02-07,-0.004228707773695994,0.0,0.0,-0.004228707773695994,143925.92139571797
2013-02-08,0.009225139496446433,0.0,0.0,0.009225139496446433,145253.65809774806
2013-02-11,0.001451089699535446,0.0,0.0,0.001451089699535446,145464.43418483355
2013-02-12,0.007534127819814662,0.0,0.0,0.007534127819814662,146560.3818252191
2013-02-13,-0.0005750918514297876,0.0,0.0,-0.0005750918514297876,146476.09614388898
2013-02-14,-0.004172448825255914,0.0,0.0,-0.004172448825255914,145864.93212860535
2013-02-15,0.00043302177072801484,0.0,0.0,0.00043302177072801484,145928.0948198028
2013-02-19,0.007943306522671278,0.0,0.0,0.007943306522671278,147087.24640722593
2013-02-20,-0.0064477072180139094,0.0,0.0,-0.0064477072180139094,146138.87090688827
2013-02-21,-0.007499357519217709,0.0,0.0,-0.007499357519217709,145042.9232665027
2013-02-22,0.010026658555735368,0.0,0.0,0.010026658555735368,146497.21913402164
2013-02-25,-0.018990437756709833,0.0,0.0,-0.018990437756709833,143715.17281252594
2013-02-26,0.006892375728587252,0.0,0.0,0.006892375728587252,144705.7117814487
2013-02-27,0.007282351959532196,0.0,0.0,0.007282351959532196,145759.50970519584
2013-02-28,-0.00101215271995736,0.0,0.0,-0.00101215271995736,145611.9788209881
2013-03-01,0.0033290006302140185,0.0,0.0,0.0033290006302140185,146096.72119024987
2013-03-04,0.007501238738399474,0.0,0.0,0.007501238738399474,147192.6275747953
2013-03-05,0.007875158956455186,0.0,0.0,0.007875158956455186,148351.79291416513
2013-03-06,-0.002983121323241078,0.0,0.0,-0.002983121323241078,147909.24151738183
2013-03-07,-0.004701867777018198,0.0,0.0,-0.004701867777018198,147213.79182076806
2013-03-08,0.0017172442410244848,0.0,0.0,0.0017172442410244848,147466.59385697165
2013-03-11,0.0008579428488830754,0.0,0.0,0.0008579428488830754,147593.11176662036
2013-03-12,-0.0037129193735863097,0.0,0.0,-0.0037129193735863097,147045.1104425342
2013-03-13,0.0010032100476999872,0.0,0.0,0.0010032100476999872,147192.62757479533
2013-03-14,0.006300519563731344,0.0,0.0,0.006300519563731344,148120.01760446734
2013-03-15,0.002276424122909626,0.0,0.0,0.002276424122909626,148457.20158562795
2013-03-18,-0.005536916373045098,0.0,0.0,-0.005536916373045098,147635.20647547202
2013-03-19,-0.004853577624919558,0.0,0.0,-0.004853577624919558,146918.64754067227
2013-03-20,0.0031559941142773607,0.0,0.0,0.0031559941142773607,147382.32192758823
2013-03-21,-0.003002930710333862,0.0,0.0,-0.003002930710333862,146939.74302691154
2013-03-22,0.005261293995496574,0.0,0.0,0.005261293995496574,147712.83621459885
2013-03-25,0.00014327966692095906,0.0,0.0,0.00014327966692095906,147734.00046057164
2013-03-26,0.008626080610494302,0.0,0.0,0.008626080610494302,149008.36585745533
2013-03-27,0.0018529015624473288,0.0,0.0,0.0018529015624473288,149284.46369137033
2013-03-28,0.0034143013942682376,0.0,0.0,0.0034143013942682376,149794.16584389439
2013-04-01,0.0029776235728931066,0.0,0.0,0.0029776235728931066,150240.19648319302
2013-04-02,0.003109744583370322,0.0,0.0,0.003109744583370322,150707.40512041113
2013-04-03,-0.003522953353261582,0.0,0.0,-0.003522953353261582,150176.46996218082
2013-04-04,0.016263354962314125,0.0,0.0,0.016263354962314125,152618.84320016304
2013-04-05,0.005427383593466173,0.0,0.0,0.005427383593466173,153447.1642058014
2013-04-08,0.00802780803451153,0.0,0.0,0.00802780803451153,154679.00858348573
2013-04-09,0.0001371825042963959,0.0,0.0,0.0001371825042963959,154700.2278372453
2013-04-10,0.006177877390597386,0.0,0.0,0.006177877390597386,155655.94687712129
2013-04-11,0.005867125842512033,0.0,0.0,0.005867125842512033,156569.19990558474
2013-04-12,0.0024416703066136858,0.0,0.0,0.0024416703066136858,156951.49027192444
2013-04-15,-0.020703689937771386,0.0,0.0,-0.020703689937771386,153702.0152820634
2013-04-16,0.016581749285525582,0.0,0.0,0.016581749285525582,156250.6635641506
2013-04-17,-0.010602023785090009,0.0,0.0,-0.010602023785090009,154594.09031260738
2013-04-18,-0.0015117934567230318,0.0,0.0,-0.0015117934567230318,154360.37597842474
2013-04-19,0.01541023215039794,0.0,0.0,0.01541023215039794,156739.10520707496
2013-04-22,-0.0013548473476068246,0.0,0.0,-0.0013548473476068246,156526.7476461189
2013-04-23,0.005563095625502168,0.0,0.0,0.005563095625502168,157397.5209112231
2013-04-24,0.002158932370809996,0.0,0.0,0.002158932370809996,157737.33151420357
2013-04-25,-0.003366206394981308,0.0,0.0,-0.003366206394981308,157206.35510013317
2013-04-26,-0.0032422490312136176,0.0,0.0,-0.0032422490312136176,156696.65294760914
2013-04-29,0.00853902674332474,0.0,0.0,0.00853902674332474,158034.68985771824
2013-04-30,0.011691461872177511,0.0,0.0,0.011691461872177511,159882.34640867115
2013-05-01,-0.007969784695051052,0.0,0.0,-0.007969784695051052,158608.1185312545
2013-05-02,0.006560886141877331,0.0,0.0,0.006560886141877331,159648.72833811544
2013-05-03,0.003991240375175842,0.0,0.0,0.003991240375175842,160285.924788504
2013-05-06,0.0051675139341846865,0.0,0.0,0.0051675139341846865,161114.20453830226
2013-05-07,0.005536484342685055,0.0,0.0,0.005536484342685055,162006.21080911273
2013-05-08,0.000524676073429875,0.0,0.0,0.000524676073429875,162091.2115916713
2013-05-09,-0.006551660448826491,0.0,0.0,-0.006551660448826491,161029.2450115838
2013-05-10,0.0036928800057389743,0.0,0.0,0.0036928800057389743,161623.9066908263
2013-05-13,0.004730616579773805,0.0,0.0,0.004730616579773805,162388.48742350572
2013-05-14,0.003662477558348254,0.0,0.0,0.003662477558348254,162983.23161442846
2013-05-15,0.009903348462593664,0.0,0.0,0.009903348462593664,164597.31135066575
2013-05-16,-0.005161074604359772,0.0,0.0,-0.005161074604359772,163747.81234710795
2013-05-17,0.005576940293330557,0.0,0.0,0.005576940293330557,164661.02411973124
2013-05-20,0.002321764487559941,0.0,0.0,0.002321764487559941,165043.32823801768
2013-05-21,0.005662148213399609,0.0,0.0,0.005662148213399609,165977.8280241341
2013-05-22,-0.024312298384858377,0.0,0.0,-0.024312298384858377,161942.52554394063
2013-05-23,-0.018754207190218142,0.0,0.0,-0.018754207190218142,158905.4218669824
2013-05-24,-0.002538960644465682,0.0,0.0,-0.002538960644465682,158501.9672546699
2013-05-28,-0.008576162801593346,0.0,0.0,-0.008576162801593346,157142.62857912102
2013-05-29,-0.021219159605063043,0.0,0.0,-0.021219159605063043,153808.1940625415
2013-05-30,-0.009389629385110565,0.0,0.0,-0.009389629385110565,152363.9921239011
2013-05-31,-0.013381622136624305,0.0,0.0,-0.013381622136624305,150325.11475407143
2013-06-03,0.005651169845400261,0.0,0.0,0.005651169845400261,151174.62750957598
2013-06-04,-0.013908353362815262,0.0,0.0,-0.013908353362815262,149072.03737068083
2013-06-05,-0.008262955546035289,0.0,0.0,-0.008262955546035289,147840.26175272997
2013-06-06,0.016089674737828297,0.0,0.0,0.016089674737828297,150218.9634774868
2013-06-07,0.00014134703911361512,0.0,0.0,0.00014134703911361512,150240.19648319305
2013-06-10,-0.008623422232998723,0.0,0.0,-0.008623422232998723,148944.61183254982
2013-06-11,-0.014829465075624104,0.0,0.0,-0.014829465075624104,146735.84291317663
2013-06-12,-0.013605291078778614,0.0,0.0,-0.013605291078778614,144739.45905865292
2013-06-13,0.025972217049361257,0.0,0.0,0.025972217049361257,148498.66370493142
2013-06-14,0.0037183375941600705,0.0,0.0,0.0037183375941600705,149050.83186886797
2013-06-17,0.002849649481857508,0.0,0.0,0.002849649481857508,149475.57449467352
2013-06-18,0.005115364106172526,0.0,0.0,0.005115364106172526,150240.19648319308
2013-06-19,-0.030675752971644044,0.0,0.0,-0.030675752971644044,145631.4653294634
2013-06-20,-0.04156326606156069,0.0,0.0,-0.04156326606156069,139578.54598903994
2013-06-21,0.013542232157899736,0.0,0.0,0.013542232157899736,141468.7510630856
2013-06-24,-0.004531854210774955,0.0,0.0,-0.004531854210774955,140827.63530788728
2013-06-25,0.016747716921730937,0.0,0.0,0.016747716921730937,143186.17667878055
2013-06-26,0.015124664019609657,0.0,0.0,0.015124664019609657,145351.81949329958
2013-06-27,0.02006150690498032,0.0,0.0,0.02006150690498032,148267.79602371587
2013-06-28,-0.0062181946144102,0.0,0.0,-0.0062181946144102,147345.83801299072
2013-07-01,-0.002182734048224555,0.0,0.0,-0.002182734048224555,147024.22123549558
2013-07-02,0.01531284219285145,0.0,0.0,0.01531284219285145,149275.5799338016
2013-07-03,-0.006607265366353143,0.0,0.0,-0.006607265366353143,148289.27656446272
2013-07-05,-0.004771426674288426,0.0,0.0,-0.004771426674288426,147581.7251547521
2013-07-08,0.0010167077956078074,0.0,0.0,0.0010167077956078074,147731.7726452062
2013-07-09,0.014223734124897858,0.0,0.0,0.014223734124897858,149833.07010111143
2013-07-10,0.00042944697435842727,0.0,0.0,0.00042944697435842727,149897.4154597252
2013-07-11,0.02417384375005449,0.0,0.0,0.02417384375005449,153521.0121595856
2013-07-12,-0.0061451591173586895,0.0,0.0,-0.0061451591173586895,152577.601112007
2013-07-15,0.004215509317635702,0.0,0.0,0.004215509317635702,153220.79341115718
2013-07-16,0.0006999796172111328,0.0,0.0,0.0006999796172111328,153328.0448434779
2013-07-17,0.0036355720839724714,0.0,0.0,0.0036355720839724714,153885.48000300094
2013-07-18,0.008499218996241842,0.0,0.0,0.008499218996241842,155193.38639788821
2013-07-19,-0.0006905508226088264,0.0,0.0,-0.0006905508226088264,155086.2174772477
2013-07-22,0.003041835614429278,0.0,0.0,0.003041835614429278,155557.96425687714
2013-07-23,-0.0011031051463947783,0.0,0.0,-0.0011031051463947783,155386.3674659427
2013-07-24,-0.01945584419181945,0.0,0.0,-0.01945584419181945,152363.1945109925
2013-07-25,0.001547738499345419,0.0,0.0,0.001547738499345419,152599.0128930204
2013-07-26,0.0008432358954444386,0.0,0.0,0.0008432358954444386,152727.6898583012
2013-07-29,-0.007441182593462048,0.0,0.0,-0.007441182593462048,151591.21523098793
2013-07-30,-0.0029699938901893708,0.0,0.0,-0.0029699938901893708,151140.9902479455
2013-07-31,-0.01631424766589662,0.0,0.0,-0.01631424766589662,148675.23870057167
2013-08-01,-0.003893919776261967,0.0,0.0,-0.003893919776261967,148096.30924835504
2013-08-02,-0.004922781034209289,0.0,0.0,-0.004922781034209289,147367.26354595085
2013-08-05,-0.0007273167052721519,0.0,0.0,-0.0007273167052721519,147260.08087336362
2013-08-06,-0.0034943895898399413,0.0,0.0,-0.0034943895898399413,146745.49677976075
2013-08-07,-0.002630052660092308,0.0,0.0,-0.002630052660092308,146359.54839559857
2013-08-08,0.00043945103292131193,0.0,0.0,0.00043945103292131193,146423.8662503189
2013-08-09,0.008786099198300201,0.0,0.0,0.008786099198300201,147710.36086419286
2013-08-12,-0.007112991084392006,0.0,0.0,-0.007112991084392006,146659.6983842935
2013-08-13,-0.013742785745429975,0.0,0.0,-0.013742785745429975,144644.18557190878
2013-08-14,-0.0038539323877114784,0.0,0.0,-0.0038539323877114784,144086.73666043906
2013-08-15,-0.018303416675956585,0.0,0.0,-0.018303416675956585,141449.4570818642
2013-08-16,-0.024556822493818187,0.0,0.0,-0.024556822493818187,137975.9078724579
2013-08-19,-0.013208758808638255,0.0,0.0,-0.013208758808638255,136153.41738396772
2013-08-20,0.022677163604666983,0.0,0.0,0.022677163604666983,139240.99070531846
2013-08-21,-0.002310081476050163,0.0,0.0,-0.002310081476050163,138919.33267198323
2013-08-22,0.00601962384107213,0.0,0.0,0.00601962384107213,139755.5747989213
2013-08-23,0.010432661789504083,0.0,0.0,0.010432661789504083,141213.5974439962
2013-08-26,-0.0028850013624023285,0.0,0.0,-0.0028850013624023285,140806.19602298053
2013-08-27,-0.004873229331650575,0.0,0.0,-0.004873229331650575,140120.01513844318
2013-08-28,-0.006120655947765341,0.0,0.0,-0.006120655947765341,139262.3887343851
2013-08-29,0.0015395872709282887,0.0,0.0,0.0015395872709282887,139476.79533539963
2013-08-30,-0.008455058309574048,0.0,0.0,-0.008455058309574048,138297.5108980063
2013-09-03,-0.008682079399382148,0.0,0.0,-0.008682079399382148,137096.8009276529
2013-09-04,0.008601938056616909,0.0,0.0,0.008601938056616909,138276.0991169929
2013-09-05,-0.010544185889237445,0.0,0.0,-0.010544185889237445,136818.0902238647
2013-09-06,0.015514828729486174,0.0,0.0,0.015514828729486174,138940.79946078334
2013-09-09,0.020833178681734843,0.0,0.0,0.020833178681734843,141835.37796213294
2013-09-10,-0.0007558775393063932,0.0,0.0,-0.0007558775393063932,141728.16778565233
2013-09-11,0.008018304598738313,0.0,0.0,0.008018304598738313,142864.58740517878
2013-09-12,-0.006453273519516078,0.0,0.0,-0.006453273519516078,141942.64314640034
2013-09-13,0.002869989652807048,0.0,0.0,0.002869989652807048,142350.0170635226
2013-09-16,0.009941105737531597,0.0,0.0,0.009941105737531597,143765.1336348905
2013-09-17,-0.000596699918482102,0.0,0.0,-0.000596699918482102,143679.34899136997
2013-09-18,0.03387571200720374,0.0,0.0,0.03387571200720374,148546.58923918416
2013-09-19,-0.0008659620533836287,0.0,0.0,-0.0008659620533836287,148417.95352974345
2013-09-20,-0.016325032974272458,0.0,0.0,-0.016325032974272458,145995.02554439637
2013-09-23,-0.006847195689427932,0.0,0.0,-0.006847195689427932,144995.36903481086
2013-09-24,-0.00761104458855455,0.0,0.0,-0.00761104458855455,143891.80281595298
2013-09-25,0.0033083009433758637,0.0,0.0,0.0033083009433758637,144367.84020295303
2013-09-26,0.006145555631443145,0.0,0.0,0.006145555631443145,145255.0607963116
2013-09-27,-0.004171641415879557,0.0,0.0,-0.004171641415879557,144649.1087688276
2013-09-30,-0.01062067533550104,0.0,0.0,-0.01062067533550104,143112.8375470243
2013-10-01,0.014514737718359871,0.0,0.0,0.014514737718359871,145190.0828481496
2013-10-02,0.0014903695699779451,0.0,0.0,0.0014903695699779451,145406.46972948906
2013-10-03,-0.017410476114905538,0.0,0.0,-0.017410476114905538,142874.8738613111
2013-10-04,-0.001968924374958436,0.0,0.0,-0.001968924374958436,142593.56403959644
2013-10-07,0.004552234825956347,0.0,0.0,0.004552234825956347,143242.68342777473
2013-10-08,-0.010876257359347496,0.0,0.0,-0.010876257359347496,141684.7391379707
2013-10-09,0.00015277272795222174,0.0,0.0,0.00015277272795222174,141706.384702078
2013-10-10,0.025500220292960618,0.0,0.0,0.025500220292960618,145319.92872890003
2013-10-11,0.009976222709725313,0.0,0.0,0.009976222709725313,146769.67270206093
2013-10-14,0.0005895444682091355,0.0,0.0,0.0005895444682091355,146856.1999507033
2013-10-15,-0.0036836992888525932,0.0,0.0,-0.0036836992888525932,146315.2258713813
2013-10-16,0.018781625363582632,0.0,0.0,0.018781625363582632,149063.26362868556
2013-10-17,0.015096550279857901,0.0,0.0,0.015096550279857901,151313.60468293572
2013-10-18,-0.0010009026573315483,0.0,0.0,-0.0010009026573315483,151162.15449391818
2013-10-21,-0.00601225157625207,0.0,0.0,-0.00601225157625207,150253.32959229246
2013-10-22,0.009217032303224792,0.0,0.0,0.009217032303224792,151638.2193848117
2013-10-23,0.0018545031670023082,0.0,0.0,0.0018545031670023082,151919.4329428994
2013-10-24,-0.0002850516179688789,0.0,0.0,-0.0002850516179688789,151876.12806273813
2013-10-25,0.012253018003575367,0.0,0.0,0.012253018003575367,153737.0689942042
2013-10-28,-0.007178180735010531,0.0,0.0,-0.007178180735010531,152633.516527293
2013-10-29,-0.005812300298187689,0.0,0.0,-0.005812300298187689,151746.36469366797
2013-10-30,-0.008413039894650809,0.0,0.0,-0.008413039894650809,150469.7164736319
2013-10-31,-0.0058958829352250275,0.0,0.0,-0.0058958829352250275,149582.56464000687
2013-11-01,0.005207410147766156,0.0,0.0,0.005207410147766156,150361.50240504215
2013-11-04,0.0018709813959127963,0.0,0.0,0.0018709813959127963,150642.82597870348
2013-11-05,-0.016374405244483636,0.0,0.0,-0.016374405244483636,148176.13929895396
2013-11-06,-0.0014608923814847241,0.0,0.0,-0.0014608923814847241,147959.66990593428
2013-11-07,-0.012429850601997527,0.0,0.0,-0.012429850601997527,146120.55331388264
2013-11-08,-0.013475765015018237,0.0,0.0,-0.013475765015018237,144151.4670735603
2013-11-11,0.0010509185090732398,0.0,0.0,0.0010509185090732398,144302.958518418
2013-11-12,-0.004498309631644992,0.0,0.0,-0.004498309631644992,143653.83913023974
2013-11-13,0.006476979435238395,0.0,0.0,0.006476979435238395,144584.28209207935
2013-11-14,0.007033468229930229,0.0,0.0,0.007033468229930229,145601.21104672126
2013-11-15,0.003715355960890454,0.0,0.0,0.003715355960890454,146142.17137409656
2013-11-18,-0.006218584199121913,0.0,0.0,-0.006218584199121913,145233.3739763642
2013-11-19,-0.007002317598484686,0.0,0.0,-0.007002317598484686,144216.40376588222
2013-11-20,-0.012152782578704224,0.0,0.0,-0.012152782578704224,142463.77316663283
2013-11-21,0.007745810984759682,0.0,0.0,0.007745810984759682,143567.27062575726
2013-11-22,-0.003918761490905309,0.0,0.0,-0.003918761490905309,143004.66473427464
2013-11-25,-0.00469031866644698,0.0,0.0,-0.00469031866644698,142333.92728588247
2013-11-26,-0.003496490321391321,0.0,0.0,-0.003496490321391321,141836.2580867218
2013-11-27,0.008543127801073247,0.0,0.0,0.008543127801073247,143047.98336638266
2013-11-29,-0.009227248907591634,0.0,0.0,-0.009227248907591634,141728.04401813203
2013-12-02,-0.005801455166802749,0.0,0.0,-0.005801455166802749,140905.81512488218
2013-12-03,-0.001996341098617127,0.0,0.0,-0.001996341098617127,140624.51905511424
2013-12-04,0.003692917613211222,0.0,0.0,0.003692917613211222,141143.83381838223
2013-12-05,0.0035259719514284527,0.0,0.0,0.0035259719514284527,141641.5030175429
2013-12-06,0.00717979149380632,0.0,0.0,0.00717979149380632,142658.45947607822
2013-12-09,0.00485362395567579,0.0,0.0,0.00485362395567579,143350.86999247113
2013-12-10,-0.002566183060275673,0.0,0.0,-0.002566183060275673,142983.00541822065
2013-12-11,-0.023002431787046085,0.0,0.0,-0.023002431787046085,139694.04858938121
2013-12-12,-0.0055760268451012784,0.0,0.0,-0.0055760268451012784,138915.11082434593
2013-12-13,0.002492009344762902,0.0,0.0,0.002492009344762902,139261.28857864896
2013-12-16,0.0034187975107291546,0.0,0.0,0.0034187975107291546,139737.3947253826
2013-12-17,0.004645083626759305,0.0,0.0,0.004645083626759305,140386.48660966745
2013-12-18,0.017725261966006434,0.0,0.0,0.017725261966006434,142874.8738613111
2013-12-19,-0.013781700611265602,0.0,0.0,-0.013781700611265602,140905.81512488215
2013-12-20,0.006142445354371251,0.0,0.0,0.006142445354371251,141771.32139439989
2013-12-23,0.0019841535438989144,0.0,0.0,0.0019841535438989144,142052.61746416782
2013-12-24,0.0008971273627524923,0.0,0.0,0.0008971273627524923,142180.05675424554
2013-12-26,0.0007728091875116583,0.0,0.0,0.0007728091875116583,142289.93480838614
2013-12-27,0.0021621947610557246,0.0,0.0,0.0021621947610557246,142597.5933599798
2013-12-30,0.0003081220985168276,0.0,0.0,0.0003081220985168276,142641.53082968932
2013-12-31,-0.005391970140933733,0.0,0.0,-0.005391970140933733,141872.41195459853
2014-01-02,0.00015509086240506065,0.0,0.0,0.00015509086240506065,141894.41506932006
2014-01-03,0.005575330343192908,0.0,0.0,0.005575330343192908,142685.52330718565
2014-01-06,0.005082471862031035,0.0,0.0,0.005082471862031035,143410.7184645136
2014-01-07,0.0044433495704130355,0.0,0.0,0.0044433495704130355,144047.94241879552
2014-01-08,-0.004881652808076842,0.0,0.0,-0.004881652808076842,143344.7503761891
2014-01-09,0.0,0.0,0.0,0.0,143344.7503761891
2014-01-10,0.013644330263343774,0.0,0.0,0.013644330263343774,145300.5934918384
2014-01-13,-0.006654854994690429,0.0,0.0,-0.006654854994690429,144333.63911150774
2014-01-14,0.00730836607591856,0.0,0.0,0.00730836607591856,145388.48218320415
2014-01-15,0.007557643334965558,0.0,0.0,0.007557643334965558,146487.27647655678
2014-01-16,0.001799924747317716,0.0,0.0,0.001799924747317716,146750.94255065412
2014-01-17,-0.005839971474850492,0.0,0.0,-0.005839971474850492,145893.9212322509
2014-01-21,0.00903726235311364,0.0,0.0,0.00903726235311364,147212.40287415122
2014-01-22,0.004328976021222619,0.0,0.0,0.004328976021222619,147849.68183621997
2014-01-23,-0.0023780641049515605,0.0,0.0,-0.0023780641049515605,147498.08581491676
2014-01-24,-0.01251490007799072,0.0,0.0,-0.01251490007799072,145652.1620092482
2014-01-27,-0.007694933193345355,0.0,0.0,-0.007694933193345355,144531.3783531207
2014-01-28,0.008362698545226754,0.0,0.0,0.008362698545226754,145740.05070061397
2014-01-29,-0.005428025653684276,0.0,0.0,-0.005428025653684276,144948.96996664177
2014-01-30,0.015160834405176793,0.0,0.0,0.015160834405176793,147146.51729750697
2014-01-31,0.005375862729613434,0.0,0.0,0.005375862729613434,147937.55677563904
2014-02-03,-0.01589401400241619,0.0,0.0,-0.01589401400241619,145586.2351767638
2014-02-04,0.012075464141384051,0.0,0.0,0.012075464141384051,147344.2565391199
2014-02-05,-0.0020877454132179896,0.0,0.0,-0.0020877454132179896,147036.63924336634
2014-02-06,0.007322910645843672,0.0,0.0,0.007322910645843672,148113.37541421066
2014-02-07,0.007566972942493866,0.0,0.0,0.007566972942493866,149234.14531839144
2014-02-10,0.009424194349795911,0.0,0.0,0.009424194349795911,150640.55690749764
2014-02-11,0.003938607242604197,0.0,0.0,0.003938607242604197,151233.87089596345
2014-02-12,0.000581235161090099,0.0,0.0,0.000581235161090099,151321.77333927594
2014-02-13,0.0037760156573329873,0.0,0.0,0.0037760156573329873,151893.16672470042
2014-02-14,0.0039059458523746926,0.0,0.0,0.0039059458523746926,152486.45320927282
2014-02-18,0.0048999157133691185,0.0,0.0,0.0048999157133691185,153233.62397742888
2014-02-19,-0.0005735600913460148,0.0,0.0,-0.0005735600913460148,153145.7352860631
2014-02-20,-0.002152062243322428,0.0,0.0,-0.002152062243322428,152816.1561314281
2014-02-21,0.002444492059225478,0.0,0.0,0.002444492059225478,153189.71401161276
2014-02-24,0.0024383515479564632,0.0,0.0,0.0024383515479564632,153563.24438790395
2014-02-25,0.0032914064238573904,0.0,0.0,0.0032914064238573904,154068.68343695067
2014-02-26,0.0022819839925511953,0.0,0.0,0.0022819839925511953,154420.26570630725
2014-02-27,-0.0027031852862796635,0.0,0.0,-0.0027031852862796635,154002.83911614656
2014-02-28,0.009274445487529315,0.0,0.0,0.009274445487529315,155431.130052454
2014-03-03,0.0005657164505989964,0.0,0.0,0.0005657164505989964,155519.05999965986
2014-03-04,0.014412926625068767,0.0,0.0,0.014412926625068767,157760.54480023464
2014-03-05,-0.0012538496339306038,0.0,0.0,-0.0012538496339306038,157562.73679888816
2014-03-06,-0.008367804246062316,0.0,0.0,-0.008367804246062316,156244.2826608812
2014-03-07,-0.010829977295475302,0.0,0.0,-0.010829977295475302,154552.16062711604
2014-03-10,-0.005260902503041787,0.0,0.0,-0.005260902503041787,153739.07677842234
2014-03-11,0.006289670476368192,0.0,0.0,0.006289670476368192,154706.04491069968
2014-03-12,0.002982464686345221,0.0,0.0,0.002982464686345221,155167.45022640997
2014-03-13,-0.004673452147189505,0.0,0.0,-0.004673452147189505,154442.28257297544
2014-03-14,0.002561044063990936,0.0,0.0,0.002561044063990936,154837.8160639882
2014-03-17,0.0021288995853929737,0.0,0.0,0.0021288995853929737,155167.45022640997
2014-03-18,0.0029741278001096383,0.0,0.0,0.0029741278001096383,155628.93805380046
2014-03-19,-0.018920962747106862,0.0,0.0,-0.018920962747106862,152684.28871451272
2014-03-20,0.0017268710246298724,0.0,0.0,0.0017268710246298724,152947.95478861002
2014-03-21,0.00919554037151693,0.0,0.0,0.00919554037151693,154354.39388160963
2014-03-24,-0.006549161475866594,0.0,0.0,-0.006549161475866594,153343.50203156946
2014-03-25,0.009130746871310658,0.0,0.0,0.009130746871310658,154743.64273298002
2014-03-26,-0.01129243394128765,0.0,0.0,-0.01129243394128765,152996.21036958363
2014-03-27,0.0063613766740713285,0.0,0.0,0.0063613766740713285,153969.47689345002
2014-03-28,0.006033478337953202,0.0,0.0,0.006033478337953202,154898.44839699264
2014-03-31,0.008425349042374686,0.0,0.0,0.008425349042374686,156203.52189085956
2014-04-01,0.004531261114879115,0.0,0.0,0.004531261114879115,156911.32083561076
2014-04-02,0.0008457406703190617,0.0,0.0,0.0008457406703190617,157044.0271212749
2014-04-03,-0.0021130903984293292,0.0,0.0,-0.0021130903984293292,156712.17889543428
2014-04-04,0.003387875850018318,0.0,0.0,0.003387875850018318,157243.10030171787
2014-04-07,0.0032351070376936963,0.0,0.0,0.0032351070376936963,157751.79856213272
2014-04-08,0.006169170640229371,0.0,0.0,0.006169170640229371,158724.99632626562
2014-04-09,-0.0025079704543458092,0.0,0.0,-0.0025079704543458092,158326.9187251132
2014-04-10,-0.00949999804569679,0.0,0.0,-0.00949999804569679,156822.81330664342
2014-04-11,-0.006064708404242447,0.0,0.0,-0.006064708404242447,155871.72867280568
2014-04-14,0.00595993425747765,0.0,0.0,0.00595993425747765,156800.713928295
2014-04-15,0.011849160073860165,0.0,0.0,0.011849160073860165,158658.67068732693
2014-04-16,0.006413092836645706,0.0,0.0,0.006413092836645706,159676.16347178354
2014-04-17,-0.005818019341378933,0.0,0.0,-0.005818019341378933,158747.16446434753
2014-04-21,0.00571285561003676,0.0,0.0,0.00571285561003676,159654.0640934351
2014-04-22,0.0022164490112932533,0.0,0.0,0.0022164490112932533,160007.92918594394
2014-04-23,-0.004009181376008364,0.0,0.0,-0.004009181376008364,159366.428376238
2014-04-24,0.004163989836603044,0.0,0.0,0.004163989836603044,160030.02856429238
2014-04-25,-0.0038699309953681427,0.0,0.0,-0.0038699309953681427,159410.72339656178
2014-04-28,0.007770189890048851,0.0,0.0,0.007770189890048851,160649.37498786312
2014-04-29,0.000688242026985586,0.0,0.0,0.000688242026985586,160759.94063933875
2014-04-30,0.0035777658074092056,0.0,0.0,0.0035777658074092056,161335.1020581593
2014-05-01,0.0042497311367624135,0.0,0.0,0.0042497311367624135,162020.7328648286
2014-05-02,-0.00027296667413023723,0.0,0.0,-0.00027296667413023723,161976.50660423836
2014-05-05,0.0020483184448334413,0.0,0.0,0.0020483184448334413,162308.2860703455
2014-05-06,-0.0035432119518395977,0.0,0.0,-0.0035432119518395977,161733.19341125846
2014-05-07,0.012035117831355802,0.0,0.0,0.012035117831355802,163679.6714512044
2014-05-08,0.0022973728335158317,0.0,0.0,0.0022973728335158317,164055.70468179518
2014-05-09,0.0006742033599518304,0.0,0.0,0.0006742033599518304,164166.3115891109
2014-05-12,0.0030985925403583803,0.0,0.0,0.0030985925403583803,164674.99609757907
2014-05-13,-0.006447109848890964,0.0,0.0,-0.006447109848890964,163613.31830837228
2014-05-14,0.00040554854285779207,0.0,0.0,0.00040554854285779207,163679.6714512044
2014-05-15,-0.0005407362330493992,0.0,0.0,-0.0005407362330493992,163591.1639222371
2014-05-16,0.009194126861835406,0.0,0.0,0.009194126861835406,165095.24183681345
2014-05-19,-0.004019082687899189,0.0,0.0,-0.004019082687899189,164431.7104084926
2014-05-20,-0.0030941767304561996,0.0,0.0,-0.0030941767304561996,163922.92963639752
2014-05-21,-0.006611588274476943,0.0,0.0,-0.006611588274476943,162839.1387168956
2014-05-22,-0.0017658727980427447,0.0,0.0,-0.0017658727980427447,162551.5855113787
2014-05-23,0.008844729303754795,0.0,0.0,0.008844729303754795,163989.310283123
2014-05-27,0.007148711086057746,0.0,0.0,0.007148711086057746,165161.62248353893
2014-05-28,-0.006294476277958427,0.0,0.0,-0.006294476277958427,164122.01656878716
2014-05-29,0.002021541491162848,0.0,0.0,0.002021541491162848,164453.79603489427
2014-05-30,0.004573367931635319,0.0,0.0,0.004573367931635319,165205.90375191596
2014-06-02,0.0030794269738623203,0.0,0.0,0.0030794269738623203,165714.64326817088
2014-06-03,-0.0005341789908739347,0.0,0.0,-0.0005341789908739347,165626.12198725686
2014-06-04,0.002003349266525012,0.0,0.0,0.002003349266525012,165957.92895725742
2014-06-05,0.01839275390312478,0.0,0.0,0.01839275390312478,169010.3523028405
2014-06-06,-0.004188228371180824,0.0,0.0,-0.004188228371180824,168302.49835030249
2014-06-09,-0.012090992902777042,0.0,0.0,-0.012090992902777042,166267.55403722933
2014-06-10,-0.0074496665722122435,0.0,0.0,-0.0074496665722122435,165028.91619787467
2014-06-11,-0.0026807430816494504,0.0,0.0,-0.0026807430816494504,164586.51607250512
2014-06-12,-0.002553091792824369,0.0,0.0,-0.002553091792824369,164166.31158911085
2014-06-13,0.0025596267548850804,0.0,0.0,0.0025596267548850804,164586.51607250515
2014-06-16,-0.0051067684672611025,0.0,0.0,-0.0051067684672611025,163746.01084208972
2014-06-17,0.002566784649346232,0.0,0.0,0.002566784649346232,164166.31158911085
2014-06-18,0.0070060526008490775,0.0,0.0,0.0070060526008490775,165316.46940339156
2014-06-19,0.008295515781386209,0.0,0.0,0.008295515781386209,166687.85478425043
2014-06-20,0.0034498698419944684,0.0,0.0,0.0034498698419944684,167262.90618749737
2014-06-23,-0.004099531581940541,0.0,0.0,-0.004099531581940541,166577.20662109458
2014-06-24,0.0007372250173387496,0.0,0.0,0.0007372250173387496,166700.01150513405
2014-06-25,-0.002008922513189071,0.0,0.0,-0.002008922513189071,166365.1240990725
2014-06-26,-0.0009392796189052754,0.0,0.0,-0.0009392796189052754,166208.8607287096
2014-06-27,0.0076561660458212,0.0,0.0,0.0076561660458212,167481.3833647354
2014-06-30,-0.002399427198544357,0.0,0.0,-0.002399427198544357,167079.5239782402
2014-07-01,0.0053449033945214275,0.0,0.0,0.0053449033945214275,167972.54789310653
2014-07-02,-0.002392492960799686,0.0,0.0,-0.002392492960799686,167570.67475466468
2014-07-03,-0.005728655332237098,0.0,0.0,-0.005728655332237098,166610.7201152048
2014-07-07,0.0029481418237971013,0.0,0.0,0.0029481418237971013,167101.9121474694
2014-07-08,0.002938899754804769,0.0,0.0,0.002938899754804769,167593.00791610702
2014-07-09,0.0015984433065883152,0.0,0.0,0.0015984433065883152,167860.89583784153
2014-07-10,0.00452191349460529,0.0,0.0,0.00452191349460529,168619.9482879472
2014-07-11,0.00013252828989651633,0.0,0.0,0.00013252828989651633,168642.29520133624
2014-07-14,0.004898167339929982,0.0,0.0,0.004898167339929982,169468.33338382226
2014-07-15,0.0006584315388220574,0.0,0.0,0.0006584315388220574,169579.91667935377
2014-07-16,0.0031599163724231882,0.0,0.0,0.0031599163724231882,170115.77503450302
2014-07-17,-0.0051186288454490025,0.0,0.0,-0.0051186288454490025,169245.0155213455
2014-07-18,0.009893649021783357,0.0,0.0,0.009893649021783357,170919.46630359997
2014-07-21,-0.0036577299385046613,0.0,0.0,-0.0036577299385046613,170294.28905462805
2014-07-22,0.00314641848698316,0.0,0.0,0.00314641848698316,170830.1061539372
2014-07-23,0.0018295398844443422,0.0,0.0,0.0018295398844443422,171142.6466466097
2014-07-24,-0.0013040603694213226,0.0,0.0,-0.0013040603694213226,170919.46630359997
2014-07-25,-0.006922821745426133,0.0,0.0,-0.006922821745426133,169736.2213055568
2014-07-28,0.006971081298629445,0.0,0.0,0.006971081298629445,170919.46630359997
2014-07-29,-0.004833230574248559,0.0,0.0,-0.004833230574248559,170093.37311332716
2014-07-30,-0.0020997396972805005,0.0,0.0,-0.0020997396972805005,169736.22130555677
2014-07-31,-0.014862787371163755,0.0,0.0,-0.014862787371163755,167213.46793910748
2014-08-01,-0.002403107163282514,0.0,0.0,-0.002403107163282514,166811.6360565057
2014-08-04,0.006959417604462503,0.0,0.0,0.006959417604462503,167972.54789310653
2014-08-05,-0.010234184805283153,0.0,0.0,-0.010234184805283153,166253.48579575418
2014-08-06,-0.00040274781708449225,0.0,0.0,-0.00040274781708449225,166186.52756726727
2014-08-07,0.0005373789511295968,0.0,0.0,0.0005373789511295968,166275.83270914323
2014-08-08,0.0059079109253799,0.0,0.0,0.0059079109253799,167258.17551783222
2014-08-11,0.006272883333529267,0.0,0.0,0.006272883333529267,168307.36653943453
2014-08-12,-0.0015919040448645339,0.0,0.0,-0.0015919040448645339,168039.43736185992
2014-08-13,0.014481820592307848,0.0,0.0,0.014481820592307848,170472.95434616672
2014-08-14,-0.0006551159953012142,0.0,0.0,-0.0006551159953012142,170361.2747870083
2014-08-15,-0.0010478556253363802,0.0,0.0,-0.0010478556253363802,170182.76076688324
2014-08-18,0.009838324723624225,0.0,0.0,0.009838324723624225,171857.0740296707
2014-08-19,0.002078591000811647,0.0,0.0,0.002078591000811647,172214.2945971746
2014-08-20,0.004537047040929831,0.0,0.0,0.004537047040929831,172995.63895288252
2014-08-21,-0.0015485241324926236,0.0,0.0,-0.0015485241324926236,172727.75103114801
2014-08-22,-0.008013302293586766,0.0,0.0,-0.008013302293586766,171343.63134764403
2014-08-25,-0.0022153215141652582,0.0,0.0,-0.0022153215141652582,170964.0501148044
2014-08-26,0.0019588176920040112,0.0,0.0,0.0019588176920040112,171298.93752086593
2014-08-27,0.0006518768232179895,0.0,0.0,0.0006518768232179895,171410.60332807765
2014-08-28,-0.0001306915718216617,0.0,0.0,-0.0001306915718216617,171388.20140690182
2014-08-29,0.005340840669279645,0.0,0.0,0.005340840669279645,172303.55848321048
2014-09-02,0.000129455582608351,0.0,0.0,0.000129455582608351,172325.8641407594
2014-09-03,0.002591090778273575,0.0,0.0,0.002591090778273575,172772.37609819256
2014-09-04,-0.0037470494850752045,0.0,0.0,-0.0037470494850752045,172124.9894552986
2014-09-05,0.010635398699419207,0.0,0.0,0.010635398699419207,173955.60734428905
2014-09-08,-0.001026678786224866,0.0,0.0,-0.001026678786224866,173777.01081248382
2014-09-09,-0.006166403633146689,0.0,0.0,-0.006166403633146689,172705.43162165233
2014-09-10,-0.015770287444867526,0.0,0.0,-0.015770287444867526,169981.81732168896
2014-09-11,0.0007880708356027277,0.0,0.0,0.0007880708356027277,170115.77503450293
2014-09-12,-0.03070918623267571,0.0,0.0,-0.03070918623267571,164891.6580178524
2014-09-15,-0.004873639570513899,0.0,0.0,-0.004873639570513899,164088.03550848897
2014-09-16,0.00979585460458976,0.0,0.0,0.00979585460458976,165695.4180466829
2014-09-17,-0.00026998382420928557,0.0,0.0,-0.00026998382420928557,165650.68296406468
2014-09-18,-0.008759534692162285,0.0,0.0,-0.008759534692162285,164199.6600598606
2014-09-19,0.001223523783672631,0.0,0.0,0.001223523783672631,164400.5622492148
2014-09-22,-0.007876475819743711,0.0,0.0,-0.007876475819743711,163105.6651959066
2014-09-23,-0.007254047472162073,0.0,0.0,-0.007254047472162073,161922.4889575969
2014-09-24,-0.0026717026282359058,0.0,0.0,-0.0026717026282359058,161489.88021827838
2014-09-25,-0.004464766241428109,0.0,0.0,-0.004464766241428109,160768.86565274754
2014-09-26,0.013454625954161692,0.0,0.0,0.013454625954161692,162931.95060518014
2014-09-29,-0.001383112089135441,0.0,0.0,-0.001383112089135441,162706.59745459168
2014-09-30,-0.004985491312536672,0.0,0.0,-0.004985491312536672,161895.42512648943
2014-10-01,0.0008354182689114253,0.0,0.0,0.0008354182689114253,162030.67552229326
2014-10-02,-0.0016691023656424386,0.0,0.0,-0.0016691023656424386,161760.22973847238
2014-10-03,0.006268535792969487,0.0,0.0,0.006268535792969487,162774.22952846697
2014-10-06,0.002629927047383296,0.0,0.0,0.002629927047383296,163202.31387732085
2014-10-07,-0.007869507335910741,0.0,0.0,-0.007869507335910741,161917.99207102566
2014-10-08,0.021708844950398598,0.0,0.0,0.021708844950398598,165433.04465557542
2014-10-09,0.0,0.0,0.0,0.0,165433.04465557542
2014-10-10,0.0009533831468893084,0.0,0.0,0.0009533831468893084,165590.76573228862
2014-10-13,0.0009525581209939293,0.0,0.0,0.0009525581209939293,165748.50056094854
2014-10-14,0.016177081872737586,0.0,0.0,0.016177081872737586,168429.8276248065
2014-10-15,-0.0038793380769691632,0.0,0.0,-0.0038793380769691632,167776.43138120425
2014-10-16,0.0016117775166708537,0.0,0.0,0.0016117775166708537,168046.84966113174
2014-10-17,0.0012065605666971013,0.0,0.0,0.0012065605666971013,168249.60836329052
2014-10-20,0.015267025828300307,0.0,0.0,0.015267025828300307,170818.2794797743
2014-10-21,0.009101800128793913,0.0,0.0,0.009101800128793913,172373.03331794366
2014-10-22,0.0002612002157893478,0.0,0.0,0.0002612002157893478,172418.05719144258
2014-10-23,0.00771065233551238,0.0,0.0,0.00771065233551238,173747.5128868103
2014-10-24,-0.0007782723888458687,0.0,0.0,-0.0007782723888458687,173612.28999489985
2014-10-27,0.007397801792870196,0.0,0.0,0.007397801792870196,174896.63930508844
2014-10-28,0.004380263965393816,0.0,0.0,0.004380263965393816,175662.732751905
2014-10-29,-0.005644034917783536,0.0,0.0,-0.005644034917783536,174671.28615449995
2014-10-30,0.006321188061190641,0.0,0.0,0.006321188061190641,175775.41620317262
2014-10-31,0.012562650325379066,0.0,0.0,0.012562650325379066,177983.62129273106
2014-11-03,0.00873522138151639,0.0,0.0,0.00873522138151639,179538.34762700702
2014-11-04,0.0016315746499211414,0.0,0.0,0.0016315746499211414,179831.277843684
2014-11-05,-0.002130492757892233,0.0,0.0,-0.002130492757892233,179448.1486085955
2014-11-06,-0.007659173815594222,0.0,0.0,-0.007659173815594222,178073.7240475157
2014-11-07,-0.0012651958844953626,0.0,0.0,-0.0012651958844953626,177848.425904714
2014-11-10,0.008235003015634845,0.0,0.0,0.008235003015634845,179313.00822836524
2014-11-11,-0.003895514260953581,0.0,0.0,-0.003895514260953581,178614.49184763717
2014-11-12,-0.007569039411298162,0.0,0.0,-0.007569039411298162,177262.5517194134
2014-11-13,0.0054660990223660555,0.0,0.0,0.0054660990223660555,178231.486380069
2014-11-14,-0.008217689888202262,0.0,0.0,-0.008217689888202262,176766.83529668424
2014-11-17,0.004461896926625686,0.0,0.0,0.004461896926625686,177555.55069582388
2014-11-18,0.004314436738104499,0.0,0.0,0.004314436738104499,178321.6028868003
2014-11-19,-0.008971614731786981,0.0,0.0,-0.008971614731786981,176721.77016734524
2014-11-20,0.0033150792958469566,0.0,0.0,0.0033150792958469566,177307.61684875243
2014-11-21,0.006226967642198655,0.0,0.0,0.006226967642198655,178411.70564158497
2014-11-24,0.003536577469869462,0.0,0.0,0.003536577469869462,179042.672460118
2014-11-25,0.0017617498507231932,0.0,0.0,0.0017617498507231932,179358.10086159766
2014-11-26,0.009673465247406199,0.0,0.0,0.009673465247406199,181093.1152171231
2014-11-28,0.0024885059426462686,0.0,0.0,0.0024885059426462686,181543.76651051323
2014-12-01,-0.0024823286530416544,0.0,0.0,-0.0024823286530416544,181093.1152171231
2014-12-02,0.006220961102457512,0.0,0.0,0.006220961102457512,182219.68844281166
2014-12-03,-0.0009888709566041598,0.0,0.0,-0.0009888709566041598,182039.4966851891
2014-12-04,0.0025991583519435757,0.0,0.0,0.0025991583519435757,182512.64616338204
2014-12-05,-0.00506209873469754,0.0,0.0,-0.00506209873469754,181588.74912817206
2014-12-08,0.0063284078977112745,0.0,0.0,0.0063284078977112745,182737.9168022903
2014-12-09,0.0045624112131794625,0.0,0.0,0.0045624112131794625,183571.64232298214
2014-12-10,-0.0009821125908556771,0.0,0.0,-0.0009821125908556771,183391.35430173267
2014-12-11,0.0018431776743041972,0.0,0.0,0.0018431776743041972,183729.37715164202
2014-12-12,-0.008707250503265485,0.0,0.0,-0.008707250503265485,182129.59943997377
2014-12-15,-0.012990495105903,0.0,0.0,-0.012990495105903,179763.6457698087
2014-12-16,-0.0013786857870132785,0.0,0.0,-0.0013786857870132785,179515.80818636416
2014-12-17,0.022969397450422147,0.0,0.0,0.022969397450422147,183639.1781332305
2014-12-18,0.006994248629179856,0.0,0.0,0.006994248629179856,184923.59620315259
2014-12-19,-0.00048731751156472214,0.0,0.0,-0.00048731751156472214,184833.47969642124
2014-12-22,0.01671838584960783,0.0,0.0,0.01671838584960783,187923.5971279117
2014-12-23,-0.0027949023346541813,0.0,0.0,-0.0027949023346541813,187398.3690275623
2014-12-24,-0.004144112556186963,0.0,0.0,-0.004144112556186963,186621.7690934662
2014-12-26,0.003549297962480713,0.0,0.0,0.003549297962480713,187284.14535826418
2014-12-29,0.005487513269402333,0.0,0.0,0.005487513269402333,188311.86959106635
2014-12-30,-0.0007272079319559088,0.0,0.0,-0.0007272079319559088,188174.92770581826
2014-12-31,-0.016871034278334363,0.0,0.0,-0.016871034278334363,185000.22205017033
2015-01-02,0.015061857297038017,0.0,0.0,0.015061857297038017,187786.66899461034
2015-01-05,0.00547312142066092,0.0,0.0,0.00547312142066092,188814.4482351993
2015-01-06,0.009918342411254333,0.0,0.0,0.009918342411254333,190687.17458498807
2015-01-07,0.01533160322640792,0.0,0.0,0.01533160322640792,193610.7146860899
2015-01-08,0.0037746862549086213,0.0,0.0,0.0037746862549086213,194341.5343896185
2015-01-09,0.0004703533395900017,0.0,0.0,0.0004703533395900017,194432.94357933968
2015-01-12,0.007635493135942362,0.0,0.0,0.007635493135942362,195917.5349854408
2015-01-13,-0.001515947987618893,0.0,0.0,-0.001515947987618893,195620.53419254036
2015-01-14,0.00863982919006867,0.0,0.0,0.00863982919006867,197310.6621940339
2015-01-15,0.0023152621980946364,0.0,0.0,0.0023152621980946364,197767.48811149277
2015-01-16,0.00866132621433735,0.0,0.0,0.00866132621433735,199480.41684061647
2015-01-20,-0.007899769558170289,0.0,0.0,-0.007899769558170289,197904.56751620787
2015-01-21,-0.0006926540727961727,0.0,0.0,-0.0006926540727961727,197767.4881114928
2015-01-22,0.01778527498749405,0.0,0.0,0.01778527498749405,201284.83727114167
2015-01-23,-0.0028369540525352566,0.0,0.0,-0.0028369540525352566,200713.80143633139
2015-01-26,0.008420586872446068,0.0,0.0,0.008420586872446068,202403.9294378249
2015-01-27,0.0003386283188666628,0.0,0.0,0.0003386283188666628,202472.46914018242
2015-01-28,-0.006655896352868229,0.0,0.0,-0.006655896352868229,201124.83337127607
2015-01-29,0.003520774772840518,0.0,0.0,0.003520774772840518,201832.9486108014
2015-01-30,-0.02059532256677632,0.0,0.0,-0.02059532256677632,197676.13392955833
2015-02-02,-0.0026572914883259413,0.0,0.0,-0.0026572914883259413,197150.85082142215
2015-02-03,0.008688556127858904,0.0,0.0,0.008688556127858904,198863.8070544392
2015-02-04,-0.00413449486628481,0.0,0.0,-0.00413449486628481,198041.60566508278
2015-02-05,0.011993622381577085,0.0,0.0,0.011993622381577085,200416.84189927098
2015-02-06,-0.029059799267269426,0.0,0.0,-0.029059799267269426,194592.7687038981
2015-02-09,-0.007042233613974824,0.0,0.0,-0.007042233613974824,193222.40096709508
2015-02-10,0.003191619060578965,0.0,0.0,0.003191619060578965,193839.0932649525
2015-02-11,-0.0029456433034538154,0.0,0.0,-0.0029456433034538154,193268.11243792903
2015-02-12,0.011935642224744969,0.0,0.0,0.011935642224744969,195574.89148143993
2015-02-13,-0.006656768587815276,0.0,0.0,-0.006656768587815276,194272.9946872609
2015-02-17,-0.002468757399423538,0.0,0.0,-0.002468757399423538,193793.38179411856
2015-02-18,0.009310627133602534,0.0,0.0,0.009310627133602534,195597.71971296347
2015-02-19,-0.021484854929683883,0.0,0.0,-0.021484854929683883,191395.33108035347
2015-02-20,0.009665612612437924,0.0,0.0,0.009665612612437924,193245.2842064055
2015-02-23,0.008036670096019716,0.0,0.0,0.008036670096019716,194798.33280318393
2015-02-24,-0.019697431992582337,0.0,0.0,-0.019697431992582337,190961.3058905248
2015-02-25,0.00023915952386710515,0.0,0.0,0.00023915952386710515,191006.9761055186
2015-02-26,-0.010880776416632654,0.0,0.0,-0.010880776416632654,188928.67190449737
2015-02-27,0.00785736423997041,0.0,0.0,0.00785736423997041,190413.15329502485
2015-03-02,0.005757435450661763,0.0,0.0,0.005757435450661763,191509.44473407793
2015-03-03,-0.001907943623102315,0.0,0.0,-0.001907943623102315,191144.05551023368
2015-03-04,-0.009559177225981652,0.0,0.0,-0.009559177225981652,189316.87560791848
2015-03-05,0.0028954964827427876,0.0,0.0,0.0028954964827427876,189865.04195536507
2015-03-06,-0.033200877968874165,0.0,0.0,-0.033200877968874165,183561.3558668498
2015-03-09,0.007963199355230488,0.0,0.0,0.007963199355230488,185023.09153753394
2015-03-10,-0.0007410259307047973,0.0,0.0,-0.0007410259307047973,184885.98462892545
2015-03-11,0.0008645267342786145,0.0,0.0,0.0008645267342786145,185045.82350543057
2015-03-12,0.017403275110614347,0.0,0.0,0.017403275110614347,188266.22687996578
2015-03-13,-0.0006063483156614202,0.0,0.0,-0.0006063483156614202,188152.0719704012
2015-03-16,0.010318195273300024,0.0,0.0,0.010318195273300024,190093.46179006778
2015-03-17,-0.0003607749448709674,0.0,0.0,-0.0003607749448709674,190024.88083187013
2015-03-18,0.02091339325743502,0.0,0.0,0.02091339325743502,193998.94589340428
2015-03-19,-0.0004706877435534107,0.0,0.0,-0.0004706877435534107,193907.63296730997
2015-03-20,0.025088194450403778,0.0,0.0,0.025088194450403778,198772.42536861138
2015-03-23,-0.001263514303524338,0.0,0.0,-0.001263514303524338,198521.2735660119
2015-03-24,-0.008514279052307727,0.0,0.0,-0.008514279052307727,196831.00804505136
2015-03-25,-0.017252061698505905,0.0,0.0,-0.017252061698505905,193435.267350079
2015-03-26,-0.0052264932218250015,0.0,0.0,-0.0052264932218250015,192424.2792364119
2015-03-27,0.0013132738424666002,0.0,0.0,0.0013132738424666002,192676.9850089886
2015-03-30,0.014309442770508163,0.0,0.0,0.014309442770508163,195434.0852991688
2015-03-31,-0.008816950589443318,0.0,0.0,-0.008816950589443318,193710.95262559297
2015-04-01,-0.0014231785646462436,0.0,0.0,-0.0014231785646462436,193435.26735007903
2015-04-02,0.007601577360716094,0.0,0.0,0.007601577360716094,194905.68049913147
2015-04-06,0.010373703375274435,0.0,0.0,0.010373703375274435,196927.57421478545
2015-04-07,-0.01761734550150862,0.0,0.0,-0.01761734550150862,193458.2331010696
2015-04-08,0.001543749375342074,0.0,0.0,0.001543749375342074,193756.88412757416
2015-04-09,-0.020751890692409902,0.0,0.0,-0.020751890692409902,189736.06244725682
2015-04-10,-0.0007268229335973819,0.0,0.0,-0.0007268229335973819,189598.15792573965
2015-04-13,-0.0026658436694554366,0.0,0.0,-0.0026658436694554366,189092.71887669293
2015-04-14,0.0035236447683755223,0.0,0.0,0.0035236447683755223,189759.0144463007
2015-04-15,-0.007506648089073864,0.0,0.0,-0.007506648089073864,188334.56030312282
2015-04-16,0.002561715413957666,0.0,0.0,0.002561715413957666,188817.01984923228
2015-04-17,-0.004623748097533631,0.0,0.0,-0.004623748097533631,187943.97751292243
2015-04-20,0.0014667018079981275,0.0,0.0,0.0014667018079981275,188219.63528454298
2015-04-21,0.001709096592086734,0.0,0.0,0.001709096592086734,188541.3208217716
2015-04-22,0.0020717490064845467,0.0,0.0,0.0020717490064845467,188931.9311158654
2015-04-23,0.0026751713917012587,0.0,0.0,0.0026751713917012587,189437.35641296543
2015-04-24,0.002062312635822794,0.0,0.0,0.002062312635822794,189828.03546679273
2015-04-27,-0.0013314525844154712,0.0,0.0,-0.0013314525844154712,189575.28843837595
2015-04-28,-0.0019391611756893745,0.0,0.0,-0.0019391611756893745,189207.67139916614
2015-04-29,-0.020158213656757518,0.0,0.0,-0.020158213656757518,185393.58273360418
2015-04-30,-0.016235128153071154,0.0,0.0,-0.016235128153071154,182383.69415916712
2015-05-01,0.007558968816407052,0.0,0.0,0.007558968816407052,183762.32681593738
2015-05-04,0.001000176536958719,0.0,0.0,0.001000176536958719,183946.1215835956
2015-05-05,-0.02173406620780527,0.0,0.0,-0.02173406620780527,179948.22439842878
2015-05-06,-0.0019152038728065257,0.0,0.0,-0.0019152038728065257,179603.58686215625
2015-05-07,0.015351490747100183,0.0,0.0,0.015351490747100183,182360.76966401664
2015-05-08,0.013985133843370745,0.0,0.0,0.013985133843370745,184911.10943554802
2015-05-11,-0.015035054201651521,0.0,0.0,-0.015035054201651521,182130.96088269705
2015-05-12,0.0030275566778739105,0.0,0.0,0.0030275566778739105,182682.37268956503
2015-05-13,-0.009558186434770577,0.0,0.0,-0.009558186434770577,180936.26051305194
2015-05-14,0.019301614074428652,0.0,0.0,0.019301614074428652,184428.62238554517
2015-05-15,0.010215648360327512,0.0,0.0,0.010215648360327512,186312.68033941553
2015-05-18,-0.0025901058414485867,0.0,0.0,-0.0025901058414485867,185830.11077773245
2015-05-19,-0.00346177652282198,0.0,0.0,-0.00346177652282198,185186.8084630087
2015-05-20,-0.0008686918568492352,0.0,0.0,-0.0008686918568492352,185025.93819050098
2015-05-21,-0.00471841187728117,0.0,0.0,-0.00471841187728117,184152.90960613784
2015-05-22,-0.0012476249982917853,0.0,0.0,-0.0012476249982917853,183923.15583260506
2015-05-26,-0.007619967077244105,0.0,0.0,-0.007619967077244105,182521.66744041778
2015-05-27,0.009818176393400213,0.0,0.0,0.009818176393400213,184313.69736696532
2015-05-28,-0.0019942944481106117,0.0,0.0,-0.0019942944481106117,183946.12158359564
2015-05-29,-0.011491472118059787,0.0,0.0,-0.011491472118059787,181832.30985619253
2015-06-01,0.012256645895690088,0.0,0.0,0.012256645895690088,184060.96409049525
2015-06-02,-0.009237126594874856,0.0,0.0,-0.009237126594874856,182360.76966401664
2015-06-03,-0.014363092090597718,0.0,0.0,-0.014363092090597718,179741.50513562007
2015-06-04,-0.001917636062146899,0.0,0.0,-0.001917636062146899,179396.82634350748
2015-06-05,-0.011142110179265252,0.0,0.0,-0.011142110179265252,177397.96713857757
2015-06-08,-0.0018132002216461052,0.0,0.0,-0.0018132002216461052,177076.30910524234
2015-06-09,-0.007266286199601346,0.0,0.0,-0.007266286199601346,175789.62196411457
2015-06-10,0.007058028348831957,0.0,0.0,0.007058028348831957,177030.35009936776
2015-06-11,0.006099535217280794,0.0,0.0,0.006099535217280794,178110.1529543264
2015-06-12,-0.0009026661659318203,0.0,0.0,-0.0009026661659318203,177949.37894544558
2015-06-15,-0.005423208652960643,0.0,0.0,-0.005423208652960643,176984.32233375966
2015-06-16,0.008049020320106681,0.0,0.0,0.008049020320106681,178408.8727405644
2015-06-17,0.008499960765735892,0.0,0.0,0.008499960765735892,179925.34115911837
2015-06-18,0.01379090064245947,0.0,0.0,0.01379090064245947,182406.6736621044
2015-06-19,-0.007683166740324321,0.0,0.0,-0.007683166740324321,181005.21277381055
2015-06-22,-0.01028205721982245,0.0,0.0,-0.01028205721982245,179144.1068189841
2015-06-23,-0.008336264466119014,0.0,0.0,-0.008336264466119014,177650.71416699435
2015-06-24,-0.005431861642270719,0.0,0.0,-0.005431861642270719,176685.74006698868
2015-06-25,-0.010143248942077077,0.0,0.0,-0.010143248942077077,174893.5726209741
2015-06-26,0.007192241509728303,0.0,0.0,0.007192241509728303,176151.44943376337
2015-06-29,-0.015546793277738447,0.0,0.0,-0.015546793277738447,173412.85926384263
2015-06-30,-0.00040118765503005527,0.0,0.0,-0.00040118765503005527,173343.28816548252
