date,open,high,low,close,volume
2007-07-02,45.52605597186074,45.82230032215658,45.38073338236929,45.79994201660156,6357400
2007-07-03,45.934094114896425,46.1744406032638,45.87260983198305,46.01793670654297,2146300
2007-07-05,45.94526884251819,46.00116674376521,45.632261064708366,45.78876495361328,6216300
2007-07-06,45.900557359358196,46.14649021896717,45.81112412720132,46.11854553222656,3310600
2007-07-09,46.26944593891307,46.347697863125944,46.174426354427446,46.23031997680664,6013200
2007-07-10,45.973219598542556,46.10177880628371,45.61549519145148,45.66579818725586,5760000
2007-07-11,45.83348280051229,46.12413227851605,45.760821497114165,46.096187591552734,5451600
2007-07-12,46.18004568385282,46.83960107223886,46.18004568385282,46.738990783691406,5022800
2007-07-13,46.453905607005666,46.76132697221187,46.44272432222871,46.70542907714844,5231000
2007-07-16,46.70544745415887,46.78369942074437,46.548943520987876,46.59925079345703,3503000
2007-07-17,46.54332873419845,46.66071088760247,46.442718505859375,46.442718505859375,4005300
2007-07-18,46.28062438964844,46.44271460530511,45.95643542951554,46.28062438964844,10019900
2007-07-19,46.66072095436327,46.77809886868072,46.49862642571221,46.543338775634766,5586300
2007-07-20,46.50421531897727,46.54334129253221,45.93409338083222,46.062652587890625,5625600
2007-07-23,46.386844927957654,46.54334884758158,46.28064827644826,46.342132568359375,5016700
2007-07-24,46.21355827673768,46.21355827673768,45.425444026994185,45.643436431884766,9805600
2007-07-25,45.81113062654173,45.83907958165876,45.185110705862215,45.52048110961914,8867500
2007-07-26,45.30248547670664,45.30248547670664,43.62006014756313,44.005733489990234,13657300
2007-07-27,43.961019952900664,44.156649827100466,43.33500009104986,43.396484375,9895400
2007-07-30,44.02807996229145,44.329910665627416,43.80450545411108,44.167816162109375,9021100
2007-07-31,44.58702930740835,44.80502172460717,44.0448563789426,44.1119270324707,11469500
2007-08-01,43.96102578840654,44.514380153000154,43.46915145151266,44.18460464477539,11344300
2007-08-02,44.156657717114676,44.36346891502879,43.905134157402316,44.31875228881836,9015000
2007-08-03,43.977781943241645,44.1622347712882,43.3349944986136,43.519447326660156,7883200
2007-08-06,43.75978918883914,44.12869054174925,43.48590742908962,43.994544982910156,7220900
2007-08-07,43.6815255063641,44.391383339683934,43.642399551211184,44.145450592041016,8305700
2007-08-08,44.57585306200979,45.09567195794885,44.531136449272665,44.86091613769531,8609500
2007-08-09,43.74302714278261,44.128696207008645,43.49149939020635,43.5809326171875,8844100
2007-08-10,42.64749874555336,43.228797704816124,42.47981356518941,42.831947326660156,11124300
2007-08-13,43.35175150222482,43.469129382734366,42.91577529907227,42.915775299072266,5942900
2007-08-14,43.25673755744264,43.27350521906976,42.35124544988477,42.50216293334961,8083000
2007-08-15,41.96556712790659,42.77044455829471,41.406622454165934,41.507232666015625,11236300
2007-08-16,39.68509246900159,41.36192736205799,37.72878509376911,41.328392028808594,22832500
2007-08-17,41.89292562747568,42.13327214566114,41.2557286749676,41.70847702026367,11580600
2007-08-20,42.0047115733739,42.04383754718115,41.44576665360689,41.84261703491211,7638200
2007-08-21,41.78113523018112,42.06060770663718,41.697292634361986,41.81467056274414,6882500
2007-08-22,42.51335091136478,42.854307667037105,42.45745727006357,42.80400466918945,8277500
2007-08-23,43.27350237931907,43.28468366261031,42.74250656205755,42.9940299987793,4939500
2007-08-24,43.094652395240246,43.765388856581545,43.04993577826856,43.7430305480957,4861900
2007-08-27,43.575338589385574,43.586519874095124,43.27909851074219,43.27909851074219,7691500
2007-08-28,43.10582750233952,43.12818580762023,42.222693633599576,42.40714645385742,8262100
2007-08-29,42.86549420914226,43.45797455551232,42.720167312413224,43.379722595214844,5959300
2007-08-30,42.92697142250283,43.43001843734182,42.70339260234589,43.077884674072266,6076800
2007-08-31,43.99455685933413,44.139883741547195,43.69831671573903,43.832462310791016,7313400
2007-09-04,43.72068065667796,44.4249525841282,43.653605718307226,44.23490905761719,5454400
2007-09-05,43.67595608648254,43.72067270392912,43.40207426734212,43.59211349487305,7351400
2007-09-06,43.625652667684214,43.98337707496986,43.17849502637151,43.754207611083984,4950000
2007-09-07,43.30705196751278,43.44119754712095,43.05552420828498,43.223209381103516,7796000
2007-09-10,43.34617659880574,43.36853064103992,42.70338914209379,43.04434585571289,4196600
2007-09-11,43.390884676390115,43.79891626977895,43.34058168969849,43.78773498535156,7243200
2007-09-12,43.575348143436564,43.97778919300408,43.53063152361538,43.832462310791016,4960400
2007-09-13,44.000146701651076,44.19577657929178,43.85481982208449,44.01691436767578,7211100
2007-09-14,43.53622492312532,43.89394937551632,43.46914998914756,43.759803771972656,5239800
2007-09-17,43.34618283513638,43.50268673975799,42.99404478532621,43.144962310791016,5785200
2007-09-18,43.48034481090601,44.60941216562651,43.323840847322295,44.54792785644531,10021300
2007-09-19,44.99507215289906,45.229828027629246,44.81620992485532,44.950355529785156,6846200
2007-09-20,45.02860228904707,45.201878117504144,44.72118513555994,44.911224365234375,7612300
2007-09-21,45.19628671951606,45.386325946017415,45.10685348510742,45.10685348510742,5809500
2007-09-24,45.41426579621007,45.78317141759477,45.13479339131032,45.207454681396484,5901800
2007-09-25,44.93917379753169,45.3024888595436,44.93917379753169,45.263362884521484,4832900
2007-09-26,45.52606063449097,45.62108450893449,45.296895441800565,45.486934661865234,5547100
2007-09-27,46.06824837651038,46.12414202666116,44.97271662878898,46.090606689453125,6117100
2007-09-28,46.15207294958466,46.353293423028376,45.92849417193491,46.16324996948242,15156000
2007-10-01,46.24710299339416,46.923425856897914,46.19679999587283,46.75574493408203,8508100
2007-10-02,46.72779949325661,46.76692547129532,46.437149979884964,46.638370513916016,5801400
2007-10-03,46.627188701934415,46.64395636884649,46.3533068587431,46.425968170166016,6839700
2007-10-04,46.5824716426549,46.72220788482425,46.40360942325461,46.58806228637695,3061400
2007-10-05,46.75574279929491,47.19730979204836,46.75574279929491,47.06315994262695,5486700
2007-10-08,46.180036206772165,47.62211102745906,46.15208725175086,46.62718963623047,3801400
2007-10-09,46.711015480039094,47.16935003285032,46.711015480039094,47.14699172973633,4796200
2007-10-10,46.783670176089345,47.13580807001367,46.50978846424463,47.05755615234375,5991100
2007-10-11,47.84568036688279,47.84568036688279,47.09669628255607,47.27555847167969,7069500
2007-10-12,47.24761263014841,47.560620415601576,47.19171899194767,47.48236846923828,4354600
2007-10-15,47.4376439663187,47.46000226875424,46.8675179152379,47.09668731689453,5428100
2007-10-16,46.53216212638291,46.59923704841974,46.33653226762267,46.37006759643555,7389800
2007-10-17,46.92342275685641,47.001674701883,46.48744641616227,46.8619384765625,6810300
2007-10-18,46.755743815097254,47.02962563422986,46.7277948630911,46.973731994628906,3925000
2007-10-19,46.72779984680522,46.72779984680522,45.911740681243444,45.93968963623047,9232400
2007-10-22,45.453391989056286,45.88936826056902,45.44780134689547,45.8837776184082,6704000
2007-10-23,46.46509821880147,46.62160640732069,46.168858038968416,46.53217315673828,7097000
2007-10-24,46.32534057294439,46.459490386876055,45.74403750580425,46.431541442871094,9818100
2007-10-25,46.55452625456,46.64395523071289,46.25828610791041,46.64395523071289,8531500
2007-10-26,47.19171310257092,47.52148851188826,47.09110286060093,47.487953186035156,5992900
2007-10-29,47.655656187080915,47.9015891094356,47.6053489150548,47.83451843261719,5745100
2007-10-30,47.51032709073938,47.70036635218452,47.42648448416742,47.45443344116211,8347700
2007-10-31,47.711511885507896,48.34870839487727,47.63885062195136,48.12512969970703,8751300
2007-11-01,47.37615762296045,47.45440954584788,46.95135842413586,47.11345291137695,9412700
2007-11-02,47.10787188952655,47.37616729736328,46.800454776667266,47.37616729736328,9559700
2007-11-05,46.66071180971844,46.828392683990536,46.409184101694976,46.621585845947266,6812300
2007-11-06,46.968138495532564,47.33145352746506,46.923421880806174,47.325862884521484,6590000
2007-11-07,46.95138058117282,47.19172710472435,46.35890023845081,46.50422286987305,7956300
2007-11-08,46.39802304394425,46.82840879348469,46.13531822636001,46.58806228637695,9869300
2007-11-09,46.25828401184222,46.25828401184222,45.55401219974954,45.68257141113281,8293000
2007-11-12,45.1627594410257,45.5819682071327,44.883286930287696,44.933589935302734,7366400
2007-11-13,45.55400961867446,46.252690747795235,45.55400961867446,46.14090347290039,6678000
2007-11-14,46.806048272619925,46.806048272619925,45.9005601953472,46.068241119384766,9712300
2007-11-15,45.58196487675803,45.766413479415476,45.017429252278795,45.30807876586914,10754300
2007-11-16,45.59313205850242,45.598722701137326,45.07331316813877,45.45339584350586,13421500
2007-11-19,45.27454502614925,45.27454502614925,43.59771002518076,44.25167465209961,12391600
2007-11-20,44.86650859197217,45.39191820175906,44.7323630000052,45.241004943847656,11649200
2007-11-21,44.369041440166,44.704411767608164,44.02249835627835,44.2181282043457,11096600
2007-11-23,44.883287061400466,45.34162180977319,44.883287061400466,45.330440521240234,3629400
2007-11-26,45.3975080656061,45.54842132092589,44.53114171512206,44.620574951171875,9880400
2007-11-27,45.26336532649822,45.34720366006054,44.77708166977832,45.224239349365234,10679800
2007-11-28,45.498111154251944,46.744555768295626,45.30248131173508,46.50979995727539,12647900
2007-11-29,45.88937990891454,46.39243122081777,45.88937990891454,46.12972640991211,8476000
2007-11-30,46.88988610242127,46.90106738820122,46.09059474559723,46.381248474121094,14157700
2007-12-03,46.45389909381553,46.45389909381553,46.12971011130833,46.20796203613281,11526100
2007-12-04,45.86141899927468,46.0123322072639,45.777576432876195,45.91731262207031,8961000
2007-12-05,46.25828686813453,46.62718833049673,46.25828686813453,46.448326110839844,8764100
2007-12-06,46.30859684001917,46.92902619069685,46.235935518236246,46.88990020751953,8492400
2007-12-07,46.81722060286463,46.83957890800787,46.63276778374091,46.70542907714844,9451900
2007-12-10,46.968149933712105,47.24203180289042,46.901079259699856,47.18613815307617,14407800
2007-12-11,47.11346330428068,47.253199520891634,45.88937268215717,45.95644760131836,15626400
2007-12-12,47.23083008937771,47.32584967083288,46.44271596641336,46.87869644165039,12330400
2007-12-13,45.967621127923245,46.084999029224264,45.492518880444656,45.922908782958984,26822200
2007-12-14,45.03419017689408,45.2521783455527,44.68205642700195,44.68205642700195,18638800
2007-12-17,44.21254650294828,44.31315676864548,43.71508581822651,43.73185348510742,21841800
2007-12-18,44.48642803356373,44.49760932101372,43.66478251128071,44.27962112426758,18508900
2007-12-19,44.11750307663092,44.23488094587571,43.675936274571335,43.916282653808594,13308700
2007-12-20,44.13428947102859,44.22930908203125,43.87158468168257,44.22930908203125,13827600
2007-12-21,44.62056967474691,44.86091613769531,44.50319176462015,44.86091613769531,26845200
2007-12-24,45.45709077520452,45.45709077520452,44.711890845095716,45.04436492919922,5156500
2007-12-26,45.19338506522641,45.35962204713247,45.009951908190665,45.17045974731445,7051800
2007-12-27,45.216312549339975,45.25070927131175,44.86091328496437,44.89530563354492,9729400
2007-12-28,45.41694749915148,45.43987281657738,45.199117623083374,45.27936935424805,6358300
2007-12-31,45.4169601444648,45.422689288720754,44.79213792255376,44.99850082397461,14091500
2008-01-02,45.30230021666254,45.41121515751332,44.72333753538043,44.83798599243164,13770500
2008-01-03,44.90678402970426,45.08448809756039,44.82653227263094,44.91251754760742,13924700
2008-01-04,44.72333907696285,44.72333907696285,43.852032640297615,43.89215850830078,11883900
2008-01-07,44.16732669058905,44.20171905484721,43.731671125281835,43.93803405761719,18197300
2008-01-08,44.38515059672452,44.58578000291413,43.61702096152182,43.69154357910156,15632600
2008-01-09,43.691531972062805,44.05839832403198,43.42211353815597,44.006805419921875,14863600
2008-01-10,43.49091626856135,44.15012658160713,43.40493098365308,43.96096420288086,14018200
2008-01-11,43.46224092102536,43.51383382693067,42.94633372893249,43.08391189575195,10759900
2008-01-14,43.90935953108227,43.92655570878305,43.57688551756032,43.771785736083984,10031000
2008-01-15,43.10110333328078,43.14122920084233,42.26991840037494,42.35017013549805,12630400
2008-01-16,42.04635116755239,42.390287732892496,41.35274452165581,41.49605178833008,16323300
2008-01-17,41.94317438236712,42.075019006527434,40.70500173602925,40.871238708496094,22476600
2008-01-18,41.61644739156788,41.82854381252518,40.78526663422992,41.10627365112305,21939600
2008-01-22,38.11975399771632,40.091664476181734,37.9076575514278,39.95981979370117,24637000
2008-01-23,37.97642676827449,39.76490308257468,37.621023162211074,39.72477722167969,33608600
2008-01-24,40.38400343529122,41.11774063110352,40.103122295888305,41.117740631103516,14649000
2008-01-25,41.69096408923158,41.71962292687997,40.24642397127951,40.521575927734375,15052900
2008-01-28,40.43558564266393,41.003081288920654,40.01139728701486,40.974422454833984,17770100
2008-01-29,41.16359794411691,41.26105025673285,40.7852688498537,41.220924377441406,12914400
2008-01-30,40.89416395617072,41.885852273451896,40.63047908168577,41.031742095947266,15417100
2008-01-31,40.26935633334697,41.708163029735964,40.246426637673935,41.467403411865234,18976200
2008-02-01,41.822810797525094,42.16101837158203,41.58778904972989,42.16101837158203,13916700
2008-02-04,42.08076842628938,42.09223108892667,41.68523877771401,41.73109817504883,11102300
2008-02-05,40.687812492333066,40.73940102358005,39.78210926326698,39.81650161743164,15487400
2008-02-06,40.246418711292776,40.43558538329545,39.736245109873266,39.7821044921875,15260200
2008-02-07,39.38084060426683,39.85662184534374,39.157281587065164,39.58147430419922,14439600
2008-02-08,39.18021395463713,39.56427645931197,38.9222625705162,39.17448043823242,12543800
2008-02-11,39.352177656530564,39.449625551605976,38.87639646519881,39.380836486816406,11886900
2008-02-12,39.98846994593469,40.533035932892744,39.90821820834911,40.229225158691406,14224000
2008-02-13,40.3782643399786,40.62475305926991,40.028594194626,40.50437545776367,10028700
2008-02-14,40.85978653189964,40.894178892709945,40.280823675700404,40.32094955444336,9046200
2008-02-15,40.29801220638219,40.475711848741554,40.09737849913474,40.46997833251953,9362200
2008-02-19,41.38141617324204,41.40434586539838,40.745131429425975,40.865509033203125,10562000
2008-02-20,40.06298651728534,40.825382366345835,40.02859416641965,40.653411865234375,20118300
2008-02-21,41.094806586417505,41.18078747573615,40.55023617151062,40.57889938354492,11478900
2008-02-22,41.083351077846814,41.094818115234375,40.33242194451597,41.094818115234375,12524600
2008-02-25,41.226650252809215,41.76548719490157,41.00309117542887,41.748291015625,12643600
2008-02-26,41.78268191946202,42.55654057371208,41.63937459929007,42.36737823486328,11409300
2008-02-27,42.07502952220548,42.72277702641785,42.05783334375443,42.50495147705078,12680700
2008-02-28,42.166738501332524,42.3444425270232,41.9661091562544,42.09795379638672,9345600
2008-02-29,41.58205364286931,41.61644600113233,40.96296495378025,41.043216705322266,16244300
2008-03-03,40.99736387442954,41.38143088787757,40.750875062840414,41.16360092163086,11907200
2008-03-04,40.429853823392136,40.68780958134758,40.09165070259105,40.53876876831055,14389700
2008-03-05,40.8827051250151,41.30689349555748,40.67634226942332,41.0260124206543,11441200
2008-03-06,41.043229727681094,41.11775235875241,40.429874361492196,40.441341400146484,11643200
2008-03-07,40.09736680171556,40.550218236534484,39.8107523017079,39.96552658081055,10738500
2008-03-10,40.24069242983435,41.55912148135846,39.535622886905415,39.764915466308594,25154900
2008-03-11,40.74513137195911,41.02027893066406,40.15470601328849,41.02027893066406,14641800
2008-03-12,41.16358622639544,41.272501170636595,40.84257928344247,41.02027893066406,15803200
2008-03-13,40.37827012936692,41.24384315573924,40.20629960347735,41.089073181152344,11435300
2008-03-14,41.0661364517773,41.152121699993366,39.79930053979415,40.09737777709961,13901300
2008-03-17,39.071302688958326,39.82223150914068,38.91079484622016,39.4897575378418,17473700
2008-03-18,40.15469865177916,40.69926452636719,40.01139138232012,40.69926452636719,18299700
2008-03-19,40.32093579228316,40.49863980039976,39.157281332518124,39.226070404052734,13885800
2008-03-20,38.979587470086805,39.88529069915289,38.85920985711857,39.81650161743164,14106800
2008-03-24,39.99419839104447,40.74513159876317,39.99419839104447,40.54450225830078,13955800
2008-03-25,40.87124474312,41.22664405713848,40.63048514925272,41.13492965698242,18299600
2008-03-26,41.152125833674695,41.312629313991664,40.922833273196815,41.13492965698242,12468500
2008-03-27,41.76548438975194,41.76548438975194,41.08907368548522,41.10053634643555,10316600
2008-03-28,41.341302680129886,41.43875062092006,41.02029126724327,41.0661506652832,11224600
2008-03-31,41.09480183882808,41.496060520599066,41.05467597065098,41.215179443359375,15065500
2008-04-01,41.78840038360723,42.55652524380305,41.696681632508216,42.51639938354492,18534500
2008-04-02,42.50494616279602,42.7571640375312,42.29284978383549,42.60812759399414,10982700
2008-04-03,42.33298217343183,42.88328176678569,42.3100524770347,42.73424530029297,7069400
2008-04-04,42.86607355670257,43.07243639296488,42.56799633398544,42.877540588378906,9901600
2008-04-07,43.27881680319863,43.34760590101591,43.049524183867334,43.14124298095703,7494700
2008-04-08,42.55653274577206,42.79155880685118,42.49921070292569,42.688377380371094,7534000
2008-04-09,42.676917772616996,42.69984746842312,42.269925512191016,42.338714599609375,11748900
2008-04-10,42.23552661198549,42.44188946887824,41.98330437058511,42.20686340332031,12757700
2008-04-11,41.96037308246379,42.103680373556074,41.639366149902344,41.639366149902344,7246900
2008-04-14,41.77122405436859,41.908797872980216,41.60498701907449,41.73109817504883,7161800
2008-04-15,41.99477865977442,42.040633678813826,41.69669698236024,42.0234375,10849500
2008-04-16,42.69411049636365,43.347591400146484,42.653984629408264,43.347591400146484,10529100
2008-04-17,42.64825190890101,42.92913298282945,42.590929865522575,42.8660774230957,17629000
2008-04-18,43.141217271665745,43.37623889571321,42.99791001665938,43.16987609863281,19354900
2008-04-21,43.26159848390102,43.52528333050943,43.15841707667244,43.508087158203125,6355100
2008-04-22,43.192822052571245,43.250144101485745,42.8890112572716,43.05524826049805,7264100
2008-04-23,43.04951601791263,43.359060339284255,42.814494298388624,43.27880859375,10522800
2008-04-24,42.84315426791735,43.23868386234269,42.556539633902986,42.997928619384766,8145200
2008-04-25,43.44503219743796,43.55394712136951,43.187076489188115,43.35331344604492,17696000
2008-04-28,43.708718827373986,43.77750789371978,43.57114506807336,43.60553741455078,7686400
2008-04-29,43.31891776495791,43.370510651991,43.158414335771305,43.22146987915039,7570100
2008-04-30,43.35331577821045,43.79470463959986,43.34758663598327,43.45649719238281,9458000
2008-05-01,43.221481547461515,43.7603140089984,43.18708482235671,43.72018814086914,11560300
2008-05-02,44.02401702330861,44.08133908518464,43.617020325184946,43.84058380126953,15374600
2008-05-05,43.966673362325835,44.01253274321659,43.80616990259945,43.91508483886719,7669900
2008-05-06,43.76605896367674,44.29342890360127,43.72019956714606,44.24184036254883,8318300
2008-05-07,43.960941553562066,44.06412296761276,43.410642136422005,43.46796417236328,9339200
2008-05-08,43.81191349028922,44.0068093437918,43.697269385098565,43.84630584716797,6971300
2008-05-09,43.410650738061285,43.65140596075389,43.35332431737002,43.49663162231445,5649300
2008-05-12,43.651408017161536,44.00680735119572,43.5826189331265,43.932289123535156,6293200
2008-05-13,43.800453268854184,43.83484562764861,43.59409036930257,43.78325271606445,8349900
2008-05-14,43.89216768343684,44.121460279982244,43.783252716064446,43.78325271606445,7236300
2008-05-15,44.12145019433945,44.56283473374524,44.041198459902034,44.5284423828125,6406700
2008-05-16,44.7118790902209,45.01568987660406,44.597234995756565,45.00995635986328,8314200
2008-05-19,45.03288186199321,45.15325946199416,44.757734311531465,44.82651901245117,7394100
2008-05-20,44.688954522916504,44.71761773651648,44.35075134407715,44.4138069152832,11190900
2008-05-21,44.46539204168734,44.53418112501649,43.86923310634416,43.909358978271484,13505300
2008-05-22,44.40234422478794,44.55711859594304,44.281966587996635,44.41954040527344,9171800
2008-05-23,44.32781052010146,44.33353966266935,43.85202928349021,43.91508483886719,7094000
2008-05-27,43.64568359901381,43.83485033950194,43.5138432938685,43.82911682128906,7625800
2008-05-28,43.77751306292235,43.84629776399921,43.47943144695105,43.823368072509766,7705900
2008-05-29,43.49089993864196,43.886425103279386,43.45077407053696,43.725921630859375,9804200
2008-05-30,43.90936035572381,44.08133088274544,43.87496799967636,43.972415924072266,8651600
2008-06-02,43.611272363373224,43.651398226712594,43.364783667605344,43.513824462890625,9327700
2008-06-03,43.611278195150824,43.731655801266044,43.16988926600333,43.42211151123047,9969600
2008-06-04,43.1526799277745,43.45076146728634,43.06669470009261,43.16987609863281,8132200
2008-06-05,43.27881100526245,43.88643264770508,43.16416689765182,43.88643264770508,8738200
2008-06-06,43.330393725884385,43.35905693563607,42.61959073263888,42.62532424926758,9983700
2008-06-09,42.99217761057356,42.99791112547097,42.355893032065836,42.567989349365234,8157900
2008-06-10,41.82852602609248,42.120874076960085,41.74254079073251,41.84572219848633,8925100
2008-06-11,41.7884225776861,41.8400111225352,41.25531908061324,41.31264114379883,13177900
2008-06-12,41.18652296091201,41.415815547966766,41.00882328330594,41.16932678222656,11209500
2008-06-13,41.10054208181769,41.54766464233399,41.03175735973273,41.547664642333984,10236300
2008-06-16,41.50180653299795,41.81135091216274,41.43875095353515,41.75975799560547,9815600
2008-06-17,42.224079505790066,42.224079505790066,41.788423939277074,41.88587188720703,7013000
2008-06-18,41.46166797227822,41.62790496062141,41.31262715973061,41.54191970825195,14861100
2008-06-19,41.32409556429741,41.559121661889456,41.18652176541477,41.461673736572266,25370000
2008-06-20,40.87125091794171,40.90564327652224,40.46998778313469,40.555973052978516,14909700
2008-06-23,40.59036543915702,40.64769186802021,40.37253987901139,40.55023956298828,12852800
2008-06-24,40.30375045775524,40.619028320346224,40.12605077523621,40.36680603027344,18685000
2008-06-25,40.68103773307149,41.165823591907525,40.68103773307149,40.7978515625,21446000
2008-06-26,40.41819882802129,40.47661019730117,39.764034271240234,39.764034271240234,18484600
2008-06-27,40.1320006572836,40.190407568688464,39.75234904890943,39.86916732788086,28977200
2008-06-30,40.13199478640964,40.33642117450216,40.09695153592551,40.1086311340332,16126000
2008-07-01,39.454477857692346,39.69978959282621,39.06898416862859,39.67642593383789,19350900
2008-07-02,39.92172541082359,39.93340946481126,38.94047431542348,39.04560852050781,16759900
2008-07-03,39.42526606493332,39.466151347791225,38.91711658698932,39.29676818847656,14420600
2008-07-07,39.15658518293271,39.38437522042544,38.706842678844296,38.9579963684082,13827600
2008-07-08,38.78862026394021,39.18578900703107,38.50826087663699,39.16242980957031,13982800
2008-07-09,39.355181190563194,39.42527216752389,38.65428924560547,38.65428924560547,12121800
2008-07-10,38.776952250736805,39.02226403100967,38.58420537073821,38.987220764160156,14732600
2008-07-11,38.36809049770561,38.613402221804535,37.95339559568252,38.37392807006836,15132800
2008-07-14,38.78277638034671,38.78277638034671,38.19285640906731,38.29214859008789,9231800
2008-07-15,37.754803509177215,38.08188578006151,37.42187921026663,37.67887496948242,21612800
2008-07-16,37.527016636609716,38.43233944299277,37.42772443249759,38.37392807006836,16201500
2008-07-17,38.91127352042684,39.05729300375095,38.648435776746844,38.9579963684082,13884100
2008-07-18,38.99889138607678,39.226685936625756,38.81782860750313,39.20915985107422,14274700
2008-07-21,39.559603350815664,39.57128294964701,39.24420070843336,39.43694305419922,9320000
2008-07-22,38.94048368029049,39.58881069153438,38.905440422221744,39.5712890625,10336400
2008-07-23,39.699782602620814,39.94509429456101,39.61217001088174,39.71730422973633,10399000
2008-07-24,39.68809554819606,39.68809554819606,38.94631850066653,38.993045806884766,9628200
2008-07-25,39.05730365707288,39.26173009825406,38.87039884568406,39.074825286865234,7867600
2008-07-28,39.115712501989734,39.115712501989734,38.38561485026128,38.420658111572266,11142000
2008-07-29,38.368087910550535,38.81782604107279,38.356403854288665,38.8003044128418,10323600
2008-07-30,38.98720463548564,39.18578900703107,38.817821488846796,39.16242980957031,14376900
2008-07-31,38.95800598483116,39.13323119053721,38.68933060393409,38.77694320678711,11372800
2008-08-01,38.636754568186106,38.66011821928335,38.13444720999739,38.19869613647461,11859500
2008-08-04,38.16950270581869,38.18702433572349,37.80737713802002,37.836578369140625,8556700
2008-08-05,38.344733501737615,38.800313770262505,38.24544128037458,38.794471740722656,14263900
2008-08-06,38.52578909378576,38.870397473464706,38.39729120496182,38.806148529052734,11507700
2008-08-07,38.49658781737394,38.50242538965013,37.965074633546514,38.02932357788086,8099900
2008-08-08,37.52117076175442,38.28631599823977,37.421878567820826,38.18701934814453,10579200
2008-08-11,38.21623794356275,38.39146319125184,38.05269675567329,38.1519889831543,10024200
2008-08-12,38.15198171732339,38.163661318735535,37.743128825463465,37.877464294433594,9630900
2008-08-13,37.37515635022767,37.52117363835965,36.98382288817479,37.28170394897461,12559300
2008-08-14,37.0071832764414,37.36931102079797,36.94293433849023,37.13568115234375,10306700
2008-08-15,36.90789486024296,37.059756416121786,36.76187533317241,36.89037322998047,8640600
2008-08-18,37.25249319755176,37.26417502462998,36.563280996501376,36.703460693359375,11535300
2008-08-19,36.27124109939254,36.341332060114226,36.072654500175716,36.28876495361328,11853200
2008-08-20,36.38805913690338,36.50487518310547,36.15442927257996,36.50487518310547,15433500
2008-08-21,36.41142606612344,36.73851057928681,36.35301915181043,36.65089797973633,8964200
2008-08-22,36.69762612274486,36.907892355870736,36.621695349957704,36.820281982421875,6582300
2008-08-25,36.75020142547425,36.79108895170235,36.16028338930279,36.2420539855957,10955100
2008-08-26,36.28293123644448,36.59249414699947,36.17195719867188,36.42311096191406,7745000
2008-08-27,36.61585390610284,36.80275871280815,36.504879873396895,36.76771545410156,9295000
2008-08-28,37.21744896882372,37.281697902029464,37.094790901757925,37.24081039428711,11277400
2008-08-29,37.31674947941563,37.46861103325057,37.094799177392865,37.129844665527344,11080000
2008-09-02,37.04223301811694,37.11232399620029,36.52824588065952,36.55744934082031,14645400
2008-09-03,36.41726965898725,36.5691312169462,36.20116137982542,36.40559005737305,10635700
2008-09-04,35.98504079222005,36.0259260681288,34.822724758024414,34.84608840942383,16723100
2008-09-05,34.66503084860271,34.857777671647604,34.26785760240194,34.71759796142578,17543700
2008-09-08,35.821511268379915,35.85655452872681,35.021322659881456,35.49442672729492,19143200
2008-09-09,35.237432973077134,35.360088839792255,34.32627033159095,34.34379196166992,12860600
2008-09-10,34.85778469687212,34.94539731192829,34.49565686226392,34.676719665527344,15264600
2008-09-11,33.876522812101506,34.62998394042036,33.718821490261696,34.60078048706055,16722400
2008-09-12,34.670878516202244,35.336727234878865,34.50149532198977,35.2783203125,16526900
2008-09-15,33.730509621902364,34.38467645737352,33.43847057755689,33.77723693847656,31607800
2008-09-16,32.80182332017131,33.70714385540281,32.56235140790903,33.52608108520508,26092500
2008-09-17,32.89527911826279,33.14643288488818,32.036683579888525,32.246952056884766,31227800
2008-09-18,33.076348309718924,33.96998722165534,32.27615959037361,33.71299362182617,30062000
2008-09-19,35.44769486281865,37.229134638000914,34.73512118082661,36.101863861083984,38923300
2008-09-22,35.83903056205786,35.985050078866706,34.86946105957031,34.86946105957031,27789800
2008-09-23,34.869459413187755,35.13813477669093,34.13351983549361,34.37883377075195,14862000
2008-09-24,34.8577781490317,34.90450323435828,34.314585385114476,34.478126525878906,12657200
2008-09-25,34.922026449793016,35.360084978581945,34.86361730910595,35.2724723815918,16568100
2008-09-26,34.51901472661699,34.939551670480306,34.3963588606839,34.89866638183594,22570500
2008-09-29,33.198989217380124,33.20482901625207,30.582320390897014,31.002857208251953,35675800
2008-09-30,32.26446944903642,32.88359069824219,32.03083735962396,32.88359069824219,29246900
2008-10-01,32.44553594565978,32.953683236475946,32.071726341929214,32.638282775878906,27952600
2008-10-02,32.01331950315616,32.09509007565694,31.131360378426955,31.213130950927734,23232500
2008-10-03,31.277381803464227,32.39881291385417,31.008706412254547,31.090476989746094,34402700
2008-10-06,29.893109854512193,29.933995133032816,28.123354367437695,29.332395553588867,53409500
2008-10-07,29.963203893783334,30.074180150641816,27.959815979003903,27.959815979003906,37326000
2008-10-08,27.539278950796852,28.526369981575662,27.04281130746631,27.334850311279297,42426500
2008-10-09,28.117521232092592,28.216815674244078,25.483329807701345,25.699438095092773,35533300
2008-10-10,24.128265122082627,25.55925456653472,23.374803900517595,24.741546630859375,59719300
2008-10-13,26.66316417861399,28.9235456340978,26.470417350431163,28.672391891479492,57779900
2008-10-14,29.44336845544606,29.723725595364503,27.48670827498004,28.082468032836914,41811500
2008-10-15,27.364058199714986,27.451670806286657,25.062791278914208,25.08615493774414,35975400
2008-10-16,25.851293541536077,26.598914961466665,24.51959629903366,26.56386947631836,44651300
2008-10-17,25.354831314278304,27.159632809448794,25.238015243675182,25.997316360473633,31032400
2008-10-20,26.669004376368775,27.656095504760742,26.49378140236939,27.656095504760742,29347500
2008-10-21,26.67483932539883,27.066172716638526,26.014832835765056,26.096603393554688,34623800
2008-10-22,25.23801676844069,25.313947553132294,23.63180182783098,24.192516326904297,31546700
2008-10-23,24.309332354765907,24.981023128877425,23.497464070213898,24.724029541015625,33626600
2008-10-24,22.475324472825683,23.818703624466472,22.30594129321469,23.1236515045166,32920600
2008-10-27,22.25337385494172,23.04772039659996,21.902927899777698,21.908767700195312,31682200
2008-10-28,23.24046453929915,25.144557870450637,22.387711179928026,24.928449630737305,41688400
2008-10-29,24.642252227891248,25.816250360904583,24.42030417220434,24.986858367919922,34384700
2008-10-30,26.236789550156004,26.312720333870793,25.22049481216995,25.862979888916016,33312100
2008-10-31,25.284738988326012,26.44705304488893,25.12703764952021,26.032358169555664,40976800
2008-11-03,25.92139433352514,26.306885903896617,25.851303336670842,26.137502670288086,20436100
2008-11-04,26.98440304822567,27.977336057141287,26.91431431467888,27.93060874938965,29640600
2008-11-05,27.416624905912766,27.889728963741984,26.35360295402291,26.412012100219727,29660700
2008-11-06,26.14917046248107,26.3185536051405,24.484546944349102,24.706497192382812,35121300
2008-11-07,25.605989537887115,26.17254613055619,25.465809783176656,26.102455139160156,28171200
2008-11-10,26.546350574594076,26.569714233759502,25.296423774299107,25.711118698120117,25590000
2008-11-11,25.13288172453118,25.302264920364813,24.42614770780902,24.864206314086914,34095000
2008-11-12,24.303495573442138,24.420311665378815,23.509148821970687,23.526670455932617,35248700
2008-11-13,23.830381511101052,25.53004837036133,22.960106555014764,25.530048370361328,51118000
2008-11-14,24.344375471119402,24.96349906138709,23.812864487389618,24.06401824951172,48148100
2008-11-17,23.807022179901672,24.32685355621574,23.3864874664545,23.625959396362305,30054400
2008-11-18,23.363120670867037,23.964720315156004,23.0710816624812,23.666841506958008,44628000
2008-11-19,23.42152905353472,23.655161166161285,22.043106718897025,22.08399200439453,45216100
2008-11-20,22.008060829051132,22.475322817634623,20.75229214590714,20.869108200073242,54184200
2008-11-21,22.025589868152036,22.387719980718558,20.933364184579013,22.35267448425293,49797000
2008-11-24,22.831609242364863,24.245076941134876,22.633022632082714,23.690204620361328,41988500
2008-11-25,24.431980260073725,24.519590610497506,23.450729184380485,24.122417449951172,46002000
2008-11-26,23.474093357137157,24.472868402364796,23.427368277054374,24.385255813598633,34099900
2008-11-28,24.116581687008342,24.47870943113813,23.999765638813987,24.37357521057129,17627900
2008-12-01,23.544188553805046,23.596755670902805,22.300101601212198,22.381872177124023,50272000
2008-12-02,23.211266403204558,23.707731933950438,22.91922733145256,23.596757888793945,44399000
2008-12-03,22.884180563862643,23.912157058715817,22.802409984827648,23.91215705871582,41980400
2008-12-04,23.147016479851764,23.6668456492692,22.67391240135214,23.176219940185547,41836300
2008-12-05,22.749840269631232,23.567548194749843,22.24753279507274,23.4682559967041,41059200
2008-12-08,24.151628276328836,24.764912057002654,24.01729058218614,24.583847045898438,45982000
2008-12-09,24.420307070608114,24.89925095215997,24.20419656135868,24.35605812072754,38538000
2008-12-10,24.799963706929272,25.115366518882794,24.560491696686455,24.998550415039062,39997900
2008-12-11,25.080312129293592,25.48916723378223,24.706502511960345,24.8875675201416,36787800
2008-12-12,24.426145309861024,25.29058060735019,24.36773839265704,25.13287925720215,42675200
2008-12-15,25.243847968755787,25.30225486849024,24.805789536506193,25.197120666503906,44527700
2008-12-16,25.14456444266168,26.744939587799863,25.14456444266168,26.645645141601562,47026500
2008-12-17,26.044040942775013,26.739093036289216,25.997313628212215,26.511302947998047,45054900
2008-12-18,26.447057399418558,26.458739229558805,25.37235353540961,25.699438095092773,42315200
2008-12-19,25.489171365058002,25.769528623498143,25.127043518083003,25.32563018798828,38356000
2008-12-22,25.477474695994957,25.52420199256165,24.794104694308057,25.150392532348633,36928300
2008-12-23,25.36393481760715,25.42308488095343,24.825661118006987,24.961708068847656,32553600
2008-12-24,25.233807230232753,25.33436506659792,25.02677970893793,25.292957305908203,16114600
2008-12-26,25.363933378757253,25.576877205012394,25.198309149208725,25.411252975463867,13297600
2008-12-29,25.783906845280683,25.82531234205122,25.25154723475899,25.417171478271484,29150100
2008-12-30,25.701096340764312,26.221625496908683,25.618285345647557,26.180217742919922,28477600
2008-12-31,26.097411309579236,26.706667927805775,25.96136432861663,26.53512954711914,26881200
2009-01-02,26.37541256280653,26.984666715086806,26.29260158169232,26.87819480895996,21928500
2009-01-05,26.434574942744906,26.653435216499727,26.268952903303248,26.4464054107666,27947600
2009-01-06,26.558785790191372,26.913690699035065,26.33992558185506,26.730321884155273,23282100
2009-01-07,26.529216854710256,26.612030132186387,26.10333128127418,26.268953323364258,23930600
2009-01-08,26.304438779143666,26.677088289570186,26.109239482455948,26.659343719482422,19883800
2009-01-09,26.351754283221624,26.381329314241423,25.712925038759096,25.736583709716797,31728900
2009-01-12,25.600539178903873,25.624200108525702,24.99719901212989,25.115501403808594,28816400
2009-01-13,24.618637627452703,24.861156558970908,24.411610096802104,24.654129028320312,29424100
2009-01-14,23.99755369337395,24.009384160780556,23.488854877044428,23.642648696899414,37212600
2009-01-15,23.802354849163866,24.080362915001608,23.19309823347821,23.8555908203125,42030800
2009-01-16,24.399779724032932,24.435271125037545,23.488854072792297,23.9975528717041,39032500
2009-01-20,23.151696086655797,23.187187491379298,22.223025765819617,22.24077033996582,58657300
2009-01-21,22.713975104423707,23.352804455506863,22.418220232003765,23.329143524169922,48048200
2009-01-22,22.560174086105032,22.95648666163996,22.288080232113817,22.784948348999023,40891400
2009-01-23,21.950929051322188,22.79087188470579,21.885862612256815,22.6252498626709,37917500
2009-01-26,22.84410763478529,23.376467352477427,22.755382519457132,23.06888198852539,38347800
2009-01-27,23.311399383207075,23.618984726960264,23.1576078395458,23.5184268951416,35276200
2009-01-28,24.104021157356588,24.393861913795945,23.956143726943356,24.210493087768555,37581800
2009-01-29,23.601235065036576,23.62489373527493,23.045214570477246,23.110280990600586,26066100
2009-01-30,23.358719295973238,23.411955259800546,22.77903779810676,22.89142608642578,33244900
2009-02-02,22.459623286529784,22.83227276054668,22.406387325037315,22.666650772094727,29679400
2009-02-03,22.956489448638905,23.524338149323732,22.761290188536535,23.31730842590332,28446900
2009-02-04,23.3942078740716,23.778690076554824,23.08070845927877,23.199010848999023,29274800
2009-02-05,23.062967170330133,23.725457487972996,22.879598327365542,23.530258178710938,31645600
2009-02-06,23.624898951595508,24.186833673680713,23.571662983052054,24.074447631835938,28635900
2009-02-09,24.06261693167665,24.228238940452805,23.9029090276008,24.068531036376953,27143500
2009-02-10,23.808272524570125,23.962064099601015,22.76129977259369,22.873685836791992,35169400
2009-02-11,23.234500211806303,23.329141673214522,22.779037473644753,23.122114181518555,24101600
2009-02-12,22.63116424591154,23.068882496364438,22.40047578197683,23.051137924194336,40755800
2009-02-13,22.944659534813454,23.116197872387854,22.76129073363769,22.802696228027344,21184200
2009-02-17,21.844450560500064,21.91543108346806,21.513204359265853,21.59010124206543,32955300
2009-02-18,21.755729491724175,21.761645853262824,21.31209714641867,21.572362899780273,35001300
2009-02-19,22.05739493192694,22.146120023726038,21.442224367160335,21.54277992248535,25953000
2009-02-20,20.880297200331277,21.48955387864674,20.85072215919309,21.22928810119629,52151800
2009-02-23,21.40082279035303,21.41265325604446,20.418916702270508,20.418916702270508,38218200
2009-02-24,20.62002922055106,21.353500010472853,20.454407220845596,21.270689010620117,36854600
2009-02-25,20.957188752545775,21.063660678557408,20.412998657771844,20.685094833374023,39168800
2009-02-26,21.045917088909455,21.17604769397686,20.47215193386551,20.51355743408203,27205700
2009-02-27,20.306529932999435,20.91578422741152,20.306529932999435,20.51355743408203,38490900
2009-03-02,19.898383259834365,19.993024708796483,19.289129073167597,19.336448669433594,42422600
2009-03-03,19.638123592192425,19.644037696694575,19.040697498099885,19.259557723999023,38727800
2009-03-04,19.732766624611838,20.377512375159995,19.649955616429075,20.117246627807617,52339900
2009-03-05,19.5553162588007,19.79191884258864,19.105767513670948,19.306880950927734,36082700
2009-03-06,19.567145823324452,19.78600382374533,18.85141835830637,19.271390914916992,42251800
2009-03-09,18.691709011420148,19.141256573299362,18.668048079008702,18.7508602142334,36485300
2009-03-10,19.507988144637267,20.123158727175838,19.47249675303418,20.010772705078125,50262200
2009-03-11,20.259208283252818,20.42483028584645,19.89247288189668,20.12316131591797,34253300
2009-03-12,19.910223612838916,20.631866429899212,19.720940620893796,20.578630447387695,32384600
2009-03-13,20.67917688250783,20.785648800331437,20.359761129037008,20.71466827392578,31335400
2009-03-16,21.063658160931364,21.430393497565056,20.886205724265395,20.939441680908203,29486900
2009-03-17,20.868466317825366,21.530958959594805,20.761994366699238,21.489553451538086,33219600
2009-03-18,21.241111785823616,22.211187266531685,21.028167947340325,22.10471534729004,40962300
2009-03-19,22.62525145341504,22.648912388635246,22.0574025467159,22.092891693115234,36731100
2009-03-20,22.122467334688114,22.217108812054907,21.684749091597446,21.785306930541992,35560500
2009-03-23,22.548357945881417,23.37055638923274,22.43005550835338,23.352811813354492,42113200
2009-03-24,22.749467711228537,23.08662813664438,22.58384567949611,22.61933708190918,30868900
2009-03-25,22.808612969910705,23.340970302303493,22.48919721661688,22.968320846557617,30873600
2009-03-26,23.145778803898438,23.400128195095295,22.926918556122956,23.275909423828125,30230400
2009-03-27,22.672572480468816,22.761297599597686,22.4596285842701,22.530609130859375,34326000
2009-03-30,21.862197423757124,21.88585835270875,21.477717482229927,21.672914505004883,25835700
2009-03-31,22.092886607597553,22.530604782690023,21.95092554181599,22.23484992980957,32838300
2009-04-01,22.098801361217355,22.91508532760724,22.05147950511114,22.81452751159668,25661700
2009-04-02,23.601234958514954,24.22823371738962,23.57757403195323,23.843753814697266,57242400
2009-04-03,23.74320208666297,23.979806900024414,23.542088672234954,23.979806900024414,41385200
2009-04-06,23.47110448730756,23.58349051517132,23.187180109206707,23.482934951782227,27320400
2009-04-07,23.122112444822484,23.275903961898184,22.9150849686763,22.991979598999023,19333900
2009-04-08,23.18718236833773,23.429701272621095,22.956493929681674,23.222671508789062,22120900
2009-04-09,23.749112364880514,23.873328844684345,23.559829465247013,23.843753814697266,23172500
2009-04-13,23.731369583874624,24.245984670310126,23.695880444417373,24.080360412597656,21135700
2009-04-14,23.86741306994885,24.192745177072855,23.784602081382815,23.849668502807617,41502500
2009-04-15,23.755030863420863,24.22232409553705,23.70179489702243,24.163171768188477,25623000
2009-04-16,24.26372913775741,24.488503464571476,24.044871171781637,24.316965103149414,25014400
2009-04-17,24.364284350496334,24.382031176320496,24.10993499251142,24.234153747558594,61325800
2009-04-20,23.67222124882936,23.70179628602155,23.234503026520525,23.240419387817383,26049700
2009-04-21,23.033384778607754,23.796432762685427,23.009726107679704,23.77277183532715,25499800
2009-04-22,23.400133277131207,24.003473667066565,23.317319992824125,23.583499908447266,25022000
2009-04-23,23.90882132441023,24.17500114440918,23.70179382909464,24.17500114440918,30545300
2009-04-24,24.541735280137186,24.71918771596112,24.387941514374337,24.547649383544922,25969200
2009-04-27,24.186826260461785,24.571308388369278,24.080354356008325,24.2578067779541,26745300
2009-04-28,23.79052375726095,24.269645228573303,23.760946463509715,24.02712631225586,18634000
2009-04-29,24.435274003609823,24.914395563244778,24.393868492442138,24.642301559448242,20784800
2009-04-30,24.997194898799872,25.20422461427813,24.61271500964895,24.79608154296875,26982200
2009-05-01,24.93213263249729,25.139160107279256,24.760594292574947,25.08592414855957,17786700
2009-05-04,25.369848207488033,26.138810291503273,25.35801774386562,26.12697982788086,23451200
2009-05-05,26.044174587577743,26.097410557414058,25.724761024990563,25.866722106933594,22298600
2009-05-06,26.375418612532616,26.5587874387948,26.008683216438772,26.49372100830078,21040600
2009-05-07,26.718493248398058,26.748070539851412,25.872636415878834,26.05008888244629,23946300
2009-05-08,26.629762677814824,27.22127228259144,26.475968916972064,27.179866790771484,22988400
2009-05-11,26.523301537899965,26.683009466808695,26.393168649952635,26.487810134887695,17460900
2009-05-12,26.842707480733115,26.90777390067297,26.422733931056815,26.771724700927734,26285000
2009-05-13,26.15655458205647,26.1920437130566,25.783902911545095,25.86079978942871,23257600
2009-05-14,25.84305431338526,26.298516988523755,25.77799015101986,26.115150451660156,27380600
2009-05-15,26.17430828639439,26.363591239250464,25.77208144746754,25.87855339050293,20457900
2009-05-18,26.428653337004377,26.91369110609428,26.339925980236295,26.866369247436523,18600700
2009-05-19,26.984671782021287,27.27451252677467,26.907777145936667,27.108890533447266,19522000
2009-05-20,27.36323725588971,27.712228063110704,27.227190298014463,27.28634262084961,18872900
2009-05-21,26.943264420534117,27.1680387219568,26.795387006308978,27.07931137084961,20081100
2009-05-22,27.333664091557203,27.410560988285326,27.12072022765196,27.233108520507812,14279100
2009-05-26,26.848622294000517,27.848275033268962,26.830877726795112,27.777292251586914,16247300
2009-05-27,27.77729114926731,27.812782538699885,27.185781530638465,27.239017486572266,16274500
2009-05-28,27.44604257608908,27.635325441598958,27.0733909474285,27.51702308654785,15523500
2009-05-29,27.90742507579917,28.0671329498291,27.688567140171582,28.0671329498291,24526200
2009-06-01,28.605411417421532,28.98397729038956,28.55217545050849,28.75920295715332,22592800
2009-06-02,28.67047101066933,29.054950896497655,28.617235056455556,29.007631301879883,22182800
2009-06-03,28.427953972356086,28.475273569982075,27.895594396374996,28.14402961730957,20937800
2009-06-04,28.226845957132138,28.39246796486941,28.061221692964242,28.321487426757812,17158800
2009-06-05,28.3924712768386,28.41613221111271,27.86011153782552,27.97249984741211,19216500
2009-06-08,27.664902863820018,28.09079047634146,27.463789519732664,27.9133358001709,13937000
2009-06-09,28.07896387665018,28.356971878461696,27.925170103670812,28.25641632080078,15957400
2009-06-10,28.682304041351053,28.700048608867625,27.966575646969083,28.30965232849121,18468000
2009-06-11,28.546255849607515,29.09044592255846,28.540341745702005,28.79469108581543,20225500
2009-06-12,28.4871083566309,28.69413585846921,28.345145029348533,28.64681625366211,21098000
2009-06-15,28.0316414270405,28.067132817690133,27.398726293918408,27.617584228515625,31484000
2009-06-16,27.812790604767233,27.830535176414614,27.268600424462875,27.29817771911621,23389000
2009-06-17,27.315924305788215,27.593934649736084,27.026083494392463,27.37507438659668,23802600
2009-06-18,27.304090227900904,27.64716696923137,27.19170418665333,27.32775115966797,22429300
2009-06-19,27.759544372558597,27.877846738151188,27.605750620359245,27.759544372558594,19576300
2009-06-22,27.2745123808532,27.298173310182076,26.77172778655143,26.866369247436523,21491900
2009-06-23,27.147262252207767,27.33452724634317,26.89959038480262,27.21975326538086,26980500
2009-06-24,27.533878866955476,27.78155077745601,27.1412272092565,27.243919372558594,25708600
2009-06-25,27.086857170087008,27.823833055458635,27.01436845649502,27.817790985107422,23606800
2009-06-26,27.73926215267086,27.89632373160683,27.588242644511176,27.763425827026367,20799800
2009-06-29,27.884243711349075,28.137957699864096,27.739263960144065,27.9990177154541,21139400
2009-06-30,27.999017636864075,28.059426826519502,27.47347036092414,27.67281723022461,31292000
2009-07-01,28.083585285723903,28.37958219474032,28.041297708632737,28.13191032409668,20169200
2009-07-02,27.564084710088213,27.59428815460971,27.219760372917904,27.322452545166016,20744600
2009-07-06,26.978129921195382,27.358699798583988,26.92980486776721,27.358699798583984,17299200
2009-07-07,27.195588202191935,27.225791637280704,26.64587738782855,26.694202423095703,20032700
2009-07-08,26.754617435560675,26.833145923051674,26.271355455568447,26.585474014282227,24263500
2009-07-09,26.893558615063785,27.002292862777164,26.70025379787893,26.911680221557617,22637100
2009-07-10,26.50694863954155,27.274128131034253,26.150542455373685,26.597558975219727,16245600
2009-07-13,26.657965265354775,27.141227249440224,26.47070023835764,27.06269645690918,19678700
2009-07-14,27.219761587758,27.298290086143663,26.960007805404906,27.207679748535156,15241000
2009-07-15,27.79363189542933,28.204405180808696,27.7513466134969,28.137958526611328,21318700
2009-07-16,28.137952064145644,28.46415240636642,28.029217848613882,28.385623931884766,15476600
2009-07-17,28.204403396917353,28.36750474735866,28.095669163289816,28.282934188842773,16180900
2009-07-20,28.74202748481543,28.893046959272745,28.560802271967212,28.832637786865234,15950700
2009-07-21,29.18301559173112,29.18905535916851,28.69371147179491,29.013872146606445,19663900
2009-07-22,28.784327549271126,29.219262292302407,28.772245708579216,29.086366653442383,16927500
2009-07-23,29.03803348370432,29.73272420612549,29.01386980715271,29.57566261291504,19940000
2009-07-24,29.521295443517587,29.775009438135385,29.37027592188498,29.756885528564453,15432700
2009-07-27,29.642114347696648,29.823337330058077,29.454849293443864,29.787094116210938,14807400
2009-07-28,29.563580144175074,29.720641734036075,29.30986845891881,29.660232543945312,18335000
2009-07-29,29.575659353926277,29.66627197882256,29.26758057715351,29.41860008239746,20032100
2009-07-30,29.956237617961676,30.26431648179715,29.859585199466682,29.992483139038086,19165900
2009-07-31,30.155580734366804,30.524068781806534,30.022685105730986,30.451580047607422,20636100
2009-08-03,30.940877714674766,31.23687466160996,30.838183250368292,31.15834617614746,22184800
2009-08-04,30.862353451138173,31.158352765041627,30.43345850830131,31.11002540588379,18395300
2009-08-05,31.037530950461736,31.049612788024184,30.56634850302584,30.983163833618164,18679100
2009-08-06,31.061708451523334,31.11003582686948,30.560324606375566,30.789875030517578,16284900
2009-08-07,30.904625171490142,30.989195708515684,30.693198828926285,30.759645462036133,19822400
2009-08-10,30.626758628517855,30.723411027601692,30.41532992126418,30.572391510009766,14593800
2009-08-11,30.43949444923993,30.469697892728824,30.222025969119834,30.39720916748047,13047300
2009-08-12,30.385123347753634,30.983161589721103,30.36700174490983,30.74152946472168,18246400
2009-08-13,31.17042796038936,31.291244037086607,30.910674202021532,31.21271324157715,17806800
2009-08-14,31.28520302799401,31.28520302799401,30.71132841474991,30.946918487548828,17855000
2009-08-17,30.022676396275905,30.0589196006738,29.847493227103932,29.95018768310547,23357700
2009-08-18,30.14953919009467,30.584476178411062,30.016641264914625,30.46969985961914,17125200
2009-08-19,30.101212663950587,30.844228446349042,30.08308875407497,30.72945213317871,18921900
2009-08-20,30.717368181376205,31.110019838957673,30.663001064239925,30.946918487548828,14815500
2009-08-21,31.406015610479972,31.732215972679757,31.381851937909722,31.62348175048828,20819300
2009-08-24,31.7563826659985,31.925523781330092,31.538914200929387,31.61744499206543,19589500
2009-08-25,31.94969165944877,32.16112038580335,31.84095741260931,31.931570053100586,20682000
2009-08-26,31.671808271885094,31.81678569478662,31.514746708638086,31.798664093017578,16828400
2009-08-27,31.76846289434626,32.173194058211294,31.43017837644247,32.04029846191406,18976000
2009-08-28,32.33025767335025,32.39670662788078,31.919484412956894,32.05842208862305,17008900
2009-08-31,31.677848563165593,31.871153333157288,31.587238248442713,31.82282829284668,18793900
2009-09-01,31.49662878813755,31.949687320313,30.946917861272993,31.0314884185791,33136100
2009-09-02,30.862345174840016,31.18250577809019,30.83214173565363,30.995243072509766,20632100
2009-09-03,31.30936082416477,31.32144035514914,30.958994511881777,31.23686981201172,14848800
2009-09-04,31.28520310947843,31.78054693162142,31.134183595303742,31.71409797668457,13312100
2009-09-08,32.40879515966214,32.438998607676076,32.18528457473317,32.34234619140625,17093100
2009-09-09,32.54168098732473,32.86788365809466,30.24618506424406,32.74102783203125,21243900
2009-09-10,32.680620423225264,33.09139366699453,32.469194034979964,33.03098678588867,17004400
2009-09-11,33.14576780286305,33.23638044809071,32.86789240391529,32.98870849609375,16105400
2009-09-14,32.62022723660324,33.07328594822273,32.60210562553871,33.0551643371582,18704400
2009-09-15,32.89204664624384,33.163882199559836,32.668538437683864,33.061187744140625,24528200
2009-09-16,33.44176076429658,33.72567818135568,33.29678102033293,33.71359634399414,22163300
2009-09-17,33.465924640876786,33.76192159270795,33.351148337437266,33.49612808227539,20940900
2009-09-18,33.73775043490347,33.7558743392227,33.43571147915903,33.58673095703125,15180700
2009-09-21,33.01286526574368,33.30886221003407,32.91621287310551,33.23033142089844,17452700
2009-09-22,33.74984093642496,33.7800443788806,33.55049637271775,33.68943405151367,13731800
2009-09-23,33.82233790888444,34.01564273982977,33.333033759342946,33.39948272705078,22848100
2009-09-24,33.61694791405238,33.69547640960129,32.72291027885982,32.91017532348633,27611900
2009-09-25,32.837689200785306,33.12764644154137,32.692709428219615,32.771240234375,22919400
2009-09-28,32.88600930729418,33.44780209684786,32.843724026736375,33.21825408935547,15643900
2009-09-29,33.12763987141388,33.25449570701526,32.873925895836244,33.01890563964844,16359800
2009-09-30,33.2907405225185,33.33906556652822,32.77123304925885,33.03098678588867,25290400
2009-10-01,32.8255936017595,32.84975727112114,32.13090308604542,32.16714859008789,22406000
2009-10-02,31.683904618815475,32.0825961709539,31.665780704371244,31.810760498046875,27674800
2009-10-05,31.828874938684447,32.39066776802366,31.774507816349193,32.26985168457031,15838800
2009-10-06,32.64437741255687,33.06119042519252,32.62021373821935,32.81351852416992,18768200
2009-10-07,32.79540752953804,32.940385013712095,32.68063119149339,32.93434524536133,20064200
2009-10-08,33.35719293820303,33.61694670180593,33.163888133341565,33.41156005859375,14926100
2009-10-09,33.29074119786874,33.375311754882496,33.15180352500688,33.32698440551758,9190200
2009-10-12,33.665266704170335,33.767961162569314,33.45988009174707,33.526329040527344,9631800
2009-10-13,33.50820545741603,33.550490730617916,33.22428807645375,33.45383834838867,11697400
2009-10-14,34.10623988414095,34.29350487481262,33.955220399385404,34.257259368896484,16624600
2009-10-15,34.0881230285807,34.41432571411133,34.05187751761904,34.41432571411133,16062400
2009-10-16,33.84045785662959,34.03376267809238,33.677356481450005,33.89482498168945,19457400
2009-10-19,34.2210256387274,34.547226064757446,34.0700061121741,34.43849182128906,16127900
2009-10-20,34.541176737636725,34.547216503102185,34.00958750607238,34.257259368896484,14700400
2009-10-21,34.18476802568963,34.71031514689278,34.10623725444686,34.14248275756836,19720200
2009-10-22,34.11832910664373,34.57138765900521,33.84649351435185,34.474735260009766,15890400
2009-10-23,34.38412316515493,34.39016523639749,33.76796555216375,33.93106460571289,19383000
2009-10-26,34.05188412554073,34.30559814275716,33.28470461078841,33.4176025390625,21031300
2009-10-27,33.48405606869076,33.604872174106156,33.10348614316371,33.15181350708008,23313000
2009-10-28,32.83164733653364,32.98870894983854,32.26381469117248,32.354427337646484,25441000
2009-10-29,32.958504283834,33.42364473007639,32.692708426338214,33.308868408203125,21274300
2009-10-30,33.09139234783496,33.20012657299075,32.14299006515648,32.197357177734375,31478700
2009-11-02,32.481274984344815,32.95849716691266,32.14299046802304,32.511478424072266,25878000
2009-11-03,31.92552387484934,32.45107343509748,31.883238595892575,32.38462448120117,19567300
2009-11-04,32.80749074616475,33.02495698154374,32.608143816597774,32.710838317871094,24340600
2009-11-05,33.03097867335144,33.30885394519081,32.928284235443876,33.133670806884766,13490700
2009-11-06,32.904131035978885,33.27865876940492,32.83164001321916,33.23033142089844,12750300
2009-11-09,33.82837153978115,34.16665608475394,33.77400442191722,34.160614013671875,17554500
2009-11-10,33.81024428394934,34.06395592199018,33.75587717517279,33.97938537597656,19583800
2009-11-11,34.214974913521424,34.378076237472214,33.91897800679092,34.08207702636719,14746200
2009-11-12,33.94917908654919,34.1243622339308,33.52028432244194,33.58673095703125,18177000
2009-11-13,33.78609433835704,34.16666425440328,33.598829264409574,34.05792999267578,20592200
2009-11-16,34.35392108741477,34.80093989775538,34.33579948171687,34.601593017578125,18105000
2009-11-17,34.24518546173083,34.402247052687784,34.03979882273904,34.37204360961914,15367600
2009-11-18,34.396197430568165,34.42036110146851,34.06999709091144,34.263301849365234,12114400
2009-11-19,33.774010298607635,33.774010298607635,33.35115511990843,33.61695098876953,21816500
2009-11-20,33.20617542323727,33.45988713081831,33.18201174507474,33.429683685302734,15379300
2009-11-23,34.106249901016085,34.29351494668679,33.93106669419915,34.0277214050293,17112800
2009-11-24,33.94918787593678,34.02771866998664,33.63506700411228,33.88877868652344,23601500
2009-11-25,34.172693911276866,34.36599869617915,34.009592566945294,34.341835021972656,15283000
2009-11-27,32.93432992966455,33.5988147492657,32.88600258783018,33.35114288330078,14507600
2009-11-30,33.36927811811051,33.677356961591876,33.163891454331164,33.45988845825195,20857000
2009-12-01,34.11229254397861,34.48682033721786,34.05188334869798,34.37808609008789,17952200
2009-12-02,34.359960619011986,34.61971436856466,34.287469592828735,34.43244934082031,13034600
2009-12-03,34.63179765280281,34.813020617080625,34.25726758167032,34.353919982910156,15714100
2009-12-04,34.649923929353534,34.83114691806348,34.00960024457806,34.23310852050781,17862600
2009-12-07,34.01563777368576,34.3297586542054,33.9854320259555,34.045841217041016,13057600
2009-12-08,33.70151022187453,33.70754998759998,33.36322573188488,33.45383834838867,16547700
2009-12-09,33.375314543541585,33.52633406636304,33.055153892560114,33.41156005859375,16435300
2009-12-10,33.586740433591046,33.695474672688555,33.085356823863656,33.514251708984375,12430600
2009-12-11,33.61694304771527,33.671310162196406,33.423638263865634,33.502166748046875,22797300
2009-12-14,33.7437985864734,33.84045097755734,33.61090068459245,33.828369140625,23188500
2009-12-15,33.39947123936131,33.65318287857262,33.369267801984904,33.45383834838867,16211400
2009-12-16,33.77400023925365,34.015632356363405,33.737754730374796,33.84648895263672,17313400
2009-12-17,33.23637160617743,33.30282055441685,32.96453604718646,33.04910659790039,20345600
2009-12-18,33.188046652693565,33.26053767656629,32.75915179780012,33.12763977050781,18769700
2009-12-21,33.19408550226786,33.39343003763563,33.15783999384889,33.22428894042969,15019700
2009-12-22,33.386427311078805,33.51443751941441,33.27060888334817,33.4351921081543,15589200
2009-12-23,33.618084642586574,33.73999786376953,33.47178552168313,33.73999786376953,10683500
2009-12-24,33.86800118749697,33.92286305213665,33.800947539010146,33.87409591674805,4979300
2009-12-28,34.0447822476283,34.0447822476283,33.91067725233482,34.02040100097656,11762300
2009-12-29,34.25203139740803,34.258128451912036,33.947243781866725,34.07525634765625,10648300
2009-12-30,33.76438203549498,33.935062408447266,33.685136580047555,33.935062408447266,12566200
2009-12-31,34.08744681818405,34.10573565689418,33.66074600403152,33.69731903076172,13893400
2010-01-04,34.392238090974345,34.709217533215224,34.386143360987816,34.581207275390625,18556900
2010-01-05,34.666556221082445,34.80675829970933,34.44710868050267,34.6116943359375,14352800
2010-01-06,34.550728464715405,34.80065424668857,34.5446314094736,34.75798416137695,11888100
2010-01-07,34.52634651865414,34.64826205042769,34.36176089956164,34.623878479003906,10906600
2010-01-08,34.68483151493474,34.93475726620507,34.58729957115474,34.8981819152832,12826500
2010-01-11,35.25174222604437,35.270028741717645,35.03229473658368,35.184688568115234,12387500
2010-01-12,34.812838380376604,34.97742395555257,34.501953741040424,34.77016830444336,19029700
2010-01-13,34.91646795245891,35.172490754734625,34.709212284081396,35.062767028808594,15446600
2010-01-14,35.05058192562709,35.355369594545586,35.05058192562709,35.33098602294922,13362600
2010-01-15,35.056687447802695,35.1176463955594,34.61169759323621,34.776283264160156,19281700
2010-01-19,34.672644124368894,35.16030390505613,34.64826055399822,35.11763381958008,17507700
2010-01-20,34.36175199914641,34.38004083564974,33.904570617424184,34.22154998779297,24510100
2010-01-21,34.16060076120473,34.2459409321266,33.27062137109777,33.49006652832031,22979100
2010-01-22,33.34376672064013,33.55711712851765,32.78905333481354,32.83781814575195,27432500
2010-01-25,33.44130764008561,33.514456038791295,33.15480645091531,33.24014663696289,20242700
2010-01-26,32.94754895432582,33.33158209634244,32.86220877284336,33.051177978515625,22135300
2010-01-27,32.843918502971334,33.04507714700483,32.53913084658794,33.01459884643555,27156000
2010-01-28,33.03287682291984,33.03897387666481,32.21604602194409,32.459877014160156,26142600
2010-01-29,32.50255233929401,32.69152150505382,31.89907414036068,31.990509033203125,28917200
2010-02-01,32.42939830466818,32.624462165796096,31.990503454458057,32.5756950378418,23123800
2010-02-02,32.80734419075913,33.19747203128551,32.703717500457905,33.118228912353516,19720200
2010-02-03,32.904886013386964,33.03899337076806,32.600098255954315,32.77077865600586,20225900
2010-02-04,32.14899906779581,32.18557209384651,31.417508317296914,31.435794830322266,32202200
2010-02-05,31.265124802136764,31.380943298339844,30.442196564865114,31.380943298339844,43046100
2010-02-08,31.07005139884583,31.362647241332247,30.753071988149287,30.759166717529297,19238000
2010-02-09,31.44799136831367,32.01489661125211,31.143203703307854,31.728395462036133,30811800
2010-02-10,31.557720967607608,31.667444733390763,31.216357882354927,31.52724266052246,23502500
2010-02-11,31.417514117248743,31.874695630042194,31.179780102651417,31.819833755493164,19397300
2010-02-12,31.271220894847186,31.606486935586084,31.11882702857079,31.545530319213867,18994900
2010-02-16,31.69182654034642,32.31359141128669,31.582102780687396,32.24654006958008,19592800
2010-02-17,32.39282649931412,32.47207192822925,32.15509253791364,32.28919982910156,19682000
2010-02-18,32.19167611866686,32.52084505112087,32.19167611866686,32.47208023071289,13747600
2010-02-19,32.020986416557896,32.35015760222038,31.929551526326087,32.270912170410156,16069000
2010-02-22,32.447689490277305,32.496456625258325,32.25262560104317,32.331871032714844,14422100
2010-02-23,32.185582999761436,32.331882129571895,31.771071511535194,31.87470054626465,18038800
2010-02-24,31.923453819780175,32.26481678223739,31.838113660502106,32.07584762573242,15789800
2010-02-25,31.441894272401754,31.886883950786707,31.3748406190905,31.880786895751953,18544400
2010-02-26,31.813730093466962,32.2160496481671,31.643049774910825,32.07584762573242,19714200
2010-03-01,32.14900388298805,32.386737889304726,32.063661383615724,32.32577896118164,14774400
2010-03-02,32.54522702402512,32.78905809011442,32.41111970514146,32.569610595703125,14135700
2010-03-03,32.86220772001113,33.16699540145265,32.813442900160126,32.959739685058594,15292400
2010-03-04,32.9963204649017,33.05727708106634,32.685435676562804,32.87440490722656,12645600
2010-03-05,33.106043270462855,33.563224854425364,33.04508433072705,33.51445770263672,18656300
2010-03-08,33.563224854425364,33.6546597760104,33.410830993104526,33.51445770263672,11336100
2010-03-09,33.20355525269303,33.59368293067452,33.19136347208806,33.4351921081543,15356500
2010-03-10,33.43520456900962,33.733897491789286,33.39253448366184,33.575408935546875,13641100
2010-03-11,33.5571158391083,33.73998794245444,33.41081908656936,33.70341491699219,13015300
2010-03-12,33.97162133602308,33.98381311752811,33.752173919621576,33.928951263427734,11743300
2010-03-15,33.648560684313075,33.73390086353849,33.435207910904055,33.69123077392578,10182300
2010-03-16,33.80704665092463,34.15450439690448,33.721706478276296,34.1179313659668,15718300
2010-03-17,34.24593845680983,34.44709708439361,34.203268374433115,34.30080032348633,17400500
2010-03-18,34.18498620822758,34.25203754238622,33.880198538005914,34.09964370727539,15899600
2010-03-19,33.75218200683594,34.08135321030947,33.593693459984856,33.75218200683594,17819700
2010-03-22,33.30719453321826,33.89238627215338,33.28281096275965,33.84971618652344,17473800
2010-03-23,33.86800676545878,34.14231380848972,33.73999417665291,34.08745193481445,15533000
2010-03-24,33.52663803100586,33.65464827267781,33.380338950991494,33.52663803100586,18234000
2010-03-25,33.80096158902319,33.928971884610675,33.46569553257436,33.508365631103516,18633000
2010-03-26,33.72780299764787,33.96553699634589,33.62417398583229,33.8375244140625,23466200
2010-03-29,34.00211171913519,34.160602609719504,33.94115511527686,34.124027252197266,13605700
2010-03-30,34.23375099941859,34.32518823055149,33.96553868695835,34.124027252197266,16768000
2010-03-31,33.99601698888752,34.24594278525934,33.91677154359536,34.124027252197266,22702600
2010-04-01,34.471481901347595,34.739696514965914,34.45319538690823,34.72750473022461,20493900
2010-04-05,34.709229601364264,34.867720540263505,34.59341108858874,34.76409149169922,14434000
2010-04-06,34.404424523026655,34.715309186907916,34.367851498107626,34.666542053222656,15025700
2010-04-07,34.477579918289585,34.55072830343301,34.29470546741315,34.4227180480957,19574500
2010-04-08,34.050880556816196,34.416624848855875,33.977732163477356,34.386146545410156,13853000
2010-04-09,34.48977293386395,34.879900769007826,34.47758114834754,34.83723068237305,17131200
2010-04-12,34.953055180354625,35.05058715594865,34.873809723513936,34.94696044921875,11992200
2010-04-13,34.98353468959519,35.01401299701396,34.65436338864251,34.916481018066406,9094000
2010-04-14,35.16640034966451,35.404136684352565,35.062773658554256,35.37975311279297,20763800
2010-04-15,35.16639278754331,35.41022380001558,35.135914492320495,35.35536193847656,13534200
2010-04-16,35.038387589037846,35.178589627492215,34.398333995973914,34.575111389160156,30341100
2010-04-19,34.18497873170798,34.508052847373605,34.0691579541336,34.48366928100586,19657000
2010-04-20,34.74578097953816,34.794548104095846,34.611673712349,34.69701385498047,14039800
2010-04-21,34.556821489654936,34.61778041233914,34.29470393547571,34.47148132324219,15597400
2010-04-22,33.94114749501193,34.221551530358276,33.72170004983832,34.16059494018555,22128200
2010-04-23,34.02041090965519,34.434922452954346,33.910687129055646,34.41663360595703,18250100
2010-04-26,34.51415025986483,34.593395694049136,34.38004528510492,34.45319366455078,19670500
2010-04-27,33.953350437279845,34.184989741687936,32.99022018366165,33.06946563720703,39699100
2010-04-28,33.33766760732084,33.398626523910934,32.72199766450278,33.0755500793457,32895300
2010-04-29,33.43520687117412,33.666846154258046,33.34986669460252,33.58760070800781,21405900
2010-04-30,33.59980168855138,33.63637705652464,33.081663431666925,33.1670036315918,24817100
2010-05-03,33.22795432484125,33.52055256573423,33.166997714440164,33.40473175048828,22046300
2010-05-04,32.54521577225364,32.5635022820173,31.947832424746522,32.081939697265625,42932500
2010-05-05,31.3626551877376,31.844220317849867,31.295601520842776,31.46628189086914,40791300
2010-05-06,31.259029768981563,31.454093735921703,28.808536068281885,30.06426239013672,64526400
2010-05-07,30.36295624113441,30.667743988614934,29.442495941549478,29.997209548950195,66179200
2010-05-10,31.97221642046201,32.21604508020581,31.667428851773803,31.94173812866211,63301700
2010-05-11,31.216353068206853,31.91736564978484,31.18587476582203,31.423608779907227,42343600
2010-05-12,31.691822377875106,31.966129415648947,31.636960505251267,31.777162551879883,27785600
2010-05-13,31.551614855152714,31.771062323734007,31.283402574300638,31.362648010253906,29675400
2010-05-14,30.97861588015811,31.039572478682345,30.204454987105354,30.47266960144043,40366200
2010-05-17,30.58239213575235,30.722596503123377,29.808233539641673,30.51534080505371,33131000
2010-05-18,30.80794070175948,30.86280257975413,29.704608411131822,29.85700225830078,39152500
2010-05-19,29.796037604862484,30.07644164986342,29.47296115485755,29.97281265258789,41441600
2010-05-20,29.08284046790187,29.42420351367332,28.631755994383163,28.93044662475586,50013100
2010-05-21,28.662236340547707,29.67413143813576,28.595182672729624,29.637556076049805,52184600
2010-05-24,29.223046346263665,29.45468566923549,28.93654746491658,28.954833984375,26489400
2010-05-25,28.095326846182424,28.887774304287998,27.94902774490593,28.845104217529297,53441800
2010-05-26,28.87557159523743,29.125497291140622,28.3513366415516,28.41839027404785,42125600
2010-05-27,29.442490283690077,30.052065661511175,29.265712866039028,30.03377914428711,33506900
2010-05-28,29.88747160525528,29.960622304221594,29.326663531916097,29.454673767089844,39482100
2010-06-01,29.192560972287453,29.88138171774844,29.137699101846394,29.16208267211914,34753600
2010-06-02,29.296194327551518,29.960631601267913,29.131608691822255,29.94234275817871,25336300
2010-06-03,30.094727431181866,30.149589293031088,29.576589433429668,29.85089874267578,27019600
2010-06-04,29.113307766901766,29.271798606059036,28.436681312382223,28.57688331604004,36685200
2010-06-07,28.692713157649624,28.83291521702001,28.211148045891207,28.21724510192871,24384100
2010-06-08,28.37573711270913,28.704908418203523,28.11971653644405,28.668333053588867,33911600
2010-06-09,28.857293113534368,29.155986016281794,28.424495233835827,28.564697265625,30395500
2010-06-10,29.405917459256287,29.796045331792765,29.30838549112217,29.77166175842285,30506000
2010-06-11,29.436394978906808,29.826522841047584,29.38153310295917,29.8143310546875,22459100
2010-06-14,30.2532158994533,30.436087982732275,29.94842831887344,30.0032901763916,29477200
2010-06-15,30.478765176906403,30.972522009896576,30.369041436241922,30.954233169555664,28365100
2010-06-16,30.57019793841602,30.92984740799779,30.503144292763412,30.807931900024414,21785900
2010-06-17,30.954236622300737,30.966428408772845,30.600684115991655,30.905471801757812,23402900
2010-06-18,30.86279870361875,30.99690369104987,30.753074961409933,30.85060691833496,20182700
2010-06-21,31.326078042140335,31.387036974639322,30.722599725146164,30.844512939453125,26081200
2010-06-22,30.917670162561787,31.045680459720757,30.399529591374627,30.454391479492188,29123900
2010-06-23,30.67704224767359,30.875518679923406,30.28629310257123,30.658435821533203,31159100
2010-06-24,30.453764388366242,30.497180972473835,30.03820497875747,30.125038146972656,24218700
2010-06-25,30.106431381573987,30.385539680617278,29.876941021234863,30.298704147338867,31883900
2010-06-28,30.236679723094998,30.459966351922052,30.007191739478856,30.07541847229004,23915000
2010-06-29,29.523408439748117,29.523408439748117,28.946585335988512,29.045825958251953,39759300
2010-06-30,29.089225418674076,29.386940012079116,28.82872367067887,28.84733009338379,40112000
2010-07-01,29.21328234882844,29.31252058385275,28.81012805417863,29.26910400390625,43453600
2010-07-02,29.442776380751265,29.560621060232815,29.008608160831503,29.20708465576172,24580500
2010-07-06,30.0382064408269,30.26149309340634,29.591633135668022,29.790109634399414,26225800
2010-07-07,29.969975405280813,30.757679931859062,29.938963900428757,30.7204647064209,31096500
2010-07-08,30.825909984097915,31.024386475771248,30.596421984230577,31.0181827545166,30704400
2010-07-09,30.73907265654712,31.061597503393667,30.689452357327916,31.049192428588867,19807000
2010-07-12,30.794895795926525,31.005777345730422,30.70806026810334,30.931346893310547,19512900
2010-07-13,31.328299694984494,31.576396469833192,31.26627668428542,31.501968383789062,21027200
2010-07-14,31.365514450188982,31.644622726197497,31.278681290103258,31.613611221313477,17036100
2010-07-15,31.681835973753305,31.824490780134685,31.272475617146718,31.76866912841797,21741000
2010-07-16,31.390326125076886,31.396527479944414,30.70806115436126,30.751480102539062,29092500
2010-07-19,31.00577855239513,31.111218148387415,30.68945503236569,30.9499568939209,15344100
2010-07-20,30.478570358289684,31.20425184426261,30.466165283671867,31.16083526611328,17648600
2010-07-21,31.148429264306568,31.16703569266641,30.497175879400213,30.596416473388672,18248500
2010-07-22,31.33450704223634,31.737661390492658,31.33450704223634,31.626020431518555,25412400
2010-07-23,31.576400077452885,32.00436457863454,31.470960474012685,31.9981632232666,26349100
2010-07-26,31.824494034182248,32.23385206661959,31.750063580265454,32.2214469909668,29416900
2010-07-27,32.40751670742267,32.438528211927895,32.07258678030351,32.31447982788086,31043800
2010-07-28,32.22764787414101,32.32688611188484,32.04777782884714,32.14701843261719,18472800
2010-07-29,32.612199068005076,32.754853891050956,32.010565903224645,32.295875549316406,20313700
2010-07-30,31.917524136746223,32.4075139101235,31.880311280962484,32.196632385253906,25265700
2010-08-02,32.92852231319108,33.337880377605266,32.84789049816249,33.28205871582031,20257000
2010-08-03,33.133196531689194,33.34407807909905,32.97193528532927,33.23243713378906,18383000
2010-08-04,33.18901636038364,33.350279963892575,33.009148694044356,33.26344680786133,15891400
2010-08-05,33.13939778815118,33.2386360168457,32.96573147944227,33.2386360168457,13158500
2010-08-06,33.04016067011953,33.36888687009057,32.928517363332,33.33787536621094,18078700
2010-08-09,33.424705666798644,33.4619208878892,33.294455942020505,33.37508773803711,13579600
2010-08-10,32.798263447386255,33.26344304437328,32.61219208179659,33.10838317871094,20251800
2010-08-11,32.06638742785423,32.072588782732,31.55158743002702,31.601207733154297,40518300
2010-08-12,31.328299845991147,31.663229783843438,31.322098491301826,31.56399154663086,22039000
2010-08-13,31.55157929435129,31.737650651046913,31.439936007128782,31.452341079711914,18869200
2010-08-16,31.45855345110545,31.824494911863347,31.371720285167356,31.706647872924805,16634800
2010-08-17,32.06017303466797,32.240043024589276,31.88030541077215,32.06017303466797,13630600
2010-08-18,32.14700438486632,32.26484900130762,31.917514137971164,32.04776382446289,14140600
2010-08-19,32.06638637620313,32.153219537801796,31.38412142673639,31.53297996520996,20836400
2010-08-20,31.19805233657964,31.27248042831043,31.01198092423948,31.204256057739258,16366900
2010-08-23,31.35930859322687,31.563986388895838,31.13602200447831,31.142223358154297,13331200
2010-08-24,30.720467178423213,30.925147385763992,30.490979184820258,30.714265823364258,21659600
2010-08-25,30.441355654127115,30.807294686040457,30.280092059902543,30.745271682739258,18816000
2010-08-26,30.918943417903453,31.098813471520106,30.639837487977452,30.732872009277344,16038800
2010-08-27,31.092604443658598,31.371712670734226,30.689447852768716,31.334497451782227,16814200
2010-08-30,31.12981392395743,31.260065993164943,30.87551587040064,30.8817195892334,17372300
2010-08-31,30.85071784667255,31.179444067971556,30.7266694570796,30.974763870239258,24164600
2010-09-01,31.731457547468956,32.19043588826957,31.66943453445392,32.078792572021484,25500500
2010-09-02,32.066390400115814,32.258663177490234,31.967152150689063,32.258663177490234,14665200
2010-09-03,32.51916980406023,32.65562330418427,32.34550343374008,32.5563850402832,16061700
2010-09-07,32.31448493946701,32.33929509340617,32.08499693059599,32.10360336303711,17975300
2010-09-08,32.3206845089774,32.587387714495875,32.302078078926506,32.3516960144043,13422600
2010-09-09,32.87269199954035,32.87269199954035,32.500549262937014,32.655609130859375,14184700
2010-09-10,32.66802057290302,32.78586761829025,32.624603987558174,32.75485610961914,10187700
2010-09-13,33.207637344819624,33.37510236407686,33.158017028287,33.35029220581055,23197400
2010-09-14,33.232438944253744,33.7038199997775,33.13319833674736,33.573570251464844,20933000
2010-09-15,33.35648150033828,33.62318469019141,33.207625336622066,33.58597183227539,19914900
2010-09-16,33.34408132073373,33.511546304018545,33.25104679625977,33.424713134765625,18005000
2010-09-17,33.418506691067435,33.48052969793945,33.07737542121921,33.26344680786133,18965300
2010-09-20,33.43711810790384,33.90229782691532,33.35028493891926,33.840274810791016,17245100
2010-09-21,33.84646955765069,34.10076765975223,33.52394473151748,33.83406448364258,24148000
2010-09-22,33.939514257528785,34.11938195706642,33.691417452197136,33.784454345703125,21603200
2010-09-23,33.40610154776036,33.74723281690677,33.344076174989894,33.41850662231445,20424200
2010-09-24,34.069761033667874,34.410892336621586,34.04495088210091,34.34886932373047,21041700
2010-09-27,34.3364573734937,34.36746887373049,34.14418228638431,34.175193786621094,13161000
2010-09-28,34.24963407811784,34.45431193137564,33.88989394702177,34.373680114746094,30726600
2010-09-29,34.379878844269385,34.49772350836589,34.20621252538483,34.31785583496094,18717500
2010-09-30,34.49152349651948,34.61557188599142,33.883688990735806,34.06355667114258,30372500
2010-10-01,34.410883512712225,34.479110229012996,34.125573940932355,34.40468215942383,15814900
2010-10-04,34.10697186290764,34.24342294687793,33.77824331210084,33.90849304199219,14760400
2010-10-05,34.51633286808419,34.96910746830879,34.44810613711418,34.869869232177734,25199800
2010-10-06,35.02493346967572,35.17378965932833,34.95050300882294,35.16138458251953,24251900
2010-10-07,35.421883671648544,35.42808502655094,34.857465734478936,35.04353713989258,22281600
2010-10-08,35.11796181422591,35.33504707112253,35.000117154328464,35.27302169799805,16558500
2010-10-11,35.33504858423178,35.372261443673935,35.10555824288308,35.22960662841797,9960700
2010-10-12,34.95670539545644,35.24821877426585,34.702407245652395,35.155181884765625,13383900
2010-10-13,35.48390872953993,35.73820688366531,35.403279281031054,35.5521354675293,15517400
2010-10-14,35.80643328879585,35.930481687075506,35.58935036632625,35.80023193359375,16135400
2010-10-15,35.9056672935965,35.93047744352752,35.428082554541845,35.68238067626953,20830900
2010-10-18,35.61414580345642,35.91806415555231,35.508706239398514,35.763004302978516,12315200
2010-10-19,35.136571070815975,35.359855318919564,34.80164114962145,34.97530746459961,20471000
2010-10-20,35.186193439083866,35.76921783144669,35.16138328638084,35.63276672363281,15578900
2010-10-21,35.66378503693327,35.89327307816167,35.23582046825973,35.44049835205078,14836300
2010-10-22,35.607955464036635,35.66377712287001,35.42808541157063,35.53352737426758,12456000
2010-10-25,35.90567465074245,36.03592441552958,35.651376476908545,35.66998291015625,13979000
2010-10-26,35.28543841710759,35.47771358820681,35.1986052321037,35.44049835205078,14724600
2010-10-27,35.124167755799256,35.211000917638806,34.776832742414875,35.09935760498047,15964500
2010-10-28,35.4653094011709,35.47771448020146,35.1799996815485,35.37227249145508,15896800
2010-10-29,35.31644669272892,35.44049510251485,35.21100708232818,35.35986328125,13268100
2010-11-01,35.41567802370722,35.539726409242114,35.04353523312871,35.22960662841797,14155000
2010-11-02,35.77541447801184,35.880854057109346,35.682377606786815,35.81262969970703,13020600
2010-11-03,35.862257291369474,36.060733795166016,35.45910056214281,36.060733795166016,24589500
2010-11-04,36.71198295251149,36.91045944539477,36.66856636756992,36.87944793701172,19768900
2010-11-05,36.68717010600107,36.86083642181753,36.53211021944321,36.71818161010742,14176200
2010-11-08,36.43288054167648,36.569331664990436,36.27782061870821,36.494903564453125,11752500
2010-11-09,36.71818392026131,36.811218438433706,36.00490745080833,36.12895584106445,17333500
2010-11-10,36.25299905258628,36.32742712969741,35.75680792846888,36.23439025878906,19340700
2010-11-11,35.87465270031909,35.980092279408204,35.719592825640326,35.92427062988281,21357400
2010-11-12,35.818831495241156,36.01110659399794,35.43428366375354,35.626556396484375,19040600
2010-11-15,35.86846028978961,35.9304833087155,35.59555332805205,35.60175704956055,15067500
2010-11-16,35.29163223553111,35.35365524569203,34.60936729363012,34.764427185058594,40455500
2010-11-17,34.9504994652465,35.148975942011084,34.86987002320393,34.956703186035156,22315000
2010-11-18,35.69478433976997,35.868453016393694,35.66377283659553,35.83123779296875,19343000
2010-11-19,35.54592817812223,35.84984422166821,35.3722595014985,35.83123779296875,14201100
2010-11-22,35.415675736812204,35.60174948611229,35.03733161609952,35.44668960571289,28197600
2010-11-23,34.65278739739323,34.77683579635431,34.293049643035175,34.3798828125,22439100
2010-11-24,34.70861201845936,34.93810240421677,34.69620694090275,34.925697326660156,18834800
2010-11-26,34.34267044067383,34.53494559336413,34.280647419045536,34.34267044067383,8691400
2010-11-29,33.97052296069228,34.11937913877443,33.63559301096802,34.03874969482422,25857100
2010-11-30,33.41850457416906,33.827862545261326,33.39989578046539,33.65419387817383,26227300
2010-12-01,34.3178526004029,34.63417370370361,34.24962587697849,34.6093635559082,21834400
2010-12-02,34.54113754150111,35.291629148548814,34.51012603913325,35.26681900024414,22405800
2010-12-03,35.291627210797095,35.63895980388777,35.26061334410614,35.607948303222656,17799200
2010-12-06,35.29162972531349,35.51491396562678,35.23580807372867,35.44668960571289,15412000
2010-12-07,35.918072287070984,35.96148886633871,35.42808247416251,35.46529769897461,24787900
2010-12-08,35.50250776349928,35.70098420159638,35.29162625226789,35.57073211669922,13426500
2010-12-09,35.67617384137044,35.71338906055013,35.4094706856471,35.66376876831055,14969800
2010-12-10,35.63896949833132,35.78162433301624,35.49011330823684,35.74441146850586,13417000
2010-12-13,36.02971760206481,36.32123096426274,35.96769458994987,36.12895584106445,15149500
2010-12-14,36.197177565366815,36.41426044375735,36.1103444140106,36.18477249145508,16046600
2010-12-15,35.94288700368609,36.09174318979525,35.61415839114438,35.70719528198242,19335800
2010-12-16,35.72580011366546,35.961491824813045,35.607955441104814,35.905670166015625,15424700
2010-12-17,35.70099392673888,35.73200543500942,35.514920145062796,35.70719528198242,16830000
2010-12-20,35.8808610614464,35.887064782619596,35.63276663312545,35.78782653808594,12685600
2010-12-21,36.09335927875741,36.13718450109604,36.011968556573315,36.08709716796875,18172500
2010-12-22,36.09335331523839,36.16221980446671,36.03074415917387,36.15596008300781,9188800
2010-12-23,36.04326397896351,36.16221778640514,36.0307421484494,36.137176513671875,10404000
2010-12-27,35.92430308971749,36.07456024967652,35.861693949489144,36.06203842163086,6348600
2010-12-28,36.256128468563254,36.26238818935298,36.01195875675161,36.09334945678711,9601200
2010-12-29,36.318738327203,36.494041572099604,36.27491311305261,36.40639114379883,9244900
2010-12-30,36.331262812215115,36.36256858600524,36.093355171817684,36.2310905456543,10546300
2010-12-31,36.231082147029845,36.70063998549216,36.21856031807549,36.45021057128906,28390800
2011-01-03,36.6943777601798,36.85715674888479,36.6630743840782,36.75072479248047,16245400
2011-01-04,36.90724818403313,36.92602973413319,36.456471875273465,36.63803482055664,14583100
2011-01-05,36.099602777923124,36.481510162353516,36.09334305824311,36.481510162353516,13008800
2011-01-06,36.506554958221365,36.53159622601821,35.98065012177575,36.06203842163086,23622100
2011-01-07,36.11838953874636,36.206042344979736,35.73022237860618,35.91804504394531,16347400
2011-01-10,35.667619362072415,35.89926726068688,35.511100059817636,35.85544204711914,12666500
2011-01-11,36.07455809101272,36.162208493792996,35.91177911274854,36.09960174560547,15014100
2011-01-12,36.531603691608574,36.89472961425781,36.46899692688042,36.89472961425781,20472100
2011-01-13,37.15141521006082,37.257847170680925,36.93854890052601,36.994895935058594,16441100
2011-01-14,36.88846480698063,37.25785042376978,36.863423535897745,37.22028732299805,21884200
2011-01-18,37.38307157003983,37.53333115906379,37.33298663256194,37.46446228027344,11977100
2011-01-19,37.58340899097218,37.60845264912391,37.1013293188775,37.207763671875,19678600
2011-01-20,36.87594643958899,37.03246573281595,36.58794912494728,36.888465881347656,17207900
2011-01-21,37.201497826116714,37.276628793024635,36.988633918094315,37.08880615234375,13671500
2011-01-24,37.02620218830472,37.483238220214844,37.02620218830472,37.483238220214844,13494000
2011-01-25,37.18272340493316,37.41437129322712,37.06376960030542,37.408111572265625,13323300
2011-01-26,37.583402218441904,37.7148802058988,37.47070816536128,37.64601135253906,20444700
2011-01-27,37.68358577336785,37.821323521494875,37.52706647351258,37.733673095703125,11889000
2011-01-28,37.50828498411465,37.6147193501065,36.819601018925034,36.89472961425781,18244200
2011-01-31,37.19523822774957,37.3705390411846,37.107587821032055,37.214019775390625,20763600
2011-02-01,37.689845408487244,38.17192510698857,37.63975808944018,38.09679412841797,25762500
2011-02-02,38.01539817258146,38.171917430685575,37.952789036363214,38.06548309326172,17063200
2011-02-03,37.883929389549216,38.09053600685016,37.60845628810955,38.071754455566406,11593300
2011-02-04,37.94654052894442,38.0717564500841,37.70863051760853,38.059234619140625,12648400
2011-02-07,37.9778400113498,38.22827182790663,37.95905846101122,38.178184509277344,13215000
2011-02-08,38.21574924666987,38.441137399479416,38.084273620295896,38.42861557006836,14437700
2011-02-09,38.20947981859416,38.39104272783306,38.10930759078895,38.315914154052734,17360700
2011-02-10,37.790010058784446,38.07800492050537,37.677316001885934,38.06548309326172,13190600
2011-02-11,37.72740811821982,38.14688105185692,37.72114839755127,38.08427429199219,12115100
2011-02-14,38.00288165994845,38.20948586762592,37.96531617296406,38.159400939941406,9851200
2011-02-15,38.12184338401909,38.159408878818795,37.959064349810696,38.046714782714844,14695100
2011-02-16,38.19070744708302,38.54131152277682,38.15314195702104,38.503746032714844,14665300
2011-02-17,38.41608594508949,38.729124451958484,38.397304398931524,38.63521194458008,15745900
2011-02-18,38.628953975314985,38.80425478284917,38.547563291119374,38.76668930053711,10151400
2011-02-22,37.95904785186499,38.24704268860752,37.62096571049203,37.658531188964844,24077500
2011-02-23,37.827579590074876,37.959057604362194,37.483237641301336,37.70862579345703,18757300
2011-02-24,37.783758227040735,37.89019259341148,37.43941624322008,37.739933013916016,17689600
2011-02-25,37.9966157832754,38.21574418651194,37.97157451606377,38.19070053100586,15585300
2011-02-28,38.57887846846535,38.69157256158501,38.35349028222603,38.53505325317383,19750700
2011-03-01,38.66652251658188,38.69156617498467,37.97157890811458,37.996620178222656,20476500
2011-03-02,38.071758354203496,38.37853486862902,38.02793313785699,38.19697189331055,17851200
2011-03-03,38.52253275464227,38.69783601016831,38.35975371911294,38.6853141784668,16087800
2011-03-04,38.54757168900402,38.62270028170111,38.078013805131185,38.3347053527832,18174100
2011-03-07,38.49749537032284,38.585145812796746,37.86515594111179,37.965328216552734,16467500
2011-03-08,37.90271134477173,38.209487811721665,37.69610473828745,38.08427429199219,13435000
2011-03-09,38.090534407684494,38.184446936750334,37.92775539737117,38.09679412841797,13058500
2011-03-10,37.401856265281964,37.4081159869822,37.09507735947607,37.151424407958984,24970100
2011-03-11,36.83838578045286,37.2453369515289,36.83838578045286,37.151424407958984,17713200
2011-03-14,36.23108615871119,36.51908347996049,36.08708869223401,36.48777770996094,31231300
2011-03-15,34.55946444652051,35.924313033455824,34.46555190433054,35.723968505859375,43537200
2011-03-16,35.479787426665204,35.5987436018806,33.87076950174624,34.61580276489258,40797800
2011-03-17,35.824134971885364,35.968132428522345,35.54239977920659,35.76778793334961,30662400
2011-03-18,36.30621391847204,36.37508039679212,36.093347598160264,36.262386322021484,44500400
2011-03-21,36.919772897308455,37.21402755447079,36.83212247226883,37.15768051147461,24131500
2011-03-22,37.13262969670553,37.16393307070483,36.86967610086385,37.051239013671875,16722000
2011-03-23,36.825860315790884,37.195245955339075,36.68186284793921,37.09507369995117,17400800
2011-03-24,37.257853361142324,37.58967590332031,37.15142138283835,37.58967590332031,14473700
2011-03-25,37.30167234093982,37.47697315329648,37.16393462363419,37.176456451416016,12687500
2011-03-28,37.28289642794335,37.40185262332138,37.13263923881683,37.15768051147461,11879900
2011-03-29,37.063769747682834,37.35802439994146,36.9260320030331,37.35176467895508,14375800
2011-03-30,37.62097146141648,37.84009748193592,37.539580773097335,37.79627227783203,13689000
2011-03-31,37.5646282587787,37.746191201886866,37.46445601228707,37.614715576171875,21688400
2011-04-01,37.68358319821387,38.02166543598877,37.51454207932642,37.971580505371094,15132800
2011-04-04,38.07800306207614,38.103046715341165,37.87139889337526,38.02165603637695,19410800
2011-04-05,37.69610698363737,38.046711069329945,37.66480360184043,37.927757263183594,14536800
2011-04-06,38.08428343934202,38.29088770715516,38.065499496235105,38.24080276489258,14204000
2011-04-07,38.146875771929366,38.27209166262245,37.83383723934389,38.05296325683594,16050000
2011-04-08,38.503750330549,38.560097377784054,38.25958058862884,38.36601257324219,12447100
2011-04-11,38.46617530101306,38.57260964753781,38.20948379130513,38.29087448120117,10165800
2011-04-12,38.11558397333086,38.15940919014048,37.821326899070385,37.93402099609375,14527800
2011-04-13,38.347231576226996,38.3722752394268,37.94654251821079,38.046714782714844,14659800
2011-04-14,37.92776050423264,38.278362231590314,37.82132613107395,38.215755462646484,15109800
2011-04-15,38.09053207461736,38.228269805265455,37.94027251497446,38.159400939941406,14660500
2011-04-18,37.32046112470751,37.45193675946745,36.95733521350971,37.376808166503906,20667200
2011-04-19,37.57714650481835,37.70862211799599,37.458192719794944,37.65227508544922,11675700
2011-04-20,38.52878397112294,38.64773775621191,38.45991511038398,38.610172271728516,16665900
2011-04-21,38.89191052596053,38.92321390470426,38.729131523516294,38.8606071472168,12811800
2011-04-25,38.90443235511697,38.935735733860696,38.710349973929,38.8606071472168,11593100
2011-04-26,38.96078068653605,39.22999405160648,38.88565209739621,39.16112518310547,11400000
2011-04-27,39.29260507218184,39.687034387454965,39.03591350884744,39.649471282958984,16032300
2011-04-28,39.624423645385036,39.93746222234976,39.61816153640065,39.918678283691406,19808900
2011-04-29,39.937460633381924,40.112761465253236,39.73085403442383,39.73085403442383,17700000
2011-05-02,40.150324013891044,40.28806174464093,39.93119797705685,39.987545013427734,18704300
2011-05-03,39.84980853138508,39.96250260090414,39.48042294536029,39.661983489990234,14222300
2011-05-04,39.71208080683263,39.71834052858494,39.18617581271583,39.32391357421875,18561500
2011-05-05,38.88565150330864,38.992083470606126,38.391049990080326,38.547569274902344,25543500
2011-05-06,39.08599417734181,39.223731905827734,38.353482716560336,38.566349029541016,24517800
2011-05-09,38.578873744730856,38.87313077276844,38.41609473476432,38.841827392578125,17228200
2011-05-10,38.97329838344669,39.22998989172556,38.89190769400377,39.21120834350586,15708200
2011-05-11,39.00461148955061,39.04843670519173,38.272102266724644,38.422359466552734,33177300
2011-05-12,38.30339957270716,38.72913221848662,38.06548959105516,38.547569274902344,22162200
2011-05-13,38.47244579487742,38.49748945696472,37.73993420274193,37.94654083251953,20874000
2011-05-16,37.84636690600271,38.29088114115144,37.75871648085169,37.87767028808594,19340700
2011-05-17,37.67732545600511,37.977842220376345,37.50202460719562,37.95906066894531,18296900
2011-05-18,37.915227485322305,38.30339459248878,37.827574691051026,38.19070053100586,12848200
2011-05-19,38.30340003215828,38.453657209944694,38.0717521565656,38.40983200073242,10888100
2011-05-20,38.146877995675005,38.19070320172817,37.72114537547741,37.865142822265625,18552000
2011-05-23,36.98863983154297,37.14515912184917,36.825858432179416,36.98863983154297,20519400
2011-05-24,37.295420107440634,37.420636030117294,37.08881586507497,37.201507568359375,17309500
2011-05-25,37.08881706385199,37.539591056444664,37.063773400848184,37.43941879272461,15848600
2011-05-26,37.6022011033303,37.883933959753655,37.38307262930688,37.79002380371094,18511100
2011-05-27,37.990354518094165,38.18443925792923,37.934007489644905,38.06548309326172,17160100
2011-05-31,38.69782794778727,38.854347229003906,38.472439800708166,38.854347229003906,33441600
2011-06-01,38.641488963341494,38.68531418015111,37.890195779284134,37.93402099609375,25264400
2011-06-02,38.1155757051939,38.203226119799766,37.71488673082726,38.12809753417969,19489600
2011-06-03,37.73992999895933,38.366007151633745,37.727408169310465,38.146881103515625,21376300
2011-06-06,38.05296403320651,38.084269797739346,37.62723142914076,37.65227508544922,16339800
2011-06-07,38.12809819069,38.27835536451736,37.977838628567916,37.996620178222656,23850300
2011-06-08,37.714892147960185,37.84010567921365,37.45193847807887,37.50828552246094,18499300
2011-06-09,37.633498779740016,37.99036257281616,37.545848358745154,37.89645004272461,14991000
2011-06-10,37.56462969922083,37.57715152904929,36.90724915714343,37.01994323730469,23965600
2011-06-13,37.15767461866462,37.301674452158565,36.8696797282659,37.07628631591797,26144800
2011-06-14,37.60845717815992,37.840105073223114,37.577153795847856,37.733673095703125,16389900
2011-06-15,36.98864688240888,37.13264437034436,36.40639482041592,36.49404525756836,26678400
2011-06-16,36.32498355255795,36.56915317170161,36.05577028317034,36.36880874633789,21331500
2011-06-17,36.86342285536866,36.91350778490463,36.63177259284366,36.725685119628906,22489900
2011-06-20,36.46273582092,36.782034130179035,36.46273582092,36.681861877441406,16304000
2011-06-21,37.0387275926954,37.495763668716734,36.994902379124525,37.47698211669922,17407400
2011-06-22,37.286150197476225,37.50953668017692,37.094677808521,37.113826751708984,20975200
2011-06-23,36.418137250361795,36.813847128613325,36.18836943889213,36.794700622558594,22617400
2011-06-24,36.81385812048151,36.82662327323049,36.38623402485463,36.44367599487305,18681900
2011-06-27,36.418138115479294,36.839378301612555,36.3415472200345,36.7436408996582,16916400
2011-06-28,36.90320263849756,37.21594271682867,36.85852583226502,37.18402862548828,20936100
2011-06-29,37.59249910900381,37.866943687449016,37.375496475691385,37.83502960205078,28707600
2011-06-30,38.020124366444755,38.50519027019289,37.96268241559835,38.3839225769043,30800700
2011-07-01,38.326474670000046,38.843452147277745,38.21797457676428,38.80515670776367,17093200
2011-07-05,38.63922323812739,38.754107147434276,38.47327873148266,38.57539749145508,17598300
2011-07-06,38.249886803124895,38.39030098209357,38.06479582806669,38.33285903930664,12980200
2011-07-07,38.55624660583952,38.74771895470373,38.49880465770996,38.66474914550781,15687200
2011-07-08,38.24350136474028,38.3902993280844,37.97544059975226,38.18606185913086,17211100
2011-07-11,37.343587081472336,37.43932448028801,36.960642355616045,37.03084945678711,25138000
2011-07-12,36.80746069214826,37.203172976670764,36.737256030090755,36.78193283081055,17446900
2011-07-13,37.19678535321547,37.70738148261559,37.11381555168531,37.33081817626953,22333600
2011-07-14,37.52867659538046,37.60526505056629,36.922345441293494,37.00531768798828,24454000
2011-07-15,37.19041467660224,37.330828895978094,36.947881688963065,37.132972717285156,20163000
2011-07-18,36.66066437956083,36.76916691812604,36.28410104225154,36.584075927734375,23639200
2011-07-19,36.896823522183155,37.22232633517762,36.896823522183155,37.132972717285156,20782400
2011-07-20,37.46485270678407,37.62441340618715,37.26699656303115,37.5733528137207,15577400
2011-07-21,37.95629089711612,38.4349728811166,37.89246517176124,38.37114715576172,26791900
2011-07-22,38.39668919672553,38.454131149773076,38.12224458046542,38.409454345703125,11854600
2011-07-25,38.16692352294922,38.339249391746904,38.083951267297735,38.16692352294922,15580200
2011-07-26,38.37115244559626,38.530713128926735,38.19882661543501,38.39668273925781,14454200
2011-07-27,38.147763185402226,38.16052833046706,37.39463666949468,37.46484375,29604200
2011-07-28,37.407407560857436,37.75844058260511,37.337200469567335,37.37549591064453,17540500
2011-07-29,37.311680268385636,37.80951139824193,37.158503332047935,37.47124099731445,28563800
2011-08-01,37.89247415391622,37.91162309341305,36.69896080594411,36.99893569946289,26159000
2011-08-02,36.57770352705234,36.89682499495113,36.01604906183347,36.022430419921875,25546200
2011-08-03,36.252193992062885,36.30963594690014,35.60756977418104,36.23304748535156,36176300
2011-08-04,35.033148366661905,35.10973682414607,33.66092775013163,33.705604553222656,39911200
2011-08-05,34.471491038930445,34.59914008025059,33.04820994976272,34.29916763305664,61793400
2011-08-08,33.00991505849186,33.450301669484865,31.675987643935947,31.739810943603516,53894700
2011-08-09,32.98439620345897,33.87793731689453,32.03341312652107,33.87793731689453,55660900
2011-08-10,32.95247066151665,32.98438230897453,31.81001566572488,31.854692459106445,43347500
2011-08-11,32.01426095380095,33.62263321265187,31.963202792332773,33.38010025024414,35724500
2011-08-12,33.73112836468786,34.02472188007135,33.316272037996434,33.76304244995117,26243500
2011-08-15,34.171513354543684,34.55445798511033,34.16512956436944,34.54807662963867,20913700
2011-08-16,33.94813163038452,34.439578849232376,33.69283598643562,34.04386901855469,23238300
2011-08-17,34.36937635804343,34.65658612630936,34.03749221993974,34.241729736328125,20680200
2011-08-18,32.997152618170965,33.0737410709947,32.28870273411818,32.57591247558594,32657800
2011-08-19,32.192955675951396,32.99075892120428,31.975953095854525,32.0206298828125,29395100
2011-08-22,33.009918574610474,33.03544643637496,32.19934992203829,32.22488021850586,23408300
2011-08-23,32.60782570023358,33.303510469907906,32.39720440143439,33.27159881591797,24830200
2011-08-24,33.00353440445394,33.47583514487236,32.818443409242455,33.28436279296875,18042600
2011-08-25,33.201390048836295,33.33542044968445,32.378056269849615,32.48017501831055,18597700
2011-08-26,32.3716783345224,33.099274798541956,32.01426145978329,32.99077224731445,26600900
2011-08-29,33.469453967783274,33.794959182677445,33.45668881869887,33.77581024169922,18267000
2011-08-30,33.39924234337233,33.731126411627955,33.143944284265054,33.57794952392578,16811400
2011-08-31,34.11408155150112,34.401291327105056,33.967285985015394,34.190670013427734,29114100
2011-09-01,34.024730204219004,34.33746786480655,33.769432067871094,33.769432067871094,21110800
2011-09-02,33.15671439843301,33.36095190243785,32.946093102907525,33.016300201416016,23310400
2011-09-06,31.46537267479153,31.950438614349448,31.36963770611534,31.931289672851562,27238100
2011-09-07,32.37806215040133,32.88865598544078,32.27594338339344,32.88227462768555,18331400
2011-09-08,32.41634937139092,32.79929404177514,32.148286154359695,32.231258392333984,17412400
2011-09-09,31.61216461090968,31.739813655855595,30.980305612217098,31.114336013793945,23270800
2011-09-12,30.482475577266882,30.993071773748564,30.259091567333474,30.98030662536621,31133200
2011-09-13,30.98031202721511,31.420698767029865,30.87180946439773,31.312198638916016,27622400
2011-09-14,31.42069804486501,32.02702929394623,30.89733905547789,31.784496307373047,26017000
2011-09-15,32.275940684764855,32.49932470807239,32.04617286953239,32.47379684448242,36415500
2011-09-16,32.53123380463941,32.633352547433475,32.14190533689241,32.48655700683594,19035400
2011-09-19,31.407922795434562,31.803635023841213,31.21006911593393,31.593013763427734,22184900
2011-09-20,31.727042518756402,32.06531278921303,31.471746911759915,31.720661163330078,27969100
2011-09-21,31.68876296264715,31.81002824482184,30.76331021218759,30.77607536315918,74730700
2011-09-22,29.81232051221442,29.997411507975343,29.410229302434143,29.78040885925293,49431400
2011-09-23,29.550641431482738,30.17611908921156,29.505964629838044,30.118677139282227,39581500
2011-09-26,30.316533734446853,30.763304192210903,29.8697632766828,30.737773895263672,24237700
2011-09-27,31.612162101361882,32.01425570887504,31.31218966946093,31.497278213500977,35316000
2011-09-28,31.67599638104081,31.84832225931882,30.922869550656994,30.961162567138672,32537000
2011-09-29,31.790876074188713,31.90575997777013,31.1143378013985,31.567489624023438,29540100
2011-09-30,30.795216069712033,31.05689552856395,30.476094659663207,30.495241165161133,29785700
2011-10-03,30.19526769332589,30.622889199943792,29.678290149708825,29.691055297851562,31113700
2011-10-04,29.371938420515832,30.19527234221044,29.008140163897924,30.188888549804688,37700000
2011-10-05,30.15058483354081,30.68670877428853,29.920817082548567,30.654794692993164,33843200
2011-10-06,30.63566315016341,31.497290202380253,30.5463095221947,31.4781436920166,30835600
2011-10-07,31.637692696467592,31.803637173714453,31.184540931536986,31.26112937927246,32306700
2011-10-10,32.0078790291463,32.480177361842046,32.0078790291463,32.454647064208984,22300800
2011-10-11,32.020649522072205,32.43550843793049,31.969591349105645,32.397212982177734,22967800
2011-10-12,32.83758755833153,33.18862055806281,32.78652697343106,32.86949920654297,40438500
2011-10-13,32.66527194345585,32.91418628586862,32.38444594286001,32.88227462768555,16967200
2011-10-14,33.19500591734112,33.32265496028484,32.95247541392135,33.26521301269531,16226500
2011-10-17,33.00990940316769,33.02267454785481,32.41634356607946,32.49931335449219,15645500
2011-10-18,32.43550155717788,33.20139346683291,32.058938176955174,32.96524429321289,27807500
2011-10-19,32.78016014955159,32.89504408180453,32.32062442053986,32.37168502807617,18229900
2011-10-20,32.46741221302552,32.51208901653178,31.950437076823498,32.454647064208984,23120200
2011-10-21,32.97161425782701,33.25882392904637,32.9205561133338,33.23967742919922,21149500
2011-10-24,33.22692450432077,33.794960265916274,33.22054071222233,33.737518310546875,16040000
2011-10-25,33.51412981844503,33.55880905632053,33.03544769756737,33.156715393066406,25668900
2011-10-26,33.72474717158557,33.794954263979854,32.939708877427755,33.60986328125,19159800
2011-10-27,35.14164511056123,35.65862015659402,34.83528889650775,35.46714782714844,27559600
2011-10-28,35.02037224101669,35.26928647584677,34.93101866284203,35.26290512084961,41372400
2011-10-31,34.23534486421189,34.2608751616307,33.42477618143825,33.43115997314453,29378700
2011-11-01,32.084462695407,32.748235726510536,32.00787424864976,32.384437561035156,34733100
2011-11-02,32.65250078453235,32.907798872423875,32.461028435965204,32.65888214111328,24423500
2011-11-03,33.18224342831307,33.603483568579286,32.69079619221865,33.482215881347656,23891000
2011-11-04,33.09288959018507,33.21415728546689,32.68441457065363,33.060977935791016,23089500
2011-11-07,33.02268970390445,33.25883890224303,32.773772920316546,33.20139694213867,21383700
2011-11-08,33.38009487251838,33.6992162430677,33.07373864895537,33.60348129272461,22483600
2011-11-09,32.352528282265695,32.448265680960816,31.80364149181699,31.880229949951172,28669400
2011-11-10,32.51846959929059,32.543999894404266,31.93766877632074,32.25679016113281,25065000
2011-11-11,32.761005462843144,33.163096690673875,32.74185652244419,33.060977935791016,19095800
2011-11-14,32.67165056949674,32.761006613523,32.32061748942636,32.47379684448242,16886200
2011-11-15,32.37167241412514,32.58867504218966,32.12913949224062,32.384437561035156,23477400
2011-11-16,32.0397815246991,32.33975391467405,31.752571845189053,31.765336990356445,26147100
2011-11-17,31.918522981431533,32.052555826628335,31.293045297758145,31.42069435119629,28385300
2011-11-18,31.790869470678217,31.810015972397007,31.465364333242828,31.529190063476562,16813600
2011-11-21,30.884566899011507,30.92286234126843,30.501622215253942,30.73138999938965,25465000
2011-11-22,30.699484121426018,30.833516987809354,30.45695355973033,30.64204216003418,29937500
2011-11-23,30.259094283731752,30.297389732316642,29.767646983057286,29.799558639526367,27206700
2011-11-25,29.742120173510486,30.06762543791382,29.64638519287109,29.646385192871094,10871200
2011-11-28,30.935623599123122,31.031358540674212,30.712237199432018,30.910093307495117,21753000
2011-11-29,31.056894065303435,31.273896711300583,30.935628811691483,31.114336013793945,23035900
2011-11-30,32.35252441206788,32.74185288262295,32.28231975408669,32.70355987548828,43525100
2011-12-01,32.53761720408007,32.7801501464594,32.31423320103532,32.422733306884766,19770900
2011-12-02,32.843972811481834,32.85673795922171,32.4035861706195,32.416351318359375,17848000
2011-12-05,33.03544766880001,33.0673617579266,32.58867963746578,32.78653335571289,18107200
2011-12-06,32.60144253479205,32.8503568306897,32.5184702912585,32.63335418701172,21382100
2011-12-07,32.416358136062286,32.99715908951245,32.275943916095166,32.863128662109375,29174100
2011-12-08,32.40997406457464,32.461034665833616,31.74620329113229,31.784496307373047,26351100
2011-12-09,32.078081445474155,32.595058980116114,32.06531873225605,32.57591247558594,20706100
2011-12-12,31.880231360814296,31.886612718148225,31.4398422289711,31.62493324279785,23868300
2011-12-13,31.77171879710481,32.00148654397814,31.050506345166625,31.197301864624023,33861500
2011-12-14,31.01859597570366,31.133479862885757,30.72500490166178,30.827123641967773,28164100
2011-12-15,31.197309278459997,31.24198608044668,30.87180408146777,30.98030662536621,25474900
2011-12-16,31.082419353009538,31.1781542952662,30.712237425783073,30.852651596069336,28537100
2011-12-19,31.005830132891642,31.06326963598024,30.527148129532733,30.565441131591797,21443400
2011-12-20,31.275310936837656,31.675781391491306,31.262394760603765,31.64348602294922,34746000
2011-12-21,31.436788057886872,31.51429989377329,31.19134130284873,31.475543975830078,27654000
2011-12-22,31.482006321698336,31.772667098912965,31.44970848958236,31.759748458862305,25753700
2011-12-23,31.811415597527926,31.9793529510498,31.74036432581472,31.979352951049805,14901700
2011-12-27,31.869558478285676,31.90831440185604,31.77913045393369,31.837263107299805,14440000
2011-12-28,31.74683766965825,31.75975384792191,31.25593912035102,31.262399673461914,20384600
2011-12-29,31.35928323918077,31.876016566891302,31.326987868194898,31.837263107299805,25565500
2011-12-30,31.824339762691878,32.03749115087942,31.798502484130207,31.992277145385742,32979100
2012-01-03,32.6446573004723,32.954697274291824,32.62527810812324,32.8642692565918,33352000
2012-01-04,32.66402971363683,32.728620442324214,32.42504106071946,32.67049026489258,14692800
2012-01-05,32.13437205553305,32.23126059506049,31.947055526568207,32.1860466003418,16354900
2012-01-06,32.06978664579161,32.08916337131262,31.695153525863162,31.746828079223633,28504800
2012-01-09,31.940605805384017,31.940605805384017,31.64348448685433,31.86955451965332,12756100
2012-01-10,32.412121286834626,32.43795856299588,32.27647928295544,32.35398864746094,13409900
2012-01-11,32.09562727434164,32.27648577989721,31.966445795488937,32.250648498535156,13372300
2012-01-12,32.38629913330078,32.45735044393217,32.147310377160196,32.38629913330078,13774400
2012-01-13,32.018117930369804,32.06333194081503,31.68224066422042,32.03749465942383,17154100
2012-01-17,32.45734647325186,32.618825808939675,32.379837082035856,32.4185905456543,19915900
2012-01-18,32.61236151167778,32.98699221789088,32.57360559145768,32.96115493774414,15999300
2012-01-19,33.19368221157829,33.71041544294396,33.058040200340756,33.368080139160156,17256900
2012-01-20,33.32287231141706,33.542484283447266,33.29057694046708,33.542484283447266,23922600
2012-01-23,33.6006215168826,33.81377296539038,33.54894694513574,33.67167282104492,18529000
2012-01-24,33.31641470207347,33.542484765954136,33.200149393798014,33.484352111816406,18320600
2012-01-25,33.32933554330915,33.91712025562788,33.18723539640499,33.833152770996094,24497400
2012-01-26,34.15609781210346,34.22068853816532,33.775006614790705,33.8460578918457,20276800
2012-01-27,33.742725972684205,33.98817280998284,33.742725972684205,33.904205322265625,22868700
2012-01-30,33.36162684019366,33.57477825073533,33.30349418932252,33.503726959228516,21139400
2012-01-31,33.85897567215951,33.85897567215951,33.477886920746,33.67811965942383,26358300
2012-02-01,34.13026193402496,34.38862977681135,34.09796656967125,34.20777130126953,28274600
2012-02-02,34.285288219452646,34.420930248250656,34.18193909582134,34.27882766723633,19337400
2012-02-03,34.504902732924506,34.83432195245653,34.459688716750165,34.814945220947266,15187000
2012-02-06,34.47259002720094,34.68574382255126,34.44029466959636,34.64698791503906,15349200
2012-02-07,34.672836612838154,34.88598801445278,34.50489675558672,34.86015319824219,26462700
2012-02-08,34.944119904531824,35.06684575077801,34.769724426985796,34.98287582397461,13873200
2012-02-09,35.11851722922271,35.15727314798477,34.89244719639041,35.07330322265625,16265900
2012-02-10,34.427389119268796,34.51135905213911,34.304665728134324,34.40801239013672,19405700
2012-02-13,34.83432021353822,34.879534227455494,34.66638033557781,34.802024841308594,16406900
2012-02-14,34.640536321062655,34.7051270483767,34.30465911827734,34.54364776611328,17037300
2012-02-15,34.83431622917771,34.84723486938771,34.53073434418928,34.5824089050293,25177100
2012-02-16,34.491985018960776,35.07976966703768,34.45968718257781,35.06039047241211,17583900
2012-02-17,35.26061851541641,35.267076602985405,35.021629851708155,35.21540451049805,14472400
2012-02-21,35.33812425439238,35.46730816830207,35.17018689109454,35.221858978271484,17594800
2012-02-22,35.157282387687765,35.26062906756863,35.04101706482439,35.118526458740234,15857800
2012-02-23,35.157276168547455,35.4350207835918,35.002254944159006,35.409183502197266,12721100
2012-02-24,35.55774794566846,35.72568782856667,35.55128985662424,35.62234115600586,25346500
2012-02-27,35.14435360362653,35.53190292535569,35.0668442320764,35.44147491455078,20054200
2012-02-28,35.544824402580254,35.78381555190732,35.44793829640164,35.770896911621094,16619300
2012-02-29,35.84194820795192,35.938834314148785,35.286458995433314,35.30583572387695,33950800
2012-03-01,35.499605539763685,35.75151283095539,35.47376826272393,35.706298828125,20340800
2012-03-02,35.454386186498624,35.48022345963927,35.26706965219596,35.37687683105469,14435600
2012-03-05,35.30583668239089,35.3122947707212,35.07976663114865,35.189571380615234,10047900
2012-03-06,34.36279514542067,34.39509051226088,33.968785263625804,34.065673828125,21589300
2012-03-07,34.31112146699687,34.52427532876874,34.10442815714582,34.48551940917969,18013000
2012-03-08,35.0345540154874,35.37688938213232,34.93766543882469,35.228328704833984,21590500
2012-03-09,35.06037455920769,35.22185381191439,34.982865207822265,35.1120491027832,23096900
2012-03-12,34.982881037671824,35.06685097698974,34.80848307015568,35.021636962890625,13724200
2012-03-13,35.15727117092674,35.59649503628293,35.11205716690288,35.59003448486328,24475900
2012-03-14,35.51898589409742,35.570657985892744,35.17019003455981,35.273536682128906,18872700
2012-03-15,35.39625551303443,35.65462333078502,35.299369429361555,35.60940933227539,13721000
2012-03-16,35.87424140438362,35.990506695962566,35.82256684635807,35.854862213134766,15837000
2012-03-19,35.74505400508606,36.11322657137077,35.7256772796958,36.04217529296875,17182000
2012-03-20,35.538365867377,35.66754980463548,35.38980520192229,35.615875244140625,14092600
2012-03-21,35.480231306636725,35.499608033788675,35.23478208547174,35.38334274291992,16614400
2012-03-22,35.008709754950495,35.20248440567229,34.96349575191469,35.13789367675781,17106600
2012-03-23,35.10559815517552,35.38980329462292,34.91828404342344,35.38334274291992,14777400
2012-03-26,35.64816698426423,35.85486027724951,35.641708896848996,35.83548355102539,19961800
2012-03-27,35.887153873964934,35.887153873964934,35.596490694990045,35.60940933227539,14826100
2012-03-28,35.622339612400886,35.648174431437326,35.18311565705537,35.36397171020508,20448500
2012-03-29,35.0151678422506,35.17664712851515,34.86014910726451,35.13789367675781,25848400
2012-03-30,35.42209992645646,35.486690661922445,35.20248797630203,35.45439529418945,22341500
2012-04-02,35.29291290517371,35.96466733678085,35.2218616239874,35.86777877807617,25434800
2012-04-03,35.66108999462832,35.68046918720647,35.041010039659284,35.24124526977539,20840000
2012-04-04,34.550116574932545,34.6211654063678,34.265911393275935,34.45322799682617,20326700
2012-04-05,34.14964006446363,34.446763835082606,34.143181976918605,34.24652862548828,13507000
2012-04-09,33.88482278144434,34.20778144874132,33.87190413907497,34.09797668457031,12950500
2012-04-10,33.981701929397445,34.07858802429065,33.36162205175864,33.368080139160156,25615800
2012-04-11,34.0075507578132,34.06568342008557,33.7943968414881,33.833152770996094,22972100
2012-04-12,33.99462731694433,34.49844200954811,33.975248122935724,34.45322799682617,21024400
2012-04-13,34.14964564054691,34.14964564054691,33.749177619946785,33.79439163208008,27100500
2012-04-16,34.05920597730628,34.18192933059027,33.775003360448494,34.03982925415039,20447400
2012-04-17,34.35633639732222,34.66637637042631,34.22715492317952,34.5824089050293,12959800
2012-04-18,34.34342145245527,34.5630334316982,34.28529126122347,34.401554107666016,19804600
2012-04-19,34.38216363932061,34.57593825793774,34.020449210984786,34.194847106933594,27862900
2012-04-20,34.44031060828095,34.64054586046106,34.42093387754639,34.5242805480957,15499300
2012-04-23,33.852529503760465,33.910662166032836,33.613540765075946,33.833152770996094,23904000
2012-04-24,33.98170395786467,34.26590663608608,33.962327230525055,34.104427337646484,14529100
2012-04-25,34.50489152002123,34.608240625096634,34.34987279036469,34.56948471069336,21423800
2012-04-26,34.42738440682726,34.83431291075178,34.3886309538677,34.776180267333984,13428200
2012-04-27,34.87953326058171,34.98287992723909,34.705135298601334,34.91828918457031,16016300
2012-04-30,34.763262100755995,34.78263882749909,34.57594552897783,34.718048095703125,16865300
2012-05-01,34.64054124459093,35.02163250345698,34.6082458763437,34.86015319824219,15437300
2012-05-02,34.433852229666975,34.64054556902668,34.29820772372926,34.588871002197266,15890700
2012-05-03,34.51781791111667,34.57595056378947,34.22069655922405,34.2852897644043,14260300
2012-05-04,34.10442406702353,34.1560986202783,33.729793411839694,33.762088775634766,20026500
2012-05-07,33.76208485559463,34.03982938714494,33.73624758196715,34.00753402709961,21882700
2012-05-08,33.60707550878321,33.63937334417665,33.12909809829869,33.484352111816406,21062600
2012-05-09,32.83843386610339,33.27765780362158,32.689873190763244,33.0968017578125,31090500
2012-05-10,33.42621756312424,33.471431573337696,33.20014751205693,33.2518196105957,15309000
2012-05-11,32.864264231511385,33.335783440263356,32.864264231511385,33.04512023925781,14493200
2012-05-14,32.528389924542275,32.67049249412476,32.41212463378906,32.41212463378906,22125400
2012-05-15,32.231268107943094,32.39274740214326,31.966442164013976,32.00519561767578,18011800
2012-05-16,32.01165640572727,32.179593788785375,31.662860536323695,31.688697814941406,23983300
2012-05-17,31.64993563190233,31.688691542157155,31.294681745156172,31.30113983154297,26475900
2012-05-18,31.44325159573489,31.44970968401617,30.797334352542272,31.0750789642334,21407900
2012-05-21,31.32698510506904,31.77912765092762,31.249475728743715,31.759748458862305,22460000
2012-05-22,31.779128049213192,32.024577285294676,31.507841532706568,31.64348602294922,17114800
2012-05-23,31.27530747214678,31.385114669799805,30.84254416087141,31.385114669799805,42276400
2012-05-24,31.346350724299153,31.430320622880977,30.997557422454985,31.17841339111328,27309500
2012-05-25,31.023406668554298,31.230100004358093,31.016948579801205,31.068620681762695,13397100
2012-05-29,31.449714490418938,31.611193825895686,31.204267674559244,31.46263313293457,22042200
2012-05-30,30.984651722428346,30.991109810871784,30.687527910475303,30.719825744628906,19349900
2012-05-31,30.855459574142063,30.952345658907145,30.500205668713797,30.8489990234375,41638100
2012-06-01,30.31288537112292,30.448527351397065,30.05451758242925,30.06743621826172,34294700
2012-06-04,30.351645207342525,30.44853129266022,30.099735471968927,30.319347381591797,19574500
2012-06-05,30.299976544891223,30.564802505249464,30.274139264861482,30.538965225219727,20139100
2012-06-06,30.78441732101313,31.404497315532925,30.75212194996126,31.391578674316406,19868200
2012-06-07,31.82434421435849,31.83726285544642,31.3657435436419,31.436792373657227,18578800
2012-06-08,30.96527384627888,31.365744338212966,30.874845820351474,31.333446502685547,14439600
2012-06-11,31.662867766395077,31.67578640865385,30.997573705932453,31.029869079589844,19296200
2012-06-12,31.32698078975012,31.559511350673453,31.06215486513817,31.546592712402344,16053900
2012-06-13,31.307602093878923,31.598262812761032,31.210713544932787,31.2946834564209,16202800
2012-06-14,31.27530999177386,31.643485066760068,31.19780061681926,31.527219772338867,14670400
2012-06-15,31.714532533190166,32.01165630843377,31.64348371317516,31.972900390625,20066100
2012-06-18,31.804973132374347,31.972910568380613,31.721003182381573,31.882482528686523,19122200
2012-06-19,32.21188941882997,32.62527602418426,32.17313596456458,32.41212463378906,23104500
2012-06-20,32.567143697478414,32.83197211210205,32.32815502591543,32.59944152832031,27983500
2012-06-21,32.539297815358104,32.60539581024609,31.71970284979269,31.746139526367188,25741600
2012-06-22,32.06340677695153,32.10306557937518,31.81224192574484,32.01713943481445,16488100
2012-06-25,31.48174827145892,31.494967867564522,31.23058098821278,31.303287506103516,32410900
2012-06-26,31.475146230684096,31.594120108341663,31.237198475368967,31.508193969726562,26606100
2012-06-27,31.62055278327635,31.865109027383827,31.5412377216648,31.805622100830078,19727600
2012-06-28,31.580902721824145,31.898165577353016,31.442100695289213,31.871728897094727,22778500
2012-06-29,32.86977559541915,33.04162783653906,32.80368013122247,33.02179718017578,31235200
2012-07-02,33.11433663971003,33.27296930671401,32.95570649408676,33.23992156982422,30092900
2012-07-03,33.26636415687183,33.57040740144118,33.23331389523437,33.543968200683594,12175100
2012-07-05,33.01518201729451,33.094497062690785,32.83011021619676,32.98874282836914,14389900
2012-07-06,32.69792742854529,32.757414357699545,32.479807847852875,32.678096771240234,15075800
2012-07-09,32.49962807046505,32.6186018998047,32.36743716798085,32.605384826660156,16313700
2012-07-10,32.75080583708976,32.81029277085564,32.307960624573155,32.38727569580078,20026100
2012-07-11,32.53928790676822,32.625214013266756,32.294731703604626,32.486412048339844,19418100
2012-07-12,32.06338331886716,32.26167466453128,31.87831408571847,32.16252899169922,21406500
2012-07-13,32.18236244381375,32.67808584725661,32.16914285048972,32.61859893798828,12613300
2012-07-16,32.52607339180011,32.711145228654125,32.360832211161366,32.61199951171875,12207500
2012-07-17,32.70454025268555,32.790466388586935,32.29474275446328,32.70454025268555,17158600
2012-07-18,32.5987769166227,32.99535470513068,32.578948783611324,32.96230697631836,13588000
2012-07-19,33.127556705470425,33.32584565098353,33.04824163154134,33.266361236572266,14039600
2012-07-20,32.651653203170916,32.67808987169514,32.407094478627386,32.486412048339844,24165100
2012-07-23,31.620551122550648,31.891546546755954,31.50157727569171,31.81884002685547,16082900
2012-07-24,31.779193011915893,31.805629691175234,31.25703014548443,31.475147247314453,18959800
2012-07-25,31.752738517891633,31.79900583603748,31.481743145303195,31.64037322998047,10156700
2012-07-26,32.506239128417164,32.863160616436126,32.42692408265068,32.605384826660156,18177000
2012-07-27,32.916051116599085,33.43160544688679,32.84334457505973,33.29280090332031,24134200
2012-07-30,33.10773403122546,33.365509955072284,33.101125491216045,33.25314712524414,24850000
2012-07-31,33.226701463759525,33.312627595466324,33.03502106279076,33.048240661621094,38450700
2012-08-01,33.279568163292545,33.3456661392225,33.04162301408461,33.054840087890625,17751600
2012-08-02,32.69792114086393,32.982136134238566,32.347608171483586,32.592166900634766,23218900
2012-08-03,33.30601438195321,33.79512942152886,33.27957518600199,33.70259475708008,26429600
2012-08-06,33.84801325689193,34.05291329165859,33.79513737392766,33.940547943115234,15028700
2012-08-07,34.224754333496094,34.40321512057104,34.191706599900094,34.224754333496094,17651200
2012-08-08,34.03307581290036,34.277632062444866,34.01985621544114,34.204925537109375,13491300
2012-08-09,34.125611132708094,34.33711965337904,34.08595233956462,34.224754333496094,12183000
2012-08-10,33.95375079328824,34.28423309326172,33.87443574728097,34.28423309326172,15265100
2012-08-13,34.19170218385293,34.29084789321617,34.006632882513685,34.118995666503906,15320400
2012-08-14,34.21814280089439,34.27101866574473,34.11899708740219,34.19831466674805,10610200
2012-08-15,34.085947274367136,34.19170151898745,34.05289954568205,34.09916687011719,14045700
2012-08-16,34.277637619499686,34.57507230710087,34.17188334406158,34.522193908691406,13498000
2012-08-17,34.58167052339061,34.61471825184119,34.42304041827583,34.568450927734375,17243500
2012-08-20,34.47591876322379,34.561844880489595,34.33050572190938,34.5287971496582,10066600
2012-08-21,34.79979927757717,34.97825756270585,34.621338471067766,34.72709274291992,19489800
2012-08-22,34.42964790209435,34.760130219249646,34.396600174654814,34.68742370605469,12494200
2012-08-23,34.5486303042749,34.654384571131054,34.416436840359566,34.48914337158203,16203200
2012-08-24,34.24458237462303,34.61472099683,34.17848439110016,34.43626022338867,15841400
2012-08-27,34.52879935978367,34.627942558623815,34.40982550407118,34.456092834472656,12419900
2012-08-28,34.31727792038529,34.482519056414986,34.25779353193905,34.42303466796875,14528900
2012-08-29,34.38999396852169,34.442872356989696,34.264411577980695,34.31728744506836,11418300
2012-08-30,34.12561240218363,34.145440538802745,33.808349609375,33.808349609375,24315600
2012-08-31,34.224759244996626,34.3305135205086,33.927327078568496,34.10578536987305,26992000
2012-09-04,34.01985938886668,34.059515663563126,33.7951312538578,33.93393325805664,23863200
2012-09-05,33.93392716995405,33.99341409270678,33.78851413180733,33.841392517089844,17360500
2012-09-06,34.11900643310242,34.7733627743523,34.11239789370354,34.68082809448242,23697600
2012-09-07,35.06418565410224,35.29552487014344,35.037746454317954,35.20298767089844,17210600
2012-09-10,35.064178882078906,35.163324601431306,34.8724985027338,34.925376892089844,12831800
2012-09-11,35.07078426051169,35.42109470841928,35.07078426051169,35.32194900512695,15417500
2012-09-12,35.61939060311312,35.63921873912154,35.42771021709676,35.55329513549805,14731600
2012-09-13,35.51363009958634,36.2605208549759,35.40787585716321,36.095279693603516,21654700
2012-09-14,36.47203760967526,36.736424536371494,36.39933107876476,36.45220947265625,36185500
2012-09-17,36.41256165474289,36.48526820757265,36.16800531271844,36.26054000854492,14851900
2012-09-18,36.062230298294175,36.194421204176315,35.98952378723106,36.108497619628906,16695300
2012-09-19,36.16800531271844,36.33324656137468,36.0556399525139,36.26054000854492,17193300
2012-09-20,35.804458140186355,36.04901690517714,35.705314943718506,36.0291862487793,21727600
2012-09-21,36.26052354570736,36.28696273862008,36.035795448709656,36.049015045166016,21583300
2012-09-24,35.76480127621799,36.00935751576717,35.731753544610854,35.923431396484375,16172500
2012-09-25,36.01596988204322,36.1812110674563,35.67226791381836,35.67226791381836,22290200
2012-09-26,35.38805993306215,35.434327272497654,35.1765513752482,35.31535339355469,22161700
2012-09-27,35.553288253343155,35.863939916656776,35.44092295449186,35.73835754394531,20720800
2012-09-28,35.36161026864682,35.39465799826672,34.97164100781962,35.0311279296875,43265100
2012-10-01,35.407888072425685,35.67888356971112,35.26908605411919,35.31535339355469,18016800
2012-10-02,35.659039637210334,35.685478825572574,35.335165883222366,35.454139709472656,14274000
2012-10-03,35.427708747675695,35.4541479421773,35.22941983167437,35.30873489379883,17416800
2012-10-04,35.566507848583306,35.77801632966577,35.49380133545247,35.73835754394531,15963600
2012-10-05,36.029189904901806,36.12172709426132,35.71853816545556,35.78463363647461,13420500
2012-10-08,35.56650776557557,35.62599468332743,35.50040978952908,35.573116302490234,6656000
2012-10-09,35.34838345827422,35.41448142540425,35.057559967041016,35.057559967041016,15400300
2012-10-10,35.064177868777534,35.12366479439382,34.846060822438034,34.95842361450195,13899400
2012-10-11,35.308733632443015,35.46075773470622,35.13027537938326,35.18315124511719,13497700
2012-10-12,35.27568710325366,35.407880554163576,35.090617784808,35.14349365234375,9295500
2012-10-15,35.38144361279029,35.52685667018911,35.20298282090461,35.48719787597656,21186600
2012-10-16,35.84411555295953,36.101891383793806,35.83750701533466,36.07545471191406,19155600
2012-10-17,36.2539116181928,36.45220303890719,36.16798802535539,36.41254425048828,15644700
2012-10-18,36.28696990424263,36.50508698539384,36.16799603402171,36.27375030517578,18096200
2012-10-19,36.174602966800435,36.1812140267307,35.73175776393549,35.78463363647461,19565700
2012-10-22,36.02918987391332,36.088676806331534,35.791244665621036,36.03580093383789,14263400
2012-10-23,35.30873375886451,35.34178401161937,35.05756898331357,35.26246643066406,18033600
2012-10-24,35.480580290091595,35.53345614751114,35.27568035431365,35.282291412353516,11683400
2012-10-25,35.69209383757332,35.744972223891494,35.36161148722542,35.493804931640625,15728800
2012-10-26,35.3946544623255,35.51362829417573,35.27568063047527,35.440921783447266,11745100
2012-10-31,35.639215322996556,35.67887411259246,35.321952570369966,35.41448974609375,21750700
2012-11-01,35.59295436223335,35.83751315974797,35.54668702678587,35.830902099609375,18856700
2012-11-02,35.80446066553538,35.80446066553538,35.43432200507369,35.48719787597656,16524400
2012-11-05,35.401275634765625,35.46737110628632,35.2889103075237,35.401275634765625,9714000
2012-11-06,35.540068658103,35.79123592490592,35.52684906286285,35.73835754394531,11045300
2012-11-07,35.36162034822328,35.37483994811542,35.01130977591454,35.20298767089844,20992600
2012-11-08,35.07078731210972,35.236028484388335,34.87249588827123,34.88571548461914,19833000
2012-11-09,34.707260642334774,35.05096264192779,34.70065210372249,34.89894104003906,20872100
2012-11-12,34.90554781173667,34.978251813062265,34.786573960287036,34.87249755859375,11864800
2012-11-13,34.542020409844724,34.96504001292356,34.50897267309594,34.700653076171875,14507400
2012-11-14,34.82622870138808,34.859278953080484,34.27762931834104,34.33711624145508,20602900
2012-11-15,34.49574165512554,34.608106948532395,34.31728091010044,34.4494743347168,15479300
2012-11-16,34.45609617989845,34.50897205347096,34.12561377558317,34.429656982421875,18052300
2012-11-19,34.89232915019059,35.176544189453125,34.88571809083265,35.176544189453125,15934900
2012-11-20,35.03113079294531,35.23603076754437,34.965035328303216,35.22941970825195,13642300
2012-11-21,35.2624707152451,35.32856870740578,35.20959484289714,35.288909912109375,10368200
2012-11-23,35.82428694816831,36.049015045166016,35.80445629279366,36.049015045166016,8397700
2012-11-26,35.85072620126045,35.96969752680698,35.764800084839976,35.96308898925781,13682100
2012-11-27,35.883779364383784,35.98292257091236,35.77141403799468,35.78463363647461,13987200
2012-11-28,35.57973466904096,36.08206678327596,35.50702814114552,36.04240798950195,23549600
2012-11-29,36.32661485673849,36.438980153091094,36.16137370198108,36.35305404663086,19765500
2012-11-30,36.372887130970504,36.51830017379835,36.333230862112195,36.39932632446289,23565800
2012-12-03,36.577780580729446,36.597608711625455,36.39271130202049,36.445587158203125,22076600
2012-12-04,36.56456327490871,36.617441655780816,36.47863716668152,36.538124084472656,18736900
2012-12-05,36.55134844184492,36.74963735318977,36.42576605298192,36.591007232666016,22117800
2012-12-06,36.65049576502889,36.690152036208275,36.4720349805804,36.66371536254883,12963300
2012-12-07,36.584403720297225,36.69015799625529,35.29552426998984,36.67694091796875,11949100
2012-12-10,36.57118035277494,36.73642153812878,36.56456929338777,36.716590881347656,17617400
2012-12-11,36.828953579905416,36.980975157056314,36.828953579905416,36.928096771240234,15684400
2012-12-12,37.04045338418064,37.258570371012674,36.98757501077916,37.047061920166016,18266500
2012-12-13,36.98097496826432,37.080118159093004,36.84878152577921,36.93470764160156,13693600
2012-12-14,36.97436117807729,37.18586966187721,36.94792450863731,37.066898345947266,18514600
2012-12-17,37.04046848983198,37.25858556561539,37.01402929234895,37.218929290771484,22550700
2012-12-18,37.38597388866072,37.65325367028436,37.332516402940065,37.60647964477539,24270800
2012-12-19,37.90049750034265,37.93390716039994,37.72676318965492,37.74012756347656,19356300
2012-12-20,37.87375703528673,38.00739818316353,37.78020899647084,37.99403381347656,18545600
2012-12-21,37.47284110336627,37.766849628437946,37.45947673190939,37.76016616821289,22418300
2012-12-24,37.71338993125852,37.74011867260502,37.58643223335226,37.659934997558594,7699100
2012-12-26,37.766851350713644,37.800261006382804,37.49956900737367,37.653255462646484,11718000
2012-12-27,37.8604016925989,37.87376606547232,37.526300017743985,37.82699203491211,14207500
2012-12-28,37.51294214592413,37.61985459844606,37.399348780304415,37.42607498168945,18734500
2012-12-31,37.579748549152086,38.000714723823606,37.4661526813093,37.99403381347656,22820800
2013-01-02,38.535288999025745,38.60879178114044,38.34819286200194,38.58206558227539,26056300
2013-01-03,38.30809436323938,38.448416436974505,38.14772445826125,38.207862854003906,23239700
2013-01-04,38.13436331249454,38.448419688934905,38.094270195610655,38.40164566040039,15522200
2013-01-07,38.10095887488114,38.274690640520326,38.04750137838063,38.23460006713867,14102600
2013-01-08,38.100950890868695,38.141044004842605,37.88044258750197,38.02076721191406,15592300
2013-01-09,38.14772689252124,38.26800369168158,38.107633776470024,38.21454620361328,12779400
2013-01-10,38.62214405880209,38.762466117621756,38.48182199998242,38.702327728271484,17718600
2013-01-11,38.76247246179624,38.82929432145142,38.64887912387242,38.78252029418945,12624700
2013-01-14,38.789199183660145,38.85602103983204,38.668922391543916,38.82929229736328,9980400
2013-01-15,38.5887422051672,38.78920269383692,38.54864908783589,38.76915740966797,12534000
2013-01-16,38.50187933869916,38.62883961653134,38.435060018046,38.58206558227539,12907000
2013-01-17,38.8493441313507,38.969620943750655,38.75579606592709,38.8961181640625,14936200
2013-01-18,38.84934223488615,38.90279972622927,38.68229139792913,38.85602569580078,18844000
2013-01-22,38.77583660085024,38.876068115234375,38.642197980329115,38.876068115234375,12090100
2013-01-23,38.78252070767192,38.8627043911197,38.6756082800771,38.835975646972656,10139900
2013-01-24,38.9028021045753,39.11662698503312,38.88275426959925,39.02307891845703,13640100
2013-01-25,39.39057583569247,39.44403076171875,39.2235250497472,39.44403076171875,16643500
2013-01-28,39.29704106073364,39.323767258266834,39.11662584516837,39.250267028808594,14802900
2013-01-29,39.33712859110391,39.55763690941589,39.323764218873485,39.51754379272461,13403300
2013-01-30,39.53758842847263,39.71132271562695,39.51086223344324,39.55763626098633,18943400
2013-01-31,39.497488766641325,39.61108207909159,39.383892905198316,39.410621643066406,22252200
2013-02-01,39.6645472715386,39.81823372069059,39.56431575952966,39.72468566894531,19989200
2013-02-04,39.283671648816934,39.350490957569804,38.929522175245694,39.009708404541016,18125200
2013-02-05,39.116621740979,39.29703693761476,39.08321208582274,39.19012451171875,15418900
2013-02-06,38.94288377463648,39.20348262881239,38.91615758243379,39.18343734741211,26336000
2013-02-07,39.15004054981939,39.18345021278717,38.66225233330682,38.86271286010742,21947700
2013-02-08,38.996346234105125,39.150032692105995,38.996346234105125,39.10993957519531,18326200
2013-02-11,39.1099376729009,39.11662113322429,38.92284156773811,39.069847106933594,12677200
2013-02-12,39.08989055856557,39.343808510099976,39.05648090549363,39.26362228393555,11534200
2013-02-13,39.45072197034495,39.53758656082554,39.31708080553755,39.357173919677734,8955200
2013-02-14,39.009707530343555,39.170074887353934,38.996343159093826,39.143348693847656,10409900
2013-02-15,39.19679631098443,39.23020595837387,38.92951403388347,39.04310989379883,12095000
2013-02-19,39.37722699316063,39.53091347094888,39.370543531651656,39.50418472290039,20173800
2013-02-20,39.591050530727735,39.6177792778656,39.109943278220676,39.11662673950195,17523500
2013-02-21,38.64888322594673,38.66892851147418,38.354874659238746,38.52860641479492,34195200
2013-02-22,38.8359767393281,39.09657562960836,38.722383396998104,39.083213806152344,23364000
2013-02-25,39.310410736512736,39.377230062849215,38.10096155746881,38.147735595703125,40205000
2013-02-26,38.54196815953403,38.64888059004479,38.21454740728603,38.455101013183594,25416500
2013-02-27,38.401643326958286,38.9896603782314,38.35486930126596,38.94288635253906,16819600
2013-02-28,38.92953534621384,39.12999843828127,38.85603510131577,38.902809143066406,17815100
2013-03-01,38.622148476654,38.889430804115996,38.47514549064377,38.822608947753906,18241800
2013-03-04,38.7223785869061,38.99634181560408,38.65555673295959,38.98965835571289,14580300
2013-03-05,39.30372119151529,39.45072674549643,39.29035681851759,39.37722396850586,16168000
2013-03-06,39.54427063340477,39.57099937657882,39.30371704282481,39.47745132446289,17189600
2013-03-07,39.57100772192183,39.65119141936111,39.54427897311081,39.5910530090332,11797900
2013-03-08,39.6177790742145,39.70464367847561,39.450728228952,39.67791748046875,23305900
2013-03-11,39.61776447418909,39.798179626464844,39.57099045867234,39.798179626464844,10873200
2013-03-12,39.77814393657373,39.82491796636259,39.52422850314658,39.59772872924805,16015600
2013-03-13,39.51086001862698,39.64450118225585,39.33712574121149,39.5375862121582,20517900
2013-03-14,39.71131556516583,39.96523348967424,39.69127028525483,39.925140380859375,12158300
2013-03-15,40.03875023948976,40.085526826927484,39.89842812415832,40.005340576171875,18191100
2013-03-18,39.50418501623417,39.85833455802208,39.48413972954582,39.56432342529297,25132800
2013-03-19,39.664539022683,39.71799394870928,39.176751033601946,39.44403076171875,25745200
2013-03-20,39.71800667347509,39.78482853865705,39.617777699192416,39.68459701538086,16134800
2013-03-21,39.35717700659278,39.577682779175774,39.30371951687968,39.32376480102539,18106800
2013-03-22,39.54427777892367,39.72469300445907,39.47745845790776,39.664554595947266,18090400
2013-03-25,39.68459514476539,39.73805263439113,39.06984930802972,39.17007827758789,31933000
2013-03-26,39.310392590492775,39.423985902627905,39.19679672936491,39.41730499267578,15040700
2013-03-27,38.9629309657735,39.23689418605243,38.88942820318766,39.22352981567383,14990300
2013-03-28,39.30370924058679,39.45071474986854,39.25025431384336,39.410621643066406,28690100
2013-04-01,39.13666560833541,39.170075262282936,38.81592834225144,38.882747650146484,24852900
2013-04-02,39.31708049970272,39.49081222830569,39.24357773218074,39.297035217285156,19636600
2013-04-03,39.46408660830538,39.51754154519351,39.06984657140671,39.10325622558594,16961000
2013-04-04,39.23689689787266,39.49081230563629,39.15002975890447,39.450721740722656,14924900
2013-04-05,38.9028019107953,39.276994175235764,38.86270879003655,39.27031326293945,18160400
2013-04-08,39.2502680275196,39.42399978637695,39.18344615950245,39.42399978637695,17117700
2013-04-09,39.41063694636354,39.69796461753404,39.25695046743411,39.56432342529297,17406300
2013-04-10,39.92514689822072,40.23920326272139,39.91846598682408,40.15233612060547,18195500
2013-04-11,40.40625792752761,40.65349245659732,40.34611952326811,40.46639633178711,19865300
2013-04-12,40.27929039702402,40.3795219023861,40.112239587415935,40.36615753173828,16777400
2013-04-15,40.00532589251297,40.025373722340426,39.55094750098309,39.57099533081055,22699900
2013-04-16,40.025373659173916,40.132286071777344,39.82491065517364,40.132286071777344,14675700
2013-04-17,39.651182134625756,39.67122741704332,39.103255657271426,39.297035217285156,30730800
2013-04-18,39.370534820492004,39.390582651589426,39.04979756185787,39.1767578125,19211400
2013-04-19,39.43067580972224,39.50417858093078,39.31708247166781,39.490814208984375,24725900
2013-04-22,39.49081659570449,39.71800583453737,39.2836751904995,39.657867431640625,16899700
2013-04-23,39.98528043785082,40.245879283537974,39.97191606768828,40.21915054321289,21257700
2013-04-24,40.43966216949989,40.68021575432002,40.39288814456189,40.566619873046875,18269400
2013-04-25,40.76708454093136,40.96086412076259,40.733674883820946,40.78044891357422,20079200
2013-04-26,40.73367560963789,40.85395241657331,40.686901579051174,40.81386184692383,13910200
2013-04-29,41.00095465687884,41.38183033173957,40.99427119648154,41.33505630493164,14721000
2013-04-30,41.32169615557096,41.42192767982623,41.23482900448263,41.38851547241211,22261300
2013-05-01,41.42860877983838,41.44197315306594,41.054413976447314,41.14128112792969,19104600
2013-05-02,41.04105261874984,41.35510904018924,41.00096204511502,41.26824188232422,18247200
2013-05-03,41.63574851079533,41.84957336272261,41.61570067849426,41.79611587524414,19161200
2013-05-06,41.61570787164605,41.74266815185547,41.57561729810096,41.74266815185547,7583700
2013-05-07,41.802797848565135,41.869617156542866,41.66915668361647,41.809478759765625,15724500
2013-05-08,42.02997875462735,42.270529745184305,42.02997875462735,42.250484466552734,17768200
2013-05-09,42.02998652654965,42.07007709122609,41.675837061617685,41.84288787841797,16372400
2013-05-10,41.79610803035893,41.90970389543274,41.655785975555524,41.88965606689453,15403400
2013-05-13,41.84288871917473,41.896346205141676,41.735976296234064,41.8696174621582,11911400
2013-05-14,41.80279560452608,42.01662043736821,41.796112144691165,41.949798583984375,26158800
2013-05-15,41.889664904592415,42.143582878040135,41.88298399299871,42.130218505859375,15961600
2013-05-16,41.916390645649,42.06339618011108,41.75602328895691,41.84288787841797,16669100
2013-05-17,41.86293870922425,42.143582878040135,41.82284559268197,42.130218505859375,12925700
2013-05-20,42.1502727060082,42.39082379462037,42.143589244411515,42.364097595214844,16117200
2013-05-21,42.197046604660265,42.53782922417004,42.11686035972195,42.45096206665039,15283700
2013-05-22,42.45764099249786,42.858561978384316,41.896350082860735,42.02330780029297,21713500
2013-05-23,40.98091427949796,41.43529023016928,40.753725029665496,41.42192840576172,27055200
2013-05-24,40.87400131820739,41.07446438016707,40.75372704962278,41.061100006103516,19956800
2013-05-28,41.40856433667136,41.535522061424956,41.074462646167945,41.16801071166992,20275800
2013-05-29,40.813854861048036,40.86730979442893,40.579982199151615,40.77376174926758,18099400
2013-05-30,40.78044897487803,41.06109570281298,40.75372277854559,40.93413543701172,27382900
2013-05-31,40.432977936663036,40.5265285337444,40.11224067936347,40.13896942138672,36549400
2013-06-03,40.145652961389686,40.432978017236195,39.93850903378644,40.29265594482422,30340700
2013-06-04,40.620085788804374,40.68690511001466,40.22584567607876,40.43967056274414,17024400
2013-06-05,39.97860281683143,39.99196463910046,39.524224389889184,39.5375862121582,28821600
2013-06-06,39.53089798676797,39.778132436890935,39.337118462810075,39.758087158203125,24386900
2013-06-07,39.784822590336205,40.29933940483992,39.69127454206156,40.29265594482422,19245200
2013-06-10,40.406258821423,40.4196231947756,40.179069572415905,40.33275604248047,14559800
2013-06-11,39.74473167068365,40.058788034932185,39.65786452863747,39.838279724121094,16619000
2013-06-12,40.292656354814845,40.33274946833757,39.738048970546195,39.79150390625,14378100
2013-06-13,39.88504985771267,40.47306941348648,39.81823055434901,40.399566650390625,20158400
2013-06-14,40.09887155501021,40.31269891685585,39.831591813440625,39.95854949951172,17334200
2013-06-17,40.67353665896411,40.793813464281364,40.29266095845728,40.5332145690918,17560400
2013-06-18,40.67353963505713,40.894047977271235,40.660175261378065,40.8205451965332,13168500
2013-06-19,40.78713388175317,40.88068194471695,40.05210865319266,40.05879211425781,33232800
2013-06-20,39.23022362704589,39.250271463702944,38.5286105199013,38.588748931884766,40517100
2013-06-21,39.036431673659074,39.069843874525176,38.37491189999617,38.715694427490234,30474300
2013-06-24,37.91386226282798,38.30810237313017,37.713399202441956,38.10763931274414,24351500
2013-06-25,38.4417381863732,38.65556305599198,38.154410539886676,38.59542465209961,24494900
2013-06-26,38.775833553447676,38.8760650599546,38.60878274193154,38.749107360839844,27142000
2013-06-27,39.08453404225315,39.343595879211485,39.08453404225315,39.13907241821289,17753800
2013-06-28,39.07089057624403,39.268595073233286,38.92090552276718,39.06407165527344,31174100
2013-07-01,39.411768894744846,39.59584077487065,39.3708631656091,39.432220458984375,15315900
2013-07-02,39.39131371911353,39.602656079907035,39.0845298607656,39.23451232910156,13492800
2013-07-03,38.934543289207554,39.323138588731084,38.87318599977455,39.248146057128906,11748500
2013-07-05,39.51402931659917,39.527664559644414,39.13906923515328,39.432220458984375,10197800
2013-07-08,39.575387427037846,39.759459310963955,39.54130061904932,39.677650451660156,11993200
2013-07-09,39.97761803294932,39.97761803294932,39.65037999483123,39.895809173583984,11624200
2013-07-10,39.8889851029765,40.29803454831923,39.84808197890171,40.01169967651367,16162300
2013-07-11,40.75480715502226,41.088864102485225,40.591189442488414,41.04795837402344,20284600
2013-07-12,40.747990439915476,40.85025085909613,40.652546341750885,40.77526092529297,15189800
2013-07-15,40.92524475873387,41.034324103225856,40.85707114367264,41.02750778198242,17063200
2013-07-16,40.99342400418052,41.0615976242803,40.89116097337395,41.000240325927734,10894600
2013-07-17,41.32747495153991,41.32747495153991,41.02750740709208,41.12295150756836,13744500
2013-07-18,41.23884757093788,41.436552082515085,40.97978316872319,41.39564895629883,11036600
2013-07-19,41.252492894420854,41.42974849803843,41.1775029397521,41.361572265625,23299300
2013-07-22,41.457009852724205,41.63426281661293,41.43655568718017,41.59335708618164,16518900
2013-07-23,41.729702179476504,41.76378898396834,41.552449235725085,41.68198013305664,11132000
2013-07-24,41.83878498673105,41.845603908589254,41.45700858368592,41.627445220947266,12887500
2013-07-25,41.245656027539646,41.729695333622736,41.238839708022105,41.70924377441406,14467100
2013-07-26,41.33428821958424,41.4501838684082,41.109310641528765,41.4501838684082,15499000
2013-07-29,41.06840284824586,41.13657644560621,40.98659141062618,41.05476760864258,11063600
2013-07-30,41.22521393003453,41.25248181501907,40.918427468212755,41.04795837402344,10712500
2013-07-31,40.94569378578046,41.41609791225122,40.94569378578046,41.14339828491211,22989900
2013-08-01,41.66835154455752,41.763795652637356,41.559272192372426,41.70243835449219,24484500
2013-08-02,41.74333692646878,42.043304443359375,41.72970168470242,42.043304443359375,15475000
2013-08-05,41.85924110596429,41.968320454877954,41.743342834874056,41.95468521118164,11483000
2013-08-06,42.05694735006432,42.09103676102129,41.79106658880426,41.89332962036133,18325300
2013-08-07,41.722879014105196,41.791052611904824,41.654702815649514,41.70924377441406,11989700
2013-08-08,41.94104710876816,42.15238947067057,41.818332524522454,42.08421325683594,12612700
2013-08-09,42.02967548324069,42.227380004526914,42.002404997319594,42.15920639038086,14951500
2013-08-12,41.934225109884935,42.08421016865846,41.92740878932998,42.043304443359375,13785000
2013-08-13,42.1523956004984,42.36373539247734,41.9206016410663,42.31601333618164,13189100
2013-08-14,42.336463928222656,42.39782122785544,42.261473984811005,42.336463928222656,14258600
2013-08-15,41.81151603432417,42.036491037426764,41.54563270242965,41.98195266723633,23650000
2013-08-16,42.07057722859634,42.15238868367045,41.98876837417882,42.056941986083984,15219600
2013-08-19,42.00922258201421,42.03649306875554,41.729706594557506,41.75697708129883,13596700
2013-08-20,41.60699424641234,41.81152030733417,41.53200170416193,41.70243835449219,12885800
2013-08-21,41.42974855594563,41.58654998972966,41.06160470237059,41.21158981323242,12755200
2013-08-22,41.518371194631804,41.675172608915936,41.50473594982575,41.61381530761719,8041700
2013-08-23,41.845608695021554,41.98195854055809,41.729710416085545,41.97513961791992,10141600
2013-08-26,41.77742574376014,41.8592371983007,41.66153008414587,41.6683464050293,8471000
2013-08-27,41.19794558727839,41.33429542191985,40.932064840088785,40.95933532714844,18839100
2013-08-28,40.7343604876939,41.05478223085335,40.686638432413595,40.91161346435547,10521700
2013-08-29,40.809350386213424,41.013873838535,40.76844465548639,40.84343719482422,10555800
2013-08-30,40.64572611575849,40.65936135800968,40.33212334595072,40.33893966674805,21045300
2013-09-03,41.25247421593641,41.30701517717185,40.932055170974806,41.116127014160156,18912700
2013-09-04,41.04796599858821,41.54564075102695,41.00706286318542,41.484283447265625,11868800
2013-09-05,41.30701773727636,41.491089591870015,41.30020141702756,41.4501838684082,10523400
2013-09-06,41.62745265423255,41.79788932192824,41.3479366232379,41.675174713134766,16398000
2013-09-09,41.92059901512535,42.26828863216544,41.92059901512535,42.24783706665039,17398000
2013-09-10,42.595520981200416,42.74550604331641,42.54779893428287,42.72505187988281,15972400
2013-09-11,42.55462023714691,42.88867720533652,42.547803915642014,42.87504196166992,11864200
2013-09-12,42.65687482153535,42.82049511249346,42.622788019443824,42.62960433959961,16745000
2013-09-13,42.6841632937772,42.840964730011116,42.56144867400155,42.83414840698242,13590900
2013-09-16,43.393167605296426,43.393167605296426,43.1341031961273,43.168190002441406,18909500
2013-09-17,43.06592776592513,43.19546127319336,43.06592776592513,43.19546127319336,10370400
2013-09-18,43.22955150222802,44.38852123432332,43.113655829346925,44.347618103027344,21359000
2013-09-19,44.361242383367944,44.368061304403014,44.07491011564802,44.13626480102539,19195600
2013-09-20,44.06128615505104,44.06128615505104,43.79540536535804,43.81585693359375,18878600
2013-09-23,43.82948606216679,43.877208112329534,43.59769213252342,43.802215576171875,17860700
2013-09-24,43.768131146420416,43.91130251450596,43.61814865770317,43.734046936035156,14979200
2013-09-25,43.706768638144894,43.8772052635623,43.63859502824054,43.781761169433594,14478100
2013-09-26,43.83629965081899,44.03400154793104,43.80221024714436,43.96582794189453,15653800
2013-09-27,43.761314202806254,43.918113001923416,43.720405871516654,43.80903625488281,17705800
2013-09-30,43.36589527922049,43.61132443531486,43.32498955298592,43.495426177978516,22274400
2013-10-01,43.54315056566107,43.83630438511635,43.46134170945067,43.72722244262695,15392400
2013-10-02,43.57042757337409,43.74086683369863,43.35226885705225,43.71359634399414,12620200
2013-10-03,43.62495700548723,43.65222488731702,43.352257381938564,43.427249908447266,16212700
2013-10-04,43.36589660412011,43.577236361147534,43.34544504070625,43.52951431274414,11699000
2013-10-07,42.99093796270065,43.28408918441286,42.97730271975395,43.07956314086914,17360800
2013-10-08,43.10001478049533,43.16137206983234,42.73187104447326,42.745506286621094,19635600
2013-10-09,42.902302578023246,43.0113819016022,42.63642188934056,42.92957305908203,19659500
2013-10-10,43.29771683888487,43.768120963401046,43.290900518525085,43.699947357177734,16423300
2013-10-11,43.70676224616508,43.952191366977935,43.67949176592895,43.931739807128906,13279100
2013-10-14,43.747674154593746,44.115817909771614,43.71358994843541,44.08173370361328,7213800
2013-10-15,43.90447743792685,43.98628369243607,43.822665982104404,43.87038803100586,15599400
2013-10-16,43.99992850207985,44.21126829477363,43.965839089761594,44.197635650634766,17389900
2013-10-17,44.44306224894187,44.80438711254079,44.40215391629655,44.783935546875,21850200
2013-10-18,44.9202788107214,45.07026388075065,44.845286275706776,45.04981231689453,16283000
2013-10-21,44.988458876371894,45.11799240112305,44.94755574279323,45.11799240112305,11068000
2013-10-22,45.34977726026055,45.64974740034961,45.34977726026055,45.567935943603516,13015200
2013-10-23,45.13843427690353,45.16570476053914,44.97481657640278,45.12480163574219,13384700
2013-10-24,45.37704800471128,45.46567838368683,45.26797126307418,45.43840789794922,11820900
2013-10-25,45.30205711558712,45.315694959608194,45.18616144797551,45.308876037597656,16688300
2013-10-28,45.18615704256136,45.322509462910936,45.12480235438881,45.23387908935547,9936700
2013-10-29,45.27478323844952,45.342956841677186,45.20660443390934,45.32931900024414,12121400
2013-10-30,45.377042557278045,45.397494118797745,44.940725240482124,45.16570281982422,18774000
2013-10-31,45.042993283684545,45.16570786783081,44.84528616470928,44.91345977783203,22366900
2013-11-01,44.67484567916887,44.71574880325301,44.443054374275015,44.69529724121094,18921000
2013-11-04,44.777112551586534,44.91345977783203,44.68848737465829,44.91345977783203,27539500
2013-11-05,44.449875470666576,44.599860552282635,44.306709311300445,44.52486801147461,13129600
2013-11-06,44.92027869953829,45.029360641585306,44.824834600903785,44.91345977783203,16260600
2013-11-07,44.73621543693483,44.77029964742079,44.14991292291082,44.20444869995117,22820200
2013-11-08,44.10900128918224,44.47714506356618,44.102187568383094,44.4635124206543,15873000
2013-11-11,44.47714087783016,44.56577125301398,44.422605110001385,44.55895233154297,14206100
2013-11-12,44.43623273124579,44.53167681580429,44.29306660440804,44.40896224975586,13391000
2013-11-13,44.06809982024853,44.59986133618739,44.05446717682277,44.55213928222656,12669400
2013-11-14,44.55213442314956,44.81120143180787,44.5112312960196,44.75666046142578,14537100
2013-11-15,45.01572936586235,45.21343651368262,44.96800730958256,45.11799240112305,25278400
2013-11-18,45.37705424931132,45.404324738801776,45.056632499441015,45.11799240112305,12776200
2013-11-19,45.008904174539666,45.13161875949861,44.91346007527308,45.00209045410156,10664300
2013-11-20,45.04981668797442,45.14526079610589,44.57259094600332,44.68849182128906,18220600
2013-11-21,44.83846880895954,44.974821241280345,44.76348147282492,44.96800231933594,15963400
2013-11-22,44.961166539701445,45.15205987337723,44.93390126477355,45.09751892089844,18657100
2013-11-25,45.06343701379413,45.07025593431501,44.90663825100057,44.96117401123047,11835000
2013-11-26,44.87254884970856,45.002082333043354,44.82482680868717,44.96117401123047,14620200
2013-11-27,45.11798113860552,45.19297366565585,45.01571812887209,45.07025909423828,9667100
2013-11-29,45.349777971261524,45.39068630093258,45.15888977050781,45.15888977050781,13964200
2013-12-02,45.00208846476777,45.070262075328365,44.81801399480978,44.824832916259766,17686300
2013-12-03,44.59985946528144,44.68167092634545,44.37488184834058,44.511234283447266,14776300
2013-12-04,43.99310637252732,44.313528100231494,43.98628745029792,44.27262496948242,18603800
2013-12-05,44.1294600663128,44.22490417498574,43.959023414923436,44.02037811279297,13115500
2013-12-06,44.40215009637659,44.58622457416024,44.320343840751235,44.565773010253906,12965100
2013-12-09,44.4839693634842,44.593051325220884,44.45669887305003,44.51805877685547,11275800
2013-12-10,44.41578752852235,44.51123162674356,44.31352450862441,44.443058013916016,13978200
2013-12-11,44.44987452364982,44.45669344575446,44.0067434118063,44.02719497680664,14151000
2013-12-12,43.82266751607296,43.86357064475934,43.59769250632774,43.70677185058594,14118200
2013-12-13,43.6999597767766,43.7340491902329,43.52952311212356,43.679508209228516,12214200
2013-12-16,43.97947038523523,44.12945545499536,43.95219989970491,43.99310302734375,13338900
2013-12-17,43.877208112329534,43.8908407546703,43.68631991167853,43.802215576171875,15966500
2013-12-18,44.161174038713845,44.601272511054326,43.666061945733894,44.49124526977539,28970800
2013-12-19,44.34683845038751,44.56688768655775,44.298702843924886,44.49124526977539,20647100
2013-12-20,44.63565595650593,44.82132036244339,44.61502191461291,44.74567794799805,18427500
2013-12-23,45.0344806130173,45.220150220136055,44.97259424156851,45.20639419555664,15767500
2013-12-24,45.1307584145445,45.295799255371094,45.08262281423349,45.295799255371094,6708500
2013-12-26,45.49522224608439,45.57773742478316,45.488344232397075,45.543357849121094,8510500
2013-12-27,45.90781285504321,45.91468562219002,45.735899241404596,45.777156829833984,18585400
2013-12-30,45.894065065724284,46.010970331236656,45.85280746988938,45.96970748901367,14432400
2013-12-31,46.10036304059628,46.320412293323244,46.07285622820691,46.14162063598633,21704700
2014-01-02,45.529596391184725,45.57085397561309,45.206397989464826,45.32330322265625,26240600
2014-01-03,45.39894626440839,45.51585151275603,45.29580228996532,45.37144470214844,19270100
2014-01-06,45.419586001343504,45.46084359629447,45.2751739262392,45.316436767578125,14737600
2014-01-07,45.50209741506535,45.625875436033986,45.474590605251485,45.57086181640625,12075700
2014-01-08,45.60524925579897,45.6396340816352,45.453964416340064,45.55711364746094,17555600
2014-01-09,45.577737768750524,45.577737768750524,45.24766655868995,45.52272415161133,13128600
2014-01-10,45.7290208772034,45.969698885174424,45.6808852756092,45.94219207763672,19676400
2014-01-13,45.74277302856795,45.85280026201598,45.46083742403507,45.543357849121094,19464700
2014-01-14,45.67401257251538,45.94219741920519,45.536483765223885,45.90781784057617,12268900
2014-01-15,45.88030403501607,46.127860047509,45.85967524170614,46.1003532409668,12388800
2014-01-16,46.02472117679956,46.079734802246094,45.86655831523779,46.079734802246094,21172000
2014-01-17,46.05909732126873,46.09347689590053,45.873427681986016,45.94219207763672,22526900
2014-01-21,46.21038231133969,46.224138339914994,45.94907547867379,46.16224670410156,18600200
2014-01-22,46.14849592191397,46.18975351486445,46.0384686788624,46.16224670410156,12664100
2014-01-23,45.99720143864389,46.010957464334055,45.66713027149242,45.8527946472168,17691700
2014-01-24,45.17202334608959,45.1788961133197,44.594390869140625,44.594390869140625,25036300
2014-01-27,44.615021666094705,44.64940648933741,44.11303682363086,44.388099670410156,21487100
2014-01-28,44.60126450174983,44.82131369840458,44.58063570931137,44.77317810058594,15857600
2014-01-29,44.18867166119849,44.504992044523746,44.14053606474436,44.27118682861328,21210400
2014-01-30,44.46373215567521,44.56687610959638,44.27118453345442,44.498111724853516,14681000
2014-01-31,43.54916061344706,44.02363864947972,43.53540720870508,43.741703033447266,39572600
2014-02-03,43.69357409352652,43.74858509769215,42.827127824969196,42.84775924682617,45762000
2014-02-04,43.16406836540085,43.370364167274595,43.03341496962595,43.342857360839844,26309300
2014-02-05,43.32223779467495,43.46664462442397,43.15719954410892,43.4322624206543,17503900
2014-02-06,43.817345881288716,44.22305952081777,43.81046786725284,44.202430725097656,16589100
2014-02-07,44.43624394458727,44.78694402742439,44.33309470112228,44.78007125854492,14500900
2014-02-10,44.64939771223391,44.65627572480787,44.525619717834665,44.62876892089844,13885400
2014-02-11,44.883219662532355,45.41959473193721,44.869468877034834,45.337074279785156,18061900
2014-02-12,45.350801405259915,45.460828617393545,45.28203702086951,45.41269302368164,14801400
2014-02-13,45.01385850121468,45.57773492575029,44.99322970767107,45.550228118896484,17329500
2014-02-14,45.502088263306604,45.770273047067825,45.453952667410654,45.722137451171875,18540700
2014-02-18,46.0315938570874,46.16912265837778,45.907815837371075,46.11410903930664,16668600
2014-02-19,46.017839650868964,46.2241381073589,45.77716161588917,45.80466842651367,13139900
2014-02-20,45.75652876861048,46.0247135904719,45.66025756314163,45.96282196044922,14098500
2014-02-21,46.175997401818556,46.29977541276797,46.045341377375536,46.05221939086914,12629800
2014-02-24,46.22414540418753,46.671121966215864,46.20351660455966,46.451072692871094,22573000
2014-02-25,46.464815773879025,46.59547181171241,46.25851731902501,46.34103775024414,16833800
2014-02-26,46.2516371640561,46.299772762982286,46.03158796233824,46.1828727722168,14872400
2014-02-27,46.059102124757146,46.35479377864115,45.96970367933951,46.34103775024414,11392500
2014-02-28,46.416679267428975,46.67111332396477,46.279150464450865,46.42355728149414,41960000
2014-03-03,45.64650162731067,45.75652886028822,45.323308434810365,45.440208435058594,27783400
2014-03-04,46.34791576444265,46.409802153066266,46.27227334742202,46.34103775024414,29272000
2014-03-05,46.27226355064199,46.38916353532825,46.21724994147673,46.29977035522461,16872800
2014-03-06,46.774261359117695,46.891166622813024,46.71237496632722,46.7811393737793,15087000
2014-03-07,46.698612665585316,46.73299223763794,46.292893842825464,46.52669906616211,21133800
2014-03-10,46.217255727061676,46.27226934311366,45.95594892039551,46.237884521484375,23329100
2014-03-11,46.14849215699098,46.30664974799003,45.85280052339789,45.900936126708984,17811900
2014-03-12,45.49522676969059,45.79779119898225,45.39207753967371,45.729026794433594,14151000
2014-03-13,45.8252964865965,45.85968131092158,44.793814713495344,44.87633514404297,35340200
2014-03-14,44.6081576015661,44.993242514354364,44.6081576015661,44.78007125854492,24796000
2014-03-17,45.13076426608575,45.39894910921743,45.110135469904485,45.34394073486328,24052700
2014-03-18,45.37831753388474,45.71527200550103,45.37144476650366,45.62587356567383,19417000
2014-03-19,45.577729479761366,45.59835827084009,44.78005316186155,45.06886672973633,22330200
2014-03-20,44.67003397673095,44.98635440502927,44.573762770135254,44.8969612121582,18788100
2014-03-21,45.11701384913069,45.25454265571026,44.78006460053936,44.80757141113281,17668300
2014-03-24,45.117015242550956,45.14452205399394,44.64940994079586,44.92447280883789,17552900
2014-03-25,45.268286242545926,45.51584222346036,45.130752227378885,45.41269302368164,20785500
2014-03-26,45.777149096809005,45.79777788753893,45.39893711213966,45.40581512451172,27028900
2014-03-27,45.577734037511,45.72214083588899,45.48146283859234,45.632747650146484,22352000
2014-03-28,45.97657775878906,46.11410655266337,45.93532016990421,45.97657775878906,13875500
2014-03-31,46.327289631441005,46.39605403821617,46.169126774108975,46.210384368896484,24498300
2014-04-01,46.48544801500751,46.533583625188975,46.37542601161619,46.50607681274414,13738100
2014-04-02,46.51294999969739,46.691741638837364,46.45793638051778,46.5954704284668,15497500
2014-04-03,46.54045564530514,46.602342030543795,46.341035215557206,46.464813232421875,14943500
2014-04-04,46.65048293367007,46.719252586930104,46.25164727525683,46.320411682128906,20967400
2014-04-07,46.25163805375547,46.320402446917534,45.99720402803026,46.1003532409668,16647900
2014-04-08,45.92843866248531,46.16911665665042,45.887181076738955,46.072845458984375,12246200
2014-04-09,46.45106674536229,46.69174478751896,46.25851906524912,46.66423797607422,18492100
2014-04-10,46.45105849667042,46.49919409655392,45.797783645237836,45.839046478271484,23677900
2014-04-11,45.625893216828125,45.90783419250437,45.557128788689155,45.56400680541992,18550700
2014-04-14,45.79778387323457,45.907811100022855,45.605241472742016,45.82529067993164,13239000
2014-04-15,45.74964764220674,45.81841203480766,45.16514243551862,45.632747650146484,21055100
2014-04-16,46.010967967148346,46.21726118211143,45.887189939615375,46.196632385253906,19643900
2014-04-17,46.26538803262074,46.51294404082657,46.16223882147052,46.43730163574219,19204100
2014-04-21,46.4372958519462,46.51981625986578,46.35478069041279,46.49918746948242,10723800
2014-04-22,46.643606337860156,46.7398775488586,46.59547073236093,46.691741943359375,12342500
2014-04-23,46.65047521091817,46.65047521091817,46.50606840647624,46.58171081542969,11595300
2014-04-24,46.567951089418756,46.616086681652796,46.265381511727036,46.5748291015625,17646700
2014-04-25,46.49233012206396,46.506080906302735,46.210389204478375,46.347923278808594,19435900
2014-04-28,46.49920284363216,46.60922484418229,46.169126349205996,46.49232482910156,19986000
2014-04-29,46.732988294638616,46.891151101173456,46.68485270071693,46.79487991333008,16162500
2014-04-30,46.79488827685468,47.03556628947886,46.732996647101494,46.980552673339844,29172800
2014-05-01,47.028685635112666,47.18684846103437,46.966799255221716,47.1112060546875,17645400
2014-05-02,46.93928560759994,47.13182797882585,46.89115001479346,47.03555679321289,14332800
2014-05-05,46.69174013938257,47.021811351085354,46.59546893210365,47.001182556152344,18715300
2014-05-06,47.008067676012956,47.03557448887754,46.87053885807814,46.91867446899414,10209100
2014-05-07,46.904910377022226,47.001181582306444,46.719245980084715,46.97367477416992,12801700
2014-05-08,47.042444303093035,47.20060189150869,46.91178827635968,46.980552673339844,13187500
2014-05-09,46.94616851621284,46.98055333838326,46.746753336063655,46.91178894042969,8089900
2014-05-12,47.09057116772488,47.234977948503975,47.04930834008355,47.221221923828125,13953600
2014-05-13,47.28999710083008,47.31063114255307,47.17997511024457,47.28999710083008,18673500
2014-05-14,47.276249719066215,47.379398949549014,47.13872090934769,47.20060729980469,15816700
2014-05-15,47.09745387828633,47.12496068705986,46.81551826953546,46.99430465698242,20007500
2014-05-16,47.00119809073601,47.097469329833984,46.918682883731485,47.097469329833984,12874500
2014-05-19,46.843024964074395,47.03556737863224,46.82926893652751,47.001182556152344,9415200
2014-05-20,46.83613466369649,46.86364146518704,46.56794990714611,46.70547866821289,13695200
2014-05-21,46.89804027339854,47.083709948039036,46.87741147541362,47.06995391845703,10953400
2014-05-22,47.07682232317839,47.17997153843464,47.04244274901766,47.1318359375,8121800
2014-05-23,47.09745240048678,47.303750836621475,47.09745240048678,47.255615234375,7649000
2014-05-27,47.599445457854706,47.626952267495426,47.434409846397905,47.592567443847656,9819700
2014-05-28,47.46190020788546,47.48940701103413,47.3450002292933,47.43439865112305,8894300
2014-05-29,47.640700400860325,47.72322082519531,47.54442919566311,47.72322082519531,16668400
2014-05-30,47.668210904416355,47.757604102919,47.626953312244,47.7301025390625,15728200
2014-06-02,47.88825280333788,47.88825280333788,47.72321721354485,47.82636642456055,8915100
2014-06-03,47.668222683277385,47.73011433321702,47.647593882093815,47.70948028564453,9629100
2014-06-04,47.60633127610849,47.74386010047009,47.5581956629431,47.69572448730469,10850800
2014-06-05,47.83324493457423,48.06705019070838,47.6613313110355,48.025787353515625,11099400
2014-06-06,48.149571496147225,48.287105560302734,48.073934318846824,48.287105560302734,11780100
2014-06-09,48.10144144485066,48.26648234091268,48.08081264444009,48.238975524902344,12685200
2014-06-10,48.03266544318467,48.13581466674805,47.957023028997355,48.13581466674805,11347600
2014-06-11,47.92264841378651,47.98453480649954,47.840127977114484,47.8951416015625,8827200
2014-06-12,48.04642382412381,48.09455943129249,47.82637458472591,47.90888977050781,10679500
2014-06-13,47.943260192871094,48.03953137828761,47.8263602172062,47.943260192871094,22214700
2014-06-16,47.86075621683481,48.0051630445367,47.83324940493141,47.957027435302734,9584600
2014-06-17,47.73009934172725,47.92951452146032,47.71634331433287,47.92264175415039,9222700
2014-06-18,47.97764474358165,48.34897874577347,47.81948717099551,48.335227966308594,14870300
2014-06-19,48.637812831901556,48.679070429621824,48.50715677726961,48.59654998779297,12490400
2014-06-20,48.527785054869845,48.55529186851734,48.42463581528882,48.514034271240234,16113100
2014-06-23,48.29396863714674,48.40399060805179,48.16331262820966,48.38336181640625,9836000
2014-06-24,48.28023484997767,48.32837046811767,48.02580072758686,48.080814361572266,17809900
2014-06-25,47.83139203902427,48.10616319632228,47.82434510864324,48.06389236450195,17373100
2014-06-26,47.99344780990826,48.1061718400945,47.67640038858954,48.099124908447266,14342000
2014-06-27,47.93707233788464,48.14843186271353,47.8877545779013,48.127296447753906,9721300
2014-06-30,48.021625254176186,48.218896318269394,48.01457832324904,48.169578552246094,16580700
2014-07-01,48.416160977098706,48.66979670458737,48.387978632351896,48.5922966003418,12975000
2014-07-02,48.5782134496544,48.6768489903966,48.521854122968726,48.66980743408203,11254400
2014-07-03,48.65570323729043,48.8177503770843,48.634567822367906,48.7684326171875,7757300
2014-07-07,48.39503979095345,48.465492985918075,48.3175396639221,48.38799285888672,8533400
2014-07-08,48.10616016801361,48.11320709795103,47.75388892439871,47.880706787109375,11505200
2014-07-09,47.83139140462695,48.09911562799304,47.803209058709534,48.035709381103516,15042700
2014-07-10,47.17617306937147,47.52139744722207,47.1479907196156,47.50730895996094,12905700
2014-07-11,47.44389034692967,47.57070821455061,47.324119409519,47.535484313964844,11225800
2014-07-14,47.98638422615917,47.993431155360994,47.86661330588827,47.88774871826172,9020800
2014-07-15,47.930035726733664,47.97230656575344,47.57071746936401,47.76799392700195,12444500
2014-07-16,48.10616319632228,48.134345542613474,47.986392256009395,48.06389236450195,9427600
2014-07-17,47.78207119227361,47.979342228344315,47.42275301929763,47.45093536376953,15085100
2014-07-18,47.57070889613383,47.901844742734795,47.54253192535462,47.824344635009766,11615300
2014-07-21,47.528445290223736,47.67639859785509,47.429809751802836,47.648216247558594,12114800
2014-07-22,47.9018365590433,47.95115431233065,47.831383393665945,47.85956573486328,12232800
2014-07-23,48.049798585632864,48.049798585632864,47.908892229169666,47.95820999145508,8668200
2014-07-24,48.09208115848988,48.134351995977454,48.00753410828108,48.070945739746094,6826200
2014-07-25,47.98639806947605,48.01458041918149,47.690491460419324,47.8736686706543,8885700
2014-07-28,47.880706787109375,47.95115996078584,47.612982577045784,47.880706787109375,8065900
2014-07-29,48.01458196513453,48.04276431574738,47.75389925339106,47.782081604003906,9154800
2014-07-30,47.782069687457934,47.88070520238693,47.52843397043126,47.71161651611328,11169300
2014-07-31,47.22548582123205,47.28889744525542,46.86616761905436,46.91548538208008,26161000
2014-08-01,46.72525348342438,46.90138908994742,46.49980012208417,46.59138870239258,25398300
2014-08-04,46.78866759515906,46.894344664529775,46.52093801880013,46.8098030090332,15220800
2014-08-05,46.5491317746866,46.58436105660218,46.11936033643853,46.2109489440918,20914100
2014-08-06,45.858665965199755,46.22503105312312,45.851624410794116,46.09821319580078,16592700
2014-08-07,46.19684605375254,46.246163807918386,45.60503300376236,45.72480392456055,17344900
2014-08-08,45.68253042099407,46.020713166116835,45.59094183648883,45.992530822753906,15434200
2014-08-11,46.19684918320808,46.2813962140335,46.126396011803116,46.16866683959961,10497600
2014-08-12,46.09821265250634,46.20389509490149,46.02071255309872,46.13344192504883,12398400
2014-08-13,46.408213121826996,46.49275477568787,46.30253067926859,46.39411926269531,12378700
2014-08-14,46.570259560986806,46.647759668312,46.49980638393651,46.64071273803711,11941600
2014-08-15,46.85911826445618,46.936618361344884,46.21798207660086,46.59138870239258,23432900
2014-08-18,46.802770974276285,46.91549500922352,46.77458862173094,46.89435958862305,11630700
2014-08-19,46.91547849139763,47.00707244873047,46.894343078238435,47.00707244873047,8514300
2014-08-20,46.73231297358268,46.922537114654375,46.72526604236267,46.859130859375,11419400
2014-08-21,46.985943306031345,47.12684966271866,46.95776095964729,47.056396484375,8522800
2014-08-22,46.92252883534741,46.95775810999781,46.66889310851585,46.83094024658203,9000900
2014-08-25,47.04935264401578,47.260717568161446,47.0211702957808,47.1338996887207,13867600
2014-08-26,47.19026319893346,47.338216492022894,47.12685157319046,47.14094543457031,22103600
2014-08-27,47.33821113397783,47.34525268863758,47.183210927742394,47.23252868652344,10792900
2014-08-28,46.943663837066694,47.05639321477017,46.90139300804418,47.02116394042969,10674300
2014-08-29,47.007073632522136,47.042297530263774,46.82389108847556,47.00002670288086,19832700
2014-09-02,47.140944537583586,47.140944537583586,46.929579622772955,47.09162139892578,14537000
2014-09-03,47.521395542340585,47.53548940427037,47.33821833912044,47.422760009765625,15490700
2014-09-04,47.35935092306892,47.493215727225255,47.08457975944605,47.197303771972656,11043000
2014-09-05,47.0634393585818,47.218434187486324,46.95070998276125,47.204345703125,9374300
2014-09-08,46.85208538890979,46.92958550904548,46.612543472296736,46.704132080078125,13282600
2014-09-09,46.64776684287775,46.64776684287775,46.415266485142936,46.57026672363281,15015000
2014-09-10,46.57025641241544,46.83798599243164,46.52093865429127,46.83798599243164,14634800
2014-09-11,46.50684785660804,46.598436438502176,46.387071556922194,46.577301025390625,12136700
2014-09-12,46.53503391747441,46.570257817064096,46.387075263406686,46.513893127441406,12022900
2014-09-15,46.4504819566329,46.47866429845531,46.330711035311744,46.415252685546875,8709500
2014-09-16,46.16866836190758,46.67593981312136,46.154579877255024,46.61253356933594,14405100
2014-09-17,46.478677476042726,46.570266081508585,46.16867700333734,46.28140640258789,19753900
2014-09-18,46.542077215120116,46.68298894445358,46.53503566007809,46.64071273803711,14467500
2014-09-19,46.704129257627784,46.71821774442208,46.443446562449296,46.478675842285156,11800500
2014-09-22,46.42231396561954,46.42936089706162,46.16867818604203,46.27436065673828,29390800
2014-09-23,45.96435237140655,46.105264100152844,45.83049294813861,45.8868522644043,18721700
2014-09-24,45.893897053108674,46.15457970770049,45.760032260854416,46.11935043334961,12589900
2014-09-25,45.87981146754509,45.87981146754509,45.393675401994535,45.4429931640625,15639300
2014-09-26,45.59094602659699,45.77412858767552,45.47822201801757,45.633216857910156,14040200
2014-09-29,45.147084935187344,45.3373090461178,45.0836760023384,45.21049118041992,17351800
2014-09-30,45.083674989896124,45.32321954332197,44.98503678397793,45.17526626586914,17807600
2014-10-01,44.91458744796033,44.97095214187253,44.54822500038063,44.63981628417969,21791100
2014-10-02,44.393229939657296,44.44255039637136,43.752096253776635,44.16073226928711,21687600
2014-10-03,44.097323325074,44.21709428213386,43.98459661176367,44.16073226928711,11116900
2014-10-06,44.40026951144453,44.50594927587151,44.15367801921544,44.442543029785156,16614000
2014-10-07,44.14664014561751,44.16777556402881,43.68164212725144,43.68868637084961,15615700
2014-10-08,43.738005296850645,44.44959213051809,43.575958135975355,44.3791389465332,18310300
2014-10-09,43.94936084608163,44.040949433796264,43.13913591551121,43.188453674316406,23813400
2014-10-10,42.984143108780806,43.103916749080845,42.52619202852401,42.540283203125,26414400
2014-10-13,43.012312587382596,43.11799502145822,42.46981462185185,42.48390579223633,16363600
2014-10-14,42.793913770137024,42.94186705404212,42.51209568759894,42.589595794677734,22292200
2014-10-15,42.30777804218665,42.385278149870025,41.54687351358422,42.335960388183594,37303900
2014-10-16,41.342561353976855,42.335966345414654,41.29324358535076,41.94142150878906,49006500
2014-10-17,42.596639469735074,42.8361840304157,42.469821603044366,42.72345733642578,22794100
2014-10-20,42.674147141081015,43.06164505239121,42.66005596588213,42.99119186401367,22996200
2014-10-21,43.216646045281436,43.54073501765438,43.18141945047862,43.50550842285156,16849600
2014-10-22,43.477315984868106,43.5970896045495,43.15322708768645,43.188453674316406,13982300
2014-10-23,43.55480822665884,43.829579315440874,43.505490476755185,43.6041259765625,17097000
2014-10-24,43.723906591084855,43.85776869264507,43.59004180190842,43.84367752075195,12251100
2014-10-27,43.45618643634524,43.79436655135137,43.39277749680555,43.59709548950195,17838400
2014-10-28,44.05504328952753,44.26640819741486,43.998681285009646,44.259361267089844,14653100
2014-10-29,44.386178679954426,44.47072302966936,43.78027168382848,43.921180725097656,21781800
2014-10-30,43.7802778818815,44.372093788903335,43.73800704484788,44.23823165893555,14596000
2014-10-31,44.88640102236759,45.07662781561137,44.759583160205075,45.05549240112305,22786800
2014-11-03,44.752539800117056,44.815948732448284,44.52708641574297,44.66799545288086,14384800
2014-11-04,44.34390037485159,44.435491644932746,44.14662935093785,44.41435623168945,12741800
2014-11-05,44.513003986522506,44.56232175606533,44.30164173310802,44.4989128112793,13033500
2014-11-06,44.40027030980925,44.51299700646148,44.14663457043761,44.259361267089844,13624500
2014-11-07,44.11140979651183,44.294589678252,43.94936533138337,44.28049850463867,10950900
2014-11-10,44.44958559983595,44.52708570340277,44.31572349488546,44.47776794433594,10235200
2014-11-11,44.59049731369977,44.79481529217558,44.4989060323802,44.7454948425293,12372800
2014-11-12,44.252309333680955,44.44253610514978,44.24526240458064,44.36503601074219,9970700
2014-11-13,44.41435251639094,44.667988204558135,44.38617017601327,44.57639694213867,18654700
2014-11-14,44.30163618355609,44.6609517005885,44.2945892530088,44.63981628417969,13368600
2014-11-17,44.27344966005293,44.5059472814667,44.25231424563794,44.46367645263672,11203700
2014-11-18,44.79481631042061,45.02731395275811,44.76663396358682,44.94981384277344,19695400
2014-11-19,44.830043474622855,44.970952522980966,44.625725488884434,44.81595230102539,13908800
2014-11-20,44.36504552119559,44.66799903466923,44.35095434759024,44.54822540283203,16494400
2014-11-21,45.10480722659468,45.13298957083639,44.787765260532375,44.93571853637695,22414400
2014-11-24,45.13300330985452,45.203461879523495,45.04141469461272,45.196414947509766,16662600
2014-11-25,45.20345352634797,45.323224472277985,45.104812622086165,45.27390670776367,18289600
2014-11-26,45.33025879316762,45.47117050874308,45.25980562299606,45.450035095214844,9788000
2014-11-28,45.161176622537134,45.203452830922714,45.04844992143628,45.08367919921875,8429300
2014-12-01,45.11185790296017,45.147087179996205,44.900495678826445,45.041404724121094,14827800
2014-12-02,45.13299124460277,45.18230900504659,45.03435572371513,45.16822052001953,19349300
2014-12-03,45.05550779158479,45.15414065542762,44.99209883884374,45.11186981201172,10722400
2014-12-04,44.99209149859417,45.1541332887417,44.81595584611776,44.96390914916992,18286400
2014-12-05,45.07662931964047,45.20344987365077,44.956858383388635,45.062538146972656,13947000
2014-12-08,44.801857559972866,44.886401907209056,44.63276617788413,44.66799545288086,14590200
2014-12-09,44.25231971059623,44.463681943697274,44.118454902459504,44.4284553527832,18136300
2014-12-10,44.31572036086598,44.31572036086598,43.79435777495231,43.864810943603516,27669700
2014-12-11,43.93527429620142,44.16072769949194,43.75913865690467,43.80845642089844,19542600
2014-12-12,43.68868304402571,43.766183155788006,42.93482271843776,42.96300506591797,31169600
2014-12-15,43.08982376378515,43.16027694621281,42.11755425810698,42.25141906738281,38599900
2014-12-16,42.286647750643915,43.089825895568055,42.21619187711396,42.55437469482422,38250500
2014-12-17,42.70021202530021,43.368958115900625,42.678869902229444,43.06304168701172,28795300
2014-12-18,43.55393950835341,43.89542710406957,43.48279456305702,43.831398010253906,33053700
2014-12-19,43.73179079733876,44.02347824158642,43.6321906037764,43.89542007446289,29690700
2014-12-22,44.08751026183299,44.13731036193137,43.93099411072269,44.10885238647461,24782500
2014-12-23,44.01636809640005,44.07328405089952,43.9025389013032,43.96656799316406,21929200
2014-12-24,44.02348431085456,44.265371691668676,43.95233936714329,44.165771484375,12379400
2014-12-26,44.300947994139975,44.35786124187133,44.24403203250619,44.279605865478516,17681100
2014-12-29,43.902533820154225,44.11596319702137,43.89542068361609,43.959449768066406,22005600
2014-12-30,43.71044561549001,43.75313257549511,43.539703203273035,43.553932189941406,20271600
2014-12-31,43.71756301957727,43.724676156213405,43.2622462856136,43.28358840942383,22495000
2015-01-02,43.432993102203646,43.489909056663684,43.013247436718146,43.0986213684082,24674800
2015-01-05,42.49390194314465,42.52947305804781,41.97455606663254,42.08127212524414,28468200
2015-01-06,42.045690527604265,42.19509352483555,41.4694315165036,41.6046028137207,21711600
2015-01-07,41.93897751298949,42.13817789223662,41.668632202652944,42.06703567504883,19048900
2015-01-08,42.323158900944726,42.785588815878626,42.30181406118631,42.63618850708008,16680000
2015-01-09,42.68599079918548,42.68599079918548,42.21644500895053,42.429874420166016,17938200
2015-01-12,42.47966150112231,42.515232606434864,42.123945020194,42.33026123046875,18561200
2015-01-13,42.85672580441952,42.963439127797464,42.244892980340346,42.54369354248047,15396200
2015-01-14,42.337382269698594,42.50812740653624,42.13106873480971,42.42275619506836,16051900
2015-01-15,42.93498734289387,42.977674306737136,42.5863866368307,42.69309997558594,21885100
2015-01-16,42.74290330643381,43.28359128546704,42.6788742168468,43.24802017211914,29675500
2015-01-20,43.58951006953072,43.61796804728725,43.2266776378903,43.397422790527344,19318000
2015-01-21,43.38319030874112,43.75313584808421,43.31916122089517,43.73890686035156,26882500
2015-01-22,43.610847032151455,44.016363668509314,43.51835997234473,43.90253448486328,15610400
2015-01-23,43.82428018345516,43.94522522805651,43.639308761826214,43.65353775024414,19495700
2015-01-26,44.00925322519357,44.350740797030426,43.89542403458128,44.25114059448242,18463300
2015-01-27,44.15864652869823,44.40764699559506,44.0590463419395,44.315162658691406,20064300
2015-01-28,44.32939977363437,44.37919987614609,43.63219562456827,43.65353775024414,20033100
2015-01-29,44.030595350339006,44.28671170769214,43.87407919553387,44.25114059448242,31207900
2015-01-30,43.8171616585519,43.97367779800222,43.539703203273035,43.553932189941406,39271000
2015-02-02,43.8456308190919,44.180002592457406,43.72468575850253,44.08040237426758,24878700
2015-02-03,44.350746679646264,44.86297946229432,44.336517689694666,44.78472137451172,27679400
2015-02-04,44.549939529677395,44.78471375307144,44.37919710711979,44.41476821899414,17454200
2015-02-05,44.70645067052624,45.03370920535323,44.64953472678159,45.02659606933594,23933500
2015-02-06,44.599732752243526,44.749135741322306,44.33650330827851,44.464561462402344,18530100
2015-02-09,44.101740290660416,44.37919877315899,44.101740290660416,44.25114059448242,15940500
2015-02-10,44.52859999130139,44.69222928654754,44.32939958211514,44.65665817260742,14302500
2015-02-11,44.36496811958968,44.507255280988936,44.19422298313021,44.41476821899414,16405400
2015-02-12,44.7206801013468,45.11196771982829,44.7206801013468,45.104854583740234,16664700
2015-02-13,45.28983063412639,45.417888808098155,45.28271749730657,45.40365982055664,17919100
2015-02-17,45.31828491655935,45.60285650249641,45.204455739404196,45.510372161865234,13660300
2015-02-18,45.64555115645446,45.9158937855096,45.560177228845724,45.78071975708008,16777800
2015-02-19,45.78071908937416,46.008377465206515,45.75226111391964,45.8376350402832,17091000
2015-02-20,45.70245925388699,46.43523445326037,45.62420118135162,46.26449203491211,34658700
2015-02-23,46.01548287401566,46.17911483879623,45.97990905581909,46.10085678100586,13630900
2015-02-24,46.08662882529684,46.449461174717534,46.00126033917647,46.38542938232422,16373400
2015-02-25,46.31429682072284,46.47792883289593,46.25738086624489,46.42101287841797,10224800
2015-02-26,46.314295616634276,46.41389582047919,46.19335328736602,46.29295349121094,12791000
2015-02-27,46.335631215434766,46.49214735023178,46.264488998109734,46.31428909301758,22960900
2015-03-02,46.300060896203846,46.39966108187964,46.221802832058145,46.38542938232422,21297800
2015-03-03,46.2146832291902,46.2787150163835,45.97990905581909,46.10085678100586,12564400
2015-03-04,45.84474752048638,45.95145813584045,45.58863118802976,45.915889739990234,15625100
2015-03-05,46.05818574486984,46.16490181482527,45.937243398562586,46.02261734008789,15540900
2015-03-06,45.65977105071821,45.759371238443244,45.353854637619015,45.396541595458984,24040500
2015-03-09,45.37519483698194,45.524597826140656,45.32539474522952,45.467681884765625,11909000
2015-03-10,44.72067760521987,44.806048803019465,44.45744816222859,44.478790283203125,20980000
2015-03-11,44.557057365544765,44.69222868225031,44.38631222147808,44.592628479003906,20000400
2015-03-12,45.10486442189539,45.16177766471841,44.9127771388011,45.14754867553711,16362200
2015-03-13,44.78471528849899,44.919886603816536,44.599741158167625,44.884315490722656,16277200
2015-03-16,45.19733993953904,45.460572117048244,45.17599781689298,45.389427185058594,15828700
2015-03-17,45.161771249969604,45.339629518619724,45.033713079429376,45.27560043334961,16273300
2015-03-18,45.268493742023395,46.31429866513398,45.25426475283726,46.24315643310547,28290700
2015-03-19,45.702457427978516,45.82340517112154,45.581515112638876,45.702457427978516,20155100
2015-03-20,46.4708136089395,46.88344614276852,46.321413297271256,46.712703704833984,28789300
2015-03-23,46.86921353864489,47.04707182451562,46.75538705814578,46.947471618652344,13958700
2015-03-24,47.032840174298855,47.10398239495518,46.84786605834961,46.84786605834961,18037300
2015-03-25,47.01860038141018,47.08974801762525,46.598857552314726,46.627315521240234,17853700
2015-03-26,46.22892142270937,46.32852161429037,45.91588914756715,46.221805572509766,24344500
2015-03-27,46.22891266261716,46.3925391915783,46.11508079220739,46.34273910522461,16596700
2015-03-30,46.33563817770586,46.47792806153928,46.314296052081865,46.371212005615234,27480200
2015-03-31,45.631322058401295,45.91589640553137,45.581521954738854,45.65266418457031,27717200
2015-04-01,46.001270802479794,46.001270802479794,45.65266464551863,45.979923248291016,30907000
2015-04-02,46.250268238445706,46.413894815015986,46.19335228668043,46.378326416015625,15597200
2015-04-06,46.662891942400364,47.06129814812209,46.53483920190109,46.84786605834961,16304600
2015-04-07,46.919008771768915,47.12532501330153,46.76249805580267,46.78384017944336,13742900
2015-04-08,47.23915235586518,47.26049447744846,46.77671981961635,46.983036041259766,16148300
2015-04-09,47.025727424736715,47.05418540043645,46.819411171766575,47.04706954956055,17741100
2015-04-10,46.947478313155536,47.14667875328719,46.90479405535729,47.13956832885742,12665800
2015-04-13,46.92613321534372,47.039965132677004,46.75539076714835,46.84075927734375,15048700
2015-04-14,47.125329767080764,47.21781954925844,47.04707168730155,47.189361572265625,13929800
2015-04-15,47.317417755315944,47.48104433135503,47.11110150168954,47.40278625488281,13210600
2015-04-16,47.45258756362531,47.66601967358386,47.24627673255047,47.530845642089844,17461200
2015-04-17,46.91190829907875,46.983050535571465,46.73404999394461,46.933250427246094,18805200
2015-04-20,46.96169391967649,47.118210048357916,46.92612009850233,46.983036041259766,12557400
2015-04-21,47.39567583178817,47.51661815804382,47.30318605351888,47.40278625488281,10696800
2015-04-22,47.417019326052895,47.50950367918918,47.1822450898561,47.495277404785156,8776100
2015-04-23,47.23204715072112,47.74427989537347,47.20358917292885,47.67313766479492,12240700
2015-04-24,47.85810987886991,48.028857758111286,47.65890944755964,47.950599670410156,11090300
2015-04-27,48.213812498648736,48.420128722025765,48.13555986145354,48.185359954833984,18320600
2015-04-28,48.06440936743354,48.256499307508854,47.91500909615428,48.24226760864258,13769200
2015-04-29,47.87944860305733,48.03595932178584,47.637558532652044,47.822532653808594,19465500
2015-04-30,47.48816339797231,47.60910573241772,47.260505004038016,47.317420959472656,27726500
2015-05-01,47.56642120333084,47.95059575857577,47.41702089203629,47.84387969970703,28710200
2015-05-04,47.815424769174484,47.87945657969782,47.70159827951738,47.79408264160156,18863100
2015-05-05,47.59488200164161,47.60199785340237,47.01150699676296,47.08264923095703,21317400
2015-05-06,47.38144102987094,47.452583250789864,47.004382373977485,47.203582763671875,16573500
2015-05-07,46.997269449036985,47.11110135183591,46.847869147466305,47.04706954956055,17710600
2015-05-08,47.86521865648572,48.20670893669279,47.85099238255386,48.13556671142578,30634400
2015-05-11,47.779844477697026,47.93635518355848,47.69447056084269,47.71581268310547,14535400
2015-05-12,47.63043909653967,47.80829735370046,47.54507060689657,47.687355041503906,12054200
2015-05-13,48.178249585133116,48.306307758078155,47.97193333828813,48.04307556152344,14542800
2015-05-14,48.469934875739256,48.633566876050445,48.37745052727001,48.61933517456055,18271700
2015-05-15,48.45571553275417,48.718947769930104,48.36323117105673,48.6762580871582,14671800
2015-05-18,48.448594844086315,48.55531089865515,48.37033676592277,48.51262664794922,11873600
2015-05-19,48.32052849829474,48.44147080672572,48.263612555102604,48.32764434814453,11406600
2015-05-20,48.30630902344947,48.576651649946676,48.23516679835061,48.420135498046875,13862700
2015-05-21,48.49128936376333,48.74740032137197,48.45571553275417,48.6762580871582,11439500
2015-05-22,48.42725422228505,48.46993847431622,48.32053816440293,48.36322784423828,12172900
2015-05-26,47.92213619835856,47.94347832386662,47.40278762384482,47.495277404785156,20327400
2015-05-27,47.55218060333248,48.00750273116568,47.53083848111283,47.95770263671875,17786100
2015-05-28,47.70869012185114,47.92212217006166,47.49526350144308,47.87232208251953,12744700
2015-05-29,47.630439353759286,47.72292912177646,47.182238497302826,47.40989685058594,23778800
2015-06-01,47.52372367640547,47.55929206755714,47.089749138615026,47.28183364868164,19068900
2015-06-02,47.409903647016336,47.73004638640729,47.32452971687018,47.50238800048828,14239100
2015-06-03,47.687355487800794,48.00750361036838,47.687355487800794,47.7656135559082,21307800
2015-06-04,47.4525878602161,47.80119400384755,47.103987144388704,47.253387451171875,17187400
2015-06-05,46.57753398040603,46.86921877939101,46.4139019508744,46.69136047363281,14624100
2015-06-08,46.62019967205821,46.66999976072721,46.449457286307734,46.627315521240234,14677000
2015-06-09,46.38543828009654,46.499270187163276,46.150669470428525,46.371212005615234,13114600
2015-06-10,47.06128908665005,47.47392148593083,47.00437314996253,47.345863342285156,17291600
2015-06-11,47.53084087840843,47.630441072325794,47.260498270318955,47.47393035888672,20555100
2015-06-12,46.98303633454638,47.28183689418357,46.82652020488791,47.09686279296875,15305800
2015-06-15,46.52061524107327,46.84787385278364,46.485041410924666,46.81230545043945,15121100
2015-06-16,46.57753406698607,46.84076088620247,46.499275978082615,46.79807662963867,11991200
2015-06-17,46.62733408890613,46.80519239466433,46.2360436451162,46.69136047363281,17100700
2015-06-18,46.833636985034644,47.50949618256359,46.79806316293178,47.1110954284668,24587300
2015-06-19,47.0684048673233,47.13954707417813,46.96879926436359,46.997257232666016,15281900
2015-06-22,47.900797865444254,48.17825637462523,47.801197653317985,47.886566162109375,28716900
2015-06-23,47.964810199049715,48.092868352535454,47.95058392768591,48.014610290527344,13661300
2015-06-24,47.75850811802208,47.87945588552271,47.57353939653546,47.60199737548828,21326500
2015-06-25,47.798033276290944,47.798033276290944,47.544828511799295,47.580997467041016,16402800
2015-06-26,47.65335472651093,47.76910313069922,47.44355487950312,47.559303283691406,19240800
2015-06-29,46.61158407323423,46.78520941160927,45.98942063131951,46.097938537597656,33747100
2015-06-30,46.56818565640929,46.575416136912956,45.765158004715516,45.93155288696289,32195400
2015-07-01,46.466902992476804,46.53201043267423,46.04730331303559,46.22816467285156,31824800
2015-07-02,46.35839128391762,46.38009376689118,46.17029389906103,46.28604507446289,20988500
2015-07-06,45.31661911470382,45.750688007667854,45.2081039612567,45.35279083251953,21103800
2015-07-07,45.034479547175785,45.44684323550442,44.44125449520387,45.36726379394531,36633400
2015-07-08,44.651055411173374,44.67999113265957,44.21698647217483,44.31103515625,32728200
2015-07-09,45.32385592726733,45.37449688506292,44.947663983839234,45.041709899902344,19963400
2015-07-10,46.43072835330879,46.58265123269848,46.19922603431726,46.51754379272461,28190400
2015-07-13,46.66946344558139,46.785211837349465,46.61882248928593,46.691165924072266,14287600
2015-07-14,46.872033035443856,47.139709848469515,46.806920072512874,47.08183288574219,19816200
2015-07-15,46.96607245031046,47.074590360519764,46.78521110644502,46.90819549560547,14709600
2015-07-16,47.349500563358134,47.429080001168195,47.26992112554808,47.313331604003906,20763400
2015-07-17,47.291637802668255,47.291637802668255,47.175883864812214,47.233760833740234,14773600
2015-07-20,47.37844915772007,47.46526461371612,47.24822873345185,47.356746673583984,8767800
2015-07-21,47.19758157632632,47.291633021188055,47.12523813220645,47.21928405761719,14081800
2015-07-22,46.72733880277886,46.88649768433447,46.72733880277886,46.85755920410156,10181700
2015-07-23,46.937137200202706,46.9516091995991,46.65499392592938,46.73457336425781,10900900
2015-07-24,46.62605201955416,46.640524017886854,46.17028342217731,46.220924377441406,13709400
2015-07-27,46.11241788220907,46.11965112300793,45.80856933387077,45.88091278076172,19026100
2015-07-28,46.20645585116422,46.48136586949673,45.98942278815439,46.45966339111328,14788100
2015-07-29,46.42349282987768,46.77798507154197,46.394554349775454,46.62605667114258,15938900
2015-07-30,46.45242931694455,46.5971217112477,46.24262948479286,46.58988571166992,17496700
2015-07-31,47.00948426098848,47.038417219712386,46.72733547865205,46.86479187011719,20646900
2015-08-03,46.91543903222735,46.93714151386588,46.59712676911034,46.74181365966797,25131600
2015-08-04,46.84309587915965,46.922675325298094,46.66947050551718,46.77798843383789,13359000
2015-08-05,47.03841896402927,47.161408880693266,46.96607552563611,47.02395248413086,13602700
2015-08-06,46.93714094692105,46.99501791022544,46.691172132053865,46.82862854003906,12451300
2015-08-07,46.582654768383925,46.77075214166971,46.52477780438044,46.74181365966797,14351200
2015-08-10,46.86479345629727,47.33503408350655,46.85755745664621,47.313331604003906,13702900
2015-08-11,46.662229149096255,46.72010610681751,46.3945523592233,46.58988571166992,15705800
2015-08-12,45.95325718958303,46.257102966308594,45.68558313488781,46.257102966308594,27756600
2015-08-13,46.17752371288112,46.31497459311479,46.04730331303559,46.22816467285156,12709600
2015-08-14,46.06900048399211,46.32220525466437,46.025592769137575,46.30050277709961,16930100
2015-08-17,45.90983942672977,46.220921135662465,45.83025999983189,46.213687896728516,8885600
2015-08-18,45.917076958041314,46.01112286594623,45.779620576184165,45.86643600463867,10943800
2015-08-19,45.504715241683776,45.67110734695067,45.2008667487909,45.461307525634766,16573300
2015-08-20,44.940434941353686,45.01278114920787,44.347209835577594,44.36167907714844,32339100
2015-08-21,44.23145458665054,44.347205748824706,43.23309908806997,43.34885025024414,47017700
2015-08-24,41.489595632812645,42.770094416010444,40.88190134179886,41.851318359375,62952900
2015-08-25,43.6816436791828,43.688876920502395,42.176875589932834,42.24922180175781,50627000
2015-08-26,43.17523040183644,43.26927909553045,42.23475174407355,43.24757385253906,49202900
2015-08-27,43.457373129031204,43.91314458945841,43.385029679317675,43.77568817138672,39984000
2015-08-28,43.48630117823077,43.797382904860875,43.457362701398885,43.710567474365234,24230800
2015-08-31,43.43566980487521,43.602061943774494,43.23310318209402,43.38502883911133,35806800
2015-09-01,42.140692763777174,42.37219506118644,41.79343931766327,41.93089294433594,42250400
2015-09-02,42.63263806060353,42.63987130039534,42.104523244594716,42.55305862426758,23372700
2015-09-03,42.69775037144264,42.97989365261968,42.55306073091649,42.65434265136719,23500600
2015-09-04,41.750032032422126,41.91642413791763,41.48235801573154,41.67768859863281,25772900
2015-09-08,42.71944917121281,42.92201575438786,42.581995542403945,42.90031051635742,21504500
2015-09-09,43.57311821929971,43.58758745916688,42.68328066540823,42.726688385009766,29179700
2015-09-10,42.76285946953269,43.182456380546036,42.68328003130811,43.00883102416992,20800900
2015-09-11,42.69774879333507,43.00159454345703,42.61816935600068,43.00159454345703,12954100
2015-09-14,42.63263674752179,42.70498018211256,42.480713879046114,42.67604446411133,12187400
2015-09-15,42.596471411436696,43.00159912139576,42.53136120666105,42.96542739868164,18168800
2015-09-16,43.334383698293,43.638229463602265,43.26927349719453,43.62376022338867,28218500
2015-09-17,43.36331980374969,44.14464222386385,43.348850563407716,43.64546585083008,24074700
2015-09-18,42.82073265216789,43.0305324825581,42.531356145166946,42.55305862426758,36952900
2015-09-21,42.68327585873512,42.762855289180294,42.3504916584417,42.53135299682617,17896300
2015-09-22,41.532997222712844,41.64874836773747,41.22191550301072,41.51852798461914,29234800
2015-09-23,41.576415446280286,41.61258717079519,41.164051715413905,41.32320785522461,17145200
2015-09-24,40.97594855079728,41.301499544948534,40.72997699518581,41.20745086669922,22895100
2015-09-25,41.82961652894316,41.91642921194413,41.395550354212915,41.569175720214844,21771400
2015-09-28,41.25086635613213,41.27980484100225,40.6865796997938,40.75168991088867,18785000
2015-09-29,40.606985402036095,40.773377489624544,40.426124077301935,40.69379806518555,20216400
2015-09-30,41.344911098463655,41.5040672305783,41.048298556223195,41.4678955078125,37769800
2015-10-01,41.72109076544116,41.80067019312359,41.22915048106098,41.598106384277344,20445200
2015-10-02,41.417256896705915,42.31433057477414,41.323208204391946,42.30709457397461,20793800
2015-10-05,42.84244024771812,43.16798849103666,42.84244024771812,43.14628601074219,27746500
2015-10-06,43.14628896766606,43.37055806507167,43.095648003691494,43.196929931640625,18133100
2015-10-07,43.67440319312351,43.855264564524234,43.37779065441535,43.7395133972168,20499100
2015-10-08,43.450135272225076,44.08676528930664,43.450135272225076,44.08676528930664,16875500
2015-10-09,44.16633987426758,44.267621785859305,44.02165024639721,44.16633987426758,16867900
2015-10-12,44.079524993896484,44.14463518519113,43.985476326532016,44.079524993896484,9238000
2015-10-13,43.49353771726173,43.862496425547064,43.479068477748065,43.52247619628906,19519200
2015-10-14,43.638225739920735,43.77567937063275,43.47906687087775,43.60928726196289,20762200
2015-10-15,43.95654538161533,44.376145077343764,43.91314041979891,44.35444259643555,21855600
2015-10-16,44.28932828894785,44.36167172508691,44.13740265749553,44.31826400756836,23372400
2015-10-19,44.13016815723127,44.17357587350991,43.99271452860322,44.16633987426758,11784700
2015-10-20,43.9710082091061,44.10122859501407,43.92760325362014,43.985477447509766,12930000
2015-10-21,44.25315596784718,44.27486120752686,43.93484096970686,43.96377944946289,12731700
2015-10-22,44.209751249021,44.63658416871134,44.19528200906408,44.45572280883789,28347500
2015-10-23,44.84638891118629,44.9910758071222,44.70893249643127,44.897029876708984,16648500
2015-10-26,44.83191470180473,44.8463839417401,44.694458302281305,44.73063278198242,14032900
2015-10-27,44.397847652159825,44.47742709529219,44.27486324711923,44.33997344970703,14566400
2015-10-28,44.520837398790995,44.87532415365118,44.21698884918522,44.62935256958008,17326300
2015-10-29,44.101232081596166,44.33997039454344,44.101232081596166,44.30379867553711,12843000
2015-10-30,44.318266288945026,44.50636364814959,44.18804864913653,44.20975112915039,19115300
2015-11-02,44.44849119187266,44.62935256958008,44.397850226892636,44.62935256958008,14749700
2015-11-03,44.33996853277164,44.72339370564478,44.28209157701147,44.61487579345703,14282900
2015-11-04,44.65105887223128,44.67276135495953,44.23869514204048,44.36891555786133,21019300
2015-11-05,44.455721644366655,44.51359584295302,44.1808116118369,44.289329528808594,21648100
2015-11-06,44.014421847278186,44.13017301035896,43.7973887614674,44.08676528930664,17523200
2015-11-09,43.81185806917618,43.86249903061904,43.45736857935075,43.63099670410156,23887600
2015-11-10,43.428422686134454,43.61652001915337,43.35607925634253,43.60205078125,14471900
2015-11-11,43.98548057720531,44.0144190560717,43.75397826572465,43.826324462890625,14220000
2015-11-12,43.45012946821549,43.616521570434834,43.254798889160156,43.254798889160156,31911300
2015-11-13,43.045004548169096,43.11011474947131,42.82073546374472,42.89308166503906,26248400
2015-11-16,42.92925276774749,43.442898370777826,42.91478352769695,43.435665130615234,16939200
2015-11-17,43.62376174831479,43.782920636502524,43.47183886034949,43.55141830444336,22458600
2015-11-18,43.68887708801201,44.0071949018108,43.60206439321498,43.949317932128906,15481000
2015-11-19,44.20975952587388,44.347213191610344,44.144649313740636,44.173587799072266,19981100
2015-11-20,44.303793559486294,44.38337022822088,44.04335279715508,44.072288513183594,18499800
2015-11-23,43.95654994154116,44.05783463564585,43.710578346738394,43.797393798828125,19432800
2015-11-24,43.47906785040215,43.86972903245863,43.45013213151758,43.80461883544922,21727000
2015-11-25,43.86972733085495,43.999947719822835,43.75397618063074,43.90589904785156,13351700
2015-11-27,43.956544304014066,43.98548278433255,43.876967622726305,43.91313934326172,6400400
2015-11-30,43.97824648343236,43.99994896229814,43.83355685163505,43.8769645690918,23366700
2015-12-01,44.23145552548554,44.36891193079616,44.115704360854494,44.33997344970703,34990700
2015-12-02,44.13741362436471,44.25316480678313,43.81186532112443,43.8697395324707,21426000
2015-12-03,44.09399239727875,44.115694873565644,43.47906222514303,43.6599235534668,26897100
2015-12-04,43.50800720865503,44.06506051439244,43.486304729121514,44.01441955566406,23382100
2015-12-07,43.811860177219096,43.83356265896015,43.57312183916532,43.73228073120117,29861700
2015-12-08,42.98712474870384,43.17522209992372,42.85690711442305,43.088409423828125,26323000
2015-12-09,43.09564550921244,43.4211965157235,42.67604858060682,42.89308166503906,26646700
2015-12-10,43.08840786075388,43.139048816616366,42.842436320968204,42.90031051635742,20267800
2015-12-11,42.32155921771751,42.386669419210705,42.024946690854144,42.082820892333984,29945000
2015-12-14,42.26368130534371,42.321558265246395,41.706630744769704,42.14793014526367,32246600
2015-12-15,42.40837182658297,42.55306146962087,42.263682183545065,42.357730865478516,37876700
2015-12-16,42.84243552600481,43.29097088091762,42.647104945706076,43.21139144897461,45167400
2015-12-17,43.160763218474735,43.16799645999972,42.65435076022375,42.66158676147461,40456800
2015-12-18,42.45901478973561,42.51689175356998,42.205809972274096,42.213043212890625,41659100
2015-12-21,42.69324776271389,42.73703671136374,42.211580463416134,42.408626556396484,28869600
2015-12-22,42.53999738444927,42.788129231672286,42.394036983030475,42.72974395751953,29319500
2015-12-23,43.131128617395724,43.46683834194268,43.109235533781096,43.444942474365234,29782200
2015-12-24,43.262492515411985,43.4887312530628,43.262492515411985,43.37196350097656,10950500
2015-12-28,43.27709123103741,43.29898709974158,43.131130836849096,43.26979446411133,28946900
2015-12-29,43.590903615378316,43.80984280720178,43.5763072980617,43.700374603271484,30796100
2015-12-30,43.532511979735894,43.59819400187315,43.4084447006045,43.43763732910156,18855500
2015-12-31,43.15302307210099,43.20410878817108,42.85380554199219,42.85380554199219,31818900
2016-01-04,42.196990966796875,42.21888405267869,41.708026822349005,42.196990966796875,34260200
2016-01-05,42.11671319049941,42.18239523301854,41.8393914856081,42.131309509277344,23891500
2016-01-06,41.255546118457524,41.54016734883519,41.19716363261839,41.43799591064453,22412600
2016-01-07,40.66440589756227,41.01470912420487,40.52574228970863,40.57682800292969,37579400
2016-01-08,40.81767077468492,40.86145973030191,40.02218951006974,40.08787155151367,31301100
2016-01-11,40.54764666940906,40.56224298824604,39.898123008997494,40.2557258605957,33017900
2016-01-12,40.59872118669504,40.657103661964214,40.10245761907626,40.44546127319336,29930200
2016-01-13,40.72280552213974,40.79578713172754,39.70838481256111,39.81785583496094,33481800
2016-01-14,39.971104764902506,40.50385787677368,39.67188718744162,40.328704833984375,35140200
2016-01-15,39.015062868477344,39.29968409867525,38.69395223665766,38.869102478027344,60554300
2016-01-19,39.54781810802267,39.569713977373446,38.94938297974498,39.226707458496094,35709800
2016-01-20,38.43122415886003,38.577184549569125,37.599253550969955,38.33634948730469,47944200
2016-01-21,38.18309328061974,38.84721043011819,37.8984720428294,38.6209716796875,48974700
2016-01-22,39.55510997201579,39.803241766052814,39.46753486352111,39.75945281982422,44855900
2016-01-25,39.45294621536714,39.6135001481489,39.197514822003754,39.226707458496094,36799400
2016-01-26,39.44563607721511,39.949199177683,39.39455036904624,39.927303314208984,26789300
2016-01-27,39.847036699636064,40.25572526917788,39.51862927449979,39.6718864440918,32829200
2016-01-28,40.036793853760514,40.0878795869053,39.44565536227468,39.78866195678711,31267000
2016-01-29,39.95650474991008,40.518450447591675,39.92001534802695,40.4892578125,37109700
2016-02-01,40.15354332892269,40.5622317916565,40.0148825141913,40.44546127319336,31082700
2016-02-02,39.86892789116788,39.86892789116788,39.36536470165127,39.5040283203125,29809100
2016-02-03,39.71567268811232,39.839740004647645,38.98587345943877,39.83244323730469,36337300
2016-02-04,39.576997392462765,40.02217520491106,39.504018609815745,39.883514404296875,28236200
2016-02-05,39.708378636673594,39.75946436345777,39.102646683105576,39.27050018310547,31548100
2016-02-08,38.6355594299518,38.65015574454567,38.18308481339117,38.540687561035156,37822400
2016-02-09,37.70870943415966,38.26335818082209,37.679519592726365,38.09550476074219,34142700
2016-02-10,38.22687648388232,38.51879444469512,37.98604145184829,38.05172348022461,32088400
2016-02-11,37.533571157931846,37.6941278645835,37.17596834328849,37.4970817565918,41750200
2016-02-12,37.606554522791484,38.16120351271291,37.44600058062535,38.15390396118164,38730500
2016-02-16,38.82532259440742,38.94938713679664,38.511508678529175,38.927494049072266,31605800
2016-02-17,39.25589614094329,39.64998834200582,39.234000273797975,39.598899841308594,25594700
2016-02-18,39.76675322926732,39.76675322926732,39.365361506733386,39.394554138183594,32694100
2016-02-19,39.0953442426183,39.38726504606978,38.971279710727444,39.350772857666016,26685400
2016-02-22,39.642683270311764,39.832432578008664,39.62808695556874,39.79594039916992,19217000
2016-02-23,39.540519375711995,39.569712010753456,39.080745117679186,39.146427154541016,19709000
2016-02-24,38.4969067408947,39.06614921036586,38.30716017905863,39.00776672363281,26718800
2016-02-25,39.22671021185781,39.48213883918693,39.044260396918936,39.4748420715332,25167000
2016-02-26,39.67917202867831,39.701067892422785,39.29967620333452,39.372657775878906,19604500
2016-02-29,39.29238296412748,39.5040253675553,39.11722995826521,39.13912582397461,30315200
2016-03-01,39.708368240753245,40.19003552715974,39.61349357986577,40.16084289550781,24585800
2016-03-02,40.13895762863381,40.46736783875163,40.05138250059011,40.438175201416016,22549400
2016-03-03,40.54765029307836,40.854164664158176,40.51115810074308,40.832271575927734,21109600
2016-03-04,41.116884853354755,41.35042036222166,41.02201018288918,41.1314811706543,22752200
2016-03-07,40.7081956200495,41.21905558088728,40.6790057699158,41.08039474487305,24047500
2016-03-08,40.905236781496065,40.905236781496065,40.62791235901512,40.67900085449219,16893200
2016-03-09,40.86146421621059,40.94903935309576,40.73010011890113,40.832271575927734,15467400
2016-03-10,41.160670861328825,41.4233962020411,40.445465284619175,40.766578674316406,28133500
2016-03-11,41.50367450030702,41.85397773813781,41.46718510169264,41.83208465576172,24374600
2016-03-14,41.7737109186163,41.85398649878571,41.64964359660314,41.7445182800293,15953300
2016-03-15,41.31392869155727,41.357714857087835,41.19716094353794,41.35041809082031,19646300
2016-03-16,41.036603381410266,41.75180617095516,41.036603381410266,41.71531677246094,25413000
2016-03-17,41.73721281566687,42.11670871164668,41.59855197796694,42.03643035888672,17906600
2016-03-18,41.97074433673912,42.10210839532994,41.905062307443714,41.96344757080078,30733400
2016-03-21,41.86128052654139,41.992644598885335,41.76640585563458,41.897769927978516,17625800
2016-03-22,41.56205902023836,41.89046916980613,41.52556962227808,41.82478713989258,15926700
2016-03-23,41.715326054001906,41.72992237343976,41.34312965220792,41.401512145996094,18291400
2016-03-24,40.88334378261879,41.124176025390625,40.832258071001654,41.124176025390625,18326500
2016-03-28,41.408802821181446,41.43799266983667,41.27013920822776,41.372310638427734,18491100
2016-03-29,41.17526560962524,41.83938549103476,41.073094176781545,41.81748962402344,22376800
2016-03-30,42.17509846561114,42.37214459316854,42.06562746675821,42.131309509277344,18999500
2016-03-31,41.93425594738894,42.02913061064405,41.69342369015693,41.71531677246094,37335100
2016-04-01,40.86145585706213,41.321227319625045,40.81766690559588,41.2701416015625,30396100
2016-04-04,41.37961754036828,41.430703264544526,41.131485686956566,41.18257141113281,16977200
2016-04-05,40.4454687327361,40.503854002735935,40.31410744316229,40.37248992919922,20199600
2016-04-06,40.511145050169574,41.05849435131054,40.44546302267416,41.02930450439453,20465500
2016-04-07,40.69359922532835,40.81036697752872,40.33599920219843,40.43087387084961,19855600
2016-04-08,41.24096099968802,41.35043201831143,41.10230012220019,41.204471588134766,18462800
2016-04-11,41.47447682354684,41.64962701742156,41.21904551353317,41.22634506225586,15640400
2016-04-12,41.554761983513494,41.91966155311079,41.31392971523993,41.839385986328125,25164700
2016-04-13,42.43052411799958,42.5910808293692,42.33564944455727,42.50350570678711,25583900
2016-04-14,42.72243684884711,42.802715189393446,42.56917971723817,42.64215850830078,26844400
2016-04-15,42.612969017684954,42.69324736414558,42.53999022124583,42.54728698730469,17558000
2016-04-18,42.488907424101676,42.95597843489004,42.45241523941404,42.91218948364258,20200400
2016-04-19,43.56171482909861,43.744164635730066,43.49603278735277,43.65658950805664,24251400
2016-04-20,43.634694599379905,43.904719522405045,43.569012560377786,43.693077087402344,14402600
2016-04-21,43.62739355287867,43.663885738600136,43.35736863910982,43.43034744262695,19135100
2016-04-22,43.38656176743422,43.52522260927858,43.26979401010136,43.45224380493164,17262700
2016-04-25,43.23330307006836,43.269792470943855,43.07274636546076,43.23330307006836,13518400
2016-04-26,43.401154849288574,43.46683688188902,43.24789491724572,43.386558532714844,15657800
2016-04-27,43.25519950852611,43.503331351271726,43.189517468271,43.41575622558594,13054700
2016-04-28,42.89759810306065,43.247901401463565,42.729744613240285,42.82461929321289,25204500
2016-04-29,42.85380089992976,42.91948292547109,42.488901376691835,42.64215850830078,27642900
2016-05-02,42.98516229683441,43.10922679077281,42.85379825386302,43.04354476928711,25207300
2016-05-03,42.62026775047588,42.627564516394834,42.27726128907124,42.33564376831055,25287100
2016-05-04,41.97804374564961,42.043725774724415,41.72261239526422,41.8466796875,20213100
2016-05-05,41.81749198314774,41.92696297249191,41.62774542344248,41.75910949707031,21552600
2016-05-06,41.57665225553301,41.897762831338014,41.54016007631406,41.87586975097656,21498200
2016-05-09,41.97805273719836,42.058331099258744,41.76641028885064,41.78830337524414,17842700
2016-05-10,42.10211001491829,42.38673400878906,42.065620615897735,42.38673400878906,21333600
2016-05-11,42.109414266064185,42.277267747467526,42.0218391418457,42.0218391418457,20180500
2016-05-12,42.379436638908544,42.394032956060244,41.82479050695817,42.007240295410156,17642000
2016-05-13,41.67882777189711,41.861277550072835,41.45988859487878,41.576656341552734,19052400
2016-05-16,41.71531894753022,42.094814836375214,41.693425864084695,42.07292175292969,24500500
2016-05-17,41.99993869333649,42.13860230752309,41.72261424892599,41.76640319824219,25116900
2016-05-18,41.8101908619603,42.21887657382753,41.627741088030255,41.78099822998047,34940400
2016-05-19,41.53286672020456,41.60584551670835,41.357713711047765,41.481781005859375,26976000
2016-05-20,41.83208390589959,41.93425533377343,41.73720924403276,41.82478713989258,23377800
2016-05-23,41.671530391894656,41.80289446173929,41.60584835697234,41.686126708984375,18828700
2016-05-24,41.97074528529967,42.37213702004471,41.96344851919642,42.2918586730957,28901600
2016-05-25,42.60567359379264,42.82461277396968,42.58377772700103,42.737037658691406,35575000
2016-05-26,42.89759170778784,42.94867742385792,42.75163410985201,42.85380554199219,21115400
2016-05-27,42.780820186784666,42.87569484424739,42.707841394251794,42.81001281738281,16066600
2016-05-31,42.98517448072591,43.05085652082879,42.50350711462581,42.60567855834961,25438500
2016-06-01,42.40133090436542,42.60567656622141,42.35024518489215,42.56918716430664,19567300
2016-06-02,42.328352100535874,42.58378069790221,42.2772663810626,42.56918716430664,32992100
2016-06-03,42.72243970154272,42.861100527405426,42.49620097980215,42.84650421142578,27770200
2016-06-06,42.985173681466975,43.18951656511506,42.948681494561534,43.087345123291016,22191900
2016-06-07,43.41574988059475,43.51792130962352,43.36466138211773,43.401153564453125,15311700
2016-06-08,43.53251269835126,43.598194721572774,43.45223436064027,43.48872375488281,14673400
2016-06-09,42.95596694946289,43.065435122368086,42.824602914807,42.95596694946289,18489100
2016-06-10,42.051022937026765,42.11670496672072,41.59125151313174,41.7080192565918,29812900
2016-06-13,41.16796550556651,41.49637564448304,40.98551573771983,41.1022834777832,25323100
2016-06-14,40.6716999767721,40.76657463104221,40.22652211899976,40.44546127319336,69490000
2016-06-15,40.79577823899518,40.941735858427215,40.6279219655147,40.71549987792969,34010400
2016-06-16,40.138949205439694,40.83225888487162,39.839731695448556,40.80306625366211,27677700
2016-06-17,40.94174337060949,41.30664305406933,40.74469999142918,41.204471588134766,51689600
2016-06-20,42.47430518878167,42.52539089947085,42.21157708583022,42.226173400878906,38890400
2016-06-21,42.57648393110443,42.89759456550253,42.39403413756764,42.56918716430664,37705500
2016-06-22,42.74421070413301,42.95275447389169,42.543113708496094,42.543113708496094,45176500
2016-06-23,43.451780298966746,43.79438878549321,43.14641137120251,43.71990966796875,33064500
2016-06-24,40.137403005522515,41.031166501060554,39.943755621400584,39.96609878540039,85314600
2016-06-27,39.4074993222655,39.42984248760702,38.6775932287506,39.19895553588867,58864400
2016-06-28,40.11504986025487,40.24911449328794,39.750095505621495,40.226768493652344,45213500
2016-06-29,40.822618973963436,41.10564182925921,40.75558664693116,40.96413040161133,33914900
2016-06-30,41.04606202429757,41.57487106323242,40.93434052426535,41.57487106323242,48143600
2016-07-01,41.58976745264977,41.708935726792774,41.5152883467588,41.57487106323242,22693400
2016-07-05,41.06840418177794,41.11309334893524,40.65131665309265,40.770484924316406,33647400
2016-07-06,40.30125481698807,40.71834230638389,40.048021909342566,40.69599914550781,28451400
2016-07-07,40.77048200574173,40.9194402032114,40.40552760307183,40.532142639160156,24824900
2016-07-08,40.99392177917198,41.217361914588146,40.89709667871997,41.15032958984375,26189500
2016-07-11,41.701491831138085,41.92493200542977,41.671699050246936,41.75362777709961,25474900
2016-07-12,42.3494682257702,42.520772450204305,42.26753950078087,42.31967544555664,29839000
2016-07-13,42.42394349879421,42.528215378916656,42.23774290109108,42.27498245239258,27351600
2016-07-14,42.66973113304606,42.77400301678887,42.58035279738444,42.63993835449219,28145500
2016-07-15,42.52821826782078,42.55056427307614,42.334570883181314,42.423946380615234,29705400
2016-07-18,42.42395304149135,42.654842857409214,42.3420243054819,42.52822494506836,17614300
2016-07-19,42.193058013916016,42.26009034502138,42.081336515008495,42.193058013916016,19896900
2016-07-20,42.46118499392599,42.62504243658858,42.37925911379047,42.572906494140625,20885200
2016-07-21,42.438835616889975,42.595243421334175,42.32711697422785,42.40159606933594,19635000
2016-07-22,42.49097872619433,42.5133247314561,42.36436367489289,42.4835319519043,16069300
2016-07-25,42.51332138640093,42.52821493380914,42.31222440204279,42.431392669677734,13277400
2016-07-26,42.59525299293686,42.736767283115476,42.43139837864013,42.61014938354492,15025700
2016-07-27,42.81123731908849,42.88571925633884,42.453732543873,42.76654815673828,17126900
2016-07-28,42.73676299678003,42.79634571204037,42.51332284246125,42.721866607666016,14445300
2016-07-29,43.07937527097781,43.31026506107621,42.98255015368546,43.228336334228516,21590400
2016-08-01,43.09426591398941,43.18364140354154,42.89316893160043,42.94530487060547,21623700
2016-08-02,42.848484992428695,42.87827777297841,42.56546210079423,42.72931671142578,20476100
2016-08-03,42.37181281180116,42.59525298850691,42.34202003058813,42.58035659790039,19684400
2016-08-04,42.714416047439244,42.84848070530342,42.63249017091837,42.82613754272461,16761800
2016-08-05,42.826135656741165,43.034679408147944,42.81868888327472,43.01978302001953,15143500
2016-08-08,43.09427261557317,43.138958946700605,43.04213666846047,43.109169006347656,10326800
2016-08-09,43.3028135404697,43.58583926407683,43.280470376383505,43.45177459716797,27514400
2016-08-10,43.73480320112892,43.76459314147385,43.585842134620144,43.600738525390625,17539500
2016-08-11,43.80927944320144,44.02527283342649,43.772039889313355,43.913551330566406,19675800
2016-08-12,43.93589877779898,43.98803472319253,43.74969816105177,43.80183410644531,11331600
2016-08-15,43.94334793437118,44.07741261299207,43.935901159423835,43.973140716552734,9048700
2016-08-16,43.89120483814185,44.02526949492931,43.8316192834827,43.90610122680664,14286200
2016-08-17,43.786929148901635,44.01036927704127,43.60072856858604,43.89120101928711,12103600
2016-08-18,43.86141397565565,44.114646911621094,43.794381644335516,44.114646911621094,17723900
2016-08-19,43.66031220948765,43.80927324516114,43.533697175942216,43.786930084228516,12142800
2016-08-22,43.652883477755644,43.86142730917136,43.57095473221472,43.831634521484375,10095600
2016-08-23,44.12208934446191,44.20401521056511,44.00292109053555,44.01781463623047,12534100
2016-08-24,44.04016922322089,44.09230516690337,43.86141538688392,43.913551330566406,12206600
2016-08-25,43.76458836849251,43.86141347734284,43.697556037933936,43.734798431396484,10953500
2016-08-26,43.80183216839318,44.189129775034566,43.28046989632995,43.474117279052734,19518100
2016-08-29,43.37729786307246,43.630530820957965,43.3624014724679,43.608184814453125,10482100
2016-08-30,43.6454215139631,43.712453846698644,43.466670520798864,43.54859924316406,10046300
2016-08-31,43.49645946291982,43.59328172517747,43.30280925601341,43.4592170715332,20437200
2016-09-01,43.660316005495794,43.779484276156474,43.50390818297784,43.75714111328125,18389800
2016-09-02,44.16678572360165,44.315746785236584,44.02527427770622,44.26361083984375,19151600
2016-09-06,44.36043027094168,44.58387041416047,44.34553388256768,44.561527252197266,14730600
2016-09-07,44.68070268283629,44.76262857023726,44.501948834879556,44.58387756347656,17917500
2016-09-08,44.54663083262278,44.67324587191971,44.40511656376672,44.457252502441406,15572700
2016-09-09,44.129543256960304,44.129543256960304,43.57838821763332,43.593284606933594,23547000
2016-09-12,43.27301654772444,43.97313259368255,43.23577699747457,43.95078659057617,26966800
2016-09-13,43.3847451264966,43.46667385514659,42.878279205020355,43.06447982788086,24865900
2016-09-14,43.00489044189453,43.24322697492735,42.922961725940326,43.00489044189453,16841500
2016-09-15,43.04213477307701,43.459222331611905,42.92296649332477,43.377296447753906,20280700
2016-09-16,42.90806292352511,42.93040608436632,42.69951917915268,42.818687438964844,47897900
2016-09-19,43.24322649684894,43.30280920885063,43.00488996645106,43.04212951660156,24184400
2016-09-20,43.45177554358535,43.48901509827207,43.250678538841996,43.30281448364258,23968200
2016-09-21,43.719895439670026,44.10719297538593,43.563487639052624,44.062503814697266,28804000
2016-09-22,44.71049261282152,44.80731773215884,44.45725965230575,44.509395599365234,27047600
2016-09-23,44.15188216667373,44.27850004292964,44.12209223213893,44.136985778808594,19380000
2016-09-26,43.75714110559558,43.8167266615133,43.66031599782713,43.72734832763672,23824900
2016-09-27,43.54860021175076,43.94334460153099,43.503911041867845,43.93589782714844,19862100
2016-09-28,43.9358987746824,44.263610837303716,43.79438448759916,44.248714447021484,21673400
2016-09-29,44.24870670653956,44.24870670653956,43.548593532921906,43.69755172729492,16703800
2016-09-30,43.80182841633032,44.15933321309949,43.74224286293768,44.040164947509766,29074600
2016-10-03,43.9210090637207,44.01038457781001,43.824183932759404,43.9210090637207,17903600
2016-10-04,44.122097946492175,44.20402382856762,43.74224710972455,43.913551330566406,28707500
2016-10-05,44.077404026850054,44.15933274129181,43.973132150722556,44.09230041503906,14774300
2016-10-06,43.868865964095576,43.90610551880005,43.742248068665305,43.85396957397461,11592200
2016-10-07,43.66777468532003,43.705014244907645,43.287923790416066,43.63053512573242,16684900
2016-10-10,43.630526068727384,43.86886261004875,43.630526068727384,43.75714111328125,7860700
2016-10-11,43.55603683128041,43.578379990414746,43.012331509848266,43.138946533203125,18434600
2016-10-12,43.079369066752065,43.15384816705307,42.922961251402626,43.04212951660156,13537300
2016-10-13,42.56546115968327,42.975101938998996,42.44629288131513,42.87827682495117,13090900
2016-10-14,43.168756029718054,43.25068476654336,42.937869052697266,42.952762603759766,19288400
2016-10-17,42.85593032029346,42.94530581180437,42.759105213792516,42.82613754272461,12641000
2016-10-18,43.340050694006685,43.3772930870155,43.183642871674095,43.250675201416016,13028000
2016-10-19,43.31772183009861,43.47412970406058,43.2879290423354,43.36985778808594,12500100
2016-10-20,43.310259349360585,43.51880310569144,43.26557018392015,43.43687438964844,9959000
2016-10-21,43.138952758836204,43.35494613229009,43.09426643411859,43.340049743652344,12584900
2016-10-24,43.46667193913277,43.47411871359269,43.23578215413282,43.33260726928711,12723000
2016-10-25,43.23578214872813,43.3400540383293,43.131510259126955,43.30281448364258,12430400
2016-10-26,43.07937622479868,43.25068045691125,43.02724027768598,43.109169006347656,12169500
2016-10-27,43.205984110041484,43.22833011309057,43.0123367445212,43.05702590942383,9309300
2016-10-28,42.98254396340432,43.13895177875376,42.93785763970194,43.04212951660156,15377800
2016-10-31,43.0123438807756,43.12406539097031,42.885728821004555,43.06447982788086,19266200
2016-11-01,43.168749325898766,43.18364571584427,42.736765382262725,42.87827682495117,19495200
2016-11-02,42.84847876117636,42.90806431361054,42.528213519831446,42.587799072265625,17538900
2016-11-03,42.73676393001124,42.76655386769408,42.48353099193466,42.543113708496094,12959100
2016-11-04,42.26009033075913,42.38670537769556,42.11857605336459,42.13347244262695,17423800
2016-11-07,42.662280563201435,42.736762507919515,42.56545829686145,42.71441650390625,21383600
2016-11-08,42.58780431542281,42.96020554039768,42.55056476116449,42.833587646484375,17403900
2016-11-09,42.505876081082164,43.04213476040735,42.46118691073977,42.87083053588867,27175100
2016-11-10,42.84848930744815,42.95276120867682,42.4016089189835,42.75166702270508,37382800
2016-11-11,42.56546018899577,42.602699742412355,42.26009130506649,42.4909782409668,18430100
2016-11-14,42.17816496210926,42.26754046358991,42.066443454361476,42.260093688964844,20650900
2016-11-15,42.14836697278523,42.46863222481014,42.10367780696933,42.4462890625,15311700
2016-11-16,42.02920531851965,42.170716770743695,41.96217297984593,41.999412536621094,22261200
2016-11-17,42.207953940353754,42.37181139033242,42.170714385684754,42.31967544555664,18459300
2016-11-18,41.9398236149742,41.99195955499253,41.783412953723584,41.85789489746094,17047300
2016-11-21,42.02175427592738,42.23774767556545,42.01430750130357,42.21540451049805,18504500
2016-11-22,42.3122286711012,42.34201861011886,42.1409244466671,42.31967544555664,17866500
2016-11-23,41.89513163232327,42.17070770263672,41.8504424690851,42.17070770263672,13840300
2016-11-25,42.319672111776725,42.32712172684121,42.237743393241416,42.29732894897461,7842800
2016-11-28,42.17815109959953,42.22283741505502,42.051533243020586,42.07387924194336,13608000
2016-11-29,42.103677777616724,42.43883941801328,42.058991453027595,42.34201431274414,14719800
2016-11-30,42.43884038204744,42.446289997111926,42.2302966193726,42.29732894897461,23874700
2016-12-01,42.25264071553008,42.27498387882574,42.07388972677326,42.13347244262695,22693500
2016-12-02,42.058992392943146,42.33456848511849,42.00685645229364,42.23774337768555,16077700
2016-12-05,42.45373395713991,42.736759645722245,42.44628718376467,42.65483093261719,19686200
2016-12-06,42.69952156403821,43.00489042443728,42.67717556075349,42.94530487060547,19217500
2016-12-07,43.1091652197414,43.660317424005434,43.094268830275375,43.585838317871094,25749300
2016-12-08,43.585838796640296,43.62307835011653,43.39963818806333,43.54859924316406,23427000
2016-12-09,43.54859782886662,43.734798431396484,43.51880505057487,43.734798431396484,20886500
2016-12-12,43.57094573563691,43.71245718613576,43.48901700701273,43.54115295410156,16612700
2016-12-13,43.928439638968875,44.129536602404286,43.9060964789856,44.01036834716797,22116800
2016-12-14,43.91355228330292,44.0103773984693,43.29536772000044,43.36240005493164,26473700
2016-12-15,43.198535455703315,43.340046876607154,43.16874268039868,43.265567779541016,25317900
2016-12-16,43.23577501456206,43.41452882523709,43.213431853675964,43.29536056518555,24359100
2016-12-19,43.31771183570056,43.42943334343758,43.228336334228516,43.228336334228516,17705200
2016-12-20,43.28047133258149,43.41453600245225,43.25067855234446,43.377296447753906,17813500
2016-12-21,43.38180804912589,43.41943263277468,43.32913305790323,43.38933181762695,17793900
2016-12-22,43.359233123056036,43.411908116854875,43.27645731263733,43.291507720947266,16310200
2016-12-23,43.32912782543216,43.40437698364258,43.29902701391944,43.40437698364258,14821600
2016-12-27,43.36676549819113,43.43449090925728,43.34418844745425,43.351715087890625,13327700
2016-12-28,43.314080434412546,43.32913084121644,43.125954655221236,43.186153411865234,19569400
2016-12-29,43.2689335437683,43.38933393967591,43.253883135458366,43.291507720947266,16406100
2016-12-30,43.62260334036387,43.630127107918256,43.344175141138145,43.44200134277344,25266000
2017-01-03,43.607555907417655,43.7279562904952,43.53230387388696,43.71290588378906,27938300
2017-01-04,43.94619302198222,44.23214220366381,43.90856556124896,44.20956802368164,25670000
2017-01-05,44.322436660851885,44.630962837373254,44.322436660851885,44.585811614990234,22063100
2017-01-06,44.37512303314904,44.48047304182487,44.329971799185486,44.43532180786133,22073700
2017-01-09,44.26976088760556,44.390161274593964,44.20955925882553,44.367584228515625,13962400
2017-01-10,44.33748698461449,44.495514837602194,44.33748698461449,44.37511444091797,16296600
2017-01-11,44.28481418772968,44.62344121725923,44.23213919097753,44.60839080810547,31352400
2017-01-12,44.668581731781146,44.68363213732535,44.48045596833569,44.67610549926758,25127300
2017-01-13,44.71373633086565,44.84918712913429,44.64601380230307,44.8416633605957,20901900
2017-01-17,44.706206310355974,44.7287804833866,44.60085634211793,44.67610549926758,22524800
2017-01-18,44.540660616805134,44.638486830508235,44.41273645860022,44.548187255859375,14581400
2017-01-19,44.472946400878065,44.53314804616279,44.299870976543126,44.43532180786133,17619300
2017-01-20,44.593339701389105,44.7062163329906,44.533140936287765,44.691165924072266,24974100
2017-01-23,44.63096361849171,44.804039001464844,44.533137403568894,44.804039001464844,43093600
2017-01-24,44.7287900897058,44.93949294200549,44.71373968092925,44.91691589355469,18176000
2017-01-25,45.157711577727724,45.398515220304176,45.142664041227604,45.38346481323242,27237600
2017-01-26,45.29316517804154,45.33831640205525,45.14266683913947,45.20286560058594,20838800
2017-01-27,45.165241467425915,45.187815644372556,45.0448410727574,45.12761688232422,13061000
2017-01-30,44.73631360199086,44.83413981691368,44.5933361638948,44.804039001464844,19146200
2017-01-31,44.88681554468995,44.95454094527446,44.69116311163613,44.87176513671875,29996800
2017-02-01,45.15019056601838,45.172764742718414,44.93196395601206,45.052364349365234,26726400
2017-02-02,45.09751390364745,45.142665125947644,44.94701269988518,45.0749397277832,14796700
2017-02-03,45.1577165337101,45.285643572573974,45.097517769388,45.25554275512695,13963800
2017-02-06,44.78898269617484,44.93195724487305,44.75888188468952,44.93195724487305,16220200
2017-02-07,44.834135316272544,44.90938447676903,44.79650786545283,44.886810302734375,12123000
2017-02-08,44.84167005648962,45.0072216947768,44.788995057138635,44.96207046508789,16749200
2017-02-09,45.02226809387794,45.16524266929773,44.962066459655766,45.15019226074219,14299600
2017-02-10,45.097517769388,45.285643572573974,45.08246736066449,45.25554275512695,13212100
2017-02-13,45.44366573638201,45.503867367537694,45.360889928828826,45.43614196777344,12694400
2017-02-14,45.27811338724994,45.36841583251953,45.08998759879587,45.36841583251953,14256600
2017-02-15,45.17276842743779,45.54149627685547,45.15771801821951,45.54149627685547,15460100
2017-02-16,45.55654337836171,45.64684295654297,45.496341745859645,45.64684295654297,14416500
2017-02-17,45.39099647950002,45.541497705833095,45.35337189055978,45.52644729614258,14938000
2017-02-21,45.48128849513722,45.67694091796875,45.466238087952355,45.67694091796875,11550300
2017-02-22,45.44366391246089,45.70704173233847,45.44366391246089,45.67694091796875,17129400
2017-02-23,45.812401049084826,45.85002563942941,45.65437317672196,45.774776458740234,12410600
2017-02-24,45.27810913919374,45.47376154834974,45.25553496528014,45.443660736083984,16198700
2017-02-27,45.29316810444978,45.481293910804055,45.285644335247284,45.47377014160156,14039000
2017-02-28,45.39099359761269,45.541494814390404,45.32326819359132,45.406044006347656,20439100
2017-03-01,45.714560105412524,45.99298542904355,45.699509700003915,45.88011169433594,20198000
2017-03-02,45.68446680589936,45.737141798204505,45.57159305263338,45.57911682128906,16452800
2017-03-03,45.67694596640714,45.902696357987764,45.60922056187575,45.85002136230469,19149100
2017-03-06,45.69951605505517,45.71456646255671,45.57911566561451,45.7070426940918,10965800
2017-03-07,45.5038743148725,45.624274724994315,45.43614890476821,45.54902267456055,16308800
2017-03-08,45.518915606306585,45.56406395695022,45.33831359201716,45.38346481323242,11568200
2017-03-09,45.50386645195562,45.57911561881438,45.43614105355407,45.556541442871094,13369300
2017-03-10,45.87259365952464,45.992994054802715,45.78981784953874,45.9403190612793,18987900
2017-03-13,46.05319385246474,46.18864465057621,46.04566721336313,46.18111801147461,19718700
2017-03-14,45.84249352176889,45.88012097819,45.744670172675306,45.82744598388672,15953500
2017-03-15,45.92527445074375,46.48965191309006,45.91775068096424,46.48212814331055,22841100
2017-03-16,46.73044465940855,46.75302170599038,46.602520501255626,46.70787048339844,24380100
2017-03-17,46.79064537569016,46.91856953134467,46.70034580284158,46.828269958496094,20697400
2017-03-20,46.8433186620032,46.911044056819314,46.670243290933456,46.73044204711914,13484400
2017-03-21,47.09165274070631,47.129277327476245,46.4896478700994,46.51974868774414,23331500
2017-03-22,46.369243427181424,46.57241962271063,46.331618843691956,46.52727127075195,14492800
2017-03-23,46.452031143372785,46.73045657726844,46.452031143372785,46.632633209228516,25394800
2017-03-24,46.737977273740576,46.8583776788068,46.685302275934866,46.76055145263672,25264500
2017-03-27,46.72292213561315,46.94114874476345,46.6702471431385,46.88094711303711,30294500
2017-03-28,46.94867590836584,47.14432835505256,46.926101730122,47.1067008972168,23196000
2017-03-29,46.87342673383834,47.12927794603265,46.86590009404239,47.1067008972168,19090800
2017-03-30,46.97877906912046,49.18361386547552,46.89600325066919,46.94115447998047,16049800
2017-03-31,46.73798133313833,46.926107161804595,46.69283010085238,46.87343215942383,30871700
2017-04-03,46.79817938361888,46.83580684522949,46.47460273365921,46.80570602416992,32855200
2017-04-04,46.60252741258449,46.790653228759766,46.542325773533776,46.790653228759766,16793800
2017-04-05,46.75301926060425,46.87341964398024,46.5272689005957,46.54231643676758,22710400
2017-04-06,46.56490468893007,46.64015387018593,46.46707845683965,46.54985427856445,17795900
2017-04-07,46.46707369215183,46.60252450098118,46.45954992302663,46.51974868774414,15848900
2017-04-10,46.45201731161832,46.54231688237196,46.41439272968526,46.46706771850586,11321500
2017-04-11,46.65519429069444,46.70786928040917,46.36924229612045,46.68529510498047,18663100
2017-04-12,46.61756611918368,46.67776487254958,46.444490756221,46.647666931152344,25045600
2017-04-13,46.42944786913851,46.48964663225315,46.30152083284057,46.34667205810547,16760100
2017-04-17,46.542330741014425,46.67025780236483,46.534806970616145,46.632633209228516,15573500
2017-04-18,46.31657078901631,46.42192077636719,46.1660695768414,46.42192077636719,21171100
2017-04-19,46.474599792807325,46.50470061196216,46.18112398247799,46.23379898071289,13263100
2017-04-20,46.625086531685454,46.73043649542323,46.594985721882885,46.60251235961914,20485300
2017-04-21,46.60253238649049,46.67025780236483,46.534806970616145,46.632633209228516,18989800
2017-04-24,47.716226364963255,47.86672757456031,47.69365218822384,47.81405258178711,32694900
2017-04-25,48.0473303939038,48.220408664011735,47.99465539711339,48.15268325805664,24975200
2017-04-26,48.01722717285156,48.1827759143384,48.01722717285156,48.01722717285156,20489600
2017-04-27,48.10000251506385,48.10000251506385,47.97207835066989,48.0623779296875,13855700
2017-04-28,48.07742617400436,48.09247658159186,47.9871265990511,48.009700775146484,25361200
2017-05-01,48.152684470355936,48.31070659413351,48.092482832181524,48.20535659790039,22211300
2017-05-02,48.348335760544835,48.47625994032454,48.303187400891865,48.45368576049805,23500000
2017-05-03,48.325760844127046,48.408536662992084,48.23545838505309,48.35586166381836,12811000
2017-05-04,48.52140839987823,48.8299317235444,48.48378094377916,48.814884185791016,16359700
2017-05-05,48.867570670384296,49.356693267822266,48.852517387947536,49.356693267822266,18990900
2017-05-08,48.99548364022641,48.99548364022641,48.88260701239175,48.98795700073242,19823800
2017-05-09,48.897658341266464,48.94280669414223,48.76972843954587,48.867557525634766,28186600
2017-05-10,48.897657891436054,48.942806243896484,48.82992962160191,48.942806243896484,18524300
2017-05-11,48.73963095543954,48.83746004821539,48.619233425826714,48.82240676879883,18381600
2017-05-12,48.86755238395268,49.093299865722656,48.86755238395268,49.093299865722656,27683000
2017-05-15,49.19865159928302,49.34162902832031,49.18360406308374,49.34162902832031,20493900
2017-05-16,49.627579696991724,49.665207150381164,49.55985717026273,49.65768051147461,21931200
2017-05-17,49.41687642328827,49.47707804821745,49.07825233006184,49.093299865722656,30198700
2017-05-18,48.972916872550776,49.213717702497746,48.92776276989878,49.176090240478516,19242600
2017-05-19,49.522228791315776,49.755508663912366,49.49965461616135,49.747982025146484,34855500
2017-05-22,49.80065512421507,49.89847845988612,49.74798013713943,49.80818176269531,14692600
2017-05-23,49.921054323419256,49.95115513721575,49.747981820518405,49.815704345703125,12489200
2017-05-24,49.68026211737611,49.853340391252964,49.650167039535454,49.8458137512207,15075500
2017-05-25,49.8458137512207,49.921062928110736,49.77809121436293,49.8458137512207,13265300
2017-05-26,49.567384287100474,49.71035598084355,49.55233100914222,49.70283508300781,25971500
2017-05-30,49.567385935071776,49.687783457023734,49.552332656613046,49.65016174316406,14415300
2017-05-31,49.90600626839045,49.95115461804434,49.68777967649141,49.71035385131836,31167900
2017-06-01,49.89848474289039,50.048988825730916,49.853336388610096,50.033935546875,25610000
2017-06-02,50.38761476779355,50.5983147501646,50.31236559425303,50.58326721191406,22765300
2017-06-05,50.312362912489405,50.342463728529964,50.244634641112256,50.30483627319336,14304500
2017-06-06,50.10165979138159,50.199483131505374,50.08660651373592,50.161861419677734,11387200
2017-06-07,50.244640568007284,50.3274163865972,50.003839752421435,50.176918029785156,15346400
2017-06-08,49.98126651612811,50.0941431564392,49.921064875809606,50.08661651611328,15425200
2017-06-09,49.830760746937116,50.011359899894195,49.710357484203364,49.89848327636719,20807900
2017-06-12,49.755507942115386,49.80818293042597,49.650157965494216,49.71035385131836,17937200
2017-06-13,50.0188823074559,50.124232282863446,49.951154042612146,50.09413146972656,19123700
2017-06-14,50.38009137409211,50.38761801427429,49.8909688439925,50.056514739990234,18739500
2017-06-15,49.29648027117655,49.56738184966989,49.281426993958526,49.53728103637695,22870900
2017-06-16,49.778095270526784,49.97374773929895,49.717893627651556,49.95869445800781,24571500
2017-06-19,50.146808142032064,50.259684759801516,50.116707327883994,50.161861419677734,26706100
2017-06-20,50.02574510271947,50.03339359448885,49.64340219150806,49.75810623168945,23798500
2017-06-21,49.643409778648355,49.742822684574364,49.57459084447563,49.696937561035156,10989000
2017-06-22,49.681640600973445,49.78104766118706,49.62046433280043,49.68928909301758,13521700
2017-06-23,49.69692241158026,49.89574232873391,49.628103498386075,49.81162643432617,15138700
2017-06-26,50.13280270085937,50.17868781926189,49.872812310968776,49.895751953125,21872800
2017-06-27,49.9186878023243,50.041040329980895,49.8345718980828,49.888099670410156,17466000
2017-06-28,50.07927536739427,50.36985972818334,50.056335725035154,50.323974609375,26317300
2017-06-29,50.17104112732316,50.17868961967968,49.61281786710235,49.826934814453125,35923300
2017-06-30,49.95693396335188,49.97222511518348,49.574590992563806,49.857521057128906,28866100
2017-07-03,49.79634857177735,49.91869528368052,49.78105158648289,49.796348571777344,9564300
2017-07-05,49.651056381932484,49.82693670827577,49.56694046508446,49.796348571777344,26253300
2017-07-06,49.47517206680986,49.681640513005696,49.42164429077577,49.5745849609375,22874100
2017-07-07,49.43694326436982,49.64340588478447,49.36811850150476,49.58222961425781,18885700
2017-07-10,49.55165497786724,49.71988099670181,49.52106683787245,49.70458984375,10674800
2017-07-11,49.574587097719686,49.82693483879581,49.50576233465789,49.81928634643555,13584000
2017-07-12,50.12515656835076,50.27809139485132,50.1098595852469,50.216915130615234,15995600
2017-07-13,50.278097220217504,50.400449762865804,50.20927829054559,50.362213134765625,22520700
2017-07-14,50.5074923554297,50.72160341601186,50.46925573714481,50.71395492553711,14145100
2017-07-17,50.61455535888672,50.68337428105392,50.561027585837884,50.61455535888672,10326100
2017-07-18,50.568670325771514,50.66043472290039,50.53043953586844,50.66043472290039,11718200
2017-07-19,50.74456225295496,50.882205963134766,50.73691375958634,50.882205963134766,12542300
2017-07-20,51.012193773536886,51.11924932879,50.92807786096798,51.088661193847656,13792700
2017-07-21,50.82101823043669,50.88984298706055,50.65278641878919,50.88984298706055,18391200
2017-07-24,50.66044048744897,50.76749604590277,50.530445285625134,50.75220489501953,17486100
2017-07-25,51.01219350049017,51.03513314305159,50.80573088334718,50.821022033691406,12297600
2017-07-26,50.966308751658836,51.21865646096257,50.88219284855759,51.13454055786133,19186700
2017-07-27,51.23395900389749,51.264547142199675,50.851616026256465,51.01984786987305,13754400
2017-07-28,50.889845104028,51.08101656447275,50.83631732846707,51.073368072509766,15080800
2017-07-31,51.142190922610276,51.24160382348818,51.02749270481335,51.18042755126953,20998800
2017-08-01,51.57041538460821,51.646882802484306,51.46335983276367,51.46335983276367,16206800
2017-08-02,51.49394408033281,51.55512035058361,51.356306223403884,51.48630142211914,8948300
2017-08-03,51.471006358046864,51.608650054201924,51.43277556328129,51.51689147949219,11245900
2017-08-04,51.57042509474023,51.62395288074118,51.38689625637316,51.585716247558594,14178000
2017-08-07,51.47864739339047,51.61629106960633,51.47864739339047,51.608642578125,11865600
2017-08-08,51.51687991164386,51.58569882722323,51.30276300585558,51.333351135253906,13510100
2017-08-09,51.02748712236982,51.2721863503837,50.99689898960686,51.24924087524414,15080100
2017-08-10,50.94338005138013,50.94338005138013,50.476921155499824,50.52280044555664,28825100
2017-08-11,50.4922027232643,50.56867013687452,50.36220753671794,50.431026458740234,27456400
2017-08-14,50.7980842590332,50.928079461054786,50.77514461562826,50.7980842590332,13311500
2017-08-15,50.736902278121626,50.7904300514068,50.576318958266086,50.75984191894531,13212200
2017-08-16,50.928077758328754,51.11160073352277,50.9127866079335,51.05043029785156,14030700
2017-08-17,50.86690287046643,50.951018785150985,50.4769172668457,50.4769172668457,18647700
2017-08-18,50.561027585837884,50.721610904984395,50.46161469725454,50.61455535888672,16347200
2017-08-21,50.59161957945119,50.67572965715626,50.469267040807175,50.59926223754883,11760800
2017-08-22,50.70631992831784,50.866903266486645,50.69102877738813,50.843963623046875,11528800
2017-08-23,50.69868104870403,50.85926439884185,50.6910325556239,50.85161590576172,13007000
2017-08-24,50.8669031609336,50.92043094021213,50.72925946649019,50.736907958984375,13150600
2017-08-25,50.9204254846999,51.16513054557354,50.905134335440174,51.04277801513672,14942000
2017-08-28,51.09630578868039,51.11924542961485,51.012189882527515,51.04277801513672,13422100
2017-08-29,50.759838097890125,50.96630651794041,50.74454694985531,50.83631134033203,11536900
2017-08-30,50.752210678428966,50.8133811230229,50.68338590638561,50.76750183105469,10510300
2017-08-31,50.966314494069906,51.19571675502877,50.94337485138304,51.15748596191406,20277900
2017-09-01,51.34865181228703,51.36394296104204,51.19571115428908,51.22629928588867,15541800
2017-09-05,51.22631232153877,51.22631232153877,50.721622606940166,50.882205963134766,18682300
2017-09-06,51.15748987656723,51.3104247289093,51.09631360199415,51.19572067260742,21335800
2017-09-07,51.61629867553711,51.63923831927176,51.4863034716471,51.61629867553711,14599300
2017-09-08,51.73865119626378,51.761590839987505,51.62394714355469,51.62394714355469,16168800
2017-09-11,51.96804812937913,52.120988795311185,51.96039963756006,52.02922439575195,19127300
2017-09-12,52.02922837061367,52.220399842066215,52.02922837061367,52.18981170654297,11803000
2017-09-13,52.0827559303484,52.11334406574308,51.86099632430469,51.90687561035156,14672800
2017-09-14,51.81511518137524,52.00628664517331,51.79981819718095,51.99863815307617,14862300
2017-09-15,52.044525146484375,52.0751132853137,51.952766564087376,52.044525146484375,16315500
2017-09-18,52.17453383055684,52.25864393203294,52.02159311402802,52.11335754394531,13594900
2017-09-19,52.32744791011437,52.37332718978772,52.22804085945896,52.358036041259766,8877200
2017-09-20,52.37333473911311,52.541566567617714,51.99864028822852,52.24333953857422,15309700
2017-09-21,52.12099653738936,52.21275511648859,52.06746292079383,52.136287689208984,10250100
2017-09-22,52.28921887818646,52.380983284943554,52.24333959185308,52.29686737060547,8442800
2017-09-25,52.082754063874525,52.205100766978454,51.8992310921736,51.99863815307617,13473900
2017-09-26,51.91452978913575,51.95276642108989,51.723358297546916,51.883941650390625,20026600
2017-09-27,51.81511318281897,51.998636147441246,51.78452504970028,51.92216873168945,17751800
2017-09-28,51.92217076574362,52.13628187187241,51.92217076574362,52.059814453125,11704000
2017-09-29,52.059809032048946,52.4192122802356,52.059809032048946,52.365684509277344,24981400
2017-10-02,52.20510109943634,52.37333292210441,52.182161457088895,52.31980514526367,16475600
2017-10-03,52.35039720088659,52.50333788480858,52.32745755682093,52.495689392089844,12073300
2017-10-04,52.35804758455434,52.449806164130905,52.35039909155937,52.396278381347656,12518600
2017-10-05,52.296859755708454,52.38862414910381,52.26627162457666,52.365684509277344,11871200
2017-10-06,52.128633656211555,52.33510210542357,52.10569401387469,52.32745361328125,16923300
2017-10-09,52.396270694852646,52.41156767859852,52.29686363686405,52.342742919921875,5155600
2017-10-10,52.648622685253365,52.84744265142814,52.602743398478566,52.83979415893555,16626700
2017-10-11,52.81685656112083,52.98508839793115,52.80920806833201,52.969791412353516,16732400
2017-10-12,52.8780251370729,53.015668816779886,52.83214002111073,52.92390441894531,10774000
2017-10-13,53.22213932085558,53.26802444363003,53.15332038782985,53.19919967651367,12928900
2017-10-16,53.19918632740025,53.237422947769254,53.12271892075141,53.16094970703125,8800600
2017-10-17,53.03096392193337,53.06155205682664,52.923908366852,53.0233154296875,8286800
2017-10-18,53.107429512799236,53.19919391431817,53.038610587227524,53.17625427246094,11793200
2017-10-19,52.93918633881624,53.09212112426758,52.90859821490836,53.09212112426758,10368300
2017-10-20,53.05390356458077,53.05390356458077,52.93920535134374,53.0233154296875,12636300
2017-10-23,53.046254972183974,53.06919461226514,52.870374674745776,52.90861129760742,8422200
2017-10-24,52.97742457646564,53.09977708932236,52.916248320037276,52.99272155761719,10586500
2017-10-25,52.96978930791043,53.00037744375985,52.58744636092826,52.7862663269043,11495500
2017-10-26,52.92390622051763,52.96214284610608,52.77097138634373,52.77861404418945,12355500
2017-10-27,52.748028006254785,52.91625397828753,52.67920325189132,52.900962829589844,18853800
2017-10-30,52.93155685909787,53.038612414179234,52.91625987460613,53.0233154296875,14308400
2017-10-31,53.13037701217571,53.275663360834656,53.069200742166565,53.24507522583008,24418400
2017-11-01,53.47448337579423,53.52801115358421,53.27566341510708,53.29860305786133,23674500
2017-11-02,53.26037421538036,53.45919418334961,53.24507723025711,53.45919418334961,20430900
2017-11-03,53.375083923339844,53.375083923339844,53.19155508695576,53.375083923339844,14078700
2017-11-06,53.22978230479565,53.46683305058331,53.22213381277636,53.451541900634766,11959000
2017-11-07,53.35212311336322,53.42094786575435,53.11507239376025,53.252716064453125,13024200
2017-11-08,53.3368359126626,53.51271621815548,53.30624777979037,53.4286003112793,15924200
2017-11-09,52.98508656015544,53.14566989860714,52.793915085700014,53.12273025512695,22577000
2017-11-10,52.946847930826,53.03861233536947,52.86273201851703,52.97743606567383,11070800
2017-11-13,52.44980454884815,52.778619728416196,52.44216189017932,52.755680084228516,13605200
2017-11-14,52.65626910418425,52.755676166311865,52.533916565482414,52.717445373535156,13850100
2017-11-15,52.28158015617264,52.518630932196594,52.21275538740038,52.46510314941406,18547300
2017-11-16,52.80156142558813,52.946847773069685,52.740385156074765,52.885677337646484,17372500
2017-11-17,52.740383067452726,52.786262350725764,52.64097017490789,52.69450378417969,24773400
2017-11-20,52.862743334573864,52.969798912413,52.8092155456543,52.8092155456543,20689600
2017-11-21,53.16861532654133,53.275670897156196,53.138027187209794,53.206851959228516,17104800
2017-11-22,53.4285965042745,53.46682729207334,53.183897292822266,53.35212326049805,17943200
2017-11-24,53.795642876028204,53.82623100698907,53.71917546567076,53.787994384765625,11732300
2017-11-27,53.68094613368703,53.72683125340456,53.466835021972656,53.466835021972656,17066500
2017-11-28,53.63506901099666,53.78800385864853,53.53566194343198,53.77271270751953,19389400
2017-11-29,53.81095296039326,53.85683225096048,53.482137765116136,53.5586051940918,19328300
2017-11-30,53.78034956380542,53.841525823265805,53.5662384897833,53.612117767333984,24443400
2017-12-01,53.344490103578075,53.53566157888639,53.130378984687226,53.39801788330078,33370400
2017-12-04,53.260379744535946,53.52037017771746,53.19920346587287,53.206851959228516,19355500
2017-12-05,53.12270924817546,53.32917179194357,53.08447263476858,53.09212112426758,15853700
2017-12-06,53.01567648542473,53.09214391096957,52.90097243006216,52.98508834838867,12481600
2017-12-07,53.17625803461086,53.25272545757495,52.96978957510837,53.12273025512695,16966100
2017-12-08,53.367435552552145,53.43625449078596,53.24508299468172,53.40566635131836,19106800
2017-12-11,53.51272595371039,53.55860524432063,53.43625269057214,53.54330825805664,20038600
2017-12-12,53.612117767333984,53.65799704488467,53.459182952772245,53.612117767333984,16514700
2017-12-13,53.6962377480053,53.91799732984229,53.6580011244132,53.81858444213867,25920500
2017-12-14,53.78035141924132,53.803291058808085,53.489767093823886,53.520355224609375,27424600
2017-12-15,53.46683310661953,53.58153715066895,53.344486404632846,53.505069732666016,32906900
2017-12-18,54.078582797177454,54.26210576271732,54.0632858134967,54.1397590637207,38998500
2017-12-19,54.057080613243016,54.080269447043044,53.85615788803646,53.941165924072266,37373700
2017-12-20,53.995240823614026,54.02615336092847,53.80976559972737,53.84840774536133,18729500
2017-12-21,53.91797197718778,54.180725671644716,53.90251865208576,54.041622161865234,22930000
2017-12-22,54.01841963760444,54.18843563190062,53.98750710264484,54.18070602416992,18767000
2017-12-26,54.080258192561026,54.22708540027683,54.03388643057714,54.165260314941406,15995000
2017-12-27,54.24254125055919,54.35073219519405,54.172986559885764,54.265724182128906,19835400
2017-12-28,54.40482943692309,54.45119530157047,54.26572594701645,54.29663848876953,20811200
2017-12-29,54.5362023123858,54.543931921672744,54.296637488169786,54.33527374267578,16214700
2018-01-02,54.50529190614851,54.75258634933787,54.42028388855549,54.73713302612305,26530000
2018-01-03,54.78349224046605,55.0694288009238,54.7525797018249,54.999874114990234,33384900
2018-01-04,55.533116143694876,55.68767297170467,55.4944739887099,55.602664947509766,23974400
2018-01-05,55.75722068768691,55.9504196464828,55.69539560584079,55.91177749633789,17483800
2018-01-08,55.84222868510619,55.91177748018975,55.780403603277925,55.896324157714844,21733700
2018-01-09,55.904043776990555,55.98132807159834,55.73403365835953,55.95814514160156,19138900
2018-01-10,55.965880898042116,55.98906383302782,55.81132406749398,55.84996032714844,18118900
2018-01-11,56.00451579739927,56.244080622499055,55.95814993343528,56.236351013183594,17314400
2018-01-12,56.43728773435419,56.80823238753138,56.38319225326223,56.80050277709961,22694300
2018-01-16,56.96278081823226,57.06324215516612,56.676844234085216,56.74639892578125,24617800
2018-01-17,56.90095845660451,57.24872013978453,56.77731418184792,57.040061950683594,21424400
2018-01-18,56.88550437289328,57.03233747467097,56.79276674609191,56.97051239013672,19094600
2018-01-19,57.25644859977671,57.29509075532152,57.07870883458693,57.28736114501953,19622600
2018-01-22,57.333718322774686,57.6041956548722,57.302805785397304,57.58101272583008,14992500
2018-01-23,57.650566570238865,57.805129270684475,57.58101777701147,57.76648712158203,15575400
2018-01-24,58.0833502657544,58.13744574998627,57.67376343260956,57.86696243286133,24383800
2018-01-25,58.098793970099564,58.121976902936076,57.52692667492878,57.64284133911133,23272500
2018-01-26,57.94424076192081,58.168346390604626,57.90559860747741,58.15289306640625,19192600
2018-01-29,57.689206480926345,57.74330194999229,57.511460856301696,57.619651794433594,26906700
2018-01-30,57.4341784434611,57.472820588363795,57.07096350684441,57.14051818847656,113986300
2018-01-31,57.33371947004591,57.36463200804186,56.96277491005824,57.063236236572266,38465500
2018-02-01,56.97050849743333,57.33372347429841,56.93959595727841,57.22553253173828,30876200
2018-02-02,56.66911350970853,56.66911350970853,56.0045086959965,56.06633377075195,36590600
2018-02-05,55.3630979799981,55.618122042838884,53.56248211225293,53.717044830322266,78968000
2018-02-06,53.6474907712432,54.92260520464755,53.52384649128203,54.77577209472656,84302300
2018-02-07,54.28890461015403,54.76031051688017,54.0879760525419,54.1961669921875,44411300
2018-02-08,54.2270840167576,54.250266949175746,52.766500314769644,52.781959533691406,59223600
2018-02-09,53.12971553669161,53.292001960269765,51.69231476103996,53.006065368652344,67466800
2018-02-12,53.40019061287568,53.925692012514645,53.23017458711539,53.817501068115234,37528600
2018-02-13,53.39244737750729,53.70929641664603,53.37699405909302,53.65520095825195,20574300
2018-02-14,53.33064803579418,54.636669130008826,53.30746510157216,54.60576248168945,31475400
2018-02-15,54.9148767925024,55.0307973609704,54.489842569406406,54.9457893371582,31600600
2018-02-16,55.030798276627394,55.424925857590495,55.00761534174106,55.193084716796875,23606400
2018-02-20,54.775773390579246,55.023067852316835,54.54393814918059,54.67531204223633,25286900
2018-02-21,54.82986024262988,55.177621893956854,54.38936686772033,54.41255569458008,30247700
2018-02-22,54.644390857422124,54.94578075076162,54.51301698513857,54.698486328125,20537000
2018-02-23,54.899409477533965,55.20079934116526,54.791218546792656,55.13124465942383,30298500
2018-02-26,55.3630922014662,55.66448210028775,55.169893246018326,55.64902877807617,21007200
2018-02-27,55.30126169972211,55.363086774436375,54.79121957323858,54.8221321105957,22449300
2018-02-28,54.899423229528615,54.93033577405006,54.22708865210859,54.30436706542969,31642500
2018-03-01,53.86385809005393,54.12661169472772,53.12970453127975,53.392452239990234,51282100
2018-03-02,53.20699423228996,53.66294685945187,52.99061233301226,53.64748764038086,35512000
2018-03-05,53.253378942046005,53.972073612554894,53.237919719216094,53.93343734741211,18968500
2018-03-06,54.366191409882376,54.39710395398044,54.1034436289962,54.25027084350586,20996900
2018-03-07,53.9875154535228,54.26572241522948,53.83295865078091,54.23480987548828,14492500
2018-03-08,54.38937096644298,54.47437898344253,54.17298906715853,54.35073471069336,14883300
2018-03-09,54.4280089746106,54.7062159370723,54.34300096408262,54.698486328125,17319800
2018-03-12,54.76030731201172,54.87622785369457,54.64438677032886,54.76030731201172,12801300
2018-03-13,54.94577517213361,54.98441731698267,54.29662958960658,54.397090911865234,19138100
2018-03-14,54.81440181599692,54.85304396120045,54.33526633690558,54.528465270996094,13670800
2018-03-15,54.52847495090497,54.75258646174992,54.40483067703874,54.497562408447266,21712300
2018-03-16,54.39709444775467,54.60575260996109,54.373911517723705,54.458919525146484,16119900
2018-03-19,54.25798978750325,54.26571939599951,53.73248843306887,54.01842498779297,24159700
2018-03-20,53.95660475342962,54.12662077982085,53.87932634942387,54.01070022583008,20578800
2018-03-21,53.925694720097816,54.31209265405778,53.871599245182004,54.09571075439453,17479200
2018-03-22,53.547032390937915,53.662952963297556,53.07562638704988,53.09107971191406,42084300
2018-03-23,53.18381190992349,53.261090318271634,52.48057072920139,52.503753662109375,44983200
2018-03-26,53.30746023211274,53.48519997555553,52.77422920985551,53.446563720703125,31279000
2018-03-27,53.709312128692154,53.76340760291125,52.851508254671856,53.05243682861328,36493900
2018-03-28,53.384736123150994,53.755674811276414,53.1528950210995,53.36155319213867,35737600
2018-03-29,53.74794642106211,54.08024882723784,53.608842951128935,53.84840774536133,34745000
2018-04-02,53.63976023375057,53.77113410698638,52.74331426021742,53.106529235839844,52362500
2018-04-03,53.3924623511738,53.52384212637236,53.12198498334927,53.446563720703125,30413600
2018-04-04,52.82059628373664,53.65521723439307,52.79741335110139,53.63203430175781,26041500
2018-04-05,53.887049357847076,54.13434375795231,53.85613682083847,53.987510681152344,22625800
2018-04-06,53.94887754104719,54.14207650762704,53.45428865827996,53.63203430175781,24999600
2018-04-09,54.149799607866264,54.435736166579524,53.98751320296323,54.0725212097168,18498700
2018-04-10,54.61348797135015,54.78350402245899,54.49756740050639,54.652130126953125,19233800
2018-04-11,54.53620381262481,54.76031532039639,54.4048299309546,54.44346618652344,21099100
2018-04-12,54.51302662113364,54.72940854219392,54.482114075844294,54.652130126953125,18012500
2018-04-13,54.837596422305815,54.84532603218524,54.52075316882721,54.70622253417969,14515400
2018-04-16,54.84531708705585,54.86850001694823,54.66757146460783,54.791221618652344,15678300
2018-04-17,54.89169532533395,55.14671940358771,54.8375998447315,55.03852844238281,17545600
2018-04-18,55.270363595417415,55.401743387484046,55.2162681149071,55.324459075927734,17035100
2018-04-19,55.262635871036785,55.33991428102041,54.95351633513755,55.11580276489258,20004000
2018-04-20,54.93804546513033,54.98441721805848,54.79894789423637,54.90713882446289,27586500
2018-04-23,54.86078364349307,54.92260873543063,54.69076758864743,54.83760070800781,17696000
2018-04-24,54.93805628354963,55.00761097865684,54.4511970016578,54.61348342895508,22013400
2018-04-25,54.412564808212146,54.59030457215802,54.24254875854907,54.520755767822266,18280700
2018-04-26,54.791221618652344,54.87622962556698,54.6521181433342,54.791221618652344,23697700
2018-04-27,54.77578220327695,54.907162013435,54.628954962224746,54.8453369140625,15395400
2018-04-30,54.78349639087716,54.97669535004825,54.62893958192602,54.66757583618164,21883700
2018-05-01,54.60575262725974,54.652118487336345,54.2270784500878,54.47437286376953,17308000
2018-05-02,54.752588508152364,54.822143205273,54.41256232033813,54.45119857788086,16409400
2018-05-03,54.54393359826347,54.69076080344246,54.13435273293102,54.621212005615234,19854600
2018-05-04,54.22707710502321,54.86849900133775,54.19616456708427,54.81440353393555,17022600
2018-05-07,54.775760356578196,54.96123558072097,54.72166489019413,54.8221321105957,8172600
2018-05-08,54.628934219836495,54.829856872558594,54.52846699751169,54.829856872558594,12400300
2018-05-09,54.75258449567542,55.023061862512236,54.706218631636084,54.96124267578125,15414000
2018-05-10,55.13124383727357,55.31671905517578,55.03078251621579,55.31671905517578,18107500
2018-05-11,55.48675084252616,55.57175886759133,55.394013207191854,55.46356201171875,19083700
2018-05-14,55.66448340084196,55.718578873792694,55.50219698198976,55.564022064208984,17790300
2018-05-15,55.08488437897485,55.27035372245617,54.94578089737283,55.16216278076172,18330100
2018-05-16,55.10806877527159,55.278084801302015,55.04624958977676,55.23944854736328,13758300
2018-05-17,55.26263988103393,55.4171967122162,55.16990224474545,55.324459075927734,16191300
2018-05-18,55.16216378046705,55.21625925229464,55.046249123668076,55.12352752685547,21815600
2018-05-21,55.401734165318985,55.471282958984375,55.3321794756894,55.471282958984375,13441700
2018-05-22,55.54856824241203,55.5949400065638,55.339915939606286,55.40174102783203,12897900
2018-05-23,54.69848400311896,54.806674939925976,54.528467989289695,54.791221618652344,23332600
2018-05-24,54.698490412967004,54.72167334557608,54.25799700550093,54.621212005615234,21542400
2018-05-25,54.22708203220319,54.34300258601605,54.11889108756834,54.265724182128906,17225600
2018-05-29,53.43111048527111,53.616579858839245,52.95970449314643,53.1606330871582,57008900
2018-05-30,53.61657576173325,54.01070330941775,53.469748554528934,53.97206115722656,25531900
2018-05-31,53.80977404927112,53.86386952407489,53.40792279300945,53.63203430175781,47992800
2018-06-01,54.03388566992944,54.111164077528514,53.81750377026619,54.09571075439453,39232600
2018-06-04,54.451194566845274,54.513019649517226,54.23481267345787,54.25799560546875,18561900
2018-06-05,54.265730339063886,54.288913273263915,54.03388920513372,54.17299270629883,16641000
2018-06-06,54.36619247690049,54.65985870361328,54.23481858387899,54.65985870361328,25445400
2018-06-07,54.706220101798465,54.72940303444115,54.250267474622326,54.35073471069336,25977000
2018-06-08,54.30435885712689,54.48210448726701,54.165255375788924,54.41255569458008,23206300
2018-06-11,54.613474232815854,54.89168117446925,54.567108374528175,54.76030731201172,26145100
2018-06-12,54.65212050845387,54.68303304830277,54.36618393682468,54.41255569458008,22706300
2018-06-13,54.590298985565724,54.64439445983483,54.26572613995108,54.489837646484375,20486700
2018-06-14,54.489833360155735,54.65211977019713,54.34300027184798,54.3739128112793,24099000
2018-06-15,54.118893687077794,54.12662329662707,53.88705846428056,54.09571075439453,31433500
2018-06-18,53.50066015033283,53.724765761989076,53.43110545681247,53.709312438964844,30778500
2018-06-19,52.93219843338026,53.25533706019967,52.853378561027796,53.21592712402344,30397600
2018-06-20,53.4208514954376,53.46026143421572,53.12135640530615,53.255340576171875,38687300
2018-06-21,53.1134693789177,53.1134693789177,52.821851487113435,52.87702178955078,23793400
2018-06-22,53.55482512768624,53.696692461013164,53.32626676970905,53.436607360839844,26146100
2018-06-25,53.05829207368793,53.11346236884374,52.55387622851734,52.695743560791016,39388300
2018-06-26,52.86914665598687,52.89279021321487,52.577528752913004,52.79033279418945,23117500
2018-06-27,52.837618579623474,53.04253942563216,52.27014916797608,52.293792724609375,29616800
2018-06-28,52.27802764943024,52.55387914049405,52.16768705300473,52.49082565307617,21384800
2018-06-29,52.90067161018627,53.09770926455705,52.73516070208826,52.782447814941406,32031400
2018-07-02,52.03369576527968,52.35684037148423,52.01793540032132,52.30167007446289,39167900
2018-07-03,52.71939979819876,52.79821366551082,52.43566506538522,52.45930862426758,14919900
2018-07-05,52.940082246383575,53.01889611550366,52.7824545081434,52.9794921875,18593200
2018-07-06,53.050413900938246,53.37355852676992,52.99524360056598,53.26321792602539,16641600
2018-07-09,53.68881565695084,53.79127305996404,53.554825498412,53.7755126953125,20682100
2018-07-10,53.68094615237425,53.807047141065965,53.64941940192311,53.75187683105469,18981400
2018-07-11,53.14500002379325,53.28686738519849,52.69575438152874,52.8533821105957,30172400
2018-07-12,53.137110946253486,53.31838822639765,53.04253672453632,53.26321792602539,18810600
2018-07-13,53.28685124845069,53.45236211778341,53.17651066889554,53.42871856689453,17206900
2018-07-16,53.412959878659706,53.4838965546469,53.31838566149207,53.40508270263672,15422200
2018-07-17,53.263215122287534,53.56271016381295,53.231688379004105,53.499656677246094,16965000
2018-07-18,53.460262169194756,53.625773090735954,53.373565113180916,53.50754928588867,13712400
2018-07-19,53.23169063865568,53.49965894827275,53.17652033884559,53.39720153808594,26316500
2018-07-20,53.412966464205205,53.736111114333944,53.405089287211,53.6494140625,28610200
2018-07-23,53.6494140625,53.70458436702049,53.54695664356544,53.6494140625,10192900
2018-07-24,54.098656246345335,54.22476322757466,53.87797504230584,53.96467208862305,17645500
2018-07-25,53.95678509253155,54.453317766591546,53.783391012129556,54.36662673950195,29698900
2018-07-26,54.16171294628054,54.26417036476655,54.06713270475424,54.1223030090332,23009400
2018-07-27,54.358749941611016,54.46909054881972,54.169595473983534,54.22476577758789,28911800
2018-07-30,54.413926106561824,54.453330034459654,54.20112204608503,54.216888427734375,17630300
2018-07-31,54.413918261860076,54.46120537376533,54.18535386579819,54.287811279296875,25087500
2018-08-01,54.20110970616863,54.224759273258364,53.94102459929543,54.01195526123047,25402700
2018-08-02,53.428719432147375,53.657283782958984,53.37354914147634,53.657283782958984,24343200
2018-08-03,53.45236850718306,53.71245962427174,53.42084176452583,53.68881607055664,14176200
2018-08-06,53.35779505396327,53.539072343981005,53.26322082709496,53.46025848388672,12077900
2018-08-07,53.99620690255237,54.019850461787954,53.830695974790544,53.87798309326172,17495500
2018-08-08,53.814922097193104,53.93314589001603,53.69669830437017,53.8306884765625,13812800
2018-08-09,53.84644783259404,53.90161813312809,53.64152699641966,53.67305374145508,11964700
2018-08-10,52.69574982330802,52.79820723702766,52.498712172462,52.60116958618164,28624600
2018-08-13,52.53024926808351,52.6327067019901,52.2938016352368,52.412025451660156,24817700
2018-08-14,52.48294670209873,52.53023982803702,52.309558617365006,52.40413284301758,22596700
2018-08-15,51.710564022974204,51.773617517383954,51.348015449786416,51.64751052856445,41602700
2018-08-16,51.98641961241107,52.20710084700067,51.96277605343542,52.01006317138672,23297100
2018-08-17,51.99429379833976,52.45142256974212,51.94700668857801,52.31743240356445,25722900
2018-08-20,52.52235572846562,52.664223077599225,52.506595362167175,52.60116958618164,16229300
2018-08-21,52.940080589032775,53.089831144851765,52.79821322381284,52.924320220947266,15670100
2018-08-22,53.160751229158414,53.22380471516285,53.06617701326314,53.12923049926758,13217500
2018-08-23,52.86126758918121,52.97949139765518,52.70363985329103,52.75092697143555,22030700
2018-08-24,52.987373157706195,53.16864444777424,52.91643646929205,53.05830383300781,21816600
2018-08-27,53.52330678424081,53.80703545042976,53.49178004063948,53.76763153076172,24820300
2018-08-28,53.901619630754794,53.9489067430659,53.68882161224291,53.7203483581543,19866800
2018-08-29,53.72034341134901,54.01983845026038,53.65728992533249,54.01195526123047,18107700
2018-08-30,53.55482697471423,53.63364683947853,53.365672528125096,53.499656677246094,20743000
2018-08-31,53.168638769461865,53.34991605328235,52.86914370609745,53.074058532714844,30945900
2018-09-04,52.41202646075718,52.63270771533594,52.34897295570234,52.62482452392578,25303400
2018-09-05,52.28590811940711,52.348961610797204,51.98641305497204,52.144046783447266,26850800
2018-09-06,52.06522972497593,52.191336714567825,51.7420910870931,51.98641586303711,25557900
2018-09-07,51.4898812093467,51.72632278638474,51.41894452705688,51.568695068359375,22989400
2018-09-10,51.97852349216261,52.010050233992146,51.82089579612608,51.883949279785156,15646700
2018-09-11,51.6238694276993,51.947014092090335,51.545055562493246,51.93124771118164,17652700
2018-09-12,51.98642083286751,52.27803876434286,51.947016904687246,52.15193176269531,19372500
2018-09-13,52.656334222376664,52.70362734240734,52.40412629695435,52.538116455078125,26009600
2018-09-14,52.6957534077548,52.75880690346138,52.490832553264575,52.616939544677734,21047500
2018-09-17,52.877016902862565,52.97159713249099,52.65633571350766,52.66421890258789,13679100
2018-09-18,53.05041621568491,53.2947469963759,53.04253903893928,53.21592712402344,20734400
2018-09-19,53.27109253979679,53.4838965546469,53.27109253979679,53.40508270263672,15330300
2018-09-20,53.964677434612874,54.13018835403877,53.82281007323176,54.067134857177734,24625300
2018-09-21,54.051366801336464,54.177467764009705,54.00407367886138,54.09077072143555,19003300
2018-09-24,54.09865876676107,54.114425146705194,53.84645080566406,53.84645080566406,20382700
2018-09-25,54.26417019139433,54.29569693846903,54.09865927908625,54.11442565917969,19623000
2018-09-26,54.09077221435438,54.48484750489113,54.08289503798409,54.138065338134766,26899900
2018-09-27,54.03560239616711,54.27204997784281,53.9725549190838,54.02772521972656,21555300
2018-09-28,53.539062382668625,53.80703065975427,53.4760089010799,53.58634948730469,37330500
2018-10-01,53.75975467154098,53.846451723374926,53.633653695399374,53.6494140625,27922300
2018-10-02,53.239589109955354,53.420860427172656,53.176535602613065,53.373573303222656,18689200
2018-10-03,53.468142375123776,53.49966912574296,53.23170076514912,53.278987884521484,19372300
2018-10-04,52.94007625997246,52.96371981672362,52.412016782156286,52.656341552734375,38671500
2018-10-05,52.53024181287288,52.577528927485886,52.14404967960473,52.341087341308594,28116900
2018-10-08,51.77361556824143,52.10463738176223,51.65539177395202,52.088871002197266,24471300
2018-10-09,51.5450517137988,52.025824072704296,51.48199822109695,51.95488739013672,23011200
2018-10-10,51.76573235676514,51.76573235676514,50.741134157502195,50.85147476196289,64586200
2018-10-11,50.701732493074324,50.86724340713718,49.80323823125571,50.14214324951172,119275100
2018-10-12,50.52833851569061,50.55198207302861,49.79535817265143,50.32341766357422,66647600
2018-10-15,50.19731700464033,50.47317155359611,50.05544963810452,50.2052001953125,32702300
2018-10-16,50.85935681104685,51.16673506130933,50.780542954358594,51.06427764892578,35959100
2018-10-17,50.90663963345334,50.969693118736295,50.53621393691643,50.77265548706055,26566600
2018-10-18,50.575620520119806,50.638674008724934,49.79535314124417,49.95298385620117,48286500
2018-10-19,50.220950038883,50.52044505949226,50.205186668342165,50.23671340942383,31924100
2018-10-22,50.284008314957696,50.323415244145146,49.866289453769994,50.01603698730469,28641300
2018-10-23,49.19636363466531,49.75595289826462,48.90474872708114,49.54315185546875,54694300
2018-10-24,49.25941992246197,49.290946672785886,48.1087205946468,48.1402473449707,62942300
2018-10-25,48.53431806093079,48.99932405421621,48.34516058364096,48.74711608886719,47758100
2018-10-26,48.14812059290963,48.73135336365411,47.74616510713407,48.41609191894531,72008800
2018-10-29,48.94414725025515,49.04660766212093,47.895908597201526,48.282100677490234,60675300
2018-10-30,48.38456124592114,48.87321373965683,48.313627576946956,48.865333557128906,50851500
2018-10-31,49.26728549349476,49.49584985571358,49.18059146565309,49.22787857055664,49348900
2018-11-01,49.65348823199631,49.866289256634445,49.46433076346599,49.85840606689453,42760200
2018-11-02,50.307655304313094,50.37858597351839,49.63772547622171,49.92934036254883,39087900
2018-11-05,49.96086710878851,50.05544434095158,49.77959282774431,49.92934036254883,23002700
2018-11-06,49.945104610764545,50.173669015173004,49.89781749713249,50.13426208496094,18973700
2018-11-07,50.591389754991816,50.83571452074063,50.42587584133709,50.8041877746582,34148400
2018-11-08,50.61502591809399,50.71748331806225,50.19730410990719,50.307647705078125,31336600
2018-11-09,49.97662353515625,50.0633205719865,49.74017898433639,49.97662353515625,27581700
2018-11-12,49.62984406653859,49.6456074392689,49.093901419931534,49.156951904296875,31068900
2018-11-13,49.28305774124602,49.71654299131476,49.15695376119585,49.369754791259766,37193900
2018-11-14,49.71653803871467,49.755944964825495,49.133305309984856,49.409156799316406,51506100
2018-11-15,49.086022957491664,49.66925577845758,48.84169817303201,49.566795349121094,54666300
2018-11-16,49.24364398388214,49.67712616729521,49.16483013473635,49.62195587158203,30723600
2018-11-19,49.59043971886076,49.61408628389849,49.06238020239961,49.18848419189453,30409700
2018-11-20,48.52643474367559,48.731355594082295,48.219056474621624,48.3372802734375,41209700
2018-11-21,48.936265649328355,49.21211712725327,48.8574518003657,49.015079498291016,32720600
2018-11-23,48.59736308288813,48.84957101986947,48.59736308288813,48.69194030761719,13336500
2018-11-26,49.306698352579424,49.47220924268679,49.259408238310606,49.42491912841797,31007400
2018-11-27,49.13330694795346,49.26729110250809,48.99143960398041,49.23576736450195,38111400
2018-11-28,49.3067091937215,49.97663609043811,49.08602495183383,49.93722915649414,40600800
2018-11-29,49.64561351340808,49.85053137086203,49.51950952269265,49.685020446777344,31259700
2018-11-30,49.40128387976389,49.52738786579198,49.25153633590434,49.47221755981445,32068600
2018-12-03,50.24459707499083,50.24459707499083,49.93721884452216,50.126373291015625,43673900
2018-12-04,49.87417031109529,49.921460430693,48.778641429474554,48.825931549072266,50079600
2018-12-06,47.99837995314849,48.40821568094658,47.470317408411546,48.36880874633789,78905500
2018-12-07,48.43973605615209,48.62889352655795,47.76980923630351,47.880149841308594,54090300
2018-12-10,47.675233768822046,47.76192781413742,47.02106729128715,47.50971984863281,61630500
2018-12-11,47.998378458069325,48.014138826176776,47.37573868835455,47.65947341918945,71163600
2018-12-12,48.4082146997365,48.69194943365816,48.36092758178711,48.36092758178711,45925600
2018-12-13,48.45549760138645,48.57372139174995,48.22693321018014,48.27422332763672,44498200
2018-12-14,47.7540488681317,47.95896671795611,47.61218150803935,47.651588439941406,50416200
2018-12-17,47.64370137411489,47.698871672119736,47.07623201571567,47.27326965332031,58508500
2018-12-18,47.49473519955104,47.65406065150836,47.160154485432884,47.3115119934082,48896500
2018-12-19,47.51066489374756,47.87711128169981,46.66624522054281,46.8574333190918,68491500
2018-12-20,46.921167829124705,47.05659248802259,46.483022076501584,46.6662483215332,97602600
2018-12-21,46.33962546647233,46.61047779972678,45.78995589555004,45.85368728637695,93622500
2018-12-24,45.8536898962342,46.03691309697016,45.280119501665894,45.319950103759766,47120300
2018-12-26,45.606732033142585,46.44318677269934,45.22435281045606,46.371490478515625,69827600
2018-12-27,45.845716581107155,46.50691604614258,45.49520306931572,46.50691604614258,76591200
2018-12-28,46.968960810472765,46.99286160225372,46.618447266112845,46.75387191772461,68541800
2018-12-31,47.016767957053,47.04863365933751,46.66625434856527,46.82557678222656,62878800
2019-01-02,46.20420856184287,46.737945374498075,46.18827571146623,46.72998046875,38723200
2019-01-03,46.61844123433253,46.64233898414137,46.22809410046988,46.30775833129883,35012600
2019-01-04,47.0645610667936,47.89304795820018,46.99286476438646,47.72575759887695,47001700
2019-01-07,47.789489510530814,48.13203513807434,47.65406180946821,47.90898132324219,30335900
2019-01-08,48.378990987258554,48.402888742637636,48.076272917308465,48.21966552734375,26444600
2019-01-09,48.65780503060512,48.864925974583464,48.5223773435239,48.7613639831543,34615300
2019-01-10,48.57017736726906,48.960521514823185,48.53034372704999,48.95255661010742,33699300
2019-01-11,48.57814272592554,48.721535323189876,48.47458073037238,48.61797332763672,40655600
2019-01-14,48.25949949724887,48.554249624808655,48.23559870282806,48.39492416381836,28319800
2019-01-15,48.52238155380587,48.72153761059195,48.36305610060095,48.64984130859375,35202700
2019-01-16,48.69764153668733,48.84103414563195,48.673740742609645,48.78527069091797,38473900
2019-01-17,48.49848125075311,49.0481508445997,48.48254840238189,48.96052169799805,28896000
2019-01-18,49.44646168304129,49.51019307490963,49.26323848973984,49.454429626464844,39380800
2019-01-22,48.93662516031145,49.00035351649903,48.59407650902268,48.68967056274414,36637900
2019-01-23,49.103919292810005,49.14374989835241,48.71357510406186,48.9127311706543,21725600
2019-01-24,48.93662109100457,49.11187937398719,48.80119340718711,48.96848678588867,21843800
2019-01-25,49.43850074903584,49.61375601298895,49.40663505054245,49.526126861572266,31128800
2019-01-28,49.12781293704088,49.303071233417256,49.056119676392534,49.25527572631836,28738200
2019-01-29,49.55799414960548,49.661556153590546,49.36680603027344,49.36680603027344,23933700
2019-01-30,49.6057902481009,50.10766435459302,49.478330495216575,49.90850830078125,30465700
2019-01-31,49.83680951427762,50.05189840633255,49.717314672398196,49.932403564453125,33012500
2019-02-01,49.94037495929873,50.051904911024536,49.78901744027725,49.91647720336914,22056000
2019-02-04,49.84477760369463,50.12359486738789,49.74918354741127,50.09969711303711,20260600
2019-02-05,50.41834352989073,50.529870425437636,50.346647234342,50.49003982543945,29367100
2019-02-06,50.362578605552024,50.42630695590469,50.15545462942609,50.2351188659668,19675600
2019-02-07,49.844773355653594,49.924434555953866,49.46239412422831,49.565956115722656,33930700
2019-02-08,49.247309830082926,49.414600189644744,49.08001947052111,49.40663528442383,21440400
2019-02-11,49.35883331298828,49.462395306958975,49.24730641434911,49.35883331298828,22453000
2019-02-12,49.82087666610169,49.95630131727698,49.78901096974984,49.932403564453125,28176300
2019-02-13,50.10766586684077,50.22715767940596,49.940372467041016,49.940372467041016,22923500
2019-02-14,49.94833773796299,50.123592994788304,49.81291004431419,49.956302642822266,23166900
2019-02-15,50.45816724763045,50.68122100830078,49.956293247242634,50.68122100830078,29544700
2019-02-19,50.51393598352065,50.96004659050973,50.51393598352065,50.87241744995117,19126800
2019-02-20,50.93614768086232,51.22293590347562,50.928182776371955,51.015811920166016,27833100
2019-02-21,50.97597809150824,51.015808689197506,50.78478696816802,50.91224670410156,19709600
2019-02-22,51.063604366899135,51.19902900728544,50.99987297927276,51.07954025268555,19653800
2019-02-25,51.398186334521945,51.44598791532986,51.2069982445697,51.23089599609375,21208900
2019-02-26,51.31853480864623,51.59735209190742,51.294637052618256,51.47786331176758,23246200
2019-02-27,51.38225977898465,51.44599117225668,51.22293737356473,51.27073287963867,19933400
2019-02-28,51.230908976618366,51.350403842275206,51.143279813654104,51.19904327392578,27730700
2019-03-01,51.49379312319925,51.581422280475756,51.294637052618256,51.47786331176758,26191800
2019-03-04,51.52565657549038,51.549554330475566,51.07954894173847,51.28666687011719,22255100
2019-03-05,51.27072982268607,51.46988585646662,51.19903049008997,51.3344612121582,22315100
2019-03-06,51.42209649282873,51.438026303218805,51.18310679265375,51.20700454711914,14060100
2019-03-07,50.98394977824142,51.03971323020095,50.545807067610696,50.55377197265625,29445800
2019-03-08,50.24308617688013,50.561737060546875,50.23512127228447,50.561737060546875,21427600
2019-03-11,50.59360471452108,51.01581763291001,50.59360471452108,50.999881744384766,16204800
2019-03-12,50.97597789156496,51.071571933420216,50.904281600453565,50.96800994873047,31559400
2019-03-13,51.15920689113994,51.45395395419052,51.15920689113994,51.406158447265625,17856300
2019-03-14,51.37428797873749,51.50175075571298,51.294626782007676,51.39818572998047,20861400
2019-03-15,51.7566697767112,51.971755613766035,51.72480408274758,51.95582580566406,44272000
2019-03-18,52.043462327035705,52.162957176909806,51.9558331756454,52.13905334472656,27734300
2019-03-19,52.44973265517405,52.48159835143874,52.13108784804739,52.24261474609375,32094800
2019-03-20,52.04346002271298,52.5134653795774,51.86820172769226,52.26651382446289,33136000
2019-03-21,51.915998755896034,52.282445166333034,51.90803688971468,52.234649658203125,34686500
2019-03-22,51.66107375680617,51.748702897567576,51.2069982445697,51.23089599609375,36194200
2019-03-25,51.19107395628384,51.34242842484397,51.063611164064305,51.3026008605957,26707900
2019-03-26,51.67701284816261,51.73277629776396,51.46988885917466,51.557518005371094,36734400
2019-03-27,51.692943985808576,51.756675380636295,51.23090048994811,51.581417083740234,21772300
2019-03-28,51.48581466872886,51.54954605696781,51.270728830621984,51.453948974609375,16531200
2019-03-29,51.6770124381545,51.700910190971165,51.43802275446762,51.669044494628906,23423900
2019-04-01,52.162948012955084,52.346168149848246,52.091248684522505,52.330238342285156,33228100
2019-04-02,52.25854699807701,52.37007390133648,52.12312234094199,52.34617614746094,18209100
2019-04-03,52.71262683486929,52.87991720334124,52.648895434186386,52.75246047973633,25471600
2019-04-04,52.56922702569086,52.68075392273789,52.5453292731465,52.640926361083984,23580500
2019-04-05,52.60109743868651,52.7763557434082,52.60109743868651,52.7763557434082,27828800
2019-04-08,52.76837864419832,52.80821228027344,52.64092194872514,52.80821228027344,21464100
2019-04-09,52.61703304701653,52.62499491336289,52.449736609573726,52.47364044189453,17074900
2019-04-10,52.54533155259495,52.68872415184161,52.481600157871924,52.672794342041016,25289300
2019-04-11,52.6170351229079,52.680760444995826,52.45770662328608,52.56127166748047,16309400
2019-04-12,52.91177941351366,52.95161305575319,52.808220452555574,52.92771530151367,31507700
2019-04-15,52.967544190520684,52.983480078919186,52.840087472135835,52.95161437988281,11608000
2019-04-16,53.158743905485984,53.16670577275147,52.951619879119235,52.99144744873047,19958100
2019-04-17,53.2543186332372,53.27025451841262,53.05516261286027,53.142791748046875,23540000
2019-04-18,53.14280090926636,53.174666607351085,52.983478496603205,53.11093521118164,21794000
2019-04-22,52.94365420928041,53.11094459546375,52.91178850556527,53.0233154296875,21336700
2019-04-23,52.927720754858214,53.15077458775648,52.895855053335445,53.12687683105469,17741400
2019-04-24,52.848048641620615,52.89585022842509,52.66482847177856,52.76042556762695,26417500
2019-04-25,52.59312970292734,52.736522309380476,52.545334193363175,52.7205924987793,16020300
2019-04-26,52.81618780484807,52.943644518617766,52.73652052126154,52.93567657470703,17705700
2019-04-29,52.959576370367806,53.166694274179065,52.91974273161028,53.15076446533203,16992700
2019-04-30,53.134830862173786,53.27026159311349,52.95957864628515,53.18263244628906,36645900
2019-05-01,53.262291786124635,53.35788887325058,52.840081954065056,52.87990951538086,25870800
2019-05-02,52.92771762031969,52.951615375606195,52.664830156646666,52.800254821777344,21120700
2019-05-03,53.047201466974755,53.36585235595703,53.01534184806069,53.36585235595703,22117400
2019-05-06,52.19481701439134,52.83211883119283,52.178887203963555,52.76042556762695,24641100
2019-05-07,52.28243796897955,52.3302395482894,51.66904008063292,51.83633041381836,30661400
2019-05-08,51.852268603392965,52.091258305294794,51.7566775848407,51.90007019042969,31028300
2019-05-09,51.33446284667648,51.716839040164714,51.16717250230538,51.661075592041016,28991500
2019-05-10,51.653110608950016,52.05939065585555,51.358363542443946,52.043460845947266,34968000
2019-05-13,51.087504642263276,51.15920397632581,50.75292395733128,50.83258819580078,42253200
2019-05-14,51.19903370361635,51.47785703061743,51.15123819739226,51.34242630004883,32214000
2019-05-15,50.96801628765563,51.61328298791039,50.94411853393959,51.52565383911133,39054900
2019-05-16,51.71684182537544,52.107192061023675,51.70887995932899,51.93989562988281,27414300
2019-05-17,51.62124727460714,51.86819881585801,51.5575158840392,51.59734344482422,35566300
2019-05-20,51.390228271484375,51.565486565974325,51.26276548357887,51.390228271484375,27914500
2019-05-21,51.66904524823165,51.80446990134135,51.54158246100354,51.7327766418457,20838900
2019-05-22,51.47785833167924,51.6451486854519,51.46989038785377,51.52565383911133,22818000
2019-05-23,50.9839555335672,51.111418339726455,50.840562915518596,51.05564880371094,29106800
2019-05-24,51.59734821811128,51.613284106107464,51.4141280504786,51.605316162109375,23320000
2019-05-28,51.56548663589557,51.65310970549911,51.08750725836203,51.10344314575195,32637000
2019-05-29,50.72902640789921,50.78478985561066,50.53783527368854,50.776824951171875,32910400
2019-05-30,50.840550213296865,50.97597789156496,50.77682186501996,50.96800994873047,28874300
2019-05-31,50.29089252130874,50.561744902771196,50.24309396968107,50.5059814453125,34278600
2019-06-03,50.65733523878941,50.880389052207526,50.513942633340534,50.80072784423828,36735900
2019-06-04,51.1512376284493,51.43005487458896,51.0158129771472,51.382259368896484,34241600
2019-06-05,51.61328074111133,51.62124868458994,51.28666191384931,51.366329193115234,19015300
2019-06-06,51.565490129375505,51.6849789040938,51.43005938842698,51.57345199584961,28586900
2019-06-07,52.06735454320618,52.36210766450887,52.043456791325404,52.22667694091797,31020100
2019-06-10,52.362109545393146,52.51346400532814,52.31430796215463,52.37007141113281,21435800
2019-06-11,52.84804330523576,52.86397919181496,52.56126420216952,52.632957458496094,22255000
2019-06-12,52.425834902415566,52.49753423845114,52.218716993335256,52.24261474609375,17110500
2019-06-13,52.370074108652666,52.39397186262281,52.15498824516091,52.29041290283203,24194500
2019-06-14,51.97973617822152,51.97973617822152,51.852273371417006,51.908042907714844,37202100
2019-06-17,51.92105631617184,52.05126573917192,51.88850318431244,51.945472717285156,22615800
2019-06-18,52.36864836365631,52.66162032669038,52.352374902987634,52.63720703125,34024300
2019-06-19,52.75928180718361,53.060387408041805,52.71858884058792,52.96273422241211,25092700
2019-06-20,53.57308356091359,53.5974968537177,53.25569833671199,53.426597595214844,32817400
2019-06-21,53.19873809814453,53.35335770682653,53.15804513282703,53.19873809814453,25032400
2019-06-24,53.35336223597082,53.41846850245576,53.29639580501533,53.31267547607422,23238800
2019-06-25,53.36964055839261,53.38591402016496,52.99528884887695,52.99528884887695,24373000
2019-06-26,53.19873901685876,53.231292147899985,53.060386657714844,53.060386657714844,13170700
2019-06-27,53.198741184187604,53.28012091066864,53.16618805182016,53.19060134887695,14439800
2019-06-28,53.418464566224685,53.54867708959962,53.38591143538095,53.4917106628418,27667900
2019-07-01,54.02882016226684,54.02882016226684,53.61377551768044,53.743988037109375,25538600
2019-07-02,53.84978017764438,53.9474395656295,53.817227048316,53.89861297607422,26045900
2019-07-03,54.19158925022881,54.29738849331857,54.15904232345201,54.264835357666016,14359300
2019-07-05,53.792826043347866,53.88234561723439,53.516133694153844,53.84979248046875,21696200
2019-07-08,53.548674807727316,53.64632798722237,53.507981843687986,53.54053497314453,15839500
2019-07-09,53.16618948092076,53.33708877378724,53.14177618320773,53.31267547607422,11661800
2019-07-10,53.56494985825808,53.654469414702604,53.40219041501792,53.49984359741211,15051500
2019-07-11,53.60564278565827,53.63005608123958,53.34522395133301,53.48357009887695,14023800
2019-07-12,53.45915979042326,53.54867935180664,53.37777385543828,53.54867935180664,14459500
2019-07-15,53.605643497036084,53.64633025391995,53.51612393946679,53.597503662109375,12363200
2019-07-16,53.44287190995386,53.54867112563135,53.32893906912744,53.37776565551758,23641400
2019-07-17,53.516127170856244,53.516127170856244,53.28012161472997,53.304534912109375,13318800
2019-07-18,53.101073340896924,53.46728515625,53.044106920533686,53.46728515625,18639700
2019-07-19,53.442881800168784,53.50798806665372,53.288262178361194,53.31267547607422,16908600
2019-07-22,53.385909996190264,53.434742795576845,53.280116980456256,53.36963653564453,15203900
2019-07-23,53.6951592212085,53.75212564387885,53.58122016699338,53.70329284667969,22078400
2019-07-24,53.55680909264895,53.743988037109375,53.548675466840635,53.743988037109375,11192500
2019-07-25,53.581223411305075,53.597503080981994,53.141771672024895,53.19873809814453,24288100
2019-07-26,53.3452278803252,53.38591463966579,53.28012161472997,53.304534912109375,16616500
2019-07-29,53.48356710310048,53.491706937463235,53.32894129458021,53.418460845947266,11655500
2019-07-30,52.816244573844905,52.848797703089865,52.67789843120975,52.799964904785156,24945300
2019-07-31,52.775552555225154,52.93017836968926,52.08381562078652,52.45002746582031,32619000
2019-08-01,52.515131506627284,52.95458942742483,52.091953254493205,52.30353927612305,38568600
2019-08-02,52.10008780756826,52.10008780756826,51.63621968882816,51.83967208862305,37778000
2019-08-05,51.090970135998155,51.090970135998155,50.31785343233971,50.545719146728516,54766700
2019-08-06,50.94449008636178,51.017733089445564,50.521311740142025,50.88752365112305,33907400
2019-08-07,50.675931293877625,51.18049244761939,50.529445296914254,51.08283615112305,41814700
2019-08-08,51.28627460688905,51.7094559156618,51.221168357337774,51.579246520996094,29156400
2019-08-09,51.42463238144544,51.46532534885293,51.09911037324839,51.2211799621582,23227400
2019-08-12,51.01771858841194,51.16420455294303,50.72474976378676,50.814266204833984,21906000
2019-08-13,50.71661426131812,51.43276758191666,50.66778456749188,51.29441833496094,30781900
2019-08-14,50.34225866061334,50.40736180953131,49.88652420043945,49.88652420043945,39692900
2019-08-15,50.11439979898676,50.21205608786481,49.853977854582865,50.057430267333984,40936100
2019-08-16,50.342259849060746,50.70847477173539,50.342259849060746,50.659645080566406,22856400
2019-08-19,51.12352148765322,51.14793478350546,50.960758938284336,50.96889877319336,22998600
2019-08-20,50.952626166604375,50.96890273324962,50.73289717355003,50.79800033569336,21710200
2019-08-21,51.35138709925775,51.35138709925775,51.15607452392578,51.15607452392578,25971800
2019-08-22,51.18048403367159,51.24559029025764,50.871235523762216,51.058414459228516,20505100
2019-08-23,50.93634596675462,51.278144528611904,50.41550828900784,50.42364501953125,34410500
2019-08-26,50.93634418177447,50.95262074668835,50.667785517351426,50.838687896728516,27774800
2019-08-27,51.08283559532869,51.12352545972298,50.79800033569336,50.79800033569336,24511400
2019-08-28,50.675930742510495,50.96890273324962,50.529444747140936,50.79800033569336,25028400
2019-08-29,51.28627551933102,51.343241936483466,51.10723643431655,51.23744583129883,19046700
2019-08-30,51.59553999520134,51.611813458486374,51.21304841480788,51.440914154052734,33527300
2019-09-03,51.14793459524695,51.351387005099866,51.090968168843126,51.3432502746582,33998200
2019-09-04,51.87223044478541,52.067543029785156,51.80712418016045,52.067543029785156,25619300
2019-09-05,52.43376166383071,52.54769453043227,52.336102260082704,52.344242095947266,22265900
2019-09-06,52.49885944383063,52.645345421327804,52.45816647996354,52.515132904052734,21338300
2019-09-09,52.67790149271779,52.67790149271779,52.54768896817033,52.669761657714844,15965600
2019-09-10,52.57210600799716,52.80811156888935,52.46631298092494,52.75928497314453,19028800
2019-09-11,52.91388994794988,53.06851573683762,52.865063365721596,53.052242279052734,18413200
2019-09-12,53.09294110528367,53.434745885254685,53.01970121528098,53.36149978637695,30292200
2019-09-13,53.6219161352075,53.77654195206813,53.548676248615465,53.6626091003418,22132200
2019-09-16,53.328946774121036,53.36149990604247,53.14990765299068,53.18246078491211,31083600
2019-09-17,53.10108094046454,53.402192753406254,53.05225434712941,53.36149978637695,23554300
2019-09-18,53.23129429231442,53.36964044815671,52.98714890410734,53.29639434814453,17807600
2019-09-19,53.573092746444374,53.662612307991,53.459159887907774,53.475433349609375,18972500
2019-09-20,53.540530519604395,53.63005006594496,53.288251548394136,53.35335159301758,35368700
2019-09-23,53.06037817178732,53.2556969267974,53.00341175379452,53.215003967285156,15457000
2019-09-24,53.3452196208753,53.39404620807427,52.979001590260175,53.01155471801758,32233100
2019-09-25,52.72672347476492,52.93831570421628,52.53954453931288,52.856929779052734,21342600
2019-09-26,53.14176181905367,53.1824485679527,52.96272273905179,53.052242279052734,25098000
2019-09-27,53.05225001308487,53.1417695661361,52.75927805925805,52.87321090698242,20607400
2019-09-30,52.87321464162429,53.092940518077235,52.856934971442605,53.06852722167969,25423400
2019-10-01,52.91390322153943,52.95459618952002,52.458171782757695,52.547691345214844,42550500
2019-10-02,51.86408557292864,51.90477543214903,51.35138465432733,51.47345733642578,43464100
2019-10-03,51.48159998972391,51.83153840726863,51.253734268322745,51.81526184082031,39571700
2019-10-04,51.85594850432542,52.246573633840875,51.82339537538672,52.22216033935547,18837500
2019-10-07,52.18147440486669,52.41747993672523,52.14892127541641,52.15705490112305,19228000
2019-10-08,51.888507176379434,51.92920014655318,51.628088310343834,51.66878128051758,27797800
2019-10-09,52.01871256619115,52.14892509352581,51.89664297847118,52.043128967285156,22989500
2019-10-10,52.01870856172747,52.433753199562275,51.98615853683707,52.409339904785156,25532400
2019-10-11,53.19873649484101,53.56494833616253,53.19873649484101,53.34522247314453,37665600
2019-10-14,53.092938965410866,53.23129132240927,53.06038583487446,53.125492095947266,12662000
2019-10-15,53.353356687697236,53.91488731220385,53.31266993203169,53.743988037109375,24932600
2019-10-16,53.72771139350267,53.94744348019489,53.68702463554579,53.82537078857422,28518700
2019-10-17,54.10206382367449,54.142750577510334,53.81722550245165,53.9555778503418,26853900
2019-10-18,53.882344817250775,54.02069098979378,53.71958534471499,53.93117141723633,21446100
2019-10-21,54.28924261660003,54.32179574863051,54.19158322050858,54.22413635253906,29016200
2019-10-22,54.26482857492935,54.45200752931653,54.08578945565683,54.093929290771484,21293000
2019-10-23,54.199722899053356,54.38690185546875,54.134616635180606,54.38690185546875,14206200
2019-10-24,54.58221368523337,54.59035352032394,54.37876127009401,54.484554290771484,23429100
2019-10-25,54.329936929609836,54.58221594800116,54.32179709418182,54.54152297973633,17184200
2019-10-28,54.62291177031778,54.80194469696194,54.61477193446446,54.78567123413086,16490600
2019-10-29,54.5740751274034,54.79380721786654,54.5496618304353,54.76939392089844,15251900
2019-10-30,54.720558725085986,54.99725723266602,54.46013988735617,54.997257232666016,22592900
2019-10-31,54.82635197436717,54.86703872680664,54.61475975150976,54.86703872680664,22047900
2019-11-01,55.2169928764571,55.35533905029297,55.184439739870555,55.35533905029297,32338600
2019-11-04,55.72968679330028,55.77037354991275,55.52623438361353,55.640167236328125,20429900
2019-11-05,55.57505575463352,55.62388234153185,55.42856978506428,55.53436279296875,15727300
2019-11-06,55.591339904665865,55.64830633662714,55.42858044445522,55.50996017456055,16600200
2019-11-07,55.81918565111755,55.85987860604121,55.6564262491693,55.68083953857422,21271500
2019-11-08,55.48554453226132,55.6483039855957,55.36347183782296,55.6483039855957,10298800
2019-11-11,55.355329715410164,55.591335259206716,55.355329715410164,55.5750617980957,8544000
2019-11-12,55.566918916586275,55.71340489405375,55.48553919774313,55.59947204589844,18570100
2019-11-13,55.20883696854009,55.43670885831135,55.19256350942207,55.40415573120117,21006500
2019-11-14,55.11932829634407,55.28208773679964,55.062361871297156,55.249534606933594,17870900
2019-11-15,55.379746184134504,55.59947204589844,55.379746184134504,55.59947204589844,23494600
2019-11-18,55.53438019189645,55.71341934511564,55.444860615286856,55.66459274291992,20587500
2019-11-19,55.82734467147835,55.851757969274004,55.518099217941156,55.591339111328125,18664800
2019-11-20,55.29023447769931,55.42044080455269,55.078642211577694,55.24140167236328,20655200
2019-11-21,55.2332619308227,55.257675226350266,55.02980952292662,55.168155670166016,14293400
2019-11-22,55.38787684069363,55.4285698023711,55.19256428416507,55.322776794433594,14969300
2019-11-25,55.56692496058558,55.762237548828125,55.56692496058558,55.762237548828125,19329100
2019-11-26,55.67272031076074,55.77851332849615,55.632027345314526,55.72968673706055,24276000
2019-11-27,55.80292501814044,55.900584407075705,55.77851172312528,55.87617111206055,16942100
2019-11-29,55.51809161155865,55.61574478936208,55.452985353773386,55.485538482666016,11587200
2019-12-02,55.42043617120909,55.45298930241974,54.95656491698845,55.20071029663086,38855400
2019-12-03,54.71242509903573,55.0298103634916,54.5415196099827,54.997257232666016,28161500
2019-12-04,55.339056349010136,55.509955630905324,55.290229756718624,55.50181579589844,21762200
2019-12-05,55.53436512320006,55.53436512320006,55.30649942961424,55.396018981933594,21039700
2019-12-06,55.84361874911818,55.916858635169206,55.78665232367581,55.90058517456055,23179600
2019-12-09,55.80292135132793,55.89244089975094,55.607608795166016,55.607608795166016,21946200
2019-12-10,55.55065076044711,55.74596334609438,55.45299136318591,55.63203048706055,23419000
2019-12-11,55.65644056677341,55.98196566328435,55.64016710594152,55.92499923706055,16546800
2019-12-12,55.85988900610123,56.35631334600341,55.82733587787616,56.299346923828125,30690900
2019-12-13,56.60859743557787,56.9504022083397,56.47839111980544,56.68998336791992,46988400
2019-12-16,57.279233192276926,57.36976122029064,57.20516823053121,57.29569625854492,34004700
2019-12-17,57.03233903064584,57.11463551877676,56.96649932861328,56.96649932861328,28111100
2019-12-18,56.900664699696776,56.95827287440657,56.79367988347005,56.892433166503906,18590900
2019-12-19,56.77721681708432,56.90889623288964,56.727840175567394,56.892433166503906,25939200
2019-12-20,57.02410268946952,57.048791005944935,56.91711789180308,56.93357467651367,38587700
2019-12-23,56.982961314185864,57.0570325554361,56.9335846725658,57.024112701416016,21313800
2019-12-24,57.015875965727915,57.015875965727915,56.91712269149865,56.96649932861328,5947000
2019-12-26,57.07348949419824,57.229857231502784,57.00764978598368,57.21339416503906,8372000
2019-12-27,57.47674202612886,57.48497355868862,57.270997663872414,57.31214904785156,16281600
2019-12-30,57.41090994186421,57.41913519579627,56.86774179899825,56.88420486450195,24069000
2019-12-31,56.94181194182785,57.18047615648661,56.760755897685364,57.14755630493164,20142100
2020-01-02,57.575492828343464,57.740092060419705,57.476733289097716,57.723628997802734,24749300
2020-01-03,56.941807419561215,57.36152136620948,56.941807419561215,57.00764083862305,29921500
2020-01-06,56.91712160856778,57.25453908713055,56.908890076265436,57.22985076904297,22636400
2020-01-07,57.21337951906002,57.22984258130938,57.03232978604691,57.0734748840332,15107500
2020-01-08,57.00764013132049,57.394440503048344,56.9994148783018,57.23807907104492,14249500
2020-01-09,57.34507409955583,57.40268227505899,57.229857748549506,57.3697624206543,13749100
2020-01-10,57.32861158028713,57.42736485480806,57.0899473688289,57.15578079223633,33832300
2020-01-13,57.20516740369498,57.48497673800571,57.089951056764676,57.452056884765625,16443000
2020-01-14,57.34505823640949,57.608410719976646,57.336826705380325,57.50965118408203,28826600
2020-01-15,57.46027455554397,57.60017918894748,57.43558624127493,57.50965118408203,12217900
2020-01-16,57.60018535291794,57.77300985011413,57.53435193409498,57.748321533203125,12883400
2020-01-17,57.90470486217201,57.9540815093108,57.781256965504205,57.92116165161133,18473700
2020-01-21,57.65780567190154,57.723645383421506,57.45206128251699,57.46029281616211,20026600
2020-01-22,57.72364050196091,57.740103567858924,57.53435919587337,57.575504302978516,14047000
2020-01-23,57.36151761169722,57.49319699884035,57.0817083322462,57.43558883666992,18720200
2020-01-24,57.67425389924067,57.67425389924067,57.0899407371945,57.18869400024414,24107500
2020-01-27,56.08591281981773,56.30811396208646,56.00361633300781,56.00361633300781,32766700
2020-01-28,56.25873516687876,56.571464316283496,56.1764386832269,56.53031921386719,18001700
2020-01-29,56.63731089022911,56.72783891688158,56.45625483692415,56.538551330566406,14916600
2020-01-30,56.08591668085709,56.51386220902077,55.94601201576703,56.489173889160156,26285300
2020-01-31,55.96246853638078,55.98715685612389,55.353466960377965,55.534523010253906,40101600
2020-02-03,55.69087560219261,55.95422810225775,55.63326743901646,55.66618728637695,35288000
2020-02-04,56.505631521432875,56.678456022658445,56.44801707553838,56.596153259277344,32540000
2020-02-05,57.13932800292969,57.180479389404965,56.950040415491436,57.13932800292969,28162100
2020-02-06,57.31215304599283,57.34507289970874,57.196936697397206,57.29569625854492,23422500
2020-02-07,56.95827352471687,56.99119337904406,56.73607235653362,56.75252914428711,22188200
2020-02-10,56.661988666479346,56.89242131732553,56.661988666479346,56.867733001708984,13957600
2020-02-11,57.26276339161491,57.36974818276378,57.13931553793935,57.25453186035156,16040600
2020-02-12,57.4438316305706,57.493208271020734,57.34507207085034,57.452056884765625,13218100
2020-02-13,56.93358126465821,57.20516533495247,56.86774156055903,57.048797607421875,20113100
2020-02-14,57.0405631139473,57.057026178527444,56.80189890809077,56.950035095214844,15005100
2020-02-18,56.538545857511686,56.703145107682616,56.4727124362627,56.587928771972656,29201900
2020-02-19,56.78543795258407,56.875965964669064,56.73606132010824,56.77720642089844,16232700
2020-02-20,56.55500896886219,56.67845683688797,56.118831943481254,56.43979263305664,24607700
2020-02-21,56.258741500240646,56.30811814022652,56.01184574267141,56.17644500732422,24361900
2020-02-24,53.91325360214062,54.34119910627298,53.90502206970936,53.929710388183594,51653500
2020-02-25,54.17661033795619,54.225986978739286,52.958600875139595,53.040897369384766,55520000
2020-02-26,53.49353564569531,53.84741620958116,53.06559012321047,53.10673522949219,64966000
2020-02-27,52.2672966908364,52.83515000356812,51.51015894052745,51.534847259521484,80201400
2020-02-28,50.41559770600072,51.31264326097969,49.9300408801055,51.22211837768555,122342000
2020-03-02,51.21389167399609,51.98748942742858,50.785942978668494,51.8805046081543,78735900
2020-03-03,52.31667843468794,52.892760162267855,51.06575228161018,51.46078109741211,77691700
2020-03-04,52.36605899547239,53.05736021829549,51.929878787410786,52.999752044677734,41681700
2020-03-05,51.8146611127787,52.15208175221433,51.362024129059186,51.59245681762695,46294000
2020-03-06,50.662494510220625,51.10689996093604,50.333302264332985,50.8188591003418,64277200
2020-03-09,47.42818940946677,48.39930301244863,46.71219679647204,46.876792907714844,68431000
2020-03-10,48.720265473535605,48.8601701325608,47.06607904756469,48.60504913330078,110061600
2020-03-11,47.35412556831287,47.477570308271815,45.83161532687263,46.12788772583008,77459000
2020-03-12,42.63023660974187,42.76191289262144,40.498724622284264,41.058349609375,91385100
2020-03-13,43.71656384006945,43.86470004094812,40.95959047593512,43.543739318847656,73588700
2020-03-16,38.34251665358611,40.38350020021957,37.66767544620769,39.05027770996094,54122400
2020-03-17,39.60167989380932,41.066582107071795,38.97621832030027,40.95136260986328,55045400
2020-03-18,38.416588665971645,39.601675096138386,37.6347594392448,38.605873107910156,74919600
2020-03-19,38.564720794669576,40.078999309873566,38.23552858463887,39.206642150878906,65863000
2020-03-20,40.21890315558544,40.6468517643179,38.67993635414661,38.72108459472656,62803000
2020-03-23,38.95974899544156,39.19841318726615,38.01332375994929,38.26844787597656,61708000
2020-03-24,41.17355809215268,41.81548259543965,40.67977291061774,41.51097869873047,51118500
2020-03-25,41.97184727148075,43.543733975091186,41.37930254068406,42.86066436767578,60405600
2020-03-26,43.10755519815747,44.85226633051151,43.10755519815747,44.7781982421875,60511800
2020-03-27,43.15693422029269,44.22680736407871,42.82774514016672,43.502586364746094,53372400
2020-03-30,43.65895760114778,44.41609856579389,43.37091671967979,44.3831787109375,45987700
2020-03-31,43.69187145582114,44.39140100869746,43.45320725000322,43.99637222290039,64906600
2020-04-01,42.57261870749414,43.017027237976976,42.01299384823637,42.04591369628906,40960200
2020-04-02,42.11175183310385,43.04171716932485,41.980075575361816,42.868892669677734,38008700
2020-04-03,42.18582615387806,42.358653818456254,41.634432724224546,41.889556884765625,33029800
2020-04-06,43.41205798795495,44.27618363281905,43.2803817291129,44.11158752441406,42257500
2020-04-07,45.60940522487027,45.66701653014667,44.27618273859469,44.358482360839844,36678000
2020-04-08,44.48193209122004,44.918112289684366,44.11159159796162,44.72059631347656,35282900
2020-04-09,45.41188847070577,45.89744521189534,45.26375230292527,45.73284912109375,42218200
2020-04-13,45.59295667994605,45.66702478364839,44.951032068055774,45.29668426513672,33424700
2020-04-14,46.020891757350945,46.44061196257288,45.93036688624547,46.10319137573242,36915600
2020-04-15,44.81112294807825,45.01686731134821,44.539538881645186,44.662986755371094,30158700
2020-04-16,44.83581549745574,44.90165520683103,44.25973059806253,44.687679290771484,37284200
2020-04-17,45.757548912054574,45.93037657741708,45.3625200787019,45.87276840209961,36205100
2020-04-20,45.31314132910067,45.89745458837799,45.18146505744085,45.189693450927734,25077400
2020-04-21,44.523077669712976,44.86872982251474,44.16919712395844,44.309104919433594,35535300
2020-04-22,45.066238493512685,45.15676650469756,44.8604941551505,45.05801010131836,28732700
2020-04-23,45.14854257090861,45.798695497793794,44.811121948250815,44.91810989379883,34733400
2020-04-24,45.25552776811501,45.477728899313995,44.90987563403182,45.436580657958984,30445100
2020-04-27,45.74108808602173,46.144345277642074,45.66701999009414,46.037357330322266,30786900
2020-04-28,46.97555178579022,46.99200857121024,46.350087199901196,46.38300704956055,35115400
2020-04-29,47.3541192047929,47.70799972939152,47.24713126634437,47.54340362548828,34921800
2020-04-30,46.901484054441674,46.98378053981327,46.30070778147226,46.55583190917969,52183100
2020-05-01,45.86453601175339,45.93037571912021,45.35429083730068,45.543575286865234,32088300
2020-05-04,45.19791882659213,45.53534258581402,45.01686592727983,45.5271110534668,23432000
2020-05-05,45.8645373111319,46.037361838750996,45.53534818320173,45.609413146972656,23459100
2020-05-06,45.963282949082846,45.9962027959734,45.313133239746094,45.313133239746094,22596000
2020-05-07,45.97975207887425,46.218416307503475,45.774007703726994,45.996212005615234,30628700
2020-05-08,46.56406527088332,46.78626641799893,46.48999717537485,46.778038024902344,20445800
2020-05-11,46.49822467794054,46.86856514839016,46.42415658385062,46.73688888549805,30772300
2020-05-12,46.87679374151234,46.926173517586406,46.144344329833984,46.144344329833984,59246700
2020-05-13,46.42416320997188,46.43239160408531,45.56826580930602,45.790470123291016,31920300
2020-05-14,44.728825357629354,45.42012657529868,44.44901288525344,45.35429000854492,41217500
2020-05-15,45.29667511337442,45.576487544226445,45.09915916360436,45.39543151855469,34086000
2020-05-18,46.54760510146091,47.33766268980635,46.522913643480884,47.230674743652344,39999500
2020-05-19,46.885036053996856,47.099008854029606,46.57230367910855,46.58053207397461,31462400
2020-05-20,47.469335445399956,47.782067728280225,47.362347507154944,47.551631927490234,32827600
2020-05-21,47.395276799000115,47.526953080226065,46.860340140601465,47.000247955322266,27554400
2020-05-22,46.76980819453971,46.90148445590719,46.56406383993993,46.86856460571289,27513100
2020-05-26,48.30054303590461,48.48159907061522,48.17709830811893,48.210018157958984,46679700
2020-05-27,48.81079433756875,48.8354826567853,48.28408612547333,48.794334411621094,33723400
2020-05-28,49.42802325581459,49.80659210238606,49.23050730054578,49.25519561767578,40630200
2020-05-29,49.18112716526011,49.214047014131125,48.56389412627165,49.08237075805664,47437100
2020-06-01,49.485635906301376,50.19339702931957,49.44448766088611,50.176937103271484,30195300
2020-06-02,50.48143431659465,50.74478683591997,50.4073662243213,50.64603042602539,31663000
2020-06-03,51.287954942105735,52.003944451680326,51.271495016213116,51.85580825805664,29773100
2020-06-04,51.526618010817046,51.94633512379619,51.49369815976501,51.63360595703125,26190300
2020-06-05,52.654095238162135,52.93390768804398,52.42366256393346,52.52241897583008,31208000
2020-06-08,52.8104657707701,53.213729274940704,52.49773657461551,53.20549774169922,29644000
2020-06-09,52.29199019067487,52.6952474005662,52.21792209139137,52.51419448852539,30176500
2020-06-10,52.703483141383515,52.85161935177785,52.20146633275942,52.39897918701172,27492200
2020-06-11,51.00814309944513,51.17273922095787,49.4856360391245,49.592620849609375,54699700
2020-06-12,50.90938149641316,51.03282622041559,49.740751978184115,50.44851303100586,57668900
2020-06-15,49.512023008838895,50.78070638755454,49.35343878048995,50.6555061340332,30698700
2020-06-16,51.66544773380967,51.76560602768004,50.71393279812951,51.28150177001953,37029400
2020-06-17,51.682145222796976,51.765613132457126,51.323244355171475,51.473480224609375,26238300
2020-06-18,51.05614996952651,51.37332165667757,50.95599166241703,51.19804382324219,20035700
2020-06-19,51.78230321639685,51.7989967972012,50.87252375839722,50.9476432800293,32270800
2020-06-22,51.289854869907785,51.6237169415121,51.089535079765156,51.55694580078125,20743000
2020-06-23,52.15790042466656,52.258058724749766,51.78230281938585,51.840728759765625,20897800
2020-06-24,51.239775573761186,51.35662746132219,50.363383233078494,50.51362228393555,34030900
2020-06-25,50.56370647683058,51.28151143279193,50.3299995017969,51.2314338684082,26357100
2020-06-26,51.106225339904434,51.156306080179455,50.41345927796161,50.48857879638672,32279300
2020-06-29,50.73897968829553,50.997722237925785,50.44684679216531,50.89756393432617,23749700
2020-06-30,50.538653273896536,50.99771555453976,50.45518856249764,50.80574417114258,32612900
2020-07-01,50.74732527284173,51.15631005694409,50.705592911355794,50.99772262573242,25243100
2020-07-02,51.70718484739446,51.96592739569217,51.481826277474646,51.55694580078125,20854100
2020-07-06,52.33318079283425,52.49176504101545,52.124515800186565,52.39995193481445,21537100
2020-07-07,51.92420219969173,52.149560800708485,51.61537886525047,51.63207244873047,17394200
2020-07-08,51.64040748044484,52.091124593731784,51.54859438137066,52.06608581542969,17363400
2020-07-09,51.99097171257676,51.999316911555184,51.12292455596229,51.473480224609375,26098200
2020-07-10,51.68214320177934,52.04939562197233,51.52355895558923,52.024356842041016,22008800
2020-07-13,52.31648182140854,52.608611507428414,51.615367390986044,51.690486907958984,20515500
2020-07-14,51.7906491571816,52.50845722218279,51.73222321551639,52.45003128051758,35121300
2020-07-15,53.24295665154651,53.40988927105788,52.900746214336905,53.04263687133789,28888600
2020-07-16,52.708772576142884,52.92578274350221,52.60861109830804,52.70042419433594,24677200
2020-07-17,52.825623820278516,53.01759520787936,52.6920783687312,53.009246826171875,19641800
2020-07-20,53.00925580719696,53.28469513866503,52.85901993473058,53.268001556396484,17996600
2020-07-21,53.54343943961488,53.685330109096725,53.3431196417859,53.37650680541992,21179700
2020-07-22,53.376504437749205,53.59351462379391,53.28469133381586,53.51839828491211,18023400
2020-07-23,53.39320196004263,53.601866962939184,52.959178371940766,53.09272384643555,16080700
2020-07-24,52.76719891018731,52.96751549941572,52.650347035808274,52.80058288574219,16017900
2020-07-27,53.30973176777335,53.585167904145806,53.25965420696479,53.49335479736328,16368200
2020-07-28,53.20957187691132,53.45997240939445,53.12610715540029,53.151145935058594,20470300
2020-07-29,53.39319302186723,53.80217457605364,53.28468634701228,53.71036148071289,20055900
2020-07-30,52.44168262263262,53.01759680275986,52.00765909605383,52.91743850708008,24664100
2020-07-31,52.591926077997044,52.60027446116269,51.46513633275558,51.790653228759766,36002300
2020-08-03,52.32482700635625,52.808931267611996,52.199629934082196,52.80058288574219,23609700
2020-08-04,52.55854194845641,53.09272384643555,52.53349998300565,53.09272384643555,16236800
2020-08-05,53.49335695708367,53.63525399835391,53.19288202817567,53.268001556396484,17901300
2020-08-06,53.05933271599319,53.40989155032465,52.91744205293703,53.32642364501953,17210500
2020-08-07,52.80893505759063,53.1177583454666,52.750509116208015,53.109413146972656,14988900
2020-08-10,53.151141588355024,53.29303224011495,52.97586377713108,53.28468704223633,10049000
2020-08-11,54.19446973434137,54.2278568958338,53.434926138275884,53.476661682128906,31465500
2020-08-12,54.545032411544994,54.887246085007654,54.46991606446339,54.66188430786133,28638500
2020-08-13,54.59511452886246,54.737005202821294,54.26124924993833,54.419830322265625,17783100
2020-08-14,54.03588027854942,54.202816079738064,53.935725165785925,54.08596420288086,10874100
2020-08-17,54.34471409806644,54.51999193710101,54.336365714888444,54.49495315551758,11429900
2020-08-18,54.695263052303915,54.77038575576974,54.30297187452073,54.4615592956543,23832500
2020-08-19,54.70360957117196,54.77038389021164,54.18611815053875,54.219505310058594,15591900
2020-08-20,53.710362372221425,54.13604069696236,53.66028481682234,54.044227600097656,19825800
2020-08-21,53.42658772895143,53.77714339635165,53.401545764154854,53.768795013427734,15926400
2020-08-24,54.57841007614785,54.58675845813163,54.25289322622646,54.478248596191406,14627700
2020-08-25,54.778733400816314,54.787081783826174,54.219512730213914,54.51164245605469,18507500
2020-08-26,54.53667178763737,54.89557577946934,54.469903838978574,54.82880783081055,19549800
2020-08-27,54.862194940499705,54.88723371721823,54.06926425936693,54.26958084106445,24413900
2020-08-28,54.59510799632236,54.67857271407885,54.302971932249996,54.653533935546875,15197300
2020-08-31,54.51163899703103,54.68691682141328,54.21116090724716,54.2362060546875,24929800
2020-09-01,54.269590623522674,54.40313928069361,54.05258360754561,54.29463577270508,23945500
2020-09-02,54.68691342498685,55.06251419786435,54.47824845159367,55.02077865600586,20748400
2020-09-03,54.84550530283095,54.895582862774,53.55178618335105,53.77714157104492,43834300
2020-09-04,53.994153804997794,54.12769608467879,52.875706168913126,53.852256774902344,33992800
2020-09-08,53.19287872314453,53.64359268048997,53.00090731494693,53.19287872314453,26869600
2020-09-09,54.044232229868065,54.38644586894352,53.944070742539864,54.18612289428711,23374000
2020-09-10,54.47825118522148,54.56172227312689,53.55178451538086,53.55178451538086,30361000
2020-09-11,54.21115809383523,54.36974551297702,53.86060246326361,54.08596420288086,29958900
2020-09-14,54.545026978590094,54.628491700795294,54.33636198910203,54.37809753417969,14663300
2020-09-15,54.928969560127186,54.95400833988663,54.611801069924105,54.72865295410156,17678700
2020-09-16,54.887240383178145,55.10424738639337,54.628491467113705,54.72865295410156,18052600
2020-09-17,54.40313620643089,54.82046618458149,54.35305864679685,54.803775787353516,18149700
2020-09-18,54.64519213503744,54.67023091658516,54.17778456494516,54.36140441894531,27897500
2020-09-21,53.009253563070025,53.05098910896215,52.41664574551324,52.984214782714844,39928700
2020-09-22,52.98421524918926,53.042641193182476,52.49176573269278,52.96752166748047,15810800
2020-09-23,53.28469071740471,53.31807787917151,52.46672435796784,52.525150299072266,18325800
2020-09-24,52.39160242207542,52.81727757107709,52.12451150819695,52.475067138671875,25234900
2020-09-25,52.024361269368356,52.667046691449144,51.86577382570722,52.65035629272461,24180700
2020-09-28,53.32642737473252,53.459976032561265,53.234614264462884,53.44327926635742,18102700
2020-09-29,53.4432716711517,53.61020746971319,53.184529143318386,53.38484573364258,16168300
2020-09-30,53.18453220307746,53.52673946590425,52.94248005719999,53.12610626220703,37083000
2020-10-01,53.418230869399466,53.4766568046949,53.11775281132314,53.43492126464844,33266700
2020-10-02,52.78389658842386,53.459972293507725,52.75050942630181,53.32642364501953,25285500
2020-10-05,53.760452915638226,54.15273776115301,53.743756149816114,54.13604736328125,14564100
2020-10-06,54.17778020386203,54.21116099793828,53.45162375767788,53.56012725830078,22901400
2020-10-07,53.93573083125392,54.094311899103545,53.82722095709588,54.019195556640625,17055500
2020-10-08,54.26125216613496,54.41149123132768,54.2028262167795,54.39479446411133,13385000
2020-10-09,54.678574426465985,54.85385224962877,54.60345172056766,54.820465087890625,22181600
2020-10-12,54.94566605483281,55.179369822037465,54.89558212761034,55.13763427734375,9676100
2020-10-13,54.68691463420037,54.68691463420037,54.411481702872834,54.51998519897461,16260500
2020-10-14,54.69526782047368,54.78708092829713,54.37809931850651,54.42817687988281,13144000
2020-10-15,53.368154978121986,53.83556568690595,53.35146139738238,53.78548812866211,20631800
2020-10-16,53.96076470684589,54.26958479949886,53.91902916397127,54.03588104248047,15792600
2020-10-19,54.32801764423764,54.39479197414462,53.76879695915552,53.8355712890625,14736400
2020-10-20,54.22785758331161,54.40313540740653,54.09430893564881,54.102657318115234,23268000
2020-10-21,54.01918802654921,54.28627893132531,53.827213453765076,53.843910217285156,21699100
2020-10-22,53.785487889329076,53.977456107042876,53.50170020199359,53.885643005371094,20533700
2020-10-23,54.21116090724716,54.2362060546875,53.9023408029332,54.2362060546875,19334200
2020-10-26,53.55178406944346,53.61855202408187,52.93413113742645,53.25965118408203,17745700
2020-10-27,53.16783634054092,53.192875118703704,52.7671999700622,52.84231948852539,19616900
2020-10-28,51.67379724488466,51.78230392961995,51.22308010888424,51.26481246948242,36132600
2020-10-29,51.298197661428766,51.67379526033751,51.031106743088074,51.50686264038086,30898400
2020-10-30,51.2815051565015,51.35662467785864,50.88921715294751,51.23977279663086,35889900
2020-11-02,51.815687492656835,51.94923294768018,51.556941780560116,51.90749740600586,24388600
2020-11-03,52.9257910798295,53.4599761604971,52.85901993473058,53.268001556396484,26474500
2020-11-04,53.50170112679596,54.31132229119642,53.28469094234558,53.852256774902344,26490200
2020-11-05,55.09590327734571,55.24614231814123,54.812115592309794,55.14598083496094,28528300
2020-11-06,55.354653384477864,55.49654406242215,55.17102715751433,55.262840270996094,21980100
2020-11-09,57.89200811957232,57.908698514794025,56.857031681194314,56.873722076416016,43606500
2020-11-10,57.36618313748051,57.69170001973483,57.21594408659773,57.38287353515625,37172600
2020-11-11,57.79185117269583,57.90870305225177,57.63327011784124,57.866973876953125,16643200
2020-11-12,57.38287561618919,57.56650183703307,56.89042926751741,57.02397155761719,24076600
2020-11-13,57.38288001383563,57.93375871858493,57.35784123051994,57.90037155151367,21594600
2020-11-16,58.48462185892374,58.54304780012346,58.1841437704823,58.501312255859375,20294600
2020-11-17,58.292647308220964,58.60982216175361,58.14241463185287,58.44288635253906,18574500
2020-11-18,58.5346969094914,58.71832310766508,58.134063720703125,58.134063720703125,15018000
2020-11-19,58.125722667759746,58.584788221078064,58.02556117395834,58.543052673339844,24048000
2020-11-20,58.52636975165715,58.793460734630806,58.46794379813014,58.71833801269531,18571900
2020-11-23,58.92699269836319,59.00211540711198,58.43454637192757,58.643211364746094,14340300
2020-11-24,59.18574481706247,59.57802967567557,59.11897048744513,59.51960372924805,23399300
2020-11-25,59.16904538937348,59.59472376159963,59.06054188458851,59.44448471069336,19214900
2020-11-27,59.578011525349915,59.90352832312818,59.56966951265205,59.853450775146484,11839100
2020-11-30,59.644794001874885,59.70321993850342,58.50130767877412,58.5513916015625,46146500
2020-12-01,59.54463967415445,59.97866642803952,59.51125887888661,59.9285888671875,29860500
2020-12-02,59.636453505444734,59.99535755446126,59.5947243268779,59.93693161010742,20864700
2020-12-03,60.14558998067697,60.32086779442849,59.936925006979976,60.037086486816406,16572700
2020-12-04,60.37929451427287,60.562920712376176,60.35425573597691,60.54623031616211,18956100
2020-12-07,60.112197905796364,60.27913369187462,59.91188133045157,60.05377197265625,19537700
2020-12-08,59.9118879051699,60.29583070336002,59.9118879051699,60.26244354248047,12428100
2020-12-09,60.62970190620112,60.62970190620112,59.96197135884873,60.34592056274414,18355000
2020-12-10,60.02040451608568,60.562928429494065,60.02040451608568,60.429386138916016,20871300
2020-12-11,60.06213184081065,60.25410643952844,59.88685400786849,60.245758056640625,21812000
2020-12-14,60.64522142694746,60.737925866312985,60.240698809507954,60.282833099365234,26176400
2020-12-15,60.52723067072238,60.94018268763358,60.43452623818325,60.898048400878906,24075700
2020-12-16,60.99075360865916,61.2014443344224,60.805344741224204,61.1340217590332,15642300
2020-12-17,61.664958760506,61.75766319224997,61.50483818457868,61.5638313293457,18633100
2020-12-18,61.5217046673586,61.53855709981161,61.150886855672134,61.24359130859375,27367900
2020-12-21,59.74346117407126,60.6030829285335,59.55805230821585,60.459808349609375,31488000
2020-12-22,60.33339877352936,60.400821355210375,60.12270802810465,60.3081169128418,20355000
2020-12-23,60.82220515500528,61.049754769374175,60.77164143171065,60.95705032348633,13577300
2020-12-24,60.93177041204989,61.04975672336138,60.83906596319491,60.98233413696289,7252900
2020-12-28,61.62282780750113,61.64810966665879,61.39527821554043,61.47955322265625,11142200
2020-12-29,62.19590633928308,62.24647005717704,61.79137730681887,61.87565231323242,17541500
2020-12-30,62.204320962356626,62.3644479538185,61.917784693182725,61.95991897583008,15147100
2020-12-31,61.892516586159196,61.90093958669773,61.34471935189867,61.48798751831055,34218500
2021-01-04,62.69312728006372,62.718409136551635,61.56382815846853,61.808223724365234,26703400
2021-01-05,62.01050037170866,62.600431874005075,61.95993022167529,62.448734283447266,19748500
2021-01-06,62.61728646459146,63.47690179929499,62.549863888991375,63.165077209472656,25426900
2021-01-07,63.08080820369892,63.325210241163255,63.02181505188142,63.232505798339844,18783700
2021-01-08,63.696025372484385,63.822441101074226,63.165080598361264,63.82244110107422,25272200
2021-01-11,62.65942871332808,63.17351466549813,62.64257628217219,62.98810577392578,23190200
2021-01-12,62.937540277469516,63.31678105062158,62.76056082134713,63.2746467590332,20914000
2021-01-13,63.17351360639625,63.34207006398687,63.05552730096852,63.190372467041016,15580700
2021-01-14,63.384197443484375,63.8392901846903,63.37576801408129,63.696022033691406,22607500
2021-01-15,62.87854041134586,63.004956132155165,62.339172670345434,62.701560974121094,27355900
2021-01-19,63.18193240015247,63.224066685128335,62.89538968537308,63.15665054321289,20162300
2021-01-20,63.24935249842518,63.59488191270453,63.131366217474174,63.58645248413086,14419000
2021-01-21,63.62860212541932,63.68759527417258,63.24093194364492,63.63703155517578,20536300
2021-01-22,63.08923520947647,63.443194106779444,63.06395334963641,63.33363723754883,18854700
2021-01-25,62.8532555958924,63.266207596654134,62.48243788023758,63.25777816772461,21748100
2021-01-26,63.350494384765625,63.43476940043153,63.122951199490544,63.350494384765625,14175200
2021-01-27,62.18747504093198,62.558292773733264,61.67338915855589,61.90093231201172,31245200
2021-01-28,62.061062621955976,62.65099411027892,62.00206947312368,62.297035217285156,26658600
2021-01-29,61.55540368349498,61.740812552354456,60.678929486013416,61.007606506347656,42149500
2021-02-01,61.75766558679768,61.799806304595435,61.46269985152577,61.732383728027344,23243900
2021-02-02,62.0694969880138,62.40660347805261,61.91779938898492,62.35603332519531,20388500
2021-02-03,62.38131284392188,62.54143986737511,62.204333389996805,62.507728576660156,11345800
2021-02-04,62.271758153535245,62.57515335083008,62.21276500015966,62.57515335083008,10500300
2021-02-05,62.87853932855661,62.99652561800803,62.63413732047282,62.96281433105469,10955600
2021-02-08,63.41791062656057,63.569608211496,63.23250175277605,63.401058197021484,16405600
2021-02-09,63.493758201209545,63.78873038047407,63.426342051161846,63.74658966064453,16337600
2021-02-10,63.940435793996194,63.99099952016178,63.26622277285293,63.5274772644043,15402800
2021-02-11,63.873008006679555,63.96571245028493,63.62860596715369,63.95728302001953,12314100
2021-02-12,63.780295219130835,64.34494480738786,63.77186578996819,64.31123352050781,11946800
2021-02-16,64.8843218904724,65.0360194884133,64.6567787084468,64.77476501464844,20225600
2021-02-17,64.30281100971264,64.49664287353254,64.05840900030317,64.39551544189453,19198800
2021-02-18,63.92357400512269,64.11741232950166,63.62017880247744,64.07527160644531,19191700
2021-02-19,64.3365267388889,64.54721749676544,64.16797670449634,64.26068115234375,14962300
2021-02-22,64.0668288756405,64.48821029963905,64.0246945911028,64.10054016113281,19515800
2021-02-23,64.02470715976835,64.3618136510985,63.460057483909004,64.1595458984375,25014500
2021-02-24,63.76346297113164,64.4292402009707,63.60333591521531,64.36182403564453,21877600
2021-02-25,64.47136758955544,64.62306518225114,63.156659406040326,63.26621627807617,36921800
2021-02-26,63.08924544247362,63.08924544247362,62.330757375390654,62.37289810180664,48798100
2021-03-01,63.12293394521579,63.59487904775871,63.0892226622099,63.544315338134766,24268100
2021-03-02,63.49376969996683,63.69603747605407,63.299937785098564,63.4769172668457,22204900
2021-03-03,63.2830614450772,63.55275173871211,62.99652515274585,63.089229583740234,20856100
2021-03-04,63.148221619515645,63.40947604967524,62.12847932624873,62.490867614746094,34648600
2021-03-05,62.8785447562332,62.99653105586919,61.99364107919215,62.8953971862793,29694200
2021-03-08,62.63413644509918,63.122940454435266,62.48243887081455,62.67627716064453,25080900
2021-03-09,63.35891976308305,63.64545608397571,63.25778589288915,63.519046783447266,19060200
2021-03-10,63.79714599111676,63.8729979920699,63.48532784767151,63.78872299194336,19467400
2021-03-11,63.99099287164781,64.23539490567515,63.839295279140195,64.1258316040039,15485300
2021-03-12,63.780300848138864,64.31123919637446,63.75501898819019,64.28595733642578,16342500
2021-03-15,64.1932491827169,64.3702286218892,63.81400844588634,64.33651733398438,17320100
2021-03-16,64.48822499237959,64.5387951470249,64.33652738798712,64.44609069824219,16662600
2021-03-17,64.22697164417822,64.90118466002608,64.1426966246402,64.82533264160156,16305000
2021-03-18,64.50508124356604,64.94331517753736,64.22696790847213,64.23539733886719,23176300
2021-03-19,64.22696751488219,64.479798987013,63.85614973702939,64.4123764038086,31465200
2021-03-22,64.30280164217886,64.63147860666238,64.25223150395627,64.47135162353516,27978200
2021-03-23,64.03313001405496,64.12582802062344,63.49375582545739,63.57803726196289,22514200
2021-03-24,63.4010527404451,63.70444145443408,63.24935516856544,63.25777816772461,20717000
2021-03-25,63.207224770005844,63.76345143427217,63.0639566036723,63.729740142822266,25183000
2021-03-26,63.94885081694474,64.57250003411622,63.94042781681593,64.5556411743164,27419100
2021-03-29,64.16797313451058,64.41237517162264,63.98256424913098,64.30281829833984,18381600
2021-03-30,63.95728950955371,64.2775371646486,63.88986692013204,64.21854400634766,15377400
2021-03-31,63.94884505747568,64.24381720946641,63.89828134217236,63.94042205810547,32191600
2021-04-01,64.2691084981026,64.83375816774927,64.22696777598567,64.77476501464844,26312600
2021-04-05,65.30569996744697,65.77765159727242,65.19614309736896,65.71865844726562,20340500
2021-04-06,64.93489002721623,65.12029248136953,64.85903801571469,65.0191650390625,18995900
2021-04-07,65.0360206496994,65.24671140450323,64.98545692607338,65.15400695800781,14349400
2021-04-08,65.44898046285417,65.62595992884374,65.33098772242276,65.52482604980469,15502500
2021-04-09,65.47426386931993,65.77765908382068,65.47426386931993,65.72708892822266,16330500
2021-04-12,65.45739712735717,65.51639027697635,65.26356524851029,65.36469268798828,13729500
2021-04-13,65.45738431007454,65.76077942864254,65.41525002846609,65.74392700195312,12712500
2021-04-14,65.77764982865388,66.03047485198316,65.73550910988018,65.79450225830078,13079200
2021-04-15,66.20745525682564,66.36758227476132,66.14846210755003,66.34230041503906,20480100
2021-04-16,66.59512800649973,66.8395300428448,66.49400056371647,66.82267761230469,17058700
2021-04-19,66.89009790433,66.93223219412367,66.52770957729497,66.7046890258789,15206800
2021-04-20,65.93777723030392,66.01362924598298,65.35627511569865,65.50797271728516,29570100
2021-04-21,65.38155243692968,66.20745654283051,65.36469357694003,66.18217468261719,15615600
2021-04-22,66.33387625646279,66.39286941042631,65.85350159425357,65.96305847167969,22677800
2021-04-23,66.19901899078569,66.77209793880826,66.18216013450193,66.63725280761719,18607900
2021-04-26,66.66255383143356,66.77211713947423,66.5782788150903,66.68783569335938,14052100
2021-04-27,66.35915617842689,66.51928320440642,66.27488116519554,66.46871948242188,13612200
2021-04-28,66.41813268431656,66.79737979346415,66.3591395468629,66.63725280761719,14288600
2021-04-29,66.86481319913975,66.89852449064448,66.2495998110499,66.66255187988281,16411000
2021-04-30,66.25801979151028,66.36757665094684,65.5922363462331,65.82820892333984,28951400
2021-05-03,66.36758488945155,66.62883935656893,66.21588729537052,66.55299377441406,21382200
2021-05-04,65.82822532497568,65.99677537068455,65.23829373522256,65.56697082519531,29144900
2021-05-05,66.28330954754554,66.60355716467029,66.13161195421883,66.46028900146484,17680000
2021-05-06,66.54456494163571,67.03336901914838,66.3338741940635,67.00808715820312,21533100
2021-05-07,67.12607696791268,67.8002835374893,67.05865438202352,67.7665786743164,23316000
2021-05-10,67.9856844875372,67.9856844875372,67.35361228569002,67.40418243408203,16927500
2021-05-11,66.18216542542805,66.67096942041847,66.08946099776539,66.51927185058594,34624600
2021-05-12,66.06419552010111,66.35916130408002,65.32256634470104,65.45740509033203,32608200
2021-05-13,65.47426748869661,66.08948095282986,65.44898562438595,65.94621276855469,36208800
2021-05-14,66.58669334436557,67.11763161530506,66.54455263073872,67.05020904541016,18601700
2021-05-17,66.66253676494092,66.93222060605969,66.6035436256265,66.92379760742188,16699500
2021-05-18,67.45474782522469,67.48002968516208,67.06707763671875,67.06707763671875,16526900
2021-05-19,66.23273269397579,66.73839557374036,65.92091453852767,66.47713470458984,30391700
2021-05-20,66.90695146319904,67.46317810793741,66.88166960294205,67.3536148071289,21650300
2021-05-21,67.5727353117568,67.5980171721383,67.21877640687349,67.44631958007812,26751600
2021-05-24,67.63174023445512,67.94356490290211,67.58117650489109,67.85928344726562,12267900
2021-05-25,68.06995337813905,68.1289465211526,67.76656466390531,67.8761215209961,14338900
2021-05-26,67.80027308725143,67.95197066723466,67.71599808276534,67.833984375,12732000
2021-05-27,67.94355864006684,68.08682681380714,67.75814974239272,67.96041107177734,16211200
2021-05-28,68.12893691399383,68.39019773601548,68.08680263479445,68.12051391601562,21449500
2021-06-01,68.68517678854604,68.70202921755455,68.2806477648641,68.36492919921875,27524200
2021-06-02,68.4913496406814,68.69361740033422,68.39865162138857,68.59248352050781,13561200
2021-06-03,68.2300892334305,68.3396461047387,68.05310978142289,68.25537109375,16987600
2021-06-04,68.7104678063089,68.88744726845844,68.60091092872248,68.83688354492188,13335200
2021-06-07,68.99699883470787,69.09812626457231,68.91271740346022,69.06441497802734,16738700
2021-06-08,69.13183574020368,69.19925831152747,68.91271559828648,69.03070831298828,13218700
2021-06-09,69.005442276584,69.05601243626789,68.77789906220984,68.84532165527344,20203600
2021-06-10,68.91536579568972,69.15456523458371,68.83848305505775,69.03496551513672,16555200
2021-06-11,69.12037528188107,69.24851313808841,68.93243106918548,69.19725799560547,12864700
2021-06-14,69.13747970017582,69.3339686704094,69.09476272300027,69.31687927246094,17044400
2021-06-15,69.37667039763141,69.42792554963421,69.25707069782837,69.40229797363281,17729200
2021-06-16,69.46210221933265,69.53899146989745,68.74450397510226,68.97515869140625,21706700
2021-06-17,68.53093741541296,68.67616471159155,68.17213826566736,68.49676513671875,27756300
2021-06-18,67.25804223865022,67.42889709218669,67.00175344065065,67.0786361694336,36755100
2021-06-21,67.37764907002752,68.00127521735737,67.27513223643967,67.95856475830078,20228000
2021-06-22,67.76205969122206,68.1294034438528,67.61683243308048,67.96708679199219,14010200
2021-06-23,67.89020930068284,67.94146445039836,67.4288934001596,67.53141021728516,17074600
2021-06-24,68.03543679270099,68.21483633498704,67.99271982266855,68.1806640625,19833300
2021-06-25,68.33443539656861,68.38569706367137,68.19775282558166,68.32589721679688,12418800
2021-06-28,68.08668779100257,68.13794945545473,67.796233269115,67.89020538330078,26952900
2021-06-29,68.02690256971826,68.06961954632811,67.82187542092115,67.90730285644531,9357500
2021-06-30,67.28365914480631,67.53994138446876,67.10425962173443,67.38616943359375,33578500
2021-07-01,67.39472046630881,67.59120940111397,67.23240380354343,67.54849243164062,28075400
2021-07-02,67.55704951346483,67.79624894389835,67.38618812194402,67.77915954589844,13712600
2021-07-06,67.81332926271853,67.83041866007292,67.09573099852355,67.33493041992188,21289800
2021-07-07,67.62540301851553,67.78771321481823,67.34348657347368,67.70228576660156,21686400
2021-07-08,66.61733026261646,66.9505018069098,66.42084130479708,66.83090209960938,24175500
2021-07-09,67.53140501756742,68.00980375859572,67.46306047807938,67.96708679199219,35200100
2021-07-12,67.9841890380417,68.29173300618471,67.92438918410808,68.25756072998047,11995800
2021-07-13,68.0097976542108,68.16356959540973,67.79622587575082,67.89874267578125,15689500
2021-07-14,68.18921860272506,68.19776330150384,67.96710205834547,68.05253601074219,14023600
2021-07-15,67.40327453613281,67.57412940239458,67.1469857190448,67.40327453613281,21637900
2021-07-16,67.360554750934,67.40327172456529,66.78818380336729,66.90778350830078,23034100
2021-07-19,65.85701232187303,65.97661855376137,65.33590300585925,65.6947021484375,44844800
2021-07-20,65.54093246131072,66.30124775014592,65.45550502212507,66.17310333251953,30309900
2021-07-21,66.64294612610509,67.2238616813236,66.6087738560694,67.18114471435547,22928600
2021-07-22,67.4289113093554,67.46308359080678,67.04448454899577,67.20679473876953,15874000
2021-07-23,67.65100816799031,67.8047801308678,67.51431908201285,67.6766357421875,16550600
2021-07-26,67.54851330476501,67.79625746533789,67.54851330476501,67.7706298828125,14870900
2021-07-27,67.46306588669603,67.54849330905792,67.17260482943213,67.49723815917969,20952500
2021-07-28,67.50578805910892,67.91584888241147,67.394733042527,67.78770446777344,19700600
2021-07-29,68.35153286011835,68.44550499025623,68.24047133303071,68.25756072998047,23670000
2021-07-30,67.99273029196948,68.20630213962768,67.77062026314574,67.90730285644531,23997100
2021-08-02,68.46258764541152,68.58218735288729,68.1208714021828,68.24901580810547,25364000
2021-08-03,68.53947185869632,68.7530436803058,68.25755548992508,68.73595428466797,19028100
2021-08-04,68.77867366931267,68.8982733721948,68.50530198876852,68.53092956542969,12852000
2021-08-05,68.88118810417565,68.94953265783148,68.78721597232271,68.86410522460938,11868900
2021-08-06,68.71032779648644,68.7872105249893,68.49675597149646,68.6078109741211,10892500
2021-08-09,68.6249005862072,68.66761104072283,68.49675618727056,68.57363891601562,7897000
2021-08-10,68.57364500335206,68.7274169921875,68.53093454504499,68.7274169921875,10438200
2021-08-11,69.13745815681084,69.23997495947032,68.9922309079801,69.19725799560547,14996100
2021-08-12,69.05203901040466,69.16309400497245,68.91534992383409,69.13746643066406,12443200
2021-08-13,69.3595859969162,69.58169599584896,69.29978614832741,69.55606842041016,14590400
2021-08-16,69.01785847922157,69.20580269191716,68.79574199897283,69.19725799560547,19192300
2021-08-17,68.54800415039062,68.70177610944788,68.24900492936104,68.54800415039062,23555000
2021-08-18,68.53093197881849,68.79575897057009,68.27464316779131,68.28318786621094,16384700
2021-08-19,67.39471981605935,67.78769116418368,67.36054754434927,67.60829162597656,30515300
2021-08-20,67.41182891901765,67.89022782743281,67.33493965576733,67.87313842773438,15774200
2021-08-23,68.24045372757578,68.5821698837632,68.2148261564581,68.50528717041016,22524800
2021-08-24,68.47967310116783,68.76158295673899,68.4113285529164,68.65052795410156,13722900
2021-08-25,68.58217534755707,68.74449200115856,68.47112035796842,68.6761474609375,12891400
2021-08-26,68.45404251011851,68.54801463934909,68.21484309669344,68.3173599243164,16927900
2021-08-27,68.33445095835613,69.00079412318802,68.30882337781583,68.94099426269531,24935800
2021-08-30,68.91536734884508,69.0264288891888,68.8213952074909,68.92391204833984,8142000
2021-08-31,69.04350434673127,69.05204904530727,68.7615879529811,68.88973236083984,18738400
2021-09-01,69.41937932751426,69.70128914856647,69.37666236066397,69.51335144042969,30472100
2021-09-02,69.80380989514468,69.94903716231566,69.71838247432024,69.7952651977539,13827400
2021-09-03,69.88071154302637,70.20533840687186,69.78673940812718,70.11136627197266,16303200
2021-09-07,70.22242040064232,70.29930965445098,70.11991008582478,70.1626205444336,13967800
2021-09-08,69.86361259520727,69.98321229278565,69.49626880473235,69.60733032226562,22764200
2021-09-09,69.58170406623178,69.84653758443687,69.42793207806913,69.48773193359375,18963300
2021-09-10,69.98320745144873,70.0344691166466,69.3168644631245,69.33395385742188,26709900
2021-09-13,70.0088523169122,70.01739701617136,69.64150846111814,69.8807144165039,22335000
2021-09-14,70.085728661117,70.09427335880176,69.52189593242689,69.59024047851562,19177500
2021-09-15,69.52189354049906,69.80380989514468,69.38521097071884,69.7952651977539,26233800
2021-09-16,69.49627509922152,69.70130223968371,69.30833083809148,69.68421936035156,25765500
2021-09-17,69.25707751722581,69.37667722880525,68.53947924774918,68.77013397216797,37070600
2021-09-20,67.26657694933857,67.65954830635893,66.91632256234644,67.49723815917969,45028000
2021-09-21,68.41134125206244,68.52239627531493,68.0696249650676,68.1635971069336,37472300
2021-09-22,68.49674247413974,69.0264028421149,68.44548733190437,68.50528717041016,28718400
2021-09-23,69.04350039662866,69.38521662546998,69.00078342388788,69.24852752685547,31257800
2021-09-24,68.53092151071911,68.77012088836932,68.4882045428412,68.5992660522461,20066300
2021-09-27,68.40279233726787,68.6249088877812,68.31736490020755,68.55656433105469,15526500
2021-09-28,67.52286988542754,67.55704216001212,66.83943742912582,67.06155395507812,48064900
2021-09-29,67.24095504600051,67.2836720196318,66.83943895756876,66.90778350830078,31733200
2021-09-30,66.97612348025471,67.0786337816496,66.48063529786393,66.64295196533203,39506300
2021-10-01,66.67712944723053,66.95903931578414,66.20726880348259,66.80526733398438,44524800
2021-10-04,66.60023211851284,66.68565953855096,65.865544574335,66.10474395751953,32751400
2021-10-05,66.24999687842289,66.79674034583581,66.1731076157918,66.55754089355469,25903300
2021-10-06,65.4811332606174,66.14747641774068,65.29318898190142,66.1133041381836,36917200
2021-10-07,66.47209776461587,66.89924144698496,66.46355958370914,66.62586975097656,19908700
2021-10-08,66.79673202536019,66.84798718226553,66.49772622955793,66.6173324584961,23628700
2021-10-11,66.77110666201352,66.98467851313148,66.39521811838331,66.40376281738281,23542500
2021-10-12,66.52334592057407,66.6685731788216,66.31831230196038,66.43791198730469,18697400
2021-10-13,66.78818965503358,67.18116107963036,66.6344176612613,67.09573364257812,23073600
2021-10-14,67.7364344989687,67.83040661464396,67.58266253856321,67.7620620727539,19304400
2021-10-15,68.13795297870716,68.34298009403481,68.06106373690024,68.32589721679688,24447200
2021-10-18,67.81332201958257,68.06961081096111,67.69372232165784,68.03543853759766,19044700
2021-10-19,68.30026943529614,68.55655824140749,68.25755897940765,68.44550323486328,14649000
2021-10-20,68.51383864211583,68.77012743840521,68.4455006117742,68.68470001220703,11235500
2021-10-21,68.24046957012479,68.47113079912084,68.20629729480333,68.36006927490234,16278800
2021-10-22,68.65907895932862,68.90682308122759,68.47113469321937,68.77013397216797,22173500
2021-10-25,68.59073528089102,68.74450727169946,68.394246313532,68.6334457397461,13658000
2021-10-26,69.05205037133183,69.05205037133183,68.67616183911335,68.77013397216797,10552900
2021-10-27,68.77868154767418,68.88119186606107,68.4796822562195,68.49676513671875,18449000
2021-10-28,68.82992206760704,69.21434871518665,68.81283919074112,69.16309356689453,15260200
2021-10-29,68.573629567711,68.81283545470723,68.5052915462632,68.7615737915039,25406900
2021-11-01,69.15455343808863,69.45355920339712,69.01787086104869,69.42792510986328,20337400
2021-11-02,69.22290735673712,69.37667935028368,69.18019689712153,69.28270721435547,10184500
2021-11-03,69.25708194386986,69.87216993856127,69.14602692393231,69.84654235839844,14911000
2021-11-04,69.65004576716025,69.80381774902344,69.49627378529706,69.80381774902344,14083300
2021-11-05,69.79526478161075,69.90632629394531,69.60732706399531,69.90632629394531,15593600
2021-11-08,69.94050597499495,70.05156098140012,69.82090627034475,69.89778900146484,9065900
2021-11-09,69.94050751247221,69.98321796924613,69.53044671773226,69.7440185546875,16011200
2021-11-10,69.45355768255493,69.5731573789815,68.80429753217162,68.89826965332031,21546800
2021-11-11,69.24853693151601,69.33397088860036,69.10330963278595,69.14602661132812,9264600
2021-11-12,69.37667670269629,69.57316566605557,69.28270457035428,69.52190399169922,14817900
2021-11-15,69.6927675967525,69.70985047695186,69.3510513335051,69.39376831054688,14064500
2021-11-16,69.38521751524405,69.46210024592942,69.21435613978484,69.239990234375,12167900
2021-11-17,69.0947487996415,69.22289318764996,69.02641077470538,69.15454864501953,10415400
2021-11-18,69.14601003951559,69.26560972953493,68.89826596227715,69.22289276123047,13236800
2021-11-19,68.84701758710806,68.91536214251082,68.59073528089102,68.6334457397461,20761900
2021-11-22,68.53948522766575,68.74451239144788,68.21485182417334,68.23194122314453,17802300
2021-11-23,68.08670784645412,68.33445199158298,67.80479793855224,68.1635971069336,26736800
2021-11-24,67.19825190816148,67.71936124058205,67.16407962907401,67.71082305908203,20238700
2021-11-26,66.40375188888767,66.48063461414314,65.66051962294527,65.89117431640625,37776000
2021-11-29,66.41229422824095,66.47209407974981,65.9253507180416,66.22434997558594,31913600
2021-11-30,66.07911328254566,66.28414038455526,65.0710541309319,65.64342498779297,52770800
2021-12-01,66.54043379284418,66.84797772616287,65.25900290991454,65.26754760742188,43883900
2021-12-02,65.67760835802063,66.28415158734515,65.60927032426355,66.0791244506836,42264500
2021-12-03,66.2926914736241,66.37811889789079,65.41277662005734,65.80574798583984,46147500
2021-12-06,66.24997428011649,66.56605636951474,66.01931308859957,66.43791198730469,30884300
2021-12-07,67.29220886293858,67.85604161873034,67.29220886293858,67.83895874023438,28244900
2021-12-08,67.89020407333865,68.06960360122426,67.72788742147804,67.96708679199219,21619400
2021-12-09,67.52287424605512,67.59975698056431,67.352012862098,67.40327453613281,32026500
2021-12-10,67.52286485703439,67.60829227828664,67.300748347623,67.54849243164062,23412200
2021-12-13,67.26340936105035,67.35032289449569,66.83752840541386,66.9157485961914,27594700
2021-12-14,66.63761501981922,66.8896688847707,66.26388089331554,66.55939483642578,30040400
2021-12-15,66.74192292931764,67.48069792571637,66.4290288974889,67.46331787109375,31109400
2021-12-16,67.79360280700402,67.8631362987778,67.3068816267451,67.47201538085938,44621100
2021-12-17,66.97658672357211,67.14172707391873,66.57677917685476,66.6202392578125,44476200
2021-12-20,66.22912882463552,66.51594948942021,66.05530173565725,66.47249603271484,26303400
2021-12-21,66.79408646539166,67.24604757179071,66.74193965737614,67.2112808227539,22744100
2021-12-22,67.1156564567283,67.88050484328117,67.08088971673804,67.83705139160156,21609700
2021-12-23,67.90658145262556,68.39330920443481,67.89789474052532,68.23686218261719,28320000
2021-12-27,68.27163717301056,68.76705169677734,68.26294382878203,68.76705169677734,15219700
2021-12-28,68.83658242871417,69.00172282295011,68.75836221949447,68.79312896728516,15631300
2021-12-29,68.70621154933507,68.8539652458265,68.60191131182884,68.76705169677734,15046900
2021-12-30,68.83063210876628,68.91772508978592,68.53451464434583,68.5867691040039,20617500
2021-12-31,68.57804943618575,68.87417350920543,68.48224517533535,68.52579498291016,23252200
2022-01-03,68.92642852458958,68.9961055593704,68.61288851284361,68.96997833251953,24096900
2022-01-04,69.39673121390678,69.57091713769702,69.17899548678542,69.36189270019531,24314300
2022-01-05,69.62318604827121,69.71027901994556,68.75224304199219,68.75224304199219,24704100
2022-01-06,68.5257934843334,68.73481793763239,68.22096477227917,68.40386199951172,32472900
2022-01-07,68.36902008525125,68.70868729676857,68.10773454803767,68.60417175292969,22833900
2022-01-10,67.83774864161572,68.01193458089237,67.37614992224171,67.96839141845703,45587600
2022-01-11,68.01193738266281,68.73482168549887,67.82033549947245,68.70869445800781,30847000
2022-01-12,69.13545623350454,69.4315803228569,69.065785840217,69.37932586669922,30780700
2022-01-13,69.57964545699525,69.6231952709852,68.78709067157395,68.87418365478516,24991200
2022-01-14,68.61288824262793,68.94385083414956,68.37773655712843,68.80449676513672,26136500
2022-01-18,67.99451688780204,68.15999817717595,67.63743372808212,67.79419708251953,37504600
2022-01-19,68.13387019694879,68.26450632420003,67.68097613991982,67.73323059082031,34437700
2022-01-20,67.97711601696864,68.32548796372393,67.31519735754945,67.40229034423828,38225400
2022-01-21,67.19325368683033,67.27163536723435,66.37456514162709,66.48778533935547,60761300
2022-01-24,65.24234410632009,65.85200155576554,64.05786108045365,65.82587432861328,85455900
2022-01-25,65.04201493774957,65.86940802084926,64.53686646954895,65.42523193359375,54516800
2022-01-26,66.22650872478494,66.33972892644232,64.85041714417382,65.17266845703125,55217000
2022-01-27,65.2945885181154,65.59070590665434,64.61525413756911,64.86782836914062,46252100
2022-01-28,64.43237161220694,65.09428356497384,64.04044324159588,65.08557891845703,44588300
2022-01-31,65.06814208804649,66.0697277339351,65.05072615405808,66.0348892211914,38299200
2022-02-01,66.44422871092796,66.67067570526154,65.97391878951194,66.6619644165039,53240700
2022-02-02,67.20195892257598,67.24550208173247,66.82745320104102,67.15840911865234,35225900
2022-02-03,66.53133483967524,66.75778187885304,66.07844740608735,66.09586334228516,46207200
2022-02-04,65.97393825094801,66.5574685192813,65.77361841902923,66.25263977050781,32188300
2022-02-07,66.30488661320481,66.70551958625761,66.2439208704526,66.36585235595703,17045500
2022-02-08,66.3571487485727,66.80132489067341,66.19166745361301,66.70552062988281,27066900
2022-02-09,67.63742562267176,67.80290024744833,67.51548750922055,67.78548431396484,26858900
2022-02-10,66.81874701463893,67.84646000491793,66.78390849779262,66.92325592041016,27349500
2022-02-11,66.89714251229536,67.15842812023014,65.72137056612694,65.91297912597656,51519400
2022-02-14,65.64297605989974,65.71264644961917,65.0333119752887,65.4862060546875,45356000
2022-02-15,66.26135010941375,66.72294887160277,66.19167306933323,66.6881103515625,30223600
2022-02-16,66.42682161730261,67.08002888629107,66.39198974368568,66.94068145751953,22557600
2022-02-17,66.44424803938452,66.47908655978307,65.83458389956233,65.8607177734375,34691300
2022-02-18,65.89554836289857,66.06973429915864,65.3903998450698,65.5820083618164,34752000
2022-02-22,64.98976722796748,65.36427297324646,64.38881444850948,64.8155746459961,32967600
2022-02-23,65.46878478881715,65.47749607949497,64.15366562148452,64.2843017578125,39771800
2022-02-24,61.93276152901007,63.45691188403046,61.81954132332511,63.42207336425781,72044600
2022-02-25,63.979466345021024,65.04201777455621,63.92721189595115,65.0071792602539,47641800
2022-02-28,63.6746425168828,64.58913531409458,63.4743227055278,63.77044677734375,50821600
2022-03-01,63.5004473273979,63.68334453124605,62.03726305184604,62.376930236816406,49003900
2022-03-02,62.82112221877319,63.33498209330168,62.59468180130352,63.160789489746094,43906000
2022-03-03,62.89950260685695,62.9430457686697,61.732435567133756,61.91533279418945,44389700
2022-03-04,60.19086232713611,60.33892102041472,59.598620909254905,60.121185302734375,54455500
2022-03-07,59.73797543119823,59.83377968997421,57.95254632034179,58.21382522583008,55499400
2022-03-08,58.77993699227669,59.868615664169035,57.9612551494554,58.718971252441406,56682500
2022-03-09,60.56537613611388,61.58437783654261,60.22570890263764,61.17503356933594,55565000
2022-03-10,60.31280052420755,60.8440762661827,60.08635349202942,60.443443298339844,33804200
2022-03-11,60.93117838915097,61.01827137006937,59.703152075233945,59.790245056152344,32380700
2022-03-14,60.696018031763415,61.11406693853989,60.21699673778247,60.33892822265625,32048200
2022-03-15,60.661179250594806,61.05310092958282,60.36505518521722,60.913753509521484,36961200
2022-03-16,62.185325479773866,63.1433613576258,61.64533848018559,63.09981155395508,44821400
2022-03-17,62.8298336570043,63.7617424927077,62.77757919819968,63.631099700927734,35025600
2022-03-18,63.099821380964286,64.30172704388012,62.986601176461726,64.24946594238281,36684100
2022-03-21,64.06655927807427,64.20591333521755,63.517867628798776,63.84882354736328,29985700
2022-03-22,64.24076646608316,64.57172245994947,64.18850536037998,64.44979095458984,21840800
2022-03-23,63.735594179781764,64.03171154141118,63.604951431217984,63.61366271972656,22375800
2022-03-24,63.82270790586702,64.20592498779297,63.718198988809675,64.20592498779297,22098200
2022-03-25,64.15366020870175,64.32784613895451,63.79657041348607,64.24075317382812,18372100
2022-03-28,63.83141746973772,64.07528046262969,63.54400466607153,64.03173065185547,24829900
2022-03-29,65.47748983463701,65.65167576297338,64.8765370857722,65.45136260986328,25591200
2022-03-30,65.21621211498831,65.44265916478413,64.93751060938114,65.1813735961914,22487000
2022-03-31,64.71107406023054,64.95493706157164,64.0317328703638,64.10140991210938,31677200
2022-04-01,64.5020346231395,64.71977036696028,64.22333313683961,64.70235443115234,23182800
2022-04-04,64.56300530376326,64.98977217852618,64.4933349104352,64.96363830566406,20875700
2022-04-05,64.5455907634267,64.78074246612995,63.918510696527065,64.08399200439453,27759400
2022-04-06,63.28272641330373,63.65722555299176,62.96047508652143,63.31755828857422,30692700
2022-04-07,63.37851704236268,63.66592981738447,62.91691833114027,63.456905364990234,27838500
2022-04-08,63.2217580759836,63.744329265324986,63.13466509268294,63.4830436706543,21937200
2022-04-11,63.21303757106165,63.361096270006925,62.76885482945879,62.81240463256836,22149900
2022-04-12,62.90822018375847,63.06499020043956,62.18533584879743,62.342105865478516,28916200
2022-04-13,62.333383794141874,63.04755671445074,62.333383794141874,63.012718200683594,20164900
2022-04-14,63.13465554817211,63.2478823896375,62.690479407057346,62.725311279296875,19861900
2022-04-18,62.44661293301658,62.821118703745896,62.24629975609626,62.359519958496094,18508900
2022-04-19,61.99373999993916,62.73404042392183,61.99373999993916,62.65565872192383,24863500
2022-04-20,63.143373177483824,63.28272725950226,62.882087596083444,63.07369613647461,30249800
2022-04-21,63.65722824549117,63.77045510159833,62.2811431919817,62.39436340332031,32960800
2022-04-22,62.29855997210048,62.307271263788394,61.314396643962084,61.375362396240234,34878400
2022-04-25,60.71344058242883,61.13149617952101,60.23442588102571,61.0792350769043,37193600
2022-04-26,60.59150243118971,60.6263409475194,59.33734242239101,59.3721809387207,41284200
2022-04-27,59.59864302297449,60.05153056009344,59.28510294159628,59.64219284057617,43593100
2022-04-28,60.01668469987798,60.63505342612183,59.48540894378144,60.48698806762695,32154000
2022-04-29,60.704714328678094,61.07051537775908,59.720551294756206,59.781517028808594,54305300
2022-05-02,59.56378778253082,59.86861648589112,58.928003150488955,59.63346481323242,45813900
2022-05-03,60.03410598090154,60.304096205826006,59.83378615143713,60.07765579223633,39643500
2022-05-04,60.095068296067886,61.236001524348666,59.39831122313385,61.131492614746094,47419100
2022-05-05,60.251837169709866,60.28667568717678,58.718975625004646,59.16315841674805,38827000
2022-05-06,58.73640231536517,58.95413808119049,58.22254245273791,58.58833694458008,48268900
2022-05-09,57.517073334041775,57.61287759032083,56.70709612307993,56.820316314697266,50145000
2022-05-10,57.83061577897729,57.86545429589762,56.820318722590805,57.24708557128906,57682400
2022-05-11,57.40385738082176,58.15286226148368,56.837743091401386,56.907413482666016,49751100
2022-05-12,56.55033065087849,57.30805347168779,56.28904508652551,56.76806640625,39410900
2022-05-13,57.604163208054345,58.370590572377274,57.58674727365096,58.34446334838867,34682200
2022-05-16,58.083196104782424,58.658015082038204,57.89158756410771,58.39673614501953,21254300
2022-05-17,59.36348110300688,59.52895576302068,59.03251849344308,59.48541259765625,31487000
2022-05-18,58.9715468540171,59.058639820812225,57.97867241406425,58.065765380859375,23553000
2022-05-19,57.99608517241466,58.96283233384604,57.97866923791668,58.623165130615234,35999600
2022-05-20,59.293804389352196,59.35477013701068,58.274802616445385,59.023807525634766,36357000
2022-05-23,59.65087728329926,60.15602575938986,59.546368388085334,60.02538299560547,23838500
2022-05-24,59.8337764349125,60.129900485410644,59.52023644956963,59.92958068847656,19504600
2022-05-25,59.52025074863296,60.21700791562005,59.52025074863296,59.947017669677734,18826400
2022-05-26,60.03410589656705,60.75699023719195,60.02539460535867,60.608924865722656,20930500
2022-05-27,61.00085548887571,61.35793870440585,60.966016967522044,61.34052276611328,13697600
2022-05-31,61.131497652706706,61.37536065490045,60.82666225519607,60.974727630615234,25025200
2022-06-01,61.33179730136718,61.36663581466998,60.14731442813982,60.3302116394043,28336400
2022-06-02,60.81795739334869,61.60180750103277,60.600221621479136,61.58438491821289,21642000
2022-06-03,60.80053143874267,60.96601274251241,60.530541222923034,60.70472717285156,21327200
2022-06-06,61.410191859487234,61.49728482921326,60.817950362675575,60.94859313964844,15192300
2022-06-07,60.33893127816443,61.15761984214674,60.33021998744158,61.131492614746094,19039600
2022-06-08,60.460858955994254,60.72214450305742,60.20828469910452,60.27796173095703,21219400
2022-06-09,59.95571027459055,60.09814729650064,58.985383531969376,59.012088775634766,25675700
2022-06-10,57.91712702793037,57.97944152791785,57.409707016097684,57.58775329589844,34102000
2022-06-13,56.109998168063235,56.41267004349272,55.58477354293224,55.68269729614258,54218000
2022-06-14,55.6648906826701,55.84293355525626,54.676755965907965,55.157470703125,38601700
2022-06-15,55.76281979922077,56.5016966030059,55.06845626478032,56.190120697021484,37790700
2022-06-16,54.8280916544588,55.3533162422505,54.60553892057902,54.952720642089844,38025300
2022-06-17,54.90821790772131,55.193085172424254,54.409698496548316,54.73017501831055,43097500
2022-06-21,55.70050476772089,55.87854765575016,55.53136589183019,55.55807113647461,31891400
2022-06-22,54.934919824948324,55.700501825920306,54.854800699360894,55.184181213378906,30368200
2022-06-23,55.05954981958147,55.193082829943606,54.543229197677945,55.121864318847656,26482500
2022-06-24,55.89635423483751,56.78656531016519,55.85184436024827,56.768760681152344,31235000
2022-06-27,56.670834050147825,56.92009205193562,56.466085920695626,56.52840042114258,20987600
2022-06-28,56.9913047203335,57.16935099379876,56.12780236728238,56.145606994628906,19187400
2022-06-29,56.172318882162834,56.34146116401944,55.89635561536242,55.93196487426758,18226800
2022-06-30,54.93491705301317,55.71830364190777,54.72126832615074,55.6292839050293,37316200
2022-07-01,54.934920867985156,55.77172139464986,54.74797737002686,55.7628173828125,26046600
2022-07-05,54.00019656066161,54.58773565693447,53.777643821226654,54.56993103027344,30911300
2022-07-06,54.480915117163065,54.73907712804187,54.178243234449944,54.614444732666016,18030000
2022-07-07,55.06845385507228,55.45124486266366,55.0595498432387,55.44234085083008,17215100
2022-07-08,55.29990961086513,55.691604647193216,55.05955221926898,55.50465774536133,13135200
2022-07-11,54.810289345567774,54.970527592406754,54.561031359767306,54.60554122924805,15757900
2022-07-12,54.51652622484706,55.041750880458586,54.47201295561514,54.59664535522461,16350500
2022-07-13,53.928981449902786,54.79248376970839,53.866663558646515,54.56993103027344,17907500
2022-07-14,53.403763358236155,53.84886889135873,53.00316769924869,53.80435562133789,25329100
2022-07-15,54.19604451096186,54.694560478095646,53.95568714285722,54.65895462036133,28570100
2022-07-18,55.424533714815624,55.56696733473737,54.792484738655716,54.881507873535156,23785600
2022-07-19,55.92305802759946,56.3948687985826,55.869644141948555,56.37706756591797,25474500
2022-07-20,56.19902133464734,56.368160201989525,55.718306580030024,56.003173828125,18738200
2022-07-21,55.87854628947284,56.644128312159616,55.80732777764823,56.58181381225586,19165500
2022-07-22,56.82216781965393,57.14264431205193,56.21682408865445,56.43937683105469,18771500
2022-07-25,56.86667921823856,56.94679834349266,56.57290796034506,56.875579833984375,17451300
2022-07-26,56.4571809108685,56.51059479425852,56.08329391479492,56.08329391479492,11610000
2022-07-27,56.65302811580727,57.47202061473284,56.46608461877671,57.409706115722656,20945500
2022-07-28,57.320684955759276,57.81030371571199,56.9824072254643,57.70347595214844,19385400
2022-07-29,57.81030568209876,58.54027844518554,57.65006742718843,58.504669189453125,23958000
2022-08-01,58.486850280238,58.825134750849514,58.2999068162647,58.584774017333984,19450500
2022-08-02,58.11297310826888,58.27321136025668,57.63225835230547,57.65006637573242,17857700
2022-08-03,57.908222748143935,58.095166225316,57.55213702372417,57.988338470458984,16011100
2022-08-04,58.095180044034734,58.38894455416936,58.02396152385644,58.28212356567383,15153600
2022-08-05,57.561039545617845,57.970535740988375,57.48091703360507,57.87261199951172,15130400
2022-08-08,58.33552299976818,58.54027450851783,57.89932153197881,58.00614929199219,12069100
2022-08-09,57.97944352917046,58.07736728849809,57.596652504100106,57.694576263427734,10867800
2022-08-10,58.9052658333973,59.19013310877639,58.700521087347234,58.994285583496094,16870800
2022-08-11,59.22574040006389,59.41268390659375,58.87855863196969,58.97648239135742,11539400
2022-08-12,59.012092115297456,59.43938962166768,58.86965508532644,59.43049240112305,13680300
2022-08-15,58.923067617153464,59.11891512168894,58.8073358416893,59.07440185546875,15733100
2022-08-16,58.70941309980708,59.163422614337264,58.70941309980708,59.05659484863281,13497100
2022-08-17,58.486850280238,58.90525046750815,58.282105587597165,58.584774017333984,14822100
2022-08-18,58.51357852078545,58.54028376706976,58.184197969145025,58.38894271850586,14303900
2022-08-19,57.83701129584837,57.89932579583585,57.45422028399065,57.58775329589844,20257600
2022-08-22,56.96460628429525,56.982410912707955,56.46608687639653,56.6085205078125,20062200
2022-08-23,56.46608832294394,57.05362409618637,56.39486980746866,56.63522720336914,19101400
2022-08-24,56.39486409212476,56.89338346227204,56.33254959534202,56.70643997192383,12086600
2022-08-25,56.84887130531081,57.34738725951555,56.72424231675963,57.329586029052734,13980500
2022-08-26,57.35629445472886,57.4186089524638,55.789521207973536,55.825130462646484,19338300
2022-08-29,55.575871495001635,55.93195724370229,55.522457613930925,55.70050048828125,16199700
2022-08-30,56.07438598153728,56.136700472751286,55.184175083182815,55.29990005493164,24907400
2022-08-31,55.29990089952762,55.504649001770055,54.908209320787975,54.9260139465332,32178200
2022-09-01,54.12482311119824,54.24055148133471,53.61740315983428,54.187137603759766,33526300
2022-09-02,54.65005483821382,55.050650482722425,53.66192004705446,53.83106231689453,28234000
2022-09-06,54.08922046819637,54.20494885247274,53.51058533858566,53.69752883911133,21862300
2022-09-07,53.27023035799312,54.178246053377094,53.26132974151737,54.169342041015625,21289000
2022-09-08,53.56399163508279,54.27616311715727,53.46607128238859,54.2049446105957,17589900
2022-09-09,55.2464962799381,55.638187900236986,55.210887024669425,55.584774017333984,22655100
2022-09-12,56.27913381338068,56.608510893359785,56.216819322462605,56.3592529296875,22338600
2022-09-13,55.308806735878974,55.620379206991494,54.35628130032328,54.40079116821289,26513900
2022-09-14,54.569934336576026,54.81029171723487,54.25836184084355,54.57883834838867,19052800
2022-09-15,54.178240767073625,54.65895551111693,54.009098507566506,54.098121643066406,23181900
2022-09-16,53.62630799449663,53.964585703345676,53.46606975519541,53.768741607666016,31914300
2022-09-19,53.15449347169016,53.9912939138475,53.14559285663718,53.955684661865234,19597500
2022-09-20,53.2079076222651,53.323635993857785,52.72719290569719,53.03876876831055,23429600
2022-09-21,52.99425975051166,53.448269262269164,52.29989625710074,52.34440612792969,22678800
2022-09-22,52.54915564466962,52.655983412555976,51.94381187685579,52.19307327270508,25400900
2022-09-23,51.00018399643106,51.053594477819075,50.12777770961383,50.52836990356445,33958900
2022-09-26,50.01205444937843,50.46606056698361,49.51353506488892,49.78059768676758,41892400
2022-09-27,50.02096077282185,50.288026821059326,49.15745831008118,49.442325592041016,38742700
2022-09-28,49.4245130480835,50.76873010733905,49.27317541859024,50.63520050048828,35116000
2022-09-29,49.860714452765464,50.07436657768647,49.35329447644907,50.03875732421875,30971600
2022-09-30,49.816204090289254,50.474961689373764,49.75388959528082,49.860713958740234,38527600
2022-10-03,50.37703951730949,51.06250237973242,50.172291399321146,50.84885025024414,37451600
2022-10-04,52.193072412693745,52.96755503973777,52.175267785006056,52.88743591308594,32480200
2022-10-05,52.006126423614845,52.62037420391436,51.712358551377065,52.326602935791016,28550700
2022-10-06,51.712351254311244,51.97051323001153,51.356265536387745,51.4096794128418,28668800
2022-10-07,51.16932184237438,51.23163633336,50.42154455466181,50.5906867980957,22200000
2022-10-10,50.56398246162914,50.617396342395196,50.01205261058796,50.30582046508789,26510200
2022-10-11,49.97644373559523,50.55508222934855,49.59365274358342,49.75389099121094,26577200
2022-10-12,49.62036327211385,49.88742589637013,49.45122100657264,49.59365463256836,24455800
2022-10-13,48.73015096511,50.84885067098208,48.61442258585105,50.61739730834961,48010100
2022-10-14,50.9378717922116,51.09811003534337,49.807303474953166,49.860713958740234,28145900
2022-10-17,50.94677307711041,51.3206634479601,50.93787246165735,51.08920669555664,32731000
2022-10-18,51.84589195707018,51.89930244558137,51.08030992681095,51.45419692993164,26876700
2022-10-19,50.97347778700631,51.18712991038702,50.48386244095358,50.8221435546875,22958200
2022-10-20,50.86665916007361,51.45419832077746,50.59069590627806,50.7064208984375,25989700
2022-10-21,50.243507041112544,51.64113802340877,50.04766293256129,51.62333679199219,37761800
2022-10-24,51.43638897979239,51.85478922416424,51.1782303782617,51.63223648071289,20327600
2022-10-25,52.006127403270874,52.81622271091265,51.99722678704746,52.77170944213867,21583300
2022-10-26,52.753905300848174,53.63521573407073,52.73610406823698,53.27022933959961,27095500
2022-10-27,53.08328534412834,53.48388099189471,52.745004197582794,52.77170944213867,20349600
2022-10-28,52.69158846195853,53.296932220458984,52.59366810339757,53.296932220458984,19235500
2022-10-31,52.70048857579445,52.914137300706614,52.62036945498107,52.79841232299805,27032700
2022-11-01,53.85776513614219,53.87556976352816,52.97645475790664,53.21681213378906,42687000
2022-11-02,53.29692726724689,53.99129409975121,52.442325592041016,52.442325592041016,30497700
2022-11-03,51.730156492032535,52.24647705365878,51.68564662573659,51.99721908569336,23604200
2022-11-04,53.56399443898438,54.142632949488416,53.22571670276509,54.080318450927734,33756400
2022-11-07,54.27616695277898,54.48981569579134,54.04471018598246,54.24945831298828,19904600
2022-11-08,54.623347304764025,55.20198241512918,54.49871830855878,54.863704681396484,19882900
2022-11-09,54.480912636002515,54.87260424454592,54.089217631573725,54.098121643066406,22418600
2022-11-10,56.32365139730073,57.13374328613281,56.01207550412806,57.13374328613281,29640900
2022-11-11,57.65007498467671,58.362239817371176,57.42752220100245,58.27322006225586,24071300
2022-11-14,57.80139161852109,58.175278551035625,57.65895462036133,57.65895462036133,21599900
2022-11-15,58.593688952651384,58.69161270800576,57.507630423645416,58.04175567626953,34956600
2022-11-16,58.13078641323866,58.22871017567101,57.739091363509225,57.908233642578125,22730400
2022-11-17,57.169347019196096,57.9171209404498,57.1515389972022,57.88151168823242,21271100
2022-11-18,58.148580022757045,58.157484034112116,57.80139828938672,57.99724578857422,18431100
2022-11-21,57.507633133020235,57.66787139553393,57.30288839255748,57.56105041503906,21877400
2022-11-22,57.92602313844524,58.380032600293944,57.83700340657319,58.36222457885742,14698700
2022-11-23,58.469060018993765,59.092205015792125,58.469060018993765,59.0031852722168,13400800
2022-11-25,59.0743980531037,59.43048378463296,59.0743980531037,59.30585479736328,10934400
2022-11-28,59.01209014888498,59.26134815125702,58.50467013212156,58.540279388427734,18618500
2022-11-29,58.68270256532094,59.0387882937924,58.566977590070124,58.709407806396484,17666900
2022-11-30,59.17232660663191,59.95570984622735,58.60259210660414,59.7509651184082,41966500
2022-12-01,60.418627828350935,60.58776331342106,60.018028771374226,60.3296012878418,24209700
2022-12-02,59.76876359616135,60.47203107292849,59.76876359616135,60.28508758544922,36230700
2022-12-05,60.08034123610737,60.249483507209874,59.32366320985452,59.49280548095703,26304900
2022-12-06,59.61742971061711,59.74205870299818,58.97647672593122,59.22573471069336,25663000
2022-12-07,59.252439953093486,59.47499269545549,59.003181968331354,59.22573471069336,23274300
2022-12-08,59.21682878787106,59.59072254471622,59.03878931643659,59.52840805053711,20080400
2022-12-09,59.67084303889981,60.01802479018706,59.5284128087217,59.564022064208984,25772900
2022-12-12,59.5551181173065,59.742061614990234,59.35927060779848,59.742061614990234,18725400
2022-12-13,61.35800692147476,61.47419588283969,60.36591043758585,60.58935546875,29377300
2022-12-14,60.6787488415543,61.072014386874535,60.14248198275594,60.53574752807617,23707700
2022-12-15,59.784962037501494,59.8922181253213,58.78392567485703,58.989498138427734,25617500
2022-12-16,58.50685188028871,58.77498867158592,58.21190277366215,58.471099853515625,23998700
2022-12-19,58.658800282645544,58.73924405778757,58.176158088801564,58.32810592651367,21180700
2022-12-20,58.453232753730234,58.85543115954618,58.37278898116554,58.560482025146484,21440600
2022-12-21,58.91798985493554,59.33806764502018,58.8375529090905,59.16824722290039,17112200
2022-12-22,58.94480198442741,58.95374169582707,58.19402988289925,58.685611724853516,21251200
2022-12-23,58.58730751456299,58.98056625073404,58.46217880500812,58.89118957519531,12536600
2022-12-27,58.935875378972966,59.2040053785491,58.82861928774098,58.980560302734375,16247400
2022-12-28,59.105683921309115,59.28444405800336,58.35491180419922,58.35491180419922,14526900
2022-12-29,59.02524389191846,59.4363819563438,58.98949186644648,59.2755012512207,17455400
2022-12-30,58.94480192084389,59.150374368803504,58.60516789704301,58.66773223876953,25629000
2023-01-03,59.40063587899153,59.73133703347109,58.90012111026768,59.18613052368164,25179300
2023-01-04,60.044160309945156,60.169289005347935,59.62408248152046,59.97265625,26751400
2023-01-05,59.40957710320424,59.60620985849432,59.25763609011736,59.37382507324219,17376900
2023-01-06,59.73132798496037,60.928990091263024,59.38275427826027,60.89323806762695,17951400
2023-01-09,61.358011562010724,61.724457894953815,61.116687091461294,61.15243911743164,23392800
2023-01-10,61.072010167428594,61.34014016880123,60.929002044827776,61.331207275390625,18811500
2023-01-11,61.62614666927525,61.80490681403956,61.438453631524425,61.79596710205078,17732700
2023-01-12,62.30541734396229,62.81487178863843,61.670834215962316,62.70762252807617,19767100
2023-01-13,62.3947995520948,63.056201873082806,62.3947995520948,63.03832244873047,18092100
2023-01-17,63.2617709676689,63.51202837022041,63.06513820309192,63.23495864868164,25184100
2023-01-18,63.949980951361,64.06616993144804,63.01150894165039,63.01150894165039,35935300
2023-01-19,62.81486875619195,63.04725350786126,62.582484004522634,62.913185119628906,23519000
2023-01-20,62.88638002564051,63.48521116696059,62.725499305091596,63.46733856201172,28289500
2023-01-23,63.1902621814445,63.735468690112036,63.16344986446123,63.72653579711914,24252900
2023-01-24,63.37796147473101,63.780159863908075,63.16344930276784,63.64609146118164,12996500
2023-01-25,63.440526280178936,64.11979437264807,63.39583453927864,64.06616973876953,14250500
2023-01-26,64.11978912353516,64.19129317552111,63.60140179414127,64.11978912353516,13272300
2023-01-27,63.72652946164963,64.1376675255246,63.646085699694964,63.994659423828125,13986800
2023-01-30,63.76228758505355,64.0572367403022,63.583534240722656,63.583534240722656,14111500
2023-01-31,63.40477139157302,63.98572308306119,63.27964270549847,63.94997787475586,23544400
2023-02-01,63.8963528614233,64.74544825275785,63.4047777791795,64.52200317382812,27861400
2023-02-02,64.69181428728369,64.73650602893696,64.03041878863017,64.4326171875,15588000
2023-02-03,63.806981319551625,64.35218790145925,63.69079232401514,63.83379364013672,18589800
2023-02-06,63.20814013618425,63.35114142977179,62.859566385499576,63.18132781982422,18409500
2023-02-07,62.8863820154559,63.79803491474425,62.76125331984775,63.71759796142578,19440100
2023-02-08,63.619278495409404,63.717594868472304,63.20814039851098,63.3243293762207,18281400
2023-02-09,64.23598506824887,64.28960969786726,63.32432545072552,63.440521240234375,10875300
2023-02-10,63.20814389102719,63.25282881461435,62.8863824375885,63.1634521484375,16681200
2023-02-13,63.25282436325779,63.798030853271484,63.18132712674937,63.798030853271484,11806300
2023-02-14,63.50309602236536,64.2002435980373,63.333275575316044,63.91423416137695,14082900
2023-02-15,63.127698016361876,63.62821960449219,63.07407338224168,63.62821960449219,14031200
2023-02-16,63.07407386613281,63.69971733234262,63.00256980742244,63.315391540527344,13151000
2023-02-17,63.02045333649137,63.54778046107292,62.91319724143961,63.47627639770508,13768200
2023-02-21,63.02937877209829,63.25282382943117,62.7344364788604,62.77912139892578,14419700
2023-02-22,62.6718702803015,62.77911954048512,62.29647741265344,62.430545806884766,12991700
2023-02-23,62.69868326118442,62.82381194539533,62.18028910145244,62.7523078918457,25783700
2023-02-24,61.68870932163046,61.91215438219983,61.45633136831983,61.70658874511719,25120200
2023-02-27,62.42160803402168,62.60036817154872,62.24285471549665,62.43948745727539,19736300
2023-02-28,62.26073817800347,62.40373947830051,61.95684933399328,61.98366165161133,28408000
2023-03-01,62.47523464468063,62.61823592462162,62.081969191590325,62.314353942871094,20961000
2023-03-02,61.87640836681972,62.4931120890325,61.858528943566014,62.43948745727539,20540100
2023-03-03,62.78806376981444,63.386894912268495,62.618243336968376,63.35114288330078,23663300
2023-03-06,63.20814126471431,63.45839864721225,63.118764602251076,63.19026184082031,22289600
2023-03-07,63.10088149283296,63.15451294238025,62.0640999946106,62.135597229003906,26319800
2023-03-08,62.33223449755985,62.662935654301265,62.180293487301235,62.475242614746094,21016200
2023-03-09,62.59142412747885,62.8059294586617,61.912149289898046,62.019405364990234,25914100
2023-03-10,62.03729188305212,62.180293180530505,61.295452621563705,61.35801696777344,31703800
2023-03-13,60.71449742482956,61.438457302121236,60.60724133156303,60.93794250488281,27005100
2023-03-14,61.572513179440044,61.760206190195184,61.277564097252835,61.75126647949219,18054000
2023-03-15,59.463198832152905,59.927968379939756,59.05206073618893,59.838584899902344,37928500
2023-03-16,59.53470547062611,60.76811981201172,59.48108083547965,60.76811981201172,33179100
2023-03-17,60.22291226231566,60.35698066689341,59.802841262508785,60.044158935546875,23846200
2023-03-20,60.714494870963414,61.18819732971028,60.607238782208455,60.98263168334961,24003200
2023-03-21,61.87640500125364,61.96578165565481,61.54570387906753,61.90321731567383,16669400
2023-03-22,62.001541632756464,62.761253521099945,61.65296786258707,61.68871307373047,16277900
2023-03-23,62.233925403004335,62.60037863191669,61.420588803106284,61.69765853881836,23067200
2023-03-24,61.25969898160495,61.545708388043344,60.90218551880642,61.50995635986328,27879000
2023-03-27,61.88534702208082,62.14454413137943,61.74234571774521,62.090919494628906,23269300
2023-03-28,62.055164840446764,62.260737304304385,61.965788176640025,62.11772918701172,20324500
2023-03-29,62.72549846118553,62.92213120798897,62.6093094830754,62.868499755859375,29119300
2023-03-30,63.59245875723642,63.69077511882509,63.44945066074332,63.60139846801758,21615800
2023-03-31,63.77122715812469,64.06617631272654,63.77122715812469,63.92316818237305,28532600
2023-04-03,64.07511053028342,64.45049661176226,63.9857270469769,64.4326171875,20737100
2023-04-04,64.44155883789062,64.63819159667545,64.25386579150582,64.44155883789062,15364600
2023-04-05,64.10191550010047,64.28066880821947,63.78015409028501,63.994659423828125,16313900
2023-04-06,64.00360434727894,64.46836707763876,63.92316057877307,64.29855346679688,13659900
2023-04-10,63.89634701624969,64.26280018529295,63.798030644994284,64.25386047363281,12854000
2023-04-11,64.39687129099318,64.5756246176973,64.34323983778009,64.46836853027344,11264100
2023-04-12,65.04931411322247,65.19232220130147,64.68286782077173,64.8794937133789,13241500
2023-04-13,65.41578156389018,65.7643553312393,65.34427750417692,65.71072387695312,12233000
2023-04-14,65.68389880768855,65.86265892226791,65.19232383534784,65.44258117675781,14209900
2023-04-17,65.26382878468583,65.3532122620526,65.01357141366351,65.3263931274414,17323800
2023-04-18,65.65710949213701,65.73755327662404,65.50516845577694,65.68392181396484,13753400
2023-04-19,65.35321146494081,65.54983738334444,65.33533204208476,65.47834014892578,8840800
2023-04-20,65.32639233065673,65.639220859621,65.30851972680253,65.47834014892578,12478600
2023-04-21,65.55877888009776,65.85372799423816,65.27276947762884,65.80903625488281,14053000
2023-04-24,65.80903090541582,66.00566363219225,65.79115830252772,65.97885131835938,12864900
2023-04-25,65.67498394678985,65.71072916051817,65.0493336024961,65.05827331542969,12582200
2023-04-26,65.46047049432767,65.46941020708972,64.93314336441584,65.01358032226562,16928600
2023-04-27,65.3532170942036,65.83585926786212,65.2191486872425,65.82691955566406,14505700
2023-04-28,65.27277592659598,65.80904275683326,65.25490332048925,65.80010986328125,16936800
2023-05-01,65.86267057804912,66.0414239052615,65.68391043183439,65.70178985595703,24499500
2023-05-02,65.09402147005173,65.10295436345011,64.64713131603902,65.04039001464844,12907200
2023-05-03,65.28170913343155,65.73753896225823,65.20126536646117,65.210205078125,13977300
2023-05-04,65.02250909848028,65.30851848773415,64.85268867957896,65.07613372802734,17411200
2023-05-05,65.39789521253464,66.13079469946102,65.3532102941987,66.03247833251953,11096900
2023-05-08,66.16655825341388,66.1844376790647,65.93417345297382,66.05036926269531,7533200
2023-05-09,65.50515686065202,65.87160322577331,65.46940483154224,65.7822265625,14835400
2023-05-10,65.85372766580885,65.86266737743573,65.23701712459135,65.64815521240234,14009800
2023-05-11,65.27277642936977,65.4872817993164,64.9957067090636,65.4872817993164,14971700
2023-05-12,65.56772651652602,65.61241826128298,65.12977605771988,65.37109375,15823200
2023-05-15,65.5677077042941,65.88052937083158,65.49620366079955,65.87158966064453,10580600
2023-05-16,65.53196582012038,65.63922190195434,65.21914410519044,65.24595642089844,13335700
2023-05-17,65.32639776320325,65.5945345763275,65.08508008659335,65.54984283447266,21491300
2023-05-18,65.39789900482744,65.47834277289967,65.09401699411531,65.45153045654297,10657000
2023-05-19,65.73755244399008,65.9967427643786,65.66604837401918,65.83586883544922,15971200
2023-05-22,65.74647316295318,65.97885793782176,65.73754027011367,65.85372924804688,12122700
2023-05-23,65.28170079874427,65.38001715748794,64.86162305120328,64.88843536376953,19215100
2023-05-24,64.25385793006627,64.27173735267877,63.905284198142006,63.941036224365234,21758100
2023-05-25,63.914229843775374,63.96785447858829,63.59246839689308,63.85166549682617,17393700
2023-05-26,64.12873640981037,64.53093481648693,64.11979669750573,64.47731018066406,11189800
2023-05-30,64.2806711732233,64.29855059609397,63.64608804135132,63.82484817504883,13979800
2023-05-31,63.18133157307439,63.27964795156968,62.68080996827947,63.1634521484375,32754700
2023-06-01,63.50309750442334,64.15555335062444,63.45840575868222,64.1019287109375,29681600
2023-06-02,64.93313598632812,65.03145235853071,64.7722552699059,64.93313598632812,18693500
2023-06-05,64.83482422944023,64.89738857811355,64.51306277369093,64.55775451660156,18029700
2023-06-06,64.69181182623731,65.12976905697063,64.66499950986632,65.0940170288086,17811900
2023-06-07,64.84918210285444,65.07672309268902,64.46691490649233,64.52152252197266,29259200
2023-06-08,64.83099130157728,65.21325855349819,64.72176911074234,65.20415496826172,15781000
2023-06-09,65.14043590345051,65.24055449697433,64.98570969309554,65.09492492675781,15419000
2023-06-12,65.3133639994958,65.40437900151973,65.15863085765565,65.3770751953125,15814700
2023-06-13,65.97778739895962,66.15982436807269,65.87766880194751,65.9959945678711,17620600
2023-06-14,66.41466310516539,66.6057966972488,65.87766277540744,66.24172973632812,17305800
2023-06-15,66.23261705806802,66.97895110067374,66.18711303420106,66.94255065917969,14597200
2023-06-16,67.24291445504697,67.27022520826503,66.7696322259385,66.79693603515625,20036200
2023-06-20,66.06880397820393,66.18712974693338,65.7775517647169,65.91407775878906,16873000
2023-06-21,65.80487206281269,66.24174697440561,65.70475344890566,66.01420593261719,11322700
2023-06-22,65.54091068584044,65.71383712154967,65.47719948447384,65.60462188720703,11313300
2023-06-23,64.46690916197774,64.75816132525311,64.44870199577342,64.5852279663086,15929700
2023-06-26,64.66715240478516,64.79457480419558,64.56703381324841,64.66715240478516,12950900
2023-06-27,64.85828930860745,65.27696392000286,64.66715569975305,65.23145294189453,11034100
2023-06-28,65.21325107892237,65.40438468297558,65.09492531641314,65.27696228027344,9256500
2023-06-29,64.9766104477453,65.18595123291016,64.94020305276008,65.18595123291016,6736000
2023-06-30,65.79575147835843,66.03239604500122,65.72293669723761,65.98688507080078,28381100
2023-07-03,65.95958873814662,66.05970733753284,65.81395915940284,65.91407775878906,13375500
2023-07-05,65.44079011753895,65.46809392530093,65.11313053639523,65.17684173583984,15971500
2023-07-06,64.20296686897758,64.2211670929019,63.656869879248816,64.0482406616211,17415300
2023-07-07,64.11194981276776,64.82187657113064,64.08464600575375,64.53062438964844,16721300
2023-07-10,64.42140952862833,64.7399655532767,64.39410571851569,64.71266174316406,9486000
2023-07-11,64.99480956680544,65.31336555346817,64.82187619804579,65.29515838623047,12811300
2023-07-12,66.15982415174192,66.61490615703605,66.0506019706312,66.5420913696289,16111100
2023-07-13,67.41584576746502,67.69799437938012,67.38854195908614,67.60697937011719,12707500
2023-07-14,67.5614793793432,67.61608699936782,67.19741237651112,67.22471618652344,12549100
2023-07-17,66.92435434367744,67.22471011468535,66.81513911349266,67.14279174804688,15876600
2023-07-18,67.26111777112914,67.66158519005121,67.197406571937,67.57967376708984,11519400
2023-07-19,67.62519230189966,67.76171135542918,67.37034053264293,67.54327392578125,11138700
2023-07-20,67.39764777691087,67.57967780146957,67.08818840236067,67.1974105834961,14843900
2023-07-21,67.3521311925791,67.40673880660127,67.14279043216119,67.33393096923828,10318400
2023-07-24,67.04268257788034,67.31572760742687,67.00627518514077,67.17010498046875,9421100
2023-07-25,67.06088227421607,67.40674208651846,67.04268204998966,67.24291229248047,9151000
2023-07-26,66.93345268724953,67.64337940386936,66.897045298705,67.42494201660156,12325300
2023-07-27,67.98016005381707,67.98016005381707,67.21561858540993,67.27023315429688,12775700
2023-07-28,67.77080947726627,68.02565428197903,67.6251868505733,67.75260925292969,15891100
2023-07-31,67.81632396748067,67.99835399627736,67.6797979738829,67.77081298828125,13797600
2023-08-01,67.10639916091387,67.29753278012484,66.78783618489486,66.92436218261719,16707800
2023-08-02,66.09611143058723,66.19623002497232,65.60462204287863,65.67743682861328,16805400
2023-08-03,65.15862871091029,65.67742878775303,65.10402110029497,65.49539184570312,12745700
2023-08-04,65.83216304029928,66.3600598208752,65.62282226731222,65.67743682861328,14079600
2023-08-07,66.10521308534545,66.25084266786176,65.80486422340678,66.23263549804688,12940600
2023-08-08,65.50449377688506,65.8867609295507,65.34066400517132,65.8321533203125,14144400
2023-08-09,65.92317175312941,66.09610511672962,65.70473436079197,65.81394958496094,12188700
2023-08-10,66.52388637832327,66.90616055272369,66.03240390723805,66.09611511230469,16788900
2023-08-11,65.6319233724453,65.86856794514415,65.50450097422282,65.6501235961914,14863700
2023-08-14,64.98570784887129,65.42258265912258,64.81277447514688,65.35887145996094,9959400
2023-08-15,64.9766139887828,64.99482115926794,64.43051692224496,64.54883575439453,13863600
2023-08-16,64.33949035953137,64.59433514859731,64.0027272059801,64.02092742919922,10940100
2023-08-17,64.22117233768932,64.29398712733308,63.483941688547645,63.565853118896484,14730500
2023-08-18,63.09257087421307,63.675075303362135,63.08346728950746,63.565853118896484,13617500
2023-08-21,63.7296754532665,63.87530501548349,63.44752685647075,63.802490234375,15838400
2023-08-22,64.10284817356495,64.12104839745979,63.62956596829994,63.684173583984375,10563000
2023-08-23,63.93901851020681,64.4669152762105,63.92991492624123,64.37590026855469,12670000
2023-08-24,64.05733537416418,64.25757255130645,63.46573437042533,63.493038177490234,14879000
2023-08-25,63.8934999508077,64.13924808071033,63.34740302568952,63.92081069946289,11617700
2023-08-28,64.35770049049562,64.63984912982636,64.33950026447461,64.59434509277344,12320400
2023-08-29,64.46691474975606,65.4407899061203,64.40320355051728,65.39527893066406,12224400
2023-08-30,65.44989341076321,65.66833081588885,65.26785645315857,65.35887145996094,12235800
2023-08-31,65.38618306174801,65.44079762753951,64.90379721859436,65.10403442382812,13375200
2023-09-01,65.66832316847541,65.69562697293645,64.8946852847496,65.06761169433594,17069800
2023-09-05,64.90379386177023,64.92200103075929,64.49422283152109,64.50332641601562,12085000
2023-09-06,64.48511721958636,64.62164320671042,64.13925740367219,64.3667984008789,11294600
2023-09-07,64.16655139775729,64.29397378118325,63.96631423980244,64.1574478149414,13543000
2023-09-08,64.06643676757812,64.27577752125178,63.98452534918378,64.06643676757812,11813900
2023-09-11,64.6034430754162,64.7854730958439,64.43050969520976,64.73086547851562,11650900
2023-09-12,64.40320012007277,64.69445229307934,64.366792730447,64.46691131591797,7947100
2023-09-13,64.3303890559699,64.5124190706116,64.13925545739613,64.26667785644531,10047900
2023-09-14,64.7581652834213,65.17683985972006,64.73995811610412,65.11312866210938,13519800
2023-09-15,65.24965431932443,65.4680917180557,64.94019497245543,64.96749877929688,13678500
2023-09-18,64.6944556853783,64.81277449986649,64.46691469628566,64.73995971679688,9121300
2023-09-19,64.84917853532777,64.96749734369274,64.63074114142339,64.79457092285156,10339900
2023-09-20,65.10403240458443,65.42258842848486,64.60344635102678,64.63984680175781,14523400
2023-09-21,64.03003872287483,64.15746113275115,63.565853118896484,63.565853118896484,17619900
2023-09-22,63.91171652415209,64.13015393755273,63.56584976360089,63.62046432495117,14714800
2023-09-25,63.09256901389797,63.37471763544762,62.946946382904734,63.33831024169922,16853100
2023-09-26,62.837724872458416,63.0288584836776,62.46455429055399,62.519168853759766,17756900
2023-09-27,62.75580032247605,62.80131129666773,61.96396214593876,62.40083694458008,16390400
2023-09-28,62.45545572305493,63.10167132504863,62.37353735277394,62.91053771972656,19507400
2023-09-29,63.48393814256784,63.49304172676495,62.57377415486077,62.72850036621094,20292800
2023-10-02,62.31893188027084,62.37353949967096,61.59990146750061,61.809242248535156,23671400
2023-10-03,61.254046954140016,61.426973411915334,60.8262687143781,61.03560256958008,19913200
2023-10-04,61.19032832956346,61.22672877857805,60.6351277380883,61.14481735229492,19586200
2023-10-05,61.499778457404084,61.77283042281742,61.2904376913872,61.68180847167969,18327200
2023-10-06,61.56348771473074,62.51005903590338,61.190324114037516,62.36442947387695,17758900
2023-10-09,61.78192525485443,62.3462293929959,61.71821405732231,62.273414611816406,11015700
2023-10-10,62.97424870277986,63.38381972076174,62.89233033278339,63.12897491455078,23682800
2023-10-11,63.493047680704656,63.584062699210094,63.03796564417667,63.39292907714844,15393600
2023-10-12,63.474828902823496,63.493036069595476,62.62837619191405,62.865020751953125,16764600
2023-10-13,62.68299849939729,62.82862113158271,62.12779789218959,62.28252410888672,19900300
2023-10-16,62.391742427860926,62.80131343352304,62.30982406032852,62.73760223388672,20119600
2023-10-17,62.21880913106107,63.06526189529347,62.20970554710159,62.774009704589844,12155100
2023-10-18,62.218808818592606,62.28252001798906,61.6090006323694,61.68180847167969,16945900
2023-10-19,61.48157841969243,61.809238001580354,61.02649643862587,61.135711669921875,27204100
2023-10-20,60.91727445106175,61.06289707457184,60.56231106025592,60.58961486816406,28251800
2023-10-23,60.36207224683541,61.01739139493371,60.134531261745714,60.63512420654297,18574700
2023-10-24,60.74434296625889,61.03559516634403,60.66243153998503,60.980987548828125,22138700
2023-10-25,60.81715750425148,61.053802085855615,60.47129768806094,60.544105529785156,17400900
2023-10-26,60.389379756868365,60.51680216081171,59.91609753422171,60.10723114013672,22914700
2023-10-27,60.52590920626018,60.55321301666652,59.77957496448437,59.92519760131836,24116300
2023-10-30,60.58051323345074,60.71703922138433,60.31656484184583,60.689735412597656,23954500
2023-10-31,60.76254617417403,60.95367976702152,60.55320541400787,60.90816879272461,18291300
2023-11-01,61.05380065082843,61.49977905090752,60.88086727479775,61.4815788269043,21115000
2023-11-02,62.51006124318555,62.74670581783475,62.328031228224596,62.73760223388672,19669400
2023-11-03,63.26550114228082,63.71147955484468,63.1744861317168,63.40202713012695,20752900
2023-11-06,63.31100275117146,63.374713950526576,62.956039362764365,63.08346176147461,15938000
2023-11-07,62.59196877989224,62.81950975646361,62.47364997191496,62.70119094848633,15747100
2023-11-08,62.67389320107234,62.8923306153775,62.437248618241625,62.619285583496094,10916500
2023-11-09,63.17448405850138,63.32921026578254,62.582876093249894,62.61017990112305,14557600
2023-11-10,62.564670578541914,62.93784114666887,62.1277957530276,62.892330169677734,12518800
2023-11-13,62.63748916134292,63.147178803341454,62.53737056109312,63.0561637878418,11354700
2023-11-14,64.13015205526986,64.74906382840615,64.12104847131198,64.66715240478516,21166800
2023-11-15,64.69445425590796,64.88558784924255,64.5306244696212,64.56703186035156,12980000
2023-11-16,64.45781132257898,64.72175970406707,64.29398153213808,64.52152252197266,13769700
2023-11-17,65.12223390992638,65.4043825145553,64.99481151144882,65.39527893066406,14314300
2023-11-20,65.2951625980808,65.7138371995583,65.2951625980808,65.64102935791016,10334700
2023-11-21,65.60462141811192,65.66833261902296,65.304265637817,65.38617706298828,12300200
2023-11-22,65.48629425386531,65.56821262128221,65.19504206393846,65.54090881347656,12162900
2023-11-24,65.75024408052975,66.05970344512588,65.74114744039466,66.04149627685547,8083500
2023-11-27,65.84125339100318,65.92317175312941,65.67743055474972,65.81394958496094,10365000
2023-11-28,65.63191616110693,66.03239047951807,65.5499978032505,65.8321533203125,11129900
2023-11-29,66.02328894638275,66.22352611180482,65.80485155864929,65.96868133544922,10462200
2023-11-30,65.97778896348933,66.08701114754716,65.6865367500023,65.91407775878906,19444200
2023-12-01,65.87766289084755,66.66040442779874,65.8503590839306,66.60579681396484,21091900
2023-12-04,65.95048724622448,66.23263588399308,65.83216841774104,66.0870132446289,14778700
2023-12-05,65.87766849429795,66.27814288047617,65.74114944810113,65.8503646850586,17529500
2023-12-06,66.50568780542423,66.64221380367391,66.03240554802616,66.05060577392578,16547400
2023-12-07,66.1871182565665,66.56028183531375,65.92316989891637,66.36914825439453,14513200
2023-12-08,66.20532996981088,66.66951557203873,66.18712974446885,66.56939697265625,13323600
2023-12-11,66.46927457305351,66.76963035402886,66.46017098890272,66.73322296142578,12372000
2023-12-12,66.62399862342492,66.8515396118164,66.40556121888908,66.8515396118164,13210000
2023-12-13,66.90614842112524,67.88912012906124,66.58759245355343,67.82540893554688,16760700
2023-12-14,68.16217424776168,68.56264858779377,68.00744805056729,68.32600402832031,21959600
2023-12-15,67.99836143407667,68.12578385697218,67.61609416539015,67.6615982055664,22420700
2023-12-18,67.94373468350162,67.9983422939427,67.62517871592979,67.82540893554688,14409900
2023-12-19,68.19858179923483,68.4443229986568,68.19858179923483,68.39881896972656,15551800
2023-12-20,68.41817140452758,68.58405626560992,67.6624752665092,67.70855712890625,23019200
2023-12-21,68.43659544319608,68.80522918701172,68.28913913322829,68.80522918701172,15837400
2023-12-22,68.95268989133447,69.09092844705944,68.68543055856087,68.8697509765625,12184500
2023-12-26,68.94347716455346,69.29368246886567,68.94347716455346,69.18309020996094,8915400
2023-12-27,69.22916771956614,69.60701227594781,69.21994994079436,69.55171966552734,13103800
2023-12-28,69.53328598990305,69.72682419382298,69.3581903751309,69.36740112304688,16832000
2023-12-29,69.46877789867057,69.6623090778919,69.25681819190194,69.44113159179688,21346400
2024-01-02,68.69464612092656,68.99876952748849,68.5748431264195,68.66699981689453,18177600
2024-01-03,67.9942499593876,68.34445526455482,67.80993655853527,68.15091705322266,18637700
2024-01-04,68.14169419679425,68.64855947462561,68.14169419679425,68.30757904052734,11977100
2024-01-05,68.22463219193277,68.95268193908764,68.16012181084837,68.35365295410156,20636700
2024-01-08,68.50111731747498,69.1001463728216,68.44581767640427,69.08171081542969,16250100
2024-01-09,68.4642562866211,68.63014115501997,68.36288180976037,68.4642562866211,10218300
2024-01-10,68.75915166399562,69.00797541386163,68.68542350436707,68.90660095214844,12191300
2024-01-11,69.09093107527863,69.18308777223258,68.28915304645818,68.89739990234375,16434300
2024-01-12,69.35819286211704,69.57937034882096,69.05406942345819,69.18309020996094,11329300
2024-01-16,68.34444769533634,68.43660438555607,67.88365721313296,68.02188873291016,19802700
2024-01-17,67.11875133187566,67.40443921496824,66.88835606328988,67.37679290771484,16381400
2024-01-18,67.66248122526693,67.9942509766492,67.51503190860018,67.97582244873047,16391400
2024-01-19,67.79149693070946,68.14170221485615,67.5518909302045,68.13248443603516,15792200
2024-01-22,68.2983700407967,68.54719382282413,68.23385965055958,68.34445190429688,15424800
2024-01-23,67.9942499593876,68.19699891898851,67.84680064492684,68.15091705322266,13575400
2024-01-24,69.05406213555256,69.11857252199556,68.65778203851559,68.66699981689453,16314600
2024-01-25,68.83288836245454,68.86975244684187,68.50111863407378,68.86053466796875,15268800
2024-01-26,69.21995020340367,69.33975320347089,69.10935795103808,69.16465759277344,16478600
2024-01-29,69.13700047744472,69.64387281753419,69.05406156603264,69.57014465332031,13341500
2024-01-30,69.46877141831082,69.56093514076635,69.21072987008698,69.47798919677734,11708400
2024-01-31,69.79133179934078,70.01250926928657,69.0264178865264,69.12779235839844,23907300
2024-02-01,69.29367793511857,69.82818957375557,69.14622159956005,69.80976104736328,17189400
2024-02-02,69.23837749203251,69.30288788031615,68.94347185543519,69.2568130493164,15579800
2024-02-05,68.84208648015486,69.04483539153539,68.50110606656388,68.88816833496094,15617900
2024-02-06,68.86053814874202,69.33054645955703,68.82367406249128,69.3121109008789,13886600
2024-02-07,69.27523803710938,69.385830281849,69.11857096372337,69.27523803710938,10485100
2024-02-08,69.16465143277094,69.21072626049087,68.95268472572486,69.15543365478516,9578500
2024-02-09,69.16465480567943,69.44112487879497,69.00798069669865,69.39505004882812,11001100
2024-02-12,69.36739809766455,69.7268211527648,69.34896957153106,69.51485443115234,6911500
2024-02-13,68.7683750067407,68.86053169818193,68.21542079588353,68.44581604003906,14942500
2024-02-14,68.89740493698099,69.22917469514331,68.8421052898834,69.21073913574219,13248000
2024-02-15,69.54250683337727,70.01251514869864,69.53328905394983,69.99407958984375,14128600
2024-02-16,70.02172874699644,70.39957330769273,69.8558438827357,70.10466766357422,13381600
2024-02-20,70.54702444674054,70.62074557900883,70.20603696446918,70.39035034179688,15285800
2024-02-21,70.24291447965078,70.47330976092431,70.1231044334807,70.44566345214844,11433700
2024-02-22,71.02624586630651,71.25664111136798,70.89722509156047,71.23821258544922,15476000
2024-02-23,71.3119324852878,71.45017103615172,71.2105580167279,71.33036804199219,11400000
2024-02-26,71.38567100544043,71.38567100544043,71.0999831150219,71.22900390625,15015200
2024-02-27,71.27506717186601,71.47781610548377,71.22899234311039,71.42252349853516,11110900
2024-02-28,70.94331736195096,71.09998446411407,70.8880177138712,71.00782775878906,12196600
2024-02-29,71.34880576854192,71.46861580925659,70.83272261194234,71.192138671875,17221700
2024-03-01,71.48703593959978,71.91096234430844,71.19213030888484,71.88331604003906,18930500
2024-03-04,71.66214104295598,71.84645443183659,71.5884128749617,71.69900512695312,13961000
2024-03-05,71.74508004635433,72.00312160354477,71.3672354893555,71.56998443603516,12874400
2024-03-06,72.35332865941453,72.62979874984845,72.21509009864494,72.41783905029297,24098100
2024-03-07,72.96156116867846,73.36705903132237,72.89705078426734,73.27490234375,18279100
2024-03-08,73.523730379638,73.59745854642594,72.92470132891964,73.03529357910156,14926900
2024-03-11,72.54685441617931,72.64822888443538,72.26116656806026,72.6205825805664,10496000
2024-03-12,72.72196047550695,73.21039728315345,72.44548336158003,73.20117950439453,15296000
2024-03-13,73.12745748878442,73.37628831847393,73.09981118128684,73.21040344238281,14166600
2024-03-14,73.1919635578663,73.2380454217094,72.40862109027053,72.6758804321289,25572000
2024-03-15,72.84175263551354,72.90626301501615,72.4639011047811,72.7035140991211,17529100
2024-03-18,72.88783100598185,72.9154843394888,72.62978947541859,72.68508911132812,13472200
2024-03-19,72.63900717906941,73.00764094997089,72.53763271629388,72.8141098022461,13222100
2024-03-20,72.76803504815032,73.63432343967398,72.71274243800372,73.58824157714844,18834900
2024-03-21,73.63432228780086,73.75412528494607,73.53294781671454,73.55137634277344,13021000
2024-03-22,73.52371985453647,73.56980170995844,73.31176019424488,73.39469909667969,12832800
2024-03-25,73.16432419146427,73.50531173537135,73.16432419146427,73.23805236816406,9418000
2024-03-26,73.58824322692743,73.61588953262053,73.32098388671875,73.32098388671875,12343100
2024-03-27,73.48687430041356,73.78177996858142,73.39471759744343,73.76335144042969,12337200
2024-03-28,73.47765488911598,73.69883235638933,73.46843711057399,73.59745788574219,17180400
2024-04-01,73.46843907258133,73.60667762998324,73.10902304199942,73.28411865234375,15419500
2024-04-02,72.70352549905402,72.76803588867188,72.51921210903303,72.76803588867188,17414900
2024-04-03,72.63901950108358,73.28412343626417,72.6298017216937,73.17353820800781,15898300
2024-04-04,73.6527541637724,73.68040046967064,72.48234935041327,72.54685974121094,19950400
2024-04-05,72.44548247704614,72.92470150008262,72.30724392177052,72.77725219726562,21091800
2024-04-08,73.19195795173066,73.29333241953647,73.00764457268627,73.13666534423828,12350900
2024-04-09,73.47765430641375,73.54216469348627,72.80489710028198,73.12744903564453,12469100
2024-04-10,72.07685171934433,72.4731318446254,71.88332054622175,72.15979766845703,21567300
2024-04-11,72.40860986389701,72.44547394303495,71.56075713703683,72.35331726074219,11967000
2024-04-12,71.75429748719237,71.96625718055549,71.09075803976775,71.18291473388672,17934600
2024-04-15,72.01233115418482,72.10448783820797,70.86035502613464,70.970947265625,21610100
2024-04-16,70.39956672727054,70.61153343499822,70.04015072681865,70.27054595947266,24161800
2024-04-17,70.66683339069532,70.7036974754866,70.0032939266626,70.31663513183594,15748000
2024-04-18,70.28897750725632,70.60231869331571,70.01250743484431,70.12309265136719,12884200
2024-04-19,70.20604181734235,70.41800854391524,69.93878247997009,70.15074920654297,16925000
2024-04-22,70.53780311650145,71.21055323786435,70.47329273457481,70.970947265625,17314200
2024-04-23,71.21056037606647,71.83723573378836,71.15526776633085,71.74507904052734,13466000
2024-04-24,71.85568050834902,71.85568050834902,71.32116177532306,71.60684967041016,8530000
2024-04-25,70.60232756443024,71.37645230177768,70.42722490812777,71.27507781982422,11479600
2024-04-26,71.58841686380585,71.93861513463379,71.56077055704384,71.8464584350586,12676400
2024-04-29,72.03077573850729,72.2519532141077,71.9201834851545,72.12293243408203,10560000
2024-04-30,71.88332091059449,72.08606986378072,71.15527104738275,71.21056365966797,18994300
2024-05-01,71.19213259986913,71.90174687967026,70.87879843325967,71.05389404296875,17900300
2024-05-02,71.81879796129896,72.1413498617382,71.42251790330099,72.0123291015625,14993300
2024-05-03,72.78647029531278,73.00764776606135,72.28881571279976,72.73117065429688,15055600
2024-05-06,73.09059748325728,73.2841286776531,73.03530486517451,73.22883605957031,9411400
2024-05-07,73.4684451478963,73.58824815762877,73.31177805106795,73.42236328125,9065800
2024-05-08,73.0998034789984,73.35784502992766,73.08137495297699,73.33941650390625,6667500
2024-05-09,73.33019050308687,73.91078392757781,73.33019050308687,73.90157318115234,13256000
2024-05-10,74.15040242591043,74.20569503298128,73.94765349184442,74.03981018066406,8022000
2024-05-13,74.10432759705294,74.23334836762136,73.93844274473572,74.03981018066406,6990500
2024-05-14,74.3255064836234,74.60197655539103,74.25177831871011,74.59276580810547,15228300
2024-05-15,74.9429758018173,75.38533782958984,74.79552647996371,75.38533782958984,10823700
2024-05-16,75.23786942610316,75.30237981241412,74.95218157688394,74.97982788085938,13042100
2024-05-17,74.9982638486842,75.27474097808344,74.88767862180889,75.23787689208984,10219600
2024-05-20,75.31160267222185,75.50513384421268,75.25631006054024,75.29316711425781,5836800
2024-05-21,75.01669564764155,75.22865534260016,74.97983156349547,75.1733627319336,6222000
2024-05-22,74.66649467443249,74.74022284698111,74.26100378762605,74.46375274658203,10721200
2024-05-23,75.10885487143346,75.11807265055663,73.94766079060118,74.08589935302734,8805800
2024-05-24,74.46374994541834,74.80473042619417,74.42688586053077,74.69414520263672,9289500
2024-05-28,74.9706120613465,74.98904761854833,74.4453111787737,74.66648864746094,13036500
2024-05-29,73.7080543229575,73.8278573263908,73.45922350591982,73.48686981201172,13662100
2024-05-30,73.94766546902461,74.28865300710159,73.92001916101137,74.10433959960938,7456100
2024-05-31,74.61119302117415,74.85080603737451,74.24255923419774,74.8139419555664,19932400
2024-06-03,75.05356335989237,75.24709453768583,74.72179361764488,75.02591705322266,17127700
2024-06-04,74.8600252040118,75.05355636376524,74.6204121833674,74.93374633789062,12565500
2024-06-05,75.30238595018379,75.48670637688497,74.89688804254652,75.45905303955078,8661500
2024-06-06,75.48669918329502,75.71709442138672,75.4406173232348,75.71709442138672,13195600
2024-06-07,75.05355520947246,75.30237897358441,74.8231599707706,74.89688110351562,21589700
2024-06-10,74.3900181678099,74.92453682609822,74.2794259185108,74.84159088134766,8995400
2024-06-11,73.97238496841199,74.14116494016899,73.57856741891753,73.99114227294922,17004600
2024-06-12,75.18196895288527,75.37887771553014,74.73188667125758,74.8631591796875,15188900
2024-06-13,74.24430991704696,74.24430991704696,73.49417510673669,73.79422760009766,12784200
2024-06-14,72.81906090023735,73.05347712952658,72.53775856356404,72.97846221923828,17500000
2024-06-17,72.79091584107137,73.28788419422413,72.54712814384325,73.26912689208984,13582700
2024-06-18,73.26913300074703,73.58794277927767,73.2503828508642,73.55980682373047,16057100
2024-06-20,73.40978069648526,73.7192118085541,73.33476579286585,73.606689453125,10942900
2024-06-21,73.03471529806927,73.18474510934642,72.82842788447076,73.09097290039062,14237600
2024-06-24,73.69107528312938,74.0380138443187,73.6254390314249,73.67232513427734,12193700
2024-06-25,73.66294949012031,73.96300196070636,73.57856308611886,73.8504867553711,8751700
2024-06-26,73.19411064631134,73.45665564084973,73.08159545083178,73.30663299560547,10509700
2024-06-27,73.43790705200092,73.62543715099126,73.21286950244958,73.3628921508789,14156000
2024-06-28,73.35352346010097,73.67232607134487,73.13785739957747,73.4472885131836,17425000
2024-07-01,73.85048353287502,74.10364988764755,73.39102261842076,73.57855987548828,19845700
2024-07-02,73.34414666798143,73.7848502978384,73.27851041377816,73.75672149658203,10331700
2024-07-03,74.30993502835803,74.6568735779962,74.30993502835803,74.6006088256836,8107900
2024-07-05,75.21948097401079,75.22885962627255,74.5631112381839,75.09757995605469,8408800
2024-07-08,75.14444992365816,75.21946481800899,74.68499621493396,74.72250366210938,6031700
2024-07-09,74.56311411304452,74.61937887496885,74.2349328093855,74.42247009277344,8069800
2024-07-10,75.02257345790933,75.51953472888519,74.9850660020487,75.47264862060547,8189200
2024-07-11,75.98836884479306,76.11964136624502,75.64143023591805,75.68831634521484,8930000
2024-07-12,76.28841016622651,76.7666212264837,76.25090271504803,76.49469757080078,9289700
2024-07-15,76.31654130227646,76.32591995381188,75.75394382500717,75.819580078125,7418700
2024-07-16,75.62267471426668,76.21340101885109,75.52890965614755,76.18527221679688,10902900
2024-07-17,75.81020277590123,76.08212644474784,75.6976875707338,75.78207397460938,11634200
2024-07-18,75.91335159508095,75.98836650612076,74.86316430197061,75.03194427490234,16481500
2024-07-19,74.80689544442767,74.84440289430634,74.49746434828953,74.57247924804688,15570300
2024-07-22,75.23822167801352,75.38825148010197,75.04131292813345,75.36012268066406,13762800
2024-07-23,74.96630018696709,75.08820119312976,74.88191378622209,74.93817138671875,12043000
2024-07-24,74.70376246142045,74.80690617492837,73.95363481769037,73.99114227294922,10698000
2024-07-25,73.3628998794781,74.17867091903643,73.11911215587118,73.52230834960938,17719800
2024-07-26,74.09427269685814,74.59124107252194,74.0192649463675,74.45996856689453,10574700
2024-07-29,74.29118335116495,74.319312149835,73.90673735916877,74.13177490234375,9305600
2024-07-30,74.42246100532985,74.49746875571023,74.00050753459206,74.3005599975586,8551600
2024-07-31,75.38825360636514,75.67892741384134,75.12570859912019,75.35074615478516,20969400
2024-08-01,74.3943246406523,74.5818619001066,72.99720603833883,73.35352325439453,18129800
2024-08-02,72.35959662419634,72.53775523951302,71.61884051512975,72.2001953125,25136200
2024-08-05,69.6028723449911,71.10313483334014,69.30281984732129,70.62492370605469,28088800
2024-08-06,70.05293336432788,71.16875671799923,69.9591683190865,70.7468032836914,22307500
2024-08-07,72.05954582438578,72.2845833963498,71.04686601982452,71.0843734741211,24592600
2024-08-08,71.77824629938573,72.35022242357982,71.45943653408682,72.27520751953125,14824700
2024-08-09,72.07829937460666,72.565881947438,71.93764821677345,72.55650329589844,11022700
2024-08-12,72.50962491797323,72.69715502735383,72.25645140111277,72.4908676147461,7988700
2024-08-13,73.03471220097393,73.79421841536539,72.99720474974517,73.73796081542969,11927500
2024-08-14,73.87860757133896,74.07551631320747,73.73795642605732,74.00988006591797,7127600
2024-08-15,74.67563320987854,75.06007925861077,74.60061829981144,74.91004943847656,10364200
2024-08-16,74.99443532147941,75.38825282828223,74.97567801897556,75.32261657714844,10287800
2024-08-19,75.77269133564161,76.32591729592563,75.76331983824758,76.24152374267578,6741000
2024-08-20,76.11024666195581,76.2884052551309,75.86645897571182,76.0071029663086,5177900
2024-08-21,76.49469876065335,76.86038747306326,76.32591880463225,76.71035766601562,10653500
2024-08-22,76.99166956915951,77.01979837303158,76.21340594422534,76.26029205322266,7290700
2024-08-23,76.87913850169335,77.70428814226682,76.7853734481232,77.65740203857422,10779000
2024-08-26,77.41360665603874,77.56363646379485,77.22607655015858,77.31046295166016,6719900
2024-08-27,77.49800622393495,77.79805870891137,77.3948625115541,77.66678619384766,9597100
2024-08-28,77.58238942664643,77.74179789162253,77.07604953782787,77.39485931396484,7883900
2024-08-29,77.76055415810497,78.08873545802048,77.55426672563925,77.68553924560547,9112100
2024-08-30,77.9386989492963,78.06059279510461,77.44173060758271,77.80742645263672,15627600
2024-09-03,77.4136074448667,77.50737965257728,76.39155619591989,76.57908630371094,9886700
2024-09-04,76.01648619036753,76.59784095046322,75.93209979093248,76.24152374267578,10324400
2024-09-05,76.33530696609203,76.47595098545233,75.92273209912629,76.26029205322266,12147400
2024-09-06,76.06337806796184,76.26028683540936,74.70375969204031,74.8256607055664,12344400
2024-09-09,75.39763893675577,75.85709274013477,75.38826028457623,75.57579040527344,10635000
2024-09-10,75.30385781165093,75.31323646272064,74.61936651367016,75.20071411132812,9742900
2024-09-11,75.26635657865032,75.67893141402276,74.43183540987627,75.65080261230469,12999100
2024-09-12,75.58516956612182,76.29779690643495,75.37888213967732,76.26966094970703,11685600
2024-09-13,76.37280003564133,76.7291172611171,76.31654243322524,76.44781494140625,7340500
2024-09-16,76.77599232215013,77.1041807297908,76.59784087225312,77.0666732788086,9869500
2024-09-17,76.97289819757864,77.01978429800774,76.38217196277051,76.63534545898438,7307300
2024-09-18,76.71036605966451,77.31984969830904,76.22278344103833,76.39156341552734,8454200
2024-09-19,77.78866936234839,78.0512143563811,77.32921562279117,77.90119171142578,9974100
2024-09-20,77.44173290910324,77.46049021136322,76.86038530770911,77.13230895996094,7892400
2024-09-23,77.25420892697014,77.50738245082493,77.21670147329478,77.42298889160156,6997700
2024-09-24,77.65740871039733,77.93871104909053,77.46049993483837,77.8824462890625,6855800
2024-09-25,78.02308479800358,78.04184209957448,77.44173006415176,77.46048736572266,11869000
2024-09-26,78.94200802658338,79.26081064989309,78.62319824945843,79.16704559326172,12875000
2024-09-27,79.0170087606139,79.2889324083609,78.57631231821149,78.68882751464844,10690700
2024-09-30,78.72633171984256,78.73571037043061,77.99495435788931,78.41690063476562,13424400
2024-10-01,78.44504726217889,78.4731760639568,77.42298882341775,77.83556365966797,18430900
2024-10-02,77.694912394036,77.85431370644321,77.310466360073,77.67615509033203,8335200
2024-10-03,77.00104870694902,77.15107137981732,76.67286024953135,76.95416259765625,9890500
2024-10-04,77.0104111679244,77.42298598907084,76.935403417201,77.40423583984375,8536100
2024-10-07,77.16982394389836,77.27296765495282,76.69161284299274,76.97290802001953,7365100
2024-10-08,76.79475557966528,76.86039183552028,76.5978468121003,76.85101318359375,6339100
2024-10-09,76.43843411637486,76.93540248757586,76.38217651555833,76.86976623535156,5370800
2024-10-10,76.67284964404354,76.80412930114136,76.35404703716065,76.77599334716797,5794400
2024-10-11,76.73848296480381,77.24482280976282,76.72911146765216,77.16981506347656,6914900
2024-10-14,76.99166313326573,77.43236676726421,76.89789807692495,77.39485931396484,6646200
2024-10-15,77.1135534602909,77.13231076298935,76.04461612855634,76.1102523803711,17667300
2024-10-16,76.30716705322266,76.38218196220384,76.15714438907577,76.30716705322266,5931800
2024-10-17,76.58846725122088,76.61659605285128,76.24152867221032,76.31654357910156,8904600
2024-10-18,76.71035912284096,76.86038893273783,76.53220766585726,76.83226013183594,5863100
2024-10-21,76.41030442307361,76.46656917704763,75.79144935987838,75.92272186279297,8009100
2024-10-22,75.42576541675896,75.6039168797905,75.36012916115465,75.49140167236328,5844200
2024-10-23,74.81628137627644,74.98506134024842,74.40370654127487,74.73188781738281,7556000
2024-10-24,75.32261907037532,75.34136921968498,74.8256578447961,75.15383911132812,6522400
2024-10-25,75.33199792700489,75.44452029529991,74.77877904563988,74.90067291259766,9288100
2024-10-28,75.2382255554771,75.60391427464539,75.181967953702,75.50077056884766,6985000
2024-10-29,75.24760146699663,75.40700276876504,75.06007136536492,75.22885131835938,8778400
2024-10-30,74.6099918365525,75.0694456100348,74.55373423476713,74.74126434326172,8828100
2024-10-31,74.37557199547358,74.37557199547358,73.57855834253276,74.28180694580078,19247600
2024-11-01,74.68501252452597,74.88192129983696,74.36620273082082,74.43183898925781,9951300
2024-11-04,74.84441587886663,75.04132465952993,74.44121966498963,74.48810577392578,10280100
2024-11-05,74.68500400828671,75.29448756931195,74.62873925474535,75.22885131835938,9596400
2024-11-06,74.12240890838326,74.22555261370749,73.53167547719627,74.14115905761719,11746200
2024-11-07,74.9944332978455,75.33198604184317,74.86315364530549,75.26634979248047,11634100
2024-11-08,74.43183568455404,74.43183568455404,73.86923818667064,74.22555541992188,11540300
2024-11-11,74.45997455043548,74.49747485178679,74.16929356134588,74.24430847167969,5839600
2024-11-12,73.53167747936183,73.53167747936183,72.50024755185015,72.86593627929688,16613700
2024-11-13,72.57526725960872,72.63152486637904,72.01266973045833,72.43461608886719,14828900
2024-11-14,72.95970072520295,73.1097305371644,72.50962559694896,72.58464050292969,19039000
2024-11-15,72.49087011471504,72.50962741858905,72.16268883507354,72.32209014892578,15433500
2024-11-18,72.26582959026007,72.84718437172374,72.21894348630741,72.71591186523438,7772600
2024-11-19,72.10642003226178,72.76278248960539,72.00327633842004,72.62213134765625,13402300
2024-11-20,72.32208822647455,72.42523193359375,71.91889204968543,72.42523193359375,12442000
2024-11-21,72.31272010025823,72.55650782498397,72.059546569592,72.4439926147461,9161200
2024-11-22,72.35959205617625,72.85655326351274,72.35022055877297,72.72528076171875,16809800
2024-11-25,73.2878943338799,73.39103089462901,72.87531947562074,73.10035705566406,24934100
2024-11-26,72.97845057177301,72.99720071944473,72.45335343737679,72.67839813232422,9360800
2024-11-27,72.98783391527063,73.2128786467448,72.84718990036879,73.07222747802734,7477900
2024-11-29,73.36289531573632,74.0849012510072,73.33476651505578,74.04739379882812,11643900
2024-12-02,74.15054128725718,74.38495750997576,73.67233018984297,74.2536849975586,15721100
2024-12-03,74.74125727986653,74.89128707553576,74.4505834930254,74.67562103271484,13289900
2024-12-04,74.76939527091162,74.90066778135478,74.61937261061168,74.73188781738281,10434400
2024-12-05,75.10695860831645,75.21948097401079,74.95693594120628,75.09757995605469,11910800
2024-12-06,75.3788772464883,75.3788772464883,74.91942346984253,75.08820343017578,7072500
2024-12-09,75.5101532507712,75.60391831000611,75.01319199839233,75.04132080078125,7801100
2024-12-10,74.85378539841842,74.87253554741565,74.34744552971371,74.36619567871094,10662800
2024-12-11,74.76002185073698,74.89129435780501,74.53497713535027,74.83502960205078,11858900
2024-12-12,74.44121016852435,74.7412626275168,74.12240756063889,74.17866516113281,8623800
2024-12-13,74.27242640601408,74.27242640601408,73.77546521695227,73.97237396240234,10116600
2024-12-16,73.68171296406811,73.98176545978222,73.60669805168564,73.72859191894531,25547700
2024-12-17,73.59267344086663,73.85879585656367,73.53564928072926,73.61167907714844,13934900
2024-12-18,73.54514933414676,73.69722343134924,71.6727859585626,71.80584716796875,16470400
2024-12-19,72.04345738430332,72.10998798889365,71.5302181840527,71.5777359008789,17486600
2024-12-20,70.69382438432444,71.97692599663748,70.68432519183779,71.37814331054688,20878200
2024-12-23,71.51121138962156,71.89138941308575,71.22608331049292,71.84386444091797,10491200
2024-12-24,71.8723752395045,72.15750328477162,71.6917890682644,72.10047912597656,5585200
2024-12-26,72.22403750675757,72.56619697925944,72.16701334510464,72.44264221191406,10784900
2024-12-27,72.30958453643166,72.4996699187646,72.07197418286921,72.33809661865234,15819700
2024-12-30,71.89138134227804,72.11948523023165,71.5492218847017,71.86286926269531,16427600
2024-12-31,72.10047959427378,72.21453516389651,71.701295977532,71.86286926269531,21393500
2025-01-02,71.94841385580045,72.10999441101771,71.41616897167597,71.61576080322266,12756600
2025-01-03,71.78683755259904,71.98642937580671,71.51120867732395,71.92940521240234,12548800
2025-01-06,72.5471855251307,73.07943032799133,72.47114848149587,72.61371612548828,16201800
2025-01-07,73.24100530738251,73.24100530738251,72.45214452805708,72.55668640136719,9393200
2025-01-08,72.13850126427818,72.54719134247253,71.92940300316123,72.44264221191406,7894800
2025-01-10,71.90089020969809,71.91989584629664,71.188059190933,71.34012603759766,12021900
2025-01-13,70.57027008872623,71.17855197134051,70.5607636448845,71.14053344726562,12019700
2025-01-14,71.30210582709726,71.5302169686385,71.05499630069885,71.39715576171875,9963200
2025-01-15,72.42363390180401,72.48066531835413,72.00544460442813,72.30958557128906,12144700
2025-01-16,72.47115381545545,72.88935033493517,72.31907971699297,72.68025207519531,17925700
2025-01-17,73.05092107978399,73.36456845846112,72.87984135062298,72.97488403320312,10667100
2025-01-21,73.94434157432886,74.46707997767432,73.83028599932823,74.44807434082031,13169100
2025-01-22,74.60014703814413,74.60965348296253,74.24848834408365,74.2770004272461,8666700
2025-01-23,74.45757382497663,74.8852767944336,74.3150134197832,74.8852767944336,10977200
2025-01-24,75.22743737485428,75.52207188497295,75.16090676768903,75.30347442626953,7578400
2025-01-27,74.93279561344328,75.34148570068481,74.91378997623563,75.30347442626953,13559100
2025-01-28,75.18941416378136,75.25594476680082,74.76171846598368,75.20841979980469,9458300
2025-01-29,75.21792683978728,75.42702509416098,74.94229798186666,75.19892120361328,7875400
2025-01-30,75.92124586334617,76.33944234160214,75.69314198942992,76.02579498291016,13792100
2025-01-31,75.90224928932129,76.19688379710533,75.24644241582286,75.31297302246094,14935000
2025-02-03,74.04889113999873,74.89478338516614,73.80177435169263,74.42906188964844,14997600
2025-02-04,74.88527811225516,75.37000525231966,74.80924106061909,75.2939682006836,10608300
2025-02-05,75.75967258812597,76.11133846768588,75.6076057559456,76.02579498291016,7857000
2025-02-06,76.27291495261602,76.54854380203905,76.21589079456012,76.38697052001953,7806500
2025-02-07,76.43449756690127,76.49152898321213,75.54108755934728,75.66464233398438,13110800
2025-02-10,76.01630603649934,76.206391415167,75.95927462186513,76.1778793334961,7287300
2025-02-11,76.0923310237834,76.61507665899052,76.0638189439161,76.5390396118164,7583700
2025-02-12,76.04481893999939,76.9762474573464,75.93076336079073,76.82418060302734,17271400
2025-02-13,77.17583777839755,77.79362613064241,77.09980797836602,77.75560760498047,17212300
2025-02-14,78.1928136604757,78.26885071557972,77.850661415093,77.86966705322266,8051800
2025-02-18,78.3829022033869,78.53496905435803,78.24033454533802,78.430419921875,9485900
2025-02-19,77.60353769852435,77.7461053513209,77.34691447323213,77.62254333496094,11042200
2025-02-20,77.8506576577067,78.03123659074741,77.53701025901003,77.98371887207031,9177400
2025-02-21,78.0502429906585,78.06924862629087,77.34691120030148,77.49898529052734,11630000
2025-02-24,77.81263413747592,77.92668245601449,77.30889414252712,77.45146179199219,11135700
2025-02-25,78.42091519453211,78.42091519453211,77.82213252324327,78.15479278564453,10091400
2025-02-26,78.38290039697075,78.87712671535235,78.0977650874442,78.25933837890625,11254600
2025-02-27,78.04074092935551,78.04074092935551,77.32790990680114,77.37543487548828,19003200
2025-02-28,77.29939984581128,77.60354079999615,76.80516626320315,77.5370101928711,20717700
2025-03-03,79.04820991691948,79.2573081862352,77.96470729527655,78.39241027832031,16234700
2025-03-04,77.83163893664492,79.20027675472733,77.18533855047176,78.3733901977539,18408500
2025-03-05,79.4378919664892,80.37882689860545,79.4378919664892,80.24576568603516,17092500
2025-03-06,79.65648698473824,80.30278739085607,79.3618524875333,79.41887664794922,18421000
2025-03-07,79.56144673493526,80.35031481752499,79.39987344128451,80.24576568603516,13184300
2025-03-10,78.924648722338,79.2097767698728,77.82213330158626,78.35438537597656,19368400
2025-03-11,78.43991545876086,78.55397101959865,77.56551124621181,78.0882568359375,18088800
2025-03-12,78.6110064376524,78.820104703502,78.10727366153783,78.6490249633789,15886300
2025-03-13,78.19280471166543,78.411409407248,77.87916458501824,78.12627410888672,18561400
2025-03-14,78.8866270684286,79.58045240068307,78.74405942467311,79.56143951416016,13971300
2025-03-17,79.77053798164837,80.57841163013731,79.71351382450305,80.4548568725586,12966800
2025-03-18,80.38833411365941,80.56891304599814,79.97964402790495,80.44535827636719,10513400
2025-03-19,80.16022248031585,80.9681034540648,80.10319831794948,80.68296813964844,16362400
2025-03-20,79.52342110442459,80.0746787937001,79.50441546916649,80.00814819335938,11820500
2025-03-21,79.40937452059293,79.66599048427257,79.23829479437593,79.51392364501953,18771200
2025-03-24,79.44738600967712,79.67549714611947,79.21928212452653,79.5044174194336,12201700
2025-03-25,80.04616899817725,80.14121167976165,79.75153450987808,79.94161987304688,10478200
2025-03-26,79.40937966754841,79.62797712276034,78.77257843623227,78.9056396484375,17010400
2025-03-27,78.78208667926577,79.25730737693358,78.74406815329726,79.07672119140625,10331900
2025-03-28,78.68703757294642,78.78208025447064,78.21181691403356,78.3733901977539,14242300
2025-03-31,77.24236366632745,77.82213345748909,76.90971065122453,77.67957305908203,25560500
2025-04-01,77.727086649046,78.04073401147694,77.31839660895793,77.79361724853516,15154000
2025-04-02,77.22335552094657,78.05974125335459,77.16633136343673,77.97420501708984,14451600
2025-04-03,77.21385901795982,77.40395165295084,76.24441195902969,76.3394546508789,18718400
2025-04-04,73.42159622154779,73.67821220223898,71.25459104667196,71.30210876464844,40904300
2025-04-07,69.08759126392961,72.47116050272511,68.57435201119779,69.58181762695312,63057500
2025-04-08,72.07196942350785,72.15750566452142,68.64087556453934,69.34420013427734,36425000
2025-04-09,69.53428608839536,74.9517983719182,69.15410813399399,74.69517517089844,60645100
2025-04-10,73.37407460775286,73.64970348927324,71.55873526908826,73.22200775146484,36697600
2025-04-11,73.50713421830714,75.22743807904193,73.39308589140903,75.05635833740234,28909900
2025-04-14,75.51256138946253,76.26341091649716,75.246438975079,75.86422729492188,15749900
2025-04-15,76.46299472588362,76.90020407666739,76.3774584950506,76.54853820800781,13679800
2025-04-16,76.55804716621805,77.04276699278056,75.97827741166311,76.25390625,16542600
2025-04-17,76.94772645734895,77.54650186338999,76.80515881268443,77.0807876586914,14072500
2025-04-21,77.43246048397721,77.51799672766205,76.1208467371381,76.66260528564453,15883900
2025-04-22,77.71759526179369,78.60150611269532,77.69858962309698,78.24984741210938,14923200
2025-04-23,79.00069400746963,79.48541391421546,78.34488710255246,78.56349182128906,15223500
2025-04-24,78.915145256123,79.63748272278988,78.78208404532808,79.60897064208984,11194200
2025-04-25,79.45690013590637,79.97964581001654,79.34285180794957,79.95113372802734,10485300
2025-04-28,80.05567983307999,80.5689117920468,79.97964278312483,80.4833755493164,10085400
2025-04-29,80.39783407378687,80.81603060774741,80.36932199216089,80.64495086669922,8303800
2025-04-30,80.1031952779328,80.79702064932522,79.70401165393321,80.5499038696289,24147900
2025-05-01,80.76850986398557,80.77800905664357,80.18874005499559,80.29328918457031,10070900
2025-05-02,81.69993897193508,82.02309280712899,81.55737131674047,81.83300018310547,14798400
2025-05-05,82.08961861706744,82.19416774134962,81.95655741367044,81.9755630493164,8119800
2025-05-06,81.93755569621698,82.15616041804972,81.7854888364447,81.87102508544922,8661700
2025-05-07,81.67141973337513,81.91853649730203,81.34826592650279,81.59538269042969,8536600
2025-05-08,81.8234965617404,81.8234965617404,81.26273961693396,81.31026458740234,12228300
2025-05-09,81.93755367775202,81.93755367775202,81.4908450516188,81.7094497680664,9149000
2025-05-12,81.82349158009539,82.13713896298923,81.40530232086225,82.12763977050781,12602500
2025-05-13,82.02309435034796,82.43178443557262,81.9280444109018,82.23218536376953,13242900
2025-05-14,82.50781268298164,82.52682557103006,81.7759760215445,81.83300018310547,10173300
2025-05-15,82.42227659379328,82.78344170317084,82.21317833262495,82.7264175415039,11283200
2025-05-16,82.63137584321308,82.95452243158005,82.46979529773733,82.91650390625,8372100
2025-05-19,82.91649999402235,83.71487448569923,82.8974943579002,83.70536804199219,9062900
2025-05-20,83.88595577238202,84.14257174689787,83.83843080425697,84.10455322265625,23335500
2025-05-21,84.20910412834921,84.4847329964478,83.57231014927258,83.6103286743164,15278800
2025-05-22,83.28717630283197,83.78140988580735,83.15411508848297,83.56280517578125,12787300
2025-05-23,82.87848249310112,83.8289238393582,82.83096477656346,83.6768569946289,16959600
2025-05-27,84.87441172280279,85.02647856144314,84.70333199727507,84.89341735839844,12435700
2025-05-28,84.06653370178178,84.16158363690501,83.75289357026782,83.91446685791016,16812400
2025-05-29,84.3421651530039,84.3516715970668,83.8764509120129,84.28514099121094,11454200
2025-05-30,84.35166724739754,84.49423489582051,83.80040954085099,84.40869140625,18590200
2025-06-02,84.56077303885081,85.34013470159768,84.27563771657825,85.3116226196289,25710500
2025-06-03,84.45621547208506,84.75084995806957,84.23761077999569,84.66531372070312,11787400
2025-06-04,84.8649079050312,85.30211005017512,84.80788374518825,85.04549407958984,11593300
2025-06-05,85.31161818734131,85.40666087273016,84.80788542861757,84.98846435546875,14543100
2025-06-06,85.1785542208038,85.39715166499421,85.06449865125326,85.2926025390625,10301000
2025-06-09,85.17856243625019,85.53972756439008,85.12153102032833,85.28311157226562,9641600
2025-06-10,85.58724838675558,85.62525966047073,85.20707038797414,85.39715576171875,10254100
2025-06-11,85.5492270122834,85.69179466348933,85.19756110614769,85.25458526611328,12329600
2025-06-12,85.72980658491645,86.02444833331701,85.6822888683494,85.91039276123047,13288000
2025-06-13,84.79837777251798,85.2735984439611,84.60828515316554,84.8078842163086,22177100
2025-06-16,85.48374795999716,85.91885059672275,85.12599182128906,85.12599182128906,17843400
2025-06-17,84.76824041299643,84.84559429220212,83.98505267243667,84.08174133300781,16726300
2025-06-18,84.32346478144923,84.69088463412692,84.02372772734039,84.22677612304688,18504400
2025-06-20,84.1590942872876,84.16876536630002,83.45325305681892,83.47259521484375,16900600
2025-06-23,82.90211887449657,84.13008770806198,82.84410715466166,84.10108184814453,23100600
2025-06-24,84.75857198087348,85.25168633533008,84.66187594882643,85.12599182128906,14900600
2025-06-25,84.67155157226217,84.7779113117257,84.46850317243324,84.66188049316406,14422100
2025-06-26,85.31937031811884,85.67712646180202,85.21301058288525,85.60944366455078,15791500
2025-06-27,86.22826470424683,86.65370366879336,86.01554522197357,86.38296508789062,15987700
2025-06-30,86.1702524379046,86.52800122231048,86.00587359917735,86.43131256103516,28062100
2025-07-01,86.16058324627174,86.43131445452245,86.08322936480806,86.2862777709961,11406100
2025-07-02,86.02520981227313,86.59567803818233,85.89950792211779,86.53766632080078,13133600
2025-07-03,86.47966033326122,86.71171459503402,86.43131231432557,86.5570068359375,5311100
2025-07-07,85.99620101124285,86.15090137792444,85.37738479077402,85.61911010742188,12925000
2025-07-08,85.76414606980633,86.33462169746093,85.66745741099743,86.24759674072266,9061400
2025-07-09,86.6246853242184,86.92442974832888,86.42163693316579,86.89542388916016,8699900
2025-07-10,86.66335981677689,86.9050851388578,86.46998250986071,86.83740234375,8554400
2025-07-11,86.15090367362235,86.17990953209363,85.87050141361429,86.00586700439453,8468000
2025-07-14,85.71580104281034,86.07354979978466,85.63844716897265,86.00586700439453,7969900
2025-07-15,86.0155409114554,86.02521199022101,85.04863958730208,85.10665130615234,10572000
2025-07-16,85.06798018119107,85.51275389690159,84.81658377600809,85.4547348022461,16776500
2025-07-17,85.23235031460595,85.68679510187576,85.1743312208478,85.6771240234375,9542000
2025-07-18,86.07355295689315,86.08322403569545,85.35804803982893,85.4354019165039,11044700
2025-07-21,85.84149878457251,86.32494944893877,85.67712732913719,85.88984680175781,9324000
2025-07-22,85.9865336526209,86.43130736926825,85.77381418446966,86.3636245727539,12134300
2025-07-23,87.54324578153559,88.53915295382284,87.49489776512739,88.51014709472656,18088200
2025-07-24,88.05570954005933,88.24908686785471,87.8526611328125,87.8526611328125,12025500
2025-07-25,87.20482975216814,87.75596319268696,87.10813372161948,87.74629211425781,9583200
2025-07-28,86.83740304289903,86.88575105845304,86.15090400788662,86.3346176147461,13654000
2025-07-29,86.34428947522252,86.34428947522252,85.9865333367486,86.16057586669922,11888600
2025-07-30,85.88984838055588,86.13157371718232,85.22268409086792,85.54176330566406,14623000
2025-07-31,85.18400399352096,85.22268093117182,84.4588280105281,84.62319946289062,29271500
2025-08-01,84.39114679228226,84.53618346696786,83.8690191895371,84.40081787109375,18658100
2025-08-04,85.30971068678234,85.54176494887724,85.19367986729888,85.52242279052734,14718100
2025-08-05,85.66745672513758,85.70613366372586,85.25168885640335,85.51275634765625,11634100
2025-08-06,85.89951245447655,86.2185916706538,85.83182965500308,86.07355499267578,11499900
2025-08-07,87.04045372959804,87.10813652703906,86.47965656946036,86.84707641601562,11525600
2025-08-08,87.16615625980322,87.53357610904436,87.09847346186744,87.37887573242188,10367200
2025-08-11,87.13714597935137,87.21449247530259,86.90508436088369,87.01144409179688,8516600
2025-08-12,87.3982071419643,88.13305418897305,87.29184740975758,88.07503509521484,12302700
2025-08-13,88.36510908697636,88.6261765686407,88.34577430682823,88.6068344116211,9490500
2025-08-14,88.21041169521347,88.64551434352457,88.18139845870388,88.61650848388672,11790600
2025-08-15,89.16763958689725,89.22565130463707,88.99359705680627,89.13863372802734,11864300
2025-08-18,88.90657318744704,89.0902867983587,88.76154389132901,89.04193878173828,11577800
2025-08-19,89.2740034103135,89.42870379033035,88.97425897555954,89.0516128540039,10721600
2025-08-20,89.21598163983667,89.3996952514194,89.06128126445515,89.37068939208984,15871100
2025-08-21,88.87756591374423,89.02260258442564,88.65518274532138,88.80988311767578,11258900
2025-08-22,89.15797491119106,90.28924774958904,89.1289690502381,90.14421844482422,15827500
2025-08-25,89.71877080540783,89.87347117449161,88.93558312790613,88.95491790771484,11700800
2025-08-26,88.70353045865058,88.9065788630496,88.63584765718423,88.85823822021484,11788900
2025-08-27,88.2007417092359,88.68419238084813,88.02669917238062,88.64551544189453,13054200
2025-08-28,88.95492364179651,89.09028923979733,88.79055218377721,88.97425842285156,11136400
2025-08-29,88.50047381704638,88.61650462741999,88.30709650996178,88.45213317871094,18544500
2025-09-02,87.11780855321103,87.73662481565057,87.05979683387974,87.58192443847656,15496100
2025-09-03,87.45621768003554,87.79463902897068,87.3788711841862,87.71728515625,14418600
2025-09-04,87.98802599137255,88.37478802055521,87.93001426890041,88.3554458618164,10348000
2025-09-05,89.07095605070457,89.33201617240867,88.471474551078,88.75187683105469,15510600
2025-09-08,89.3997007413399,89.67043194753656,89.18698125736478,89.64142608642578,12010700
2025-09-09,89.27399963752151,89.43837108961542,89.09995710681281,89.34168243408203,10893200
2025-09-10,89.5834094082436,89.699432846268,89.21598218284183,89.32234191894531,11838300
2025-09-11,89.7091081532709,90.29891858059977,89.68010229239769,90.26991271972656,11013000
2025-09-12,89.91215515136719,90.04752075124179,89.69943567245798,89.91215515136719,10010500
2025-09-15,90.35692707170507,90.57931762523506,90.23123255345789,90.51163482666016,18108000
2025-09-16,90.42461010487332,90.44395226272879,89.99917853138666,90.26023864746094,25226900
2025-09-17,90.15387584250583,90.6663323551628,89.54473067447668,89.92182159423828,17013600
2025-09-18,90.01851629737195,90.38594354009147,89.74778509339254,90.26991271972656,15791600
2025-09-19,89.96049853176146,90.06685826573234,89.68976734597074,89.92182159423828,21889300
2025-09-22,89.8831485091094,90.25056836601995,89.6607653299092,90.21189880371094,13692200
2025-09-23,90.41494033354822,90.56964070164834,89.94115339722674,90.03784942626953,14688400
2025-09-24,89.62208391534716,89.84446708344242,89.3996933703804,89.5157241821289,14910700
2025-09-25,88.90657696641352,88.97425976643599,88.50048016627869,88.87757110595703,22434600
2025-09-26,89.25466351053936,89.57374273454164,89.17731700700989,89.56407165527344,18138000
2025-09-29,89.84447235142989,89.97983795130449,89.69943567245798,89.91215515136719,13807100
2025-09-30,89.8154632818451,90.36659674074845,89.7864574224615,90.27957916259766,24295000
2025-10-01,90.7726972082872,91.14978814931496,90.75336242687099,91.02409362792969,17167900
2025-10-02,91.41085375345699,91.46886547337519,90.76303162479775,91.16912841796875,15300500
2025-10-03,91.8266160377506,92.11668199656233,91.71058522810307,91.93297576904297,13985500
2025-10-06,92.09735053071924,92.36808171943396,92.00066187430278,92.14569854736328,12812500
2025-10-07,91.81694975395826,91.86529777138723,91.3044932274468,91.34317016601562,9075000
2025-10-08,91.6525761686274,91.78794176203793,91.42052191947673,91.61389923095703,11159400
2025-10-09,91.65258480693963,91.65258480693963,90.63733538380123,90.85972595214844,10567900
2025-10-10,90.588984878582,90.66633137592143,89.07095013733246,89.18697357177734,26137200
2025-10-13,89.5834094998593,89.99917736590587,89.46737868484455,89.9024887084961,11132900
2025-10-14,89.3900254266776,90.57931731397477,89.2836656897294,90.30858612060547,15119000
2025-10-15,90.75336156977541,91.01442168922452,90.23123395400532,90.74369049072266,15005400
2025-10-16,91.29482213884816,91.60423027049406,90.88872534922636,91.21746826171875,24970300
2025-10-17,90.9274063688468,91.43986291830396,90.81137554794492,91.38185119628906,16789400
2025-10-20,91.80727420171708,92.22304204998372,91.78793942181063,92.13602447509766,12951100
2025-10-21,91.7202578505364,91.85562344230165,91.42052080832354,91.45919036865234,16644300
2025-10-22,91.46886632890276,91.62357408596073,90.93707501197777,91.3238296508789,15028600
2025-10-23,91.48820746210399,91.85562731569291,91.48820746210399,91.749267578125,10584400
2025-10-24,91.93297930620135,92.05867382216877,91.79761371150667,91.89430236816406,8967800
2025-10-27,92.39708984665589,92.5614686811575,92.31974334574714,92.53245544433594,10612600
2025-10-28,92.46476880783963,92.77417692924834,92.31006843557103,92.49378204345703,9187600
2025-10-29,92.49378440066344,92.58080197911877,91.51721199572518,91.9716567993164,17914300
2025-10-30,91.4398648612133,91.93298663943402,91.3721820584671,91.56555938720703,13967800
2025-10-31,91.45919934520714,91.47854150414142,91.01442558905735,91.36251068115234,19459200
2025-11-03,91.43018994243702,91.5075438214337,91.1401239615074,91.40118408203125,10681400
2025-11-04,90.4342814935049,90.91773216534177,90.35692761556177,90.46328735351562,10349000
2025-11-05,90.57931825186218,91.19813452221993,90.56964717289263,91.0434341430664,12451300
2025-11-06,91.14978594088375,91.2368108973281,90.60832355188522,90.84037780761719,16176000
2025-11-07,90.47296124161296,91.19813727188459,90.25057067983929,91.17880249023438,13976900
2025-11-10,91.72025662683102,92.19403619168837,91.45918914843006,92.13602447509766,15682400
2025-11-11,92.50345044441593,92.95789525951199,92.50345044441593,92.81285858154297,12959400
2025-11-12,93.12226544932861,93.489692678758,93.12226544932861,93.3639907836914,9532200
2025-11-13,93.16093891120512,93.26729864450506,92.2713914843979,92.36808013916016,15864800
2025-11-14,91.73959791037176,92.3680852665211,91.64290925024228,92.10702514648438,17396400
2025-11-17,91.46886269827142,91.73959388550496,90.57931526111221,90.9080581665039,18850900
2025-11-18,89.73811066246466,90.06686095278387,89.24499629229351,89.72844696044922,22482300
2025-11-19,89.64142388446487,89.98950896298791,89.09029040628202,89.45771026611328,15425200
2025-11-20,90.04752048441239,90.16355130262048,88.19107165431438,88.22007751464844,26720600
2025-11-21,89.0516134734955,89.82513750957648,88.72287055312783,89.58341217041016,27211400
2025-11-24,89.39002041709958,89.80578826272257,89.28366068611199,89.66075897216797,18550900
2025-11-25,90.04751736579648,90.77269335652024,89.81546311428895,90.73401641845703,19903700
2025-11-26,91.1401242725462,91.86530029265299,91.11111841204144,91.72993469238281,13481200
2025-11-28,91.70092340286172,92.06835064871854,91.60423474016807,92.03934478759766,8136000
2025-12-01,91.77826958210909,92.00066012682727,91.55588641426239,91.58489227294922,21791500
2025-12-02,91.93297930620135,91.9813199460942,91.61390010004749,91.89430236816406,14267600
2025-12-03,91.97166040208418,92.4260978466052,91.9523182437553,92.3874282836914,14439800
2025-12-04,92.89987668054633,92.99656533309681,92.48410883539506,92.63880920410156,13862900
2025-12-05,92.91921146030789,93.04491334780772,92.47443775707862,92.63880920410156,15829800
2025-12-08,92.64848430239131,92.64848430239131,92.20371057986351,92.34874725341797,13589200
2025-12-09,92.43576482005858,92.65815536973096,92.20371056852298,92.2230453491211,15966700
2025-12-10,92.39709265336549,93.40267096444325,92.33908093170379,93.24797058105469,21171700
2025-12-11,93.51870050422396,93.93446838314176,93.43167554605087,93.79910278320312,19221400
2025-12-12,93.84744691697234,93.96347773989658,92.96757048463155,93.30598449707031,20514900
2025-12-15,94.08916141796719,94.19552114916759,93.66372987003697,93.8764419555664,22751500
2025-12-16,93.65791163443247,93.7465135229002,93.12632283525832,93.44133758544922,29380500
2025-12-17,93.2543009226557,93.4708674574171,92.66364170435239,92.68333435058594,34926000
2025-12-18,93.47086766644095,93.82526019399788,93.10663632628922,93.3428955078125,29971400
2025-12-19,93.77604188290026,94.23872142488305,93.72681777865127,93.9729232788086,31094700
2025-12-22,93.98276988433688,94.26825316664298,93.9138606445074,94.20918273925781,15861200
2025-12-23,94.78015459198981,94.93766572641321,94.6718675647098,94.79000091552734,16485700
2025-12-24,94.82937889307645,94.957351057149,94.69156040544624,94.90813446044922,5609700
2025-12-26,95.02625789846152,95.09516714053443,94.83921530831617,95.06563568115234,9304200
2025-12-29,94.76046623132648,94.96719395531528,94.56357731999618,94.7801513671875,16705400
2025-12-30,95.12469529037917,95.29205273862854,94.91796757135283,94.93766021728516,15877000
2025-12-31,94.82937195917977,94.88843487511855,94.42575533881487,94.53404235839844,27618000
2026-01-02,95.51846636006024,95.59722192333426,95.00657021986694,95.52831268310547,42922400
2026-01-05,95.74489006745247,96.62102508544922,95.71535860783032,96.62102508544922,25187000
2026-01-06,96.77853082966197,96.94588828876523,96.6013345574983,96.76869201660156,14557900
2026-01-07,96.61117718742048,96.68008642893044,96.31584757492409,96.40444946289062,15468900
2026-01-08,96.04021382148248,96.42413782424384,96.0106823613538,96.41429901123047,14090500
2026-01-09,96.88681271013637,97.34949225790095,96.79821833403366,97.27073669433594,16001700
2026-01-12,97.60544496093739,97.89092824851694,97.57591350197123,97.86139678955078,15313500
2026-01-13,97.68420158291562,97.70388671892488,97.1132350015742,97.3002700805664,17697700
2026-01-14,97.64482576637735,97.82202203620471,97.43809803666947,97.75311279296875,19947400
2026-01-15,98.06812237937051,98.06812237937051,97.6743520771189,97.71372985839844,24662400
2026-01-16,97.87123568175149,97.98936902825618,97.51684315278142,97.97952270507812,18699200
2026-01-20,96.47335685665199,97.15261044605757,96.3355383762717,96.4930419921875,26893300
2026-01-21,96.73914947200419,97.73341782411099,96.36507180483103,97.48731231689453,26150500
2026-01-22,97.84170724859264,98.11734422175054,97.63497951872422,97.8712387084961,16592800
2026-01-23,97.62513330269657,98.44220541013128,97.45778335602996,98.41267395019531,16753500
2026-01-26,98.97379358129912,99.25927687640976,98.89503801494911,98.9048843383789,14959300
2026-01-27,99.88930456672172,100.72606178995319,99.84992678426394,100.49964141845703,19754300
2026-01-28,99.61366629520509,99.78101623555044,98.99347561779926,99.43647003173828,21938700
2026-01-29,100.4307343060164,100.50948987260163,98.99347901328487,100.10588073730469,29236200
2026-01-30,99.77116757274497,99.95821015494703,98.80643822469432,99.17066955566406,27813400
2026-02-02,99.30849275630061,99.96806123154516,99.24942983723614,99.82039642333984,21725500
2026-02-03,99.5644452163154,100.07634888657573,99.07223419289659,99.86961364746094,23625500
2026-02-04,100.87372687240365,101.07060827468688,99.79086413875771,100.19447326660156,25576700
2026-02-05,99.0525502538653,99.57429274330858,98.7079965248721,98.7670669555664,22760200
2026-02-06,100.1058768252212,101.05092105567954,100.05665272039303,101.01154327392578,17343700
2026-02-09,101.62188558687227,102.54723715262026,101.51359856685754,102.37004089355469,20137400
2026-02-10,102.95085729671575,103.03945167400762,102.61614990234375,102.61614990234375,16861700
2026-02-11,103.20680386200313,103.5316649402313,102.53740407977908,103.30525207519531,20493500
2026-02-12,103.4529089871316,103.60057379582364,102.192849972642,102.52755737304688,29385300
2026-02-13,102.26175737208823,102.80319249068528,101.83845560042437,102.61614990234375,22651300
2026-02-17,101.74986251041463,102.71459190233674,101.4151551118081,102.59646606445312,19647200
2026-02-18,102.74413095001782,103.2757197525283,102.49802544018209,102.71459197998047,16099000
2026-02-19,101.92705795681623,102.46848556735817,101.75970801413293,102.42911529541016,15994100
2026-02-20,102.24206936096073,103.41353394250285,102.24206936096073,103.265869140625,25737500
2026-02-23,103.17726731846821,103.47259692240478,102.5669304857969,102.84256744384766,14151800
2026-02-24,102.54723749466713,103.28555399147906,102.45864312011072,103.02960968017578,17358000
2026-02-25,103.6202677612624,104.15185657299214,103.51198073421314,104.0140380859375,14783800
2026-02-26,103.99433953746845,104.07309510004313,103.2363379016827,103.92543029785156,28482700
2026-02-27,103.87620654121841,104.28966949084717,103.62026222780996,103.73838806152344,25575500
2026-03-02,101.1592071156342,102.11409766008398,101.11982933425502,101.6907958984375,38046600
2026-03-03,97.11323721389655,98.99347943319322,96.22725586241509,98.53079986572266,52567300
2026-03-04,99.21989955027243,99.9089919826487,98.83597555072791,99.80070495605469,30766400
2026-03-05,98.22563228270558,98.70799699081103,96.6899362672017,97.61529541015625,34508300
2026-03-06,95.75472459736415,97.15260954482275,95.54799687871143,96.74899291992188,27734400
2026-03-09,95.27236517388492,97.86139998236659,94.48483203709866,97.44793701171875,37484700
2026-03-10,98.18625070174595,99.30849120975901,97.52668974731694,97.67435455322266,44802900
2026-03-11,97.10338961967686,97.8318598277868,96.75884340709406,97.4676284790039,21345300
2026-03-12,96.5127390546653,96.60133343444501,95.49878554095048,95.9417724609375,34724600
2026-03-13,96.14849618522662,96.58164427422177,94.64233170736753,94.79984283447266,27628100
2026-03-16,96.11896699662744,96.78837428154613,95.9319244064086,96.5718002319336,17384000
2026-03-17,97.20183206331659,97.42825244166724,96.70962103350968,96.83760070800781,16411500
2026-03-18,96.28631710152088,96.48320601538215,95.10501366052972,95.18376922607422,26644800
2026-03-19,93.46102973157853,95.59722372957675,93.32321124851697,95.01641082763672,34858300
2026-03-20,94.63249012902386,94.63249012902386,91.6300073458456,92.1320571899414,45493400
2026-03-23,94.04183170787951,95.5086183732226,93.47086514990518,94.34700012207031,40781200
2026-03-24,93.01803308083429,94.31746982605333,92.88021460107953,93.78588104248047,22695800
2026-03-25,95.41018015686458,95.63660052558421,94.65217850784386,95.15423583984375,20476300
2026-03-26,93.98277373934964,94.73093659571799,93.14601650408534,93.18539428710938,19676500
2026-03-27,92.82115559300931,93.3625832118335,92.0631464118936,92.33879089355469,22341100
2026-03-30,93.24445190514929,93.50040372498181,92.21080581353067,92.60457611083984,16136400
2026-03-31,94.0812093109347,95.64644418096758,93.57915199293807,95.61690521240234,39448000
2026-04-01,96.98525827736314,97.77279893145503,96.68993616498692,97.07386016845703,27123200
2026-04-02,95.03610290346752,96.88681360099902,94.8589066390889,96.47335815429688,17276100
2026-04-06,96.60133408095605,97.19199332561742,96.50289337702725,96.95572662353516,11810900
2026-04-07,96.14849435496193,96.96556641254227,95.28220570400603,96.81790161132812,19809700
2026-04-08,100.8934132324961,101.0410780412721,99.93852264769474,100.59809112548828,22300800
2026-04-09,99.51522047987916,100.87372770266478,99.3380317226923,100.36182403564453,14958400
2026-04-10,101.03122847872972,101.09029890667277,100.22400272858468,100.58824157714844,8670300
2026-04-13,99.69241658782923,101.24780521202567,99.6038222093778,101.20842742919922,19346900
2026-04-14,101.73016782664,102.20269370034472,101.60219566798061,102.02549743652344,16581000
2026-04-15,101.77939338254683,101.8384563011478,101.33640647195136,101.70063781738281,8786300
2026-04-16,101.94673917420344,101.96643181996457,101.05091906621,101.40531158447266,13227600
2026-04-17,102.8327266284966,103.49228760066387,102.58662111554963,102.69490814208984,17321500
2026-04-20,102.10425532138375,102.31098304878347,101.5234424115562,102.29129791259766,12896100
2026-04-21,101.5234393528542,101.66125783363515,99.92868050080493,100.04680633544922,18105400
2026-04-22,100.73590803422772,100.78512462935332,100.06650075405854,100.38151550292969,9990800
2026-04-23,100.16494492841564,100.52918379558764,98.58987112943885,99.66288757324219,15773900
2026-04-24,99.83023870766878,100.37166630179051,99.57428688450472,100.18462371826172,14219400
2026-04-27,100.24369938590591,100.47011225202488,99.7613271726983,99.80070495605469,10091700
2026-04-28,99.35771371962457,99.55459511730774,98.99347487231242,99.38724517822266,11008800
2026-04-29,98.83597055851232,98.91472612124714,97.95983557708293,98.373291015625,10986800
2026-04-30,99.74163695780709,100.98201078347321,99.5152165926724,100.72605895996094,16585800
2026-05-01,100.69653356183699,101.26750015997942,100.47995950664198,100.50949096679688,14447200
2026-05-04,99.85977195170935,100.1354089151794,98.69815366955419,99.13129425048828,21026300
2026-05-05,100.08618534179023,100.56855754096956,99.6136669763437,100.45042419433594,12347300
2026-05-06,102.8721005606779,103.28555600441993,102.68505797446623,103.1772689819336,14755500
2026-05-07,103.18712055485345,103.22649833871952,101.21827642481577,101.28718566894531,19257500
2026-05-08,102.15347254435638,102.41927070303387,101.7793948701758,102.34051513671875,12280100
2026-05-11,102.19284875599016,102.37989134547618,101.95658957122217,102.12393951416016,10717500
2026-05-12,101.395468565696,101.67110553098368,100.75559274739592,101.53328704833984,15770900
2026-05-13,101.40531392055577,102.26175626730065,101.32655835678449,102.21253967285156,9578900
2026-05-14,102.17316582870383,102.3109843153431,101.79908815218926,101.84830474853516,8943600
2026-05-15,100.42088977384483,100.5488619293493,99.96805655758622,100.13540649414062,17916800
2026-05-18,100.88357186350875,101.21827174507933,100.1944719435289,101.0607681274414,15944000
2026-05-19,100.48980177794762,100.87372576556817,100.10587779032706,100.33229064941406,13211800
2026-05-20,100.56855833403763,102.29129688900737,100.38151574469539,102.00581359863281,16511800
2026-05-21,101.21827180688155,102.93116401891375,101.00169776077118,102.56693267822266,14357600
2026-05-22,102.59646578968253,102.85241762198508,102.17316401379695,102.3602066040039,12012200
2026-05-26,103.70886073328712,103.81714775886624,103.12805533294838,103.4922866821289,12884900
2026-05-27,103.42337696920957,103.45290842867972,102.89178816711431,103.13789367675781,12599500
2026-05-28,102.49802281875341,103.37415781051759,102.35035801451974,103.05914306640625,13606000
2026-05-29,103.49228826353992,103.87621226535272,103.09852544873806,103.16743469238281,16926000
2026-06-01,102.37004725654081,103.28556006686092,101.98612325645925,102.81304168701172,17412600
2026-06-02,102.96069329605491,103.52182104574707,102.90163037947418,103.38399505615234,8400600
2026-06-03,102.95085721722793,103.00992013537692,102.44879988132959,102.4980239868164,11807100
2026-06-04,102.91147724839684,103.38399560463714,102.8031902270618,103.3150863647461,10158700
2026-06-05,102.51771054652531,102.56693465269579,100.3224536053335,100.66699981689453,16937500
2026-06-08,101.66126011289488,101.88768048527935,101.11983250070053,101.27733612060547,13550300
2026-06-09,102.27160328692979,102.61614949259577,99.76132412606745,101.29702758789062,21878000
2026-06-10,100.63746934962727,101.29703031976752,99.90899162595122,99.98774719238281,22737700
2026-06-11,100.88357635840272,103.21665184183215,100.62762451897511,103.09852600097656,20415000
2026-06-12,103.01976372317945,103.7187024413787,102.56693050479166,103.38399505615234,14219900
2026-06-15,104.69000244140625,104.73999786376953,103.98999786376953,104.08000183105469,14053600
2026-06-16,104.72000122070312,104.80000305175781,104.2300033569336,104.30999755859375,12047000
2026-06-17,105.04000091552734,105.41999816894531,103.58999633789062,103.77999877929688,20717600
2026-06-18,104.58000183105469,104.66000366210938,104.18000030517578,104.41000366210938,15466300
2026-06-22,104.58999633789062,104.83999633789062,104.43000030517578,104.58000183105469,9596200
2026-06-23,102.37999725341797,103.0199966430664,102.31999969482422,102.45999908447266,17425700
2026-06-24,102.23999786376953,102.6500015258789,101.91999816894531,102.26000213623047,12504200
2026-06-25,103.4800033569336,103.7300033569336,102.7300033569336,103.1500015258789,13135400
2026-06-26,102.45999908447266,103.06999969482422,102.30000305175781,102.54000091552734,21219200
2026-06-29,102.87000274658203,103.47000122070312,102.22000122070312,103.44999694824219,10788600
2026-06-30,103.31999969482422,103.88999938964844,103.19000244140625,103.87999725341797,16945900
2026-07-01,103.06999969482422,103.43000030517578,102.87000274658203,103.0199966430664,13487100
