date,open,high,low,close,volume
2007-07-02,50.098109329673065,50.2283787305492,50.02987230072367,50.18495559692383,1030600
2007-07-03,50.18495040110734,50.240778110231396,50.02986712096348,50.03607177734375,169200
2007-07-05,49.89961769154174,49.93683617917711,49.694906544011225,49.75693893432617,269000
2007-07-06,49.651489366823114,49.688707858933036,49.58325230944253,49.63908004760742,468100
2007-07-09,49.732115820259125,49.81896209716797,49.68248802409203,49.81896209716797,118900
2007-07-10,49.99264077941879,50.160133361816406,49.9368130737968,50.160133361816406,191300
2007-07-11,50.1291280059875,50.1787558014437,49.949230797034076,49.986454010009766,218100
2007-07-12,50.01124636903495,50.07327872025574,49.8003306955662,49.843753814697266,309700
2007-07-13,49.974030682640404,49.998844573410985,49.80654283589616,49.955421447753906,157400
2007-07-16,49.94921960325737,50.1539306640625,49.94921960325737,50.1539306640625,154100
2007-07-17,50.05467801416275,50.12911495520081,49.95542244909089,50.0484733581543,136600
2007-07-18,50.09192326084294,50.3338529140695,50.079518674961115,50.228397369384766,215700
2007-07-19,50.10430316347968,50.22837262501845,50.09189858370881,50.22216796875,200600
2007-07-20,50.34625307325555,50.56336878245038,50.315234515041645,50.47031784057617,463300
2007-07-23,50.43311575823029,50.51375740993731,50.408301850142955,50.451725006103516,327500
2007-07-24,50.532317602226115,50.62536848402973,50.47648991280262,50.58815002441406,251200
2007-07-25,50.60056633805374,50.71843113119752,50.575752448298964,50.65639877319336,409500
2007-07-26,50.92310780873334,51.1774464811537,50.873484790863465,51.0595817565918,391800
2007-07-27,51.059622745471756,51.22091069812288,50.978981135529494,51.158878326416016,305800
2007-07-30,51.16505751609669,51.189866666217455,50.99136033590172,51.02858352661133,279600
2007-07-31,51.0099931779159,51.251922709634464,50.96036539377723,51.2395133972168,417200
2007-08-01,51.17229682998284,51.315534025007466,51.09133956836395,51.09756851196289,195100
2007-08-02,51.12869308528546,51.2096550813445,51.04150689821484,51.13492202758789,212100
2007-08-03,51.22832216099015,51.464969635009766,51.01035675711821,51.464969635009766,950100
2007-08-06,51.3466160465357,51.49608203031603,51.222065811339,51.259429931640625,267900
2007-08-07,51.296820309610816,51.415141657268265,51.11621906695702,51.25322723388672,567300
2007-08-08,51.0913394014192,51.0913394014192,50.823551843041784,50.898284912109375,314600
2007-08-09,51.247028598501934,51.247028598501934,50.99169418163665,51.18475341796875,235600
2007-08-10,51.31547077250169,51.31547077250169,51.022772550931194,51.10995864868164,685000
2007-08-13,51.06642483403282,51.21588621050252,51.035284869593035,51.190975189208984,154400
2007-08-14,51.04771835469979,51.384009854475416,51.04771835469979,51.37778091430664,530100
2007-08-15,51.50857462867324,51.57707873591796,51.34043120716657,51.47121047973633,902100
2007-08-16,51.620656802525275,51.98185930808892,51.60820367360099,51.67047882080078,900500
2007-08-17,51.65797602919007,51.73270899163056,51.60815880551479,51.70779800415039,308400
2007-08-20,51.776349394219515,51.9631795955808,51.720303184584765,51.819942474365234,926600
2007-08-21,51.9943330827909,52.08774821632822,51.89469375796453,52.04415512084961,459200
2007-08-22,51.7825843391708,51.95695667997338,51.7701264569478,51.875999450683594,197000
2007-08-23,51.8386747843139,52.00059413233379,51.79508166191939,51.89472579956055,234900
2007-08-24,51.97565102644414,51.98187996902665,51.819960720918736,51.91337585449219,123400
2007-08-27,51.98183989753217,52.08147914558768,51.91333583580577,52.05656814575195,120000
2007-08-28,52.11887904047636,52.343073421143835,52.11887904047636,52.32438659667969,274400
2007-08-29,52.274572909763144,52.41780531479634,52.12510681152344,52.12510681152344,507600
2007-08-30,52.33683569388343,52.436474984514646,52.28078473248071,52.38665771484375,201800
2007-08-31,52.21225968526316,52.57346206531705,52.16244243558722,52.39908981323242,261500
2007-09-04,52.420340862485205,52.520381975001676,52.170247621639625,52.30154800415039,281800
2007-09-05,52.38284178226451,52.65169638098187,52.38284178226451,52.626686096191406,313300
2007-09-06,52.601689976779696,52.64545679439317,52.476643289377,52.514156341552734,267100
2007-09-07,52.85174794990522,53.07683563232421,52.82673767738958,53.07683563232422,410800
2007-09-10,53.06433638755074,53.289424084843034,53.01431583921422,53.19563674926758,238000
2007-09-11,53.13311228307878,53.2018845727549,53.02681742764055,53.083091735839844,123200
2007-09-12,53.01433606830776,53.0455953452794,52.876781893005735,52.951812744140625,147900
2007-09-13,52.814257887326605,52.814257887326605,52.582916343647156,52.639190673828125,178500
2007-09-14,52.93929112158348,52.93929112158348,52.60165953670991,52.70795440673828,160700
2007-09-17,52.67672302213031,52.75175389979911,52.607945910156964,52.7392463684082,237900
2007-09-18,52.614240565289,52.81431829100506,52.46418346355927,52.68301773071289,344700
2007-09-19,52.57664877953066,52.60165905635467,52.37657133516111,52.49536895751953,1369300
2007-09-20,52.32033993184712,52.357852989319134,51.90142822265625,51.90142822265625,685800
2007-09-21,52.03269725809452,52.207764447497134,52.03269725809452,52.163997650146484,754900
2007-09-24,52.182798001604766,52.25782890447106,52.12652840212541,52.232818603515625,236300
2007-09-25,52.40157329008113,52.47035034786903,52.23275991110652,52.239013671875,225500
2007-09-26,52.17652404609079,52.307829267860036,52.114000703006816,52.257808685302734,151100
2007-09-27,52.31406514189299,52.49538613051632,52.27655209949647,52.42660903930664,437100
2007-09-28,52.545387936573576,52.63292151772328,52.357813251125684,52.44534683227539,185600
2007-10-01,52.48302986972055,52.577165165927134,52.41399763836373,52.50813293457031,510600
2007-10-02,52.495579409461925,52.70267608622696,52.45792242137396,52.621089935302734,205900
2007-10-03,52.75914021866041,52.777966313689056,52.50811444646902,52.58342361450195,1232800
2007-10-04,52.53323654500694,52.69640407426493,52.53323654500694,52.67757797241211,120300
2007-10-05,52.38262886837455,52.4014549723572,52.16298300870928,52.21318435668945,1173000
2007-10-08,52.2759063182138,52.58341029761492,52.13784193907778,52.40141677856445,129100
2007-10-09,52.26337286539195,52.37633423910927,52.15668845352532,52.2382698059082,184000
2007-10-10,52.18810946940346,52.36382623589878,52.12534937743559,52.288516998291016,298700
2007-10-11,52.09399513675762,52.30736421417943,51.99358277943579,52.29481506347656,264100
2007-10-12,52.04999779046951,52.30101877932132,52.04999779046951,52.1190299987793,151400
2007-10-15,51.99979176823256,52.21316056671246,51.987237846017,52.16923141479492,196200
2007-10-16,52.25712315193691,52.332432369656566,52.18809568726247,52.31360626220703,205200
2007-10-17,52.33867013360263,52.890922952816645,52.31984404025367,52.63362503051758,201200
2007-10-18,52.803077375709776,52.87838655516109,52.752871256075565,52.83445739746094,193200
2007-10-19,52.922313489005454,53.30512675627165,52.922313489005454,53.28630065917969,270500
2007-10-22,53.26745244776961,53.27372940739817,53.07918675016862,53.18587112426758,218900
2007-10-23,53.085480551599446,53.24237109081744,53.02900225568223,53.173343658447266,368300
2007-10-24,53.29887676725194,53.556174870916244,53.29259980240511,53.44321823120117,273300
2007-10-25,53.487132223149395,53.51850746263282,53.38044300272986,53.399269104003906,169800
2007-10-26,53.24240257008471,53.44949935339788,53.19220120667234,53.26750564575195,189500
2007-10-29,53.27374917128228,53.37416141092168,53.229820013419825,53.3114013671875,171500
2007-10-30,53.34280540657074,53.3679084777832,53.2486700865043,53.3679084777832,118400
2007-10-31,53.23610420896932,53.33023949944235,53.00390446419182,53.01018142700195,313300
2007-11-01,53.11533890096116,53.53729273768953,53.11533890096116,53.44282531738281,219100
2007-11-02,53.31057862513583,53.72622859276833,53.31057862513583,53.587677001953125,337600
2007-11-05,53.66955086518558,53.70733591536875,53.4743216994884,53.52470016479492,172100
2007-11-06,53.449115067522335,53.64434417844157,53.392432703338585,53.43021774291992,184100
2007-11-07,53.543579953302576,53.66953809863957,53.46800987091233,53.62545394897461,299700
2007-11-08,53.67588048999656,53.86481065313268,53.631796304783215,53.74515151977539,1078400
2007-11-09,53.908843938020915,54.072587101986485,53.88995142002706,54.066287994384766,276700
2007-11-12,54.141858826191054,54.16075134277344,54.01590070762363,54.16075134277344,117900
2007-11-13,53.99701164495471,53.99701164495471,53.81437596495787,53.88365173339844,125300
2007-11-14,53.6758809527081,53.92149353027343,53.6758809527081,53.92149353027344,96400
2007-11-15,53.99705395553484,54.293049779022,53.9718623104705,54.22377395629883,210400
2007-11-16,54.23007306876867,54.37491902186983,54.173390666170164,54.22377395629883,742300
2007-11-19,54.28674456540319,54.670908701032786,54.22376786222765,54.61423110961914,503500
2007-11-20,54.589046168535916,54.69610705755818,54.36862527795624,54.46938705444336,378500
2007-11-21,54.82202056768545,54.92908136938178,54.73385228336952,54.89759063720703,317600
2007-11-23,54.75903920648849,54.93538058026367,54.5890017449335,54.73385238647461,216700
2007-11-26,54.88499096264474,55.57774374811809,54.80311699025996,55.4832763671875,637600
2007-11-27,55.212497029968596,55.44551603274504,54.809440509629084,54.96688461303711,353300
2007-11-28,54.94168972918215,55.01726462407905,54.70237643589398,54.77165222167969,159600
2007-11-29,55.06766781250214,55.26289702227677,54.99839200165033,55.08026123046875,145300
2007-11-30,54.74014527407088,55.15579986572266,54.6015937435203,55.155799865722656,395100
2007-12-03,55.63926329409142,55.63926329409142,55.22852388709017,55.37385940551758,214700
2007-12-04,55.506565365564974,55.51920617275117,55.20957389146454,55.42441940307617,196800
2007-12-05,55.234823475608756,55.399115319654705,55.152672732532785,55.21586227416992,284600
2007-12-06,55.10211497405874,55.15266853193934,54.855672405706635,54.9251823425293,217900
2007-12-07,54.805133842282146,54.805133842282146,54.470220074943086,54.571327209472656,193000
2007-12-10,54.60919605729829,54.640793216691506,54.29956414365329,54.44490432739258,257800
2007-12-11,54.52077203199643,55.190589904785156,54.52077203199643,55.190589904785156,318800
2007-12-12,54.463913854559316,54.880968803531715,54.343850316935665,54.729312896728516,470500
2007-12-13,54.602922295540175,54.64083505900478,54.32488250732422,54.32488250732422,221000
2007-12-14,54.23638383749014,54.2932529487761,54.1036844234391,54.166873931884766,240100
2007-12-17,54.28062886786812,54.52075098099027,54.217439345578235,54.489158630371094,191000
2007-12-18,54.5397065614023,54.779833492079405,54.489157836937366,54.596580505371094,644300
2007-12-19,54.85567539106807,55.102117972832104,54.53340728940919,55.03260803222656,411600
2007-12-20,55.00101916722435,55.17163141888084,54.91887324176799,54.94414520263672,308600
2007-12-21,54.906221399719655,54.92517777708604,54.51443859028942,54.54603576660156,560200
2007-12-24,54.394393368564074,54.48285969883718,54.324883420341855,54.3880729675293,197400
2007-12-26,54.331184285474095,54.501796483638394,54.08473694426748,54.12897491455078,135700
2007-12-27,54.78415058986026,54.78415058986026,54.321170766532326,54.492408752441406,211000
2007-12-28,54.68267675105691,54.99344448956146,54.644624941082604,54.930023193359375,302900
2007-12-31,54.99978686355203,55.25981562389337,54.95539147331158,55.183712005615234,181100
2008-01-02,55.17100615579461,55.64033422363308,55.139297938497194,55.576908111572266,564700
2008-01-03,55.49445174618521,55.7100850075218,55.37394795971348,55.69105911254883,198600
2008-01-04,55.81157510165666,55.96378713345223,55.77986204394651,55.836944580078125,368700
2008-01-07,55.72912200568556,56.00183782132898,55.72912200568556,55.938411712646484,341100
2008-01-08,55.86863033349651,56.077924817263465,55.729105516383186,56.05889892578125,293200
2008-01-09,56.090653848227525,56.26823541961964,55.95746766968344,55.970149993896484,335600
2008-01-10,56.08430829130932,56.10967777757674,55.754514647302344,55.817935943603516,258300
2008-01-11,55.887712648791926,56.18579328836439,55.84331724811213,56.17311096191406,310100
2008-01-14,56.14135040477631,56.22380239254285,56.06524683296926,56.19843292236328,347000
2008-01-15,56.382336332276864,56.57260002756945,56.3125715257173,56.566261291503906,353700
2008-01-16,56.5979990769331,56.908771500887305,56.31894454353754,56.45846939086914,459400
2008-01-17,56.452173562714194,56.94686657935046,56.401434576716625,56.91515350341797,608600
2008-01-18,56.756590353012896,56.889776544726374,56.642430068867725,56.832698822021484,628100
2008-01-22,57.587418983405804,57.587418983405804,57.00393046363164,57.466915130615234,863800
2008-01-23,58.19624853199469,58.20893085089841,57.156124187505206,57.20051956176758,1417600
2008-01-24,57.022961774628605,57.16248669551502,56.67413737557531,56.68048095703125,398500
2008-01-25,56.4457983941731,57.20686340332031,56.426772494754424,57.20686340332031,442600
2008-01-28,57.03561801700969,57.149778237337856,56.9404836936141,56.99756622314453,254900
2008-01-29,56.8833824325461,56.90875189752165,56.64871851057032,56.769222259521484,433100
2008-01-30,56.66142921342086,56.85804145580957,56.45213949028847,56.74388122558594,694000
2008-01-31,57.20050552194875,57.20050552194875,56.85168135355381,57.035606384277344,384900
2008-02-01,57.28440332321403,57.33530133643186,56.979020097808714,57.22078323364258,597500
2008-02-04,56.87720374513614,57.017170792569445,56.832669216761865,56.902652740478516,442300
2008-02-05,57.297069005735096,57.37977940928295,57.12529444756871,57.30343246459961,234400
2008-02-06,57.125332234551344,57.22076476505754,57.042626630192714,57.20167922973633,161700
2008-02-07,57.239834403475705,57.2461978647822,56.4191226352944,56.55908966064453,246500
2008-02-08,56.87080461151594,57.06166952991702,56.794457673376215,57.03622055053711,219300
2008-02-11,57.13171700825239,57.290769667124025,57.042647907596425,57.16352462768555,200000
2008-02-12,56.9153537946398,57.07440631637328,56.73721574692195,57.042598724365234,425500
2008-02-13,56.80085372924804,57.03625328318374,56.78176819723421,56.80085372924805,310900
2008-02-14,56.635453802447024,56.72452773367643,56.342797569238236,56.48912811279297,477900
2008-02-15,56.578191962984505,56.71815902982716,56.50820842956317,56.61000442504883,512000
2008-02-19,56.31730347880838,56.489082886054305,56.107357881136494,56.20278549194336,564300
2008-02-20,56.10740104012688,56.33007372645538,56.043776112118294,56.15193557739258,496700
2008-02-21,56.304602000053045,56.76267411498233,56.304602000053045,56.73086166381836,361900
2008-02-22,56.69906810237395,56.870842761045864,56.52092512721449,56.57182312011719,237200
2008-02-25,56.46367556849051,56.57183017647434,56.139206890638626,56.196468353271484,175400
2008-02-26,56.29191793477502,56.438243659557706,56.24101992011068,56.33645248413086,259700
2008-02-27,56.65454480279462,56.67363034044155,56.26009256045531,56.47004318237305,201600
2008-02-28,56.94086395328704,57.13172912597657,56.81362374076267,57.13172912597656,289500
2008-02-29,57.41795553498858,57.77423160057349,57.354335502405185,57.74242401123047,420700
2008-03-03,57.62118509405491,57.71691292215789,57.442495745019805,57.59565734863281,480300
2008-03-04,57.65948815634441,57.85094385863367,57.32125396869804,57.378692626953125,305600
2008-03-05,57.50629258417038,57.519054017963406,57.07233080143934,57.129764556884766,358300
2008-03-06,57.34677287570456,57.665862417693155,57.32124512807506,57.58927917480469,292600
2008-03-07,57.93395283037907,57.97862521496399,57.51275675699623,57.787174224853516,414000
2008-03-10,57.8956229419508,58.291290964961654,57.83818427701357,58.20194625854492,200300
2008-03-11,57.74244811050573,57.755209550401915,57.44888143477102,57.57013702392578,350800
2008-03-12,57.71057209667928,58.26579001176821,57.62122735663138,58.23387908935547,289800
2008-03-13,58.37425293359384,58.412542128018345,57.76797976465366,57.92752456665039,626400
2008-03-14,58.17645091087904,58.64231926215446,58.17645091087904,58.52744674682617,301700
2008-03-17,58.501856302248605,59.08897969870356,58.501856302248605,58.820945739746094,569100
2008-03-18,58.750807981204545,58.750807981204545,58.342373457562594,58.4189567565918,333400
2008-03-19,58.3614910269103,58.96776424160104,58.34234642825336,58.923091888427734,1370400
2008-03-20,59.01242339669867,59.06985717982449,58.76353393197965,59.05071258544922,626300
2008-03-24,58.46359322199556,58.46359322199556,58.0104866027832,58.0104866027832,898300
2008-03-25,58.195580891462555,58.31045337791824,58.09985300792907,58.214725494384766,314600
2008-03-26,58.36787728073251,58.45083883562301,58.18280470235683,58.2593879699707,615400
2008-03-27,58.195574235466246,58.39979142481696,58.06155716141625,58.18280792236328,345100
2008-03-28,58.2530184640844,58.482763451840114,58.13176281251257,58.41256332397461,131800
2008-03-31,58.66144603827993,58.69335695408574,58.46999515021148,58.51466751098633,431000
2008-04-01,58.617750184448205,58.617750184448205,57.868540443377896,58.003013610839844,786700
2008-04-02,57.83653535630855,58.015832957650936,57.68285239594268,57.81092071533203,734700
2008-04-03,58.015832957650936,58.015832957650936,57.721271914660846,57.81092071533203,560200
2008-04-04,58.111868543277964,58.271956335408206,58.10546366365508,58.25274658203125,421800
2008-04-07,57.93256440590512,58.04142291964919,57.67001811164938,57.8685302734375,330400
2008-04-08,58.03500381132334,58.04781356597077,57.81728683721658,57.874916076660156,469900
2008-04-09,57.98381060936433,58.32319600755563,57.90696669665415,58.22073745727539,761000
2008-04-10,58.22072685337611,58.29116587249138,57.862131763692304,57.99020004272461,199700
2008-04-11,58.239898681640625,58.329547395683534,58.16305971845441,58.239898681640625,716400
2008-04-14,58.23350644425152,58.32955516102112,58.05420899229606,58.092628479003906,246000
2008-04-15,57.91336887626293,58.01582253627202,57.75328106303619,57.83012008666992,273700
2008-04-16,57.791697842709944,57.85573198787491,57.28581979057011,57.43950271606445,1116400
2008-04-17,57.42028277370617,57.48431690751036,57.10651209822173,57.30501937866211,815000
2008-04-18,56.946421146231636,57.29221131208617,56.76712362737913,57.24738693237305,2284800
2008-04-21,57.16416482523473,57.32425266822468,57.08732578731524,57.25381851196289,303600
2008-04-22,57.20896085967832,57.42027788016518,57.15133160981327,57.298614501953125,427900
2008-04-23,57.26661195047405,57.3114363421376,57.07450462306327,57.240997314453125,191300
2008-04-24,56.85677400021547,57.004052015384595,56.696686227341395,56.79273986816406,306600
2008-04-25,56.67751903713223,56.83120204655903,56.53023602587273,56.715938568115234,211400
2008-04-28,56.6710422184177,56.8695493905157,56.64542760177787,56.81832504272461,167800
2008-04-29,56.92723465423676,57.06811272960485,56.84398585397764,56.92082977294922,144300
2008-04-30,56.90163602628162,57.15777760943695,56.722338383721194,57.10014343261719,168700
2008-05-01,57.36346819405651,57.40843376102648,56.97804344759474,57.09366989135742,336700
2008-05-02,56.71466680513746,56.849563486321614,56.5797701239533,56.631160736083984,341700
2008-05-05,56.75963001776331,56.79175037423601,56.52837717361915,56.714664459228516,158800
2008-05-06,56.83033998574819,56.90100091034029,56.48346041980948,56.53485107421875,557400
2008-05-07,56.470579881006046,56.78533886581821,56.40633915273951,56.7596435546875,361300
2008-05-08,56.86887562558746,57.125823974609375,56.83676014501105,57.125823974609375,445600
2008-05-09,57.26711125804931,57.30565177183946,57.093669144235314,57.190025329589844,236600
2008-05-12,57.1386354583274,57.31850262708653,57.061554429738436,57.09366989135742,112200
2008-05-13,56.75964987098811,56.888121540058734,56.57978757393724,56.61832809448242,458800
2008-05-14,56.77244756571629,56.77244756571629,56.387027980175034,56.5990104675293,174400
2008-05-15,56.547672492027104,56.93951749046426,56.547672492027104,56.913822174072266,269100
2008-05-16,56.78531314016278,57.1064970324704,56.76604289076468,56.81742858886719,318100
2008-05-19,56.88169846441967,56.965204554936705,56.67614086394101,56.9459342956543,163600
2008-05-20,57.07444586511327,57.14510679914208,56.939549054935505,57.11941146850586,230400
2008-05-21,56.920219299621095,57.132201880182265,56.88809894467131,56.98445510864258,183100
2008-05-22,56.766087506490756,56.772507660751245,56.43205325146287,56.611915588378906,223800
2008-05-23,56.72753003376287,56.945937754281374,56.72110988086532,56.8624267578125,413200
2008-05-27,56.58622360229492,56.73397047396921,56.502717484059005,56.58622360229492,258900
2008-05-28,56.374206392043604,56.41274689647445,56.14295356370254,56.16222381591797,197900
2008-05-29,56.03385047328966,56.03385047328966,55.73193625673989,55.898948669433594,387600
2008-05-30,56.110827899691984,56.19433885256021,56.04016704767003,56.08513259887695,2838400
2008-06-02,56.405535983728605,56.50867989596448,55.56106610453025,56.418426513671875,240300
2008-06-03,56.31528672857393,56.83743925195941,56.199252288024674,56.714962005615234,561500
2008-06-04,56.85036473202313,56.85680754122157,56.44424151647336,56.50870895385742,462400
2008-06-05,56.34751673320748,56.37329779104036,56.16057209580088,56.21213912963867,1079400
2008-06-06,56.5344771413646,56.760103284432994,56.42489039186921,56.702083587646484,250000
2008-06-09,56.41844821191674,56.55382587833498,56.21216522628205,56.29597091674805,288000
2008-06-10,56.16058690231886,56.21860167499625,55.87694600965604,55.96074676513672,221200
2008-06-11,56.0768327275674,56.30245413658191,55.90278333152131,56.01881790161133,247100
2008-06-12,55.77379855522532,55.77379855522532,55.43859063630426,55.528839111328125,546800
2008-06-13,55.52887701050643,55.71582181298326,55.34837993726711,55.39995193481445,579300
2008-06-16,55.52242184896235,55.541765034085586,55.309695994364006,55.40638732910156,180600
2008-06-17,55.509541016575035,55.64491382705411,55.39350647642489,55.59334182739258,266600
2008-06-18,55.68999925943553,55.94140643473531,55.66421327758771,55.89628219604492,296200
2008-06-19,55.77382899832295,55.831848717177564,55.56110314432459,55.57399368286133,152900
2008-06-20,55.883431589163415,55.980122942455765,55.74161104676575,55.83185958862305,318300
2008-06-23,55.89627874524673,55.986527217055965,55.73512005727698,55.8060302734375,472000
2008-06-24,55.95432534349681,56.179946631540105,55.92209162312982,56.10258865356445,273400
2008-06-25,56.089718076845855,56.13484235051279,55.799629244835316,56.096160888671875,254200
2008-06-26,56.10256426019603,56.47645361391527,56.10256426019603,56.411991119384766,320500
2008-06-27,56.48292976186613,56.760123054190835,56.41846231672157,56.689212799072266,173000
2008-06-30,56.62472699690922,56.75365692722533,56.55382168295281,56.72787094116211,240500
2008-07-01,56.9232448634136,56.987922030669566,56.57398223876953,56.57398223876953,355300
2008-07-02,56.62569804947595,56.78739335523168,56.58688782060117,56.70977783203125,469800
2008-07-03,56.638638024832495,56.83913864800209,56.56102249269442,56.72918701171875,261800
2008-07-07,56.76798070724991,57.2077920970364,56.61922380257799,56.99435806274414,507900
2008-07-08,57.03311054033316,57.22067749672722,57.01370791286897,57.136592864990234,206400
2008-07-09,57.14309685663487,57.45355388878525,57.07841974751312,57.40827941894531,308200
2008-07-10,57.434173051153856,57.52472202520555,57.181928775645694,57.427703857421875,291100
2008-07-11,57.42769482663587,57.492371950137866,56.819719009711086,56.890865325927734,378000
2008-07-14,56.92324581555104,57.33071641717565,56.91677661835177,57.19489288330078,296400
2008-07-15,57.317733753872965,57.6281858692126,57.26599008980056,57.40181350708008,506300
2008-07-16,57.20780366913836,57.24014470776488,56.87794876098633,56.87794876098633,309500
2008-07-17,56.85204210718554,56.97492712271602,56.502779828976806,56.60626220703125,266400
2008-07-18,56.62567032871411,56.742091089247104,56.36695697924671,56.4122314453125,365500
2008-07-21,56.379923027071136,56.54161834716797,56.30231243153638,56.54161834716797,264600
2008-07-22,56.48987532378363,56.51574716744887,56.276441249007206,56.34758758544922,263000
2008-07-23,56.23758095900421,56.30872723211873,56.06942152668375,56.256988525390625,550000
2008-07-24,56.32814401821293,56.774424400883476,56.31521057191728,56.742088317871094,276300
2008-07-25,56.5997985003127,56.683878241707255,56.334615960108266,56.4122314453125,296900
2008-07-28,56.59979900659356,56.839104785990436,56.58039636875562,56.73562240600586,363000
2008-07-29,56.645128603116554,56.67100045692926,56.46403056097923,56.57398223876953,190000
2008-07-30,56.44457673087663,56.78737481216446,56.36696616756789,56.68388748168945,274900
2008-07-31,56.98783609806868,57.13659286499023,56.942561655804184,57.136592864990234,275000
2008-08-01,56.93809078586987,57.17822317805774,56.92510771237274,57.165245056152344,308500
2008-08-04,57.061369816121804,57.24309313534686,57.01593898631554,57.12627029418945,367500
2008-08-05,57.07436578551122,57.13926627825095,56.834228515625,56.834228515625,355600
2008-08-06,56.83422907761333,56.86019026528397,56.59409180535258,56.85369873046875,272400
2008-08-07,57.09380590108377,57.50268325024535,57.02241391052717,57.385860443115234,341200
2008-08-08,57.4442764847406,57.463746128063875,57.25606167996927,57.359901428222656,202800
2008-08-11,57.28206961431471,57.28206961431471,56.899148160556024,57.08087158203125,412500
2008-08-12,57.288507917499324,57.48970578021532,57.26903827469177,57.476722717285156,302200
2008-08-13,57.56760279273882,57.58058585982799,57.24309543775925,57.353431701660156,210100
2008-08-14,57.52860641479492,57.619467987909246,57.41178368485016,57.52860641479492,303000
2008-08-15,57.68439161668643,57.833667090634535,57.651943871279535,57.74280548095703,292500
2008-08-18,57.73633695437098,57.91157366541367,57.68441459912956,57.88561248779297,381000
2008-08-19,57.95046100751719,57.96993063538248,57.73628519783122,57.801185607910156,373400
2008-08-20,57.90509311074717,58.054363720879515,57.85317074566232,57.969993591308594,487300
2008-08-21,58.00245443397324,58.00245443397324,57.723377872028,57.84668731689453,279900
2008-08-22,57.736341679993835,57.736341679993835,57.56759648744188,57.67793273925781,157200
2008-08-25,58.008914443417815,58.11925067203527,57.98944480059935,58.06083679199219,232700
2008-08-26,57.9959178574831,58.08028793334961,57.88558661559933,58.08028793334961,166900
2008-08-27,57.833643774128326,58.18411196369631,57.833643774128326,58.164642333984375,255700
2008-08-28,58.00240938688395,58.145188372599705,57.892073193414056,58.08028793334961,201600
2008-08-29,57.95053269454065,58.03490283685396,57.827218296737335,58.008941650390625,496900
2008-09-02,57.881927066414114,58.3377395603175,57.7582044032188,58.3247184753418,349200
2008-09-03,58.31822483901431,58.53962310108238,58.29869072106409,58.467994689941406,410300
2008-09-04,58.57873361759307,58.78710597276859,58.50710515475254,58.76105880737305,460500
2008-09-05,58.910787517714645,59.02148416714551,58.60473974859433,58.63078689575195,363400
2008-09-08,58.23359799484547,58.65685559771811,58.10987524237836,58.63732147216797,418500
2008-09-09,58.52659401798979,58.94985143430821,58.43543149361166,58.90427017211914,323800
2008-09-10,58.5591236364501,58.83261106688366,58.52005542295456,58.75447463989258,248900
2008-09-11,58.923786563127265,58.956346726889436,58.60471782378868,58.650299072265625,393500
2008-09-12,58.715379331599834,58.734913430986204,58.25956711931615,58.357242584228516,358300
2008-09-15,59.23636751234011,59.522881153933156,59.00846119197527,59.477294921875,526200
2008-09-16,60.3173073011761,60.32382033089185,59.2754461060284,59.308006286621094,810900
2008-09-17,59.69212253761676,59.978635902664145,59.46421643722924,59.84189224243164,829800
2008-09-18,59.5163671117935,59.86148310075225,59.11915683107132,59.13869094848633,687700
2008-09-19,57.992596851249296,58.44190107882379,57.992596851249296,58.08375930786133,1339500
2008-09-22,57.71912785447178,58.025175471081866,57.61494428574361,57.960060119628906,785800
2008-09-23,58.044709579719466,58.14238509089035,57.7712221228273,57.960060119628906,455500
2008-09-24,58.16845152110096,58.30519529490862,57.960079346539125,58.10984420776367,415400
2008-09-25,58.08377817922831,58.08377817922831,57.595405588142924,57.93401336669922,427200
2008-09-26,58.04471186945337,58.14238738447734,57.84285278159144,57.89494705200195,310600
2008-09-29,58.272629841953304,59.30146953408088,58.272629841953304,58.70240020751953,528000
2008-09-30,58.793569644280545,58.793569644280545,57.81031109007434,57.927520751953125,477900
2008-10-01,58.24443463204469,58.67568368317609,58.00267334716098,58.33591079711914,349200
2008-10-02,58.4339263017733,58.75409290092155,58.362051455116706,58.66261672973633,298000
2008-10-03,58.72790704274688,58.93699597138088,58.152913735271696,58.884727478027344,505400
2008-10-06,59.09387370238486,59.66886756735759,59.087338264976616,59.36176681518555,1065200
2008-10-07,59.09386977394266,59.49244668302108,58.98278728569949,59.31602478027344,825400
2008-10-08,59.50545847174591,59.610005427965106,57.832747052824836,58.55802536010742,869200
2008-10-09,57.937306152773395,58.01571639311929,57.656342356210686,57.96997833251953,577200
2008-10-10,57.79356983213327,57.79356983213327,57.11403419978907,57.29045104980469,1154600
2008-10-13,57.01601222661718,57.34271409935839,56.76118516468503,56.898399353027344,478400
2008-10-14,56.87880506726696,57.107495409432005,56.59784122258545,56.63050842285156,736700
2008-10-15,56.623982411820016,57.094429016113274,56.57823935472626,57.09442901611328,247200
2008-10-16,56.91797623361565,57.231607105167484,56.878773620939874,57.10746383666992,330400
2008-10-17,57.434221213879454,57.466888427734375,56.80695387797968,57.466888427734375,445800
2008-10-20,57.16629881755752,57.56487554657457,57.035620047584125,57.525672912597656,315900
2008-10-21,57.88504608344566,58.23788476921761,57.61715309068369,58.13334274291992,225500
2008-10-22,58.22480574202022,58.57764434814453,58.19213356207223,58.57764434814453,347700
2008-10-23,58.74757095221792,58.90438655622087,58.34245857470894,58.656089782714844,330000
2008-10-24,59.06769594345212,59.06769594345212,58.26400719267284,58.40775680541992,1924600
2008-10-27,58.453517080569206,58.597266747948176,58.09414789719832,58.37510681152344,213700
2008-10-28,58.08761157781951,58.36857547294524,57.70210065889049,57.904659271240234,278100
2008-10-29,57.9503984930912,58.179088880834634,57.70863723457582,57.989601135253906,255400
2008-10-30,57.53877172166265,57.702122770143475,57.38849154870418,57.54530715942383,406300
2008-10-31,57.78048520762959,57.976508297469174,57.231623547123306,57.42764663696289,264100
2008-11-03,57.51288801353659,57.61125769723024,57.30959433631566,57.519447326660156,1942300
2008-11-04,57.53916232686038,58.286764464204275,57.53916232686038,58.208072662353516,269700
2008-11-05,58.22114157022902,58.51625061035156,58.149004138418384,58.51625061035156,286500
2008-11-06,58.23429789678695,58.476937594243886,58.037558409336405,58.3392219543457,173000
2008-11-07,58.188395493469095,58.26708728961503,57.998215313961026,58.129371643066406,212300
2008-11-10,58.06379063031687,58.3457812270249,57.89984272533064,58.188392639160156,205400
2008-11-11,58.18181086372051,58.60807625280383,58.18181086372051,58.40477752685547,130100
2008-11-12,58.549075234762626,58.85729809775127,58.52940228662174,58.76548767089844,266900
2008-11-13,58.6867907126544,58.9884542576637,58.28675742391982,58.3392219543457,300500
2008-11-14,58.8441692705039,59.06057664746043,58.7130079779481,58.91630172729492,324100
2008-11-17,58.92284462562372,59.21795369918196,58.89005806408857,59.165489196777344,473100
2008-11-18,59.41470062975981,59.77538790587471,59.29665797605779,59.62455368041992,543600
2008-11-19,59.873772305240074,60.36561598243549,59.736051672727854,60.26724624633789,432400
2008-11-20,61.06078521553055,61.4804916381836,60.7328892601269,61.480491638183594,727900
2008-11-21,60.81808461814119,61.06728851775899,60.61479091332931,60.91645431518555,791300
2008-11-24,60.673812417192146,60.72627692504519,60.142623034229885,60.345916748046875,611600
2008-11-25,61.12632940483219,62.75924895351889,60.89024404799888,61.38208770751953,411600
2008-11-26,61.467322227697494,61.80177219636616,61.44108997467218,61.75586700439453,483400
2008-11-28,61.677168960378175,61.98538664459752,61.65093671002735,61.880462646484375,134000
2008-12-01,62.54042404628205,63.218136390902416,62.2706523254449,62.718074798583984,663900
2008-12-02,62.67867397294381,63.08003895847934,62.61945363707115,63.04713821411133,278300
2008-12-03,63.014199850532314,63.244494883725636,62.639154680401816,63.14579772949219,352200
2008-12-04,63.27735962275602,63.685305317978425,63.07997043083035,63.540550231933594,443800
2008-12-05,63.32997200160014,63.59974364255536,62.783852596696555,62.86939239501953,557500
2008-12-08,62.836496665315885,62.97467055820788,62.55356773607753,62.63252639770508,523400
2008-12-09,62.757562555505196,63.30368221721164,62.55359220809775,63.16550827026367,1421700
2008-12-10,62.82994740802932,63.106300354003906,62.69177344501411,63.106300354003906,737000
2008-12-11,63.191794550699164,63.53393866484393,62.92202292498002,63.48788070678711,327500
2008-12-12,63.48137921826375,63.67218739744303,62.82998087712558,63.665611267089844,281300
2008-12-15,63.718194000638846,63.98138458087776,63.63265919553688,63.803733825683594,328900
2008-12-16,64.8170394897461,64.89599318054556,63.58662593535878,64.8170394897461,406000
2008-12-17,65.65262630165256,65.81053861129398,65.1459886740797,65.25784301757812,667900
2008-12-18,65.76451161830455,66.0013827042969,65.58027966696477,65.69871520996094,477700
2008-12-19,65.42900188964926,65.79088494119394,65.42900188964926,65.48163604736328,598000
2008-12-22,65.50789794048912,65.61317620309049,65.23813117747486,65.31050872802734,804200
2008-12-23,65.2052408461281,65.50133224187445,65.13944443149937,65.27761840820312,324500
2008-12-24,65.24469269433787,65.42892457851836,65.17231516556092,65.2117919921875,129200
2008-12-26,65.47501203880434,65.560546875,65.27103662949989,65.560546875,181100
2008-12-29,65.67874465268963,65.98914275332586,65.63251546995251,65.70516204833984,211900
2008-12-30,65.53342079844661,65.80419013865261,65.4475630497518,65.7975845336914,201300
2008-12-31,65.62593767494842,65.7646252712902,64.8532424401803,65.07118225097656,404600
2009-01-02,65.23628633242568,65.35516213312908,64.0211159595505,64.1399917602539,455200
2009-01-05,63.869248641674226,64.25889925115459,63.69753794739776,64.02774810791016,1383500
2009-01-06,63.539035037215086,64.1136024992625,63.4003473819499,63.988121032714844,900800
2009-01-07,63.88902939711132,64.15319840486502,63.76355302334699,64.00130462646484,296700
2009-01-08,64.06734719724317,64.41076338876074,63.96828318706919,64.17301177978516,262600
2009-01-09,64.0607373877601,64.68813434673449,64.0607373877601,64.47019958496094,278700
2009-01-12,64.3116405671988,64.92583082228991,64.28522318607011,64.87300109863281,747700
2009-01-13,64.70793922566385,64.9588969551764,64.66171003763249,64.91927337646484,157700
2009-01-14,65.1966713121103,65.52688135316548,65.18346008884909,65.28252410888672,321100
2009-01-15,65.36172407998605,65.46078802082819,65.1107614247058,65.2296371459961,414500
2009-01-16,64.42396406774094,65.05136096516128,64.3711292658139,64.62869262695312,288800
2009-01-20,63.935283843424294,64.75420859471215,63.89566024012566,64.5296630859375,357200
2009-01-21,64.12679640647806,64.42398850107715,63.80979755189949,63.95508575439453,484100
2009-01-22,63.87579257794548,63.90881053895064,63.3342486391582,63.532371520996094,262600
2009-01-23,63.30782273112704,63.54557418823242,63.109694837338665,63.54557418823242,361900
2009-01-26,63.30122336578571,63.472933888092605,63.10970105986689,63.387081146240234,324900
2009-01-27,63.34088489331916,63.89563527719554,63.301256266896026,63.80317687988281,269300
2009-01-28,63.895647054377264,63.94187626155455,63.12295671786877,63.39372634887695,266200
2009-01-29,63.07668700171352,63.22858071120188,62.39645551641643,62.56816101074219,325900
2009-01-30,62.753124267905385,62.83898211735588,62.48896022265945,62.54179000854492,296900
2009-02-02,62.78416043235807,63.16165991689607,62.56560676952119,63.049068450927734,347600
2009-02-03,62.81061812382483,62.87685015061227,62.38675942691524,62.5059700012207,436000
2009-02-04,62.353703346852555,62.4199303791354,61.92322005781602,62.188133239746094,325000
2009-02-05,62.274235358026274,62.559016178574744,62.08217340437272,62.33384323120117,641800
2009-02-06,62.254376483164855,62.2742440927434,61.92323618272249,61.95635223388672,667000
2009-02-09,61.9364064795758,61.97614670463494,61.67149859408303,61.8304443359375,468300
2009-02-10,62.32050399310189,62.81721365041055,62.24103368171934,62.658267974853516,437400
2009-02-11,62.82388165118076,63.24111623514281,62.79738984465684,63.14177322387695,316800
2009-02-12,63.30069028365637,63.433144192798714,63.05564499367102,63.12187194824219,379900
2009-02-13,62.85700041826892,62.93647078851669,62.532479563771645,62.62519836425781,304100
2009-02-17,63.28756203062189,63.72466985579291,63.28756203062189,63.67831039428711,416200
2009-02-18,63.67161651511217,63.70473254544628,63.14179034654733,63.21464157104492,422300
2009-02-19,62.625169135421366,63.108635557563176,62.625169135421366,62.863590240478516,229300
2009-02-20,63.23450415097678,63.492792977501125,63.00270208114559,63.042442321777344,338800
2009-02-23,62.80400775667032,63.128523511628956,62.71128896953928,63.10203170776367,440600
2009-02-24,63.20135431477503,63.43977541983218,62.81723086187259,62.863590240478516,557000
2009-02-25,62.83051387622429,63.00270306138889,62.23446078543427,62.294063568115234,428700
2009-02-26,62.14175223800838,62.2940738540973,62.029165816934494,62.135128021240234,224800
2009-02-27,62.30067257677925,62.43975075521656,61.9629083989773,62.08211898803711,288300
2009-03-02,62.39952270213848,62.837784241903556,62.353040340857376,62.704978942871094,500400
2009-03-03,62.35308312368075,62.82454884479322,62.273396849867034,62.625335693359375,528400
2009-03-04,62.067552516143614,62.33316838636709,62.04763221246209,62.30660629272461,331600
2009-03-05,62.75814635051023,63.11672698451789,62.54565468586135,63.03704071044922,475000
2009-03-06,62.72489468451499,63.203001832292315,62.72489468451499,62.73817825317383,414800
2009-03-09,62.83781497786794,62.9241430240425,62.485876203709836,62.7647705078125,224900
2009-03-10,62.45269527465759,62.51909797566313,62.24020359171908,62.30660629272461,244500
2009-03-11,62.17379269671224,62.75150680541992,62.12731030172664,62.75150680541992,320700
2009-03-12,62.79798075534217,63.14991956521891,62.68509567787235,62.9307861328125,271100
2009-03-13,62.75149866852156,63.14991986904987,62.618693290412274,62.88430404663086,553200
2009-03-16,62.465990842374715,62.67848258332613,62.4327869497062,62.5257568359375,512100
2009-03-17,62.72488165803367,62.83776663720502,62.27997845810232,62.40614700317383,222200
2009-03-18,62.519092992815395,64.7436162295123,62.519092992815395,64.54440307617188,751400
2009-03-19,64.75020115949633,64.86308614970048,64.31193463348517,64.3252182006836,711100
2009-03-20,64.43810319088774,64.5509881810919,64.21232814428295,64.3252182006836,231400
2009-03-23,64.28543556943447,64.47800695297289,64.07294388177162,64.10614776611328,285100
2009-03-24,64.01985590466793,64.28546684381304,63.747598105979094,64.01321411132812,810500
2009-03-25,63.86042933412837,64.02643856400779,63.52841087436953,63.62801742553711,443500
2009-03-26,63.63467700791542,63.97333228390644,63.51515012633004,63.794044494628906,507900
2009-03-27,63.9334839345527,64.01317020135762,63.628027511101166,63.75419616699219,394200
2009-03-30,64.11273333157372,64.19241447819378,63.82055561744152,64.02640533447266,321200
2009-03-31,64.02645055076027,64.2123801124422,64.01981382798634,64.13933563232422,1150800
2009-04-01,64.30980246057176,64.40969444077825,64.07672456056804,64.2964859008789,230200
2009-04-02,64.07669503167534,64.12331059019392,63.73040367063887,63.87691116333008,552400
2009-04-03,63.60388235246911,63.75704559054651,63.12440510494569,63.14438247680664,1177200
2009-04-06,63.244332100102916,63.29094770386689,62.957977653918554,62.99793243408203,363600
2009-04-07,63.14438303050858,63.27091316102431,63.04449108961274,63.15769958496094,289700
2009-04-08,63.250946913237776,63.47070312499999,63.16437151156787,63.470703125,250800
2009-04-09,63.077789504372205,63.370804506723864,62.99787493626309,63.0977668762207,249600
2009-04-13,63.37081624725174,63.57059508346431,63.337517234191616,63.470703125,207300
2009-04-14,63.63720981144466,63.87029282121612,63.5439786398232,63.79703903198242,254000
2009-04-15,63.88359086293696,63.936867254338246,63.597236610050494,63.85695266723633,238500
2009-04-16,63.717117079782916,63.79703168084348,63.49735573740428,63.60390853881836,240100
2009-04-17,63.42408766721206,63.45072586156402,63.03118573213187,63.09111785888672,239400
2009-04-20,63.33087094446457,63.59724786790815,63.31755438461514,63.53065490722656,277700
2009-04-21,63.79040239449746,63.83701799798061,63.19771611561751,63.28428649902344,218500
2009-04-22,63.35748235537709,63.390781361996645,62.93128149036515,63.131065368652344,160900
2009-04-23,63.064532862009564,63.19772394612139,62.88473124935904,63.1178092956543,238200
2009-04-24,62.93795372341115,63.03118486199792,62.75814718419666,62.871360778808594,253500
2009-04-27,63.131065368652344,63.23095222708086,62.897982483745594,63.131065368652344,207500
2009-04-28,63.33747925821775,63.344140072979286,62.73147213274328,62.824703216552734,283800
2009-04-29,62.83139757836678,62.964588541146,62.27201077684124,62.485111236572266,454400
2009-04-30,62.325317029838054,62.45850806730346,62.125538094717804,62.37859344482422,410500
2009-05-01,62.22494112240755,62.258334876064204,62.00452094528795,62.17818069458008,562700
2009-05-04,62.2182516108198,62.358517586791166,62.091342115248835,62.23828887939453,516400
2009-05-05,62.24497470916251,62.35852263758174,62.098027933114714,62.224937438964844,245000
2009-05-06,62.17150649115762,62.48543733955655,62.124751158158794,62.25165557861328,442600
2009-05-07,61.9043357918685,62.09803792820472,61.61712298225955,61.73067092895508,489800
2009-05-08,61.790789329035505,61.98449147002334,61.723996717372366,61.80414581298828,399900
2009-05-11,62.218323087459204,62.418701099349754,62.11145073768761,62.38530731201172,698000
2009-05-12,62.27170076587177,62.43868483356364,62.178184999690934,62.34516906738281,206800
2009-05-13,62.49884570964337,62.6925479917243,62.49216491482587,62.63243103027344,287500
2009-05-14,62.59232851136094,62.67248272552924,62.485461321754265,62.63908386230469,186500
2009-05-15,62.53887414649387,62.58562948381441,62.38525165070477,62.485443115234375,254100
2009-05-18,62.525456442428194,62.57221173396946,62.0912972518624,62.11801528930664,456100
2009-05-19,61.98450609530069,62.07133600135537,61.844234952976535,62.0312614440918,268900
2009-05-20,62.037911026573035,62.31176730847096,61.937724675584704,62.224937438964844,408600
2009-05-21,62.42533118103603,62.42533118103603,61.490219264033385,61.54365539550781,374900
2009-05-22,61.27650556389942,61.45685130936475,61.08948412115917,61.1829948425293,382200
2009-05-26,61.36326128988764,61.44341032122922,60.762118075098094,60.775474548339844,519900
2009-05-27,60.78220164686707,60.822276193073286,60.03411117667154,60.087547302246094,733500
2009-05-28,60.52171801445064,60.535074500321386,59.920574231259934,60.4014892578125,660100
2009-05-29,60.42820036870074,61.142892035340076,60.414838788417896,61.0827751159668,1119300
2009-06-01,60.46776997746611,60.528061111186354,59.91172789223172,60.08591079711914,970300
2009-06-02,60.240012372111174,60.32040568934865,59.925144935205005,60.28690719604492,1903800
2009-06-03,60.48120105873972,60.72237595451226,60.3874113894008,60.6553840637207,568800
2009-06-04,60.28022282784633,60.35391032678193,59.851463500440474,59.95195388793945,591100
2009-06-05,59.40928171438418,59.71744832583828,59.22840320091248,59.35568618774414,1273900
2009-06-08,59.42938826048617,59.5164771718367,59.00733492080837,59.054229736328125,1135800
2009-06-09,59.32217447386299,59.482955892916905,59.147991621717566,59.308773040771484,1127200
2009-06-10,59.1346636247925,59.27535329122243,58.75280408586034,58.95378494262695,1406500
2009-06-11,58.9403336341607,59.59016022785588,58.83314258088063,59.35568618774414,781400
2009-06-12,59.43610386660427,59.81796320609219,59.43610386660427,59.67057800292969,608300
2009-06-15,59.89834731264024,60.039031772788746,59.824654722397874,59.938541412353516,531500
2009-06-16,59.91845223674514,60.29361084644302,59.817961863103854,60.27351379394531,403000
2009-06-17,60.29362964711352,60.561602356664885,60.11275100708007,60.11275100708008,594800
2009-06-18,59.77775273947223,59.90503574369657,59.315500203550855,59.38249206542969,1015500
2009-06-19,59.29541850496177,59.6705771175157,59.24852367839254,59.65718078613281,850900
2009-06-22,59.89832581867782,60.05240655305628,59.82463325487935,59.97871398925781,1218000
2009-06-23,59.998866876461484,60.26013889632849,59.91177790689081,60.17304992675781,492200
2009-06-24,60.206580845813264,60.50804715066149,59.945308685302734,59.945308685302734,687600
2009-06-25,60.092649829544094,60.695587158203125,59.951965304716055,60.695587158203125,790700
2009-06-26,60.7425024593494,60.896588482911085,60.62861567867466,60.7760009765625,263700
2009-06-29,60.9434572065358,61.023845435525345,60.77597491460232,60.903263092041016,903200
2009-06-30,60.601777679329864,60.956839237127056,60.50798802674769,60.742462158203125,608800
2009-07-01,60.49530450549888,60.703559875488274,60.381095153031026,60.70355987548828,394100
2009-07-02,60.817703962184716,61.05283158698681,60.817703962184716,60.9050407409668,431700
2009-07-06,60.80426264574607,60.978925930543134,60.73708406502434,60.94533920288086,472200
2009-07-07,60.851300541590476,61.19391291057581,60.851300541590476,61.187198638916016,741600
2009-07-08,61.24097790311437,61.99338678275316,61.187232947311294,61.892616271972656,658900
2009-07-09,61.53652362605413,61.630574672912694,61.30139600890771,61.52980422973633,668900
2009-07-10,61.77838029437996,62.04038041234587,61.68432923282288,61.912742614746094,400300
2009-07-13,61.94633221555801,62.01351081614859,61.637306552522354,61.6910514831543,327400
2009-07-14,61.34170537916645,61.51637381488039,61.18047573679861,61.281246185302734,942100
2009-07-15,60.95876526361593,61.01251017164694,60.48851013183594,60.48851013183594,714400
2009-07-16,60.89830572530172,61.059535323042915,60.810968968919674,60.851280212402344,194900
2009-07-17,60.58929759338529,60.71693537911055,60.44150161743164,60.44150161743164,616000
2009-07-20,60.293710409315736,60.87145556533102,60.26683794561754,60.66320037841797,335400
2009-07-21,60.52209437379895,61.38199749084799,60.51538010461777,61.3416862487793,837700
2009-07-22,61.2678077957694,61.2678077957694,60.89832298268295,60.97893524169922,298300
2009-07-23,60.97218618681196,60.98561984718502,60.266798570443214,60.38772201538086,518100
2009-07-24,60.360884559328795,60.542272394579946,60.347450891168485,60.51539993286133,292400
2009-07-27,60.186203763118066,60.34071910492472,60.045127212110394,60.23323440551758,326800
2009-07-28,60.354183197021484,60.67664770860269,60.17951983175621,60.354183197021484,299300
2009-07-29,60.62285928227458,60.64301233877952,60.15932360647333,60.39445114135742,265200
2009-07-30,60.27357802803873,60.66322119728573,60.159373862176714,60.636348724365234,367400
2009-07-31,60.89832980311963,61.29468712206837,60.77068687818429,61.24766159057617,631800
2009-08-03,60.88657064322641,60.9067822481767,60.435155858097026,60.596858978271484,453700
2009-08-04,60.75179229720423,60.79895440219686,60.19931972145466,60.42165756225586,552000
2009-08-05,60.15209639437071,60.610244293837525,60.05103337502327,60.07798385620117,393900
2009-08-06,60.05103337502327,60.300321470709775,59.94323659059039,60.07798385620117,311200
2009-08-07,59.73444683244582,59.80182054425478,59.6064331818095,59.680545806884766,507200
2009-08-10,59.754587526667,60.08472192098997,59.693947659795406,60.064510345458984,1487700
2009-08-11,60.286890972081125,60.48227310180664,60.22625106194243,60.48227310180664,327400
2009-08-12,60.536176738462025,60.58333883049854,60.05781690772522,60.313838958740234,624700
2009-08-13,60.49577275941363,60.90002012522636,60.435132827385445,60.785484313964844,614700
2009-08-14,60.92698186623301,61.29080610461688,60.92024295248004,60.974143981933594,695000
2009-08-17,61.22338227628194,61.42550326086805,61.20990445980767,61.39181900024414,572900
2009-08-18,61.39859462243201,61.41207244809385,61.16278407619363,61.17626190185547,514700
2009-08-19,61.60069121077773,61.61416388966512,61.27055660507656,61.405303955078125,495400
2009-08-20,61.472665743862464,61.600679299808874,61.29075634250575,61.56698989868164,542900
2009-08-21,61.51982185924701,61.56698393208602,60.920187587316654,60.940399169921875,435100
2009-08-24,60.798949327444994,61.33794917404354,60.792215556068044,61.3177375793457,369100
2009-08-25,61.26378664109116,61.53328634476774,61.122300453223794,61.47938537597656,315800
2009-08-26,61.53330265177278,61.600676310476864,61.40528910203856,61.56025314331055,219600
2009-08-27,61.37160227553273,61.61415156926077,61.317706430478296,61.39181900024414,378700
2009-08-28,61.263821523490805,61.57374456008512,61.2166594340152,61.533321380615234,303500
2009-08-31,61.587216782944814,61.78259889281408,61.486153703172654,61.71522521972656,483700
2009-09-01,61.57135044278134,62.0105194644476,61.47000810718315,61.87539291381836,464500
2009-09-02,61.963141497544086,62.24690996587759,61.89557831290381,62.213130950927734,381900
2009-09-03,62.044267952539236,62.17939442535862,61.97670471612954,61.99021530151367,246400
2009-09-04,61.95640870856641,62.03748765579454,61.59831904577511,61.618587493896484,521400
2009-09-08,61.476699829101555,61.773984131216864,61.45643138209231,61.47669982910156,408700
2009-09-09,61.388896443092186,61.54429137821659,61.25376996431055,61.53078079223633,568400
2009-09-10,61.76049926677181,62.2064207508714,61.73347294125902,61.99021530151367,626900
2009-09-11,62.26048242818458,62.46317216679885,62.13210865207386,62.172645568847656,1319500
2009-09-14,61.996964130436275,62.084795809485755,61.7740008435294,61.80778503417969,477100
2009-09-15,61.56459291423248,61.80106693673437,61.56459291423248,61.67945098876953,710100
2009-09-16,61.76725232806846,61.78752078363045,61.46997305525175,61.63212585449219,743200
2009-09-17,61.672664616255155,61.942922726262,61.48348548567377,61.93616485595703,846500
2009-09-18,61.747013654054875,61.84160326212922,61.510539633869016,61.60512924194336,910200
2009-09-21,61.71319316517908,61.83480904046345,61.48347715338859,61.56455612182617,617200
2009-09-22,61.51726750854056,61.726715087890625,61.51050963847441,61.726715087890625,438800
2009-09-23,61.58482848880388,61.89562348878216,61.41591782654975,61.861839294433594,794500
2009-09-24,61.88887735412222,62.11184070771387,61.80780351990367,62.03076171875,501200
2009-09-25,62.07134068574367,62.301056892233056,61.93620895714841,62.28078842163086,454100
2009-09-28,62.226721172324616,62.44968460628348,62.192942114139655,62.38887405395508,514000
2009-09-29,62.22670001400516,62.463173959882724,62.15237889462287,62.36183166503906,276400
2009-09-30,62.30105142592539,62.49023067461175,62.267272362801634,62.409156799316406,670900
2009-10-01,62.63468612932844,62.97343511903579,62.55338967989429,62.87858581542969,1762800
2009-10-02,63.14963296893792,63.163185833181316,62.79733603215795,62.851531982421875,936600
2009-10-05,63.02766408234296,63.0479882036932,62.804088409686905,62.84474182128906,509100
2009-10-06,62.77019815205388,62.79729869552461,62.62792417550768,62.64147186279297,382300
2009-10-07,62.871847036301205,63.10219398722576,62.858294175127966,63.041221618652344,269500
2009-10-08,63.12257341433539,63.142897555000005,62.74317567151173,62.8109245300293,422200
2009-10-09,62.505982777128445,62.62793265480763,62.0723843606915,62.207881927490234,543800
2009-10-12,62.20787064777931,62.472094473357586,62.18077010555334,62.39079284667969,464800
2009-10-13,62.49925364396567,62.57377891277167,62.377303674001745,62.53313064575195,489200
2009-10-14,62.16725119157851,62.329849351289226,61.99787660095,62.10627365112305,523400
2009-10-15,61.85563239689674,62.16050473950131,61.80820769540481,61.90305709838867,826100
2009-10-16,62.02501998363136,62.18761825561523,61.88274068062636,62.187618255615234,765300
2009-10-19,62.07239068206927,62.282413482666016,62.03173727276888,62.282413482666016,487000
2009-10-20,62.45179843038396,62.55342421718615,62.377273197989176,62.42469787597656,640800
2009-10-21,62.234988812566705,62.28918991236631,62.038513702469174,62.282413482666016,406400
2009-10-22,62.01823137656579,62.21470661906865,61.997907242669775,62.09953308105469,421300
2009-10-23,61.84882543754046,61.96399891733404,61.787847897771826,61.79462432861328,424800
2009-10-26,61.66591908546257,61.72012021293408,61.401695050168975,61.44234848022461,762500
2009-10-27,61.57102614483697,61.99107683226409,61.57102614483697,61.97075271606445,669800
2009-10-28,61.97754298493219,62.28919156368985,61.95044243431394,62.160465240478516,684100
2009-10-29,61.98432326312292,62.01142381768364,61.70655162445444,61.86237335205078,351200
2009-10-30,62.04531788446908,62.3298660323407,62.02499375517877,62.323089599609375,600100
2009-11-02,62.36409604504534,62.36409604504534,62.09764162218375,62.15913391113281,671100
2009-11-03,62.32992101150462,62.32992101150462,61.899490745828416,62.0156364440918,353000
2009-11-04,61.81747876245293,61.967782129539984,61.64667450607324,61.84480285644531,497700
2009-11-05,61.76966981567296,61.8994775397,61.68768187481358,61.85848617553711,147600
2009-11-06,62.00200406035699,62.05666272541362,61.783374612667686,62.04299545288086,327300
2009-11-09,62.01564622308567,62.15229284188516,61.995150533399624,62.07030487060547,531500
2009-11-10,62.22748141768783,62.28214009528174,62.002018282016735,62.1181640625,523000
2009-11-11,62.30941171592346,62.45972034637853,62.20693329746228,62.29574966430664,275600
2009-11-12,62.152279153501055,62.33674553258419,61.91315413893611,62.31624984741211,374500
2009-11-13,62.30939701490555,62.37772289447115,62.220580669016144,62.36405563354492,229300
2009-11-16,62.48702641873459,62.780809938290126,62.425539390529316,62.698822021484375,514800
2009-11-17,62.65107665677237,62.876539805107605,62.58275591221163,62.835548400878906,506000
2009-11-18,62.73299571774787,62.79448796903349,62.59635437883108,62.67833709716797,285300
2009-11-19,62.760282112361,62.91741902341129,62.69878990312394,62.753448486328125,378200
2009-11-20,62.7876319941237,62.842290595252265,62.65098549130228,62.74663543701172,304200
2009-11-23,62.589577218119565,62.68522728416596,62.487093515201956,62.65789794921875,505100
2009-11-24,62.787680977406396,63.03363966183645,62.71936027896142,62.978981018066406,753800
2009-11-25,62.931121894305484,63.22490542964687,62.84230555572594,63.19074249267578,431200
2009-11-27,63.47088090685118,63.53920158648043,63.35473523022807,63.47771453857422,412200
2009-11-30,63.457255138824124,63.62123113220058,63.34794302244363,63.58023452758789,404100
2009-12-01,63.41447614862855,63.44871561857949,63.20220606271972,63.229591369628906,529600
2009-12-02,63.174809952560025,63.27752312913248,63.010466780360424,63.0994873046875,463800
2009-12-03,62.722893543411764,62.84614834873266,62.70235194656008,62.8050651550293,463500
2009-12-04,62.28463925838578,62.407894031770965,62.168233423580176,62.339420318603516,756700
2009-12-07,62.35314106294845,62.565416460874324,62.33944840382991,62.51063537597656,399100
2009-12-08,62.81876692759259,62.914631209619166,62.6544289047201,62.72975158691406,502200
2009-12-09,62.75711732021873,62.859830502990874,62.5653888319558,62.60647201538086,721800
2009-12-10,62.483214673170636,62.50375626403901,62.20931460510392,62.39419937133789,423200
2009-12-11,62.181939092444175,62.181939092444175,61.95597631411405,62.08607482910156,454000
2009-12-14,62.13400696077287,62.21617856829962,62.05868429325932,62.08607482910156,195200
2009-12-15,61.83955719340612,61.94911932253527,61.764234535682306,61.887489318847656,326000
2009-12-16,61.9970514479768,62.10660835289608,61.81901560024687,61.887489318847656,761500
2009-12-17,62.243574192017626,62.435302734375,62.12716832333079,62.435302734375,468800
2009-12-18,62.29835368855551,62.40106167349202,62.10661992684874,62.127166748046875,517600
2009-12-21,61.84645370804572,61.85330265243732,61.45614746514649,61.490386962890625,609900
2009-12-22,61.319170586822715,61.346555902859926,61.168525227561176,61.21645736694336,366700
2009-12-23,61.33281837716215,61.47661469011532,61.182173128104296,61.189022064208984,351400
2009-12-24,61.14793397882939,61.18901714373875,60.969898223876946,60.96989822387695,160200
2009-12-28,60.908280442595164,60.92197831644455,60.79872357284093,60.805572509765625,1181400
2009-12-29,60.87692880432342,61.007273241742645,60.80146678622551,60.96611404418945,428800
2009-12-30,61.000408499691595,61.09645011163626,60.92494648546717,61.075870513916016,473100
2009-12-31,60.7740412498952,61.027868579310415,60.56823997517849,60.78090286254883,304300
2010-01-04,60.87696416745008,61.02102667644704,60.80150210551664,60.931846618652344,619100
2010-01-05,61.096452852009506,61.295397695354005,61.096452852009506,61.19935607910156,1547500
2010-01-06,61.158222005036095,61.192519605572215,60.90439463845587,60.952415466308594,365500
2010-01-07,60.9661386936252,61.08962157008616,60.92497424555308,60.952415466308594,390900
2010-01-08,61.144445563161696,61.15130717084828,60.931782829735866,61.02782440185547,382500
2010-01-11,61.06217438260811,61.1582160289288,61.00729194645995,61.06903076171875,653600
2010-01-12,61.46693414915323,61.54925782155827,61.384615710626534,61.50809860229492,403000
2010-01-13,61.384623253344756,61.51496254165376,61.19253466079653,61.21311950683594,281900
2010-01-14,61.39149010664971,61.58357349808353,61.32288964312047,61.50125503540039,511700
2010-01-15,61.72759869210515,61.84421992304046,61.71387546853849,61.77561950683594,429200
2010-01-19,61.645310126807274,61.71391058204355,61.54240682701324,61.665889739990234,411900
2010-01-20,61.837323638734226,61.960806412215405,61.83046203079824,61.878482818603516,228800
2010-01-21,61.79619588634436,62.15292117233447,61.7824726634932,62.10490036010742,349200
2010-01-22,62.056894407936284,62.20781849218309,62.03631480260758,62.15979766845703,272900
2010-01-25,62.02259826660157,62.10491668984916,62.01573665337181,62.02259826660156,1699000
2010-01-26,62.21470859962689,62.22842659816979,62.02948159908,62.14610290527344,490600
2010-01-27,62.180360340741395,62.296981561763744,61.947117898696696,62.00199508666992,342100
2010-01-28,61.803057150281106,62.05002284236801,61.803057150281106,61.981422424316406,318100
2010-01-29,61.919718376245854,62.22156143188477,61.84425630386629,62.221561431884766,396700
2010-02-01,62.12515785981632,62.12515785981632,61.93931631702372,62.00814437866211,634300
2010-02-02,62.03569957718676,62.11829643242097,62.01505167618982,62.111412048339844,426000
2010-02-03,61.93244317997769,61.98062335291144,61.79478179213481,61.8154296875,435300
2010-02-04,62.08386195389105,62.35229509234148,62.08386195389105,62.32476806640625,503400
2010-02-05,62.28344462332452,62.63447446705939,62.24214884802973,62.52434539794922,694700
2010-02-08,62.41426144955744,62.48308953609633,62.331664594962945,62.46932601928711,257600
2010-02-09,62.30410707403073,62.44865282383494,62.11827079052346,62.13203430175781,481200
2010-02-10,62.22842610939546,62.26283752760499,61.87051165154032,61.95998764038086,496200
2010-02-11,61.96685366519103,61.96685366519103,61.7190684220109,61.88426208496094,496900
2010-02-12,62.08386790214062,62.13204807901081,62.01503982821826,62.02880859375,219800
2010-02-16,61.904878987113136,62.18707549702477,61.88423110239305,62.16642761230469,175400
2010-02-17,62.0081017140582,62.09758285874075,61.72590528013238,61.836029052734375,358000
2010-02-18,61.87742563945181,61.87742563945181,61.4713308008198,61.61587142944336,474300
2010-02-19,61.574525590581445,61.650238037109375,61.43686946120961,61.650238037109375,527900
2010-02-22,61.56077405813738,61.657134417698764,61.5470052917739,61.60206985473633,349700
2010-02-23,61.677765532886916,62.10450790285645,61.65711764020593,62.070091247558594,557200
2010-02-24,62.0907691945857,62.20777747724405,61.98064529656809,62.10453796386719,394300
2010-02-25,62.338541792902184,62.37295845782744,62.235297049372214,62.33165740966797,256600
2010-02-26,62.37298021943504,62.57258539290197,62.3660958337989,62.42803955078125,609900
2010-03-01,62.4997909067625,62.541203360425186,62.389369982953184,62.49289321899414,468600
2010-03-02,62.36178596568588,62.54122595529084,62.334179408407245,62.52742004394531,417900
2010-03-03,62.39625727785554,62.49977522250826,62.320340608170746,62.46527099609375,476700
2010-03-04,62.437671400709725,62.651615530668124,62.36865767479506,62.57569885253906,431100
2010-03-05,62.32725988359053,62.34106579126588,62.14782520709909,62.27894973754883,549900
2010-03-08,62.12020327561477,62.16851340969443,62.09259673251072,62.11330032348633,399800
2010-03-09,62.23755851105161,62.27206802368165,62.11333163716079,62.27206802368164,350500
2010-03-10,62.06499864670914,62.18232252183123,62.03048914677421,62.168521881103516,329800
2010-03-11,62.051189550559506,62.20992059164564,62.00977710319858,62.11330032348633,283100
2010-03-12,61.975278864272326,62.285843289746865,61.968375911476606,62.20992660522461,276400
2010-03-15,62.20302365242889,62.25133379117849,62.09260273474847,62.20992660522461,190100
2010-03-16,62.22371325959965,62.47906451452647,62.20300440761954,62.45145797729492,388200
2010-03-17,62.499813486666675,62.54812364555119,62.42389677050352,62.52742004394531,288300
2010-03-18,62.479121273523965,62.520528484283275,62.34109372738402,62.36179733276367,202600
2010-03-19,62.278949737548835,62.47219032171563,62.27205204912217,62.27894973754883,171300
2010-03-22,62.430798391749825,62.48601150512695,62.38248823389791,62.48601150512695,338100
2010-03-23,62.46527694106098,62.527387713763844,62.35485076904297,62.35485076904297,244100
2010-03-24,62.02358111843238,62.106395479812576,61.64399774407465,61.73371505737305,531300
2010-03-25,61.60951852138707,61.67853754366208,61.29895398279808,61.50600051879883,601900
2010-03-26,61.44384775270282,61.67159775319089,61.436944801515885,61.65089416503906,734100
2010-03-29,61.630206743296625,61.678516883459594,61.49217401039501,61.561187744140625,521400
2010-03-30,61.554284917036256,61.62329864501953,61.43695578751377,61.62329864501953,246500
2010-03-31,61.740620080345856,61.82343970991374,61.66470340292773,61.768226623535156,398900
2010-04-01,61.674786777538834,61.70939487465775,61.55712769606133,61.64017868041992,397600
2010-04-05,61.211091509742964,61.27337977209138,60.989613331743676,61.086509704589844,656100
2010-04-06,61.294096239036605,61.32178165043649,61.162597135452515,61.26641082763672,566100
2010-04-07,61.25953975240015,61.716336184743376,61.245694396005824,61.647125244140625,562000
2010-04-08,61.70940438563626,61.81321813208483,61.543291830408435,61.57789993286133,465400
2010-04-09,61.49485800654078,61.667887998275816,61.42564706593802,61.647125244140625,314600
2010-04-12,61.74400242929415,61.88242954793785,61.681714186245465,61.81321334838867,402000
2010-04-13,61.96557974239315,62.00710530423924,61.82715768259746,61.93097686767578,309100
2010-04-14,61.930925139045165,61.993213429787176,61.7371270245553,61.76481246948242,315800
2010-04-15,61.67485183914512,61.92401561597552,61.647166388335094,61.86864471435547,299900
2010-04-16,61.97237577962701,62.26306467940923,61.89624221819086,62.24230194091797,409900
2010-04-19,62.1869613494739,62.20772409805873,62.04161682892516,62.090065002441406,215300
2010-04-20,62.062411714238856,62.11778259277344,61.97936067689459,62.11778259277344,171300
2010-04-21,62.180016223660495,62.34612871327572,62.11772800039452,62.318443298339844,446500
2010-04-22,62.3946158421684,62.463826782512065,62.15237491073744,62.17313766479492,169300
2010-04-23,62.020846669443735,62.06929483717089,61.93779040457393,62.000083923339844,174200
2010-04-26,62.13851469657165,62.15927744566458,61.97933009988918,62.04161834716797,161900
2010-04-27,62.32543113912786,62.664568585898785,62.25621488918977,62.623043060302734,442800
2010-04-28,62.40153192232379,62.49150560721157,62.19389384279111,62.304630279541016,409700
2010-04-29,62.297710832519115,62.449978048438304,62.21465454734804,62.408447265625,350500
2010-04-30,62.48461563677152,62.7960729191,62.477692955708626,62.78915023803711,423200
2010-05-03,62.596765637371746,62.67312897956949,62.55511483122367,62.624534606933594,300500
2010-05-04,63.006418149916286,63.096663424424975,62.902285727701646,63.04806900024414,355000
2010-05-05,63.29793249024544,63.58255522673581,63.15909290606339,63.29098892211914,672000
2010-05-06,63.33966035362935,64.60312117358681,63.242471467201625,63.98527526855469,902400
2010-05-07,63.81861959685945,64.38787064025993,63.714487210399795,63.811676025390625,3856500
2010-05-10,63.166043790884004,63.457615450112755,63.1591055177629,63.325714111328125,836200
2010-05-11,63.45764522815017,63.49235249921744,63.19384242678921,63.40210723876953,891400
2010-05-12,63.32575771645368,63.40905942240069,63.20079986113782,63.24245071411133,424000
2010-05-13,63.416011810302734,63.471549819583025,63.0966762015352,63.416011810302734,420300
2010-05-14,63.70058849326955,64.01298027352088,63.65893237188207,63.82554626464844,488700
2010-05-17,63.81861936251798,64.09630395992633,63.6589489976804,63.68671798706055,535100
2010-05-18,63.71450799164407,64.2004575214896,63.68673899310476,64.15186309814453,1711400
2010-05-19,64.16572373691159,64.48505916995337,64.13101117611423,64.2073745727539,839700
2010-05-20,64.7072412243284,64.99880782768273,64.59617050245839,64.83219909667969,1221600
2010-05-21,65.35281107015406,65.4014054706265,64.74884755308884,64.86686706542969,1196200
2010-05-24,64.92239973997502,65.02653211138522,64.79050367948837,64.86686706542969,2949400
2010-05-25,65.27643087035233,65.39444505590274,64.99180811129597,65.08899688720703,1064000
2010-05-26,64.88073654316496,64.97792532558485,64.63776458711523,64.95709991455078,551600
2010-05-27,64.47814941560374,64.4920365657634,64.26294625569253,64.33930969238281,522800
2010-05-28,64.49197401008298,64.65858257562094,64.36701626183182,64.63081359863281,511700
2010-06-01,64.85361213530895,64.87449587425887,64.5542661508339,64.7143783569336,978900
2010-06-02,64.68652664424272,64.76310388867455,64.31756645446667,64.34541320800781,519100
2010-06-03,64.14353393539749,64.43591690675635,64.10176645698212,64.25492095947266,274300
2010-06-04,64.87445127522939,65.16683404197586,64.80483177829001,65.14595031738281,728300
2010-06-07,65.06945458238206,65.42449427861581,65.03464479033282,65.41056823730469,413800
2010-06-08,65.21558880799036,65.38266397822309,65.18077904654758,65.20862579345703,604300
2010-06-09,65.02768577233648,65.29222212841027,64.95110848035198,65.21564483642578,264000
2010-06-10,64.94416427532842,64.97201105422945,64.58216146084507,64.6100082397461,655200
2010-06-11,64.90933435446853,65.13210320539687,64.74225904407936,65.02072143554688,404800
2010-06-14,64.69350469618995,64.97196698509505,64.6099644161505,64.96500396728516,627700
2010-06-15,64.97892832171861,65.0415848630551,64.67262456691516,64.76312255859375,1114400
2010-06-16,64.95802014620469,64.99979292845958,64.75613518418426,64.94409942626953,621900
2010-06-17,65.01368683863717,65.34784240275675,65.01368683863717,65.25038146972656,792500
2010-06-18,65.2086620568649,65.2365088192603,65.11120104409444,65.1181640625,463400
2010-06-21,64.76311844366651,65.09727425003385,64.7422347016235,65.06942749023438,569100
2010-06-22,65.11816835420852,65.48712868561739,65.08335857111338,65.45928192138672,549200
2010-06-23,65.52190783153131,65.80732773678956,65.507981800314,65.7029037475586,632500
2010-06-24,65.83521398825654,65.89787054387811,65.55675162030849,65.64725494384766,1075100
2010-06-25,65.58458793835098,65.91178077021479,65.57066721222418,65.75166320800781,455400
2010-06-28,65.98136101313024,66.22501342896116,65.98136101313024,66.21805572509766,924300
2010-06-29,66.37122349504723,66.55222475953,66.34338204933523,66.50349426269531,920400
2010-06-30,66.55919229520269,66.60095977783203,66.36427029463087,66.60095977783203,891500
2010-07-01,66.60656315866753,66.89272502139931,66.5437437631699,66.57166290283203,1293700
2010-07-02,66.4530258178711,66.59959734099242,66.36229258690055,66.4530258178711,1072400
2010-07-06,66.41812722147009,66.70428913417707,66.34135090524893,66.61355590820312,914100
2010-07-07,66.66238464074391,66.66936043012817,66.38319863950196,66.40413665771484,473900
2010-07-08,66.2017175824523,66.33433211242918,66.10400329458386,66.24359893798828,508400
2010-07-09,66.15289731033118,66.2087355988157,66.06914520263672,66.06914520263672,439800
2010-07-12,66.18082427978516,66.3483338400127,66.13196710284242,66.18082427978516,685200
2010-07-13,66.04818130943127,66.07610044499056,65.83879578028254,65.85275268554688,679700
2010-07-14,66.08310992589969,66.29250086995879,65.95747642447081,66.18082427978516,566500
2010-07-15,66.32044013306141,66.64848358624315,66.32044013306141,66.5228500366211,703600
2010-07-16,66.57863406042055,66.94855328680757,66.57863406042055,66.90667724609375,864200
2010-07-19,66.808969291799,66.8927213811963,66.66937360108498,66.73219299316406,489800
2010-07-20,66.93459362177477,67.08116508326039,66.78802216028913,66.8019790649414,895900
2010-07-21,66.8508295092152,67.29054917456955,66.84384839507455,67.22772979736328,470700
2010-07-22,67.03931326793325,67.03931326793325,66.85086037433537,66.85784149169922,656800
2010-07-23,66.90667275638364,66.95552990894812,66.41112011607817,66.64144897460938,799500
2010-07-26,66.61351523973062,66.69029150907882,66.46694381416474,66.62049102783203,626300
2010-07-27,66.4041622924873,66.55771491869959,66.37624314908214,66.39020538330078,528200
2010-07-28,66.43206005531162,66.73218409403457,66.37622178647237,66.67634582519531,933000
2010-07-29,66.6484260520213,66.94855008786787,66.60655001330841,66.8159408569336,737300
2010-07-30,67.16489582821951,67.24864787295238,67.02530021195095,67.20677185058594,563600
2010-08-02,67.03396986316395,67.12494211376033,66.95699128994377,66.99897766113281,1160900
2010-08-03,67.20184922906463,67.36280571257302,67.17385656501732,67.3138198852539,911900
2010-08-04,67.28589495543174,67.29988863201494,67.03396606445312,67.03396606445312,777600
2010-08-05,67.26484753006538,67.38381237180226,67.20186268858032,67.35581970214844,817400
2010-08-06,67.65676434060184,67.80372191740221,67.55179311744207,67.79672241210938,438400
2010-08-09,67.70572869775546,67.79670088143888,67.67073652146219,67.78270721435547,464800
2010-08-10,67.74773243339129,68.17461146630616,67.68475290676018,68.12562561035156,641200
2010-08-11,68.37055752760486,68.53151411141214,68.32857117489777,68.5105209350586,911200
2010-08-12,68.55253085957052,68.5595303671145,68.26561511898595,68.3355941772461,1701100
2010-08-13,68.46852949957463,68.64347975525308,68.42654314671039,68.62948608398438,705800
2010-08-16,69.04237768953139,69.14734358115719,68.95839963717216,69.12635040283203,1453200
2010-08-17,68.94435599140223,68.95835499392852,68.6504410070117,68.77640533447266,774300
2010-08-18,68.95836484814936,69.04234285814225,68.67844348722893,68.70643615722656,1148600
2010-08-19,68.68545887517982,69.11933201285028,68.66446570259023,69.01436614990234,684100
2010-08-20,69.00739533823338,69.05638120766235,68.75546648429594,68.79045867919922,306000
2010-08-23,68.76247427447721,68.93042508431438,68.69249521530006,68.88143920898438,575600
2010-08-24,69.2593562615343,69.55327161420067,69.16837864828388,69.42730712890625,973400
2010-08-25,69.60923928603368,69.74220324749412,69.0493960853102,69.11238098144531,690100
2010-08-26,69.14738545724511,69.42730712890625,69.07740637409528,69.42730712890625,845000
2010-08-27,69.12634416942423,69.37127345956246,68.51052119149696,68.62948608398438,1014100
2010-08-30,68.85337479942396,69.16128874595046,68.79738947477288,69.15428924560547,463500
2010-08-31,69.43424944844911,69.5182221434389,69.28729189315956,69.46224212646484,1276700
2010-09-01,69.20060535347794,69.23568484934749,68.6954905862821,68.96208190917969,1268700
2010-09-02,68.80070186946456,68.81473045192895,68.63233211800235,68.67442321777344,1273500
2010-09-03,68.13421575589908,68.40080156848998,68.10615324630375,68.28153991699219,1308300
2010-09-07,68.64637532870346,68.8428076393312,68.56219311122244,68.82176208496094,778200
2010-09-08,68.63940450455193,68.75165467316198,68.48506855128707,68.63239288330078,1124900
2010-09-09,68.32368257997001,68.3798076415272,68.05709656614415,68.09217071533203,929300
2010-09-10,67.90267736312413,67.97984789606966,67.75535325996658,67.89566040039062,725300
2010-09-13,67.85358953330392,68.26048785501864,67.85358953330392,68.21839141845703,1450100
2010-09-14,68.34471920660165,68.60429356808919,68.33770758910885,68.56220245361328,590900
2010-09-15,68.4710013233944,68.63235952424685,68.28859756425253,68.32367706298828,900600
2010-09-16,68.24650451626934,68.30262957170618,67.95185600379577,68.08515167236328,2902900
2010-09-17,68.28857950936519,68.42889211483079,68.16931780900339,68.23947143554688,1738600
2010-09-20,68.34463424079094,68.44986724853516,68.19731017089828,68.44986724853516,619900
2010-09-21,68.64634004696295,69.09532948402742,68.40781675018707,69.08831787109375,1279500
2010-09-22,69.2847546077231,69.46715289868948,69.14444205423747,69.19355010986328,978800
2010-09-23,69.55136047833356,69.55136047833356,69.1374503690925,69.29178619384766,514000
2010-09-24,69.00413069428116,69.07428429060752,68.91994316726371,68.94800567626953,1317500
2010-09-27,69.20058895793852,69.48822576925686,69.20058895793852,69.48120880126953,782100
2010-09-28,69.50224894470985,69.80391431615114,69.49523197726853,69.71271514892578,776000
2010-09-29,69.72676868129615,69.76184817867704,69.50929078419814,69.54436492919922,820400
2010-09-30,69.4952639679323,69.50228093860372,69.03224559884566,69.46018981933594,813200
2010-10-01,69.27237413423562,69.58177911417509,69.180954515048,69.49739837646484,846600
2010-10-04,69.63809467457247,69.78576645389533,69.58887074813151,69.74357604980469,1260800
2010-10-05,69.78574285062399,69.8279386054486,69.68026151106818,69.75761413574219,1092900
2010-10-06,70.23578557283608,70.40455784774318,70.1443712810139,70.20765686035156,614400
2010-10-07,70.26394046333937,70.36238831121192,70.2006548604236,70.27800750732422,534700
2010-10-08,70.46081407709124,70.58739060825982,70.29908067698919,70.30611419677734,868200
2010-10-11,70.40459357050682,70.46084565901441,70.29207866347953,70.37646484375,400300
2010-10-12,70.39046846848294,70.50298328271106,70.13028734933324,70.17247772216797,991900
2010-10-13,69.95448697585302,70.200606425725,69.84197216162488,70.17247772216797,473800
2010-10-14,70.14440184148145,70.18659224608804,69.72248170039849,69.7717056274414,955100
2010-10-15,69.67327437196451,69.7224983107343,69.34980200790496,69.46934509277344,807100
2010-10-18,69.77868661289585,69.96151513854169,69.68023346793058,69.7997817993164,1149600
2010-10-19,69.7083889656891,70.1373424711249,69.69432729100431,70.03889465332031,763700
2010-10-20,69.87712300768295,70.15137111646972,69.8208656097265,69.99666595458984,615100
2010-10-21,69.87718264924942,69.94046825221538,69.6099624633789,69.6099624633789,594300
2010-10-22,69.53257179816275,69.69431052565093,69.52554364501286,69.63101959228516,643600
2010-10-25,69.89827785023807,69.96859697520205,69.58183374039226,69.6099624633789,1436800
2010-10-26,69.38490660722802,69.42006883628119,69.14582061767578,69.14582061767578,831800
2010-10-27,68.99816345651239,69.0473873685608,68.73797685568277,68.74501037597656,1223500
2010-10-28,69.005177066466,69.20910619196799,68.97002020241575,69.14582061767578,738700
2010-10-29,69.29348210032333,69.5044393485126,69.25831987645739,69.45521545410156,768600
2010-11-01,69.67021673524081,69.67021673524081,69.28958692267145,69.33892822265625,1042700
2010-11-02,69.51517748088384,69.59271461066109,69.47288107876857,69.57156372070312,356700
2010-11-03,69.80414654620908,69.91692973529813,69.3741700489544,69.7970962524414,912000
2010-11-04,70.20596393087872,70.45267056367443,70.20596393087872,70.36103820800781,1092500
2010-11-05,70.2622530187031,70.3820810115059,70.06488800048828,70.06488800048828,1108100
2010-11-08,70.17062399856349,70.25520593720441,70.00849965317896,70.0860366821289,469400
2010-11-09,70.08611202122707,70.12135811874437,69.47286541790237,69.49401092529297,744600
2010-11-10,69.53627299146949,69.81117520744144,69.12039183282168,69.7547836303711,1298900
2010-11-11,69.79712001597284,69.83236611901287,69.48697689598175,69.67729187011719,403500
2010-11-12,69.50809703596433,69.64202572527162,69.0922157586514,69.0992660522461,2041400
2010-11-15,68.69747334143976,68.88779359060561,68.20406043211604,68.21110534667969,1174200
2010-11-16,68.51417441306243,68.75383585181858,68.1264945418969,68.71858978271484,954600
2010-11-17,68.73975085452236,68.91597048439509,68.43665287602941,68.521240234375,580200
2010-11-18,68.34505315888639,68.40849505231354,68.09129634077551,68.3591537475586,2968200
2010-11-19,68.35208294167856,68.50715710374384,68.3168368583738,68.50010681152344,530600
2010-11-22,68.71161507972452,68.87373425654461,68.634077950706,68.86668395996094,495400
2010-11-23,69.14155269759394,69.24024066830042,68.93009230327486,69.00762939453125,659400
2010-11-24,68.71864681362631,68.75389291198144,68.21818340822082,68.26752471923828,1112700
2010-11-26,68.45076743735426,68.57059551946851,68.38732556118957,68.56354522705078,210100
2010-11-29,68.7609425678829,68.8032335832762,68.58472283334481,68.71160125732422,527800
2010-11-30,69.08520068766933,69.09929590314951,68.76800187245871,68.8314437866211,874200
2010-12-01,68.12409382263428,68.31487564967908,67.89091184102996,67.92623901367188,1967700
2010-12-02,67.883865441614,68.08171492134737,67.7425459249456,67.75667572021484,983500
2010-12-03,68.18771214032358,68.21597712388139,67.693088405548,67.76374816894531,374500
2010-12-06,68.08876601896259,68.19475832628267,67.95450873695762,68.18769073486328,902000
2010-12-07,67.58710051187921,67.65069268582256,66.89462184663707,67.05714416503906,1335700
2010-12-08,66.59785457022562,66.62611955860723,66.01843578589106,66.48479461669922,2155300
2010-12-09,66.65434834705435,66.78153803019727,66.35050662571251,66.62608337402344,1664700
2010-12-10,66.40708655839805,66.48480855399627,66.06084442138672,66.06084442138672,1002400
2010-12-13,65.96188723719531,66.46357850997536,65.86296250121016,66.27279663085938,1323400
2010-12-14,65.99718298712851,66.15263759722413,65.36123475991496,65.5732192993164,1878500
2010-12-15,65.74279392994754,65.86291596863482,65.078580836752,65.30469512939453,1871900
2010-12-16,65.33304082836254,65.70754258295537,65.05039626551999,65.69341278076172,1351000
2010-12-17,65.85590042167382,66.32933214465893,65.79937584708861,66.2586669921875,1361700
2010-12-20,66.50592800609876,66.67551236844147,66.10316177616625,66.25154876708984,804000
2010-12-21,66.36462596159775,66.39995852006817,66.04665449933012,66.39289093017578,848500
2010-12-22,66.3575904905998,66.38585007956887,66.11734085641316,66.20919799804688,308900
2010-12-23,66.09612000375543,66.09612000375543,65.88413542479029,65.97599792480469,540600
2010-12-27,65.97599785915729,66.25863677617386,65.79934584052603,66.23037719726562,407100
2010-12-28,66.11560063696076,66.1510269315542,65.5346450805664,65.5346450805664,955200
2010-12-29,65.61258002171348,66.38482353182992,65.51339288106172,66.27146911621094,1362200
2010-12-30,66.14395767969879,66.23605850202463,65.9172433894932,66.13687133789062,529800
2010-12-31,66.19349521811246,66.70360329050864,66.1793279517861,66.46980285644531,674300
2011-01-03,66.02349230050268,66.44858076062323,65.91721883414928,66.26437377929688,1396100
2011-01-04,66.34941037467867,66.51235837961484,66.22896960489203,66.42025756835938,1234100
2011-01-05,65.93141094643711,66.00934449077104,65.5700885921199,65.70469665527344,1111900
2011-01-06,65.89598854367574,66.09436286825392,65.7755423563576,66.04476928710938,1452400
2011-01-07,66.101463259522,66.6044855195591,66.01644335722003,66.48403930664062,736500
2011-01-10,66.6044504064259,66.71072387695312,66.46983698340519,66.71072387695312,1096400
2011-01-11,66.62574441372671,66.62574441372671,66.28567018291596,66.44862365722656,760400
2011-01-12,66.17938844539187,66.37776278703467,66.05894224771266,66.25731658935547,753000
2011-01-13,66.23607295037888,66.70367431640625,66.21481932561332,66.70367431640625,1051500
2011-01-14,66.83119680771887,66.90204402042673,66.49820896216644,66.51946258544922,734500
2011-01-18,66.37065836428424,66.48401278350248,66.12977143984283,66.35649108886719,1063800
2011-01-19,66.32814550462084,66.57611334308308,66.32105916486663,66.52651977539062,732200
2011-01-20,66.23606030467653,66.28565388809325,65.84639797934378,66.00934600830078,697000
2011-01-21,65.95973887151129,66.22896575927734,65.8747244061486,66.22896575927734,523900
2011-01-24,66.25735287636637,66.35654550680779,66.19359197675944,66.23609924316406,497800
2011-01-25,66.36358535128863,66.72491310786684,66.17938370740525,66.56904602050781,1126500
2011-01-26,66.42730918762814,66.43439011958893,66.10140794281062,66.16516876220703,869900
2011-01-27,66.22186668646897,66.45566723185244,66.07308599539577,66.41315460205078,531500
2011-01-28,66.25023098593877,66.82410034888355,66.23605830236518,66.71782684326172,1056600
2011-01-31,66.6469611505853,66.7461482869016,66.37773969562583,66.45567321777344,555100
2011-02-01,66.23197722404886,66.31010653149589,66.06861446696703,66.14674377441406,1009200
2011-02-02,66.31722155269632,66.3527314317148,65.88396092900585,65.9905014038086,1120000
2011-02-03,65.76317571576944,65.89102313089373,65.5856101624785,65.61402130126953,1310900
2011-02-04,65.44360889261695,65.53594109867463,65.09558166484214,65.20922088623047,1523900
2011-02-07,65.03873580277607,65.20209855930344,64.96060649559422,65.1807861328125,850700
2011-02-08,65.13102134160229,65.18784360048122,64.68355824538565,64.7332763671875,997200
2011-02-09,64.86116147213296,65.23759967317204,64.70490287874951,65.10265350341797,786000
2011-02-10,65.03163009957582,65.13106641198898,64.83275747474953,64.88957977294922,617000
2011-02-11,65.17366335072593,65.35832762783009,65.06001879355037,65.1878662109375,1492700
2011-02-14,65.09558166484214,65.35837541241968,65.09558166484214,65.20922088623047,1311100
2011-02-15,65.18788356945447,65.37255331460405,65.166576564028,65.35834503173828,603700
2011-02-16,65.2872982092935,65.45776503388232,65.11683680357507,65.2659912109375,620100
2011-02-17,65.51456789593489,65.6140041462702,65.42223578315757,65.5074691772461,776500
2011-02-18,65.33703517074609,65.50039790332943,65.24470301164278,65.49329376220703,418400
2011-02-22,65.7134585967518,66.13251612683028,65.67794873686529,66.12541198730469,1383500
2011-02-23,66.11119815426414,66.23194141180515,65.91232563152133,65.96204376220703,651700
2011-02-24,66.16094899035747,66.30299931428799,66.05440853797334,66.13253784179688,508800
2011-02-25,66.11120087881713,66.34558868408203,66.11120087881713,66.34558868408203,571900
2011-02-28,66.35267904043346,66.40239716690141,66.28875805734724,66.31716918945312,372400
2011-03-01,66.01536616493497,66.42115433710707,65.98688913495683,66.3926773071289,530800
2011-03-02,66.27875461427355,66.4140191190692,66.0438232421875,66.0438232421875,425400
2011-03-03,65.816004142418,65.85160177541162,65.58107823154319,65.5953140258789,616800
2011-03-04,65.75192852878918,66.07940608103775,65.73057212364363,66.06517028808594,637300
2011-03-07,65.78751796951802,66.13635188349157,65.75192034441592,65.90142059326172,489600
2011-03-08,65.86588113000485,65.93707644307698,65.73773717049076,65.74485778808594,538100
2011-03-09,65.89426500147735,66.25021933779723,65.80883943687715,66.12919616699219,626000
2011-03-10,66.30723396291312,66.69166564941406,66.20756709212812,66.69166564941406,1576500
2011-03-11,66.69877568797907,66.72725270817918,66.44248793761433,66.5350341796875,690300
2011-03-14,66.73440376678212,66.90526597984014,66.6845703125,66.6845703125,806200
2011-03-15,67.29677271357754,67.3893243814424,66.89810531796243,66.92658233642578,1661100
2011-03-16,67.26112227972054,67.83776646789892,67.1472143044881,67.49604797363281,1588800
2011-03-17,67.29674005482,67.43200446901884,67.10452706276723,67.28961944580078,639900
2011-03-18,67.08321215351877,67.28966105985124,67.06185031325028,67.2469482421875,1513200
2011-03-21,67.02626859930788,67.04762501148225,66.73438314909163,66.89812469482422,1029000
2011-03-22,66.77706226537774,66.94079828370359,66.76282104465027,66.93367767333984,573500
2011-03-23,67.125910720306,67.154387736515,66.76283555293547,66.8482666015625,696900
2011-03-24,66.65609215720987,66.74864387892127,66.47811476184373,66.506591796875,1098100
2011-03-25,66.62042984509559,66.64890685016597,66.2787112156844,66.32854461669922,782400
2011-03-28,66.23600432239503,66.40686093659947,66.17192969742223,66.34990692138672,634900
2011-03-29,66.2716404063739,66.44250256519052,66.065191469486,66.1577377319336,1047300
2011-03-30,66.17196125067626,66.40689260187752,66.1506048426464,66.38553619384766,773500
2011-03-31,66.49942534386513,66.52078174581406,66.18618363145437,66.21466064453125,1093100
2011-04-01,66.05619529926533,66.35599517822266,66.03478180019067,66.35599517822266,1062700
2011-04-04,66.448760733698,66.6058002551366,66.39879410832697,66.50586700439453,886100
2011-04-05,66.40592362611568,66.4487505996297,66.10612391961179,66.17036437988281,777000
2011-04-06,66.08475429898374,66.08475429898374,65.85633454536568,65.8848876953125,857500
2011-04-07,65.89921423964556,66.01342693075614,65.7564538217182,65.89207458496094,743800
2011-04-08,65.67789679675737,65.82065713390928,65.62793013415842,65.69931030273438,595100
2011-04-11,65.72068144568766,65.86344169081747,65.64216167707998,65.78492736816406,364200
2011-04-12,66.06334952336101,66.29176930714772,66.0490702235234,66.15614318847656,1055400
2011-04-13,66.02050222836962,66.41310119628906,65.9990887293842,66.41310119628906,678700
2011-04-14,66.52017124805074,66.52017124805074,66.19181823730469,66.19181823730469,1036300
2011-04-15,66.57728445283023,66.70577091096901,66.49163044470887,66.6772232055664,881400
2011-04-18,66.62723901434278,66.9199046781942,66.48447872941162,66.84138488769531,902400
2011-04-19,66.8342791134712,66.99131877406181,66.81286560447403,66.92707824707031,532000
2011-04-20,66.83420089067283,66.84848017726415,66.64147408930738,66.66288757324219,708200
2011-04-21,66.72006079303968,66.87710042744813,66.69150763715109,66.71292114257812,670600
2011-04-25,66.79143145726975,66.96988457171643,66.75573865599766,66.94847106933594,826200
2011-04-26,67.02701769873724,67.23402404785156,66.99132488318135,67.23402404785156,519700
2011-04-27,67.00554191161848,67.07692203042926,66.85564202832965,67.04122924804688,1379500
2011-04-28,67.22680715272153,67.34815387265115,67.09832078869232,67.29818725585938,975600
2011-04-29,67.20545622735088,67.44101568834351,67.17690307032531,67.43387603759766,436000
2011-05-02,67.37014941197397,67.54905888151073,67.32721288644792,67.4130859375,632300
2011-05-03,67.5634050335566,67.62780985076435,67.46321066253428,67.59202575683594,1660700
2011-05-04,67.59920234100854,67.82820640970579,67.59920234100854,67.76380157470703,1169500
2011-05-05,67.91404551115038,68.12158118089458,67.87826142813483,68.10011291503906,898400
2011-05-06,67.82103508393224,68.2647327679835,67.78525644708259,68.13591766357422,1034800
2011-05-09,68.15020329667252,68.26470252771118,68.13588748036508,68.23607635498047,559600
2011-05-10,68.0858003730555,68.12873690683195,67.88542260225239,67.90689086914062,661600
2011-05-11,67.87829198748183,68.17885876454568,67.8138871609197,68.15023803710938,611100
2011-05-12,68.17169606295953,68.23610087983833,67.89975005421928,67.99993896484375,652000
2011-05-13,68.17881570613406,68.49369810793867,68.1501949967732,68.26469421386719,494100
2011-05-16,68.28612947685171,68.44357060167127,68.17163031508895,68.42926025390625,590800
2011-05-17,68.57962050255605,68.67980942908457,68.49374193986574,68.62971496582031,986400
2011-05-18,68.55811670328781,68.57958496786479,68.23607635498047,68.23607635498047,790700
2011-05-19,67.9784548668232,68.3362738814331,67.94982869046821,68.30764770507812,718000
2011-05-20,68.30764511985497,68.49371252917783,68.30049267095056,68.47224426269531,669600
2011-05-23,68.74422485151301,68.76569313052266,68.52953660152855,68.56531524658203,928000
2011-05-24,68.47943765166126,68.68697343499389,68.44365354906037,68.63687896728516,639300
2011-05-25,68.71562100080082,68.75856303266958,68.55818508358078,68.64405822753906,1345600
2011-05-26,68.73703407173909,69.02328491210938,68.71556034481499,69.02328491210938,806200
2011-05-27,68.94457561709578,69.06623825010935,68.92310734653036,69.01614379882812,943800
2011-05-31,68.89452340062702,69.15215372512016,68.85874474771296,69.12352752685547,2917900
2011-06-01,69.37748094911237,69.71468365608705,69.34878773779555,69.69316101074219,2997200
2011-06-02,69.4133330270303,69.59269564467121,69.26984512240266,69.27701568603516,1744400
2011-06-03,69.72903001985607,69.72903001985607,69.36312865784258,69.54966735839844,1531200
2011-06-06,69.38464939231464,69.57118808773791,69.32725202853611,69.5066146850586,1106900
2011-06-07,69.36309017569057,69.65007136955045,69.24112494725621,69.6357192993164,1710300
2011-06-08,69.67880951032745,69.88687085690276,69.65011082731216,69.78642272949219,1471600
2011-06-09,69.80794810803893,69.86533999810358,69.43487071719238,69.5066146850586,1016900
2011-06-10,69.67160656238757,69.86531575578329,69.66443052597677,69.72900390625,1020500
2011-06-13,69.56400943396838,69.82229208754919,69.52096414960947,69.57836151123047,1009900
2011-06-14,69.21246337967098,69.26986074395121,69.01874864365368,69.02592468261719,2088800
2011-06-15,69.19810159412958,69.77924024694119,69.19810159412958,69.77206420898438,1352300
2011-06-16,69.86529380581351,70.07335500666306,69.75050462786459,69.96573638916016,1958400
2011-06-17,69.81511521654575,69.95860861888744,69.76489389415455,69.91555786132812,998000
2011-06-20,70.00879993735738,70.00879993735738,69.7074721321514,69.80791473388672,774100
2011-06-21,69.75770376061926,69.82944770480741,69.59268776264565,69.71465301513672,1064900
2011-06-22,69.87250515807902,69.91555043735397,69.58552385758233,69.68596649169922,1119300
2011-06-23,69.99445202548613,70.21686534858267,69.99445202548613,70.05184936523438,1264700
2011-06-24,70.08775614500692,70.44648147202821,70.07340406664618,70.34603881835938,997200
2011-06-27,70.40344437162594,70.41779645277153,70.03754840814054,70.07341766357422,1185700
2011-06-28,69.96578420960579,69.9873123267887,69.29855489349995,69.42769622802734,1315300
2011-06-29,69.29140206382955,69.35597001076292,68.96854590801652,69.0115966796875,1376300
2011-06-30,69.16225009315608,69.16942613295366,68.53088996011772,68.77482604980469,1948200
2011-07-01,68.86900511133553,68.89777310626509,68.50222003465099,68.6029052734375,1921800
2011-07-05,68.89065022838811,69.05605950982125,68.85468882619503,69.03448486328125,2896800
2011-07-06,69.20701222884426,69.32927207449178,69.09913363512395,69.15666961669922,1234900
2011-07-07,68.91936248350947,68.9409371125914,68.78990922208283,68.89059448242188,1289100
2011-07-08,69.4587363930084,69.68887486916539,69.429968397622,69.6241455078125,1278100
2011-07-11,69.94062237165215,70.16356758688855,69.85431834304285,70.15637969970703,1158800
2011-07-12,70.25704956054688,70.27862419122702,70.01971764919405,70.25704956054688,1205400
2011-07-13,70.11323235080098,70.37933235192921,69.97659114973501,70.37213897705078,1247900
2011-07-14,70.11324836612343,70.27866310448728,69.96222038080268,69.96941375732422,959000
2011-07-15,69.86868974749741,70.29300544936861,69.85430300242027,70.25704956054688,874200
2011-07-18,70.32176106762597,70.40806506208243,70.16353982125645,70.21388244628906,883600
2011-07-19,70.14195576517567,70.47997283935547,70.07723189323514,70.47997283935547,1211400
2011-07-20,70.27141223241304,70.32175485299666,70.09880974568834,70.134765625,752900
2011-07-21,69.96941287724819,70.04852355717428,69.6098208728345,69.74646759033203,1211000
2011-07-22,69.89745331778403,70.01971320850815,69.86149194430742,70.01251983642578,813700
2011-07-25,69.76082854720653,70.13480170867126,69.7032925263852,69.78959655761719,1541700
2011-07-26,69.89742791040167,70.1707155939054,69.86865991946446,70.08441162109375,655600
2011-07-27,69.9837950234287,70.14920976179253,69.81119239548192,69.96941375732422,1066600
2011-07-28,70.18508502251835,70.22104637686512,70.04844394725167,70.1059799194336,671500
2011-07-29,70.50152383248167,71.0481045668222,70.47994921573292,70.9546127319336,1602200
2011-08-01,70.87392629299752,71.36415406947081,70.86672102437362,71.21276092529297,2389600
2011-08-02,71.45785634550415,71.9408732097253,71.3280900461399,71.86878204345703,2287600
2011-08-03,71.86879824961096,72.18600055275998,71.79670156688172,71.92646789550781,1922600
2011-08-04,72.02732325912915,72.892427502277,71.99848571766441,72.87800598144531,2813700
2011-08-05,72.30856112562607,72.74111371806099,71.94088894696432,72.03460693359375,3041500
2011-08-08,72.53204604141236,73.27459567295338,72.48158166354659,73.18087768554688,5178100
2011-08-09,72.96458045594606,74.80293540620745,72.81318736007329,73.606201171875,3768400
2011-08-10,74.14689240142602,74.75247027894767,73.88015454483715,74.5794448852539,2768900
2011-08-11,74.08922262863545,74.27666406859194,73.29620876756304,73.48365020751953,2344700
2011-08-12,73.7143848726291,74.03159278764834,73.62787212302206,73.99554443359375,1176300
2011-08-15,73.91615843091411,74.05313542036552,73.71430107816488,73.72151184082031,986300
2011-08-16,73.7575797665078,74.2766448504218,73.74316373648895,74.06037139892578,2025400
2011-08-17,74.19015149995107,74.5794448852539,73.98108327439022,74.5794448852539,826200
2011-08-18,75.07686658379431,75.49500294200114,74.79570725677297,74.9687271118164,2211800
2011-08-19,74.95430147891403,75.04801940917969,74.70197974342858,75.04801940917969,683200
2011-08-22,74.71640437148766,74.93988857718496,74.67315078334029,74.91105651855469,913600
2011-08-23,74.68759356612104,75.06968173216048,74.58666482415605,74.60829162597656,1414200
2011-08-24,74.49296261767527,74.50737865520578,73.8080825805664,73.8080825805664,1089800
2011-08-25,74.00274299002307,74.3415776614665,73.93785706347579,74.26227569580078,1391200
2011-08-26,74.59385314633323,74.81012659966592,74.2694347160308,74.50012969970703,1080300
2011-08-29,73.91621761211475,74.14691269999193,73.91621761211475,74.00994110107422,1106000
2011-08-30,74.3920460790456,74.67320560883628,74.37041926909339,74.52181243896484,693800
2011-08-31,74.69484471888914,74.70205549012928,74.24066513448443,74.25508117675781,1069300
2011-09-01,74.45656492068422,74.85395229243133,74.05917203648205,74.84672546386719,1566800
2011-09-02,75.32365377933448,75.61989333706096,75.15024835009365,75.53318786621094,1137900
2011-09-06,75.87282020025977,75.90894336581198,75.5621323117067,75.63438415527344,1200500
2011-09-07,75.33812657034099,75.49708389598183,75.17194792077902,75.22975158691406,945800
2011-09-08,75.46815774513466,75.61989369796116,75.28030415941856,75.59821319580078,935700
2011-09-09,75.73549624236222,76.07508578432082,75.67769259427153,75.96670532226562,1014200
2011-09-12,75.89446908841555,75.99562273709664,75.72106362102804,75.73551177978516,2177800
2011-09-13,75.65605458171477,75.728306420912,75.44652038931942,75.51155090332031,932600
2011-09-14,75.5115358718612,75.72829134630517,75.35980538601216,75.55488586425781,1214000
2011-09-15,74.9913101196289,75.12859243855459,74.85402780070322,74.9913101196289,1037900
2011-09-16,74.84679806614476,75.15748584631316,74.8179017487685,75.13581085205078,699000
2011-09-19,75.69217132765088,75.88725181398284,75.64881582099625,75.74996948242188,896500
2011-09-20,75.73549743832119,75.85110473632812,75.65601879905626,75.85110473632812,1005000
2011-09-21,75.82222409958084,76.27741555964822,75.71384360552834,76.17626190185547,929500
2011-09-22,76.81202769002138,77.06491715603892,76.5880455472185,76.88428497314453,3436500
2011-09-23,76.84095528871859,76.90598576286241,76.24125491725928,76.24848175048828,1764700
2011-09-26,76.11117417564493,76.22678141903694,75.86551705212207,75.9305419921875,1214800
2011-09-27,75.38146995988606,75.51152543155519,75.26586264619789,75.42481994628906,1159700
2011-09-28,75.36698982943075,75.43924713134766,74.99850404945381,75.43924713134766,1270500
2011-09-29,75.30919170533868,75.64877566704048,75.21525941782998,75.43924713134766,1096000
2011-09-30,75.91614532470703,75.98839714459544,75.64880752741334,75.91614532470703,1604500
2011-10-03,76.0761456692097,76.61913299560547,75.99650708612076,76.61913299560547,2105600
2011-10-04,76.78562910817149,76.93042901079137,76.22816467285156,76.22816467285156,2056100
2011-10-05,76.14851496590231,76.19195216855717,75.84444350021693,75.90959930419922,1174300
2011-10-06,75.71415798484557,75.80827380441482,75.35940226985907,75.3811264038086,1336400
2011-10-07,74.9901351928711,75.2073267055432,74.75121955773673,74.9901351928711,2276300
2011-10-10,74.34581156313142,74.5195659260797,73.94037735151663,74.20101165771484,803900
2011-10-11,74.55573442560667,74.6208902116654,74.36749739329953,74.44713592529297,978400
2011-10-12,74.14309277933148,74.31684713187516,73.88245848874033,74.19377136230469,2324400
2011-10-13,74.42548288945731,74.74403177448352,74.35308014310432,74.49063873291016,1474100
2011-10-14,74.10689118035182,74.27340415662236,74.01277539044028,74.12136840820312,703100
2011-10-17,74.25168209642429,74.62815628564697,74.25168209642429,74.60643768310547,1274600
2011-10-18,74.68610212307323,74.89605236943093,74.36030640139694,74.52682495117188,912600
2011-10-19,74.43270627092195,74.78022061509196,74.38202767110062,74.64266204833984,733400
2011-10-20,74.54855872057094,74.89606759942754,74.28792429965146,74.49063873291016,700200
2011-10-21,74.4254300386886,74.56298300726169,74.22271022583068,74.35302734375,1276000
2011-10-24,74.39649495651467,74.43269079254402,74.22997643541338,74.31685638427734,1381500
2011-10-25,74.25165444411655,74.98287842415183,74.24441859499811,74.95391845703125,1020200
2011-10-26,74.74398987332467,74.92498559063365,74.38923981399331,74.40371704101562,989900
2011-10-27,73.9476498232997,74.07796703119833,73.38294376359033,73.50601959228516,1636600
2011-10-28,73.77390027659214,74.04177056579213,73.75941751722472,73.9476547241211,936300
2011-10-31,74.41818468122379,74.939453125,74.38198333569218,74.939453125,1182700
2011-11-01,75.61342320499641,75.86732881655236,75.34500553865027,75.83831024169922,2251700
2011-11-02,75.37401250268114,75.73673633037957,75.31597536191505,75.65693664550781,1088000
2011-11-03,75.30143737792969,75.56984935604054,75.23614423817025,75.30143737792969,739700
2011-11-04,75.31600188796146,75.59892613043311,75.27247678442069,75.52638244628906,735400
2011-11-07,75.48283776761474,75.91810529432851,75.42480062145907,75.61341857910156,844100
2011-11-08,75.52638185617357,75.73676241285739,75.22169506431216,75.27247619628906,418300
2011-11-09,75.9036362680798,76.0922543326446,75.27975043006005,75.93991088867188,760300
2011-11-10,75.62793003324357,75.83105452331607,75.33049379083224,75.56989288330078,664200
2011-11-11,75.366789957326,75.38130201632754,75.14190285536162,75.2217025756836,323600
2011-11-14,75.50460959978606,75.74400870607589,75.46833499529576,75.69322204589844,586500
2011-11-15,75.73672949653809,75.93259791054213,75.51183698004353,75.59163665771484,480100
2011-11-16,75.81651321230788,75.88180082498872,75.62063930481595,75.86729431152344,335200
2011-11-17,75.74401563661455,76.17928325668711,75.68597847801072,76.01968383789062,805500
2011-11-18,75.88905288441437,75.96159651740031,75.62789137788545,75.73670959472656,1883100
2011-11-21,75.99058468678746,76.10665888092319,75.91078506199969,75.94705963134766,692300
2011-11-22,76.01966088330174,76.19376677181283,75.85280548638073,76.17926025390625,2619500
2011-11-23,76.0123822998874,76.48392424545175,75.96160120019431,76.44039916992188,2189500
2011-11-25,76.15752153682186,76.15752153682186,75.93988495704698,75.95439147949219,466700
2011-11-28,75.41756869712816,76.05596090468298,75.3885501147763,75.96165466308594,1286600
2011-11-29,75.72951072116975,75.99792845397916,75.54089270528397,75.81656646728516,602100
2011-11-30,75.46835257070225,75.5916773991256,75.3087531293408,75.3740463256836,962800
2011-12-01,75.22865598281571,75.50485581520022,75.07601879554518,75.35221862792969,1027100
2011-12-02,75.22136487239737,75.71562085968903,75.20683037809484,75.6865463256836,892400
2011-12-05,75.2795437233719,75.74472536069867,75.2795437233719,75.6429672241211,979100
2011-12-06,75.42489098738118,75.60660268976953,75.33767291929146,75.44670104980469,543000
2011-12-07,75.59938430270068,75.84650970681362,75.52670068651479,75.78836059570312,739300
2011-12-08,75.75927374036542,76.18084083310478,75.67932011777276,76.17357635498047,658200
2011-12-09,76.10814198091657,76.1517510225352,75.65023040771484,75.65023040771484,961100
2011-12-12,75.93367737800564,76.08631452305875,75.8609938154185,75.91187286376953,1068900
2011-12-13,75.76651660883905,76.32619180736057,75.70110305195817,76.26077270507812,512500
2011-12-14,76.3333748140319,76.59503985308767,76.25342684497186,76.58050537109375,760100
2011-12-15,76.35526558375211,76.58785635933718,76.3407255409897,76.51516723632812,968900
2011-12-16,76.63145374338244,76.97307260612921,76.63145374338244,76.88584899902344,748700
2011-12-19,76.8640293489454,77.17657361444977,76.81315030783536,77.14749908447266,1126600
2011-12-20,76.8277337354438,76.8277337354438,76.44977569580078,76.44977569580078,1365000
2011-12-21,76.55151805394652,76.58786261842128,76.19536461278209,76.20262908935547,479000
2011-12-22,76.42793651804676,76.55149913407905,76.27529936670089,76.29710388183594,731900
2011-12-23,76.11542895183224,76.15903800316143,75.86829805502589,75.9845962524414,435500
2011-12-27,76.04208004507494,76.04936323229735,75.91101045229206,76.02751922607422,616500
2011-12-28,76.15128883920151,76.58818553365451,76.12216165217893,76.50808715820312,919900
2011-12-29,76.4789815311758,76.6901495300372,76.39160550091898,76.60276794433594,556000
2011-12-30,76.69740431399507,77.21439933818304,76.6609939445758,76.87216186523438,1230000
2012-01-03,76.38438415527344,76.59555232509999,76.28971930526043,76.38438415527344,1297700
2012-01-04,76.3770320654529,76.40615925799419,76.05663850294249,76.1440200805664,1789000
2012-01-05,76.20956135073045,76.46441735352887,76.10761339416688,76.15858459472656,1311300
2012-01-06,76.253291294145,76.50086424572926,76.253291294145,76.4571762084961,998200
2012-01-09,76.41347660818641,76.65376633205481,76.38434940262282,76.47172546386719,379900
2012-01-10,76.26781541703619,76.46442260086148,76.2314105886777,76.31878662109375,1636100
2012-01-11,76.51538952272577,76.7848063481901,76.51538952272577,76.7629623413086,931600
2012-01-12,76.71927672527096,76.75568710817427,76.52266954630421,76.60276794433594,685000
2012-01-13,76.96685133228833,77.1197704996646,76.92316331614916,76.94500732421875,554000
2012-01-17,76.90860984423604,77.06152347077803,76.89404346716817,77.01782989501953,1158100
2012-01-18,77.12707272449451,77.12707272449451,76.7411469776915,76.77755737304688,455200
2012-01-19,76.62461940088369,76.67559060494125,76.2314105886777,76.31878662109375,1587200
2012-01-20,76.17317996274296,76.29696641758336,76.03482712765879,76.05667114257812,650600
2012-01-23,75.8309286448012,75.96199826625143,75.72898622316718,75.8891830444336,734000
2012-01-24,75.97657012939453,75.97657012939453,75.76540762207017,75.97657012939453,1388100
2012-01-25,75.93285236215061,76.77752428241911,75.89644753793183,76.34062194824219,1149200
2012-01-26,76.54452064127058,76.79209347254574,76.54452064127058,76.74840545654297,1055000
2012-01-27,76.8649517227863,77.00330459152141,76.72660440949886,76.98146057128906,767600
2012-01-30,77.25812924281038,77.41104287751715,77.19987484231865,77.24356842041016,1152400
2012-01-31,77.13438929137668,77.54215922965997,77.13438929137668,77.53488159179688,1001800
2012-02-01,77.35319414143441,77.38237368271984,77.20729643500727,77.26565551757812,1698800
2012-02-02,77.30942650106799,77.4188428225302,77.23647486618871,77.37507629394531,839900
2012-02-03,76.79874592551236,76.89358076669738,76.66014458250346,76.76227569580078,1112600
2012-02-06,76.79150896743054,77.02493976650227,76.70397589617193,76.973876953125,2968500
2012-02-07,76.64560231400382,76.70396139409537,76.4194678354343,76.47782135009766,1164900
2012-02-08,76.47049283266222,76.59450164247649,76.39754680132589,76.5142593383789,404800
2012-02-09,76.37570365320094,76.44865529358539,76.14227287408553,76.3392333984375,1802500
2012-02-10,76.70398062463792,76.84257651781765,76.60914570435592,76.7696304321289,1322600
2012-02-13,76.62367658085749,76.81334070331764,76.59449705698476,76.718505859375,299300
2012-02-14,76.82795027108925,76.99573119133117,76.76230049714245,76.87901306152344,615500
2012-02-15,76.85713560074882,77.09056631254484,76.84983932572881,76.9373779296875,344100
2012-02-16,76.747742102445,76.84257145104463,76.45595221350021,76.5872573852539,1540500
2012-02-17,76.35385343780759,76.53622148685103,76.33197016239137,76.50704193115234,653600
2012-02-21,76.35380622424613,76.38298576190158,76.13496803997182,76.22979736328125,635300
2012-02-22,76.3465093367802,76.5945270386431,76.3465093367802,76.52887725830078,538200
2012-02-23,76.4632263781034,76.73313292127064,76.36110078132177,76.63829803466797,805900
2012-02-24,76.68939714134918,76.74775624297646,76.63833431878287,76.69669342041016,360100
2012-02-27,77.03223057345596,77.07600267140585,76.92280867672454,76.95198822021484,588600
2012-02-28,77.09784041121915,77.17808271707702,76.93005952658211,76.98841857910156,817900
2012-02-29,76.9592651163,76.98114837704951,76.58723298727593,76.68206787109375,787500
2012-03-01,76.33867946717868,76.45558112744867,76.23638284958227,76.43366241455078,1185200
2012-03-02,76.52131640550287,76.7916545371107,76.52131640550287,76.74050903320312,360100
2012-03-05,76.67476995380139,76.78436350478148,76.55786273349851,76.58708953857422,1406100
2012-03-06,76.8866506284444,77.02547096738151,76.8647263465089,76.9085693359375,605800
2012-03-07,76.8719968243906,76.90122361156054,76.72586846298061,76.76239776611328,436100
2012-03-08,76.69669435966343,76.76975859055709,76.50672289978509,76.53594970703125,329900
2012-03-09,76.44822072108596,76.50667429844529,76.30209235212757,76.47744750976562,286800
2012-03-12,76.6162498723287,76.64547665204762,76.45550537109375,76.45550537109375,503100
2012-03-13,76.28021229100794,76.30943909449131,75.89296690012814,75.90757751464844,618600
2012-03-14,75.54226150169899,75.57879640482378,74.97966078490494,75.0381088256836,1733100
2012-03-15,74.94314820980468,75.18426526360034,74.94314820980468,75.0162124633789,2302300
2012-03-16,74.70201542689765,75.00158605025378,74.63625928485989,74.99427795410156,681200
2012-03-19,74.89196172513613,74.93579913842203,74.40242536196966,74.53394317626953,1133200
2012-03-20,74.60703814395652,74.70932920008421,74.35861302590037,74.57050323486328,769100
2012-03-21,74.72393307120139,74.98696878447502,74.71663054959777,74.950439453125,458100
2012-03-22,75.12577483875904,75.18422844276937,74.98694892284514,75.04540252685547,326200
2012-03-23,75.24270757609136,75.43998158850675,75.22078328631686,75.32307434082031,396100
2012-03-26,75.27189613950111,75.35226844378639,75.01616861424885,75.23536682128906,471700
2012-03-27,75.37420157568195,75.70299335041224,75.35958538712708,75.65184783935547,579200
2012-03-28,75.52030181884766,75.79794797886116,75.52030181884766,75.52030181884766,314700
2012-03-29,75.79065813668987,75.8344955444336,75.673750950118,75.8344955444336,727700
2012-03-30,75.81994814972045,75.92224481800451,75.36694632685321,75.46192932128906,502600
2012-04-02,75.77443623255762,75.781756876264,75.56950288089928,75.64269256591797,1433800
2012-04-03,75.75980066182925,75.89154432869961,75.0278926423306,75.08644104003906,833100
2012-04-04,75.39379797197336,75.4743082488557,75.313287695091,75.46698760986328,461300
2012-04-05,75.80369567871094,75.82565202073327,75.59876237448411,75.80369567871094,456400
2012-04-09,76.60151363299008,76.67470333498355,76.50636199478387,76.57955169677734,573700
2012-04-10,76.70390780562428,76.99666633678193,76.64535386578834,76.93811798095703,900500
2012-04-11,76.63806915283203,76.72590010375836,76.5648794857336,76.63806915283203,435000
2012-04-12,76.6966595618237,76.71861591398421,76.4624491654176,76.48440551757812,451500
2012-04-13,76.77712942075405,76.96010637095412,76.75517308017217,76.94546508789062,461400
2012-04-16,76.91617942033007,77.15771030748347,76.88690802553516,76.92350006103516,1179600
2012-04-17,76.82837424748884,76.9088845643533,76.762499631866,76.84300994873047,923400
2012-04-18,76.95276854202307,77.01864313306896,76.90885587066722,76.9966812133789,502900
2012-04-19,77.07724356414276,77.14311819968549,77.0479665687922,77.08456420898438,408800
2012-04-20,76.94546536965758,77.09185028076172,76.90155268833304,77.09185028076172,377500
2012-04-23,77.2894189429536,77.37724983962882,77.22354995845485,77.2455062866211,746600
2012-04-24,77.16503577900723,77.18699211848433,77.03329215813162,77.04792785644531,506100
2012-04-25,76.86498121827678,77.08455586763773,76.68200420514775,76.95281219482422,681200
2012-04-26,77.21625923886138,77.23821557553471,77.07719499458042,77.20893859863281,314300
2012-04-27,77.1577003740595,77.29676460948919,77.1503853183089,77.28944396972656,368100
2012-04-30,77.3553695678711,77.44319496688672,77.31877192893745,77.3553695678711,1820300
2012-05-01,77.45649979515879,77.48581779489179,77.13394586906165,77.21458435058594,864100
2012-05-02,77.39049912171613,77.41982270632289,77.25854578743666,77.36117553710938,1030200
2012-05-03,77.19992190620071,77.39785476377891,77.19992190620071,77.35386657714844,360000
2012-05-04,77.47116548011392,77.6617660522461,77.46383318309626,77.6617660522461,814100
2012-05-07,77.69102432282533,77.7350068821419,77.61038590214547,77.63970947265625,490800
2012-05-08,77.79370542212047,77.98430036701946,77.77904083072646,77.8156967163086,522300
2012-05-09,78.02829367928177,78.07227627055023,77.808369537133,77.88167572021484,961400
2012-05-10,77.70576223903356,77.80105974531492,77.59580013615206,77.77173614501953,347000
2012-05-11,78.02828216552734,78.05027345791656,77.90365552048439,78.02828216552734,403500
2012-05-14,78.35087450126457,78.43884531319267,78.24091797748643,78.37287139892578,650200
2012-05-15,78.32155513300172,78.43884955524925,78.26291351478383,78.39486694335938,922100
2012-05-16,78.18221969197197,78.49744123764357,78.16022840158355,78.45345306396484,761600
2012-05-17,78.38016758395004,78.7540363979277,78.36550858412305,78.7467041015625,764000
2012-05-18,78.51210531286063,78.76135300349186,78.49011402104952,78.69537353515625,831900
2012-05-21,78.57075840539916,78.62940558324848,78.49011993408203,78.49011993408203,791600
2012-05-22,78.28488290111407,78.3948449929555,78.16758851170874,78.321533203125,538300
2012-05-23,78.5341516583102,78.73208460916875,78.49750134390001,78.52682495117188,658000
2012-05-24,78.40949970878665,78.46814690028327,78.32886121870482,78.35818481445312,417700
2012-05-25,78.51946768864748,78.62209748501841,78.48281179298453,78.58544158935547,370400
2012-05-29,78.62940939222875,78.78335404686358,78.51944732666016,78.51944732666016,865400
2012-05-30,79.06193707083318,79.32584384880042,79.03261347406969,79.26719665527344,645600
2012-05-31,79.42110776724859,79.82430006116134,79.39178977578389,79.57505798339844,2994300
2012-06-01,80.07511713275636,80.3027322280766,79.96498712084497,80.25867462158203,2186400
2012-06-04,79.91357065967611,80.02370625266317,79.766726936846,79.79609680175781,849500
2012-06-05,79.67127424827152,79.77406596836813,79.52442493261304,79.53176879882812,836700
2012-06-06,79.50967490819329,79.53170088630182,78.98837288663756,79.0103988647461,1492800
2012-06-07,78.98836683703152,79.25268975753733,78.9369710248067,79.2012939453125,631800
2012-06-08,79.58314888827054,79.61251874558215,79.19400808191482,79.26008605957031,468000
2012-06-11,79.0839043859528,79.53178508741473,79.0839043859528,79.4730453491211,1050900
2012-06-12,79.23805294036276,79.37021448551468,79.0324695593991,79.04715728759766,569700
2012-06-13,79.18668731719892,79.52443237221692,79.083895587486,79.4656982421875,1332100
2012-06-14,79.41425505907213,79.4803330166317,79.1719580112354,79.25272369384766,802600
2012-06-15,79.58316694586772,79.69330253534439,79.48771908924327,79.61988067626953,769400
2012-06-18,79.63457800872708,79.68597388006324,79.4730465268906,79.59786987304688,718800
2012-06-19,79.421642628381,79.45101249499464,79.208715296729,79.3261947631836,1536800
2012-06-20,79.07654037837892,79.38492112501473,78.95172266759184,79.1646499633789,913100
2012-06-21,79.24540940391452,79.44364895229756,79.20135741576894,79.3335189819336,1655900
2012-06-22,79.02512669660905,79.16463210762788,78.98107471490923,78.98841857910156,1770300
2012-06-25,79.28941596317058,79.42892131467251,79.28207770383604,79.42157745361328,594900
2012-06-26,79.22337348378454,79.38490488905029,79.16463377246478,79.24539947509766,2395600
2012-06-27,79.34816303522975,79.38487674221912,79.18663168723681,79.35550689697266,3445300
2012-06-28,79.64184237444344,79.69323819447396,79.55373285365216,79.61247253417969,413400
2012-06-29,79.16463377246478,79.32616517773053,79.1352639168049,79.24539947509766,646900
2012-07-02,79.41452615060145,79.81159945455974,79.39982222528921,79.6130599975586,1580800
2012-07-03,79.5983578187448,79.61306174437966,79.37775966391308,79.4145278930664,588000
2012-07-05,79.51741706352101,79.67918818354941,79.47329970716426,79.62771606445312,1602600
2012-07-06,79.87038766806847,79.97333192549591,79.82626469342722,79.90715026855469,1146900
2012-07-09,79.98070981470296,80.14248102307836,79.95865112447783,80.12777709960938,495300
2012-07-10,80.06896124039571,80.20867377783543,80.04690254712503,80.16455078125,631900
2012-07-11,80.20131011152277,80.39984393897511,80.06159758958451,80.09101104736328,825800
2012-07-12,80.2086347434089,80.2968694735512,80.17922129668102,80.27481079101562,840400
2012-07-13,80.24544945336471,80.24544945336471,80.08368380637745,80.20868682861328,307900
2012-07-16,80.45868557700108,80.54692596648374,80.3557412609602,80.3851547241211,349400
2012-07-17,80.26022987720053,80.37052906896112,80.14993068543994,80.1793441772461,637900
2012-07-18,80.31162688407247,80.3557442754466,80.24544518696659,80.2601547241211,606000
2012-07-19,80.19392055156321,80.29686480410366,80.10568582655196,80.14244842529297,949100
2012-07-20,80.36310489971713,80.51752139082288,80.36310489971713,80.45869445800781,250900
2012-07-23,80.69397060041405,80.7160292906068,80.53219939227614,80.59102630615234,1675600
2012-07-24,80.47343380974215,80.80432561183564,80.4587242660663,80.74549865722656,905500
2012-07-25,80.70866519215555,80.7968999365915,80.65719305455383,80.78955078125,1246800
2012-07-26,80.63515355325057,80.69397486018862,80.51749971928731,80.53955841064453,742000
2012-07-27,80.2822064090386,80.2822064090386,79.67924446938649,79.95866394042969,1072300
2012-07-30,79.98803333976586,80.23804482143572,79.9365612126634,80.21598052978516,666000
2012-07-31,80.34102422525507,80.3851416077756,80.10572216840639,80.35572814941406,2209700
2012-08-01,80.15101836485675,80.3056697112943,79.93746399160634,80.06265258789062,977300
2012-08-02,80.30568371684754,80.4750552311538,80.21731230609576,80.25413513183594,620000
2012-08-03,79.91537357028034,79.99637928481347,79.67236204505484,79.8343734741211,765500
2012-08-06,79.88587188720703,80.01842609880323,79.84904908795295,79.88587188720703,850800
2012-08-07,79.51773511593781,79.54718663875924,79.3778150998476,79.4661865234375,1228200
2012-08-08,79.49560434083399,79.57661004018524,79.29677574502725,79.3556900024414,862800
2012-08-09,79.2599682540636,79.40725392607591,79.1053225122311,79.29679107666016,833700
2012-08-10,79.63554831058562,79.66500544817508,79.29679965586855,79.52508544921875,466900
2012-08-13,79.60604208222684,79.67232200552382,79.4734878540039,79.4734878540039,729500
2012-08-14,79.1642195034862,79.25995095562043,79.08321380615234,79.08321380615234,642100
2012-08-15,78.8991144779174,78.95066304956961,78.64873730657034,78.68555450439453,934600
2012-08-16,78.70764719615114,78.78129282971442,78.37626431860846,78.49408721923828,861400
2012-08-17,78.56037898642248,78.72239041524203,78.56037898642248,78.58983612060547,784300
2012-08-20,78.5750579346998,78.73706926700413,78.56033218556783,78.63397216796875,1000100
2012-08-21,78.55299360185535,78.71500499005207,78.36889077315406,78.70027923583984,684500
2012-08-22,78.98744538304092,79.31146240234375,78.92853115466947,79.31146240234375,730600
2012-08-23,79.4293093206545,79.53977211993305,79.311480836525,79.45140075683594,440200
2012-08-24,79.58397363864516,79.63552220793669,79.38514504805575,79.41459655761719,311500
2012-08-27,79.53979050664152,79.62815627179424,79.51769906535336,79.62079620361328,467400
2012-08-28,79.67236000019793,79.8049142916342,79.63553717876472,79.6502685546875,615000
2012-08-29,79.6502480317286,79.6502480317286,79.47350527643788,79.59869384765625,764700
2012-08-30,79.79017745586863,79.86381747532228,79.73862888041373,79.7459945678711,642200
2012-08-31,79.74595856994198,80.26144409179688,79.6944100177565,80.26144409179688,912700
2012-09-04,80.0852415076473,80.25485361304698,80.02624550349363,80.07786560058594,1200200
2012-09-05,80.05573301186024,80.14422700649096,79.96724464339741,80.0483627319336,782300
2012-09-06,79.6869903498636,79.7017421572166,79.48788595992632,79.50263214111328,1376700
2012-09-07,80.0336161884417,80.06311418859381,79.60590362548828,79.60590362548828,2748500
2012-09-10,79.67225159236276,79.71649576621228,79.5100154533591,79.64275360107422,1614100
2012-09-11,79.59119513682117,79.60594133079763,79.42895887222551,79.49533081054688,375200
2012-09-12,79.19290985711451,79.49526001298615,79.05279582135294,79.10441589355469,660700
2012-09-13,79.31828652038398,79.47314676517104,78.73571381313722,79.33303833007812,1458700
2012-09-14,78.89059183460961,79.33305054874282,78.47762549207319,78.58824157714844,1050800
2012-09-17,78.66197903448162,78.87583528580603,78.6472328495688,78.75047302246094,745300
2012-09-18,79.0675769561162,79.11182114122421,78.91271668207015,78.9495849609375,578700
2012-09-19,79.17077738994023,79.20765127646247,79.03803927509134,79.13390350341797,437200
2012-09-20,79.41415519589442,79.45102346723468,79.08230699683111,79.17817687988281,422300
2012-09-21,79.09703862617673,79.3551389643764,79.07491654378325,79.34776306152344,682000
2012-09-24,79.45103809101714,79.59115217593333,79.45103809101714,79.5247802734375,943800
2012-09-25,79.60592972019883,79.82716198077526,79.42157137844184,79.81978607177734,471900
2012-09-26,80.00412893694345,80.15161895751953,79.95988474385513,80.15161895751953,444600
2012-09-27,79.959857281171,80.0409753580851,79.87873920425687,79.98197937011719,295400
2012-09-28,80.07047335206906,80.15896170785386,79.90823719824084,79.98197937011719,612500
2012-10-01,80.04921405511453,80.14520314849992,79.91630304623834,80.13043212890625,1213500
2012-10-02,79.96795802865479,80.1599361378373,79.96057252184283,80.0787124633789,846500
2012-10-03,80.0713390720012,80.15994262695312,79.96796450222958,80.15994262695312,938000
2012-10-04,79.98270365388271,80.05654180329188,79.81287084010089,79.8424072265625,376700
2012-10-05,79.56922288723194,79.6061391532537,79.4289264292729,79.4806137084961,805200
2012-10-08,79.65783576658946,79.75383046317447,79.64307038514877,79.73905944824219,403700
2012-10-09,79.52492709311241,79.7095253506484,79.5101617112459,79.57661437988281,387200
2012-10-10,79.45109122633602,79.79813686195054,79.39940393806313,79.76860046386719,318100
2012-10-11,79.51751824246419,79.84979273155032,79.47321084602694,79.8424072265625,1217500
2012-10-12,79.90154845723939,80.02707398213124,79.82771024456738,79.84986114501953,427900
2012-10-15,79.87933374760337,79.93102101853442,79.790724583083,79.8719482421875,635000
2012-10-16,79.69477077091722,79.69477077091722,79.49540710449219,79.49540710449219,585500
2012-10-17,79.25911008679802,79.28864648586193,78.96375736314313,78.99329376220703,597300
2012-10-18,79.0671161928211,79.14095435902615,78.8234451742026,78.85298156738281,1157500
2012-10-19,78.97117559167654,79.25914858054422,78.94902468999362,79.18531036376953,808100
2012-10-22,79.03018601881236,79.10402417728682,78.91942596435547,78.91942596435547,760000
2012-10-23,79.15570119326608,79.2959976196289,79.15570119326608,79.2959976196289,414600
2012-10-24,79.11878942140164,79.2443148450066,79.07448202275462,79.12617492675781,682400
2012-10-25,78.74963037541288,79.03760325250654,78.70532295574971,78.8382339477539,437300
2012-10-26,79.11141677063624,79.34770227901716,79.08926588445847,79.34031677246094,414800
2012-10-31,79.51753820268667,79.7316728331674,79.48800180881094,79.66521453857422,728100
2012-11-01,79.58758909707498,79.6171652439214,79.41013785706966,79.50625610351562,918300
2012-11-02,79.32876268469974,79.58754678066988,79.29918655357885,79.57276153564453,527200
2012-11-05,79.73546901737868,79.84637816449884,79.71328831616935,79.76504516601562,805400
2012-11-06,79.69845800965118,79.75021483023984,79.38791708611923,79.40270233154297,486000
2012-11-07,80.09777530734875,80.2530458621215,80.0016514107701,80.06819915771484,979800
2012-11-08,80.05336435012944,80.43784844339282,79.96464159096915,80.42305755615234,514700
2012-11-09,80.3787164913554,80.46004946852206,80.26041756888614,80.43047332763672,368200
2012-11-12,80.4304819277158,80.49702966209148,80.37132963962024,80.48223876953125,267900
2012-11-13,80.58578946680475,80.59318491648166,80.45269957799692,80.57839965820312,1608900
2012-11-14,80.37133407178496,80.61533304283024,80.3491533727941,80.60054779052734,1477300
2012-11-15,80.43790420948008,80.64493164580983,80.42311331198535,80.5635986328125,1448500
2012-11-16,80.54879145973185,80.74102794626091,80.5266107605995,80.6153335571289,578100
2012-11-19,80.3861327622958,80.46007031312793,80.35655661374824,80.45267486572266,712300
2012-11-20,80.3269767299528,80.37133813017455,80.11994934082031,80.11994934082031,970700
2012-11-21,80.00165557861328,80.06080788096276,79.97208506851257,80.00165557861328,291500
2012-11-23,80.00167495456684,80.00907040442017,79.94991808774434,79.95731353759766,466000
2012-11-26,80.1495148353107,80.23823762396202,80.06818185166529,80.09036254882812,1522400
2012-11-27,80.14215578201788,80.28264111594065,80.09779436754758,80.2752456665039,579100
2012-11-28,80.4230769053899,80.49702007724122,80.34174957028306,80.37871551513672,1057500
2012-11-29,80.37875761842504,80.48966679322548,80.33439620493486,80.46009063720703,814200
2012-11-30,80.5192500760529,80.52664552598083,80.41573634136375,80.4453125,557800
2012-12-03,80.2801792684519,80.4282407816993,80.22835717399684,80.41343688964844,750400
2012-12-04,80.4652653808844,80.56150480732752,80.44305671695022,80.5541000366211,479300
2012-12-05,80.63550853914408,80.73915270154997,80.59849599438954,80.6207046508789,505500
2012-12-06,80.76883590233462,80.80585412725239,80.65778687576945,80.66519165039062,443700
2012-12-07,80.46525948960137,80.59111234147075,80.42083651680032,80.4356460571289,515700
2012-12-10,80.5393409291352,80.561549605419,80.43569667435187,80.50972747802734,707500
2012-12-11,80.3320012377683,80.36161467000858,80.2653696031815,80.35420989990234,734300
2012-12-12,80.2653929086385,80.39865056831947,80.01368713378906,80.01368713378906,1165600
2012-12-13,79.91743656146329,80.0284855449505,79.806393226162,79.85821533203125,862900
2012-12-14,79.95446075050208,80.06550974229282,79.95446075050208,80.03589630126953,380700
2012-12-17,79.96181938440019,79.97662327227673,79.59166005747254,79.6138687133789,660100
2012-12-18,79.56948616992845,79.61390350114961,79.21413057560261,79.30297088623047,846400
2012-12-19,79.41398620605469,79.60647065376895,79.37697365915274,79.41398620605469,675300
2012-12-20,79.52507771464697,79.64353148378467,79.42883826336254,79.46585083007812,377100
2012-12-21,79.76196226993544,79.81378437062395,79.66572283956687,79.68052673339844,499200
2012-12-24,79.62125146835798,79.64346011812427,79.58423328662647,79.59903717041016,903400
2012-12-26,79.68878932137042,79.79999445888282,79.68137979336365,79.76292419433594,780000
2012-12-27,79.72587588587066,80.08172561130992,79.71104551456854,79.92604064941406,446700
2012-12-28,80.07427878505639,80.1187585659863,79.99272874926704,80.11134338378906,552200
2012-12-31,80.00012658808917,80.03719117878654,79.6590961544699,79.68875122070312,1742800
2013-01-02,79.32554626464844,79.43675143269401,79.28847598992333,79.32554626464844,2561300
2013-01-03,79.34775287578069,79.36258324190041,78.91035322941522,78.91776275634766,2131900
2013-01-04,78.83621367847137,78.954833984375,78.73983892202028,78.954833984375,975400
2013-01-07,78.95487931866985,79.02901422436264,78.89556913166332,78.99935913085938,1387400
2013-01-08,79.11051233841033,79.20688708687547,79.09568762946455,79.19206237792969,364200
2013-01-09,79.2142866021743,79.31066698770407,79.13273657878415,79.23652648925781,517700
2013-01-10,79.01414430914353,79.15499885255102,78.97707404943617,79.00672912597656,689100
2013-01-11,78.88812430255204,79.25880432128906,78.85846922231771,79.25880432128906,553900
2013-01-14,79.34040946575662,79.37006456869527,79.21437952036675,79.22920989990234,971700
2013-01-15,79.48863850360358,79.52570311850589,79.39225806137327,79.42191314697266,428800
2013-01-16,79.54791846044469,79.57756787865323,79.43671334571788,79.52567291259766,534000
2013-01-17,79.20693250622418,79.25883315761318,79.08090261147157,79.1624526977539,436100
2013-01-18,79.29587666955837,79.42190653075995,79.27363677124383,79.38484191894531,560100
2013-01-22,79.2291715527137,79.48864650767447,79.21434118035604,79.45157623291016,595400
2013-01-23,79.5109102581983,79.58504517383278,79.4367753425638,79.4886703491211,603600
2013-01-24,79.42932134181156,79.44415171137065,79.25881168478324,79.35518646240234,376300
2013-01-25,78.97703552338717,79.05117035051046,78.77687092454185,78.82876586914062,570600
2013-01-28,78.50259511626321,78.68793508124752,78.50259511626321,78.66569519042969,1328000
2013-01-29,78.69537165841649,78.82140151139903,78.5322715399081,78.5470962524414,480600
2013-01-30,78.48783139038309,78.60644611894706,78.37662619376412,78.59162139892578,453200
2013-01-31,78.66569460120466,78.66569460120466,78.53224960117043,78.65827941894531,902500
2013-02-01,78.9923587969708,79.00720309684371,78.36136561214086,78.39105987548828,2587800
2013-02-04,78.63606358679503,78.88845642705388,78.60636931201095,78.84391784667969,693400
2013-02-05,78.54698627244014,78.5989498410565,78.48760338231016,78.56183624267578,797700
2013-02-06,78.7325867775653,78.83651393528764,78.65092891598272,78.79940032958984,816800
2013-02-07,78.79937322347513,79.02207177187199,78.79194823944755,78.83648681640625,970000
2013-02-08,78.85128969670878,78.92552250184467,78.66570485206903,78.89582824707031,952800
2013-02-11,78.83647063889008,78.91812845562681,78.81420135498047,78.81420135498047,558800
2013-02-12,78.6954227340072,78.81419412516402,78.6731534521404,78.73253631591797,531500
2013-02-13,78.48010923794516,78.59146126216865,78.42072073654607,78.45783996582031,610700
2013-02-14,78.65091526737278,78.79938665521507,78.54698812768534,78.79196166992188,988000
2013-02-15,78.71772766113281,78.76226624503454,78.57668126063832,78.71772766113281,681700
2013-02-19,78.82906309057884,78.84390739420103,78.58408960378972,78.59151458740234,498800
2013-02-20,78.5618083306904,78.77708751378778,78.53211406437329,78.76223754882812,869900
2013-02-21,78.93294077823859,79.05913710261267,78.8958215470229,78.9180908203125,681000
2013-02-22,78.94039468374972,79.04432744397504,78.93297536513519,79.01463317871094,412800
2013-02-25,78.81424420238825,79.62339782714844,78.806824879453,79.62339782714844,2909000
2013-02-26,79.474853515625,79.71240189458214,79.41547066858578,79.474853515625,860900
2013-02-27,79.68270419573103,79.70497913395823,79.3709230237486,79.43773651123047,398800
2013-02-28,79.51940852385297,79.55652210034002,79.42290076506472,79.54910278320312,534400
2013-03-01,79.66575053752047,79.76980087987617,79.60629157894051,79.74750518798828,876500
2013-03-04,79.68809843635407,79.71782793512105,79.56175231933594,79.56175231933594,572600
2013-03-05,79.50230669657367,79.53203620034209,79.39082247502286,79.48001098632812,224700
2013-03-06,79.24213198221587,79.36104425396992,79.22726440429688,79.22726440429688,1091700
2013-03-07,79.08609394643521,79.10095586108362,78.90771694872073,78.9225845336914,804500
2013-03-08,78.51379118497688,78.66243297523287,78.46176599135521,78.52122497558594,1651900
2013-03-11,78.59556630752452,78.63272959991231,78.52124539307123,78.55840301513672,1465800
2013-03-12,78.6773472742184,78.81856102803741,78.66991347919524,78.77396392822266,525300
2013-03-13,78.63274084249873,78.78881648626239,78.57328183430597,78.70706176757812,1116500
2013-03-14,78.55100634640597,78.78883677008224,78.52871063017454,78.72937774658203,557400
2013-03-15,78.77391609408822,79.01918014800216,78.77391609408822,79.00431823730469,1184700
2013-03-18,79.28679156534355,79.29422536069643,79.14557780526117,79.26449584960938,1442000
2013-03-19,79.353638576788,79.60633645805531,79.33134287233062,79.50971984863281,545300
2013-03-20,79.30157261444808,79.39819484452732,79.19752226691556,79.2049560546875,742800
2013-03-21,79.41311645507812,79.42055024843904,79.28677031955738,79.41311645507812,669700
2013-03-22,79.46514391595693,79.48743962634744,79.28677256250971,79.4428482055664,297000
2013-03-25,79.30905753333158,79.61378065493304,79.28676182596021,79.5022964477539,319500
2013-03-26,79.33876609436709,79.61375964345697,79.32390418348261,79.58403015136719,546300
2013-03-27,79.86645958913857,80.01510706404605,79.86645958913857,79.92591857910156,623700
2013-03-28,79.84416023428446,79.94821062680087,79.76240554440426,79.77726745605469,378400
2013-04-01,79.79590244585012,80.0414983572285,79.79590244585012,79.9894027709961,2471100
2013-04-02,79.87027476181541,79.8926006167518,79.79585335269758,79.83306121826172,984900
2013-04-03,79.93728349295917,80.24241307103102,79.93728349295917,80.1679916381836,1234000
2013-04-04,80.30941685990027,80.49547332856504,80.28708531414652,80.48802947998047,584800
2013-04-05,80.770774638584,80.89729158272196,80.69635324073748,80.74100494384766,663800
2013-04-08,80.69638641982034,80.75592583377325,80.4731164564925,80.48056030273438,858200
2013-04-09,80.61452133586387,80.65917305743866,80.4656784786205,80.51033020019531,507800
2013-04-10,80.33169406731773,80.35401992155492,80.16051972151692,80.17540740966797,340900
2013-04-11,80.26472473144531,80.35403384185513,80.22007301523558,80.26472473144531,1132200
2013-04-12,80.56244555834155,80.71128845214844,80.47313641526195,80.71128845214844,827700
2013-04-15,80.67405883625356,80.88988494873047,80.64428912991286,80.88988494873047,587300
2013-04-16,80.63682331574635,80.75590210866824,80.62194130562581,80.65914916992188,1226700
2013-04-17,80.70384564891744,80.97920555445126,80.67407593626662,80.80803680419922,988300
2013-04-18,80.86760986948333,80.94203134307277,80.8006265686567,80.85272216796875,705600
2013-04-19,80.80803680419922,80.80803680419922,80.74105353123686,80.80803680419922,750500
2013-04-22,80.84527831721147,80.93458749231549,80.80807041941398,80.85272216796875,379900
2013-04-23,80.94941810900406,81.15036220588016,80.77824939624828,80.80057525634766,449800
2013-04-24,80.79311879286657,80.8898717421751,80.78568062598896,80.83777618408203,279400
2013-04-25,80.72614826253414,80.77824382517007,80.66660885438152,80.74847412109375,293300
2013-04-26,80.95681580458346,81.06100687764568,80.93448995721121,81.03868103027344,433300
2013-04-29,81.0907992696057,81.11312512322846,80.994052011244,81.0089340209961,810000
2013-04-30,81.12801750914369,81.22476477310809,80.96428700244275,80.99405670166016,752700
2013-05-01,81.1618166464439,81.34810433008982,81.1618166464439,81.2586898803711,803600
2013-05-02,81.2139769704628,81.2661372944817,81.16926974560344,81.2586898803711,921300
2013-05-03,80.82646771112218,80.84882131432053,80.51350589625213,80.56566619873047,879500
2013-05-06,80.58796257034263,80.61776924845466,80.39422200513575,80.46128845214844,434000
2013-05-07,80.33460401215416,80.43147713168756,80.33460401215416,80.3495101928711,544000
2013-05-08,80.42408041929285,80.5433015233922,80.4017268175896,80.4464340209961,1114400
2013-05-09,80.50597898628263,80.65500666099632,80.40911156622286,80.43146514892578,587300
2013-05-10,80.2899208968352,80.2899208968352,79.7906717090334,79.97695922851562,529700
2013-05-13,79.80558912134931,79.85774941045624,79.78323552388136,79.83539581298828,417600
2013-05-14,79.93969654425148,79.96950322849023,79.48515455843703,79.51496124267578,876900
2013-05-15,79.75345477262289,79.82796868343394,79.52991304018971,79.72364807128906,768200
2013-05-16,79.90988185091139,80.19304248027741,79.8949813528073,80.10362243652344,697900
2013-05-17,79.976969684013,80.00677637323209,79.65655488121357,79.67145538330078,365800
2013-05-20,79.79811918468025,79.8204784624741,79.52987038663736,79.61183166503906,1440000
2013-05-21,79.58200972350232,79.83535795472714,79.41807583974865,79.8204574584961,530600
2013-05-22,79.88009313254382,80.0514801670185,79.14984917532513,79.18710327148438,1797400
2013-05-23,79.44046052781712,79.46281412343642,79.08278594277449,79.26907348632812,950100
2013-05-24,79.35850254525839,79.49262981921557,79.25418196385229,79.29888916015625,349800
2013-05-28,79.04549784815656,79.09765811051601,78.35250825678537,78.3674087524414,1157000
2013-05-29,78.42704954908905,78.68785095214844,78.38234236143435,78.68785095214844,1588400
2013-05-30,78.6655591955468,78.79968654898958,78.54633803973582,78.69536590576172,578000
2013-05-31,78.7697950170678,78.79960169518598,78.11406515359553,78.47918701171875,1639400
2013-06-03,78.33146736155892,78.9731563496033,77.76438714985001,78.59262084960938,3269200
2013-06-04,78.41354283007144,78.58516124008625,78.35385466776654,78.39115905761719,1235100
2013-06-05,78.56275998588174,78.8015296601284,78.53291306501116,78.77168273925781,1298900
2013-06-06,78.70456378572689,79.33879545993206,78.5702554329653,78.86871337890625,2471900
2013-06-07,78.60754548074605,78.75678011919551,78.25685119628906,78.25685119628906,652300
2013-06-10,78.10759559386165,78.20459380621054,77.9509035465054,78.06282806396484,694600
2013-06-11,77.78677489379189,78.25685119628906,77.74200734861674,78.25685119628906,756100
2013-06-12,77.96584660674091,78.30907771777983,77.90615844726562,77.90615844726562,528700
2013-06-13,78.10015889890218,78.58516151038339,78.09270143653801,78.49562072753906,1180100
2013-06-14,78.6523187905055,78.82393150897995,78.54785169713574,78.60008239746094,599700
2013-06-17,78.68961585793018,78.70454216675944,78.36130537631263,78.41353607177734,478400
2013-06-18,78.23447370442983,78.43593905933055,78.1897061556607,78.36878204345703,429000
2013-06-19,78.41353024954785,80.2789202243802,77.21222434305677,77.29429626464844,1281500
2013-06-20,77.0182103351936,77.17490238583144,76.71228369391193,76.94359588623047,1982500
2013-06-21,76.78696958116824,76.85412093491527,76.12288504646482,76.1303482055664,1777200
2013-06-24,75.55577267254411,76.25715557627127,75.54830951714882,75.94377136230469,2731500
2013-06-25,76.15266769932809,76.19744092341604,75.7795897573283,75.85420989990234,772000
2013-06-26,76.286978500024,76.33920918591642,75.92882685182398,76.1601333618164,1015300
2013-06-27,76.47356792396833,76.60041883857262,76.27210820054998,76.57057189941406,949000
2013-06-28,76.20493059385988,76.52577798730444,76.08554856217262,76.48101043701172,1017700
2013-07-01,76.36816785522927,76.56990674365137,76.23367716309751,76.5101318359375,1127100
2013-07-02,76.5251229931046,76.63719959359527,76.42051968610069,76.54006958007812,385400
2013-07-03,76.54749936543064,76.69693665909365,76.38312689307614,76.39059448242188,1233200
2013-07-05,75.38193114930866,75.41181861366026,75.05317474189195,75.10547637939453,924100
2013-07-08,75.35944193999096,75.60600900004414,75.34449537247212,75.54623413085938,1137200
2013-07-09,75.67333221435547,75.75552132208891,75.61355728137634,75.67333221435547,558400
2013-07-10,75.64342900367349,75.74803226438948,75.38939414206331,75.40433502197266,1005500
2013-07-11,75.95724808243901,76.15898132324219,75.88999986853766,76.15898132324219,818700
2013-07-12,76.3682017796298,76.44291759723805,75.97220281589973,76.0992202758789,1919500
2013-07-15,76.18882531323091,76.3382568359375,76.16641115486964,76.3382568359375,563700
2013-07-16,76.33085828823987,76.4504024744385,76.28602423051956,76.37568664550781,713300
2013-07-17,76.81647916865381,76.8463666267542,76.59979937276334,76.71187591552734,696300
2013-07-18,76.68944958251795,76.68944958251795,76.35322570800781,76.35322570800781,717800
2013-07-19,76.54743066802507,76.77905684021763,76.5399630853811,76.7715835571289,459500
2013-07-22,76.7641830444336,76.85384542516162,76.71188141412145,76.7641830444336,450300
2013-07-23,76.59238666211182,76.69698999018671,76.50272422356741,76.67457580566406,13316500
2013-07-24,76.21128295607639,76.29347205059446,75.94977479190543,76.15898132324219,837400
2013-07-25,75.9273067084979,76.2784713079253,75.91236013804355,76.27100372314453,712300
2013-07-26,76.34573012220699,76.39055843892953,76.25606778831471,76.3382568359375,544900
2013-07-29,76.241148502377,76.27850354340637,76.09918452529844,76.1813735961914,420300
2013-07-30,76.256111298377,76.28599876006088,76.06931893819053,76.15898132324219,306800
2013-07-31,75.62846687420125,76.27103283831292,75.56869197045863,76.21125793457031,930500
2013-08-01,75.93514390387816,75.9650727179563,75.46377792590705,75.5385971069336,1177300
2013-08-02,75.92770427382618,76.18209075927734,75.88280817589795,76.18209075927734,4360000
2013-08-05,76.0249526771141,76.05488149998331,75.87531427110733,75.9426498413086,390400
2013-08-06,75.89777519464879,76.01000116824846,75.86036273122193,75.9651107788086,257000
2013-08-07,76.05486963868522,76.2868108443246,76.03990237541521,76.2419204711914,493200
2013-08-08,76.34671863395671,76.42902151099241,76.264415756921,76.35420227050781,804900
2013-08-09,76.24193424132301,76.41401784163939,76.22696697534975,76.40653991699219,557600
2013-08-12,76.51877470341866,76.51877470341866,76.22697577498873,76.25690460205078,400400
2013-08-13,75.793005781073,75.793005781073,75.50868483919577,75.56854248046875,566500
2013-08-14,75.5685896857284,75.68082140613807,75.54614448331495,75.63592529296875,1672300
2013-08-15,75.21685028076172,75.46375865259321,75.04476677918424,75.21685028076172,15452300
2013-08-16,75.23937699707498,75.23937699707498,74.70815295092194,74.92513275146484,1066900
2013-08-19,74.71562525633928,74.7605156536634,74.52857432303348,74.6033935546875,892200
2013-08-20,74.8727312707081,75.02236970186993,74.85776971092801,75.00740814208984,1221100
2013-08-21,74.82034124269677,75.00739209580351,74.5060971794788,74.53602600097656,945100
2013-08-22,74.47617469158203,74.63329673655298,74.31905264661108,74.506103515625,755100
2013-08-23,74.44628274624682,74.97750679239986,74.37894714004851,74.92513275146484,991100
2013-08-26,75.08973533937969,75.11218054049773,74.93261322321125,75.07476806640625,512600
2013-08-27,75.32910093210373,75.54608055238526,75.21686930667016,75.50119018554688,532500
2013-08-28,75.28422921327805,75.30667440225695,75.04480435027143,75.19444274902344,761700
2013-08-29,74.97749573824629,75.36656487783829,74.94008897643188,75.26929473876953,470900
2013-08-30,75.32166508239438,75.35907755071764,75.12713623046875,75.12713623046875,1038200
2013-09-03,74.80565806095224,74.87309505539783,74.38602913340894,74.70075225830078,796000
2013-09-04,74.74574501543923,74.77571893255593,74.40105354400737,74.45350646972656,824400
2013-09-05,74.20620743864127,74.2661552579273,73.88399505615234,73.88399505615234,1722700
2013-09-06,74.41600682578986,74.62581844177622,74.21369011521382,74.33358001708984,1033900
2013-09-09,74.62584368076466,74.6558175956055,74.44600590865934,74.48347473144531,764300
2013-09-10,74.22125898312471,74.38610704786036,74.13883209228516,74.13883209228516,1895300
2013-09-11,74.37853278274606,74.52839656726285,74.18370528932468,74.51341247558594,885300
2013-09-12,74.72324989688221,74.79818181504896,74.49095923548364,74.52092742919922,796800
2013-09-13,74.53588223464558,74.70073580734659,74.52089242788938,74.6183090209961,1166500
2013-09-16,75.2926944394395,75.30767852667988,74.7531758278223,74.78314971923828,1855200
2013-09-17,74.97052087579505,74.97801006480586,74.78318824563758,74.93305206298828,943300
2013-09-18,74.85813566143266,76.0495686919133,74.62583926439844,75.86223602294922,1341800
2013-09-19,75.85472038211975,75.85472038211975,74.9330414567493,75.59994506835938,1592800
2013-09-20,75.65238672826912,75.79476131530289,75.55497584694612,75.67486572265625,300600
2013-09-23,75.7498611866703,75.96716784302608,75.7498611866703,75.95967864990234,2003200
2013-09-24,76.02708865789859,76.28186405705175,75.98962555477617,76.23690032958984,1149800
2013-09-25,76.20695352712218,76.46172901691028,76.18447451386409,76.44673919677734,569900
2013-09-26,76.25937563045413,76.33431326693734,76.18444371090993,76.2818603515625,568100
2013-09-27,76.3118268915085,76.54412326908043,76.3118268915085,76.38676452636719,2349400
2013-09-30,76.4766608308993,76.51412963867188,76.31180722379983,76.51412963867188,3785200
2013-10-01,76.43385435763352,76.4638732500969,76.2912717753304,76.34380340576172,1937000
2013-10-02,76.44884652089426,76.65897298724722,76.44134036837687,76.47135925292969,799900
2013-10-03,76.41882117917659,76.75652358220658,76.38129614527712,76.576416015625,651800
2013-10-04,76.48635703032205,76.51637591142027,76.27623058815067,76.36628723144531,1160900
2013-10-07,76.59142510284134,76.60643740709942,76.4038113782308,76.43383026123047,454400
2013-10-08,76.3963394165039,76.54642816190804,76.3212893182832,76.3963394165039,818100
2013-10-09,76.38882171439964,76.41884060404644,76.20120794824545,76.26124572753906,506500
2013-10-10,75.99858280595554,76.15618340991224,75.93855075144394,76.09614562988281,649100
2013-10-11,76.3137729617562,76.41883620671551,76.17118467551822,76.20870971679688,850100
2013-10-14,76.20868696629472,76.31375017988964,75.89349159999428,75.95352935791016,183200
2013-10-15,76.10365667491476,76.14117599570612,75.92354332325066,75.96857452392578,368100
2013-10-16,75.89348665568113,76.34376408519971,75.7959295995603,76.33625793457031,2339600
2013-10-17,76.62141290906183,76.85405772657202,76.5763874655824,76.7715072631836,2950500
2013-10-18,76.86911703802917,76.89162977521457,76.75654762658414,76.77906036376953,582600
2013-10-21,76.75654324273275,76.76404939653854,76.62896725562315,76.72652435302734,321700
2013-10-22,77.10925728675748,77.27435831576574,77.08674455107776,77.25934600830078,484700
2013-10-23,77.31188154918584,77.52951421430896,77.31188154918584,77.3944320678711,280800
2013-10-24,77.45444136193315,77.46945366463694,77.22930835101948,77.23680877685547,591200
2013-10-25,77.30435664734729,77.40191371785495,77.28184391765447,77.37189483642578,552800
2013-10-28,77.29689025878906,77.38694694940367,77.26687136191752,77.29689025878906,600800
2013-10-29,77.2293226987525,77.40192413330078,77.20680424051332,77.40192413330078,274700
2013-10-30,77.44694080127567,77.59703521156896,77.11674454966308,77.19929504394531,1753100
2013-10-31,77.37938656911273,77.39439314427285,76.96663418327007,77.10922241210938,893000
2013-11-01,76.95216787021438,76.98223387186707,76.65903152223011,76.68157958984375,680100
2013-11-04,76.8243759883934,76.90705604244191,76.79430999287555,76.83189392089844,437000
2013-11-05,76.61392884415996,76.65902497553603,76.4185027173587,76.48615264892578,656900
2013-11-06,76.60642353517599,76.749235620739,76.60642353517599,76.71916961669922,692700
2013-11-07,76.78680785663703,76.9822282513565,76.76425405616658,76.9220962524414,415000
2013-11-08,76.16295213106226,76.21556619708166,76.03517593280128,76.05772399902344,2497700
2013-11-11,76.10279111828036,76.11030904898934,76.02011108398438,76.02011108398438,144000
2013-11-12,75.98250622943827,76.10277014964184,75.8998319524225,75.95244598388672,1052100
2013-11-13,76.18547791734694,76.30573614686412,76.1554119263423,76.26815795898438,1122700
2013-11-14,76.32826257109038,76.65897688455063,76.32826257109038,76.63642883300781,694100
2013-11-15,76.64395146798887,76.65898159177388,76.50865741592492,76.57630157470703,359200
2013-11-18,76.62143746414976,76.8694718910723,76.62143746414976,76.846923828125,2853000
2013-11-19,76.69656571992711,76.74166182590942,76.53872361448931,76.56127166748047,559100
2013-11-20,76.57635407962104,76.74923216143172,76.1103453742685,76.14041137695312,1562700
2013-11-21,75.98255383506225,76.2456298917087,75.88484363955264,76.20804595947266,804800
2013-11-22,76.28321331973976,76.44857345771145,76.25314731879006,76.426025390625,807900
2013-11-25,76.38843671827367,76.54627891259288,76.37340658598264,76.48615264892578,487400
2013-11-26,76.55376573747385,76.72664372833609,76.52369975060648,76.65148162841797,425400
2013-11-27,76.62141918833997,76.62893138452907,76.29069905199056,76.47860717773438,476900
2013-11-29,76.33580155241364,76.49364370310141,76.32828935559617,76.43351745605469,652100
2013-12-02,76.26338853824103,76.28597302483796,76.04506226152802,76.10528564453125,2912200
2013-12-03,76.30100517120671,76.36876435499207,76.21066725117822,76.24077606201172,477200
2013-12-04,75.86438616455847,75.98484443601207,75.81921718464663,75.89450073242188,943600
2013-12-05,75.77406568678674,75.87193374709732,75.66866754683139,75.70630645751953,374100
2013-12-06,75.66111204051849,75.89449273716575,75.63099747582757,75.77404022216797,415600
2013-12-09,75.8192032817887,75.92460137810065,75.77403431015942,75.86437225341797,540900
2013-12-10,76.11283617618291,76.21070996942679,76.01496812670625,76.18059539794922,334700
2013-12-11,76.06012209211347,76.1203512231749,75.88697052001953,75.88697052001953,371700
2013-12-12,75.74388548966678,75.80411458710847,75.64601751414618,75.6686019897461,1156200
2013-12-13,75.78157043457031,75.82673940980438,75.69875681746392,75.78157043457031,434000
2013-12-16,75.93212343008301,75.93965350581392,75.67615254911551,75.74391174316406,572400
2013-12-17,75.73635390254083,75.98479461669922,75.73635390254083,75.98479461669922,694800
2013-12-18,75.77402161950663,76.06763137345399,75.3975982689316,75.69873809814453,1997700
2013-12-19,75.36749869082728,75.45031230391405,75.2846850777405,75.38255310058594,978700
2013-12-20,75.48045408511915,75.63102121206222,75.42022493683484,75.615966796875,510500
2013-12-23,75.49545246339441,75.57073597098635,75.35993985222353,75.375,5238400
2013-12-24,75.16418294304745,75.21688770584734,75.05878490497223,75.08137512207031,770600
2013-12-26,75.02411540213173,75.07690126297572,74.9788720223304,75.0165786743164,787500
2013-12-27,75.00899722077364,75.10702641048583,74.941126433108,74.9712905883789,640400
2013-12-30,75.0693169560634,75.18242533387837,75.06177447980117,75.17488861083984,1328000
2013-12-31,75.03915499333301,75.12964169822473,74.79030504843304,74.8355484008789,1553600
2014-01-02,74.94872040428702,75.16740636533261,74.94117792198108,75.12969970703125,1161800
2014-01-03,75.03917588544594,75.21261262025857,75.01655420292477,75.08441925048828,637500
2014-01-06,75.15232824459116,75.38609342041282,75.15232824459116,75.29560089111328,666200
2014-01-07,75.3483431932207,75.4463781482493,75.29555735329185,75.41621398925781,1055700
2014-01-08,75.16738671394171,75.21263008949249,75.00148666595312,75.0467300415039,1216700
2014-01-09,75.15985544458977,75.28051213502494,75.03166202592313,75.24280548095703,806100
2014-01-10,75.63492074706885,75.91392922676788,75.62737826692852,75.87622833251953,713300
2014-01-13,75.9515932448809,76.14011486999102,75.93650829306698,76.0948715209961,581600
2014-01-14,75.9365429922542,75.99687132063008,75.79327040389406,75.808349609375,366700
2014-01-15,75.60477312710238,75.77820993570295,75.5821514349569,75.74050903320312,997300
2014-01-16,75.92145022108463,75.98931526346178,75.86866438149404,75.95161437988281,333300
2014-01-17,75.93654992722787,76.13261413574219,75.8686848665267,76.13261413574219,754400
2014-01-21,76.01193596058276,76.10242267573251,75.99685100590813,76.04963684082031,1927100
2014-01-22,75.87619998055348,75.95914997142198,75.82341414574847,75.83849334716797,1150900
2014-01-23,76.08732059961012,76.44927885784008,76.08732059961012,76.35124969482422,1080200
2014-01-24,76.61522755857168,76.7283417437286,76.50211337341474,76.66047668457031,564300
2014-01-27,76.53224555031883,76.6830663185627,76.41159468894779,76.42667388916016,758600
2014-01-28,76.53228295904819,76.54736791985808,76.39654707789347,76.53982543945312,452700
2014-01-29,76.77354957168188,77.01485703678982,76.63027703982715,76.90174865722656,1420200
2014-01-30,76.72076805933261,76.848967152089,76.64536055097386,76.82633972167969,685400
2014-01-31,77.07521250524317,77.12799835205078,76.95456160677969,77.12799835205078,670500
2014-02-03,77.01847224644943,77.55479085446704,76.94293546954732,77.5472412109375,4629800
2014-02-04,77.29041174709687,77.34328806894275,77.22998001839103,77.31307220458984,2617300
2014-02-05,77.2073033155525,77.23751917354762,77.0335693359375,77.0335693359375,817600
2014-02-06,76.94296728438658,76.95807234077806,76.82965919063878,76.89009094238281,885900
2014-02-07,76.95808659072507,77.20736329050975,76.94298153153666,77.09405517578125,1065800
2014-02-10,77.01093430959703,77.15445825242979,77.01093430959703,77.13179779052734,589300
2014-02-11,76.85988203932823,76.912758386129,76.7541293457267,76.79190063476562,625800
2014-02-12,76.68612487167175,76.68612487167175,76.50483540399502,76.61058807373047,743500
2014-02-13,76.89005997623269,76.98825721095272,76.84473906222142,76.97315216064453,941400
2014-02-14,76.93540840043595,76.97317968434257,76.83721113060302,76.92030334472656,463400
2014-02-18,77.03357120591274,77.17708933101646,76.99579994173052,77.1091079711914,1003600
2014-02-19,77.26772361828327,77.28282866350685,76.9202499472932,76.95801544189453,907200
2014-02-20,76.86741220817035,77.00338073573603,76.72388827266,76.87496185302734,842900
2014-02-21,76.79186274151267,76.980707567342,76.77675192811776,76.97315216064453,405000
2014-02-24,76.97316557505816,76.98072098307233,76.78432071631812,76.89762878417969,1531100
2014-02-25,77.04113909992859,77.17710761487649,77.01092323404158,77.16200256347656,402600
2014-02-26,77.1620537457709,77.38866424560547,77.13183785984144,77.38866424560547,486000
2014-02-27,77.43394238674223,77.53213963210199,77.41128192728131,77.47926330566406,559400
2014-02-28,77.33573753056442,77.47170604716868,77.16955891079228,77.40372467041016,609900
2014-03-03,77.62767369749572,77.80169539152014,77.49905222981229,77.78656005859375,2540500
2014-03-04,77.50662893452325,77.50662893452325,77.17372084057952,77.18885040283203,1080200
2014-03-05,77.08288252189318,77.27960135446874,77.02992042532694,77.27203369140625,614700
2014-03-06,76.9391860961914,77.02997502755407,76.87865629365649,76.9391860961914,534700
2014-03-07,76.54571717020677,76.69704161529533,76.53058761191659,76.60624694824219,645100
2014-03-10,76.62894623351968,76.74243812728015,76.60624900925508,76.6894760131836,1013900
2014-03-11,76.65924296413885,76.8256970411334,76.59115126306287,76.76516723632812,1571000
2014-03-12,76.99966684953822,77.11315872239449,76.93914285345978,77.06776428222656,819000
2014-03-13,76.86348024965754,77.52929618004391,76.85591835767525,77.521728515625,1638900
2014-03-14,77.62765342358117,77.63522108806794,77.39310777642172,77.529296875,1314400
2014-03-17,77.37045598613379,77.42341812376631,77.20400190430588,77.21913146972656,1085400
2014-03-18,77.23427867268299,77.40829467773438,77.21914333249707,77.40829467773438,861200
2014-03-19,77.29476226494778,77.34015671347696,76.57598411942313,76.6894760131836,1355500
2014-03-20,76.65924877868459,76.76517305890812,76.59115707244388,76.70464324951172,1748100
2014-03-21,76.69705471459059,76.87107064061641,76.68948704793434,76.84837341308594,466500
2014-03-24,76.65924588791732,76.95432148204728,76.65167821891805,76.878662109375,1222600
2014-03-25,76.81810899032504,76.95429812878197,76.75757920158011,76.83324432373047,739400
2014-03-26,76.86348811775981,77.1585693359375,76.85592622500344,77.1585693359375,830000
2014-03-27,77.05266354262785,77.31747995564673,77.05266354262785,77.2342529296875,303600
2014-03-28,77.15860251749231,77.19642931485298,76.90135374221717,76.96188354492188,661600
2014-03-31,76.7576052013237,76.99215676904929,76.70464306134186,76.9694595336914,1982900
2014-04-01,76.86332582280477,76.87848369724507,76.75720335199992,76.81026458740234,2562600
2014-04-02,76.59800882864323,76.62074852871284,76.45398301721553,76.47672271728516,806800
2014-04-03,76.53737461429026,76.65107891101314,76.49189520889742,76.52979278564453,298000
2014-04-04,76.74960760217553,77.03765343022228,76.74960760217553,76.999755859375,731900
2014-04-07,77.12102809569369,77.25747205956405,77.1058702255922,77.18167114257812,1751700
2014-04-08,77.16650047130834,77.31810228013093,77.06037804848488,77.28778076171875,666100
2014-04-09,77.10585390966281,77.37115995459327,77.03762905054468,77.2650375366211,1350500
2014-04-10,77.31811548887828,77.76534494957477,77.31811548887828,77.59100341796875,1056600
2014-04-11,77.78810935317314,77.81084905558934,77.65166535543524,77.75020599365234,918500
2014-04-14,77.65167647325009,77.71989559026599,77.54555399128655,77.62893676757812,1468600
2014-04-15,77.56824683110112,77.87903225958087,77.51518562217834,77.7198486328125,614300
2014-04-16,77.5303316699185,77.64403589548738,77.50759198145215,77.59855651855469,1405500
2014-04-17,77.5531191428347,77.5531191428347,77.05282833860886,77.15895080566406,584600
2014-04-21,77.22712050419935,77.28776352750106,77.09825841711097,77.14373779296875,1021100
2014-04-22,77.02250739102374,77.12862985888283,76.95428249983388,77.11347198486328,482800
2014-04-23,77.22714887434887,77.37117466179046,77.19682735155911,77.31053161621094,306400
2014-04-24,77.13617895289616,77.3484237985431,77.12859712748354,77.28778076171875,345700
2014-04-25,77.41665296500553,77.57583661998251,77.37875539948094,77.39391326904297,388900
2014-04-28,77.37122280368018,77.44702376619988,77.17413567453484,77.28025817871094,574900
2014-04-29,77.15894449090757,77.34844970703125,77.13620479029116,77.34844970703125,760100
2014-04-30,77.4545447316329,77.59098867024422,77.31810079302156,77.55308532714844,544700
2014-05-01,77.60168869024842,77.92825699832537,77.54852667703706,77.7763671875,21829500
2014-05-02,77.54859506892552,78.02705360979142,77.46505386102719,77.89035034179688,1343700
2014-05-05,78.00420497902725,78.00420497902725,77.78396068869,77.84471893310547,929400
2014-05-06,77.85995470600638,77.95868836401245,77.806792657168,77.93590545654297,566300
2014-05-07,77.8902961320292,78.04978220131939,77.78397208583576,77.99662017822266,1107600
2014-05-08,78.07254109766312,78.20924421834643,77.95862086472309,78.08013153076172,1444300
2014-05-09,77.95108518671702,78.07260174136864,77.95108518671702,78.01943969726562,354500
2014-05-12,77.87511219832096,77.92827422328305,77.77638437888454,77.8143539428711,759600
2014-05-13,78.01182474102292,78.11814880371094,77.98144560965108,78.11814880371094,603700
2014-05-14,78.3080153280468,78.58901795222735,78.27763619617106,78.47509765625,635400
2014-05-15,78.60418317433734,78.9003723865287,78.4750762447617,78.75607299804688,1347300
2014-05-16,78.62700461160716,78.73332869916922,78.57384256782613,78.58903503417969,452600
2014-05-19,78.68773395235802,78.78646177043765,78.49027252197266,78.49027252197266,325400
2014-05-20,78.52067054114889,78.80167319068171,78.52067054114889,78.71813201904297,34764400
2014-05-21,78.53584330439456,78.61178822477108,78.4371096931017,78.59659576416016,881700
2014-05-22,78.55102925099625,78.58900460794953,78.43710897436237,78.51305389404297,678800
2014-05-23,78.6270110899383,78.69536560570485,78.58144527557975,78.67257690429688,486800
2014-05-27,78.6042132413506,78.71053731746254,78.48269670052122,78.69535064697266,997000
2014-05-28,78.9535563027637,79.18139689574711,78.93836963387072,79.12823486328125,968200
2014-05-29,79.21935280653831,79.3864351066885,79.02948760986328,79.02948760986328,753100
2014-05-30,78.91558034244493,79.05987396503697,78.80925049189733,78.96874237060547,902400
2014-06-02,78.75953727924686,78.87364962261304,78.53131839650938,78.60739135742188,2032800
2014-06-03,78.4932836072182,78.4932836072182,78.2042040172368,78.21180725097656,1563600
2014-06-04,78.28788122166074,78.29548445493444,78.10529915118421,78.15094757080078,1566600
2014-06-05,78.11289926200006,78.35633619082148,78.11289926200006,78.26504516601562,1585800
2014-06-06,78.43241197951177,78.5084849342709,78.18136600521167,78.20419311523438,940600
2014-06-09,78.12052586846556,78.13573814069083,78.0140225509022,78.09009552001953,816500
2014-06-10,77.99879050067771,78.02161180692477,77.89989623894229,77.9531478881836,1207100
2014-06-11,78.02924677091792,78.12814106551353,77.95317379015233,78.05967712402344,814800
2014-06-12,78.0900701349381,78.40197094812686,78.0216004221934,78.36393737792969,1319500
2014-06-13,78.00640966409416,78.3107073295455,77.99880062635918,78.21180725097656,752900
2014-06-16,78.21941628871153,78.31831056328524,78.15855559482222,78.21180725097656,1401000
2014-06-17,78.06723317879607,78.0976635112484,77.86943891985209,77.88465118408203,33268500
2014-06-18,78.07490122733134,78.29551696777344,77.91514620232098,78.29551696777344,1472200
2014-06-19,78.41721962930703,78.47808033017164,78.02163087768302,78.09770965576172,1055000
2014-06-20,78.02920991839424,78.1965738794318,77.99877957966072,78.18896484375,577000
2014-06-23,78.29549717211908,78.32592752214117,78.1357421875,78.1357421875,764200
2014-06-24,78.34108609499975,78.45519256591797,78.19654349318147,78.45519256591797,443800
2014-06-25,78.66059742719165,78.71384904937094,78.50844578954259,78.5312728881836,977500
2014-06-26,78.67585653282481,78.8280082610655,78.66064426199823,78.7367172241211,822300
2014-06-27,78.8280082610655,78.91169026059914,78.7367172241211,78.7367172241211,933200
2014-06-30,78.82040584384555,78.8736575022037,78.68347217892524,78.7975845336914,1268900
2014-07-01,78.60855382937868,78.70001439191688,78.52471643407856,78.53996276855469,17393000
2014-07-02,78.37991553580312,78.38753870403376,78.19700020168328,78.21986389160156,1779100
2014-07-03,77.90738597284692,78.09030131213538,77.89213963595483,78.059814453125,1079900
2014-07-07,78.15124254505061,78.30367096196882,78.15124254505061,78.25032043457031,1031000
2014-07-08,78.49422677998906,78.6466610454487,78.46373992689715,78.60855102539062,491500
2014-07-09,78.53999527264014,78.71528748825096,78.34945671624341,78.62383270263672,1113900
2014-07-10,78.89816683694099,78.98962739555523,78.76097890640592,78.79146575927734,728600
2014-07-11,78.88295624993646,78.99728053789133,78.85246938549683,78.92106628417969,688600
2014-07-14,78.86006704882944,78.86006704882944,78.72287911061058,78.74574279785156,974800
2014-07-15,78.72291245244283,78.9286915395391,78.60096498247806,78.67718505859375,933500
2014-07-16,78.7000110154357,78.82195261214875,78.65427782874228,78.79146575927734,15784300
2014-07-17,79.03537128218277,79.3021298468546,78.9134296599896,79.248779296875,1367400
2014-07-18,79.17255963864592,79.2106696665828,78.98202112850932,79.0887222290039,386900
2014-07-21,79.14203803807646,79.29447226813564,79.11155700683594,79.11155700683594,339600
2014-07-22,79.14206596037559,79.21066284179688,79.02012434807705,79.21066284179688,484200
2014-07-23,79.28687848056359,79.30212481660428,79.18017738737258,79.20304107666016,523600
2014-07-24,78.96680252079892,78.99728938865425,78.87534191723292,78.88296508789062,600900
2014-07-25,79.08872143005587,79.21066886640286,79.03537088034751,79.18780517578125,781400
2014-07-28,79.09632873535156,79.18778929426892,78.98962765733431,79.09632873535156,1448000
2014-07-29,79.18780055539294,79.22590476594773,79.05061260489401,79.20304107666016,465700
2014-07-30,78.875317826782,78.8829409951114,78.57807822444607,78.64667510986328,1067500
2014-07-31,78.44853467225062,78.73053382903686,78.41042463506115,78.62383270263672,1506500
2014-08-01,78.85745647697604,79.16289952861806,78.68946833312249,79.08654022216797,3466800
2014-08-04,79.16293015347118,79.23928948946153,79.10184035434133,79.13238525390625,1672600
2014-08-05,79.03306030481521,79.23923094224097,78.92615614824784,79.1705093383789,1013000
2014-08-06,79.40726707116626,79.40726707116626,79.21636585782267,79.23927307128906,1139100
2014-08-07,79.2774091907766,79.5981216430664,79.17814271530764,79.5981216430664,1386100
2014-08-08,79.7280189568036,79.85019275511686,79.49893507442916,79.52947998046875,913900
2014-08-11,79.55235412994307,79.5905367030796,79.42254270262723,79.49126434326172,419800
2014-08-12,79.52180339001,79.5676178137313,79.37671661376953,79.37671661376953,416300
2014-08-13,79.49889581329262,79.67452165397974,79.46071324313858,79.63634490966797,732400
2014-08-14,79.78903895889579,79.83485919413376,79.6515899048628,79.79667663574219,638800
2014-08-15,79.78905847780673,80.35413018586577,79.75851358878934,80.1174087524414,1570700
2014-08-18,79.94176734226059,79.97994407671028,79.82722548723,79.86540222167969,13822300
2014-08-19,80.03343357209049,80.03343357209049,79.74326578612138,79.78144836425781,769900
2014-08-20,79.72799288705372,79.76616963773618,79.5065467600597,79.54472351074219,1052200
2014-08-21,79.55998888428611,79.75089009126378,79.55998888428611,79.71270751953125,630300
2014-08-22,79.68982253090466,79.7661818698225,79.46837636995205,79.72036743164062,1393400
2014-08-25,79.72035856957692,79.7967179000063,79.64399923914752,79.78144836425781,837500
2014-08-26,79.88069330580821,79.89596283742674,79.74324421787392,79.76615142822266,590200
2014-08-27,79.90359761903112,79.99523228294547,79.82723831202333,79.98759460449219,881300
2014-08-28,80.19377947350372,80.20905483310702,80.03342315272536,80.09451293945312,938400
2014-08-29,80.07923512279153,80.20904653677911,80.0334148745637,80.10214233398438,1407100
2014-09-02,79.78162418301375,79.78926922582247,79.59039306640625,79.59039306640625,2058600
2014-09-03,79.49863491956454,79.7357597407349,79.4527412989285,79.70516204833984,1456900
2014-09-04,79.6133273389574,79.67452268726083,79.37619682325902,79.4220962524414,1994400
2014-09-05,79.68984399466183,79.73573760255577,79.4068197955224,79.445068359375,1098400
2014-09-08,79.65160831608137,79.68985688612146,79.29974364817973,79.3609390258789,1340900
2014-09-09,79.19265646148544,79.28444953012793,79.13911196375545,79.17736053466797,1205900
2014-09-10,79.03961940921086,79.07786211787021,78.96312815598358,78.97842407226562,1311800
2014-09-11,79.09316802799896,79.13906161516624,78.86368842034486,78.87899017333984,1224800
2014-09-12,78.69544539279008,78.74134483991958,78.54246279812351,78.5807113647461,2178400
2014-09-15,78.68778571878211,78.76427700189434,78.65718803835505,78.72602844238281,1505400
2014-09-16,78.81782670324958,78.90196887101847,78.68779092975628,78.70308685302734,24978400
2014-09-17,78.82547653994062,78.99375503734079,78.49655875280793,78.50420379638672,2704700
2014-09-18,78.50424336413373,78.51954513082595,78.36655664347401,78.45069885253906,556800
2014-09-19,78.58068394130186,78.77191503585433,78.4659441173884,78.74896240234375,920600
2014-09-22,78.8255024934311,78.96318919002756,78.77960303729026,78.91728973388672,1932600
2014-09-23,78.9861484097641,79.08558654785156,78.91730213269281,79.08558654785156,963700
2014-09-24,79.0397125026025,79.100907911624,78.84083034124032,78.86377716064453,485300
2014-09-25,78.9784324524991,79.25380566206336,78.9784324524991,79.24615478515625,399000
2014-09-26,79.15437032986573,79.16201537112677,78.98608604757312,79.07787322998047,716100
2014-09-29,79.34563928605967,79.3838820183494,79.27679303047874,79.33033752441406,2344500
2014-09-30,79.24621861960209,79.37625445222363,79.20032499300952,79.26152038574219,1544600
2014-10-01,79.57492334359341,79.93509584386149,79.57492334359341,79.92743682861328,3346000
2014-10-02,79.88911057427941,79.9887303819788,79.67454123672631,79.68986511230469,2084100
2014-10-03,79.4906497023528,79.6745654981768,79.39868888115193,79.66690063476562,1159100
2014-10-06,79.67454873170894,79.89678295124477,79.60557666867813,79.79715728759766,1201700
2014-10-07,80.05004855294959,80.29527152185746,79.95808774714286,80.26461791992188,1429800
2014-10-08,80.31823483165881,80.56345772292529,80.07301194039233,80.54813385009766,2701900
2014-10-09,80.49450558747719,80.60179025573764,80.39488578025704,80.41020965576172,5848000
2014-10-10,80.5404571839237,80.76269131008385,80.48681486702809,80.72437286376953,4675300
2014-10-13,80.86236305714444,81.18422301195798,80.80106168884559,81.14590454101562,2074300
2014-10-14,81.16119595451246,81.3297819459727,81.05390545583771,81.30679321289062,2196700
2014-10-15,82.37966953637735,83.43719249170461,81.57502856506575,81.76660919189453,2196800
2014-10-16,82.18040804300465,82.24171523482886,81.42175054555081,81.54436492919922,1786700
2014-10-17,81.3374468058584,81.42940758476176,81.13820137485534,81.30679321289062,1143300
2014-10-20,81.52901467689148,81.55200340639252,81.31444540611632,81.4217300415039,1562200
2014-10-21,81.23015462772537,81.38341673178938,81.1611884348689,81.19950103759766,1973200
2014-10-22,81.10757974584494,81.19954056098943,81.01562477727781,81.17655181884766,951800
2014-10-23,80.94662486744659,80.98494332222376,80.70140195796861,80.83934020996094,1281700
2014-10-24,80.92368722592585,81.09227917886858,80.86237999820503,80.90836334228516,678800
2014-10-27,80.8853300799138,81.06924581528288,80.8853300799138,80.99261474609375,872500
2014-10-28,80.90832264041524,80.93131137760103,80.74739563353856,80.79337310791016,771500
2014-10-29,80.68608875066701,80.73206622521754,80.26460907870015,80.52516174316406,1453100
2014-10-30,80.67844804399728,80.80106247494349,80.57116334020829,80.60948181152344,1363500
2014-10-31,80.5557933929453,80.58644698315229,80.37953671089886,80.47915649414062,886900
2014-11-03,80.37244192307878,80.48758986270131,80.18053064259706,80.44921112060547,2348900
2014-11-04,80.51066701766909,80.6411712184667,80.41087519980837,80.44158172607422,3854700
2014-11-05,80.32643842021243,80.47229296434787,80.3110880845162,80.46461486816406,1079700
2014-11-06,80.31109083979335,80.44158919603825,80.21129315599418,80.2189712524414,1026100
2014-11-07,80.42618659229986,80.74092394162588,80.41851435695156,80.73324584960938,994200
2014-11-10,80.72560618421889,80.72560618421889,80.3955183743492,80.40319061279297,1427900
2014-11-11,80.40315717419216,80.42618559328739,80.31104349781123,80.41083526611328,1220800
2014-11-12,80.59507431854863,80.6488092525559,80.35710616175477,80.38013458251953,658300
2014-11-13,80.47995174123287,80.5643932151153,80.38783802912143,80.51065826416016,743400
2014-11-14,80.41085257432545,80.7255899874883,80.37246796312579,80.67952728271484,629800
2014-11-17,80.79465633895616,80.79465633895616,80.53365978526136,80.58739471435547,496500
2014-11-18,80.61044201055874,80.70255570676687,80.5874135865067,80.67952728271484,510100
2014-11-19,80.46461486816406,80.68723280412343,80.42623024391641,80.46461486816406,560000
2014-11-20,80.77164794247716,80.77164794247716,80.51832356109445,80.61044311523438,811500
2014-11-21,80.63346057879829,80.77163696289062,80.61043215756101,80.77163696289062,855800
2014-11-24,80.63347180076397,80.87143999555937,80.59508718891398,80.86376190185547,13802400
2014-11-25,80.8253786811451,81.08637528596287,80.79467216469551,81.06334686279297,1244600
2014-11-26,81.23225224027372,81.29366529015711,81.17083919039034,81.20154571533203,523300
2014-11-28,81.42413107235919,81.52392284601626,81.37039613936408,81.51625061035156,367300
2014-12-01,81.7469623862385,81.79310331332066,81.31635284423828,81.31635284423828,2063400
2014-12-02,81.07026902588957,81.12409520510519,80.93954914302499,80.95492553710938,990600
2014-12-03,80.9087478163975,81.00870899175955,80.85492166557016,80.98564147949219,851900
2014-12-04,81.00105825238622,81.27019500732422,80.9395468112073,81.27019500732422,968300
2014-12-05,80.95492407223243,80.97799159624836,80.68579318102422,80.81651306152344,1035900
2014-12-08,80.81651667975039,81.22405859991359,80.80882554919626,81.08564758300781,858300
2014-12-09,81.44700005820687,81.60079323350921,81.30858913373966,81.38548278808594,945900
2014-12-10,81.34713469093032,81.79312662460528,81.33944355645545,81.75467681884766,996800
2014-12-11,81.58549804598286,81.7008415838951,81.43940170680233,81.61625671386719,15223600
2014-12-12,81.98533530747551,82.29291017972682,81.86999179707394,82.28522491455078,7233700
2014-12-15,81.99300630876094,82.23906968372444,81.89304507933046,81.98532104492188,1248100
2014-12-16,82.4927903858751,82.4927903858751,82.09293976538727,82.40052032470703,10633800
2014-12-17,82.26221971121757,82.43138367247589,81.80853645767189,81.83160400390625,2086100
2014-12-18,81.40092162030786,81.47012419733895,81.3009603868361,81.37016296386719,4833300
2014-12-19,81.50089712675329,81.6700668334961,81.43938566971353,81.6700668334961,847800
2014-12-22,81.60086424434579,81.73927528926129,81.54703805280171,81.6700668334961,2366700
2014-12-23,81.43936172157741,81.49318789729332,80.98567892630345,80.99337005615234,1360300
2014-12-24,80.88248979014449,81.07501214263948,80.81318456339794,81.05191040039062,1098200
2014-12-26,81.19818239654175,81.19818239654175,81.05186361300733,81.15967559814453,373600
2014-12-29,81.3060826038607,81.49860505412066,81.29067751766132,81.43699645996094,2447300
2014-12-30,81.63713174683508,81.69103773866082,81.4831104306812,81.5293197631836,1194700
2014-12-31,81.5832565702277,81.69106859460142,81.57555403268253,81.62175750732422,1010400
2015-01-02,81.69882492511836,82.13778175606275,81.67572317092528,82.03766632080078,2028600
2015-01-05,82.17625734033214,82.5921064133254,82.13775638700805,82.53820037841797,1521700
2015-01-06,82.88470109826184,83.53157910185274,82.80769335089293,83.0926284790039,1890200
2015-01-07,82.85394380109982,83.17738592393899,82.75383426029119,83.0772705078125,1558000
2015-01-08,82.80773145042086,82.83853573860426,82.63831080307071,82.7384262084961,1671000
2015-01-09,82.83850850490849,83.24665490735278,82.75379820908248,83.14654541015625,1107800
2015-01-12,83.23127215176648,83.50850483373672,83.1850627878938,83.43919372558594,2700900
2015-01-13,83.34679007740618,83.66252372067844,83.26207976145874,83.51620483398438,1038800
2015-01-14,84.09376748402393,84.20928207918905,83.84733908948596,83.9012451171875,1545800
2015-01-15,83.947472677795,84.63285198227751,83.89356663840822,84.61744689941406,1374100
2015-01-16,84.4325877371986,84.50959548972338,83.98593454711398,83.99363708496094,1689100
2015-01-20,84.1630936254387,84.44802889436896,84.06298409191493,84.18619537353516,1346200
2015-01-21,84.24007070633341,84.34788274169891,83.74721400885824,83.78572082519531,2298200
2015-01-22,83.99367656307948,84.01677831216354,83.47771791580978,83.57782745361328,1330800
2015-01-23,83.88585450407595,84.15538467018736,83.88585450407595,84.12458038330078,1248200
2015-01-26,84.06297993329821,84.14768438035571,83.8627550008384,83.93206024169922,1546200
2015-01-27,84.39409954599513,84.48651239460598,83.95514879689696,84.04756164550781,863300
2015-01-28,84.07833852546356,84.80992091041688,84.07833852546356,84.69441223144531,3346300
2015-01-29,84.45571257290113,84.55582796634695,84.2631902012795,84.39410400390625,1393400
2015-01-30,85.11026946022218,85.16417547786227,84.76373161472387,85.13337707519531,2219800
2015-02-02,84.81093862170147,85.15805378016208,84.79551402766037,85.02692413330078,11544700
2015-02-03,84.64124737359724,84.64895672837349,84.30184744332557,84.30956268310547,1465200
2015-02-04,84.04729235083477,84.49468207062432,83.98558220638034,84.44840240478516,1655500
2015-02-05,84.25553655678226,84.28638573446449,84.05498159183895,84.13983154296875,1392700
2015-02-06,83.5921862856481,83.66932101726344,83.19107626524388,83.19879150390625,2016700
2015-02-09,83.46107747178667,83.46879271291752,83.15253844660819,83.16024780273438,1599900
2015-02-10,83.02141537521499,83.10626538540333,82.89028568128957,82.95199584960938,1244500
2015-02-11,83.03684003496228,83.11397479744845,82.78229002225332,82.92113494873047,1286100
2015-02-12,82.9057161658723,83.16026031143178,82.89028568128957,82.95199584960938,1845200
2015-02-13,82.92111296479565,82.95968327831561,82.66656301957264,82.67427825927734,1302400
2015-02-17,82.58176634837679,82.65119178052946,81.95696688403964,82.08809661865234,2170100
2015-02-18,82.14977579511984,82.69744026088668,82.07264103240713,82.48146057128906,8204600
2015-02-19,82.40433068163611,82.58174005786607,82.19606033648988,82.27320098876953,1459500
2015-02-20,82.55857525948333,82.69742015260744,82.06490583615401,82.22689056396484,1893000
2015-02-23,82.45056605860529,82.62798122450332,82.4197109912751,82.6048355102539,818200
2015-02-24,82.4891877249145,83.1602667309278,82.311772448551,83.15255737304688,1180900
2015-02-25,83.1371100520879,83.26823972958215,83.02140497223805,83.22967529296875,595300
2015-02-26,83.10625689250043,83.1988221355206,82.72829244892677,82.73600769042969,865900
2015-02-27,82.92886204065455,83.0599917441194,82.71288232082867,83.02913665771484,2901700
2015-03-02,82.95961799470075,82.98280034025954,82.3956380334098,82.41108703613281,10270800
2015-03-03,82.3878661823534,82.51920326482221,82.2024487780261,82.23335266113281,1224400
2015-03-04,82.3801425951748,82.44967780899893,82.17927618704573,82.29515838623047,1871100
2015-03-05,82.31060307728315,82.47284403035323,82.17153856117844,82.34150695800781,2253200
2015-03-06,81.76983715594558,81.78529205161972,81.46080997425065,81.49943542480469,1734000
2015-03-09,81.81616769114898,81.87797546386719,81.70027959088075,81.87797546386719,1218100
2015-03-10,82.24106544782877,82.34922608002054,82.11745582288636,82.22561645507812,1309200
2015-03-11,82.1947330145049,82.44195822017926,82.14838013041405,82.37242889404297,945700
2015-03-12,82.67374055268455,82.7123659941832,82.3183546615998,82.44969177246094,916800
2015-03-13,82.36470402703208,82.61192924044586,82.27971980732914,82.3260726928711,846900
2015-03-16,82.63509202731986,82.74325267191962,82.4728510604202,82.6119155883789,639400
2015-03-17,82.79734749576392,82.8205239387641,82.6814593864489,82.78189849853516,768500
2015-03-18,83.01364062686791,83.80940223024578,82.76641549498038,83.73213958740234,1963600
2015-03-19,83.53903938719971,83.66265496632272,83.23001222802263,83.33817291259766,985600
2015-03-20,83.61629106942833,83.67809295654297,83.53130684354194,83.67809295654297,1194800
2015-03-23,83.75534925936823,83.82487858745115,83.59310237188006,83.78624725341797,795100
2015-03-24,83.7939735213476,84.04119873046875,83.72444419424193,84.04119873046875,584500
2015-03-25,84.0489337508031,84.08755919346045,83.67809295654297,83.67809295654297,1240200
2015-03-26,83.54673920401369,83.55446664873207,83.13727304863843,83.20680236816406,928300
2015-03-27,83.36903956319492,83.5930823852151,83.36903956319492,83.53128051757812,2492500
2015-03-30,83.56217563226737,83.62397749342088,83.41538368661482,83.52354431152344,2017700
2015-03-31,83.51582707325225,83.74760323741243,83.4540193102345,83.73987579345703,2137200
2015-04-01,83.999062113945,84.23120705552532,83.98358224220158,84.13835144042969,2570100
2015-04-02,84.12294779502442,84.13842768079463,83.87532275732016,83.8985366821289,1126400
2015-04-06,84.3086362939964,84.37828394847467,83.95267579289789,84.00684356689453,1268500
2015-04-07,83.90627188697434,84.10746906369985,83.82115023158455,84.0765151977539,750700
2015-04-08,84.09197066378137,84.10745054526917,83.82887171693827,83.99911499023438,886400
2015-04-09,83.94491852474171,83.95265255899757,83.58121818405647,83.65859985351562,890600
2015-04-10,83.82114666625415,83.86757451127512,83.61994949808656,83.63542938232422,789700
2015-04-13,83.68180290798631,83.85978603811137,83.66632893763908,83.80561828613281,624800
2015-04-14,84.19251961283894,84.3240690041222,83.9835826701267,84.05323028564453,825400
2015-04-15,84.18485310305458,84.23128095133339,84.06103763584922,84.0997314453125,566400
2015-04-16,84.14614883974379,84.26996429156702,83.90626378164339,84.16162872314453,903300
2015-04-17,84.0919572504943,84.44018368228573,84.03778948161705,84.33184814453125,1945700
2015-04-20,84.29321484279053,84.31642877413368,84.07654361179019,84.17713928222656,878100
2015-04-21,84.11518458216811,84.13066446365592,83.96042119035981,83.99911499023438,811000
2015-04-22,83.94497546710714,83.94497546710714,83.49615321441452,83.51162719726562,725100
2015-04-23,83.56573257659558,83.86752519947821,83.51930475887288,83.76692962646484,918700
2015-04-24,83.89848610034704,84.08420919453908,83.89075206597133,84.06098937988281,739100
2015-04-27,83.96816767984544,84.05328932313219,83.80566433461948,83.92947387695312,854400
2015-04-28,83.72826637575986,83.91398952206364,83.51159527558349,83.54254913330078,1101100
2015-04-29,83.14788771290071,83.36456469838244,83.03955217208194,83.2330093383789,1118000
2015-04-30,82.93899987373459,83.27948655341669,82.76875653389354,83.2098388671875,2650600
2015-05-01,82.9641370940304,83.04938796238602,82.6928811059126,82.7548828125,1854300
2015-05-04,82.82464389001042,82.94088970962972,82.57664295347469,82.58438873291016,2784900
2015-05-05,82.63089803169515,82.63089803169515,82.24339617508717,82.44489288330078,2050800
2015-05-06,82.30537612015733,82.35962613311742,81.94887519030418,82.04187774658203,1802100
2015-05-07,82.18915116767266,82.47589877486493,82.12714944775725,82.3906478881836,2201300
2015-05-08,82.89437320685603,82.95637490559803,82.61537147532451,82.7083740234375,1004300
2015-05-11,82.45261093584821,82.45261093584821,81.8713583880838,81.89460754394531,1324400
2015-05-12,81.76291405788268,82.12716684855046,81.6854148479729,81.9566650390625,1431000
2015-05-13,82.26663191885707,82.26663191885707,81.80937672799887,81.84812927246094,1221200
2015-05-14,81.95664971165684,82.2124023780583,81.95664971165684,82.12715148925781,617500
2015-05-15,82.36736277118796,82.77036786193229,82.32861614775933,82.71611785888672,854900
2015-05-18,82.38292446851123,82.45267198774015,82.1426692168303,82.15817260742188,1000400
2015-05-19,81.78611732807104,82.13487244614639,81.70086647117311,81.79386901855469,1240400
2015-05-20,81.99541542324056,82.20466387572198,81.85591448398276,81.97216033935547,1682600
2015-05-21,82.22785429577057,82.47585513138901,82.17360429775424,82.46035766601562,836700
2015-05-22,82.3053708528284,82.3673725530457,82.10387419633359,82.27437591552734,852300
2015-05-26,82.31312080631996,82.78587341308594,82.28211995686559,82.78587341308594,1925600
2015-05-27,82.67738580399356,82.80138330761216,82.50688406281068,82.73938751220703,1015000
2015-05-28,82.73162078796523,82.88661911752705,82.6618733135046,82.8168716430664,1068200
2015-05-29,82.96416523528922,83.07266530221604,82.85566516836239,82.86341094970703,1148500
2015-06-01,82.84708713826943,82.9091810798702,82.39687200919231,82.4977798461914,2161700
2015-06-02,82.1872858973229,82.21057778770677,81.86903446143691,81.92337036132812,1484500
2015-06-03,81.61286189512734,81.61286189512734,81.17817477627217,81.22474670410156,1703400
2015-06-04,81.39551322023132,81.73705646196272,81.39551322023132,81.62062072753906,1594800
2015-06-05,81.04626676414965,81.27913246835517,80.8910170391745,81.0307388305664,1384900
2015-06-08,81.2402902987241,81.30238424041808,81.13937653940458,81.14714050292969,877800
2015-06-09,81.07728213331278,81.10833206733439,80.7900806074092,80.88322448730469,822400
2015-06-10,80.75127601534233,80.79784796065715,80.54169633925557,80.57274627685547,967000
2015-06-11,80.85217082962359,81.21699418597235,80.74349311242871,81.20923614501953,3069700
2015-06-12,81.06955292535503,81.49647634511459,81.05402499173672,81.1626968383789,1578100
2015-06-15,81.57403297249465,81.62061081390725,81.27906761365965,81.356689453125,1478800
2015-06-16,81.53523281981677,81.69047651361008,81.41879708838813,81.66719055175781,779000
2015-06-17,81.55075272503157,81.79914618201924,81.17816550063364,81.71376037597656,1994000
2015-06-18,81.60512501540435,81.72932476039135,81.34120944056168,81.65170288085938,1481600
2015-06-19,81.9544450851503,82.10968886832563,81.90010916882186,82.0864028930664,1849600
2015-06-22,81.72158438911433,81.75263433432531,81.36451890244527,81.39556884765625,860300
2015-06-23,81.10056856611696,81.43434793166908,81.06175467066038,81.14714050292969,925000
2015-06-24,81.28689424713434,81.42661603476533,81.13940849292072,81.38780212402344,1176500
2015-06-25,81.18594360351562,81.3256653277368,81.0617498054127,81.18594360351562,919800
2015-06-26,80.87542591397316,80.95304774904163,80.70465432352267,80.79779815673828,1441500
2015-06-29,81.31011629428508,81.81466712636791,81.20144453625699,81.73704528808594,1500900
2015-06-30,81.38777079119717,81.79141398770079,81.38777079119717,81.51197052001953,1599400
2015-07-01,81.16366402701702,81.24918177079911,80.9693065968428,81.08592224121094,3738800
2015-07-02,81.36583379066914,81.52131743179199,81.31140799182336,81.37360382080078,1924600
2015-07-06,81.9877891552825,82.0655309899427,81.64571796519145,81.94892120361328,1723300
2015-07-07,82.39202796602122,82.64857533939917,82.12769870112425,82.16657257080078,2083900
2015-07-08,82.32984342870644,82.59416679850382,82.24432564875538,82.49310302734375,1991200
2015-07-09,82.08876935773162,82.18983897806217,81.90218795827516,81.91773986816406,1206900
2015-07-10,81.38913937105069,81.60681879736146,81.21032788154142,81.35026550292969,3719900
2015-07-13,80.99263076854545,81.31137387851828,80.99263076854545,81.132568359375,1322300
2015-07-14,81.35025577519934,81.41245158422787,81.27251397957309,81.38912963867188,1321600
2015-07-15,81.29582764609805,81.76228430367117,81.28805168793167,81.70008850097656,1239500
2015-07-16,81.49022532700641,81.76232468403059,81.43580545560157,81.66903686523438,811400
2015-07-17,81.59124007578103,81.75450552320275,81.58347004976481,81.6767578125,881300
2015-07-20,81.53684886537624,81.56794677431257,81.37358929195022,81.5135269165039,842500
2015-07-21,81.42800999303273,81.77785702369978,81.39691208377434,81.73898315429688,676600
2015-07-22,81.76226220059222,81.96439553904716,81.75449217584453,81.84000396728516,523800
2015-07-23,81.76227961682422,82.17431640625,81.73895767498017,82.17431640625,1064800
2015-07-24,82.23653853368128,82.2909583925127,82.10437686670778,82.25209045410156,1098400
2015-07-27,82.54753765488648,82.58641153684141,82.40759998369904,82.52421569824219,1392600
2015-07-28,82.3220448656498,82.39978666299179,82.2520790274377,82.29094696044922,6205200
2015-07-29,82.21319026353531,82.47751351285831,82.05770669702977,82.17431640625,2107300
2015-07-30,82.1199103364926,82.29094584712237,82.06549048595757,82.26762390136719,683200
2015-07-31,82.67965439646895,82.8118160331224,82.59413664773592,82.74962615966797,1113000
2015-08-03,82.76829162042335,83.0797385679318,82.73714573757856,83.00187683105469,2627700
2015-08-04,82.88507822273368,82.92401205998252,82.5269094938286,82.5736312866211,1036000
2015-08-05,82.3790315508961,82.39460153239482,82.13765228411351,82.25444793701172,1283300
2015-08-06,82.37902996917775,82.58146942714242,82.340096105468,82.54254150390625,731700
2015-08-07,82.61258819456701,82.89289528787974,82.56587232583875,82.86953735351562,1533700
2015-08-10,82.59704967992553,82.6826994321993,82.43353813662304,82.52696990966797,1123900
2015-08-11,82.97078818079281,83.25888334048055,82.96300616006593,83.07201385498047,2263800
2015-08-12,83.204366925389,83.48467408153694,83.03306744769048,83.04085540771484,1765700
2015-08-13,82.85391503800669,83.03299638198574,82.75268946574492,82.82276916503906,1626500
2015-08-14,82.67489082373172,82.87733618222681,82.59702905214819,82.7371826171875,612500
2015-08-17,83.01748812076661,83.0797739725297,82.86954659932573,82.88511657714844,905300
2015-08-18,82.74495099462058,82.91625042814724,82.72159306104356,82.75273895263672,690400
2015-08-19,82.58921313706009,83.3211266112377,82.58142518039617,83.25883483886719,1444500
2015-08-20,83.38339354834318,83.55469291331023,83.32110773055709,83.484619140625,1933300
2015-08-21,83.60145794042144,83.86618913921956,83.50802025471333,83.81947326660156,2123600
2015-08-24,84.48129025986073,84.68373556805493,83.76495263452239,83.95960998535156,3074800
2015-08-25,83.63260805778431,83.64039007663212,83.19657144293899,83.50023651123047,2925500
2015-08-26,83.11870898878384,83.49245380694404,82.91626363142737,82.98634338378906,3512900
2015-08-27,82.86957765208929,83.08759306613514,82.79171585285498,82.93965148925781,1414100
2015-08-28,83.27443524957265,83.3367270447116,82.89290840017355,82.9552001953125,1998000
2015-08-31,83.25107891117928,83.27443684968706,82.79169027926565,82.81504821777344,5431600
2015-09-01,83.04666824883171,83.210436909275,82.9608838148164,83.18704223632812,3749700
2015-09-02,82.9998486505685,83.1870119157401,82.92186445256475,82.96085357666016,2441700
2015-09-03,83.16366577148438,83.20266086814361,82.95310771904708,83.16366577148438,1791300
2015-09-04,83.31962039450592,83.50678968754653,83.14805746727511,83.42100524902344,1421300
2015-09-08,83.07005308167636,83.15583750553004,82.99206886448604,83.05445861816406,1583500
2015-09-09,82.73471730307033,83.19483430868844,82.71132263241108,83.08565521240234,1397200
2015-09-10,83.01546425765876,83.02326446439005,82.79710606769837,82.89849090576172,1601600
2015-09-11,83.07004888944196,83.21822305949587,83.03885996399134,83.1168441772461,1069000
2015-09-14,83.28840883985143,83.2962030959162,83.10123959764859,83.19482421875,897500
2015-09-15,83.03105332620844,83.06224819905682,82.5241470545959,82.53974151611328,1903000
2015-09-16,82.4929627516945,82.68012606295275,82.43057299800364,82.516357421875,1305300
2015-09-17,82.47740241159705,83.21046149640343,82.47740241159705,83.20266723632812,2394300
2015-09-18,83.42099858051633,83.60816190878008,83.32741394147698,83.59256744384766,2074200
2015-09-21,83.28841301629501,83.59255561285842,83.03885996399134,83.1168441772461,1591700
2015-09-22,83.43654389509288,83.67830258274353,83.37416012229694,83.5301284790039,1395500
2015-09-23,83.46776408463694,83.53795403132216,83.3273901410797,83.43656921386719,1364300
2015-09-24,83.77972140374126,83.86550582581438,83.53796855052477,83.56136322021484,1393000
2015-09-25,83.3118074441615,83.41318632611785,83.2182228186382,83.34300231933594,1564000
2015-09-28,83.45999504243814,83.81873321533203,83.42100590177782,83.81873321533203,1926000
2015-09-29,83.88889585686802,84.16964377725351,83.8187118516786,84.10725402832031,2460900
2015-09-30,83.92791546827955,84.14627370355468,83.90451484322949,84.12287902832031,2676000
2015-10-01,84.27437634266919,84.39153375569167,84.1572189296467,84.18846130371094,10101300
2015-10-02,84.93823402370516,85.11006404825305,84.45398631442217,84.59457397460938,3320200
2015-10-05,84.41496405346274,84.41496405346274,84.0947341884332,84.1259765625,3034900
2015-10-06,84.063498570631,84.33686787596808,84.03225619405322,84.29781341552734,2104000
2015-10-07,84.0947507059729,84.20409605724709,83.97759326992922,84.08694458007812,2338000
2015-10-08,84.11819637305301,84.18849323107507,83.7901602592856,83.8682632446289,2176800
2015-10-09,83.8291850565291,83.98539097192008,83.7901305982445,83.91510009765625,1069400
2015-10-12,84.07915448400045,84.2119301654324,84.00885762044005,84.1963119506836,1336300
2015-10-13,84.25875174913764,84.30561828943323,84.05568525705971,84.27437591552734,1849700
2015-10-14,84.57115811471263,84.75080025070669,84.39932806085905,84.73517608642578,1359600
2015-10-15,84.59457603671747,84.61800632084119,84.39150960173058,84.44618225097656,1075500
2015-10-16,84.53216562625583,84.53216562625583,84.32909306817292,84.3759536743164,1773000
2015-10-19,84.3759244208164,84.39154859003172,84.1572337227989,84.33687591552734,1744500
2015-10-20,84.09472739916927,84.14159393592254,84.00881236714018,84.04786682128906,1134500
2015-10-21,84.20409431269563,84.39154859003172,84.20409431269563,84.33687591552734,6576500
2015-10-22,84.37591468406555,84.50869031270071,84.23532697172422,84.42277526855469,2411400
2015-10-23,84.05565724347545,84.05565724347545,83.92287570890974,83.9463119506836,2029600
2015-10-26,84.08692085467706,84.1962661750991,84.06348460698116,84.16502380371094,3131500
2015-10-27,84.35252337124466,84.50092323586794,84.30566276510118,84.3759536743164,1373100
2015-10-28,84.33683213464732,84.35245033688032,83.8291541584381,83.9384994506836,2058200
2015-10-29,83.73547541102252,83.74328749608487,83.40743934490256,83.42305755615234,1772400
2015-10-30,83.48557911170028,83.63397899891156,83.45433671655697,83.58711242675781,3424800
2015-11-02,83.40948265869197,83.4642387168552,83.32343657186934,83.34690856933594,5313500
2015-11-03,83.2765253512542,83.32345742200579,83.08879110028364,83.12789916992188,1941700
2015-11-04,83.15136699662756,83.28434516905381,82.96362678712282,83.04185485839844,1933200
2015-11-05,83.04189127251762,83.06535731700465,82.86197498483939,82.98712921142578,1554600
2015-11-06,82.47860705633408,82.54118112853386,82.3143389268826,82.4238510131836,2968600
2015-11-09,82.16574492553306,82.40823521594572,82.15009692539863,82.2830810546875,3223900
2015-11-10,82.41605575829709,82.58814794477512,82.33000966505807,82.43952178955078,1467900
2015-11-11,82.36129782191053,82.43951991363063,82.33000779162988,82.40040588378906,1638100
2015-11-12,82.40819738694961,82.58811349812545,82.40819738694961,82.44731140136719,2399100
2015-11-13,82.6194593437433,82.78372757296728,82.6194593437433,82.76026153564453,2665300
2015-11-16,82.90885903872726,82.98708113101986,82.7758808850335,82.8697509765625,1412800
2015-11-17,82.61941189368997,82.9635901900294,82.55683185146052,82.84626007080078,1180000
2015-11-18,82.7524262430747,82.89322841576475,82.66638013932166,82.80718231201172,941500
2015-11-19,83.01060122387938,83.0731753531893,82.9401971224517,82.98712921142578,1967200
2015-11-20,83.03399068727836,83.09657072683814,82.8775405883789,82.8775405883789,1287900
2015-11-23,82.83068493620115,83.05753331285347,82.79939488756291,82.98712921142578,1377100
2015-11-24,83.03401758727078,83.16699573844458,83.01055155682398,83.0653076171875,1094500
2015-11-25,83.11225128173828,83.16700734974653,82.98709114459727,83.11225128173828,752400
2015-11-27,83.1905021075761,83.26090620101807,83.18267810431234,83.19832611083984,759600
2015-11-30,83.19046970711538,83.24522577270383,83.18264570689887,83.22958374023438,2266900
2015-12-01,83.23352907433345,83.68009427694527,83.23352907433345,83.6722640991211,2805800
2015-12-02,83.4841921481352,83.53903325274204,83.32750498561053,83.43718719482422,1579000
2015-12-03,83.06896514047479,83.07680129170959,82.39519958785243,82.55972290039062,2750500
2015-12-04,82.72422882736052,82.95142934756377,82.64588526317374,82.86524963378906,2231500
2015-12-07,82.91228838777518,83.31967864464605,82.88878590835243,83.13165283203125,1954000
2015-12-08,83.33535833322335,83.33535833322335,83.08465523511184,83.17866516113281,1519900
2015-12-09,83.13163377918995,83.40583927166519,82.94360800966855,83.30399322509766,3711100
2015-12-10,83.33535171506234,83.34318189012002,83.11598129155712,83.12381744384766,1545000
2015-12-11,83.52338733807105,83.89943901091918,83.49988485567222,83.78975677490234,3352900
2015-12-14,83.4371915291301,83.54687374404145,83.17082214355469,83.17082214355469,2204400
2015-12-15,82.85745110555996,83.0376407742828,82.82611247247053,82.95929718017578,1591000
2015-12-16,82.80256828685636,83.02976877939601,82.57536779431672,82.7398910522461,1911800
2015-12-17,82.85740188395239,83.13160728905126,82.85740188395239,83.08460235595703,1202600
2015-12-18,83.28048580762247,83.46851156598285,83.20997241246789,83.38233184814453,4396700
2015-12-21,83.3510106379664,83.52337010964975,83.3510106379664,83.42152404785156,1603200
2015-12-22,83.28052408972357,83.32752905661297,83.10816457481731,83.18650817871094,1411800
2015-12-23,82.96712786067673,83.03763529755281,82.88878427173682,82.99846649169922,1380800
2015-12-24,83.06435957234886,83.15067291259766,83.00158514553175,83.15067291259766,654200
2015-12-28,83.12717517780142,83.29980194381301,83.0800913411153,83.1664047241211,2198300
2015-12-29,83.08005492312277,83.08005492312277,82.66418479811905,82.72695922851562,1752500
2015-12-30,82.66419253260662,82.85250985491709,82.60926639749523,82.75835418701172,1358100
2015-12-31,82.89175932961024,83.00945992080739,82.78190704089309,82.85252380371094,1906000
2016-01-04,83.2448646146753,83.48811412730362,83.16639954042483,83.20563507080078,6183700
2016-01-05,83.15068828127845,83.33115730861003,83.04083600729403,83.18207550048828,2122800
2016-01-06,83.5352230260405,83.70000153916793,83.46460622891601,83.68431091308594,1906100
2016-01-07,83.79408358739765,83.86470031738281,83.50375639563008,83.86470031738281,3106000
2016-01-08,83.78627180280091,84.11582865934916,83.71565504204082,84.07659912109375,1783200
2016-01-11,83.78629078632746,83.9981530896107,83.72351632709525,83.80982971191406,4816100
2016-01-12,83.77842685057331,84.3747721290069,83.72350070561895,84.18645477294922,8962500
2016-01-13,84.13152347857901,84.63370705499635,84.06090073281696,84.51600646972656,2664100
2016-01-14,84.42967424502798,84.58661031916226,84.14719529808539,84.3433609008789,2597300
2016-01-15,84.87694200546834,84.89263860805936,84.6572374611929,84.73570251464844,4334300
2016-01-19,84.60230031907398,84.8141565344932,84.52383527582609,84.62583923339844,4896500
2016-01-20,85.0338981008401,85.35560669163114,84.97897195185134,85.04174041748047,4949100
2016-01-21,85.15160365163993,85.23791703777928,84.7749688634882,84.82989501953125,2385700
2016-01-22,84.54739412013959,84.71217254575238,84.44539013852228,84.64155578613281,1735600
2016-01-25,84.82986483247669,84.93186880411466,84.74355147705228,84.92402648925781,1190900
2016-01-26,84.92402506776286,85.08095517327142,84.84555402850879,84.9867935180664,1288000
2016-01-27,84.92401767070315,85.07309946200101,84.6258421151089,85.049560546875,1802300
2016-01-28,84.92402865990535,85.20650166446893,84.88479313861872,85.159423828125,2222900
2016-01-29,85.45758712235464,85.66944334190978,85.35557717629176,85.61451721191406,3805500
2016-02-01,85.50371378135911,85.61372635383086,85.30726190262591,85.41727447509766,6813000
2016-02-02,85.82592507286363,86.08524307423203,85.81806531654527,86.02237701416016,4141600
2016-02-03,85.9437743179785,86.49383720754791,85.90448154219389,85.92805480957031,12145000
2016-02-04,86.03020192651337,86.16378775363306,85.88089659312368,86.13235473632812,2431100
2016-02-05,85.96733158248676,86.29736925479172,85.89660579828728,86.24236297607422,1440200
2016-02-08,86.54884414769552,86.94960768181762,86.50169761258793,86.8867416381836,2824800
2016-02-09,87.16179143787265,87.16179143787265,86.82389387623667,86.90247344970703,2679600
2016-02-10,86.88680307546915,87.19326776084007,86.68249128680849,87.16183471679688,2027200
2016-02-11,87.80613657626004,88.01830797841797,87.4603853207119,87.56253814697266,3743000
2016-02-12,87.17752938201934,87.29539576952729,86.73747288611548,86.89463806152344,3258700
2016-02-16,86.73746016461564,86.75317967747013,86.52529470298055,86.63530731201172,2816800
2016-02-17,86.4545456180845,86.47026512670838,86.17951416952583,86.4231185913086,4856500
2016-02-18,86.34456268621767,86.86319873463971,86.34456268621767,86.82390594482422,3125700
2016-02-19,86.74532636043125,86.93391856202199,86.66674677603827,86.82390594482422,1340000
2016-02-22,86.73743438720703,86.80816018355817,86.67457434018307,86.73743438720703,1012200
2016-02-23,86.5095529259624,86.98889602562163,86.47026614441216,86.91031646728516,2257800
2016-02-24,87.2403542094399,87.53110517004443,86.82387715454425,86.91031646728516,2947700
2016-02-25,87.16178746123728,87.3503856232462,86.98890881034755,87.16964721679688,1983600
2016-02-26,86.71389014949959,86.83176251938795,86.61959704977913,86.74532318115234,2957900
2016-02-29,86.75315579188819,86.93388817329117,86.70600326154471,86.8867416381836,3861600
2016-03-01,86.98668802142025,86.98668802142025,86.16828532165819,86.20763397216797,5901200
2016-03-02,85.9872943537337,86.0895984488124,85.90073812493384,86.05812072753906,3011200
2016-03-03,86.04239855674831,86.26274265608976,85.97157817049639,86.16043853759766,2093000
2016-03-04,85.98729664853575,86.12107846845811,85.71974501621425,85.8692626953125,1781200
2016-03-07,85.73549438942035,85.75910718754858,85.6253253465389,85.69615173339844,2349400
2016-03-08,86.19971205168659,86.36496547930541,86.13675664961534,86.19184112548828,1747600
2016-03-09,85.92436490346523,86.02666301858001,85.75911133115852,85.8535385131836,1537800
2016-03-10,85.86140977216114,85.96370788766419,85.41286264455104,85.54663848876953,2798700
2016-03-11,85.56231412153443,85.56231412153443,85.2318012277525,85.30262756347656,1785000
2016-03-14,85.41282178393728,85.5308617092104,85.32625957232099,85.36560821533203,2661800
2016-03-15,85.5466382224236,85.61746461275355,85.32630012586435,85.34990692138672,2960800
2016-03-16,85.23186717551418,87.31722017301963,85.14530492251775,85.79845428466797,2052300
2016-03-17,85.89289855957031,85.98732575411127,85.82994309403392,85.89289855957031,2745500
2016-03-18,86.01090956822345,86.14468538457906,85.94008319242474,86.0423812866211,2434600
2016-03-21,85.85353880895998,85.91649426636882,85.76697655596355,85.79845428466797,1725000
2016-03-22,85.99516755715128,86.0109094200846,85.59383410501408,85.61744689941406,1437700
2016-03-23,85.71184426245038,86.08957079262467,85.71184426245038,86.01087951660156,1405400
2016-03-24,86.15255590557415,86.23124720871652,85.78270017666719,85.92434692382812,1548200
2016-03-28,86.01877709866565,86.18403064218069,85.95582765620406,86.05025482177734,1291400
2016-03-29,86.24696920393221,86.63256072998047,86.19188470021103,86.63256072998047,2981000
2016-03-30,86.43583669577853,86.57748343195925,86.2548473129572,86.51453399658203,2808800
2016-03-31,86.61680237964856,86.90796668299625,86.4987624726828,86.82926940917969,3759100
2016-04-01,86.8355876020719,86.93804165776203,86.62279655935707,86.80406188964844,5489100
2016-04-04,86.89081057493478,86.96173896267258,86.78047351873026,86.90657043457031,3035600
2016-04-05,87.22968362580953,87.29273507497057,87.12722953061069,87.25332641601562,1951500
2016-04-06,87.14292104543185,87.21385537333774,86.95377285920354,87.0641098022461,1646000
2016-04-07,87.30852871056769,87.55284565444678,87.27700297378982,87.51344299316406,2069600
2016-04-08,87.33218683466475,87.39523831928453,87.229732681848,87.37947845458984,1309500
2016-04-11,87.1666314524232,87.41883123405482,87.14298866241353,87.36366271972656,879600
2016-04-12,87.11933029673342,87.21390745278016,86.95382478333863,87.01687622070312,1363200
2016-04-13,86.89077722947809,87.13509404404002,86.86713444263872,87.07992553710938,1466400
2016-04-14,86.90652733303331,87.0247472668834,86.80407326391823,86.87500762939453,1403900
2016-04-15,86.96956532413789,87.21388808644306,86.93803961245611,87.13507080078125,1657800
2016-04-18,87.07202678454867,87.07202678454867,86.91439822361576,87.04837799072266,1297800
2016-04-19,86.93021924340151,87.0011476311393,86.7962333783658,86.90657043457031,1219600
2016-04-20,86.9144257203275,87.04840552982095,86.44155191375744,86.46519470214844,1939800
2016-04-21,86.27604053726124,86.42578620414851,86.22087203044745,86.32332611083984,1636600
2016-04-22,86.32334619357282,86.3706317781522,86.17360049184789,86.22877502441406,952100
2016-04-25,86.18933903438307,86.29967603869609,86.12628759965683,86.13417053222656,1416300
2016-04-26,86.09474355084546,86.10262648173673,85.90559529985634,85.952880859375,1127100
2016-04-27,86.18142039791204,86.50455435732671,86.0553235936157,86.42574310302734,1734000
2016-04-28,86.44156286863092,86.74893118250057,86.40215420770716,86.72528839111328,2807300
2016-04-29,86.55185526846114,86.77252922482968,86.47304400017443,86.69371795654297,2858500
2016-05-02,86.55247560081979,86.6550798660841,86.43408235829607,86.44197082519531,2226800
2016-05-03,86.9312862509543,87.03389046841698,86.88393138469887,86.95496368408203,2330900
2016-05-04,86.97077571634433,87.12862932687287,86.82081057113174,87.11284637451172,1176900
2016-05-05,87.08129511603721,87.34964752197266,86.9313299352317,87.34964752197266,1257500
2016-05-06,87.28648144308806,87.32594785590918,87.04970103134886,87.14441680908203,1675600
2016-05-09,87.25493891374414,87.31807676075118,87.18390055598141,87.31018829345703,1459900
2016-05-10,87.27067986585688,87.33382370420296,87.19964756401343,87.29435729980469,1506900
2016-05-11,87.25493700576247,87.52328940943401,87.20757609437936,87.42857360839844,1606800
2016-05-12,87.16805688511272,87.29433851289953,87.10491306035604,87.19173431396484,1261500
2016-05-13,87.24703042846618,87.54695472426047,87.20756401140359,87.52327728271484,5007300
2016-05-16,87.31018322318457,87.31018322318457,87.17600100447626,87.20757293701172,1708100
2016-05-17,87.14442012262893,87.27070180934571,87.08127626840586,87.08916473388672,1158700
2016-05-18,86.89974442905414,86.91553340442596,86.28410686760762,86.38671112060547,2946500
2016-05-19,86.48142048807645,86.6077081947576,86.43406560893567,86.47352600097656,1345000
2016-05-20,86.48926430148893,86.61554591245293,86.41033754192071,86.52872467041016,1059400
2016-05-23,86.59983438812652,86.66297825654617,86.48144114027238,86.58404541015625,892300
2016-05-24,86.43408235829607,86.52879213493068,86.31568911577236,86.44197082519531,965200
2016-05-25,86.41830981399893,86.52880858890495,86.36306042654591,86.40252685546875,890300
2016-05-26,86.54457096651393,86.74189100701135,86.48932159604385,86.67085266113281,998200
2016-05-27,86.70244704472506,86.73401898198884,86.40252267331623,86.505126953125,1995300
2016-05-31,86.29201373707134,86.69454234086413,86.29201373707134,86.60772705078125,1734700
2016-06-01,86.83139818281441,86.87092330760139,86.53893396986521,86.57845306396484,2786400
2016-06-02,86.71286240481415,86.91047604386858,86.71286240481415,86.84724426269531,5038500
2016-06-03,87.51910474050061,87.66929299363508,87.49539207541368,87.65348052978516,1971300
2016-06-06,87.47165620179265,87.59021949576932,87.40051219472029,87.42422485351562,1715700
2016-06-07,87.590269842901,87.65350765649539,87.54284449805012,87.55075073242188,2672900
2016-06-08,87.6139554008483,87.693005658722,87.57443630259941,87.65348052978516,1284200
2016-06-09,87.90646461127682,87.93808352229355,87.77999499790052,87.78789520263672,1328400
2016-06-10,88.0487279182115,88.19891620583913,87.95387120539046,88.09615325927734,1878900
2016-06-13,88.25426649686746,88.33331075897001,88.11989064822403,88.27007293701172,1026200
2016-06-14,88.49929073490797,88.49929073490797,88.222632848419,88.24634552001953,1390600
2016-06-15,88.24633329652806,88.60994161564666,88.24633329652806,88.51509094238281,2377600
2016-06-16,88.7522216125035,88.94983521817106,88.5229891062465,88.60993957519531,3088700
2016-06-17,88.53088129203098,88.53088129203098,88.24631726256587,88.30955505371094,3140900
2016-06-20,87.92226794794001,87.98549973271373,87.86693636708175,87.93016815185547,1956500
2016-06-21,87.91429761878877,88.02496069982558,87.71668411255364,87.73249053955078,1494500
2016-06-22,87.73254740115175,87.92226083218901,87.70883472994448,87.90644836425781,1378700
2016-06-23,87.54281172208077,87.72461886042373,87.46376750002679,87.48748016357422,1715000
2016-06-24,88.9024039801154,88.91031021241,88.60202745980294,88.69688415527344,4390000
2016-06-27,89.28972212598998,89.51104837777525,89.24229679508973,89.463623046875,4493700
2016-06-28,89.43992396694833,89.50316177154625,89.28182945545353,89.44783020019531,1799700
2016-06-29,89.37666826272198,89.44781228631874,89.07629779707105,89.08419799804688,2670900
2016-06-30,89.22648301306627,89.47942815861158,89.10001345563761,89.28181457519531,5690800
2016-07-01,89.6839793103752,89.69980789355913,89.34360740010064,89.51774597167969,5292300
2016-07-05,89.85013587597942,90.16676164264697,89.81847269539925,90.0084457397461,2926300
2016-07-06,90.09556780551416,90.11139638499144,89.88184876731462,90.02433013916016,1921600
2016-07-07,89.85805030359447,90.05594065983304,89.69974043425736,89.90554809570312,1323000
2016-07-08,89.91344058812015,90.1034196386189,89.77887662336673,90.07967376708984,2097900
2016-07-11,89.82643975009762,89.90559472582041,89.60479736328125,89.60479736328125,2728800
2016-07-12,89.24060609103894,89.31184973786631,88.95564358199456,89.07437896728516,4116200
2016-07-13,89.33565641867072,89.46230315382635,89.27233003152458,89.30399322509766,3077200
2016-07-14,88.81324082812033,89.04279449881237,88.79741224768614,88.93197631835938,2761900
2016-07-15,88.67865552133446,88.73406459829201,88.49659971381817,88.59158325195312,2811600
2016-07-18,88.73409074420775,88.81324572902241,88.48079116931787,88.56786346435547,4173500
2016-07-19,88.78154434246571,88.8844451675539,88.70238335794456,88.80529022216797,4171900
2016-07-20,88.67863904713272,88.67863904713272,88.53615772726317,88.62322998046875,2213700
2016-07-21,88.40154899846895,88.85273860997883,88.38572043277223,88.82107543945312,1944700
2016-07-22,88.62325566439395,88.90821838671813,88.59159246867604,88.74990844726562,1140000
2016-07-25,88.72612640144109,88.8369505684011,88.66280607063757,88.67863464355469,889100
2016-07-26,88.8132171541715,88.8132171541715,88.56783496845405,88.73406219482422,1694100
2016-07-27,88.84486435278843,89.11399841308594,88.74196352807377,89.11399841308594,1962700
2016-07-28,88.97154115479279,89.24066924872925,88.93987796036434,89.16151428222656,1220200
2016-07-29,89.32772468469969,89.52561508322101,89.25648704001713,89.50186920166016,2386800
2016-08-01,89.22286961246567,89.38932946800082,89.15946065387217,89.191162109375,2479100
2016-08-02,88.79480286528572,89.15943602631584,88.79480286528572,88.97711944580078,2920500
2016-08-03,89.03261710716752,89.05639621897377,88.79481389393118,89.02468872070312,1148600
2016-08-04,89.21494464016335,89.4131119929424,89.20701625272764,89.23872375488281,1065000
2016-08-05,88.98506374625762,89.06432947247234,88.67592318070915,88.68384552001953,2368100
2016-08-08,88.58078963892468,88.77102856764378,88.49359553668124,88.63627624511719,1304000
2016-08-09,88.73934499647508,88.98507664522455,88.69178676336983,88.953369140625,1817000
2016-08-10,89.0009231384188,89.25457711555634,88.98507241066739,89.191162109375,1262500
2016-08-11,89.11981371145673,89.17530032308761,88.67592081840967,88.76311492919922,1823600
2016-08-12,89.20699966276828,89.33382360021565,89.05639056743715,89.08016967773438,1377100
2016-08-15,88.94543510778088,89.00092172541169,88.80275436993202,88.81861114501953,1031800
2016-08-16,88.73928316176551,88.81855489182085,88.59660251428338,88.6679458618164,1433500
2016-08-17,88.69175972181903,88.9295629100169,88.5807865133497,88.81066131591797,1733900
2016-08-18,88.87406082545128,89.03259222491222,88.73930248356571,88.96917724609375,1245600
2016-08-19,88.72343244430479,88.81062650929854,88.55697269683962,88.6679458618164,1396700
2016-08-22,88.86617279052734,88.93751013839963,88.77105027910964,88.86617279052734,1084600
2016-08-23,88.92957397519119,89.01676808520722,88.77896486742038,88.85823059082031,939900
2016-08-24,88.92958898658084,88.95336810285605,88.75520073711188,88.8265380859375,1345600
2016-08-25,88.74726052002622,88.84238302003622,88.66799479381149,88.68384552001953,1037700
2016-08-26,88.81863180939466,89.03264994216713,88.27961623518011,88.34302520751953,1988300
2016-08-29,88.50153823829281,88.7631205873358,88.49360985110098,88.70763397216797,1497400
2016-08-30,88.74724235954588,88.77894985306087,88.6521198790009,88.6996841430664,2498400
2016-08-31,88.70759788511955,88.81857107031033,88.59661865234375,88.59661865234375,2008100
2016-09-01,88.37043924377457,88.75938495236744,88.32280891293638,88.7355728149414,1775900
2016-09-02,88.56885888899632,88.64029528279768,88.35453759562309,88.50535583496094,1550100
2016-09-06,88.4815817969877,88.98165493684361,88.44189085713163,88.91815185546875,1284000
2016-09-07,89.04512744442039,89.10863050399136,88.91812132527843,88.96575164794922,836800
2016-09-08,88.79904447188673,88.87842025388895,88.42597163489395,88.52915954589844,1287300
2016-09-09,88.21167793349144,88.22755672844538,88.06879905883541,88.10848999023438,1700700
2016-09-12,88.01322057296642,88.25929340544329,87.98146904438924,88.18785095214844,1446600
2016-09-13,88.25136480308572,88.25930420019726,87.66397659252831,87.86241912841797,1993700
2016-09-14,87.87828988663719,88.1799203542385,87.87828988663719,88.06085968017578,1062100
2016-09-15,88.01324380714229,88.14818935321507,87.84655278009684,88.08468627929688,994100
2016-09-16,88.18782525808513,88.24338890291016,88.06875857460774,88.17988586425781,833600
2016-09-19,88.10058072087386,88.17202321062629,88.02914428710938,88.02914428710938,490400
2016-09-20,88.13225757636648,88.28307577226181,88.10050605849469,88.16400909423828,1177800
2016-09-21,88.06882750622803,88.34665200378997,87.97357892968138,88.30696105957031,1108300
2016-09-22,88.45773559341796,88.67205084054869,88.43392346106843,88.56886291503906,1012300
2016-09-23,88.52914473908616,88.66408415151923,88.50533261406656,88.6085205078125,952500
2016-09-26,88.72758652851267,88.94190776405989,88.71171379727872,88.8625259399414,764000
2016-09-27,89.11652406539454,89.11652406539454,88.92602102770178,89.01333618164062,1583700
2016-09-28,89.05306807181525,89.140383265936,88.9419407440225,88.97368621826172,594800
2016-09-29,88.8149145732084,89.16417527084599,88.75935092185549,89.02923583984375,1123900
2016-09-30,89.03720091816768,89.06101305495253,88.68000675442296,88.8070068359375,1774600
2016-10-03,88.78318884868543,88.80703902525038,88.58447982613768,88.60037994384766,3112000
2016-10-04,88.48903760693251,88.5685199440528,88.18699623611639,88.1949462890625,3949600
2016-10-05,88.155217092366,88.18700517914685,87.90086388520541,87.99624633789062,1490600
2016-10-06,87.90087238819763,88.04394304900813,87.79754593587914,87.81344604492188,1577400
2016-10-07,87.89292459613287,88.00420109815964,87.73395383315564,87.94061279296875,1601100
2016-10-10,87.74988063243617,87.74988063243617,87.57501577202977,87.71013641357422,1067000
2016-10-11,87.69422935229103,87.83730002920208,87.59089682422913,87.686279296875,1942600
2016-10-12,87.61474699047722,87.686279296875,87.51141446241532,87.686279296875,1037800
2016-10-13,87.8373006908447,87.98037136883345,87.8373006908447,87.86909484863281,1188400
2016-10-14,87.6464964718307,87.88494951633872,87.57496419694598,87.59880828857422,2105300
2016-10-17,87.68628534533255,87.86910024781854,87.68628534533255,87.78961181640625,1490800
2016-10-18,87.67835137180627,87.96449279785156,87.67040737850064,87.96449279785156,1484400
2016-10-19,87.83732711284942,88.06783027806337,87.83732711284942,88.00424194335938,1264200
2016-10-20,88.13136601726947,88.13136601726947,87.89291898420024,87.92471313476562,979900
2016-10-21,88.05191287448854,88.05191287448854,87.90089212524684,88.0201187133789,571100
2016-10-24,88.07575137856978,88.07575137856978,87.79756006669588,87.90088653564453,900800
2016-10-25,87.78960440626724,88.0201074968516,87.77371035979593,87.8849868774414,735100
2016-10-26,87.7578174409097,87.7975555896563,87.66243496850998,87.69422912597656,1136600
2016-10-27,87.39218139648438,87.43192560649699,87.20937258430249,87.39218139648438,3668500
2016-10-28,87.3126985896189,87.47961335540269,87.27296044392658,87.4080810546875,1313200
2016-10-31,87.51140841316335,87.54320256851419,87.40013190149294,87.4796142578125,4413900
2016-11-01,87.22807848719486,87.64993670565404,87.18032347373615,87.4827880859375,2004000
2016-11-02,87.6419892739761,87.89669284010088,87.57831186429189,87.7454605102539,1455900
2016-11-03,87.61814100422873,87.73753466907876,87.56242477031392,87.68977355957031,686600
2016-11-04,87.7932166588628,88.00015911976237,87.77729427103256,87.96036529541016,1699800
2016-11-07,87.63403210967363,87.68974832755654,87.56239957494371,87.59423828125,2617900
2016-11-08,87.61011893872583,87.64195763207303,87.24398307414793,87.28378295898438,1182200
2016-11-09,86.8858477164767,86.8858477164767,85.89091087145995,85.95458221435547,6381300
2016-11-10,85.69988250881764,85.98642481897744,85.42130139411029,85.43721771240234,5445300
2016-11-11,85.60434337778857,85.67597589469166,85.23024626255476,85.2620849609375,2482900
2016-11-14,84.76863098144531,85.08701203064008,84.59352110075751,84.76863098144531,3753800
2016-11-15,84.76066978524675,84.91986334615085,84.70495355708367,84.76863098144531,1391700
2016-11-16,84.58551798735708,84.90389887877501,84.58551798735708,84.84818267822266,2765700
2016-11-17,84.7049395349953,84.75270063166687,84.41044212314743,84.47411346435547,2499200
2016-11-18,84.45025031142838,84.5378052521654,84.02043680397759,84.10003662109375,4093700
2016-11-21,84.16369255278292,84.28308618396859,84.0761376280876,84.1716537475586,1364300
2016-11-22,84.28305939949726,84.43429168911287,84.17162699849956,84.251220703125,1744700
2016-11-23,83.77367403555108,84.04429391568154,83.57468668629798,83.94878387451172,4607100
2016-11-25,83.98063644381912,84.02043027667229,83.76572667048272,83.87715911865234,948200
2016-11-28,84.15576791765857,84.29107791480187,84.06821296124477,84.25923919677734,2474800
2016-11-29,84.11592993469047,84.37063349100413,84.06021372151598,84.34675598144531,1745000
2016-11-30,83.80549371580962,83.9965198273972,83.70997762371054,83.7816162109375,3362500
2016-12-01,83.39031727791846,83.5417579894351,83.14321891904379,83.46205139160156,3467600
2016-12-02,83.63734712964992,83.94820688603524,83.63734712964992,83.83661651611328,1660400
2016-12-05,83.55767921589685,84.01201338380079,83.4620276769406,83.80477142333984,2281600
2016-12-06,83.8286440379134,83.91632305445481,83.75690997777176,83.83661651611328,989400
2016-12-07,83.98806371065858,84.15544926656759,83.98009123240983,84.11559295654297,1237600
2016-12-08,83.84459698101271,83.90039217128852,83.7170616425425,83.79676818847656,1357500
2016-12-09,83.75692835765044,83.85257379216137,83.32650565869001,83.3663558959961,3261000
2016-12-12,83.31059928720632,83.47001855393286,83.19104243869042,83.38233947753906,1538200
2016-12-13,83.525766251705,83.5815614430066,83.27867413040066,83.43011474609375,1993500
2016-12-14,83.70913205392638,83.77289975583437,82.72075699924366,82.73670196533203,3941000
2016-12-15,82.72070141185596,82.75258524138437,82.44172550500566,82.5054931640625,1999200
2016-12-16,82.6489948092235,82.86420312850107,82.46566424884425,82.60913848876953,1811800
2016-12-19,82.89610108786282,83.03160287053245,82.80044955121392,82.99175262451172,1691800
2016-12-20,82.6968357141719,82.86422135069007,82.64104050199917,82.81639862060547,969400
2016-12-21,82.89612433061355,82.99974229678638,82.84830158949123,82.95191955566406,1870500
2016-12-22,82.86007078969702,82.98780257965637,82.79620184927865,82.91595458984375,1872100
2016-12-23,83.00376608444402,83.09158434763116,82.9798167564615,82.99578094482422,830400
2016-12-27,82.79618159891405,82.87601470947266,82.78819646059542,82.87601470947266,1148800
2016-12-28,82.9159580198308,83.26723111578558,82.86007421737231,83.17941284179688,1369800
2016-12-29,83.31513798974775,83.55464350439287,83.31513798974775,83.43489074707031,1328600
2016-12-30,83.4747715706465,83.79411010144496,83.45082224673989,83.68234252929688,2439500
2017-01-03,83.30716840306985,83.73827475539822,83.25926972754873,83.64247131347656,3230500
2017-01-04,83.61048846635543,83.77813981236376,83.52267022451173,83.73822021484375,1523000
2017-01-05,83.90584472500298,84.36888510828781,83.84996096087367,84.28106689453125,3344400
2017-01-06,83.96978042210591,84.12944670638298,83.8580128049363,83.8979263305664,1601400
2017-01-09,84.20129807650599,84.24919674206535,84.11347979572844,84.2172622680664,1275000
2017-01-10,84.17732238769531,84.30505415281998,84.13740278497598,84.17732238769531,1352700
2017-01-11,84.22527941682398,84.56856752917233,84.07359213040388,84.27317810058594,1833700
2017-01-12,84.48070354596064,84.64835493937797,84.29708187266903,84.32103729248047,1544700
2017-01-13,84.12144883639742,84.27312994526352,83.86597918417999,84.13741302490234,1833200
2017-01-17,84.60047412162119,84.64837278959044,84.40887335886578,84.56055450439453,1656800
2017-01-18,84.3050416687873,84.37689572486657,83.92981938594353,83.96175384521484,3640400
2017-01-19,83.69037607987708,83.73827475539822,83.47481985827321,83.64247131347656,1840000
2017-01-20,83.53864049498137,83.76217563927752,83.4109087371875,83.68234252929688,1306400
2017-01-23,83.83404059616903,84.28111094285848,83.69831759160117,84.12144470214844,1720200
2017-01-24,83.9378562496078,84.04962388049577,83.6903716513386,83.80213928222656,1344000
2017-01-25,83.4668402841393,83.57062277741232,83.27523340149459,83.38700103759766,1816000
2017-01-26,83.35502993907487,83.52268130732925,83.17140829334319,83.49872589111328,2212900
2017-01-27,83.54669337808453,83.66644618559644,83.53870823334886,83.60257720947266,2285200
2017-01-30,83.61851155012566,83.78616298442616,83.57859802246094,83.57859802246094,1909300
2017-01-31,83.65844149477748,84.00172954763552,83.65844149477748,83.86601257324219,1411700
2017-02-01,83.60133060706276,83.83320190566113,83.46540794584973,83.70527648925781,2055100
2017-02-02,83.97712900436932,84.0330975226102,83.72926929503265,83.73726654052734,1423500
2017-02-03,83.95313327106167,84.12903605012343,83.64930508002513,83.80121612548828,1711100
2017-02-06,84.14502026080078,84.28094901066902,83.95312910231199,84.20098876953125,1500500
2017-02-07,84.15303209494641,84.504837696595,84.0970635765124,84.35292053222656,1540600
2017-02-08,84.35290040510768,84.7526771842788,84.35290040510768,84.69670867919922,3182200
2017-02-09,84.69674809114592,84.69674809114592,84.17703681636424,84.19303131103516,1530200
2017-02-10,84.0090848101478,84.20097593939715,84.0090848101478,84.13701629638672,1646400
2017-02-13,83.95317910197953,84.01714489294163,83.85723041553638,84.00914764404297,1045200
2017-02-14,83.96912456687416,84.03309032513104,83.52137645929689,83.70527648925781,2318100
2017-02-15,83.41739325370476,83.601287087828,83.40939601305806,83.54531860351562,2750900
2017-02-16,83.63332923347102,83.96114923117977,83.63332923347102,83.88119506835938,2459800
2017-02-17,84.11303264748204,84.208981271378,84.04907299832767,84.10504150390625,2237700
2017-02-21,83.90520850370821,84.17705396737816,83.88921400577843,84.06511688232422,2832700
2017-02-22,84.24096889010013,84.28894015469484,83.92114622587886,84.20098876953125,2812800
2017-02-23,84.35292406906065,84.42488098144531,84.29695554827994,84.42488098144531,1842700
2017-02-24,84.70469813197236,84.88060087464626,84.60874951775686,84.81663513183594,2677000
2017-02-27,84.74466571965095,84.75266296192304,84.46482324121348,84.5127944946289,3292600
2017-02-28,84.55283167880545,84.68076324107804,84.45688300710101,84.4728775024414,2482500
2017-03-01,83.83635457103372,83.90841649998123,83.78831735739948,83.88439178466797,2249000
2017-03-02,83.716243737635,83.74827057841738,83.5320970387554,83.6441879272461,2023300
2017-03-03,83.66820535000258,83.73225903066344,83.4760504165152,83.72425079345703,2509000
2017-03-06,83.74025742474312,83.74826566159237,83.61215617762963,83.70823669433594,1401700
2017-03-07,83.61213810369682,83.65217317079404,83.54808443973872,83.58811950683594,1596300
2017-03-08,83.2038183550177,83.38797114436086,83.18780799044184,83.30790710449219,2392800
2017-03-09,83.21982417865269,83.25185101220069,83.02766317736463,83.0757064819336,2322900
2017-03-10,83.25182342529297,83.27584201537152,83.0676707205375,83.25182342529297,1333000
2017-03-13,83.11574171263433,83.20381398441192,83.01966731323648,83.04368591308594,1342600
2017-03-14,83.08370870953303,83.21982427940033,83.06769834698659,83.13175201416016,864600
2017-03-15,83.25983181381174,83.86032104492188,83.20378639658117,83.86032104492188,3701900
2017-03-16,83.66018540518445,83.76427414881572,83.60413996957314,83.62815856933594,2749900
2017-03-17,83.73224921759652,83.92440412856415,83.71623274506076,83.85234832763672,1186700
2017-03-20,83.8683603357544,84.07653172333858,83.8683603357544,84.0525131225586,1362700
2017-03-21,83.99645295595813,84.36475235649135,83.99645295595813,84.33272552490234,1407000
2017-03-22,84.49283599853516,84.65297012316978,84.42878234868131,84.49283599853516,2231300
2017-03-23,84.54089461532806,84.58092968375986,84.26066746178681,84.40478515625,2584700
2017-03-24,84.38076555299357,84.55691007840426,84.34873872032856,84.45282745361328,2540000
2017-03-27,84.80509025373088,84.83711707878915,84.60492717848597,84.66097259521484,2614000
2017-03-28,84.75706517570956,84.75706517570956,84.36474720257503,84.37274932861328,1356800
2017-03-29,84.5169031736018,84.64501054695043,84.5169031736018,84.61298370361328,1860400
2017-03-30,84.57291243244624,84.58092066697765,84.35673896804363,84.37274932861328,1487800
2017-03-31,84.49284110984823,84.5729051227628,84.42878745611951,84.54087829589844,1698500
2017-04-03,84.64435206986923,84.99717247933656,84.62029724517049,84.95707702636719,4175500
2017-04-04,84.93303419275055,85.01321899230278,84.8368148803711,84.8368148803711,1319600
2017-04-05,84.73255419682049,85.07735428004472,84.69246486296608,84.9971694946289,2551100
2017-04-06,85.02125537134283,85.0773853534053,84.83683090929866,84.94107055664062,1496300
2017-04-07,85.14949789749274,85.25373747374381,84.68441772460938,84.68441772460938,1185400
2017-04-10,84.79671942174095,84.93303419275055,84.75662396311081,84.8368148803711,1752500
2017-04-11,85.03726111068755,85.31791090583798,85.02122048370369,85.22970581054688,2219200
2017-04-12,85.29385871094124,85.54243337748915,85.22970843644278,85.49432373046875,2273600
2017-04-13,85.63869370702537,85.80708365796193,85.48633827239779,85.7509536743164,1868200
2017-04-17,85.75891327279376,85.83108384450823,85.54241379306134,85.61457824707031,1110500
2017-04-18,85.8471114589213,86.175876925784,85.7990018267775,86.10370635986328,1678400
2017-04-19,85.89528257621699,85.9353719229431,85.79103681576937,85.87924194335938,1750000
2017-04-20,85.7428975383223,85.80704781217831,85.57450765773041,85.686767578125,1694700
2017-04-21,85.76696464379663,85.89526520988186,85.70281436075402,85.72687530517578,2792500
2017-04-24,85.34192979999077,85.5504150390625,85.29382017470658,85.5504150390625,3558000
2017-04-25,85.27780299946603,85.3740283941933,85.0693177030765,85.10941314697266,1985700
2017-04-26,85.10942638976817,85.33394622802734,85.09339188033827,85.33394622802734,1314400
2017-04-27,85.30186296646939,85.49431376753785,85.26177363785976,85.39006805419922,1988200
2017-04-28,85.25375928121004,85.51837456288656,85.213663832093,85.47827911376953,5489800
2017-05-01,85.3819320641421,85.51845174203507,85.16510705377705,85.29359436035156,2044400
2017-05-02,85.25344324299867,85.51845022275818,85.23737850064718,85.47026824951172,1585300
2017-05-03,85.4863283836654,85.51845174203507,85.24541238624914,85.29359436035156,1861300
2017-05-04,85.00446003728187,85.11688868814788,84.98036905879657,85.100830078125,1237100
2017-05-05,85.1088713406086,85.14098856401066,84.96431932768894,85.11689758300781,980000
2017-05-08,85.03661413841205,85.03661413841205,84.85993872975452,84.90812683105469,4887400
2017-05-09,84.79567994949201,84.85190041416158,84.69931601440888,84.8117446899414,1457900
2017-05-10,84.99642698229955,85.01249171909463,84.7233877258023,84.77960205078125,995500
2017-05-11,84.65114567615986,84.88402930253962,84.65114567615986,84.84387969970703,1088800
2017-05-12,85.17313203997813,85.34980744494928,85.17313203997813,85.27753448486328,2005600
2017-05-15,85.23734919830586,85.26144017664724,85.1650762632817,85.2212905883789,672200
2017-05-16,85.21327918612751,85.45420128262248,85.21327918612751,85.333740234375,1314500
2017-05-17,85.76741665230533,86.06454703122263,85.7112023000584,86.01636505126953,5644700
2017-05-18,86.08857427673696,86.12872998156776,85.9038727390761,85.9922103881836,1715200
2017-05-19,85.90394632219797,85.98425167374674,85.76742661187451,85.96819305419922,3503100
2017-05-22,85.87176513671875,85.9360118254612,85.83160942452936,85.87176513671875,1425800
2017-05-23,85.96814661004636,85.96814661004636,85.60676353295517,85.64691925048828,2984700
2017-05-24,85.64695585700588,85.87181326673254,85.56665051451849,85.8236312866211,1776300
2017-05-25,85.87176513671875,85.91192084890814,85.76736886268839,85.87176513671875,1361000
2017-05-26,85.95213054418215,85.99228628445417,85.87985756397944,85.92803955078125,1016600
2017-05-30,86.07254060025012,86.14481353759766,86.00829390467312,86.14481353759766,2335200
2017-05-31,86.10467698162876,86.24922900510666,86.05649501610381,86.18498229980469,1752300
2017-06-01,86.01127728139292,86.15605057301214,85.9791047570018,86.13996124267578,1769300
2017-06-02,86.46166684929835,86.6144847822232,86.38928328293225,86.5179672241211,1803200
2017-06-05,86.38121360689513,86.45359715230221,86.35708575842611,86.3731689453125,1414900
2017-06-06,86.68690143099687,86.72711862962437,86.59038997234363,86.64669036865234,2078900
2017-06-07,86.55820667683736,86.6305902618261,86.40538870459596,86.4858169555664,1795800
2017-06-08,86.40536042947765,86.40536042947765,86.19624213636018,86.34906005859375,3863000
2017-06-09,86.18013522960854,86.33294697350888,86.1479627213457,86.26860809326172,1203400
2017-06-12,86.15600631288346,86.42141876426949,86.15600631288346,86.25251770019531,766700
2017-06-13,86.17210538558052,86.31687862951749,86.17210538558052,86.28470611572266,682300
2017-06-14,86.79944481321255,87.00051840079112,86.63054373600002,86.73509979248047,3712100
2017-06-15,86.61449368966818,86.63862154760487,86.5179761216402,86.58232116699219,2000400
2017-06-16,86.59838168496692,86.72707174197424,86.59838168496692,86.63055419921875,3460300
2017-06-19,86.53408756842207,86.56626010160248,86.38932037353516,86.38932037353516,1105900
2017-06-20,86.46166441816338,86.67078272003096,86.46166441816338,86.60643768310547,1252000
2017-06-21,86.50989291981426,86.65466613922428,86.49380973378139,86.5983657836914,1159800
2017-06-22,86.72705669198241,86.7511845394144,86.57423880987504,86.67879486083984,1160100
2017-06-23,86.63858924377624,86.73510063953798,86.5983720713562,86.70293426513672,1581000
2017-06-26,86.78335899247179,86.8718318592237,86.76726966963759,86.77531433105469,3625000
2017-06-27,86.47774399077974,86.5018779808273,86.26863183394248,86.34906005859375,1755200
2017-06-28,86.30881912638138,86.30881912638138,86.13187339907502,86.26860809326172,1530900
2017-06-29,85.81820174766705,86.03536465103643,85.76994605193106,85.94689178466797,1997200
2017-06-30,85.93084158082173,85.93084158082173,85.68955685602127,85.74585723876953,1909600
2017-07-03,85.74503585280625,85.75309253250822,85.39062183671815,85.43089294433594,1255300
2017-07-05,85.41473671971644,85.59194669880105,85.36640896012699,85.49528503417969,10477800
2017-07-06,85.334228515625,85.35839240677768,85.16507513211084,85.334228515625,1794300
2017-07-07,85.22954724420703,85.29398841230858,85.1570555391788,85.19732666015625,1799900
2017-07-10,85.25364511806528,85.39058403058573,85.24559458737365,85.3100357055664,1247700
2017-07-11,85.27781634088998,85.44696966943273,85.2536463121467,85.42280578613281,1112600
2017-07-12,85.74507624882315,85.79341020435987,85.6403639451499,85.6725845336914,2451700
2017-07-13,85.66451750511304,85.66451750511304,85.42287233840673,85.58396911621094,2095900
2017-07-14,85.93835986917918,85.97863097706698,85.68865196031227,85.70476531982422,1260400
2017-07-17,85.75306379406193,85.87388936731499,85.70473602293829,85.8094482421875,1289200
2017-07-18,86.08331746905121,86.16386580041599,86.01081966901226,86.12358856201172,1776100
2017-07-19,86.13164523878132,86.19608636205065,86.067204115512,86.12358856201172,2466000
2017-07-20,86.26857642202786,86.31691033630831,86.11553643889674,86.14775085449219,2317200
2017-07-21,86.30887607568582,86.40553163846265,86.2847121849916,86.30081939697266,1664200
2017-07-24,86.25248722029478,86.3088716775231,86.17998940646129,86.24443054199219,2342700
2017-07-25,85.94640715467237,85.94640715467237,85.73698265250168,85.76114654541016,2513600
2017-07-26,85.76110001682841,86.12357050469352,85.71277225723107,86.03496551513672,3010400
2017-07-27,85.8658659727988,85.97058437808187,85.80142482269326,85.89808654785156,1853000
2017-07-28,85.89002936727613,86.06723945631063,85.86586547248892,86.04307556152344,1001600
2017-07-31,85.99473854802335,86.07528690382303,85.938354084419,86.06723022460938,921800
2017-08-01,85.9340915510509,86.31326099530413,85.89375817386448,86.28099060058594,1958300
2017-08-02,86.24067218073279,86.36168464317696,86.19226350278541,86.20033264160156,516100
2017-08-03,86.3778430914948,86.52305685969513,86.30523928487031,86.49885559082031,1576200
2017-08-04,86.29715535334996,86.29715535334996,86.07933166090599,86.26488494873047,1266100
2017-08-07,86.2245589984686,86.32137022759042,86.17615646138334,86.31330108642578,554100
2017-08-08,86.28100263329956,86.28907177184153,86.10352467002116,86.24066925048828,1277800
2017-08-09,86.5553050718164,86.57950633448455,86.34555053710938,86.34555053710938,1268000
2017-08-10,86.51497577867069,86.70052907268885,86.49884365329763,86.66825866699219,1412000
2017-08-11,86.61986954235338,86.8215549929601,86.57952999025144,86.76508331298828,911000
2017-08-14,86.59560833547917,86.68435037102651,86.52300457273009,86.5552749633789,1386100
2017-08-15,86.20843807628955,86.36978399084603,86.18423680460128,86.29718017578125,1146300
2017-08-16,86.21646969784521,86.58757006378715,86.20033142044153,86.45848846435547,2160100
2017-08-17,86.49078789958837,86.79734756872804,86.45851748889712,86.76508331298828,1637300
2017-08-18,86.91834119367824,86.97481286138589,86.65212113445659,86.78119659423828,1235700
2017-08-21,86.80539896846291,86.89414104098849,86.77312856436723,86.8376693725586,718800
2017-08-22,86.75700074392037,86.75700074392037,86.61985613592248,86.66825866699219,984500
2017-08-23,86.85380014214431,86.96674346923828,86.78119020046978,86.96674346923828,1246100
2017-08-24,86.8296127319336,86.92642395815663,86.78121019629764,86.8296127319336,2520900
2017-08-25,86.83768599998737,87.0232393203292,86.78121432074444,86.9748306274414,1007500
2017-08-28,86.93443802207908,87.06351342031675,86.90216763378285,87.05545043945312,921700
2017-08-29,87.45884173037675,87.47497385086383,87.1603451843017,87.25715637207031,1590200
2017-08-30,87.1200523742238,87.23299574305244,87.1200523742238,87.1845932006836,1299900
2017-08-31,87.19261798810285,87.32976255835088,87.18454885016213,87.32169342041016,1023600
2017-09-01,87.22640710339533,87.25064465209618,87.01633807435759,87.0648193359375,3460000
2017-09-05,87.38796429336263,87.67882091966241,87.36372059067666,87.67074584960938,3054800
2017-09-06,87.64647892290321,87.70303521518903,87.36369129730062,87.46064758300781,1601500
2017-09-07,87.54149473618885,87.9131514782204,87.54149473618885,87.84043884277344,4292500
2017-09-08,87.80809086557187,87.80809086557187,87.6626594788556,87.77577209472656,1249100
2017-09-11,87.42027269683591,87.45259146802032,87.27484130859375,87.27484130859375,2206200
2017-09-12,87.13753198204007,87.13753198204007,86.98402545220858,87.0648193359375,3167800
2017-09-13,87.08093037876574,87.08093037876574,86.87086145893045,86.88702392578125,1590900
2017-09-14,86.79818208293318,86.91937597401547,86.7739445375522,86.90321350097656,1377700
2017-09-15,86.91128341302579,87.00823974609375,86.75777076004564,87.00823974609375,1477000
2017-09-18,86.6608092071146,86.74160305863629,86.58809042582206,86.66888427734375,3032500
2017-09-19,86.693123785146,86.73351762686416,86.54769239377464,86.57192993164062,673300
2017-09-20,86.65273025161163,86.66888655667057,86.26491112426213,86.40226745605469,2397500
2017-09-21,86.44269873886584,86.5558114157949,86.28919219970703,86.28919219970703,2390000
2017-09-22,86.56388952834627,86.58005200399745,86.41845806837736,86.44269561767578,826600
2017-09-25,86.53963753628764,86.76586284422227,86.45076242757371,86.70122528076172,1927000
2017-09-26,86.62040539925042,86.67696170925205,86.5476927853235,86.62848663330078,1061000
2017-09-27,86.20028264800278,86.31339527975918,86.1598826377286,86.18412017822266,4039100
2017-09-28,86.07910889675796,86.23262157466216,86.03063380444192,86.16798400878906,1873300
2017-09-29,86.25684754708884,86.2649226186063,86.01445978967652,86.06293487548828,2037800
2017-10-02,86.11067568246017,86.15113609072117,85.96502685546875,85.96502685546875,3221600
2017-10-03,85.9893092369515,86.11877761763076,85.96503545892219,86.08641052246094,2521700
2017-10-04,86.16736040830544,86.16736040830544,85.98125725171997,86.06217193603516,2198300
2017-10-05,86.09449669653495,86.1430442485657,85.92457409103565,85.9731216430664,1779900
2017-10-06,85.74656012442769,85.96503028693972,85.64945884476023,85.86793518066406,2350600
2017-10-09,85.94075307986877,85.99739394739923,85.88411221233831,85.96502685546875,893100
2017-10-10,86.01357737912896,86.19968043406413,85.97311697237366,85.99739074707031,1123100
2017-10-11,86.11874093077455,86.12683424446726,85.99736591894192,86.09446716308594,2841200
2017-10-12,86.151118380269,86.20775923615555,86.06211043910578,86.1753921508789,1349300
2017-10-13,86.43430772500345,86.51522233751896,86.3291193460722,86.4666748046875,1521700
2017-10-16,86.31297449287331,86.41007577892006,86.23205984119711,86.3210678100586,1666100
2017-10-17,86.191534041523,86.32100232470067,86.17535359281956,86.28863525390625,673800
2017-10-18,86.02168247313767,86.10260330353516,85.9893153756572,86.07023620605469,1788500
2017-10-19,86.30482843044244,86.337189330307,86.10253885265504,86.1591796875,1518700
2017-10-20,85.88409150350269,85.94073235737561,85.77080979575686,85.80317687988281,2651400
2017-10-23,85.84365671588878,85.94075799723619,85.84365671588878,85.88411712646484,709800
2017-10-24,85.67370775633307,85.73844192399032,85.57661267823723,85.62516021728516,1605600
2017-10-25,85.34197629681255,85.56044644800345,85.34197629681255,85.48762512207031,1838800
2017-10-26,85.56854789579914,85.58472835641365,85.36625818446156,85.37435150146484,2062400
2017-10-27,85.46332631614946,85.65752263515286,85.39859215201844,85.64942932128906,1315000
2017-10-30,85.84365178883326,85.96502684020314,85.79510423764192,85.95693969726562,1692700
2017-10-31,85.9650499883367,85.9731433068451,85.88413532343243,85.90032196044922,1178000
2017-11-01,85.83869144525772,86.0818171046011,85.83869144525772,85.9521484375,1321500
2017-11-02,86.04938441579193,86.18715271252871,86.000761765871,86.06558990478516,1997900
2017-11-03,86.17907451310856,86.22770336156539,86.02510067800107,86.2033920288086,2532400
2017-11-06,86.28441212251302,86.35734610409507,86.22768363141304,86.30872344970703,858400
2017-11-07,86.32495958546943,86.40600561547649,86.27633691382039,86.34117126464844,734800
2017-11-08,86.3816773229259,86.41409449429675,86.2114918104363,86.23580932617188,947800
2017-11-09,86.12234600902828,86.276326027079,86.08993502064803,86.2033920288086,925900
2017-11-10,85.90350009191607,85.92781141399236,85.73331465444156,85.76573181152344,1862000
2017-11-13,85.83059996253219,85.87111678765204,85.71713677654493,85.7252426147461,868300
2017-11-14,85.74956549392017,85.90354552576308,85.7333599982785,85.84681701660156,1629200
2017-11-15,86.13042805384207,86.18715654225096,85.97644807832872,86.15473937988281,1933100
2017-11-16,86.01698342960309,86.06560608866708,85.9197319285327,85.93594360351562,1749200
2017-11-17,86.08993859995385,86.13045542858534,85.98458124303637,86.0494155883789,941200
2017-11-20,85.9440535211015,86.02509335103622,85.86300750822406,85.91163635253906,1153400
2017-11-21,86.04941166215274,86.08993467187872,85.86301447353367,85.92784881591797,835600
2017-11-22,86.01699483943439,86.24390885575552,85.98457766811092,86.2033920288086,1657900
2017-11-24,86.12231103484228,86.1790395158852,86.0979997119583,86.13041687011719,614400
2017-11-27,86.17097407138739,86.24390806899247,86.05751706426184,86.18717956542969,1927500
2017-11-28,86.31684903696916,86.34926620829263,86.13045184759495,86.2033920288086,1388000
2017-11-29,85.91974297738413,85.96837182564396,85.80628596968322,85.92784881591797,3193600
2017-11-30,85.8711012356987,85.91162423642245,85.57124710599167,85.66039276123047,3306400
2017-12-01,85.7902642220162,86.30971283436341,85.62793885277617,85.97694396972656,4341500
2017-12-04,85.7496592055202,85.93633270263672,85.74154108189785,85.93633270263672,2356200
2017-12-05,85.7983871779401,86.02564518459533,85.78215711702885,86.00129699707031,1586000
2017-12-06,86.19611593029829,86.28539677431647,86.16365579821733,86.17988586425781,1459000
2017-12-07,86.17985583409897,86.25290039430541,85.9201315217271,86.02564239501953,1953400
2017-12-08,86.00940498747524,86.04998323112937,85.89577599753879,85.96070861816406,2519500
2017-12-11,86.00939430178641,86.04997254039917,85.87952907667018,85.90387725830078,702200
2017-12-12,85.82272293901481,85.83895918989145,85.70909395213977,85.83084106445312,2557500
2017-12-13,85.9526277857818,86.21235218865698,85.86334694176362,86.17988586425781,1477800
2017-12-14,86.02561466861722,86.22041248434904,85.92010382933137,86.1473617553711,982100
2017-12-15,86.01751268643486,86.17171990133306,85.96881013071169,86.13114166259766,1845200
2017-12-18,86.05807978771625,86.08242796626936,85.90386640046124,85.93633270263672,1610300
2017-12-19,85.72538331060964,85.73349524875802,85.42507440650152,85.54682159423828,4535100
2017-12-20,85.30329177211372,85.45750522532022,85.25459539418183,85.29517364501953,3027000
2017-12-21,85.30652843029902,85.36343171615486,85.2496251444432,85.35530090332031,2098800
2017-12-22,85.34721527547993,85.38786315917969,85.31469820891937,85.38786315917969,696900
2017-12-26,85.39595525333587,85.51788644515261,85.37969362643132,85.42034149169922,2584800
2017-12-27,85.54230230707422,85.81868802019149,85.54230230707422,85.78617095947266,2291500
2017-12-28,85.7048977242921,85.74554560842756,85.63173277324755,85.68051147460938,1540500
2017-12-29,85.73740551088369,85.8755983787919,85.72927469453742,85.81869506835938,1849600
2018-01-02,85.71302043759295,85.73740668497003,85.4284976795383,85.5341796875,3902000
2018-01-03,85.63982872906192,85.6886074105674,85.53415295612209,85.62357330322266,2135900
2018-01-04,85.43660025127544,85.59105470292978,85.37156614510586,85.58292388916016,2430000
2018-01-05,85.58290200132794,85.61541904609649,85.40406135609693,85.47722625732422,2163600
2018-01-08,85.51788162601224,85.5341432520004,85.3634333910834,85.43659210205078,2450600
2018-01-09,85.29031221603618,85.29031221603618,85.0139264524346,85.03018188476562,5924200
2018-01-10,84.77810136936475,85.04636226148892,84.72932891697504,85.0057144165039,2142500
2018-01-11,84.9650861997959,85.13580222657876,84.8837966930371,85.06263732910156,1798700
2018-01-12,84.88377708353924,85.03823145209384,84.86752166673948,85.0057144165039,1430700
2018-01-16,85.14399275674218,85.16025439187925,84.93264111593325,85.04644775390625,5927500
2018-01-17,84.91637749978791,85.054570385246,84.8025708644699,84.8594741821289,2186100
2018-01-18,84.6318572947818,84.713146859107,84.52618148135865,84.5912094116211,3326100
2018-01-19,84.5423987113167,84.5423987113167,84.32291636661634,84.37168884277344,2921600
2018-01-22,84.4367235182504,84.50175141956971,84.27413825996848,84.33917236328125,8047400
2018-01-23,84.53425965668306,84.63181080148037,84.46110094957969,84.58303833007812,1780100
2018-01-24,84.43675571261505,84.50178363872847,84.32294908942183,84.42049407958984,1952200
2018-01-25,84.33107570135445,84.61559226607642,84.23353070887603,84.60746765136719,3342000
2018-01-26,84.50989269641482,84.50989269641482,84.26602408178799,84.35543823242188,3324500
2018-01-29,84.13595793049784,84.17660580160018,83.98150346270221,84.14408874511719,2328200
2018-01-30,84.07091964402888,84.11969832732905,83.90834057167912,83.94898223876953,2346900
2018-01-31,84.08718000241065,84.1278216688872,83.74575403244255,83.97337341308594,2966400
2018-02-01,83.94729993358584,83.94729993358584,83.51575806017604,83.5401840209961,8958300
2018-02-02,83.28780044063421,83.35294049811912,83.14123841734208,83.23080444335938,5753500
2018-02-05,83.25524591213686,84.11833009215628,83.12496577291184,83.9147720336914,6902000
2018-02-06,83.82516041213974,83.89844450363127,83.54832458496094,83.54832458496094,5382900
2018-02-07,83.66234123014091,83.67862313744679,83.20637328040742,83.3040771484375,4773700
2018-02-08,83.07611981588558,83.48323596216521,82.96212779189523,83.37738800048828,5685300
2018-02-09,83.14123841734208,83.71119839009049,83.14123841734208,83.23080444335938,4376900
2018-02-12,83.23077819471585,83.34477015331568,83.11678623611603,83.20635223388672,2836300
2018-02-13,83.27150348773442,83.36921356359781,83.19822558990973,83.34478759765625,2698100
2018-02-14,83.10051217064027,83.10051217064027,82.75039217800433,82.83995819091797,4141900
2018-02-15,82.85622677901992,83.01907064842631,82.83993866482203,82.86436462402344,3057300
2018-02-16,83.12494829694499,83.19823241287675,83.01910036515206,83.059814453125,2277800
2018-02-20,82.8969307574829,83.01906675986464,82.82365288331094,82.97021484375,2138300
2018-02-21,83.05165378017357,83.05165378017357,82.620111867212,82.72595977783203,2253900
2018-02-22,82.85624630895511,82.94581232186874,82.80738816694057,82.83995819091797,4411800
2018-02-23,83.05981260988159,83.22265653396425,83.03538664247894,83.15751647949219,4484700
2018-02-26,83.34477688146592,83.41805476986879,83.21449679706569,83.25521087646484,2725600
2018-02-27,83.28778341047625,83.32035343255899,82.83995337195924,82.99465942382812,3308900
2018-02-28,83.09238249530225,83.20637448438507,83.02724244094136,83.1900863647461,2521400
2018-03-01,83.31158300618222,83.67855595804315,83.20556389696738,83.5480728149414,5352600
2018-03-02,83.44209554663496,83.4502523020054,83.1892921261839,83.23822021484375,2140800
2018-03-05,83.46653145636293,83.46653145636293,83.03431689413993,83.1321792602539,2059300
2018-03-06,83.15662896179242,83.30341937477002,83.11585142749603,83.12400817871094,2331300
2018-03-07,83.31157612598493,83.36050418971806,83.11585142749603,83.12400817871094,1258100
2018-03-08,83.23821850187105,83.37685223140858,83.19744094763942,83.29530334472656,1636700
2018-03-09,83.09139595096612,83.181101558232,82.99353359164546,83.11585998535156,1604500
2018-03-12,83.18110894470303,83.31974263305047,83.13218087158731,83.31159210205078,1885700
2018-03-13,83.44205381999755,83.49098188419009,83.2871066543502,83.45021057128906,1742100
2018-03-14,83.40132543785289,83.71937670788249,83.38501814743745,83.61335754394531,2598900
2018-03-15,83.59704013375772,83.68674577463827,83.49917773776588,83.58072662353516,2758000
2018-03-16,83.47468473941726,83.49914877448411,83.37682237737087,83.48284149169922,3595300
2018-03-19,83.30345760935803,83.55626101704841,83.29530085439933,83.40131378173828,2825000
2018-03-20,83.25452750380325,83.3116185696149,83.21375617051382,83.23822021484375,2600600
2018-03-21,83.13220557136256,83.36054494278467,82.92017348856436,83.29530334472656,3365600
2018-03-22,83.60515844974636,83.80903369649657,83.4991455612766,83.63777923583984,5026500
2018-03-23,83.55624223185461,83.79273829823936,83.55624223185461,83.75196075439453,2519000
2018-03-26,83.60520001793701,83.71121918089786,83.49918707675802,83.52365112304688,4184900
2018-03-27,83.61331844519037,84.03738245907697,83.6051616929059,83.9966049194336,3495900
2018-03-28,84.16787030714,84.20864785207408,83.90691019618947,83.98030853271484,2762500
2018-03-29,84.0047750960745,84.24942170769336,84.0047750960745,84.15156555175781,2572100
2018-04-02,84.09030300695574,84.41705263934912,84.04945618673169,84.23734283447266,2748800
2018-04-03,84.10665030421951,84.1393265187108,83.93510485240324,83.96778106689453,4229600
2018-04-04,84.13931119484573,84.13931119484573,83.87790775887417,83.91875457763672,2216900
2018-04-05,83.78800144500205,83.82067763470644,83.67363789720969,83.70631408691406,1789300
2018-04-06,83.97592933614783,84.10662792698893,83.861565732031,84.0739517211914,2651200
2018-04-09,83.92688239517078,84.09026336669922,83.85336563224308,84.09026336669922,2071100
2018-04-10,83.98407787997306,84.03309529560268,83.87788490541321,83.9432373046875,1622400
2018-04-11,84.10661261538172,84.13928881523054,83.94323784848547,84.0249252319336,2520600
2018-04-12,83.91058867793303,83.91875928861413,83.69819642667379,83.72270202636719,2188600
2018-04-13,83.64916382040033,83.83704419153534,83.64916382040033,83.79620361328125,2937700
2018-04-16,83.59199628816067,83.77171231371854,83.57565506819213,83.75537109375,1637400
2018-04-17,83.71453816496594,83.86157799638418,83.68186195438967,83.80438995361328,1301800
2018-04-18,83.63285009416337,83.73087873242305,83.47764587402344,83.47764587402344,2127600
2018-04-19,83.28157134082089,83.33875314320288,83.15087274924022,83.2489013671875,3181500
2018-04-20,83.14269101407376,83.19170220031454,82.97114562988281,82.97114562988281,2309400
2018-04-23,82.89764357136623,82.9384841563699,82.78327372924777,82.88947296142578,5022800
2018-04-24,82.77510025596257,82.87312263507968,82.71791845736138,82.79143524169922,3178800
2018-04-25,82.66074991267685,82.70976111009391,82.55455067514038,82.61173248291016,3295800
2018-04-26,82.8077998498427,82.88131665494623,82.75878241408995,82.84864044189453,1989500
2018-04-27,82.9221492398316,83.03651284969867,82.91397862988416,82.98749542236328,2409300
2018-04-30,83.02835848536563,83.16722771989737,83.01202349462388,83.0773696899414,3504400
2018-05-01,83.06998462151917,83.06998462151917,82.9144821595914,82.94721984863281,1894000
2018-05-02,82.97994299012151,83.07815604002761,82.90628788574791,82.96357727050781,3852600
2018-05-03,83.13543603813818,83.2909322111728,83.11906407629837,83.17635345458984,6026900
2018-05-04,83.27458212851101,83.30731981426332,83.06179029315855,83.18455505371094,2370500
2018-05-07,83.17639156423431,83.20094951824595,83.10273643442974,83.1436538696289,1854900
2018-05-08,83.01268732527355,83.08634243554917,82.92266024999769,83.00450134277344,1654600
2018-05-09,82.81627655029297,82.90630363545733,82.79172484417101,82.81627655029297,2838400
2018-05-10,83.01270325843053,83.05362693471072,82.90631044180894,82.98815155029297,4183700
2018-05-11,83.04541077147758,83.04541077147758,82.90628031320789,82.99630737304688,2816300
2018-05-14,82.86537996253688,82.88993166865883,82.80809056689371,82.81627655029297,4762000
2018-05-15,82.49707739087106,82.49707739087106,82.24336190266904,82.35794067382812,6812500
2018-05-16,82.25155630686243,82.41523849840017,82.18608093261719,82.18608093261719,4784200
2018-05-17,82.21885743078833,82.26796086261363,82.11246458047405,82.13701629638672,1702300
2018-05-18,82.29250976581257,82.50529544302275,82.29250976581257,82.45619201660156,2642300
2018-05-21,82.41522994199275,82.52162897511369,82.36612653844446,82.51344299316406,2845100
2018-05-22,82.51345820978058,82.52164419323981,82.40706540111405,82.48072052001953,1977000
2018-05-23,82.73442060184884,82.9062950149829,82.71805488082782,82.85718536376953,5102500
2018-05-24,83.04547086602601,83.18460142497534,83.01273316202406,83.07002258300781,2994100
2018-05-25,83.32370801093465,83.40555536943057,83.28279057576347,83.39736938476562,2838400
2018-05-29,83.76564614308741,84.46130488726799,83.67561905623246,84.29762268066406,11256200
2018-05-30,83.94569361229372,84.06845837947976,83.79019115758638,83.93750762939453,4512200
2018-05-31,83.94570986406309,84.08484037990753,83.75746968539141,83.8966064453125,5321700
2018-06-01,83.5209966155877,83.71780428439426,83.45539197385119,83.58660125732422,7891000
2018-06-04,83.49639163727203,83.50459378111815,83.2913818359375,83.2913818359375,3131800
2018-06-05,83.51279641300773,83.61940552240905,83.41439570451806,83.50460052490234,4305500
2018-06-06,83.28318573386835,83.30778591078868,83.11918038346401,83.16838073730469,3910500
2018-06-07,83.16838656430711,83.75061373235893,83.14378638566322,83.52100372314453,4400400
2018-06-08,83.43076624567652,83.52917317814304,83.38156590764379,83.40616607666016,7342800
2018-06-11,83.25862933157333,83.34883419864337,83.24223129047259,83.32423400878906,1875800
2018-06-12,83.20939687395432,83.31599974102882,83.19299258277118,83.2750015258789,1664800
2018-06-13,83.29960475797891,83.35700726641491,82.95518970736288,83.17659759521484,3294700
2018-06-14,83.33242298758312,83.44722802636353,83.26681832073562,83.43902587890625,3626400
2018-06-15,83.61940552240905,83.72600837540726,83.48000034777992,83.50460052490234,5826500
2018-06-18,83.61122844222521,83.6276327361598,83.48002537277355,83.54562377929688,4600500
2018-06-19,83.79159083222986,83.87359348639286,83.7177840640021,83.7669906616211,4172800
2018-06-20,83.73423402022965,83.75063205744571,83.48821966715437,83.49642181396484,3059000
2018-06-21,83.6276130147235,83.7834162319298,83.6276130147235,83.71781158447266,2680500
2018-06-22,83.6112457253715,83.77525741659493,83.60304357670876,83.7342529296875,2309500
2018-06-25,83.82444461409122,83.9720519847774,83.81624246671828,83.84904479980469,8110800
2018-06-26,83.86538533500675,83.93919209794616,83.8161849973145,83.8899917602539,3873200
2018-06-27,84.10324499210735,84.24265645513597,84.0376465901931,84.20985412597656,3044200
2018-06-28,84.20166020547488,84.22626039064654,84.06225498523196,84.12785339355469,3705600
2018-06-29,84.11965074290322,84.20165343902077,84.0540460834473,84.06224822998047,2721200
2018-07-02,84.14440192850671,84.16904779247517,83.98009199003546,84.0047378540039,3911500
2018-07-03,84.03763140135513,84.21837615966797,84.02941402106146,84.21837615966797,1463800
2018-07-05,84.19368264528333,84.32512931547888,84.1772478939957,84.2265396118164,1682300
2018-07-06,84.32515245747098,84.38266156671814,84.22656272675177,84.30050659179688,3206500
2018-07-09,84.10333355954036,84.16084266889773,84.07047031590432,84.08689880371094,2258800
2018-07-10,84.00474308216359,84.09511543435394,83.97187983881956,84.02117156982422,4461100
2018-07-11,84.17726031464674,84.21834093090631,84.0622421107464,84.19369506835938,2198700
2018-07-12,84.08688378473926,84.193690874485,84.07045529986698,84.16082763671875,1385900
2018-07-13,84.25121486044867,84.32515245747098,84.1937057512015,84.30050659179688,2891800
2018-07-16,84.1197470225055,84.193690874485,84.01294620078146,84.16082763671875,1782600
2018-07-17,84.2101543905423,84.2101543905423,84.08691876465859,84.11156463623047,1034700
2018-07-18,84.15256950779673,84.16899798471322,84.02111662039026,84.04576873779297,1355300
2018-07-19,84.10334392751477,84.34980888313422,84.08690916965932,84.27587127685547,4201700
2018-07-20,84.17729103821458,84.17729103821458,83.94725454645368,83.98011779785156,3362700
2018-07-23,83.88145850036547,83.88967587340827,83.55283252686363,83.56926727294922,5285700
2018-07-24,83.5528643170228,83.66788251130764,83.49535521988037,83.6268081665039,3293800
2018-07-25,83.7253660206669,83.78287509592828,83.51997557073064,83.56926727294922,2403800
2018-07-26,83.65148548619325,83.69256611446787,83.46252337136343,83.47895812988281,2598200
2018-07-27,83.66790645246556,83.66790645246556,83.53645973625068,83.61039733886719,1435100
2018-07-30,83.44606146090274,83.60216026420042,83.4378440849341,83.50357055664062,3832700
2018-07-31,83.63506421550453,83.65971008738731,83.56112033183177,83.6186294555664,3053600
2018-08-01,83.35517091063126,83.47864911093458,83.29754858787133,83.4210205078125,5366800
2018-08-02,83.4786659454997,83.53628827987993,83.40457649823173,83.51982116699219,3370800
2018-08-03,83.58565311187031,83.75852006548737,83.57741955778522,83.73382568359375,2174800
2018-08-06,83.79146863810469,83.92317413409513,83.76677425012919,83.7750015258789,3867200
2018-08-07,83.72563584707774,83.72563584707774,83.58569675636981,83.60215759277344,2181400
2018-08-08,83.62685157337039,83.72563543239755,83.61862429539178,83.6762466430664,2777900
2018-08-09,83.80795441957686,83.90673828125,83.79149358281386,83.90673828125,4318000
2018-08-10,84.1289374715684,84.37589381928136,84.10424309286927,84.26888275146484,4327800
2018-08-13,84.21953015719566,84.34300839328054,84.1536805409325,84.24422454833984,1764700
2018-08-14,84.22775927450336,84.23599283123873,84.12074815839807,84.16190338134766,2487600
2018-08-15,84.34296614368681,84.52406662851149,84.3182717649127,84.36766052246094,4810700
2018-08-16,84.3841561887368,84.39238346420551,84.19482208678617,84.3429946899414,2594400
2018-08-17,84.41707702267279,84.49116017783015,84.29359881704809,84.37591552734375,3043400
2018-08-20,84.54059753135049,84.67230936780504,84.52413669197668,84.6393814086914,2901100
2018-08-21,84.56529329149139,84.56529329149139,84.46650941989708,84.52413177490234,2516700
2018-08-22,84.75459464482367,84.75459464482367,84.59818846721967,84.68051147460938,2396500
2018-08-23,84.7134255960983,84.74634725724486,84.64756971307983,84.6722640991211,871000
2018-08-24,84.52408584873571,84.7134199296587,84.491157909429,84.69695281982422,1296600
2018-08-27,84.5817430958664,84.60643749045207,84.4911927954757,84.50765991210938,1851900
2018-08-28,84.35942167208609,84.39234331902612,84.2853322655711,84.3182601928711,1506300
2018-08-29,84.34297549398053,84.3512090479383,84.21127003246403,84.29358673095703,1420400
2018-08-30,84.40887986250314,84.52412456268013,84.38418546680309,84.45003509521484,2780900
2018-08-31,84.63935108295918,84.64758463987906,84.45825051290433,84.46648406982422,2132200
2018-09-04,84.34769123604309,84.39717935888159,84.23221475408909,84.27345275878906,3419500
2018-09-05,84.25697815145257,84.3229665257116,84.17449583012764,84.26522827148438,1332300
2018-09-06,84.31468132094763,84.5043899517543,84.30643120434883,84.43840789794922,1656700
2018-09-07,84.14151095594252,84.16625502577895,84.0260344347069,84.05902862548828,4405000
2018-09-10,84.042509253087,84.14149180289985,84.042509253087,84.1084976196289,3110800
2018-09-11,83.94348892867168,83.96823927473498,83.80326843261719,83.80326843261719,3360500
2018-09-12,83.93526163097394,83.97649962987644,83.90226745605469,83.90226745605469,1398800
2018-09-13,84.01775430795422,84.01775430795422,83.87753376696006,83.89402770996094,1281600
2018-09-14,83.72910663457928,83.81983910074192,83.68786231614192,83.73735046386719,3749900
2018-09-17,83.64658070600431,83.78680124682921,83.62183035203859,83.7538070678711,3808400
2018-09-18,83.6465745811803,83.65481840556907,83.38262116884265,83.4073715209961,4972900
2018-09-19,83.35788329788404,83.366133415881,83.14343057393306,83.26715087890625,5515900
2018-09-20,83.16817189595032,83.357880552659,83.14342783577058,83.27539825439453,2973500
2018-09-21,83.22592070639435,83.35789114178279,83.22592070639435,83.30840301513672,1024100
2018-09-24,83.18467244545097,83.31664916755332,83.17642232707045,83.21766662597656,2389800
2018-09-25,83.11870026051606,83.1516944474628,83.04446805963417,83.13520050048828,2878300
2018-09-26,83.21765657912734,83.42386546276934,83.17641228520066,83.4073715209961,2502900
2018-09-27,83.34963328529616,83.43211558015382,83.30013887398499,83.4073715209961,6342800
2018-09-28,83.5475909267315,83.55584104400491,83.4156142223395,83.4486083984375,3931000
2018-10-01,83.33620491798499,83.38579302417112,83.23702239990234,83.23702239990234,6408000
2018-10-02,83.36100381856244,83.50977445148231,83.36100381856244,83.45191955566406,2915000
2018-10-03,83.29490103916204,83.30316782778665,82.7246124325946,82.83206176757812,6612700
2018-10-04,82.63369055718539,82.7576608393558,82.5510352947902,82.61715698242188,6427500
2018-10-05,82.50146458691307,82.57585307761994,82.31963306042131,82.41881561279297,5676600
2018-10-08,82.50141609711409,82.5344769284733,82.43529443439567,82.45182800292969,1947800
2018-10-09,82.47670297503443,82.60894012451172,82.45190890361462,82.60894012451172,3066300
2018-10-10,82.41055159011623,82.67503209960647,82.37749073821585,82.65023803710938,3001900
2018-10-11,82.83202968315719,83.10477685071331,82.72458038979342,82.98906707763672,5821500
2018-10-12,82.88988494873047,83.08824365981029,82.84855732713855,82.88988494873047,2647900
2018-10-15,82.9725750126749,83.01390265475142,82.86513197127394,82.93951416015625,1860000
2018-10-16,82.87335086306821,82.9394725349207,82.8154959766247,82.93120574951172,2703900
2018-10-17,82.91469638765058,82.99734534245721,82.69154357910156,82.69154357910156,3336200
2018-10-18,82.65022610729548,82.98082827286703,82.6088984719571,82.84032440185547,2587700
2018-10-19,82.8320809399105,82.84860821527298,82.67504344825566,82.74116516113281,5531900
2018-10-22,82.83203311378459,82.86509395113427,82.74938417326537,82.75764465332031,1690100
2018-10-23,83.18743411160213,83.30314389625673,82.93121418354382,82.97254180908203,4420100
2018-10-24,83.20397667652384,83.44366307615219,83.14612177355916,83.41886901855469,4881200
2018-10-25,83.27009287266512,83.32794777181222,83.14611628714673,83.22050476074219,3559900
2018-10-26,83.5345752142818,83.72467349049947,83.50978115775585,83.5924301147461,4220800
2018-10-29,83.4850293511467,83.6751214178545,83.35278590846785,83.5842056274414,3766900
2018-10-30,83.42715307151768,83.52632932243215,83.36929815657997,83.40235900878906,5746600
2018-10-31,83.15441972686222,83.26186278529059,83.10483159308201,83.19574737548828,3956700
2018-11-01,83.1261388737544,83.30007682665467,83.10129149752174,83.2669448852539,4834300
2018-11-02,83.06814211282034,83.09298948383535,82.76996102209951,82.80309295654297,5250900
2018-11-05,82.96050939990215,82.99363503157991,82.85282897949219,82.85282897949219,2446700
2018-11-06,82.91077115585358,82.91077115585358,82.7534023584547,82.76168060302734,2456700
2018-11-07,82.90248659201028,82.96875046421542,82.7534023584547,82.76168060302734,3297600
2018-11-08,82.82795156947765,82.84451437931222,82.62088169055396,82.6457290649414,2188900
2018-11-09,82.76999514822833,83.0101970325261,82.76171058138414,82.96878051757812,2772700
2018-11-12,83.14270618666573,83.25038658186661,83.10129599712633,83.21725463867188,3704900
2018-11-13,83.17584315786013,83.30837093865038,83.11786383358249,83.28352355957031,3265000
2018-11-14,83.1840638623541,83.62305074047849,83.15093194259238,83.4573974609375,4626400
2018-11-15,83.6645095610936,83.705919742302,83.41602319676011,83.51541900634766,2621300
2018-11-16,83.70593002749101,83.8053258492916,83.63967246556214,83.7721939086914,7226700
2018-11-19,83.70596196489107,83.92131650132355,83.70596196489107,83.89646911621094,3447800
2018-11-20,83.9212993253937,84.00412603190847,83.84675718531221,83.8798828125,3658600
2018-11-21,83.80532482266139,83.8633041381836,83.71421356694485,83.8633041381836,1897000
2018-11-23,84.03722993331691,84.04551449698543,83.9129867553711,83.9129867553711,531200
2018-11-26,83.81358590356166,83.84671783447266,83.76388484756033,83.84671783447266,2345600
2018-11-27,83.82191552598411,83.98757528208122,83.81363727763441,83.92959594726562,2334400
2018-11-28,83.86329297003098,84.03723089343413,83.79702909846675,83.92127227783203,3582500
2018-11-29,84.14489781166186,84.26086273670333,84.0372237689513,84.1366195678711,4313000
2018-11-30,84.26091218662901,84.33545434011262,84.20293284971717,84.30232238769531,3069700
2018-12-03,84.19605532916451,84.48655700683594,84.17115609000147,84.48655700683594,6008500
2018-12-04,84.63596761292003,85.04267000413249,84.61106837115673,84.87667083740234,7748800
2018-12-06,85.20036577995359,85.46596822168003,85.07586325016831,85.09246063232422,9429900
2018-12-07,85.0675721068969,85.3746775413848,84.95967327813968,85.34147644042969,7319100
2018-12-10,85.35804189242236,85.52404733509566,85.25014310402983,85.39124298095703,9045700
2018-12-11,85.19207345823241,85.36637448645669,85.07587277274955,85.17547607421875,5290100
2018-12-12,85.03436326481255,85.07586622034384,84.91816258827929,84.94306182861328,3727200
2018-12-13,85.04269553216646,85.07589664197123,84.94309220275215,84.9928970336914,4116000
2018-12-14,85.13396561483083,85.25846814758253,85.09246265975965,85.12566375732422,3530000
2018-12-17,85.2086880037414,85.43278754494952,85.20038614444829,85.37468719482422,7627000
2018-12-18,85.46036785395812,85.62671153051721,85.40214693260198,85.58512878417969,4461400
2018-12-19,85.67660401275927,86.06751856121681,85.48530310872138,85.88453674316406,7710900
2018-12-20,86.04249774380328,86.05913590348295,85.74307432555572,85.7763442993164,9245200
2018-12-21,85.83464203782205,85.8595992996925,85.71820019817729,85.85128021240234,4918800
2018-12-24,85.98434197142964,86.07583288213598,85.88453832018887,86.06752014160156,6373000
2018-12-26,86.05918381815624,86.18394470282156,85.62668026406342,85.65995025634766,5477700
2018-12-27,86.0259554562363,86.19229915255363,85.85961175991896,85.8762435913086,4602100
2018-12-28,86.01759784659593,86.35029143584613,85.99264693788258,86.34197235107422,4543100
2018-12-31,86.2421579730783,87.04893776418913,86.19224981626624,86.66633605957031,7227500
2019-01-02,86.75785143607612,86.85766143227555,86.64972869939598,86.8493423461914,18668600
2019-01-03,86.8825971397882,87.597886123361,86.86596531613405,87.53966522216797,10616700
2019-01-04,86.95746353424103,86.99072718435099,86.72457356425143,86.83270263671875,6616700
2019-01-07,86.93249035862821,86.97407943205388,86.55821408020402,86.59148406982422,5459200
2019-01-08,86.49998211114496,86.57483481900657,86.3752212524414,86.3752212524414,6879500
2019-01-09,86.36693601264416,86.49169692023537,86.30871510184872,86.42516326904297,3248700
2019-01-10,86.5582534640181,86.61647438594339,86.32536977631689,86.38359069824219,14413000
2019-01-11,86.61645991463803,86.71626991223633,86.55823900243989,86.64141082763672,3825700
2019-01-14,86.67465587107385,86.74119585031423,86.54158225819478,86.59148406982422,3090100
2019-01-15,86.74119198199848,86.74119198199848,86.47503842250805,86.50830841064453,4148000
2019-01-16,86.4085103541292,86.50000124771246,86.34197036868642,86.45841217041016,4820800
2019-01-17,86.416780480873,86.45836318901512,86.23379879737139,86.30033874511719,5328100
2019-01-18,86.17562120864515,86.26711209634455,85.9593694426646,86.02590942382812,6617500
2019-01-22,86.26709649622326,86.42512733650867,86.22550742911635,86.3253173828125,5814400
2019-01-23,86.17564496020539,86.37525861311126,86.15069404679261,86.28376770019531,3507300
2019-01-24,86.54987031065714,86.64968025104994,86.48333669599516,86.55818939208984,6030700
2019-01-25,86.40852151266652,86.45011059533952,86.2754478701985,86.3586196899414,2763300
2019-01-28,86.32536977631689,86.48340071251609,86.32536977631689,86.38359069824219,3116100
2019-01-29,86.45012058505154,86.63310241699219,86.44180149843501,86.63310241699219,2836700
2019-01-30,86.5415981062353,86.85765354710263,86.46673902948079,86.83270263671875,5788300
2019-01-31,87.03227428499332,87.27347687836387,87.0073233866446,87.23188781738281,10206500
2019-02-01,87.07354911541351,87.0902158968995,86.75682303672065,86.7651596069336,9191900
2019-02-04,86.6568329758889,86.6568329758889,86.52347325231335,86.573486328125,7283500
2019-02-05,86.6818037369294,86.83183019006242,86.67346716760555,86.72348022460938,3331100
2019-02-06,86.91517660723208,86.92351317653682,86.74014680546802,86.79015350341797,3489800
2019-02-07,87.0318784977379,87.14023484100026,86.97353522018906,87.07355499267578,6937400
2019-02-08,87.20691336560452,87.29026636029299,87.17357343951727,87.19024658203125,2602700
2019-02-11,87.05687713623047,87.1318935512678,86.99020365045727,87.05687713623047,2637200
2019-02-12,86.99855172142469,87.00688829346022,86.86519836356274,86.9402084350586,3305300
2019-02-13,86.74014700431783,86.82349362073857,86.6818037369294,86.72348022460938,3772100
2019-02-14,87.19025551834254,87.19859209045396,87.02356222976226,87.13191223144531,10568700
2019-02-15,86.97355229176124,87.07357208388031,86.96521571934926,87.04856872558594,6879000
2019-02-19,87.20691572279536,87.26525900528988,87.14024222775939,87.1985855102539,8557400
2019-02-20,87.19856553416457,87.26523901392649,87.1152125563182,87.18189239501953,4751100
2019-02-21,86.93186714958699,86.96520071560086,86.86518729967827,86.92353057861328,4140200
2019-02-22,87.09854577611257,87.28191215307153,87.0652058567619,87.18189239501953,3351000
2019-02-25,87.04023215317396,87.09857544217469,86.98188886417323,87.04856872558594,2849600
2019-02-26,87.3069076538086,87.34024757016195,87.18188455721824,87.3069076538086,2647700
2019-02-27,87.15690584334732,87.16524241452657,86.93186929303236,86.99854278564453,2530600
2019-02-28,86.96519514268387,86.97353171312336,86.73182204189891,86.77349853515625,4949900
2019-03-01,86.63070026992405,86.72255905246796,86.48873901367188,86.48873901367188,9003000
2019-03-04,86.62235746108561,86.8060686621728,86.56390244912185,86.75596618652344,3506600
2019-03-05,86.65576985512907,86.81443621695854,86.59731483305288,86.80608367919922,2112200
2019-03-06,86.83948707518681,87.09001223790264,86.83948707518681,87.04825592041016,2401600
2019-03-07,87.21528942308488,87.40735322502367,87.20693688396388,87.34054565429688,4822900
2019-03-08,87.424055101876,87.54096516080645,87.33219628827058,87.46580505371094,5212000
2019-03-11,87.45745710346912,87.45745710346912,87.32384196963172,87.39900207519531,4654100
2019-03-12,87.46580921965803,87.68293064135041,87.43240543392685,87.64117431640625,4942800
2019-03-13,87.54932667510414,87.6328393356538,87.51592925623007,87.6077880859375,1715000
2019-03-14,87.56600443231689,87.60776074956244,87.39063936790072,87.48249816894531,2514700
2019-03-15,87.74974098984671,87.82489473177978,87.65788216895905,87.75808715820312,7846600
2019-03-18,87.67457810213743,87.74973821281277,87.63282814831396,87.64117431640625,4166200
2019-03-19,87.49917350746301,87.67453852504985,87.47412227225314,87.58267974853516,2138000
2019-03-20,87.70795370835327,88.21735012762971,87.69125500641312,88.19229888916016,8061700
2019-03-21,88.2925490588478,88.30924776813463,88.08378015159452,88.15058135986328,4633500
2019-03-22,88.59314156115202,88.94387805312358,88.55139161597593,88.80191040039062,4721900
2019-03-25,88.80191559896315,89.23615837782737,88.72676187057496,89.02738952636719,7828800
2019-03-26,88.84364436776862,89.09416946028225,88.8018880619771,88.95220184326172,7483700
2019-03-27,89.19439264310479,89.41986654670623,89.14429016280184,89.21109771728516,3555900
2019-03-28,89.18607737478766,89.27793620124606,89.06916729949901,89.21947479248047,3769600
2019-03-29,88.91044115255518,89.08580614765265,88.88538992055797,89.07745361328125,2748900
2019-04-01,88.78292670462768,88.80802924432464,88.43147838053893,88.46495056152344,9430400
2019-04-02,88.54863333161943,88.63231059720445,88.49842824910165,88.6155776977539,7318600
2019-04-03,88.33943939208984,88.43985594403843,88.29759756606968,88.33943939208984,5207300
2019-04-04,88.38129820235937,88.46497548631365,88.32272346517463,88.43150329589844,2293700
2019-04-05,88.36453382332348,88.53189472787625,88.35616418205441,88.47332000732422,1749900
2019-04-08,88.45662724164185,88.49846908582492,88.33110809326172,88.33110809326172,3591500
2019-04-09,88.54860308566616,88.59880815103516,88.46492584866316,88.49002838134766,3210600
2019-04-10,88.63232777665154,88.75784689144129,88.6239645173883,88.69927215576172,2059800
2019-04-11,88.5570107035602,88.59048288954922,88.46496378813207,88.4984359741211,1547500
2019-04-12,88.18882598514658,88.23903107372236,88.08840942382812,88.08840942382812,6032100
2019-04-15,88.10516508505677,88.21394492524485,88.10516508505677,88.20558166503906,2410700
2019-04-16,88.02146158346716,88.07166666642458,87.88757285002579,87.90431213378906,5003600
2019-04-17,87.86245342362454,88.01307502771736,87.86245342362454,87.92102813720703,2348800
2019-04-18,88.13862629616304,88.24740612279697,88.1051541070063,88.13025665283203,4893200
2019-04-22,88.08005187591752,88.0884151351111,87.96290240553395,88.0047378540039,3630000
2019-04-23,88.13025461825661,88.18882935188684,88.09678242987262,88.16372680664062,2462100
2019-04-24,88.41475870123189,88.50679923249332,88.39801941615403,88.4984359741211,3266700
2019-04-25,88.47333972990863,88.52354482038338,88.35618387852232,88.38965606689453,1457600
2019-04-26,88.67415222596144,88.69088512537498,88.57373567698183,88.62394714355469,2156100
2019-04-29,88.46499055153267,88.50682600855045,88.37294360825749,88.43988800048828,2715000
2019-04-30,88.38964205809161,88.6406802390128,88.3812788004494,88.6155776977539,3621900
2019-05-01,88.62565369986355,88.96942705485782,88.49988920118123,88.57534790039062,6870700
2019-05-02,88.48309406203599,88.51663338556594,88.26509165757729,88.32378387451172,3126200
2019-05-03,88.42439687946053,88.55855416604645,88.39924398746855,88.44116973876953,2625200
2019-05-06,88.77654712719801,88.81008644769823,88.65078267153632,88.66754913330078,3370100
2019-05-07,88.8855152829779,89.03643896521764,88.84358955020127,88.9693603515625,3965800
2019-05-08,89.05326266235912,89.08680199074531,88.75980153519593,88.80172729492188,4226600
2019-05-09,89.12870766829144,89.23770566325791,88.9190917108373,89.0364761352539,4224100
2019-05-10,89.0784100438702,89.2293338137768,88.91910624011552,88.97779846191406,2855400
2019-05-13,89.35511677287934,89.4976541312427,89.31319101007918,89.42219543457031,5653400
2019-05-14,89.35511485524816,89.39704061714858,89.24611683006947,89.33834838867188,2573200
2019-05-15,89.66533884315368,89.69049173869442,89.49764221126138,89.6234130859375,5512300
2019-05-16,89.42217376736006,89.48086598287507,89.33832865904886,89.44732666015625,3898400
2019-05-17,89.64014336404787,89.64014336404787,89.39698816104428,89.48921966552734,2128400
2019-05-20,89.50603864232727,89.58149733738026,89.32157552512246,89.33834838867188,2439600
2019-05-21,89.27960426536261,89.31313717902377,89.16221347967087,89.23767852783203,2675300
2019-05-22,89.38024873032553,89.54794534526229,89.35509583732797,89.50601959228516,3561900
2019-05-23,89.72406298528954,90.1852144938646,89.72406298528954,90.05106353759766,6184500
2019-05-24,89.99235483286387,90.02589416503906,89.90850970091265,90.02589416503906,2422800
2019-05-28,90.23548046305964,90.41993713378906,90.16001539128594,90.41993713378906,7039000
2019-05-29,90.62953953311026,90.75531036926769,90.36961782949659,90.38639068603516,5251800
2019-05-30,90.4367224136694,90.75533641265746,90.31933797209632,90.71341705322266,3461100
2019-05-31,91.02364066614436,91.35064108159864,90.96494844790827,91.31710815429688,6020600
2019-06-03,91.47083767479556,91.85728608265528,91.37842540231748,91.75647735595703,23830900
2019-06-04,91.37005155679596,91.5632726037831,91.23563134192783,91.42045593261719,5503200
2019-06-05,91.53807041587248,91.6808870870384,91.37005155679596,91.42045593261719,7712300
2019-06-06,91.49604538926839,91.65566134151354,91.34482589116296,91.40363311767578,2392400
2019-06-07,91.90771687445447,91.92451619606098,91.68928723651912,91.76490020751953,2805900
2019-06-10,91.45404253346278,91.47084185217736,91.30282302700233,91.31122589111328,6071200
2019-06-11,91.25241866135129,91.37842957547889,91.21881361441481,91.31122589111328,2735800
2019-06-12,91.3783996860006,91.56322417894224,91.37000323414343,91.54642486572266,2062800
2019-06-13,91.63047588098371,91.84890550910812,91.61367656013174,91.7732925415039,1684700
2019-06-14,91.70608608663773,91.89090424847568,91.69768322171075,91.84049987792969,3880700
2019-06-17,91.82369232177734,91.89089600664174,91.71447431604636,91.82369232177734,3038800
2019-06-18,92.20173831546511,92.24374622702,91.91610502731561,92.00011444091797,4564900
2019-06-19,91.80689578609902,92.32776445537408,91.74808855001217,92.25215148925781,4541500
2019-06-20,92.44538926792048,92.64701318426954,92.3865820252558,92.40338134765625,4575000
2019-06-21,92.18494434220513,92.21854298198848,91.94970899716724,92.02532196044922,4305200
2019-06-24,92.19332396758006,92.36134918336283,92.1681217875893,92.34454345703125,3046300
2019-06-25,92.43695373436475,92.60497894653211,92.3697436494978,92.48735809326172,5251000
2019-06-26,92.36976033766044,92.36976033766044,92.07572417512802,92.10932922363281,6675000
2019-06-27,92.21854091941181,92.43697053016481,92.14293436732864,92.38656616210938,2538400
2019-06-28,92.3025398231785,92.50416366794312,92.2521290548575,92.42855072021484,4341500
2019-07-01,92.42184149246384,92.4639228450093,92.15253753002652,92.31243896484375,8183600
2019-07-02,92.41339603799616,92.69953502335082,92.39656735448635,92.640625,3117100
2019-07-03,92.75007046463574,92.90997192525889,92.74165290862558,92.81739807128906,2607000
2019-07-05,92.27879328967326,92.27879328967326,92.01790040993768,92.2282943725586,3664100
2019-07-08,92.36293428678927,92.42184432973364,92.13571166992188,92.13571166992188,3254100
2019-07-09,92.14412629443748,92.15254384966642,92.01788864885691,92.0768051147461,2061800
2019-07-10,92.16096787971588,92.2535417315979,92.01789511362578,92.12730407714844,4343700
2019-07-11,92.00944487743031,92.06835490171001,91.6307320750228,91.67281341552734,4769800
2019-07-12,91.66441003578318,91.87480392941326,91.6391637958615,91.77381896972656,4141900
2019-07-15,91.84953378468879,91.96735382080078,91.7906237666328,91.96735382080078,1753200
2019-07-16,91.67284516174833,91.79908280626681,91.5886888723071,91.76541900634766,2766100
2019-07-17,91.92527622903694,92.20299120852353,91.91685867792819,92.194580078125,2624400
2019-07-18,92.09361526362943,92.4807392569485,92.06836902373873,92.42182922363281,2386700
2019-07-19,92.22827211745259,92.34609861514528,92.1609509454016,92.25352478027344,1728100
2019-07-22,92.39660755703638,92.40502511280933,92.26195234752433,92.29561614990234,1629800
2019-07-23,92.1946105359261,92.28718436657479,92.0852015974982,92.14411163330078,2329800
2019-07-24,92.27030712036472,92.36288090873637,92.20297956141998,92.27872467041016,2268500
2019-07-25,92.16935081544834,92.1777683686933,91.92529955775144,92.11885833740234,3172000
2019-07-26,92.15251273657118,92.16093028895814,92.00102889716207,92.10202026367188,3004100
2019-07-29,92.25350769504075,92.28717148518807,92.1693450093167,92.1861801147461,2505600
2019-07-30,92.26195817706365,92.29562198156869,92.11047426714802,92.2282943725586,2514800
2019-07-31,92.20304298685201,92.5649208392249,92.05997664121278,92.46393585205078,6669300
2019-08-01,92.60219938925628,93.51271057128906,92.56005002450219,93.51271057128906,16938700
2019-08-02,93.52954603188836,93.74873809660814,93.44523446476742,93.70658874511719,8503000
2019-08-05,94.27144078024409,94.59180286815337,94.22085898532936,94.51593017578125,7626200
2019-08-06,94.32201942710822,94.67611127590202,94.24614673726839,94.66767883300781,6462400
2019-08-07,95.32526787323022,95.49387813869826,94.5665088144854,94.66767883300781,9665300
2019-08-08,94.41477026288224,94.76886216140672,94.13656392899404,94.6761245727539,5178800
2019-08-09,94.74358013740442,94.92905534467828,94.47379977193461,94.5328140258789,2869000
2019-08-12,94.87845511894017,95.24940546148123,94.85316421959783,95.1313705444336,4739900
2019-08-13,95.14823676604955,95.17352766574648,94.54966188896519,94.79415130615234,5888000
2019-08-14,95.34214105888786,95.5107577824793,95.26626835732446,95.42645263671875,8124300
2019-08-15,95.55287930861873,96.25262403555752,95.5022975223089,96.03343200683594,5240200
2019-08-16,95.69620482775557,95.83109173490172,95.40955969795881,95.78050994873047,4957800
2019-08-19,95.29998070884157,95.48545586736175,95.27468981123783,95.32527160644531,3691400
2019-08-20,95.70467037793661,95.82270531454989,95.6540885708674,95.746826171875,3161800
2019-08-21,95.49386596679688,95.74678776483017,95.44328418001761,95.49386596679688,4921700
2019-08-22,95.30842416365077,95.57820448937603,95.26626837472763,95.28312683105469,5860400
2019-08-23,95.3758503688781,96.05873674281241,95.27468678167997,95.92384338378906,8192600
2019-08-26,95.8816963201368,96.05030659086835,95.75523540105338,95.83110809326172,7581600
2019-08-27,95.94913928869737,96.26950781706492,95.94913928869737,96.24421691894531,3266900
2019-08-28,96.40438449319609,96.43810783112382,96.21048334019794,96.27792358398438,2505400
2019-08-29,96.19365476980734,96.19365476980734,95.84800168167949,96.09249114990234,4232400
2019-08-30,95.92382924939983,96.15146015119295,95.89010591461313,96.11773681640625,3651100
2019-09-03,96.16845910251863,96.64136775475897,96.01645390051448,96.32891082763672,11754000
2019-09-04,96.22753667903359,96.52310689461888,96.22753667903359,96.48088073730469,3447000
2019-09-05,95.92352984889271,95.94886940988016,95.4928539542151,95.70397186279297,4597800
2019-09-06,95.71241173256345,95.87286340443269,95.65329897600225,95.7630844116211,3111000
2019-09-09,95.30706984895397,95.37462912645829,95.16351121636275,95.17195129394531,4818700
2019-09-10,95.02839241147194,95.11283828672664,94.47948455810547,94.47948455810547,4797200
2019-09-11,94.39505083053668,94.55550252413421,94.36971770898089,94.38660430908203,4737000
2019-09-12,94.66527884917251,94.71595153365627,94.0319250569932,94.17548370361328,8612500
2019-09-13,93.82078379201619,93.9136761738571,93.31410217285156,93.31410217285156,24187700
2019-09-16,93.65191550826628,93.82080727599379,93.52524346106668,93.71947479248047,5388300
2019-09-17,93.77013060175284,94.05724786350768,93.68568472728418,93.96435546875,8211700
2019-09-18,94.21771051057067,94.41194184300146,93.90525365155,93.9981460571289,5170400
2019-09-19,94.22614428309153,94.23458436041459,94.00657985935672,94.04035949707031,7131900
2019-09-20,94.19236201761098,94.59770477325166,94.14169578385761,94.58081817626953,9915000
2019-09-23,94.69903408594645,94.9861577479987,94.63147481925105,94.71592712402344,13163900
2019-09-24,94.76660696017193,95.27328864752917,94.7581604399206,95.1888427734375,10459100
2019-09-25,95.0790790970403,95.16353143326575,94.49639792249859,94.56395721435547,8430900
2019-09-26,94.79193467900387,94.94393982083392,94.71593532949227,94.7666015625,4233000
2019-09-27,94.77506778957961,94.99462580680542,94.74128814628145,94.9017333984375,4545500
2019-09-30,94.75813491205174,95.01147890888302,94.72435528295388,94.97769927978516,2797900
2019-10-01,94.5979756631631,95.45219255012157,94.56414458864202,95.24075317382812,8555100
2019-10-02,95.34227355289123,95.722861957572,95.32535478450302,95.57062530517578,3908600
2019-10-03,95.70594099227759,96.31488109420931,95.68902222541844,96.06961059570312,6128300
2019-10-04,96.06114039516515,96.32332316077671,96.00193762703938,96.25566101074219,4707600
2019-10-07,96.04421891734921,96.14571213953303,95.90890107372172,95.93427276611328,3193100
2019-10-08,96.26413300118313,96.30642346364829,95.97657850479959,96.13726806640625,4304900
2019-10-09,96.03575142955512,96.03575142955512,95.7397311895492,95.8919677734375,3336800
2019-10-10,95.621333530883,95.63825229304766,95.1984548134068,95.29148864746094,3924400
2019-10-11,94.83478703179563,94.87707748823499,94.4880298089401,94.64026641845703,8685300
2019-10-14,94.93628926875779,94.9701203465976,94.86017418308194,94.90245819091797,1932200
2019-10-15,94.86016557254996,94.92782126947012,94.42036805317147,94.44573974609375,6638500
2019-10-16,94.58951496420502,94.74175157112109,94.51339988705578,94.63180541992188,2755500
2019-10-17,94.55567742845709,94.80094138974069,94.48801528959838,94.59796142578125,3188700
2019-10-18,94.65719971269198,94.82635512332944,94.61491569949696,94.68257141113281,2406400
2019-10-21,94.43731631509105,94.54726250296935,94.3104513582347,94.33582305908203,1735300
2019-10-22,94.56416276965936,94.59799385068484,94.30197995748559,94.55570983886719,3334400
2019-10-23,94.74172936909211,94.78401981489851,94.54720880466124,94.58949279785156,3305600
2019-10-24,94.6318117181272,94.78404833517534,94.53877787145231,94.5726089477539,2645400
2019-10-25,94.6402787152154,94.65719102841797,94.23431221954982,94.36963653564453,2381000
2019-10-28,94.03980651459531,94.0651782147375,93.92140094551873,94.01443481445312,5837600
2019-10-29,94.13283010413923,94.17511411555222,94.0059651646625,94.0989990234375,2199500
2019-10-30,94.17511501679478,94.56416276965936,94.1412839357693,94.55570983886719,5276700
2019-10-31,94.81785422672536,95.21536120191395,94.7840231594097,95.15615844726562,5540700
2019-11-01,95.01894671072685,95.22223022085493,94.76483747636703,94.97659301757812,8149400
2019-11-04,94.55308096529184,94.60390668900223,94.44297041140737,94.49378967285156,4145200
2019-11-05,94.12958030526987,94.163461970738,93.89241510925982,93.98558807373047,6853500
2019-11-06,94.18040867050559,94.34981054032053,94.00253476851975,94.25663757324219,4129800
2019-11-07,93.77386984536645,93.77386984536645,93.15554697563459,93.50282287597656,5890100
2019-11-08,93.41810138562305,93.71455793353168,93.37574768066406,93.37574768066406,3037300
2019-11-11,93.58751232976292,93.6129219702879,93.37575670902983,93.47740173339844,1563000
2019-11-12,93.46893438596871,93.59598905723324,93.32494210759445,93.51976013183594,4446200
2019-11-13,93.86699192074245,93.90087358131787,93.70605564857573,93.77381896972656,2475200
2019-11-14,94.18042732011862,94.35830125732706,94.13807361314446,94.24818420410156,3189600
2019-11-15,94.09570067064084,94.26510900163782,94.08723510079129,94.17193603515625,2104500
2019-11-18,94.32440608015736,94.4345166553504,94.29899644451801,94.33287811279297,1893600
2019-11-19,94.34979827910874,94.5446162201188,94.34979827910874,94.51073455810547,8306500
2019-11-20,94.69709475615605,94.88343423194526,94.6293314219051,94.85802459716797,3838000
2019-11-21,94.6293597912357,94.72253278819665,94.50230511699176,94.62088775634766,3034700
2019-11-22,94.67166921874282,94.7055508824897,94.52767699451847,94.60391235351562,1879700
2019-11-25,94.61236620421917,94.6801295233199,94.59542860557688,94.64624786376953,3573100
2019-11-26,94.79028250470375,94.85803938725198,94.73945676495728,94.82415771484375,3579300
2019-11-27,94.62931046923977,94.67165769706972,94.53613752084175,94.5784912109375,2351800
2019-11-29,94.54461199197037,94.55307756039541,94.39214775086192,94.50225830078125,2882300
2019-12-02,94.04421098712976,94.25627062602524,93.99331227314315,94.1629638671875,6826400
2019-12-03,94.6464954363047,95.14695326732492,94.63801123550209,95.00275421142578,6561900
2019-12-04,94.80764565577404,94.88399051122961,94.4853172489184,94.63800048828125,2072200
2019-12-05,94.28174273946274,94.51076436512759,94.27325853953491,94.4174575805664,3062000
2019-12-06,94.0526834893462,94.3156418276232,94.01027544685046,94.1290283203125,2717400
2019-12-09,94.33267387170332,94.34115807512762,94.18847477124542,94.20543670654297,1928500
2019-12-10,94.28173684847785,94.3156671745208,94.07816136376815,94.09512329101562,1707000
2019-12-11,94.2393157930275,94.55316643351652,94.22235386695534,94.48530578613281,2462600
2019-12-12,94.39200203923075,94.40897043739429,93.56920946008758,93.73886108398438,5490400
2019-12-13,93.99333342945316,94.34959862136226,93.71341956148264,94.29022216796875,4162000
2019-12-16,94.05271184391178,94.05271184391178,93.78975989790752,93.84913635253906,3028500
2019-12-17,93.95934364748447,94.00175814658998,93.79818278828022,93.85755920410156,3471400
2019-12-18,93.79826247432017,93.82370860678358,93.50138014299792,93.60316467285156,2249500
2019-12-19,93.54027865993204,93.79510661765688,93.50630030276027,93.67618560791016,1962500
2019-12-20,93.53178245046185,93.69317802685053,93.50630030276027,93.67618560791016,4660500
2019-12-23,93.7016723643015,93.76113287209941,93.5147946310197,93.59124755859375,1809400
2019-12-24,93.47234600041735,93.78664102460742,93.47234600041735,93.7526626586914,857600
2019-12-26,93.78662120918581,93.8885498046875,93.6676937132517,93.8885498046875,1285100
2019-12-27,93.96502983168439,94.05846872498172,93.96502983168439,94.02449035644531,1771100
2019-12-30,93.70169612783003,93.96502685546875,93.64223560495245,93.96502685546875,2035400
2019-12-31,93.81214484414947,93.85461295081922,93.61677081518978,93.6252670288086,2801600
2020-01-02,94.02446280352999,94.24531241323216,93.97349202530627,94.05844116210938,4022300
2020-01-03,94.41522179775613,94.70402817842806,94.3217829144304,94.68704223632812,3839600
2020-01-06,94.84844425104076,94.85693398230849,94.5086670597157,94.58511352539062,2714300
2020-01-07,94.56811689323204,94.65305956128464,94.4491958618164,94.4491958618164,2038800
2020-01-08,94.5341312856551,94.64455609759052,94.1094114972286,94.22833251953125,5081100
2020-01-09,94.01597092595607,94.32176968655254,93.97349635559729,94.2962875366211,3680600
2020-01-10,94.36421629007319,94.55959019624481,94.36421629007319,94.50012969970703,2600000
2020-01-13,94.38123615009025,94.40671830162908,94.27081133318532,94.38973236083984,2672600
2020-01-14,94.44069215913271,94.59359154178242,94.42370621915369,94.57659912109375,2376300
2020-01-15,94.75496973674298,94.8144302368164,94.65303467345633,94.8144302368164,2734800
2020-01-16,94.66999809264358,94.72096885251752,94.54258739472604,94.61903381347656,2200500
2020-01-17,94.39825386570655,94.54266357421875,94.36427549198086,94.54266357421875,2627000
2020-01-21,94.754962248462,94.95032967010302,94.74646604034909,94.91635131835938,2355600
2020-01-22,94.9164029602712,94.98435970073224,94.86543864528115,94.93339538574219,1787600
2020-01-23,95.16274554713777,95.34112713830581,95.12876717538505,95.1712417602539,1891300
2020-01-24,95.29013022763058,95.65538949814808,95.27314428792003,95.510986328125,7932600
2020-01-27,96.14805781760862,96.16504375587381,96.01214438865111,96.15654754638672,3824600
2020-01-28,96.06313952424544,96.08862816088958,95.79981527198893,95.83379364013672,1923600
2020-01-29,95.96122232892789,96.33497794235457,95.96122232892789,96.2925033569336,2429500
2020-01-30,96.45385148630031,96.69169349377552,96.32643427352183,96.38589477539062,4405500
2020-01-31,96.59828149021638,96.93805865851219,96.57279933671852,96.87010192871094,9764500
2020-02-03,96.6344852232533,96.83011517321265,96.38781601248222,96.78759002685547,5722100
2020-02-04,96.31978359957706,96.32829122599375,96.08162197525007,96.2262191772461,2569600
2020-02-05,95.8689352167186,96.00503122276776,95.792386080377,95.80939483642578,9027500
2020-02-06,95.7839075136403,95.94551994749503,95.7413758764943,95.87747192382812,1697100
2020-02-07,96.26872871652388,96.4218335097836,96.19217307518598,96.33677673339844,6177900
2020-02-10,96.54092691358932,96.6429989522431,96.43035373877706,96.52391815185547,1909100
2020-02-11,96.39633015678585,96.43035416982254,96.23471771721582,96.29425811767578,1657100
2020-02-12,96.09014670150422,96.10715546794687,95.97106586814955,96.04761505126953,1473800
2020-02-13,96.09861187667362,96.23470141635168,96.06458786940013,96.13262939453125,1868000
2020-02-14,96.34529621354706,96.43035949554519,96.29426343588203,96.37081909179688,2043600
2020-02-18,96.49839527512934,96.66851533955233,96.41333848762629,96.52391815185547,8356600
2020-02-19,96.42184781304825,96.54943624126055,96.37081503753014,96.50690460205078,1681800
2020-02-20,96.65149398391287,96.91517844476002,96.64299284829133,96.78759002685547,3452900
2020-02-21,97.0427674724918,97.41702512854657,97.03426633624836,97.17886352539062,5381000
2020-02-24,97.98690771146987,98.06346335964406,97.83380290453815,97.93587493896484,6803600
2020-02-25,97.91037444010388,98.42072171621538,97.88485804971096,98.20807647705078,10014300
2020-02-26,97.99543099904638,98.48876951016611,97.89335894830577,98.15704345703125,19649400
2020-02-27,98.78645899896709,98.95657257251001,98.31013580151344,98.63335418701172,8629700
2020-02-28,99.42438039088655,99.90070352010478,99.31380723286546,99.73909759521484,13437000
2020-03-02,100.10529128677325,100.43741380050241,99.61136316480606,99.67097473144531,19402100
2020-03-03,99.77317578620905,101.58707629616733,99.66246394240163,100.82915496826172,11462300
2020-03-04,100.973898917412,101.26344539892109,100.53107114808147,100.60771179199219,7627100
2020-03-05,101.34010936297406,101.61262032154217,101.27197999903859,101.50191497802734,5284200
2020-03-06,103.02628444842594,103.30730672932525,102.26835657802833,102.53235626220703,11614800
2020-03-09,104.95941241354205,105.09567115884846,103.42653401471786,103.45208740234375,24791700
2020-03-10,102.94111845074309,103.69052851805903,101.55301666259766,101.55301666259766,15072900
2020-03-11,102.42157957825704,102.69409038829494,100.14781689789366,100.53955078125,13316100
2020-03-12,102.31944011394613,102.84742640157295,97.42275452773356,100.5906982421875,10671600
2020-03-13,100.31820513820016,101.32309061876973,99.64544221926867,99.93498229980469,8697200
2020-03-16,102.21725124835221,102.77079094641338,101.34010682546112,102.57492065429688,6971700
2020-03-17,102.1150700436298,102.43867478855589,99.99458736847318,100.00310516357422,5680300
2020-03-18,99.29626431628186,100.31818518490186,98.22324967824147,98.614990234375,13256300
2020-03-19,98.9045797134747,100.17345876689784,98.71722713568543,98.93864440917969,6702900
2020-03-20,100.18191635504586,102.08949268782325,99.98605259392819,101.45931243896484,9641600
2020-03-23,101.72332507966182,103.0943976593975,101.72332507966182,102.66008758544922,12234700
2020-03-24,101.78290506771552,102.16612774586218,101.56149445065837,101.96174621582031,5235500
2020-03-25,101.98732813935821,102.41312692994,101.6807524903654,102.02139282226562,5527600
2020-03-26,102.35349837678363,102.61749150404728,102.11505213316836,102.2683334350586,3384400
2020-03-27,102.88151434910647,103.37544256622459,102.77080898892815,103.02629089355469,5282300
2020-03-30,103.71607807361805,103.97155346908289,103.19660298984611,103.26473236083984,4649400
2020-03-31,103.42653401471786,103.73310969448269,103.30731086116204,103.45208740234375,6356500
2020-04-01,104.1290467080521,104.23988994737985,103.78800860057117,103.8732681274414,9256400
2020-04-02,104.16313127112781,104.20576427859503,103.7368272159903,103.89029693603516,4789400
2020-04-03,104.0523081662203,104.2654602216645,103.8647333166479,103.96704864501953,3441100
2020-04-06,103.6174878130368,103.67717013508253,103.40433573360411,103.49812316894531,4697500
2020-04-07,102.78191067788076,103.07179431410826,102.54317494201356,103.03768920898438,9340600
2020-04-08,102.82451528805832,103.05472307240964,102.7051506979807,102.90977478027344,3341000
2020-04-09,102.85866584554046,103.25939279142808,102.76487841118866,103.13150024414062,4543600
2020-04-13,103.03766727103725,103.18260905829116,102.88419758309713,102.90977478027344,2103100
2020-04-14,103.02921646369732,103.20826998767586,102.99511784520224,103.04627227783203,2180100
2020-04-15,103.60894824816107,104.04378026263487,103.57484964358837,103.96704864501953,3137400
2020-04-16,104.11202412682641,104.2313887960588,104.00970876539013,104.07791900634766,1901600
2020-04-17,103.9926591381293,104.2740215025498,103.7112967737088,103.80508422851562,2375000
2020-04-20,104.00118736393539,104.086446912689,103.83918966788292,104.07791900634766,4230700
2020-04-21,104.50420417428953,104.60651951704475,104.27400278419704,104.36779022216797,3287700
2020-04-22,104.12905989166872,104.23137523979794,103.85622546820987,104.0438003540039,3168700
2020-04-23,103.99260438811801,104.13754619473359,103.90734488451372,104.11196899414062,2345900
2020-04-24,103.9244135615952,104.14609351620851,103.91588565817966,104.13756561279297,2373500
2020-04-27,103.89029820849757,103.91587541133771,103.5577815618083,103.58335876464844,2508100
2020-04-28,103.80506168011128,104.09494538299217,103.79653377564856,104.03526306152344,2847600
2020-04-29,104.04376739095326,104.19723711208208,103.77093305393353,103.98408508300781,2600100
2020-04-30,104.0608498836335,104.23989685338853,103.73685455322266,103.73685455322266,5371500
2020-05-01,103.94850818573217,104.05093126144956,103.76073580278431,103.8802261352539,8357700
2020-05-04,103.85465331543928,103.97414368394557,103.74369983375107,103.89733123779297,3580500
2020-05-05,103.65832734065434,103.85463663552103,103.59005179228544,103.82049560546875,3487600
2020-05-06,103.26571909876834,103.51323669204041,103.14622874501437,103.4364242553711,3279500
2020-05-07,103.53031705551109,104.11070160144266,103.49617602201673,104.06802368164062,3252800
2020-05-08,103.8034424911756,104.1107052917799,103.64981109087346,103.72662353515625,3486800
2020-05-11,103.70954599419959,103.76929117107657,103.35106842120176,103.4364242553711,4569400
2020-05-12,103.38520469793433,103.81195780221138,103.36813743892691,103.77781677246094,4267700
2020-05-13,103.90583111200492,104.1192076376647,103.82901868840008,103.99118041992188,2615800
2020-05-14,104.17043986034803,104.30699747351538,104.11069468363684,104.15336608886719,2257600
2020-05-15,104.29843663197889,104.32404728331777,104.00824770081542,104.0850601196289,1828900
2020-05-18,103.83758017842847,103.8461105530272,103.325471186106,103.44496154785156,3091200
2020-05-19,103.41931550217582,103.75218230528884,103.41931550217582,103.73511505126953,1941700
2020-05-20,103.5900359456922,103.88022488914169,103.51321701189195,103.76073455810547,2366700
2020-05-21,103.86315866432888,103.99971625326907,103.78633972976556,103.82901763916016,2063800
2020-05-22,103.88022748509857,104.02532196044922,103.8631602281246,104.02532196044922,1352400
2020-05-26,103.70101186133631,103.8119653322716,103.60712565064642,103.7522201538086,3484800
2020-05-27,103.69244632743602,103.9911721372198,103.6839159555381,103.8375473022461,2542900
2020-05-28,103.64978141191898,103.79487588406468,103.59003624622753,103.74366760253906,3873900
2020-05-29,103.914369839804,104.11920948478559,103.81194676144574,104.0765380859375,2993800
2020-06-01,103.90735068235558,104.0354995727539,103.79627961967057,104.0354995727539,8531700
2020-06-02,103.9158912097873,104.0098714097086,103.79628123138836,103.86463165283203,4711800
2020-06-03,103.52289164221257,103.5399825076219,103.16406168768017,103.24949645996094,4226600
2020-06-04,103.087166633776,103.09570554775203,102.78813516998628,102.83940124511719,4744100
2020-06-05,102.18156532188402,102.36098033393539,101.96797509064335,102.3268051147461,10611700
2020-06-08,102.2413375050606,102.53182351579142,102.2327985916968,102.4378433227539,3314700
2020-06-09,102.83942729452093,102.97612165356676,102.7369016365441,102.80525207519531,3238600
2020-06-10,103.04447446864913,103.57418060302734,102.99321489760685,103.57418060302734,4944600
2020-06-11,103.9586126666797,104.1038524246934,103.8817168123898,103.9415283203125,6365800
2020-06-12,103.7536047527051,103.94156522074739,103.65962451868394,103.71088409423828,3051000
2020-06-15,103.94155840935287,104.00990233286089,103.62544250488281,103.62544250488281,2658000
2020-06-16,103.2409662581656,103.60834169960074,103.14699255757175,103.4118423461914,5252000
2020-06-17,103.51437559739244,103.60834930488437,103.35204493141626,103.57418060302734,2308300
2020-06-18,103.81340078128514,103.85611491779885,103.73650490634964,103.80485534667969,1694600
2020-06-19,103.5741699944571,103.8988247749,103.5741699944571,103.83901977539062,2033200
2020-06-22,103.94153911819932,103.98425324768213,103.69377370147849,103.74503326416016,2284900
2020-06-23,103.64253364799428,103.74505931736027,103.58272863709513,103.71088409423828,2010600
2020-06-24,103.62543086906685,103.94154673804111,103.62543086906685,103.9073715209961,2310700
2020-06-25,104.06116987958349,104.08679966603978,103.89883920768433,103.92446899414062,1650900
2020-06-26,104.06116584319179,104.29184043060783,104.04407497404587,104.20640563964844,3413900
2020-06-29,104.17221983657363,104.35163483483831,104.16367440286882,104.30891418457031,28632400
2020-06-30,104.36020699743219,104.39438222274838,104.05263648784417,104.12098693847656,4126700
2020-07-01,103.92428237135677,104.03545380463883,103.7703582149352,103.95848846435547,8416500
2020-07-02,103.84733295548439,104.10386888997856,103.77036760823411,104.0867691040039,3054100
2020-07-06,103.82166590645315,103.94993059419788,103.7190476321125,103.93283081054688,2821900
2020-07-07,104.00981493566206,104.27491057785448,103.95850904807806,104.266357421875,2920400
2020-07-08,104.08674390712963,104.21501510539824,103.99267879667559,104.10384368896484,2096700
2020-07-09,104.12950674539341,104.53142016110127,104.12096011571714,104.4373550415039,2769400
2020-07-10,104.53995731882958,104.57416340473505,104.19790298391877,104.23210906982422,1939000
2020-07-13,104.07821078930996,104.360406174995,104.05255784954686,104.34329986572266,2051100
2020-07-14,104.48011831429153,104.52287756090048,104.31764100615153,104.33474731445312,1721500
2020-07-15,104.18083429383924,104.4031641323592,104.17228113877441,104.30055236816406,2085400
2020-07-16,104.46302093659422,104.53997975328915,104.37750244140625,104.37750244140625,1907100
2020-07-17,104.42878721989536,104.45444015200798,104.30051603518883,104.35182189941406,2405200
2020-07-20,104.4972316520523,104.51433796257264,104.34330747809868,104.42027282714844,2695900
2020-07-21,104.46298169245276,104.56559340949734,104.42877561205698,104.53138732910156,3228400
2020-07-22,104.65970844548954,104.65970844548954,104.53143721382719,104.56564331054688,2431500
2020-07-23,104.69388108271885,104.71098086354078,104.57416304453399,104.66822814941406,2006500
2020-07-24,104.58275141560884,104.69391633874599,104.55709194951937,104.61695098876953,3395600
2020-07-27,104.70243411381897,104.71953389462108,104.42879195197885,104.4544448852539,1976500
2020-07-28,104.58274317361025,104.72811418259762,104.54853707899932,104.70246124267578,1870300
2020-07-29,104.71096985065513,104.83924102783203,104.59125182506152,104.83924102783203,1874200
2020-07-30,104.96754224489145,104.99319518283964,104.89913006093299,104.9846420288086,28331800
2020-07-31,104.87347531705639,105.08725849513652,104.83071607178243,105.01029968261719,4039200
2020-08-03,104.85625194284302,104.96751398266906,104.8049042502848,104.95895385742188,6595900
2020-08-04,105.1215908141259,105.34410189247889,105.08735683373371,105.31842803955078,3842000
2020-08-05,105.05309570221563,105.07876954850829,104.93328006654158,104.96751403808594,2423700
2020-08-06,105.17289243976747,105.31838189559171,105.03596310765677,105.08731079101562,2286500
2020-08-07,105.12155863852907,105.18146645351277,104.8305731589924,104.86480712890625,2363400
2020-08-10,105.01030028701719,105.02742053730564,104.75355529785156,104.75355529785156,1994900
2020-08-11,104.37697612619465,104.44544406053977,104.14590500960685,104.39409637451172,7166500
2020-08-12,104.11170290360533,104.20584470977458,103.95765326891599,104.08602905273438,5538100
2020-08-13,104.06886165661986,104.16300342014347,103.76932264970871,103.87202453613281,5748400
2020-08-14,103.96619497575165,104.06033023577912,103.91484075364468,103.92340087890625,2722800
2020-08-17,104.1459205683765,104.2657362066494,104.06889249836532,104.09456634521484,3357700
2020-08-18,104.20581532686782,104.34274466939083,104.14590751523991,104.27427673339844,1853600
2020-08-19,104.3256508436866,104.38555866673815,104.11169340000778,104.13736724853516,4493800
2020-08-20,104.45400226704574,104.47967610958842,104.36841408595484,104.43688201904297,2880300
2020-08-21,104.50534063359784,104.53957459708933,104.34273093937848,104.51390075683594,2103700
2020-08-24,104.48822381454497,104.59092570838827,104.35129448554834,104.368408203125,1974900
2020-08-25,104.03466631474535,104.17160221414484,103.88917681873069,104.12025451660156,3562800
2020-08-26,104.01754579357525,104.1288013074685,103.88060990312574,104.07745361328125,3337400
2020-08-27,104.29992835026373,104.29992835026373,103.70940399169922,103.70940399169922,4672900
2020-08-28,103.9062956122492,104.00899100589412,103.77791984073008,103.880615234375,2277200
2020-08-31,103.89772527753003,104.16303039099506,103.8806050272961,103.99186706542969,3273300
2020-09-01,103.97299532939391,104.33270263671875,103.8873516658679,104.33270263671875,4622900
2020-09-02,104.247078672107,104.52114236769393,104.22994601564874,104.47831726074219,3013400
2020-09-03,104.55540521376423,104.82090259145023,104.50401377658417,104.6153564453125,5750500
2020-09-04,104.34124317725376,104.41832049512107,103.95583698534395,104.03292083740234,7512800
2020-09-08,104.26422080609191,104.41838206692103,104.22996202210824,104.25566101074219,3442700
2020-09-09,104.28132276642131,104.34127398719534,104.09290277707636,104.20423889160156,3964300
2020-09-10,104.06720531953032,104.34982875574687,104.00725410164284,104.33270263671875,3164200
2020-09-11,104.38412545583499,104.49546813964844,104.34986667113817,104.49546813964844,4905000
2020-09-14,104.50398437666912,104.57250191750384,104.34126338492707,104.40121459960938,1797100
2020-09-15,104.34127846363884,104.4012296869849,104.2813272402928,104.34983825683594,2897600
2020-09-16,104.48688808598303,104.48688808598303,104.19569825559925,104.28990173339844,4015700
2020-09-17,104.5297333237925,104.5297333237925,104.28992181623315,104.32418060302734,3426800
2020-09-18,104.35842638148206,104.38411883482625,104.2299575805664,104.2299575805664,5606900
2020-09-21,104.49545699880844,104.61535946536632,104.40124698448518,104.41837310791016,5838100
2020-09-22,104.41837310791016,104.51258312223341,104.38411432686584,104.41837310791016,3387900
2020-09-23,104.41837310791016,104.45263188895446,104.2813445179273,104.41837310791016,3172000
2020-09-24,104.46118312311177,104.50400169258408,104.40979822606761,104.4697494506836,2866900
2020-09-25,104.53828726234015,104.5896787067496,104.4869023521258,104.555419921875,2187400
2020-09-28,104.52112766432454,104.55538643822784,104.48686889042125,104.53825378417969,4167200
2020-09-29,104.59822378818775,104.67530767686075,104.56396500813243,104.6153564453125,2577100
2020-09-30,104.51255629038116,104.51255629038116,104.19567408191567,104.33270263671875,4276400
2020-10-01,104.1519080268235,104.4690025089988,104.06620875928384,104.3918685913086,8733800
2020-10-02,104.47758958025871,104.49472682088307,104.21191331231141,104.28904724121094,7509700
2020-10-05,103.99764787089117,104.00621975926968,103.62913513183594,103.62913513183594,6132200
2020-10-06,103.65484340996943,104.04049992262452,103.58628791880776,103.86909484863281,8516400
2020-10-07,103.67197297414388,103.7833813531392,103.5091398107834,103.56912994384766,7116700
2020-10-08,103.68911314875776,103.77481240721646,103.64626678874555,103.75767517089844,3499000
2020-10-09,103.67194153447703,103.80905899485549,103.50910842049748,103.70622253417969,4358500
2020-10-12,103.74910307809273,103.81766510009766,103.68911294344699,103.81766510009766,3287900
2020-10-13,103.92907782349245,104.06620187323043,103.92907782349245,104.04906463623047,6583300
2020-10-14,104.10904390753817,104.16903403842873,104.04048188982499,104.08332824707031,5200600
2020-10-15,104.1947624164444,104.21189965482286,103.94622996012885,103.97193908691406,3839200
2020-10-16,103.97190876461843,104.09188901358188,103.87763763494242,103.91191864013672,2726200
2020-10-19,103.7148162607488,103.80908740111937,103.61197977193288,103.74053192138672,3635800
2020-10-20,103.61198660068524,103.68054862337053,103.48343444275892,103.51771545410156,6129700
2020-10-21,103.38915660368626,103.49199963105706,103.32059458543907,103.38058471679688,6425300
2020-10-22,103.29490197879333,103.32918299339805,103.0120885121307,103.02066040039062,6749000
2020-10-23,103.00350181758859,103.26059956619483,102.99492993110495,103.16632843017578,5049900
2020-10-26,103.38916402723027,103.55199719765062,103.34631112814037,103.44058227539062,4817800
2020-10-27,103.58627492510054,103.70625519262708,103.54342202736926,103.6719741821289,3620100
2020-10-28,103.82623190235383,103.85194102473794,103.59483672402881,103.66339874267578,5586600
2020-10-29,103.62911968285545,103.64626345705669,103.15777050726685,103.22632598876953,7504800
2020-10-30,103.18346749560236,103.22631384919848,102.89208221435547,102.89208221435547,7246800
2020-11-02,103.1973907831148,103.26599623827481,103.017306370252,103.06876373291016,7674300
2020-11-03,102.91437146845698,102.93151955541661,102.76001251552347,102.83718872070312,9203500
2020-11-04,103.703369140625,103.81484812122906,103.57473552141867,103.703369140625,14922300
2020-11-05,103.74623114243724,103.78052732851883,103.56614018133808,103.68620300292969,6250700
2020-11-06,103.3603277661629,103.41177858657463,103.21454607994542,103.33460235595703,10402200
2020-11-09,102.55421072448468,102.58851344583081,102.21119659617361,102.57136535644531,11195800
2020-11-10,102.2369269182259,102.47703943662098,102.2283496018331,102.27980041503906,4810500
2020-11-11,102.2883671689999,102.48560617021465,102.27121908056044,102.4427261352539,1699900
2020-11-12,102.75142559555611,103.03441807324245,102.71712288226927,103.02584075927734,6324000
2020-11-13,102.98301146357703,103.01731419376212,102.87153249740813,102.88868713378906,6766000
2020-11-16,102.82005497709626,102.90580850900541,102.80290034516936,102.81147766113281,3911400
2020-11-17,103.00870975940693,103.1201886891494,102.98297781324358,103.07730865478516,4707900
2020-11-18,103.14592377978052,103.14592377978052,102.8972339507763,103.04302215576172,7931200
2020-11-19,103.15451049804688,103.25741867402057,103.12020777272231,103.15451049804688,9323000
2020-11-20,103.20596876235135,103.35175044856882,103.18882066973956,103.33460235595703,16772200
2020-11-23,103.197375452686,103.21453008521576,103.07731919527902,103.12877655029297,2511900
2020-11-24,103.05160437380893,103.06875900810068,102.91440001235483,102.96585083007812,4349300
2020-11-25,103.04303263064097,103.1888143078706,102.99157527082536,103.00015258789062,2125500
2020-11-27,103.17161941203533,103.30883026123047,103.16304864089068,103.30883026123047,2988100
2020-11-30,103.26599793243564,103.34318070640097,103.2059697938299,103.24027252197266,2390900
2020-12-01,102.94848585814641,102.98281138656667,102.5709115924487,102.69104766845703,13902200
2020-12-02,102.59666723590361,102.61383327577381,102.37356109299878,102.51943969726562,5578500
2020-12-03,102.67389315400887,102.88842280683924,102.6309846046726,102.79402923583984,4484900
2020-12-04,102.4679430001066,102.4936855100538,102.2877323366259,102.39070892333984,4709100
2020-12-07,102.63956274924497,102.76828184421501,102.62239671155557,102.70821380615234,4441600
2020-12-08,102.89700484199238,103.00855790350415,102.80261127189576,102.81118774414062,4735700
2020-12-09,102.622412796074,102.77687442486256,102.51944274149906,102.66532135009766,3444100
2020-12-10,102.75114089373368,102.93134505191944,102.66533032511094,102.89702606201172,3557600
2020-12-11,103.04292113445872,103.20595927679341,103.0171786144547,103.10298919677734,4336600
2020-12-14,102.83693925948694,103.11154352157727,102.78545423380798,103.04289245605469,2870600
2020-12-15,102.91420651450815,103.00001710060543,102.83697240417095,102.93994903564453,2889200
2020-12-16,102.70820163175254,102.97421626208046,102.66529308954027,102.85408020019531,5058400
2020-12-17,103.0284105530761,103.09710345783186,102.71071733268363,102.77940368652344,3233200
2020-12-18,102.856701777185,102.90821818877588,102.67638778569987,102.69355773925781,3189500
2020-12-21,102.8566733858292,102.89101983438154,102.67635944411582,102.76222229003906,2850500
2020-12-22,102.89099367737406,102.95109830933201,102.78795435791174,102.93392181396484,3688500
2020-12-23,102.73650634078183,102.74509459418057,102.53901581811854,102.71932983398438,3047100
2020-12-24,102.81374956823383,102.86527252197266,102.78799136682238,102.86527252197266,1529300
2020-12-28,102.702114645197,102.87384033203125,102.64200999971351,102.87384033203125,3677500
2020-12-29,102.72788426882202,102.89102827510044,102.72788426882202,102.85668182373047,2157300
2020-12-30,102.81375690617986,102.92538452148438,102.80517520570751,102.92538452148438,2549100
2020-12-31,102.90820147537593,103.03699903435206,102.90820147537593,102.99406433105469,2626200
2021-01-04,102.76222606883489,103.08850751570739,102.73646786920226,103.01982116699219,5499000
2021-01-05,102.92537774685842,102.94254769758938,102.67637088030574,102.77940368652344,5004400
2021-01-06,102.28138407117085,102.28138407117085,101.9808542871253,102.1783447265625,10039300
2021-01-07,101.81773376464844,101.88642667246789,101.73187090533226,101.81773376464844,7751700
2021-01-08,101.62024609603867,101.68893900575333,101.43134386978163,101.52579498291016,8378700
2021-01-11,101.44850978006515,101.45709803061186,101.3111239749808,101.32830047607422,6061000
2021-01-12,101.12225495802933,101.354091942472,100.95052919622712,101.3111572265625,6516600
2021-01-13,101.46567940439427,101.79196741496385,101.4399212037526,101.66316986083984,7562900
2021-01-14,101.6545764656129,101.72326936445795,101.3454649717256,101.43132781982422,8113000
2021-01-15,101.64599581061555,101.77479336784504,101.50002830284954,101.70610046386719,5978400
2021-01-19,101.56014028748541,101.7662124633789,101.51721213258729,101.7662124633789,4035700
2021-01-20,101.65460253861023,101.80915832519531,101.62884433266558,101.80915832519531,4277700
2021-01-21,101.63741166019818,101.73186276316142,101.57730700839575,101.66316986083984,4254500
2021-01-22,101.749040856829,101.83490371614518,101.69752445142254,101.81773376464844,4706200
2021-01-25,101.96371205872417,102.22988891601562,101.92936560118383,102.22988891601562,5689200
2021-01-26,102.12683976986229,102.2298725750971,102.10966326837922,102.19552612304688,4257100
2021-01-27,102.36725889555098,102.47029170130138,102.28139604045367,102.31574249267578,5764700
2021-01-28,102.17837338481993,102.18696163700818,101.93795473088473,102.04957580566406,5394200
2021-01-29,101.75761875646444,101.99803735845902,101.72327230604871,101.8692398071289,7952100
2021-02-01,101.87614864678619,102.04798738238934,101.84177958862004,101.9964370727539,3640700
2021-02-02,101.67851196112237,101.78161911915261,101.64414946367215,101.73866271972656,3609800
2021-02-03,101.60116591768949,101.65271620864374,101.47228363507867,101.48947143554688,3844200
2021-02-04,101.3691969235508,101.49807266857054,101.29186492131288,101.45511627197266,2146000
2021-02-05,101.42931423030755,101.54100869811901,101.24028778076172,101.24028778076172,5498000
2021-02-08,101.22310471508375,101.42072507300057,101.1629605288003,101.28324890136719,2861300
2021-02-09,101.39496475105724,101.49806533962837,101.31763275440328,101.360595703125,4458500
2021-02-10,101.47231411382063,101.61837768554688,101.46372021100522,101.61837768554688,6726800
2021-02-11,101.61834869198942,101.65271773821782,101.49806030780273,101.54102325439453,5949900
2021-02-12,101.29185959048209,101.40355408202959,101.17157119797686,101.20594024658203,8802400
2021-02-16,100.75917258850846,100.85368585533314,100.40690123007519,100.47563934326172,8909000
2021-02-17,100.54434204101562,100.67322432743926,100.42405365508036,100.54434204101562,4789700
2021-02-18,100.38110153292615,100.61308441417604,100.30376953569241,100.53575897216797,4469900
2021-02-19,100.23504990584581,100.32955660556661,99.98587919327824,100.13194274902344,5851800
2021-02-22,100.05460067988021,100.24362717076384,99.89135589202907,99.96868133544922,3828000
2021-02-23,99.89992754629145,100.16628599398346,99.81400821535601,100.0459976196289,7344900
2021-02-24,99.54765082703486,99.9600662148461,99.48750664317804,99.90851593017578,7133700
2021-02-25,99.33285097000238,99.4273641970327,98.03544748958811,98.57675170898438,35760600
2021-02-26,98.9290130606626,99.50467970959059,98.55955408869522,99.46172332763672,28188400
2021-03-01,99.27258811541498,99.46172893412863,99.08344729670132,99.34996032714844,9616500
2021-03-02,99.26401211505558,99.53912430833219,99.22102972937641,99.53052520751953,6271000
2021-03-03,99.05770104710562,99.07489269325934,98.80837954311892,98.99752044677734,8377300
2021-03-04,98.98886027710367,99.10062230613974,98.36126391216271,98.50741577148438,12327900
2021-03-05,98.111951505612,98.49882565300973,98.02597364246579,98.36986541748047,8634600
2021-03-08,98.13776797915659,98.1635587211885,97.94862712533366,97.98301696777344,7416400
2021-03-09,98.41288341081858,98.53324458373841,98.25813239432281,98.44727325439453,7035000
2021-03-10,98.44726249099809,98.74816539039945,98.39567445167837,98.65359497070312,5683100
2021-03-11,98.64499239931281,98.7567610145793,98.47304976547504,98.61920166015625,7576500
2021-03-12,97.99160226323133,98.00019480323694,97.80246143605433,97.90562438964844,7332600
2021-03-15,97.96584326522508,98.12059431530675,97.9400525167437,98.0260238647461,4465500
2021-03-16,98.1377569467484,98.21512916414609,97.89703463592308,98.00879669189453,5479400
2021-03-17,97.63913409931052,98.0518056874209,97.45859232925984,97.84546661376953,8975900
2021-03-18,97.06311897659883,97.34683028357179,96.96854854094117,97.23506164550781,8281400
2021-03-19,97.02870620330522,97.32100998321822,97.00291546498241,97.17485809326172,8748100
2021-03-22,97.42420126667328,97.54456244520357,97.3468290344148,97.49298095703125,4679800
2021-03-23,97.70787512355271,97.99158631815303,97.6390954595545,97.9743881225586,7544000
2021-03-24,97.77670744294178,98.12059282974487,97.75091013565756,98.10340118408203,14634800
2021-03-25,98.15492982116157,98.21511038736257,97.8282362559547,97.9743881225586,10573800
2021-03-26,97.70787801671342,97.91421045562788,97.63909835067862,97.64769744873047,6409700
2021-03-29,97.7336954263063,97.74229452670511,97.22645344984463,97.31243133544922,6298000
2021-03-30,97.04591393109514,97.28664283346228,96.95994260270282,97.22645568847656,5784900
2021-03-31,97.20067504647173,97.31244368826889,96.96855177977226,97.08891296386719,8620000
2021-04-01,97.3899798394272,97.57063355171837,97.32115750238505,97.5190200805664,8535300
2021-04-05,97.18351836362972,97.3211564729989,97.03727582140647,97.24373626708984,9944500
2021-04-06,97.45023286783396,97.7341201880108,97.41582168690995,97.71691131591797,8765200
2021-04-07,97.69971575421843,97.89757841738046,97.62229551423901,97.65670013427734,6316800
2021-04-08,97.82871320354363,98.0007624814292,97.81150433779952,97.9921646118164,6334700
2021-04-09,97.6738519294483,97.91472350853009,97.58782730309886,97.73406982421875,5887400
2021-04-12,97.65666503427116,97.69968063875147,97.57064038857031,97.67387390136719,5466000
2021-04-13,97.69967736025713,98.07819366455078,97.67387062373884,98.07819366455078,7663800
2021-04-14,97.91475569232678,97.99218247577164,97.82873103770171,97.95777130126953,4876900
2021-04-15,98.26745492034563,98.73198931886559,98.26745492034563,98.58574676513672,9958500
2021-04-16,98.29326217122322,98.47391589676033,98.26745543375503,98.3190689086914,7334900
2021-04-19,98.15559478851851,98.37926406695216,98.10398132551776,98.21581268310547,5738600
2021-04-20,98.1900328754431,98.5771470806124,98.1900328754431,98.50833129882812,6468300
2021-04-21,98.49971861738084,98.61154999626906,98.3620739388173,98.5599365234375,7976500
2021-04-22,98.55132841661556,98.66316635459444,98.319061234272,98.63735961914062,7681300
2021-04-23,98.62016268708014,98.62876712102569,98.35348430410839,98.50833129882812,5509900
2021-04-26,98.46529297044505,98.5427197315679,98.40507507324219,98.40507507324219,7145300
2021-04-27,98.26748150490724,98.35350617371083,98.01800537109375,98.01800537109375,7720500
2021-04-28,98.02659784905678,98.16424256217684,97.77712829223373,98.14703369140625,8692900
2021-04-29,97.68246001517826,97.98354950029368,97.58783095367649,97.97494506835938,5547800
2021-04-30,98.01799559019257,98.09541581541184,97.87174644823251,98.06100463867188,5160000
2021-05-03,98.09888797999218,98.43460671239608,98.06445444749886,98.22801208496094,8593300
2021-05-04,98.4259695482991,98.61535064103172,98.30545550156432,98.35710906982422,11171000
2021-05-05,98.25380837040537,98.50344648617401,98.25380837040537,98.47762298583984,6810000
2021-05-06,98.40880210031149,98.63261682073019,98.39158861452208,98.52070617675781,6546200
2021-05-07,98.75309061445954,98.95107517409102,98.46901895844216,98.55509948730469,10657600
2021-05-10,98.59813716329376,98.67560766439911,98.3140655241948,98.35710906982422,5906800
2021-05-11,98.21076358736151,98.27963063240023,98.15050656483336,98.19355010986328,6591300
2021-05-12,97.83204154888449,97.90090861755714,97.67709392813362,97.72013092041016,14509800
2021-05-13,97.8406313563468,98.08165947936935,97.78036775806738,98.04722595214844,8242700
2021-05-14,98.19353073466317,98.29683128183834,98.090230187488,98.26239776611328,7943100
2021-05-17,98.19355574025904,98.23659928775707,98.12468869127152,98.16773223876953,6711100
2021-05-18,98.15912221576528,98.21076921874429,98.06443166528824,98.16773223876953,4319600
2021-05-19,98.15051504218556,98.34850617189181,97.78897287578992,97.87505340576172,13156500
2021-05-20,98.04719927347497,98.2882273309137,98.02137577696682,98.27961730957031,8412700
2021-05-21,98.37435158461041,98.40017509260116,98.20219048632214,98.31409454345703,6648700
2021-05-24,98.36571652342168,98.50345062101619,98.32267954356584,98.40876007080078,4826000
2021-05-25,98.51203740986568,98.78749897256364,98.51203740986568,98.77027893066406,5748200
2021-05-26,98.70141450718067,98.83053197864072,98.61532743617872,98.65837097167969,4501600
2021-05-27,98.4431777730156,98.48622131347656,98.30544369755827,98.48622131347656,5998100
2021-05-28,98.44318946288662,98.6842175560362,98.44318946288662,98.47762298583984,5575700
2021-06-01,98.36480057758173,98.47678195629003,98.24420322449194,98.45955657958984,9498100
2021-06-02,98.56289434297616,98.64042494654143,98.5198276272719,98.5715103149414,4269900
2021-06-03,98.48539458536331,98.48539458536331,98.27865063960667,98.32172393798828,3591200
2021-06-04,98.57150257958732,98.87299585410162,98.55427720906957,98.8643798828125,6326000
2021-06-07,98.74379957196926,98.82133018279741,98.71795822571374,98.78687286376953,3068500
2021-06-08,99.09697018834775,99.12281153148068,99.02805555861943,99.07112884521484,4760500
2021-06-09,99.42434572395116,99.53633368634597,99.25206565081635,99.38127899169922,5679300
2021-06-10,99.1658990590102,99.74304437873027,99.12282576622916,99.73442840576172,6494800
2021-06-11,99.66552148305774,99.6827534303291,99.50185741635346,99.58799743652344,3914200
2021-06-14,99.48462279427366,99.49323876767768,99.23481214205368,99.27788543701172,3730900
2021-06-15,99.22618166526969,99.3123216648277,99.17449240788633,99.29508972167969,4212700
2021-06-16,99.33813906726508,99.38982174013236,98.46811016566424,98.61455535888672,13529000
2021-06-17,98.7696596731237,99.28650637816979,98.70074502656757,98.96778106689453,8838100
2021-06-18,99.09696525768426,99.56212912711455,98.89883735008857,99.52767181396484,13435000
2021-06-21,99.28646918998463,99.36399320927649,99.13141457934094,99.20893859863281,6460000
2021-06-22,99.09696187866807,99.41568708538956,99.07112053770204,99.38983917236328,5459700
2021-06-23,99.2778819581949,99.38125391923464,99.14866864991069,99.19174194335938,5429800
2021-06-24,99.19173908682126,99.30372044567639,99.1314404209667,99.17450714111328,3631700
2021-06-25,99.24343308105661,99.27789040433467,98.79550102256664,98.96778106689453,6716800
2021-06-28,99.15728809760374,99.3726414282697,99.14867212419972,99.27788543701172,4968900
2021-06-29,99.1486557175991,99.33816766875564,99.1400397456208,99.32955169677734,3373200
2021-06-30,99.47600973959926,99.63106439486674,99.45877779342406,99.484619140625,6572800
2021-07-01,99.45613559902723,99.51647447323467,99.27511897640494,99.41304016113281,11966200
2021-07-02,99.5337527560746,99.77510833740234,99.5078941689961,99.77510833740234,5071900
2021-07-06,99.89577559102086,100.36987155893992,99.89577559102086,100.30091094970703,9095300
2021-07-07,100.4905369278103,100.77499447343553,100.39571774593523,100.5939712524414,7456400
2021-07-08,100.78364710068495,101.01638757055785,100.69744960595128,100.85260772705078,7368000
2021-07-09,100.43886019619092,100.4561036426629,100.33542582315071,100.34404754638672,5531200
2021-07-12,100.43024151259189,100.47333697435832,100.21474447441665,100.29232025146484,3867700
2021-07-13,100.34401164617964,100.44744598221399,99.89577426854551,99.98197174072266,6926500
2021-07-14,100.25783625991092,100.43885297616683,100.17163876309107,100.41299438476562,6029200
2021-07-15,100.67157022693385,100.88706720749246,100.44745152574804,100.8353500366211,5704500
2021-07-16,100.56813031585564,100.83535104640757,100.5595151715881,100.81810760498047,3577900
2021-07-19,101.49046869807836,101.80940663634497,101.43875152079876,101.68010711669922,20557500
2021-07-20,102.11970403039571,102.16279947803652,101.46459140766737,101.55078887939453,8729000
2021-07-21,101.13703927777016,101.20599988633916,100.86981856367669,100.96463775634766,7438300
2021-07-22,100.96464726358775,101.40426296405411,100.95603211903958,101.1973876953125,6363500
2021-07-23,100.8353610456074,101.06809491638387,100.8267393240389,101.042236328125,6804600
2021-07-26,101.1974005996608,101.21463746740133,100.95604499261103,100.97328186035156,6179600
2021-07-27,101.38706000369322,101.46463578924637,101.29224077038488,101.404296875,8621200
2021-07-28,101.21461975672966,101.49907734802656,101.07670510959674,101.4904556274414,11533500
2021-07-29,101.11982924353532,101.30946769152658,101.09397065089065,101.18016815185547,6203800
2021-07-30,101.35255878665389,101.5249537699691,101.343937064554,101.46461486816406,5656400
2021-08-02,101.62505704182207,102.10808016168947,101.53017656032004,101.90969848632812,19495800
2021-08-03,101.935546875,102.09943249627531,101.88379629173188,101.935546875,6627300
2021-08-04,102.23746323471009,102.32371642315834,101.59055445030347,101.90969848632812,7545000
2021-08-05,101.69404618879975,101.7457967775689,101.46978266964106,101.53878784179688,5164600
2021-08-06,101.03851450377117,101.13339497433921,100.91775873772015,100.94363403320312,7807600
2021-08-09,101.09027177766842,101.18515225450888,100.7280044555664,100.7280044555664,10842500
2021-08-10,100.80563958779855,100.8142602999598,100.52962544262391,100.53824615478516,7192400
2021-08-11,100.6072302328774,100.90911961260403,100.4347238960893,100.65036010742188,7254300
2021-08-12,100.54685974121094,100.65898821028856,100.42610398045183,100.54685974121094,6932200
2021-08-13,100.70214111764125,101.12478637695312,100.68489311102923,101.12478637695312,6896500
2021-08-16,101.39216705254833,101.6250513062847,101.34903717041016,101.34903717041016,6928100
2021-08-17,101.33178194502281,101.52153630309903,101.28002477400602,101.29727935791016,7785500
2021-08-18,101.25414120726292,101.34039437765063,101.02987769969882,101.24551391601562,7025800
2021-08-19,101.46113741930635,101.53876986941455,101.37488425972613,101.46976470947266,6242600
2021-08-20,101.46977364657984,101.5301515216733,101.27139202014196,101.37489318847656,6510200
2021-08-23,101.3490062577131,101.41801141580834,101.2627531004411,101.4007568359375,3958500
2021-08-24,101.27142404629133,101.35767724074522,101.09891107668665,101.12478637695312,3649700
2021-08-25,101.09027177766842,101.12477436749187,100.67625386117929,100.7280044555664,5874700
2021-08-26,100.67625386117929,100.77113433801975,100.56411879907905,100.7280044555664,6850600
2021-08-27,100.72799197227512,101.0557632446289,100.59860892164576,101.0557632446289,6360700
2021-08-30,101.03852176789738,101.26278531269934,101.0040191778743,101.25415802001953,6546200
2021-08-31,101.20237952370286,101.34038326505122,101.02124591154258,101.06436920166016,7418400
2021-09-01,101.2025045112687,101.23703067616516,101.0212470844567,101.10755920410156,11908600
2021-09-02,101.21976036750074,101.2283935546875,101.10755527484221,101.2283935546875,2976200
2021-09-03,100.9953427812807,101.02986894230534,100.88313111165265,100.98670959472656,4988900
2021-09-07,100.63282866883142,100.71051418305919,100.50336378710574,100.58967590332031,7098600
2021-09-08,100.72774773782898,100.93490466502105,100.66732861369562,100.86585235595703,6046200
2021-09-09,100.90904211956574,101.26292378613083,100.82272341461524,101.15071868896484,7009500
2021-09-10,100.92633571995769,101.01264786863031,100.73644504176104,100.83139038085938,8147100
2021-09-13,100.92627835431864,101.03848342529714,100.90901856847236,100.9521713256836,4269300
2021-09-14,101.12478175346017,101.43550393248167,101.07298923596512,101.3319320678711,6991000
2021-09-15,101.27152866759626,101.28878845264656,100.98669282533541,101.15931701660156,5108900
2021-09-16,100.80545491714227,100.99534551532238,100.71050961805221,100.83998107910156,5682700
2021-09-17,100.58967576910291,100.6155687454135,100.45157111518998,100.54651641845703,7611700
2021-09-20,100.90902437892329,101.16796069267377,100.83133887516412,101.05575561523438,8781600
2021-09-21,101.0902990055137,101.1161919827832,100.93493455670409,100.99535369873047,4867900
2021-09-22,100.99532571561731,101.17658309147484,100.80543515466444,101.09027099609375,10966400
2021-09-23,100.62417981588501,100.65007278650445,100.17534637451172,100.17534637451172,10650100
2021-09-24,100.03725810824457,100.04589129435801,99.81284136563586,99.87326049804688,10528000
2021-09-27,99.60569763183594,99.77832185445723,99.57980465696194,99.60569763183594,6742100
2021-09-28,99.24318800513998,99.45033840016104,99.02740442297862,99.22592163085938,10295500
2021-09-29,99.43304728197253,99.5711519010808,99.14821802914544,99.32947540283203,8364000
2021-09-30,99.23453384625378,99.4848435388848,99.19137450486566,99.4503173828125,7307900
2021-10-01,99.64035921497045,99.89948206244426,99.55398712906842,99.85629272460938,19830100
2021-10-04,99.68357539132714,99.9081415571804,99.55401393270746,99.73539733886719,7691800
2021-10-05,99.57985739779032,99.60576835399439,99.3207346562194,99.42438507080078,6861900
2021-10-06,99.45894893660008,99.55396018230547,99.37257687407681,99.45030975341797,7473500
2021-10-07,99.22576082892121,99.25167838466052,99.04437747735122,99.05301666259766,8160200
2021-10-08,99.00117819382262,99.00117819382262,98.72478362001246,98.83706665039062,9455100
2021-10-11,98.66434566843942,98.74207857161363,98.57796698966631,98.59524536132812,2261300
2021-10-12,98.76796273613422,99.07890744398426,98.7075016312615,99.04435729980469,7938400
2021-10-13,99.10482885189936,99.37259085007594,99.05300692505023,99.23439025878906,11662400
2021-10-14,99.346684394447,99.51079596749057,99.24304052917115,99.46761322021484,9518200
2021-10-15,99.1048345466588,99.13074551157226,98.9234512024973,98.97527313232422,8689700
2021-10-18,98.681594290762,98.91479953532172,98.52612193113339,98.83706665039062,8703300
2021-10-19,98.69886651212332,98.74205584156785,98.46566126651565,98.4829330444336,7445200
2021-10-20,98.4829563094496,98.6470678923878,98.41386259168912,98.43977355957031,6230000
2021-10-21,98.37929524690973,98.42247798924318,98.146083397195,98.18063354492188,7103900
2021-10-22,98.27564944893561,98.5088613096736,98.18063818563749,98.43112182617188,10204600
2021-10-25,98.44841148868508,98.6557058188563,98.44841148868508,98.55205535888672,4835000
2021-10-26,98.56936025230172,98.67300415039062,98.37933765277911,98.67300415039062,5603100
2021-10-27,99.0184823217227,99.38124908278587,98.74208765761237,99.22577667236328,16140300
2021-10-28,99.12210903086837,99.25167044012414,98.86298621235682,98.96663665771484,9940400
2021-10-29,98.69885146931504,99.20845780207166,98.62975777840751,99.00979614257812,11254300
2021-11-01,98.7254622401477,99.07984017232954,98.69953295174749,99.0020523071289,14479000
2021-11-02,99.11441891857437,99.36507970768504,99.10578021836298,99.24407196044922,12191100
2021-11-03,99.26134045198276,99.29591503071114,98.76866424535,98.93289184570312,17031100
2021-11-04,99.10575735960201,99.54656836810466,99.10575735960201,99.46878051757812,12665400
2021-11-05,99.69353383611742,100.09977697888567,99.589816672468,100.01334381103516,12955100
2021-11-08,99.84909862118558,99.84909862118558,99.53794059051513,99.5811538696289,7404300
2021-11-09,100.00468628246148,100.24670835503585,99.96147300103645,100.03926086425781,12345400
2021-11-10,99.86641176191539,99.89234105412481,99.0020668513166,99.18357849121094,19425100
2021-11-11,99.1835259469791,99.22674580738389,98.86371612548828,98.86371612548828,3746100
2021-11-12,99.22677982837118,99.3477875656836,98.98475775931924,99.07119750976562,10613400
2021-11-15,99.01068327907541,99.03661256372484,98.6476535107042,98.6822280883789,8021400
2021-11-16,98.6909113012377,98.88106825429905,98.57854882644189,98.59583282470703,6573700
2021-11-17,98.59582598436491,98.95884927260784,98.57854198729888,98.95021057128906,10006200
2021-11-18,98.80324130416085,99.03661806782877,98.78595731157611,99.01068878173828,10183400
2021-11-19,99.33049932302085,99.49472693943387,99.21813687698561,99.27864074707031,10731600
2021-11-22,98.82053313374276,98.91561158022124,98.49207792066187,98.55258178710938,10876200
2021-11-23,98.37974016481006,98.43159875065439,98.14636993408203,98.14636993408203,11543700
2021-11-24,98.16361723469122,98.46613652973983,98.1031133756815,98.4488525390625,8322900
2021-11-26,99.38234278660188,99.73672063557379,99.33047762755233,99.71943664550781,13878500
2021-11-29,99.13169726212114,99.57250831784357,99.10576797583474,99.49472045898438,13908200
2021-11-30,100.10839422044756,100.3936295294075,99.58978876424617,100.09111022949219,19416800
2021-12-01,99.73473706899725,100.2796859741211,99.61363731230306,100.2796859741211,24991000
2021-12-02,100.25374756825839,100.29699371482603,99.82989837501772,100.06344604492188,11448900
2021-12-03,99.89905737621667,100.89381077946835,99.81255851494264,100.651611328125,19790900
2021-12-06,100.50460217023154,100.58244919619263,100.03750021613695,100.14994812011719,9863200
2021-12-07,99.87315078179655,100.08074945688425,99.70015298579729,99.76934814453125,7678400
2021-12-08,99.62229282860606,99.64824183636094,99.31954340572851,99.44929504394531,11126500
2021-12-09,99.69148240933443,99.85583490430346,99.56173078696105,99.70013427734375,9198400
2021-12-10,99.85585364197378,100.04615517723872,99.71745012562005,99.76934814453125,5051500
2021-12-13,100.02017667764531,100.33157791873077,100.00287954178118,100.24507904052734,5706900
2021-12-14,100.03750452820422,100.1759014468037,99.84720299061735,100.07210540771484,4749500
2021-12-15,99.82990465990933,100.10670509324983,99.71745015298035,99.925048828125,8428000
2021-12-16,100.0687890395514,100.35450354977219,100.05146940562624,100.21597290039062,9085400
2021-12-17,100.53632398921316,100.72679373127491,100.38048030534068,100.44108581542969,7933100
2021-12-20,100.6055674014434,100.73543821915823,100.32851273955369,100.3544921875,13772100
2021-12-21,99.99082466535843,100.03411712768012,99.76572235669224,99.95619201660156,7672800
2021-12-22,100.11202759822535,100.12068741109512,99.86094586901667,100.05142211914062,5538200
2021-12-23,99.98218142671176,99.99083463563706,99.72243983788701,99.8436508178711,7209700
2021-12-27,99.809015337191,99.9302263137401,99.78304250014517,99.87828063964844,3471800
2021-12-28,100.04280791589025,100.06878075912388,99.80903911577884,99.8609848022461,8314500
2021-12-29,99.54065028610913,99.62722863729593,99.28090862704397,99.35017395019531,11879900
2021-12-30,99.54925876774467,99.68778273710915,99.38475536146683,99.67912292480469,10296000
2021-12-31,99.70513523479761,99.83499943467423,99.56660461425781,99.56660461425781,7584500
2022-01-03,99.02113501861716,99.05576766670826,98.64018249511719,98.64018249511719,27744600
2022-01-04,98.4151011763295,98.60557749148025,98.3371826504064,98.58826446533203,15911800
2022-01-05,98.60558971312054,98.61424953002002,98.10342602102875,98.17269134521484,13715700
2022-01-06,97.94754983895474,98.01681514015407,97.81768565608436,97.93023681640625,10957400
2022-01-07,97.80037772655353,97.83501038129582,97.37613926559153,97.60990142822266,13318200
2022-01-10,97.3587991752887,97.61854072851885,97.29819369360193,97.58390808105469,8430700
2022-01-11,97.54064859795176,97.82635645714936,97.4540636531303,97.81770324707031,8086500
2022-01-12,97.98218289600474,98.207291823085,97.81768606185236,97.83499908447266,7996500
2022-01-13,97.89560859457296,98.18132302081878,97.81769008132572,98.14669036865234,8431100
2022-01-14,97.8956052974444,97.91291832019303,97.4453940454499,97.47136688232422,10595700
2022-01-18,97.05579123831085,97.14236957158965,96.7008180902167,96.7354507446289,11594100
2022-01-19,96.89128162623923,97.15967640570723,96.83066953487287,96.96920013427734,10349700
2022-01-20,97.12506389972053,97.17700958251953,96.99519308721909,97.17700958251953,8297300
2022-01-21,97.72247121397612,97.8783148767121,97.53199489224279,97.73978424072266,13250000
2022-01-24,98.04278874607218,98.08608121103714,97.63586335521136,97.65318298339844,22377400
2022-01-25,97.73980278232666,97.91295950465765,97.46274806329376,97.52335357666016,13534000
2022-01-26,97.5406557144695,97.62723406010377,96.83069610595703,96.83069610595703,12694700
2022-01-27,97.064422729673,97.4193957741852,97.04710310476909,97.23757934570312,11609400
2022-01-28,97.09908219153074,97.54064027151233,97.073109352503,97.46271514892578,6713500
2022-01-31,97.28089867022827,97.53198045666863,97.22029317732908,97.46271514892578,8258600
2022-02-01,97.49564745444101,97.53031336695754,97.17499272254825,97.33098602294922,16338700
2022-02-02,97.4089841988056,97.76429822487435,97.4089841988056,97.53031158447266,5997100
2022-02-03,97.09697394307192,97.20097165337859,96.99297623276524,97.11430358886719,8032600
2022-02-04,96.55970068151558,96.58569846644934,96.27371182354884,96.3690414428711,8616400
2022-02-07,96.39502716064453,96.49901828022867,96.27369316805245,96.39502716064453,10294700
2022-02-08,96.1350567892232,96.18705236018468,96.03105903545246,96.08306121826172,8111500
2022-02-09,96.30835755344167,96.51635301300894,96.17836865601994,96.21302795410156,10113400
2022-02-10,95.85772994761567,95.91839364715322,95.294420387997,95.32908630371094,16633900
2022-02-11,95.73639270847936,96.3950318156527,95.2597446812131,96.31703186035156,18315600
2022-02-14,95.79703674641519,96.04835959905834,95.51104798873382,95.64971160888672,11090000
2022-02-15,95.37239188418584,95.53704666987106,95.29439194414937,95.36372375488281,8490500
2022-02-16,95.60639861899288,95.62372826940384,95.2770823664104,95.56306457519531,9007700
2022-02-17,95.7883901453287,96.10904488011444,95.77972201415969,96.07437896728516,8749500
2022-02-18,96.23038972653306,96.39505118938216,96.16972602103834,96.38638305664062,8486800
2022-02-22,96.1696890944818,96.38634604689368,96.05702324764651,96.37767791748047,8392500
2022-02-23,96.02237754987111,96.10903902073751,95.77105465606607,95.87504577636719,7941800
2022-02-24,96.64636855788316,96.67237295638373,95.96173813654077,96.10039520263672,19162100
2022-02-25,95.95305157830609,96.09170861777639,95.74506271317722,96.07437896728516,8101900
2022-02-28,96.7329916677426,97.18363518775037,96.69832576438124,97.16630554199219,12291800
2022-03-01,97.67030547239332,98.44229937501478,97.62693896936833,98.11268615722656,28285600
2022-03-02,97.54885260945903,97.6355922190324,96.62072488962708,96.63807678222656,12303800
2022-03-03,96.88096411555426,97.23659855072945,96.70747825392456,97.054443359375,12247400
2022-03-04,97.91316618480765,98.27748314558066,97.81775062577283,98.01725769042969,20102300
2022-03-07,97.55753987115769,98.08666015407672,97.53151864704836,97.60090637207031,13633200
2022-03-08,97.03711438805105,97.21059366102293,96.84628321709596,96.96772003173828,10819400
2022-03-09,96.56868583702136,96.65542544963931,96.26509388395442,96.36917877197266,7932300
2022-03-10,96.03955577097149,96.13497132043163,95.72728790324881,95.92678833007812,11100100
2022-03-11,95.82271605582685,96.02221650889554,95.71862454695943,95.9007797241211,5567600
2022-03-14,95.12876001062827,95.18947838649157,94.68638610839844,94.68638610839844,8622500
2022-03-15,95.18949373013214,95.24154278769525,94.57363392773168,94.64302825927734,9294400
2022-03-16,94.54761373108974,94.65170522953477,93.89705675587582,94.5129165649414,12847300
2022-03-17,94.57364597343893,94.75580115359138,94.15729316675008,94.33077239990234,7215900
2022-03-18,94.48689300334318,94.7384424883293,94.48689300334318,94.60832977294922,7509200
2022-03-21,93.92308293727513,94.07054093783883,93.30722309567837,93.37661743164062,11003600
2022-03-22,92.98626677982733,93.02096394315336,92.7867663629617,92.86483001708984,7710300
2022-03-23,93.09036477400096,93.48937225341797,92.8908577253886,93.48937225341797,11222700
2022-03-24,92.94288900240235,93.24648087237905,92.90819184328981,92.96891021728516,11112300
2022-03-25,92.54392134795866,92.55259067810555,91.9193854513007,92.01480102539062,9055600
2022-03-28,92.1622582850008,92.55258990826064,92.04949743374577,92.22297668457031,12858500
2022-03-29,92.44849585423239,92.79546093934772,92.2489887795033,92.68269348144531,7539900
2022-03-30,92.49187837328479,93.07304780407982,92.43115996920885,93.0470199584961,6430100
2022-03-31,93.18579233173232,93.35060223582902,93.04700365084908,93.22048950195312,9147200
2022-04-01,92.31823217908196,92.92610713542432,92.22270906630342,92.61348724365234,10237000
2022-04-04,92.70903673596808,92.72640156811069,92.37904529783046,92.55272674560547,7372100
2022-04-05,92.28350288919151,92.30087434297678,91.3543288697324,91.4498519897461,9675600
2022-04-06,90.87669178044392,91.45850942215364,90.87669178044392,91.12852478027344,9054400
2022-04-07,90.90274047851562,91.15457347322197,90.71169430147864,90.90274047851562,5518900
2022-04-08,90.38171805949823,90.67696645123416,90.31224551134854,90.4425048828125,8091800
2022-04-11,90.12119632869496,90.22540514746457,89.89541386732746,90.00830841064453,7356400
2022-04-12,90.47724115688735,90.82459064710213,90.33829606058795,90.4425048828125,12211000
2022-04-13,90.69431199352879,91.10245481573624,90.58141747871781,90.64220428466797,6346100
2022-04-14,90.51199250170266,90.54672215629336,89.72175704177177,89.82596588134766,6158700
2022-04-18,89.90411538520075,89.92148683734729,89.53939439333706,89.56544494628906,4591500
2022-04-19,89.21810770663505,89.38310341068775,88.9141734822768,88.97496032714844,7004900
2022-04-20,89.3396863081272,89.80861626231916,89.23548406848647,89.669677734375,7479300
2022-04-21,89.41782232002743,89.4265080462552,88.80994736417338,89.17467498779297,9137500
2022-04-22,88.9488807631001,89.46122591347932,88.90545876295029,89.21807861328125,5451600
2022-04-25,89.921488640687,90.29489536611248,89.73912151583006,89.79122924804688,8617400
2022-04-26,90.39907421277181,90.54669839447959,90.10382584935627,90.39038848876953,9575400
2022-04-27,90.33827696699954,90.42511432119959,89.84329676026725,89.88671875,7908900
2022-04-28,89.58281022745669,89.78253553650906,89.4091288442945,89.75648498535156,6943500
2022-04-29,89.0964939175765,89.62621045245163,89.05307854807607,89.27885437011719,10012500
2022-05-02,88.81372171728671,88.8745825427742,88.52680355427464,88.6137466430664,11327000
2022-05-03,89.13539274476678,89.20494985425623,88.70067076045429,88.71806335449219,8129100
2022-05-04,88.6832848801145,89.36145011492358,88.51808840326011,89.2918930053711,11934700
2022-05-05,88.58768690503271,88.70940858695796,87.94429992438003,88.39640808105469,11675700
2022-05-06,87.94426862778512,88.34421210225999,87.80515439318596,87.89209747314453,12538400
2022-05-09,87.93556604479303,88.58764904787387,87.89209119125512,88.54417419433594,7301200
2022-05-10,88.95283859628846,89.18759225713936,88.78764870038086,88.83981323242188,8054600
2022-05-11,88.62243433091831,89.42232128341331,88.50071269177046,89.38754272460938,7167900
2022-05-12,89.65706135889106,90.04830847802673,89.56142199495463,89.68314361572266,8132400
2022-05-13,89.43971852113903,89.50057934387145,89.1614966696005,89.21366119384766,6016900
2022-05-16,89.53535988865931,89.83966400906507,89.4397205031986,89.5875244140625,3315600
2022-05-17,88.98759431214926,89.24843017204408,88.8832652748565,88.90934753417969,4286800
2022-05-18,88.90934645165959,89.63967623714258,88.84848563620268,89.54403686523438,4465500
2022-05-19,90.33523083075116,90.361313088813,89.79617317525886,89.86573028564453,5137600
2022-05-20,89.81356426260571,90.41347608795608,89.78747537165044,90.2830581665039,5908800
2022-05-23,90.04830612660032,90.22219225649087,89.72660948963909,89.73530578613281,5720600
2022-05-24,90.19611676253103,90.83081378754436,90.17003450442508,90.50911712646484,6786600
2022-05-25,90.83084094717397,90.83084094717397,90.48306192399795,90.69172668457031,4274500
2022-05-26,90.74388615001257,90.77866471117945,90.31785375071749,90.64824676513672,3478900
2022-05-27,90.81345082731018,90.93517249374538,90.61348236102377,90.77867889404297,2508200
2022-05-31,90.09182962135014,90.10051928920525,89.6831896987961,89.83099365234375,6773200
2022-06-01,89.89971166204566,89.98677005424813,89.15976181968459,89.32516479492188,5555900
2022-06-02,89.58632282337159,89.5950233489182,89.24680971999942,89.45574188232422,3014300
2022-06-03,89.10755843468662,89.36001323512018,89.08144356595639,89.28166198730469,2687800
2022-06-06,89.06403187783954,89.15109029836577,88.55912890356238,88.61135864257812,4800600
2022-06-07,88.84640315320581,89.16850205558671,88.82899545328333,88.96827697753906,3230000
2022-06-08,88.80286180286808,88.94214329766905,88.62875163233701,88.63745880126953,2917900
2022-06-09,88.52431339455723,88.74194617867866,88.36761752432477,88.55913543701172,4178600
2022-06-10,88.10644216625786,88.1934939383808,87.57541772219612,87.68859100341797,4443400
2022-06-13,86.75713933820062,86.87901317031658,85.67767590856529,86.13035583496094,9200800
2022-06-14,86.32186520484368,86.44373902488883,85.30333879214479,85.442626953125,7829800
2022-06-15,86.13903626345979,86.67006068302891,85.6602482180547,86.63523864746094,10256200
2022-06-16,85.79083199401433,87.24461715794835,85.6863658838973,87.20108795166016,9168800
2022-06-17,87.2794626472312,87.453566235918,86.66138627327902,87.22722625732422,7029700
2022-06-21,86.75711317823828,87.00956129605346,86.66135424736063,86.77452087402344,10342000
2022-06-22,87.78434051479958,88.02809476727427,87.6711738787974,87.87139892578125,9501900
2022-06-23,88.41114494972656,88.94216950346484,88.27186341388789,88.36762237548828,9247200
2022-06-24,88.25443289391211,88.58523893394091,87.98457040157251,88.05421447753906,5127000
2022-06-27,87.54929148865733,87.94102773316574,87.4448253906974,87.55799865722656,5439400
2022-06-28,87.46226274521315,87.6973032254489,87.34038891966495,87.67118835449219,3763300
2022-06-29,87.81915015249665,88.37628936767578,87.74080556362301,88.37628936767578,3559600
2022-06-30,88.88118771762532,89.2642233706646,88.80284313857048,89.0552978515625,5409500
2022-07-01,89.90537652870361,90.6464493645188,89.78331778641416,90.00999450683594,63222900
2022-07-05,90.45465460056086,90.69005173879587,90.18438258041999,90.34131622314453,6651400
2022-07-06,90.67261691133973,90.68133729467358,89.55664730593426,89.57408142089844,4754700
2022-07-07,89.6002373472481,89.6002373472481,88.95506865603477,89.02481842041016,4058100
2022-07-08,88.78069370782211,88.78940743888572,88.37964257269397,88.48426055908203,3664900
2022-07-11,88.95506403991841,89.32996068935225,88.91147542822345,89.18174743652344,2765700
2022-07-12,89.65253418783105,89.82690191048464,89.32122620240611,89.39097595214844,3669200
2022-07-13,88.85042867029686,89.84433928568625,88.73708366831433,89.77458953857422,6809400
2022-07-14,89.10328214379258,89.48689919713196,88.86788500305484,89.27765655517578,5370400
2022-07-15,89.33867669048426,89.79203680975458,89.31252219440945,89.58279418945312,3834000
2022-07-18,89.29507353358157,89.45200714785703,88.95505181126848,89.32122802734375,3150700
2022-07-19,89.20790264326872,89.28637278766894,88.82428560776404,88.9114761352539,2996100
2022-07-20,89.34741933197064,89.3561330650311,88.75455955033308,88.82430267333984,53057500
2022-07-21,89.1817433136936,89.83563232421875,89.09455944263085,89.83563232421875,5344300
2022-07-22,90.67261713558185,91.0736682977848,90.51568349370213,90.86442565917969,7747100
2022-07-25,90.30643484890307,90.5854272323889,90.28028035227987,90.54183197021484,2994500
2022-07-26,91.15210842572398,91.28288087447056,90.54180817420072,90.5766830444336,4736300
2022-07-27,90.79467102242437,91.20444254598863,90.69004638288565,90.75979614257812,7475300
2022-07-28,91.63165189846517,91.82346041954398,91.32650500206864,91.65780639648438,5768100
2022-07-29,91.47469450819692,92.05011992203015,91.37879027255805,91.69265747070312,5961100
2022-08-01,91.9581743348082,92.2900563119448,91.81843034652326,92.22891998291016,9672400
2022-08-02,92.1939789713834,92.35992328260599,90.89264480222027,90.95378112792969,9269700
2022-08-03,90.81404711874596,91.33807373868139,90.33368549684515,91.32933807373047,7829500
2022-08-04,91.42541832868706,91.81843666189049,91.29440999649906,91.792236328125,9873200
2022-08-05,90.59569947908753,90.6306288111459,90.2638108542949,90.46469116210938,10047200
2022-08-08,90.83152270380053,91.04113204429905,90.7529216998739,90.99746704101562,6681300
2022-08-09,90.74417878910323,90.90138744776621,90.63937079554117,90.7267074584961,3814700
2022-08-10,91.13720374213027,91.45162108235705,90.77038573298594,90.77912139892578,7260300
2022-08-11,90.98872680420655,91.08479913530903,90.0804108231944,90.17648315429688,8309300
2022-08-12,90.52582549272464,90.56949048851494,90.23760853439803,90.53456115722656,4128600
2022-08-15,90.9799778053165,91.11972178038954,90.7878331712708,90.82276916503906,3441100
2022-08-16,90.64811505821193,90.75292306171434,90.29876170989814,90.71798706054688,3241800
2022-08-17,90.22890110582067,90.2725727786371,89.92321938619088,90.10662841796875,6366700
2022-08-18,90.35116111436258,90.59571311910928,90.20268810900127,90.28129577636719,3709200
2022-08-19,89.62623228761636,89.68736860354369,89.3991516870183,89.50395965576172,6678000
2022-08-22,89.43409194741722,89.47775693895979,89.06727403433634,89.1109390258789,4125800
2022-08-23,88.96250354269947,89.51273064414512,88.83149518615664,88.89263153076172,7755000
2022-08-24,88.68302455180937,88.77036123740781,88.46467950613228,88.59568786621094,3504600
2022-08-25,88.66553426450372,89.19829659514735,88.55199726383037,89.16336059570312,6645300
2022-08-26,88.96249089550588,89.28564390725612,88.7528815528532,89.05856323242188,5535900
2022-08-29,88.71794629343262,88.71794629343262,88.42972928027547,88.552001953125,4416900
2022-08-30,88.55198005277181,88.84019699464818,88.22882711824138,88.5257797241211,4474200
2022-08-31,88.39480629629263,88.59568666747684,88.01051688882471,88.15899658203125,5797600
2022-09-01,87.571891464007,87.76437746386979,87.25692226219238,87.4581527709961,10324200
2022-09-02,87.8081421517345,88.18436303348557,87.68565225304334,87.94812774658203,5741900
2022-09-06,87.41442532851029,87.4406722102706,86.92445905992186,86.96820831298828,6769400
2022-09-07,87.30942692111118,87.6418985327269,87.26567767015189,87.53691101074219,7169700
2022-09-08,87.52814878923398,87.72063478886702,87.21317291259766,87.21317291259766,5773600
2022-09-09,87.40565864306409,87.57189108980081,87.11692964450367,87.221923828125,5780600
2022-09-12,87.46690814668311,87.53690427275075,86.8544520563882,87.0119400024414,4034200
2022-09-13,86.40825682615633,86.57448931053092,86.31201380484512,86.5219955444336,5100500
2022-09-14,86.39073692373908,86.77570893086607,86.34699435260053,86.56572723388672,3866600
2022-09-15,86.32949445322272,86.43448864231439,86.18075769174135,86.26824951171875,4622600
2022-09-16,86.19824933161027,86.60946820888152,86.13700439298675,86.33824157714844,4718200
2022-09-19,86.0145144119304,86.27699653439883,85.95326947338079,86.09326171875,3879000
2022-09-20,85.4808153673414,85.77829558494125,85.34082978126969,85.55956268310547,4869100
2022-09-21,85.70830132766116,85.98827918112258,85.13084992529635,85.90078735351562,5414900
2022-09-22,85.0083321394142,85.06082588371487,84.50961486777227,84.6058578491211,6662400
2022-09-23,84.57088326444922,84.84210989746013,84.23840501732855,84.71086883544922,7630600
2022-09-26,84.24715849694817,84.2559096813734,83.17974095379938,83.30223083496094,8015500
2022-09-27,83.32848187910734,83.42472488700285,82.68978556328976,82.73352813720703,8668400
2022-09-28,83.90593312798588,84.69337282187475,83.57345488212297,84.59712982177734,8471700
2022-09-29,83.97592989942655,84.5008874743412,83.8971825918306,84.20340728759766,6056500
2022-09-30,84.57088940530275,84.76336874500433,83.6959578286298,83.98468017578125,8847200
2022-10-03,84.78856069335309,85.60383557264409,84.5869306960112,84.9814224243164,10579900
2022-10-04,85.32331717166866,85.64766947971194,84.99895817539735,85.15675354003906,7361400
2022-10-05,84.64830445136708,84.67460256515433,84.1398586456144,84.35025024414062,8603700
2022-10-06,84.20999536739686,84.32396279252303,83.77167558024492,83.8856430053711,11298400
2022-10-07,83.4473346917717,83.74538897766585,83.34213552062843,83.4736328125,5085300
2022-10-10,83.3508988367673,83.40349507509812,82.6846508355816,82.98271179199219,3829100
2022-10-11,83.26321747761266,83.65770255280208,82.96515658825969,83.19308471679688,5498500
2022-10-12,83.07909745772152,83.57878155474145,83.02650124379097,83.4648208618164,5847400
2022-10-13,82.38659100604096,83.49115206580487,82.37782273750115,83.11419677734375,6220100
2022-10-14,83.5612724851092,83.57004075235282,82.60573869062897,82.64956665039062,5886200
2022-10-17,83.2456655241599,83.37716275427593,82.69338518354492,82.73721313476562,3215200
2022-10-18,82.95638578520597,83.10541956944073,82.46546985095871,82.94762420654297,4006600
2022-10-19,82.29889462604724,82.46545823236877,82.01837031911084,82.0797348022461,5762600
2022-10-20,81.88688480104632,82.09727637210419,81.40473048380177,81.46609497070312,5738400
2022-10-21,81.17679101716726,81.81674059518146,81.07159859047697,81.65017700195312,7528500
2022-10-24,81.6238915600373,81.90441588844841,81.25570463304038,81.54499053955078,6210800
2022-10-25,82.43918353549687,82.78984069080708,82.36905076678903,82.5619125366211,6301500
2022-10-26,82.76355188130752,83.12297065695094,82.75478361217583,82.98271179199219,6692700
2022-10-27,83.24567124757895,83.69275918542148,82.99144503540292,83.57003021240234,7238100
2022-10-28,83.0352952104775,83.44731684906928,82.91256621450064,83.14048767089844,5659800
2022-10-31,82.78105676124991,82.89501747266812,82.41286982753476,82.7635269165039,4586900
2022-11-01,83.42506014335781,83.45141492422552,82.60802842325835,82.74859619140625,6066400
2022-11-02,82.8540038252805,83.34598424293378,82.39717204743012,82.60801696777344,7581400
2022-11-03,81.87005816816664,82.39717383175932,81.86127100802562,82.2478256225586,8403900
2022-11-04,82.26540563227933,82.53774731392132,82.05456067560941,82.07212829589844,5287000
2022-11-07,82.17754546688752,82.22146786430235,81.7646360558784,81.7822036743164,4289300
2022-11-08,82.01061070284332,82.47622960238671,81.98425592779574,82.3268814086914,4679200
2022-11-09,82.23903668151284,82.66072652219947,82.17753996713607,82.60801696777344,3658100
2022-11-10,83.83797651524658,84.49687290197356,83.83797651524658,84.46173095703125,9608300
2022-11-11,84.07518194646943,84.39145276968082,84.03125953930409,84.2860336303711,2840200
2022-11-14,84.19816013850584,84.2069472994015,83.92581847449951,84.08395385742188,4130800
2022-11-15,84.49686531802426,84.76920698858258,84.28602036993523,84.70771026611328,6841600
2022-11-16,85.10303888378196,85.41930960817828,84.90097442550248,85.33145141601562,6140100
2022-11-17,84.80434224763832,84.89219374386589,84.56714253755993,84.75163269042969,5986800
2022-11-18,84.75163741211927,84.85705653240966,84.43536664596829,84.45293426513672,3102100
2022-11-21,84.81315519723057,84.87465193355317,84.37389087988588,84.4002456665039,4477700
2022-11-22,84.7604065474366,84.97125144581791,84.67254836235911,84.8833999633789,5532800
2022-11-23,84.99762256865081,85.37539004817262,84.90977106931453,85.34024810791016,5236500
2022-11-25,85.10304362267941,85.32267571003806,85.08546930221266,85.31388854980469,1345400
2022-11-28,85.41052625668807,85.52473252789709,85.22603610967074,85.34902954101562,4218400
2022-11-29,85.00641251782838,85.28754134651018,84.96248341539936,84.98883819580078,3356600
2022-11-30,84.8394806712268,85.7531509399414,84.69013246356441,85.7531509399414,7127100
2022-12-01,85.91512468241874,86.70737616314756,85.88871741905905,86.68977355957031,17629100
2022-12-02,86.1968011956072,86.87461886752513,85.92391722472388,86.86581420898438,5783700
2022-12-05,86.34646805327208,86.38167998011103,85.94154096860656,85.98555755615234,6295800
2022-12-06,86.20562170565478,86.62815808548031,86.13519785635253,86.51371765136719,5745500
2022-12-07,86.86582491815601,87.36758306105101,86.81301039237364,87.270751953125,5386200
2022-12-08,86.81300580493406,87.041873215222,86.66335346314622,86.77779388427734,5325800
2022-12-09,86.52251730385093,86.59294114907725,86.13519287109375,86.13519287109375,4343100
2022-12-12,86.53129970299729,86.61052147150615,85.89749869098327,86.01193237304688,5192200
2022-12-13,87.27076142715043,87.37639720617038,86.70738403768715,86.78660583496094,7856600
2022-12-14,86.83942678712792,87.13871808601756,86.4521023146936,87.02428436279297,6533200
2022-12-15,87.149531789944,87.3259340339229,86.92021896635778,87.19363403320312,4344200
2022-12-16,86.58503590530705,87.13187262808877,86.49683817042119,86.97311401367188,4432800
2022-12-19,86.47923031700552,86.48804538311127,86.19699343328541,86.26754760742188,3951100
2022-12-20,85.62367478899262,85.82652891967066,85.54429211203352,85.64131164550781,4199800
2022-12-21,85.99412590776609,86.02940635665107,85.63250635348837,85.7471694946289,4406600
2022-12-22,85.7648062686634,85.97648896176123,85.67660851106808,85.72071075439453,2143100
2022-12-23,85.31498185634187,85.50901419997518,85.27970141321131,85.3326187133789,3164900
2022-12-27,84.86518151969806,85.03276197567979,84.58294464749916,84.61822509765625,4780800
2022-12-28,84.74168327830428,84.81224416193999,84.39770738190043,84.41534423828125,3161200
2022-12-29,84.6446624907364,84.90925570686348,84.60056025685381,84.82987976074219,4021800
2022-12-30,84.54765745230216,84.90927026171242,84.33598149730453,84.47709655761719,5043800
2023-01-03,85.47372585130317,85.553101787964,84.97098466956325,85.13856506347656,6808300
2023-01-04,85.852991230251,85.9235521174335,85.54429576014832,85.79125213623047,7800100
2023-01-05,85.28852163984692,85.74716069924973,85.17386523952466,85.66777801513672,3177900
2023-01-06,85.7030554737291,86.81436590918496,85.62367952143914,86.770263671875,6807700
2023-01-09,86.66444367552086,87.14953472240596,86.61151963601759,86.99077606201172,4988000
2023-01-10,86.62914121876075,86.72616074930303,86.28516533013122,86.44392395019531,4026900
2023-01-11,86.6997295215526,87.01724686210284,86.64680547875543,86.99960327148438,7118700
2023-01-12,87.2818135962924,87.77572631835938,86.85846175710816,87.77572631835938,5768000
2023-01-13,87.54641461581436,87.75809053800143,87.19361692613174,87.30827331542969,5573500
2023-01-17,87.01721421927462,87.33472471165872,86.99957063527482,87.03485107421875,3709000
2023-01-18,88.0844197207587,88.2519933895857,87.80218294640981,88.21671295166016,7926400
2023-01-19,88.04038016730651,88.18150201947378,87.87279965012294,88.04920196533203,4234100
2023-01-20,87.59934100411654,87.71399740531216,87.37002147266834,87.467041015625,8822700
2023-01-23,87.17598502981505,87.44058501482043,87.14952637712594,87.18480682373047,4334900
2023-01-24,87.29945911125714,87.7051741032169,87.00840050972415,87.68753051757812,3540300
2023-01-25,87.74927308421363,87.96095574592402,87.5023167079414,87.78455352783203,2924700
2023-01-26,87.6169778623555,87.7845582963819,87.34356282078143,87.467041015625,2875400
2023-01-27,87.14070733118392,87.3347396850586,87.11424195064674,87.3347396850586,5524100
2023-01-30,87.08777609313869,87.27299336723212,87.01722193804805,87.06131744384766,2584600
2023-01-31,87.45821620133277,87.53759214814484,87.0877749290413,87.50231170654297,4856400
2023-02-01,87.6808722520838,88.18468346138944,87.35384104641815,88.13165283203125,20159100
2023-02-02,88.40563948730617,88.57357877845224,88.06976764848059,88.09628295898438,5823000
2023-02-03,87.33612657118027,87.5040658251171,87.03561079409866,87.1505126953125,5267000
2023-02-06,86.53183716911849,86.65557980650377,86.35505715609098,86.39925384521484,5500400
2023-02-07,86.31084587828606,86.73510431775858,86.14290659328393,86.18710327148438,5678900
2023-02-08,86.27551466297761,86.514159260787,86.08990069946627,86.50532531738281,6137600
2023-02-09,86.72627315565099,86.74394778141769,86.0191667425856,86.11639404296875,7358300
2023-02-10,86.04567072850162,86.07218603539525,85.63908695471278,85.70095825195312,5290000
2023-02-13,85.70981936529184,85.94846392768373,85.6921379941711,85.9042739868164,17262300
2023-02-14,85.63910058536747,85.84239587635199,85.28554736909298,85.5153579711914,7133600
2023-02-15,85.36508591469997,85.55954048863458,85.14411603404076,85.25901794433594,4964700
2023-02-16,85.05574897097817,85.23252221873078,84.89665035061397,84.9761962890625,27126400
2023-02-17,84.79057094225539,85.24135142985243,84.76405563300843,85.21483612060547,4540500
2023-02-21,84.63148624540824,84.70219824399322,84.2690923102607,84.28677368164062,11382100
2023-02-22,84.5342542843797,84.68451221550906,84.39283703845412,84.43702697753906,30136400
2023-02-23,84.46353077995266,84.8524399543191,84.41934084688943,84.76405334472656,7059800
2023-02-24,84.22489612635096,84.36631336957232,84.06579751306013,84.25141143798828,10757200
2023-02-27,84.55193288715992,84.64031950590363,84.36631222129134,84.50773620605469,3693200
2023-02-28,84.25141060812369,84.66683513559491,84.14534261915229,84.64031982421875,4690000
2023-03-01,84.26479343438368,84.4065074939053,83.91937386092258,83.96366119384766,8328600
2023-03-02,83.51194719371372,83.68908299197794,83.44109017148901,83.61823272705078,12952800
2023-03-03,84.06106092275202,84.29133605957031,83.81306139823862,84.29133605957031,5696900
2023-03-06,84.48622006376054,84.51278976169047,84.07880226180485,84.14080047607422,3766400
2023-03-07,84.29136550934635,84.39765105698622,83.94594592613987,84.149658203125,5053300
2023-03-08,84.47735665150476,84.63678158771349,84.01679947873411,84.12308502197266,5163500
2023-03-09,84.26478944191015,84.7784927473893,84.21165005075643,84.64563751220703,12498800
2023-03-10,85.74389621990063,86.28416923247255,85.61989979970033,86.20446014404297,11041300
2023-03-13,87.6392652074736,88.05554174005988,86.92185648544873,87.24956512451172,23930600
2023-03-14,86.87757109696282,86.95728693301902,86.24873025444131,86.42587280273438,47886700
2023-03-15,87.91383863286207,88.37439575541207,87.25842132364048,87.67469787597656,25157400
2023-03-16,88.15295383782068,88.35666604072415,86.78013482252652,86.88641357421875,13961000
2023-03-17,87.55956288882317,88.2415431546183,87.4798470483913,87.9138412475586,12293700
2023-03-20,88.05554065717956,88.06439947361208,87.35584281954516,87.55955505371094,7982400
2023-03-21,86.95729938833392,87.20529223416816,86.67387802776648,86.7978744506836,9851600
2023-03-22,86.64730411175871,88.011271454727,86.57644708574267,87.94041442871094,10705200
2023-03-23,87.79868540855095,88.5161008493854,87.6658369540416,88.44524383544922,7118800
2023-03-24,88.95896590281473,89.0829623248321,88.35669467131684,88.47183227539062,9135800
2023-03-27,87.63039326119936,87.80752900804636,87.35582406910223,87.38240051269531,8284400
2023-03-28,87.19641419753681,87.46212462082256,87.11670512492914,87.32926940917969,13324800
2023-03-29,87.00156753080917,87.34698702664468,86.96613902389056,87.17870330810547,13404700
2023-03-30,87.09900575713908,87.39128593258408,87.0724360606983,87.31157684326172,4157500
2023-03-31,87.45326563237624,87.85183126651921,87.31155836225413,87.78983306884766,6330100
2023-04-03,87.6886633533225,88.35424881167647,87.62654231470354,88.20338439941406,7226600
2023-04-04,87.83067022766745,88.86898206030502,87.8129174880899,88.7713623046875,6763200
2023-04-05,89.09970518627304,89.42805633528441,89.01096181547767,89.14407348632812,6257100
2023-04-06,89.17955441028482,89.38367021603908,89.15293208142205,89.17068481445312,4264700
2023-04-10,88.46961539334703,88.53173642782478,88.185632554208,88.29212188720703,6025100
2023-04-11,88.36311841708549,88.37199478497607,88.0525132477639,88.25662231445312,5459000
2023-04-12,88.66486349714933,88.70035543114786,88.11464373057352,88.51399230957031,5857200
2023-04-13,88.65600827608017,88.80687272896039,88.15016346236804,88.22116088867188,39858200
2023-04-14,87.92827257676147,87.94601854213964,87.67091206932548,87.7862777709961,4968500
2023-04-17,87.44908815946289,87.50233284935604,87.20060391237764,87.22722625732422,5681000
2023-04-18,87.2538206866124,87.5644258960951,87.23607471922158,87.36918640136719,5061300
2023-04-19,87.16507721378076,87.24494422298153,86.95209175189294,87.18282318115234,4648100
2023-04-20,87.66205258821961,87.75967234331719,87.57330920286353,87.68867492675781,4608000
2023-04-21,87.87503371931541,87.94603113236198,87.40468770658234,87.4756851196289,5948100
2023-04-24,87.71530244114408,87.91941833312508,87.65318139066058,87.90167236328125,5143700
2023-04-25,88.39863602179499,88.80686101315627,88.38088328221744,88.7713623046875,13076800
2023-04-26,88.75360512623257,88.86009446750295,88.29212874510937,88.42524719238281,5903000
2023-04-27,88.06140379962977,88.10577210485928,87.7507918095933,87.8484115600586,5065800
2023-04-28,88.38087047674898,88.51398892154779,88.18563776448748,88.50511932373047,8525900
2023-05-01,88.16619304906239,88.21956562802387,87.34778183255045,87.46342468261719,17442000
2023-05-02,87.76588907679826,88.62877521890258,87.71250970848759,88.60208892822266,8540700
2023-05-03,88.84229066500909,89.20701466328894,88.68216611316748,89.18032836914062,9534800
2023-05-04,88.94011896401199,89.66957353451998,88.92232358180829,89.16251373291016,12014100
2023-05-05,88.64654493333106,88.71771287916893,88.45973416571829,88.68212890625,11254400
2023-05-08,88.13061341581567,88.32632193093144,88.09502943243545,88.13951110839844,7022400
2023-05-09,88.13059960354981,88.21955615458322,88.01495676590136,88.03274536132812,7317200
2023-05-10,88.4330832681256,88.7622232721664,88.42418557459834,88.69105529785156,9930800
2023-05-11,89.21589588147812,89.3226478253092,88.92233312615548,89.02018737792969,5979600
2023-05-12,88.9490437634237,89.0202117454586,88.45977915757656,88.48646545410156,5107300
2023-05-15,88.23734550902935,88.29071807861328,88.17507524886497,88.29071807861328,4459100
2023-05-16,87.95270041637278,88.06834327231695,87.75699190096661,88.00607299804688,7194000
2023-05-17,88.05942736276496,88.0861136480814,87.61463784229264,87.72138977050781,5542600
2023-05-18,87.40115915025983,87.41005684288601,87.14318035970791,87.17876434326172,9448900
2023-05-19,86.86741238952779,87.26772032466513,86.69839016551605,86.84961700439453,12923500
2023-05-22,86.86741118608616,87.08980598851498,86.64501638365735,86.68949127197266,7034700
2023-05-23,86.56495639058228,86.9385848411964,86.49379520723069,86.83183288574219,8264200
2023-05-24,86.93855982469803,86.97413701266092,86.56493148159517,86.60941314697266,7415400
2023-05-25,86.44929172113076,86.52045967348054,85.99560450858772,86.0667724609375,11647700
2023-05-26,85.93334307935041,86.2269058227539,85.74653227544368,86.2269058227539,7408900
2023-05-30,86.48488894810721,86.90299224853516,86.42261867699776,86.90299224853516,7883000
2023-05-31,86.9563493743056,87.36555490986842,86.8407065447822,87.23211669921875,10817900
2023-06-01,87.4925003650116,87.72433453589922,87.35874569531791,87.47466278076172,18161600
2023-06-02,87.32308261729361,87.34983219224301,86.70781518127515,86.7791519165039,7585400
2023-06-05,86.42247595763826,86.99315623941438,86.33330843918178,86.75240325927734,6243100
2023-06-06,86.78804690815241,86.83262725316041,86.54728719354338,86.80587768554688,3986200
2023-06-07,86.68997157668784,86.77913908101229,86.0836230230193,86.17279052734375,8226600
2023-06-08,86.32438964642246,86.7702340417504,86.28872127843076,86.75240325927734,5841900
2023-06-09,86.45814602940648,86.56515113549027,86.28872297886855,86.44031524658203,6421900
2023-06-12,86.5740508738544,86.60080724887321,86.19954326012812,86.58296966552734,5261700
2023-06-13,86.71674305029529,86.77916099939216,85.83397296934059,85.96772766113281,9173500
2023-06-14,86.22630008639746,86.34222397876414,85.76262492606666,86.08363342285156,7704400
2023-06-15,86.59189900483746,86.81482120250143,86.47598191114861,86.75240325927734,5959100
2023-06-16,86.32440846353728,86.53841871813778,86.1282357983437,86.37791442871094,6538100
2023-06-20,86.53840355275636,86.84157448907408,86.53840355275636,86.63648986816406,5477300
2023-06-21,86.40464612030948,86.78807257660748,86.27089143963889,86.71673583984375,5119600
2023-06-22,86.4581211406542,86.60970656168497,86.16386228591651,86.22628021240234,4102100
2023-06-23,86.91289692697845,86.93964649895251,86.47597137763111,86.58296966552734,4112100
2023-06-26,86.80587771356178,86.87721442924997,86.63646151760689,86.79695892333984,2976600
2023-06-27,86.77914504692218,86.93964928695836,86.3778878483542,86.49380493164062,4752500
2023-06-28,86.61866102226786,86.87725162506837,86.44923795073214,86.84158325195312,5257300
2023-06-29,86.05690288973284,86.11932084441587,85.79831227660404,85.94989776611328,8268700
2023-06-30,85.97663410750786,86.19064432179353,85.87854779338839,86.13713836669922,7450600
2023-07-03,86.09424089942884,86.3623942953013,85.76351928710938,85.76351928710938,4687100
2023-07-05,85.76350416517202,85.80819866307822,85.24508481434403,85.35234069824219,10181200
2023-07-06,84.69986876599063,84.78925096780485,84.3423331393089,84.6551742553711,9285100
2023-07-07,84.53897915095854,84.86969398382293,84.5032249058928,84.54791259765625,6577600
2023-07-10,84.68200079374795,85.11104497328552,84.67306734583894,84.98590850830078,6622700
2023-07-11,85.14675336957687,85.28976347279101,85.03055041507929,85.16462707519531,6327100
2023-07-12,85.72776409239721,86.11210680184699,85.60262085142644,85.99591064453125,8255100
2023-07-13,86.41602352980718,86.76461885796282,86.3266413363306,86.71099090576172,9742600
2023-07-14,86.52326839003979,86.63052427229793,86.24617478221961,86.28192901611328,7491100
2023-07-17,86.3444932891481,86.50538392463251,86.2372374117735,86.42494201660156,3182400
2023-07-18,86.70205694144835,86.80931967306984,86.4696577659808,86.5232925415039,3626500
2023-07-19,86.6841826740892,86.8718873386562,86.5143517216323,86.81825256347656,5059300
2023-07-20,86.37132986008508,86.40708410170694,85.97804684109332,86.12999725341797,9486600
2023-07-21,86.31770374153122,86.39815249174592,86.17469359142929,86.20150756835938,4560100
2023-07-24,86.3534462001335,86.44282838417818,85.96015640702868,85.99591064453125,7451100
2023-07-25,85.65624237341795,85.88863465211746,85.64730211056876,85.83500671386719,4079300
2023-07-26,86.03167479381395,86.17469176030136,85.78140192188529,86.12999725341797,4880100
2023-07-27,85.79924501943232,85.89756744395446,85.07524063833463,85.19143676757812,8522800
2023-07-28,85.38811814031952,85.57582280758051,85.30767620553259,85.46856689453125,5794100
2023-07-31,85.43278791885999,85.7277552332064,85.42384765555235,85.57579803466797,6347000
2023-08-01,85.16540673247006,85.29086027673405,84.9324186488203,85.07579803466797,7714000
2023-08-02,84.82485657500344,84.94134715127349,84.55602375382317,84.90550231933594,8009200
2023-08-03,84.3319849511725,84.4574384241768,84.19756856246745,84.2782211303711,11057900
2023-08-04,84.59189544293369,85.24604503254831,84.59189544293369,85.17436218261719,10189900
2023-08-07,85.06684097352834,85.11164874386859,84.86969772276072,84.96826934814453,4007400
2023-08-08,85.40736306778423,85.61346925512684,85.29983534978493,85.39840698242188,5401400
2023-08-09,85.39836934340751,85.5955056850879,85.36252450763742,85.45213317871094,5317200
2023-08-10,85.45212220800774,85.61342052991326,84.78900992315279,84.79796600341797,8462100
2023-08-11,84.44848612577778,84.73523793393974,84.31406972017321,84.34991455078125,5915000
2023-08-14,84.21550750732422,84.46641449240232,84.03628334890945,84.21550750732422,6218400
2023-08-15,84.12591258051958,84.39474546552638,84.00942197659224,84.05422973632812,9602600
2023-08-16,84.03629929001394,84.2334424833156,83.6689016598004,83.73162841796875,7199600
2023-08-17,83.70475233282865,83.75851617594796,83.39111168342102,83.62409973144531,9858300
2023-08-18,83.77643602487655,84.06318791891857,83.73163510072574,83.87500762939453,7510500
2023-08-21,83.4807154711055,83.51655347034513,83.256690373989,83.35525512695312,10864000
2023-08-22,83.28358559295107,83.48072880377177,83.20293299002238,83.39111328125,6330500
2023-08-23,83.90187909736326,84.2961654663086,83.87499717888127,84.2961654663086,8550500
2023-08-24,84.03631542440108,84.27826642143471,83.95566964986,83.98255157470703,5735800
2023-08-25,83.8660195759473,84.17069721770389,83.64199451221836,83.95563507080078,7895700
2023-08-28,84.15279877713232,84.21552553683087,83.97357458034784,84.18863677978516,3301700
2023-08-29,83.99150308237158,84.82487682291567,83.97357724377254,84.78903198242188,7064200
2023-08-30,84.8965733254545,84.94138109245654,84.72631885159856,84.78008270263672,6346700
2023-08-31,84.8786582045891,85.07580144969045,84.79800558763597,84.95034790039062,6167300
2023-09-01,84.96112525063688,84.9701111103365,84.32326629601725,84.43107604980469,7746600
2023-09-05,84.18848222833229,84.19746808551415,83.88303162615695,83.9189682006836,4993400
2023-09-06,84.06270513276934,84.08066999239549,83.65843067627576,83.7033462524414,7344100
2023-09-07,83.90101432763699,84.02678893812549,83.81117629931695,83.99085235595703,7137500
2023-09-08,84.19748148571837,84.32325608947853,83.9728829998321,84.00881958007812,4648500
2023-09-11,83.82911469870785,83.94591026743389,83.76622741331693,83.86505126953125,4321700
2023-09-12,83.89201243445429,83.99982216035423,83.79318856592955,83.98185729980469,4998400
2023-09-13,83.85606715671314,84.19746115953322,83.83810229802796,84.0806655883789,6675400
2023-09-14,84.14357723252081,84.21544353641109,83.8381197377311,83.89202117919922,6421000
2023-09-15,83.757266437404,83.81116787813967,83.5685976864261,83.63148498535156,9367700
2023-09-18,83.52368703008467,83.77523624062282,83.52368703008467,83.71234893798828,4622200
2023-09-19,83.52367882902935,83.67640414125995,83.37095351679875,83.4068832397461,7536800
2023-09-20,83.6404887246391,83.76626334937878,83.32605216278992,83.3440170288086,10751800
2023-09-21,82.7690061470421,82.84986514132811,82.67018229524797,82.72409057617188,8702500
2023-09-22,82.80496855297946,83.1194050639802,82.74208125077931,83.04753875732422,8637800
2023-09-25,82.51748241399441,82.67020773951859,82.40069366874683,82.43663024902344,11712000
2023-09-26,82.58934399073017,82.64324542648406,82.31084410040064,82.40966796875,8281800
2023-09-27,82.62528582004609,82.66122239756749,81.82571581924876,82.04132843017578,10586100
2023-09-28,81.85265461698958,82.28387977603565,81.61907032422278,82.26591491699219,11654600
2023-09-29,82.60731210617647,82.6881711171942,82.15811517932569,82.28388977050781,13488300
2023-10-02,81.86863946540565,81.9587125106239,81.51734977856148,81.6164321899414,21010000
2023-10-03,81.44527905484084,81.5984039009915,80.8958246095877,80.94086456298828,21364700
2023-10-04,81.19310609360694,81.49936278736061,81.00395057928921,81.4543228149414,14054000
2023-10-05,81.64345246709497,81.66147119920883,81.43628515271483,81.607421875,11315900
2023-10-06,80.8598093729475,81.39125206101676,80.78775505481156,81.13003540039062,12257100
2023-10-09,81.74256541774992,82.1659164428711,81.61646173436938,82.1659164428711,5816700
2023-10-10,81.75156159483636,82.22895501518732,81.6524791635785,82.00376892089844,11508300
2023-10-11,82.32802843085645,82.50817453770641,82.14787545187302,82.45413208007812,14815800
2023-10-12,82.27398330811138,82.3190232731937,81.56240133917441,81.66148376464844,12855900
2023-10-13,82.25599065546675,82.29202126152045,82.02179515218548,82.18392944335938,9872500
2023-10-16,81.70652676355503,81.76056923049876,81.58943246113208,81.69751739501953,7248000
2023-10-17,80.97691406649108,81.10301771891048,80.75172799115163,80.89584350585938,11191600
2023-10-18,80.67065723017126,80.78775838722248,80.38241932933798,80.51753234863281,13794200
2023-10-19,80.29234417296108,80.61661266193057,80.04013687534778,80.12120056152344,27116700
2023-10-20,80.40945422504666,80.70670154358831,80.39144235974176,80.58960723876953,12587100
2023-10-23,80.30135429125909,81.06698555821553,80.17525064127254,80.96790313720703,12365000
2023-10-24,80.9048558087284,81.12103252470088,80.71570032323574,81.11203002929688,10906000
2023-10-25,80.6886436692564,80.7156648878735,80.3013235007724,80.40040588378906,15170200
2023-10-26,80.48149677599238,81.04897004751817,80.4634849148624,81.012939453125,15901300
2023-10-27,80.94991307759035,81.14807110084395,80.8057906547128,81.13906860351562,11628200
2023-10-30,80.74270892376545,81.0039255644335,80.5985934263713,80.86881256103516,11022500
2023-10-31,80.91386118976001,81.08499793174522,80.67966575025018,80.69767761230469,11574700
2023-11-01,80.93161863248652,81.6722872006834,80.89548761802736,81.62712860107422,22448900
2023-11-02,82.25037045878445,82.39489451804319,81.95230164631458,82.13294982910156,14046200
2023-11-03,83.135566017897,83.31621420703844,82.75620068592798,82.76522827148438,23133700
2023-11-06,82.45813490648898,82.48523144899619,82.19619017677333,82.28651428222656,11246700
2023-11-07,82.54845107303274,82.93685089128695,82.54845107303274,82.7562026977539,13189400
2023-11-08,82.77427051887658,83.17170484184146,82.76523604118539,83.09040832519531,11117600
2023-11-09,82.94586589139874,82.95489347505477,82.22325950437182,82.26842498779297,17067900
2023-11-10,82.6116595587243,82.62972850867844,82.26842531373353,82.35874938964844,10674700
2023-11-13,82.04260354375116,82.3406791668728,81.9161484717513,82.3135757446289,8930200
2023-11-14,83.48783598138283,83.61429109381247,83.35234639198343,83.55106353759766,14313600
2023-11-15,83.144608979002,83.15363656547959,82.82846427881434,82.90072631835938,12969400
2023-11-16,83.38846672678449,83.65041139505928,83.379432250972,83.52395629882812,10375600
2023-11-17,83.62330574164129,83.66846433320835,83.4155541683203,83.57814025878906,8462000
2023-11-20,83.40653902700424,83.74978023715954,83.37944248752603,83.69558715820312,7481200
2023-11-21,83.79494348888564,83.92140549894576,83.58719874716734,83.8039779663086,9153300
2023-11-22,83.93041472430805,83.99364226986278,83.56911151058723,83.77686309814453,7255100
2023-11-24,83.41556952446955,83.47879707733125,83.33427990991295,83.34330749511719,4125800
2023-11-27,83.5962282332267,83.98462804377807,83.5420282632122,83.97559356689453,9539800
2023-11-28,83.87624253596528,84.37303543992329,83.8310770387737,84.34593200683594,13563300
2023-11-29,84.65302361309828,84.8788372668288,84.5355961027355,84.78851318359375,19075400
2023-11-30,84.47236038607758,84.49946381058417,84.20138816257801,84.37300872802734,18446700
2023-12-01,84.35400968135359,85.21439246312741,84.32684071704374,85.16911315917969,21393200
2023-12-04,84.84305641056386,85.03324603601261,84.63474953905057,84.81588745117188,16402000
2023-12-05,85.17815108850519,85.50419240041886,85.12380626338332,85.41361999511719,25452100
2023-12-06,85.60382501782378,85.84835950062845,85.50420779152836,85.766845703125,14023400
2023-12-07,85.58571487009051,85.9117562414197,85.54948728330886,85.64005279541016,13730100
2023-12-08,85.16004825123106,85.26873101015774,84.88835171847272,85.08759307861328,13825300
2023-12-11,84.90645191739695,85.13286912251,84.7343726304055,85.09664154052734,10484600
2023-12-12,85.08759731925015,85.33213181159601,85.00609042827215,85.27779388427734,7248000
2023-12-13,85.53137061602244,86.6543980843344,85.4679740712719,86.54571533203125,16155200
2023-12-14,86.99262148945947,87.44679620251537,86.94720817624757,87.26512908935547,32373200
2023-12-15,87.10162555024621,87.33779834048876,87.0562053070686,87.19245910644531,9407100
2023-12-18,87.02892783184225,87.03801326357534,86.8654247114161,87.00167846679688,8634100
2023-12-19,87.14704297059068,87.32871007710439,87.1016227288843,87.16520690917969,9047100
2023-12-20,87.36504521926896,87.64663131449119,87.183378112059,87.59213256835938,12659100
2023-12-21,87.78288555016823,87.83738429657332,87.33779628416276,87.45587921142578,8939700
2023-12-22,87.61936623401755,87.63753709957463,87.24694665195352,87.37411499023438,4956400
2023-12-26,87.33780108450173,87.51038276765544,87.31963021459735,87.42863464355469,3342500
2023-12-27,87.80105832229685,88.14622860727111,87.73746720990454,88.10989379882812,7362400
2023-12-28,87.9282283823371,88.07356068875548,87.68297015315648,87.7738037109375,4858500
2023-12-29,87.51947420885008,87.78289639929108,87.46497545570948,87.5558090209961,7820500
2024-01-02,87.14704216507434,87.33779470419734,87.12887129649738,87.22879028320312,9444000
2024-01-03,86.84727755968254,87.51036867109607,86.77460795208358,87.43770599365234,11040500
2024-01-04,86.91997410817972,87.04714249581617,86.8200550993,86.910888671875,7354800
2024-01-05,86.59297180175781,87.21972833330365,86.52938760492975,86.59297180175781,10001000
2024-01-08,86.64744843213833,87.16520731126226,86.62019905905117,86.88362121582031,7044700
2024-01-09,86.7655502306522,86.97447368668844,86.7655502306522,86.84730529785156,7360800
2024-01-10,87.01079366046736,87.0743778440401,86.69287274260365,86.7110366821289,9212700
2024-01-11,86.8382093432965,87.23788533417782,86.72921184044274,87.17430114746094,10305400
2024-01-12,87.41045379638672,87.63754111517274,87.21969435007006,87.41045379638672,8469600
2024-01-16,87.05621345608309,87.16521789181918,86.58387476154019,86.70195770263672,9847100
2024-01-17,86.44761375400957,86.50211943241926,86.24777577020512,86.42036437988281,9170700
2024-01-18,86.38403964537143,86.44762383580131,86.1387883194725,86.22962188720703,8910100
2024-01-19,86.09336924161592,86.25687243782494,85.87536729005625,86.23870849609375,17711100
2024-01-22,86.54753428598032,86.64745327966055,86.42945135261111,86.50212097167969,9831500
2024-01-23,86.29320408795482,86.31136802902012,86.17512114563829,86.28411865234375,6428600
2024-01-24,86.6020287005502,86.62928500395391,85.98435775985217,86.03885650634766,9718000
2024-01-25,86.33861508436412,86.43853407490869,86.20236128542554,86.4112777709961,11588100
2024-01-26,86.33862914921642,86.33862914921642,86.14786964153338,86.25687408447266,9134600
2024-01-29,86.52029853829967,86.85639038180905,86.45671434413924,86.7746353149414,6947500
2024-01-30,86.91994193458832,86.96535523898731,86.42943250805756,86.89269256591797,7265800
2024-01-31,87.28330818354112,87.63757089697873,87.19247461118981,87.61940002441406,15778300
2024-02-01,87.96177361025202,88.4261700197392,87.72502154600211,88.16210174560547,33372900
2024-02-02,87.17865942336182,87.32435511039716,86.85085107468504,87.01475524902344,13809200
2024-02-05,86.41378272241481,86.49573134057339,86.0768666377389,86.16792297363281,12147700
2024-02-06,86.26808431009884,86.71427215208584,86.24076810490635,86.63231658935547,9327000
2024-02-07,86.4775161743164,86.82353300285452,86.45019997037295,86.4775161743164,8619800
2024-02-08,86.28629253146832,86.35913342350783,86.1132806501758,86.19523620605469,7808000
2024-02-09,85.98583388150632,86.113314176147,85.95851766796261,86.04046630859375,8492500
2024-02-12,86.11329065871924,86.22256243020713,85.95849419280957,86.12239837646484,7023600
2024-02-13,85.48498506435182,85.56694062489935,85.15717671646715,85.1753921508789,11978400
2024-02-14,85.26646576121037,85.64890659552871,85.26646576121037,85.49411010742188,8979600
2024-02-15,85.8674305562908,85.95848688454579,85.62157082813452,85.73084259033203,6788300
2024-02-16,85.2300331625955,85.40304507120686,85.18450846627643,85.35751342773438,7147400
2024-02-20,85.53051291956513,85.70352480305972,85.4940889995056,85.5031967163086,8286300
2024-02-21,85.56692699776244,85.6124516822363,85.17537858609884,85.23001098632812,6433900
2024-02-22,85.20270419290158,85.40303227872802,85.08433166361884,85.23912811279297,8688500
2024-02-23,85.26645921292337,85.69443166247827,85.26645921292337,85.63069152832031,6426700
2024-02-26,85.63978467974367,85.64888544939424,85.30286862955747,85.5031967163086,6417200
2024-02-27,85.37571369302039,85.52140242136784,85.25733421988889,85.31197357177734,7540600
2024-02-28,85.41215314357613,85.62158203125,85.35751378175185,85.62158203125,5293600
2024-02-29,85.68532965438241,85.89476550751783,85.66712116361823,85.79460144042969,11919200
2024-03-01,85.6841242980893,86.2410488475733,85.47414046402541,86.18627166748047,11857200
2024-03-04,85.89410788806708,86.08583496786116,85.88497603696409,85.99453735351562,6641600
2024-03-05,86.43276549937475,86.67927671112949,86.33233603763189,86.52406311035156,7673100
2024-03-06,86.67928501610203,86.90753254819367,86.63363272345894,86.73406219482422,9499200
2024-03-07,86.90750790532546,86.93489648692044,86.66099673985076,86.88011932373047,8420900
2024-03-08,87.02621941861003,87.09012844945886,86.8710127673431,86.94405364990234,8103600
2024-03-11,86.97143018006321,86.99881876583476,86.75230756276893,86.83448028564453,5568200
2024-03-12,86.58798606623468,86.61538162294066,86.37800222375861,86.47843170166016,6556500
2024-03-13,86.35061405192276,86.41452308675568,86.25018457353355,86.28670501708984,9708400
2024-03-14,85.96716568684026,85.97629057417785,85.6293567851526,85.64761352539062,10055900
2024-03-15,85.58368400926794,85.6567248838698,85.48325454808067,85.50151824951172,6591400
2024-03-18,85.47411813525886,85.54715203444965,85.31890455627283,85.40107727050781,5319700
2024-03-19,85.57457959887567,85.76630671640775,85.5197954470359,85.64761352539062,5470300
2024-03-20,85.7389029832174,86.14061388758415,85.54716893397949,85.84845733642578,10190800
2024-03-21,86.01280400991759,86.07671304388617,85.78455646494947,85.85759735107422,8271200
2024-03-22,86.33233454557401,86.33233454557401,86.19539161425615,86.27755737304688,6119800
2024-03-25,86.19541344953211,86.19541344953211,85.99455447863559,86.04933166503906,4488900
2024-03-26,86.0219097822546,86.19538009281818,85.92148033567149,86.17711639404297,5477600
2024-03-27,86.27756606934882,86.54233403918566,86.26843421782016,86.50581359863281,4838500
2024-03-28,86.31406846199242,86.52405224431236,86.25929129539772,86.42362976074219,7561400
2024-04-01,86.06285761331985,86.06285761331985,85.57755906544699,85.64165496826172,10854000
2024-04-02,85.2570879588883,85.49516147250438,85.17467494089692,85.45853424072266,7214900
2024-04-03,85.11057156740127,85.55924987792969,85.0281655425672,85.55924987792969,12908000
2024-04-04,85.74239795313322,85.87058978844584,85.50432440786788,85.85227966308594,6960500
2024-04-05,85.38528430348312,85.65082650852948,85.2754026023131,85.28456115722656,6334600
2024-04-08,85.07395977432243,85.21130316268686,84.98238820083917,85.09226989746094,7115100
2024-04-09,85.33950446614516,85.5043235364289,85.33950446614516,85.43107604980469,5151100
2024-04-10,84.70772080681533,84.76265817926253,84.16747769599898,84.29566955566406,14993700
2024-04-11,84.45130595745135,84.48792620162911,84.06672353428661,84.17660522460938,9371400
2024-04-12,84.61613059528523,84.75347398485833,84.5245590209961,84.5245590209961,11675600
2024-04-15,83.94770198841493,84.00263934827636,83.6455325373155,83.98432922363281,12315300
2024-04-16,83.61805874114428,83.81034647482477,83.48986691869061,83.6546859741211,12027200
2024-04-17,83.9568379495933,84.24984876655172,83.81948760097208,84.18575286865234,10515400
2024-04-18,84.103351443481,84.103351443481,83.78287190986423,83.89275360107422,6964500
2024-04-19,84.0941890906259,84.11250619796508,83.9110599328116,84.00262451171875,6125800
2024-04-22,83.8469759840404,84.07589095691219,83.82866586002011,84.01179504394531,4002900
2024-04-23,83.90191018841769,84.33227143898958,83.8195041545279,84.12167358398438,8319800
2024-04-24,83.9293677752594,83.95683644730634,83.7279215323434,83.86526489257812,7567400
2024-04-25,83.40744181800514,83.62720518403742,83.3433459160614,83.54479217529297,5784300
2024-04-26,83.73707730226455,83.90189632874814,83.70960862883882,83.7737045288086,5432600
2024-04-29,83.96599414224283,84.13081317248253,83.89274667341466,84.11250305175781,4846500
2024-04-30,83.79203498233495,83.92022680269426,83.64552605282131,83.71878051757812,7516700
2024-05-01,83.96765721992858,84.36256171636246,83.74724752626949,84.05030822753906,12392500
2024-05-02,84.05030122494388,84.50031336232344,83.98601477770356,84.44520568847656,8661500
2024-05-03,85.0513634471701,85.13401446965584,84.69319500300041,84.91360473632812,8501100
2024-05-06,84.9503244306418,85.07889733410912,84.86767342414042,84.987060546875,4043400
2024-05-07,85.29012413469835,85.4278758055528,85.13399389656765,85.20746612548828,7776200
2024-05-08,85.02379664252906,85.09726887497767,84.95951019081097,84.96868896484375,9024000
2024-05-09,84.95031274761618,85.2901165210175,84.92276241590466,85.225830078125,9625200
2024-05-10,85.04216180006986,85.07889791655455,84.90440311492672,84.95032501220703,3205000
2024-05-13,85.1707253061788,85.19827563882781,85.04215241601877,85.05133819580078,3228700
2024-05-14,85.21665014665442,85.33603726116291,85.1248133657481,85.29930114746094,4688800
2024-05-15,85.79525520592207,86.00648617459166,85.68505383678965,85.94219970703125,11384500
2024-05-16,85.96974537853116,85.96974537853116,85.74933564554183,85.77688598632812,4278400
2024-05-17,85.63911673555327,85.71258897307338,85.49217226051304,85.51054382324219,3883900
2024-05-20,85.39115141800423,85.46461664428844,85.35441530151321,85.38196563720703,4575900
2024-05-21,85.63910733054595,85.6758434452716,85.55645632743635,85.60237121582031,2669700
2024-05-22,85.39114905263655,85.59318717769386,85.3819632720938,85.4921646118164,3616300
2024-05-23,85.5289219517658,85.53810773458804,85.06055212832098,85.18912506103516,6005500
2024-05-24,85.10644180554849,85.30848692756074,85.07889147194632,85.29930114746094,3926400
2024-05-28,85.37279756260735,85.39116912801198,84.80339814895083,84.82176971435547,8761400
2024-05-29,84.61050825353784,84.61969403292903,84.2339753788595,84.4084701538086,10126800
2024-05-30,84.6931891746148,84.84931243303211,84.64726727192802,84.83094787597656,5069500
2024-05-31,85.08807141287059,85.24419463036709,85.05133530168963,85.225830078125,4807400
2024-06-03,85.34191556602237,85.83010887771071,85.34191556602237,85.78404998779297,7675900
2024-06-04,86.06958559947847,86.33671164796675,86.01431353688186,86.2538070678711,8752000
2024-06-05,86.36436110063977,86.57621512807384,86.11565433918247,86.56700897216797,6466800
2024-06-06,86.41962188276572,86.61305656124456,86.39198936121154,86.53015899658203,5849400
2024-06-07,85.79324804476065,85.8116744085189,85.60902657277035,85.61823272705078,7125100
2024-06-10,85.46166878100735,85.51693383325645,85.35113867650918,85.43403625488281,3938900
2024-06-11,85.58141118967912,85.90380234401003,85.49850659136538,85.8853759765625,3954700
2024-06-12,86.65912325983511,86.88019047979382,86.34593825626008,86.36436462402344,9243200
2024-06-13,86.75122619744174,87.06440414519156,86.65911544972707,86.9354476928711,6529900
2024-06-14,87.05518685755828,87.22098899328259,87.00912797579093,87.1380844116211,5424600
2024-06-17,86.7143693515968,86.78806075134035,86.6130454338491,86.73279571533203,4957200
2024-06-18,86.88018561247866,87.21178993763925,86.8433399066164,87.11046600341797,5232600
2024-06-20,86.67752039927815,86.91701392565871,86.63146854686546,86.8893814086914,3573100
2024-06-21,87.05520448469241,87.1381020555405,86.75123266971585,86.90782165527344,6908700
2024-06-24,86.92624130469532,86.98150634765625,86.79728485272011,86.98150634765625,5276000
2024-06-25,86.92624983419927,87.0920520069507,86.8894041260767,87.05520629882812,3790100
2024-06-26,86.60384337819332,86.66832160435293,86.51173263047951,86.53015899658203,4196400
2024-06-27,86.69594688973038,86.80647695776199,86.68673370819494,86.72357940673828,4946600
2024-06-28,86.917018748843,86.93543808531052,86.26302337646484,86.26302337646484,6032400
2024-07-01,85.77794706482585,86.02741295349456,85.53772953009705,85.62088012695312,13662800
2024-07-02,85.98124071395368,86.0459157705675,85.81493241851064,85.94428253173828,8195700
2024-07-03,86.1567565198163,86.55404801146753,86.11055704790697,86.51708984375,3861000
2024-07-05,86.82200140576678,87.05298469904633,86.71112688733434,86.99755096435547,5111500
2024-07-08,86.96982777048535,87.08994359538106,86.84047768909824,87.0252685546875,5294600
2024-07-09,86.88668343321619,87.00679221772228,86.69265829714425,86.90515899658203,3006900
2024-07-10,86.9790552047207,87.0344889310316,86.85894644803054,86.98829650878906,4076600
2024-07-11,87.60734624602331,87.75517894241818,87.50571302951457,87.54267120361328,9658400
2024-07-12,87.56115449495628,87.72746276855469,87.50572075344066,87.72746276855469,4304500
2024-07-15,87.50572060665701,87.61659513855382,87.3763705106365,87.45028686523438,3754500
2024-07-16,87.6073574284652,87.84758206624434,87.52420681291773,87.83834075927734,4705800
2024-07-17,87.70898026921458,87.96768044123401,87.6258226144649,87.91224670410156,5113500
2024-07-18,87.71822918210462,87.91225432794526,87.60735464917356,87.66278839111328,8640600
2024-07-19,87.43180492298244,87.496479971489,87.33941300355188,87.38561248779297,5274400
2024-07-22,87.48726590614883,87.55194096958253,87.16388353992707,87.30247497558594,3869800
2024-07-23,87.4225443508719,87.54265310507328,87.35786932183277,87.36710357666016,5095600
2024-07-24,87.52421014952634,87.66279451405528,87.16386965459476,87.17311096191406,4733500
2024-07-25,87.3486280179559,87.66276185927468,87.30242854762102,87.36710357666016,4335600
2024-07-26,87.7366908428279,87.81060718640181,87.65354024309514,87.78289031982422,5217500
2024-07-29,88.00463381310524,88.01387511847334,87.84756686710072,87.93071746826172,6165600
2024-07-30,88.03237424891144,88.20792385265175,87.87530726085565,88.11553192138672,4419200
2024-07-31,88.37423298079632,88.77152463312459,88.18944206747354,88.76228332519531,10982900
2024-08-01,88.96521713197592,89.36370744985904,88.94668582268098,89.14129638671875,10492600
2024-08-02,90.06801107176612,90.58697253941288,90.01240300714703,90.52210235595703,18286500
2024-08-05,91.18009233071972,91.35617160969069,90.26264038249643,90.61479187011719,19098200
2024-08-06,90.39240277635857,90.4294724793915,89.74369357876658,89.8085708618164,9507000
2024-08-07,89.54903918737932,89.64171693484124,89.31735895936345,89.48416900634766,8419700
2024-08-08,89.11349840389819,89.28030140322323,89.03008983391527,89.2154312133789,4856100
2024-08-09,89.6880681584241,89.69733734924124,89.50272676400718,89.57686614990234,5174900
2024-08-12,89.46565149773197,89.8734110244327,89.4100504969348,89.82707214355469,4166400
2024-08-13,90.19774729465492,90.22554779052734,90.06800693370398,90.22554779052734,6458700
2024-08-14,90.18849031082202,90.47577156747309,90.16995900117242,90.34603118896484,4275700
2024-08-15,89.61392113229003,89.78073120117188,89.53978882303618,89.78073120117188,5507000
2024-08-16,89.96607918753782,89.97534130719669,89.71586055034138,89.9568099975586,4437000
2024-08-19,89.9290216878321,90.17923328862442,89.9104833053608,90.0772933959961,4437600
2024-08-20,90.29968770534485,90.47575987037389,90.2255483356908,90.43869018554688,4886000
2024-08-21,90.53138326247834,90.82793372099003,90.31823430621026,90.62405395507812,5386000
2024-08-22,90.40165655471262,90.42018786790773,90.07729847606362,90.20703887939453,4819500
2024-08-23,90.39237368841835,90.68892414693003,90.29043380546238,90.62405395507812,5475400
2024-08-26,90.781582563022,90.79085175212468,90.51283264160156,90.51283264160156,3062400
2024-08-27,90.27191158563615,90.54065450014228,90.22557269950951,90.47578430175781,4433700
2024-08-28,90.49431355121246,90.56845293340403,90.39237366827922,90.429443359375,8147000
2024-08-29,90.22557273494891,90.30897424562399,90.1329020329806,90.27191162109375,6199800
2024-08-30,90.29043013360695,90.40163920239651,89.93827868792052,89.9568099975586,4802600
2024-09-03,90.4475614728618,90.68922789758471,90.39179502537154,90.5498046875,8232700
2024-09-04,90.65207617616656,91.12611240176103,90.62419294372475,91.07963562011719,9914900
2024-09-05,91.32130211671809,91.36777889836016,91.00528269390803,91.29341888427734,33635000
2024-09-06,91.3305688784452,91.87895784653259,91.1074889095049,91.42351531982422,17777600
2024-09-09,91.36777984475609,91.61873603068342,91.25623982247653,91.55367279052734,8532500
2024-09-10,91.56295578223822,91.9905151662406,91.54436223564319,91.94403839111328,7921400
2024-09-11,91.75816046617017,92.15783668694544,91.70239399999362,91.87899017333984,7286200
2024-09-12,91.80460803348304,91.90685125774134,91.56294867738133,91.73025512695312,5929800
2024-09-13,91.98122035680974,92.01840035943337,91.79532743505203,91.9068603515625,5305500
2024-09-16,92.00910581236214,92.18570905625768,91.8975728931528,92.14852905273438,6666900
2024-09-17,92.09275643377394,92.14852288964883,91.91615320169,91.98121643066406,7807000
2024-09-18,91.76745062426475,92.06488357469622,91.53508091013515,91.58155059814453,8584500
2024-09-19,91.33057550683036,91.52576517529997,91.2933955093086,91.50717163085938,16770800
2024-09-20,91.37705059684207,91.60013059518407,91.25622091626005,91.47929382324219,6580600
2024-09-23,91.29338888362183,91.50716498965764,91.07960568622708,91.42351531982422,7491700
2024-09-24,91.17258843710289,91.55367821729247,91.09823550920397,91.52579498291016,6580800
2024-09-25,91.33987699009353,91.33987699009353,91.15398406982422,91.15398406982422,10455100
2024-09-26,91.22836675198525,91.27483644792382,90.94022343517281,91.08894348144531,8026500
2024-09-27,91.3027030992776,91.49789279087372,91.22834309542374,91.451416015625,6207700
2024-09-30,91.3863629095721,91.41424614126633,91.0517499465191,91.20046997070312,8902400
2024-10-01,91.51367021437858,91.79333183049293,91.42977599679847,91.53231811523438,11665600
2024-10-02,91.1221617500152,91.3085981108053,91.01961961795324,91.27131652832031,7742100
2024-10-03,91.02893132409827,91.09418475280583,90.77723444759032,90.80520629882812,11556100
2024-10-04,90.0221579871339,90.21791827313672,89.8823271793918,89.92893981933594,8878300
2024-10-07,89.59333718360678,89.74248481045132,89.5560484988733,89.6026611328125,10152600
2024-10-08,89.46285262264495,89.67725372314453,89.4255639286252,89.67725372314453,5975200
2024-10-09,89.5187790584364,89.56539170239616,89.29505401402962,89.34165954589844,6769200
2024-10-10,89.27639983454428,89.37894195437322,89.05267480586771,89.33233642578125,5959000
2024-10-11,89.23912287101886,89.44420000919075,89.19251022792615,89.36030578613281,5394100
2024-10-14,88.98741981647521,89.20182800292969,88.9408142887001,89.20182800292969,3850900
2024-10-15,89.54671854802366,89.69587327696087,89.50011302929748,89.65858459472656,7736900
2024-10-16,89.82640376689766,89.91962194099042,89.74250243175061,89.7984390258789,5041100
2024-10-17,89.40691380603691,89.44419538407432,89.25775904552559,89.33233642578125,5460200
2024-10-18,89.48147338190971,89.53740996646272,89.41621996000585,89.43486785888672,5174700
2024-10-21,89.08995591381463,89.1179206510079,88.73572405588348,88.74504089355469,6633600
2024-10-22,88.85691599303927,88.91284547311503,88.58657831918889,88.6611557006836,5433900
2024-10-23,88.40014046716891,88.55861206606964,88.31623913639824,88.45606994628906,6914300
2024-10-24,88.53997361936688,88.80098734495326,88.43743149687357,88.6518325805664,5486300
2024-10-25,88.84759052431104,88.85691447486121,88.39081651661874,88.45606994628906,6455300
2024-10-28,88.47472397745207,88.48404081655734,88.08319626021226,88.25099182128906,5447300
2024-10-29,87.87810818266937,88.30692457394424,87.83150265289818,88.28827667236328,8475400
2024-10-30,88.49335935112396,88.71708438150196,88.1204795591003,88.15776824951172,6341100
2024-10-31,88.0179421033965,88.27895583801951,87.83150575354888,88.11116027832031,8662900
2024-11-01,88.2439265263449,88.32808070667046,87.56131170470267,87.58936309814453,15659500
2024-11-04,88.19719468346338,88.30940742346647,87.88861499905286,88.05693054199219,8179300
2024-11-05,87.94472078144962,88.21588907225139,87.65483966700216,88.10368347167969,8118500
2024-11-06,87.0002807145595,87.43977166184015,86.9722293152233,87.19664764404297,15261400
2024-11-07,87.55197296034919,88.05691952599793,87.50522300846097,87.89795684814453,15674000
2024-11-08,88.0849838256836,88.34681355795229,87.98212392868216,88.0849838256836,12335300
2024-11-11,87.8231445935058,87.86054883388826,87.69223331923192,87.84185028076172,3980000
2024-11-12,87.49585797985189,87.67352632102242,87.1872783770174,87.2901382446289,8037600
2024-11-13,87.68288356819635,87.69223641215417,87.12183421093005,87.23404693603516,6661800
2024-11-14,87.3743026213039,87.58002236373247,87.12182579773103,87.22468566894531,7510000
2024-11-15,87.05638045298589,87.55197418151761,86.86936637456517,87.26210021972656,16761500
2024-11-18,87.2246715882624,87.5145454690016,87.12181173365278,87.45844268798828,4788200
2024-11-19,87.7296391160729,87.78574191057723,87.60808068327034,87.6454849243164,4951500
2024-11-20,87.40235130810242,87.67352667525303,87.37429991393662,87.51455688476562,5752900
2024-11-21,87.58003957958863,87.73900227212064,87.35561410693481,87.46782684326172,5098200
2024-11-22,87.58937378925214,87.64548371711314,87.43041111759302,87.52391815185547,5373900
2024-11-25,88.32811962592129,88.4964351948644,88.19720830942462,88.4683837890625,7716000
2024-11-26,88.28134155273438,88.30939294960488,88.10367319371522,88.28134155273438,5093100
2024-11-27,88.63668060302734,88.75823904715847,88.45901222503325,88.63668060302734,5587600
2024-11-29,88.95458648956405,89.02004211962043,88.83302807206752,89.01069641113281,5136200
2024-12-02,88.74059897865153,89.1157852673089,88.63742257036868,89.00322723388672,5950600
2024-12-03,89.09699553371716,89.13451486703892,88.69367164560961,88.74995422363281,5364800
2024-12-04,88.52485589886804,89.11577657156958,88.49671818227893,89.08763885498047,5908800
2024-12-05,88.82498573002823,89.13451486285742,88.82498573002823,89.07823944091797,5210300
2024-12-06,89.44404706190382,89.50032248577243,89.17203725306992,89.35962677001953,6880200
2024-12-09,89.24708101414065,89.2564626373478,89.05010986328125,89.05010986328125,4303100
2024-12-10,88.8625101755951,88.95630493625056,88.77809703782967,88.8906478881836,3543400
2024-12-11,89.02197835488917,89.10639150139205,88.59989115412795,88.6280288696289,6452800
2024-12-12,88.52484999444962,88.5998886710707,88.26222178235793,88.29035949707031,4518000
2024-12-13,88.14965719322366,88.17779490355329,87.83074644529898,87.87764739990234,5230100
2024-12-16,88.03712161414808,88.04650323867392,87.81201271810696,87.90580749511719,4607600
2024-12-17,87.88704424606547,88.04650323867392,87.85890652857069,87.90580749511719,4881100
2024-12-18,87.89450443633118,88.00742639765525,87.16048296901624,87.22635650634766,11553900
2024-12-19,86.9346170390923,86.99108519446375,86.68994802462971,86.83110046386719,9273800
2024-12-20,87.28280143275431,87.42396103812248,87.13222927244804,87.15105438232422,6070900
2024-12-23,87.08516758535154,87.12281061969132,86.69933186812484,86.76520538330078,5954500
2024-12-24,86.58643528449332,86.82169893321135,86.54879223913721,86.81228637695312,3076100
2024-12-26,86.53937834604122,86.91580161411053,86.51114785737944,86.87815856933594,3703300
2024-12-27,86.8217033553135,86.94403787419411,86.63348811894662,86.65231323242188,3752500
2024-12-30,87.0757780400071,87.2075251051707,87.06636548401639,87.16047668457031,4797700
2024-12-31,87.2828151658009,87.34868870138047,86.93462237506496,87.00049591064453,5856000
2025-01-02,87.18870600598386,87.3110405135195,86.86874372367117,87.04754638671875,5034800
2025-01-03,87.14164331945702,87.20751684579997,86.87814921408518,86.90637969970703,2863700
2025-01-06,86.80286830908902,86.88756695068145,86.63347820558052,86.82169342041016,3894600
2025-01-07,86.70877954819454,86.7746530900565,86.34176878929546,86.42646026611328,5524400
2025-01-08,86.30411966164272,86.5958443008181,86.28530172801212,86.5770263671875,6402900
2025-01-10,86.06886009734156,86.22883766968162,85.85242154174675,85.94652557373047,8210900
2025-01-13,85.89947606909405,85.92770656272656,85.71126799175873,85.79595947265625,5094300
2025-01-14,85.83360079000185,85.8994743337062,85.71126626017316,85.82418823242188,4365500
2025-01-15,86.69934717337148,86.79345836567194,86.55819474427268,86.72758483886719,7846600
2025-01-16,86.65232684765792,87.12285424299097,86.52998512987723,86.93463897705078,7550900
2025-01-17,87.06636944622409,87.1228376050615,86.91580444190376,87.00049591064453,3912800
2025-01-21,87.28280088506239,87.35808696474311,87.151053835459,87.2922134399414,4431300
2025-01-22,87.25458333012024,87.26399588639408,86.96285870272224,87.06636810302734,3656400
2025-01-23,86.69935551436362,86.90638866986093,86.69935551436362,86.84051513671875,4860900
2025-01-24,86.81227686063332,87.12282656602123,86.76522126417721,87.0193099975586,4468700
2025-01-27,87.59336641400249,87.65923995071272,87.3957458038718,87.58395385742188,4297100
2025-01-28,87.36751024494414,87.61218646421229,87.31104926345041,87.59336853027344,3906600
2025-01-29,87.687450582466,87.75332410425806,87.23574130469522,87.48983001708984,4918400
2025-01-30,87.67804718017578,87.81920679294362,87.59335572032076,87.67804718017578,4365600
2025-01-31,87.70628586717699,87.83803293683145,87.33927514747143,87.53689575195312,6277400
2025-02-03,87.78801387040377,88.06179174952622,87.4764799826954,87.59920501708984,8294000
2025-02-04,87.41984225284915,87.81634521484375,87.41984225284915,87.81634521484375,6742300
2025-02-05,88.17508807443298,88.48662918837941,88.14676746454633,88.32613372802734,6576300
2025-02-06,88.2317173831598,88.34500701000924,88.09010715024691,88.22227478027344,5268500
2025-02-07,87.93906143832713,88.01458785615915,87.77857320238081,87.92961883544922,4565300
2025-02-10,88.02403378046972,88.14676602476935,87.86354552533565,87.91075134277344,3229100
2025-02-11,87.69360092772285,87.75968474022486,87.62751711522084,87.68415832519531,3379500
2025-02-12,87.0988794138268,87.15552064513052,86.92894851731751,87.07999420166016,7280200
2025-02-13,87.53312518216752,87.79746046987646,87.51423997441894,87.73137664794922,6121900
2025-02-14,88.14676941788774,88.27893706868538,88.06180038374823,88.09956359863281,5157900
2025-02-18,87.82578443233587,87.92018886689421,87.61809035474954,87.62753295898438,4484100
2025-02-19,87.5803260814486,87.80690536476497,87.5803260814486,87.7691421508789,4607000
2025-02-20,87.91073837905186,88.04290600527182,87.90129577643746,87.94850158691406,7545400
2025-02-21,88.0617821882468,88.58101728237843,88.0523395858275,88.46772766113281,6156500
2025-02-24,88.38278489676982,88.71320402670914,88.3544570834063,88.65656280517578,4109500
2025-02-25,89.21356093621092,89.40236982434914,89.13803449991669,89.35517120361328,7697100
2025-02-26,89.31738835313192,89.6572500391556,89.2040987235921,89.6006088256836,7379800
2025-02-27,89.29852170196861,89.52510100812847,89.26076568687262,89.49678039550781,5907900
2025-02-28,89.77054946015235,90.02544937422196,89.59118318267072,89.98768615722656,11831500
2025-03-03,89.67997567697914,90.3711285300863,89.67050575170141,90.31432342529297,9637400
2025-03-04,90.45634867735504,90.68357633319472,89.87880600020826,90.03028869628906,12745500
2025-03-05,90.04922571182503,90.17230584997907,89.50008560602389,89.52848815917969,15590000
2025-03-06,89.48115539550781,89.65157794248286,89.14978022734438,89.48115539550781,9318900
2025-03-07,89.92614082458516,89.96400607783538,89.2823231677864,89.3675308227539,9210200
2025-03-10,89.8882536350647,90.13441385808152,89.80303877060878,89.99240112304688,7698500
2025-03-11,89.99241414298527,90.23857440161608,89.54742157966896,89.67050170898438,10408600
2025-03-12,89.38648576617412,89.6231833678554,89.36754591291458,89.4054183959961,7610300
2025-03-13,89.27285473682507,89.80305497243758,89.18763985699508,89.76518249511719,6902300
2025-03-14,89.53793590984934,89.6136808484637,89.42431850192779,89.45272827148438,4390900
2025-03-17,89.6137030420838,89.80305821208026,89.43381057418145,89.52848815917969,6734000
2025-03-18,89.3959318368885,89.78411929867198,89.38646913545686,89.63262939453125,8993300
2025-03-19,89.55691147102547,89.93562912223932,89.41489867232887,89.9072265625,5854500
2025-03-20,90.39007178902254,90.40900441685538,89.93560926322978,90.03975677490234,4409100
2025-03-21,90.18177709577316,90.266984756488,89.94507951809396,89.9640121459961,4919600
2025-03-24,89.71784548906437,89.73677811562081,89.41487290010735,89.44327545166016,4823500
2025-03-25,89.4432820155955,89.69891222176682,89.42434216421283,89.59476470947266,6825800
2025-03-26,89.44327208094535,89.53794965703213,89.31072202973662,89.38646697998047,8281700
2025-03-27,89.28231217352136,89.38645966572552,89.19709730561092,89.31071472167969,5085100
2025-03-28,89.7367860065196,90.08710102782669,89.70838345246925,90.03028869628906,6224500
2025-03-31,90.40901275119921,90.47528778987888,90.03029514869934,90.29540252685547,13255800
2025-04-01,90.48914416272115,90.85957979423348,90.48914416272115,90.61262512207031,18128800
2025-04-02,90.9925537244234,90.9925537244234,90.24219674677667,90.52713775634766,7635900
2025-04-03,91.57194278737155,91.79989704331389,91.35348149246441,91.45796203613281,18188000
2025-04-04,92.32229939608264,92.62624084217083,91.70492354216351,91.71441650390625,27006500
2025-04-07,91.64790604800494,91.80938056120644,90.4131474101221,90.62210845947266,68670600
2025-04-08,90.14720556406328,90.7930746733296,90.11870494465362,90.16619873046875,19508000
2025-04-09,89.50133477948265,89.92874989228712,88.91244513277593,89.88125610351562,24170800
2025-04-10,89.77679328201238,90.0237479885957,89.27339090644591,89.32088470458984,12093800
2025-04-11,88.77947315330226,89.02642781652914,88.13359674323307,88.81746673583984,55446600
2025-04-14,89.20686629570127,89.62478835410788,89.09289282270538,89.5298080444336,12630900
2025-04-15,89.52035115147447,90.0047603856745,89.51085094195068,89.7957992553711,7708100
2025-04-16,89.90977035392368,90.30869215255082,89.71980241657562,90.18521118164062,8708400
2025-04-17,90.13771015873459,90.22319028191373,89.84326171475882,89.92874908447266,6987000
2025-04-21,89.66280485689265,89.99523964903327,89.42535039871578,89.44434356689453,4901300
2025-04-22,89.68180124612367,89.70080166151983,89.50134077907153,89.51083374023438,5233000
2025-04-23,90.2706812265693,90.44164871407648,89.49183094937756,89.60580444335938,8041300
2025-04-24,89.96674388411193,90.11871096511092,89.87176355267073,90.09021759033203,7308900
2025-04-25,90.33719432796252,90.4986616555291,90.2137205915651,90.43217468261719,5341300
2025-04-28,90.32767448171222,90.82158381300137,90.29918110616381,90.79308319091797,4950500
2025-04-29,90.74560864965795,91.11603707385206,90.73610844104027,91.10653686523438,5350200
2025-04-30,91.0875332540031,91.334487924005,90.99255291832087,91.2490005493164,13923200
2025-05-01,91.36621787943236,91.38528040309258,90.6705884405088,90.85163879394531,13703300
2025-05-02,90.38468480381265,90.5180933532029,90.08928119733719,90.24174499511719,9331600
2025-05-05,90.21318153268868,90.22271279442869,89.88919133575385,90.07977294921875,10089400
2025-05-06,90.04165451469683,90.32753420302825,89.95589497033089,90.3084716796875,6081200
2025-05-07,90.40375933706075,90.66104521072928,90.38469681591693,90.54669189453125,9471100
2025-05-08,90.48951742047937,90.50857994131752,89.82247459557479,89.8415298461914,6409000
2025-05-09,90.00353207306975,90.15600317100278,89.87965475866574,89.90824127197266,3698700
2025-05-12,89.31743919255025,89.5461385826692,89.31743919255025,89.33649444580078,9483700
2025-05-13,89.45084062743153,89.49848239186177,89.1268431862849,89.26978302001953,13166800
2025-05-14,89.23166004970997,89.29836433220517,88.87907611639443,88.9362564086914,6994700
2025-05-15,89.30790348099909,89.56518937328568,89.19355015652607,89.51754760742188,9024900
2025-05-16,89.87012513239901,89.88918765509847,89.53660368738073,89.54613494873047,6819200
2025-05-19,89.03154415958457,89.5175366412818,88.99342638942976,89.49847412109375,11704900
2025-05-20,89.26026304637034,89.4508519388579,89.12685445674047,89.38414764404297,8929600
2025-05-21,89.03154184537229,89.15541914248949,88.65037142395329,88.76472473144531,11383500
2025-05-22,88.79333164838745,89.13638437948723,88.67897831461327,89.0982666015625,10981200
2025-05-23,89.48897617221041,89.4985001648546,89.23168296634931,89.35556030273438,9860700
2025-05-27,89.55565415087008,89.82247127095616,89.45083210080466,89.72718048095703,10834400
2025-05-28,89.54611253646857,89.61281680877698,89.37458622621544,89.47940826416016,8591500
2025-05-29,89.71765801623391,89.93682612769562,89.67000898145251,89.85106658935547,9679100
2025-05-30,89.91776891957386,90.16553080864703,89.86059589525767,90.11788177490234,10268600
2025-06-02,89.86931937421099,90.00316671315258,89.6589857575505,89.81195831298828,13341900
2025-06-03,89.93623998156944,90.06052470803135,89.6494200969556,89.72590637207031,8508900
2025-06-04,90.07006637054533,90.46205296875394,89.99358011321718,90.38556671142578,10115900
2025-06-05,90.38558406220221,90.50031347021837,90.08920887582593,90.11788940429688,8762800
2025-06-06,89.65896514015957,89.73545140029016,89.37215260586665,89.40083312988281,7624200
2025-06-09,89.41040483206773,89.67810679159862,89.40084951839819,89.5633773803711,6061200
2025-06-10,89.85020137368072,89.88843721837398,89.62074254072368,89.71634674072266,5579900
2025-06-11,89.88844744383235,90.12746161808583,89.81196845161287,90.08922576904297,6594900
2025-06-12,90.43337254542,90.490740890172,90.27084470590773,90.4811782836914,7795400
2025-06-13,90.28041562486575,90.34733928812871,89.90755417323898,90.14656829833984,9195200
2025-06-16,90.04140027353978,90.23260865336363,89.86930981404548,89.888427734375,7508400
2025-06-17,90.11788296679596,90.36645239187605,89.97447304055324,90.32821655273438,5285000
2025-06-18,90.4811708860205,90.67237923520993,90.23259419676945,90.38556671142578,6732400
2025-06-20,90.20391803380124,90.57677943863455,90.14655698509807,90.44293212890625,6261700
2025-06-23,90.70107705809308,91.05481327252943,90.63415339908093,90.75843811035156,9310300
2025-06-24,90.67239481887611,91.12174254024377,90.63415897777149,91.07394409179688,7694500
2025-06-25,90.90184141931087,91.1504108237613,90.80623724112752,91.11217498779297,6393300
2025-06-26,91.28426774104527,91.44679557749161,91.1599757415369,91.4372329711914,7131900
2025-06-27,91.19823455810547,91.4754918354464,91.14087349870137,91.19823455810547,8402400
2025-06-30,91.39898797497578,91.59975893839444,91.26514066603,91.56151580810547,10542300
2025-07-01,91.51644858741513,91.60277057025704,91.22872571826814,91.39176940917969,10659800
2025-07-02,91.104028301534,91.24789337750278,91.04648519805917,91.19993591308594,6026200
2025-07-03,90.92182551483191,90.97936863063538,90.76836744964493,90.88346099853516,7398900
2025-07-07,90.73959111239805,90.74918407028778,90.5189969846315,90.5957260131836,8518600
2025-07-08,90.35594047006576,90.47103399656805,90.30799032198453,90.46144104003906,5282800
2025-07-09,90.59571616754383,90.94098944122221,90.59571616754383,90.931396484375,6900800
2025-07-10,90.86427508174513,90.90263959804189,90.70123137544644,90.88346099853516,4451900
2025-07-11,90.57653456654137,90.60530611884647,90.41348357467598,90.46144104003906,6004300
2025-07-14,90.46144495483028,90.59571708291944,90.317579869797,90.42308044433594,5101600
2025-07-15,90.52858920830607,90.538182166118,90.02027220351613,90.06822967529297,5628100
2025-07-16,90.2120882211748,90.3847248768396,90.08740903769356,90.31758880615234,12786300
2025-07-17,90.3655321171423,90.47103268558683,90.2120740840296,90.28880310058594,4747200
2025-07-18,90.54777807775378,90.61491415006174,90.4422774902294,90.5381851196289,4035000
2025-07-21,90.92183426180954,91.01774190313638,90.80674070184692,90.85469818115234,5232300
2025-07-22,90.95058851119768,91.17117531253515,90.93140259621372,91.11363220214844,6098000
2025-07-23,90.90263047053946,90.96017358056504,90.73958678061192,90.78754425048828,5074000
2025-07-24,90.47104461499154,90.74918184872183,90.46145165733664,90.65326690673828,5867400
2025-07-25,90.62450033770206,90.86427307128906,90.58613582225416,90.86427307128906,3614000
2025-07-28,90.70122920043536,90.76836527302392,90.62450016968182,90.6628646850586,5073200
2025-07-29,90.79711766596529,91.25748443603516,90.77793907096643,91.25748443603516,7864000
2025-07-30,90.94100189208984,91.1903675832835,90.87386581953191,90.94100189208984,7425600
2025-07-31,91.08485151524954,91.23830223332412,90.97935094526245,91.01771545410156,10411800
2025-08-01,91.75767852749235,92.1137040398441,91.73842993699425,92.06558990478516,11870100
2025-08-04,92.15217636317057,92.22915603429037,91.92124469099664,92.19066619873047,8449500
2025-08-05,92.02710060370828,92.23879105330876,92.00785935428384,92.12332153320312,8218700
2025-08-06,91.98859097981865,92.10406047509042,91.66143842165911,92.05594635009766,10107500
2025-08-07,92.05597233264926,92.15219326860813,91.92126155406949,91.98861694335938,5725900
2025-08-08,91.86352811228055,91.86352811228055,91.7288173371446,91.77692413330078,5623800
2025-08-11,91.844268628699,91.93087259740807,91.7576720011757,91.8057861328125,4920200
2025-08-12,91.6903238701102,91.78654479980469,91.58447864509037,91.78654479980469,6724600
2025-08-13,92.04634548464875,92.20992179231615,92.02709689481372,92.11370086669922,5925200
2025-08-14,91.95974185887809,91.9886074025532,91.74805141701243,91.8154067993164,5527500
2025-08-15,91.77691132768123,91.83464975267373,91.57484519317156,91.63258361816406,7428500
2025-08-18,91.69994171046255,91.70955866392458,91.45938573256646,91.54598236083984,9669600
2025-08-19,91.68070319980177,91.81541397493771,91.67107890409586,91.77692413330078,6499300
2025-08-20,91.77691795707408,91.9982326962962,91.7576767081438,91.91162872314453,6270700
2025-08-21,91.78653934121921,91.83465347379827,91.51711781762273,91.64220428466797,5351300
2025-08-22,91.7961577732424,92.25802111528549,91.76729223201289,92.15217590332031,10867700
2025-08-25,91.98860923006067,92.0944544530963,91.92125384641858,91.96936798095703,9936400
2025-08-26,92.04633886522883,92.23878070262344,91.98860044106203,92.20991516113281,5871200
2025-08-27,92.08482327806436,92.38311767578125,92.02709219388043,92.38311767578125,5222800
2025-08-28,92.35426972645757,92.5948257446289,92.31577988260771,92.5948257446289,6544700
2025-08-29,92.48897197948558,92.5948172050143,92.40236800351373,92.51783752441406,6818900
2025-09-02,92.15484964152559,92.31896189638353,92.12588952187288,92.24173736572266,8623200
2025-09-03,92.25139013100237,92.69546250527772,92.25139013100237,92.56031036376953,7586100
2025-09-04,92.79199393063847,92.97541046142578,92.676146096532,92.97541046142578,6395300
2025-09-05,93.55465712390534,93.66084178215127,93.42915344238281,93.42915344238281,9566300
2025-09-08,93.66083765247144,93.72841372214266,93.56430146226101,93.71876525878906,7599600
2025-09-09,93.67048743761482,93.77667944956674,93.40983900433929,93.49671936035156,8223100
2025-09-10,93.68980619869569,93.86357428913698,93.6029184708554,93.74772644042969,8864500
2025-09-11,93.8732206916526,94.08560472700019,93.86357222840162,93.89253234863281,8554300
2025-09-12,93.6704873096964,93.68014313765305,93.4870634047138,93.62222290039062,36502700
2025-09-15,93.78634345088163,93.85391952208212,93.73807167206441,93.77668762207031,4990100
2025-09-16,93.78633794521251,93.92149007967947,93.74772199747352,93.83460235595703,5847700
2025-09-17,93.93114583791699,94.14352250246469,93.51603360658098,93.63187408447266,10701700
2025-09-18,93.30365560741899,93.45811204300405,93.16850346431727,93.32295989990234,7589200
2025-09-19,93.27468381297614,93.3519083384845,93.15883597685584,93.28433227539062,5528800
2025-09-22,93.28434688233534,93.31331436983017,93.12023461272959,93.12989044189453,5282700
2025-09-23,93.26504475555954,93.40019690604937,93.14919689860835,93.39054107666016,7077500
2025-09-24,93.27468612612147,93.28433458877522,93.10091805025095,93.13953399658203,5419700
2025-09-25,92.9271496330848,92.98506986974935,92.7726858483278,92.93679809570312,6517500
2025-09-26,92.91749466449853,93.09126274133779,92.80164682485946,92.88853454589844,7295300
2025-09-29,93.00438781609816,93.20712340466915,92.99473935206315,93.15885162353516,6357500
2025-09-30,93.23607947896562,93.40984757216741,93.08161567823541,93.12023162841797,9257800
2025-10-01,93.50174262057357,93.56952528020962,93.28870929378715,93.4339599609375,8347000
2025-10-02,93.39521929732841,93.58888930230388,93.33712198971341,93.5307846069336,9420600
2025-10-03,93.54048729912672,93.57922130730418,93.32745394802903,93.3468246459961,5154300
2025-10-06,93.12409555775389,93.28870953332759,93.06599824584688,93.07568359375,6319600
2025-10-07,93.1918805660682,93.43396255545578,93.13378325269711,93.3080825805664,5119900
2025-10-08,93.48238964543536,93.5017529555763,93.26935629510179,93.32745361328125,5141900
2025-10-09,93.2402955058547,93.30807816416473,93.18219819523344,93.25965881347656,7130600
2025-10-10,93.58889277328693,93.94716936720741,93.51142476842364,93.84066009521484,10417700
2025-10-13,93.83097892055675,93.91812488908687,93.71477690809402,93.88907623291016,5607600
2025-10-14,93.98591387237,94.16021320891221,93.90845324660621,94.13116455078125,7650600
2025-10-15,94.13115961039667,94.24736162457818,93.9471749348816,94.02464294433594,7769300
2025-10-16,93.94718337446056,94.49913006283292,93.92782006423552,94.46040344238281,11627200
2025-10-17,94.37324836443486,94.39261906206507,94.18926367573052,94.30546569824219,12491000
2025-10-20,94.36356041428918,94.44102842716138,94.2860997891733,94.43134307861328,10437800
2025-10-21,94.59595863648298,94.67341925683603,94.53785393652335,94.60563659667969,7642000
2025-10-22,94.5572325929263,94.6734272271159,94.4700792295276,94.62501525878906,6523500
2025-10-23,94.43134203016425,94.48944673305144,94.2957767030212,94.31514739990234,6138300
2025-10-24,94.43135426435626,94.450724963747,94.2473769466874,94.40230560302734,7555200
2025-10-27,94.25705490862556,94.40230560302734,94.13117491361453,94.40230560302734,7272300
2025-10-28,94.34419025132418,94.53785288167975,94.34419025132418,94.48944091796875,5539600
2025-10-29,94.44103420670392,94.44103420670392,93.83099019045396,93.87940216064453,11223300
2025-10-30,93.60825487753904,93.88907085074266,93.58889157044987,93.74382019042969,8958800
2025-10-31,93.80193295236953,93.87939357514183,93.72446494184113,93.78256225585938,9739900
2025-11-03,93.66018020257552,93.79617240659681,93.61161579315036,93.7378921508789,8012500
2025-11-04,93.80588222320502,93.90301844683086,93.78645794288737,93.85445404052734,6119000
2025-11-05,93.68930846927454,93.70874015939995,93.37846812643296,93.4076156616211,11749200
2025-11-06,93.75729170401256,93.95157152352985,93.7475832712997,93.88357543945312,7665000
2025-11-07,93.79615582876727,94.08757187788954,93.78644739520972,93.92243957519531,11460300
2025-11-10,93.8058736816976,93.88358561792974,93.74759343503258,93.79615783691406,9097300
2025-11-11,94.03900600489705,94.11671794437314,93.9613014764394,94.08757781982422,4937700
2025-11-12,94.03900616389883,94.17499835270272,94.00986603930065,94.10700225830078,7188200
2025-11-13,93.88358615643993,94.02929418495641,93.83501434326172,93.83501434326172,46965300
2025-11-14,94.10701209654079,94.15558391662793,93.66017951361214,93.67961120605469,11288500
2025-11-17,93.77673740188854,93.85444934130577,93.72816558699817,93.78645324707031,6648500
2025-11-18,94.0681479889474,94.15557577534086,93.80587945180423,93.9418716430664,8769000
2025-11-19,94.03900315773262,94.08757497118921,93.83501488104774,93.87387084960938,13075900
2025-11-20,93.97100628952545,94.17499456452587,93.93215032128468,94.0972900390625,9076400
2025-11-21,94.40812683105469,94.44698279783728,94.22356284159183,94.40812683105469,12551100
2025-11-24,94.50527623021529,94.57327232881886,94.39842415940699,94.55384063720703,6903900
2025-11-25,94.65098363412638,94.90353633522354,94.64126778838606,94.79668426513672,9193400
2025-11-26,94.68984067280019,94.87439727783203,94.5441326291295,94.87439727783203,7747100
2025-11-28,94.83554301684758,94.85497470889777,94.60241458937884,94.70926666259766,7798000
2025-12-01,94.27862595165793,94.34682348471567,94.19094659471524,94.20069122314453,9898100
2025-12-02,94.17146430798033,94.32734119721461,94.11300397066557,94.27862548828125,7317200
2025-12-03,94.43450914433231,94.5319331285382,94.31759590350113,94.47348022460938,6855100
2025-12-04,94.32735309115982,94.33709772076993,94.13250509680475,94.18121337890625,8928900
2025-12-05,94.20069588077826,94.21043307671535,93.93764293099663,93.98635864257812,9118700
2025-12-08,93.92790641306796,93.93764360907535,93.6161377494544,93.79150390625,14728300
2025-12-09,93.92790316204012,93.92790316204012,93.63562376650579,93.65510559082031,8509200
2025-12-10,93.61615052679292,93.98637214887725,93.60641332945653,93.95714569091797,13356900
2025-12-11,94.19095504508066,94.239670758624,93.93764671400903,93.96687316894531,8672800
2025-12-12,93.71357727050781,93.79151201017099,93.694088010861,93.71357727050781,8348700
2025-12-15,93.92790641306796,94.02533040396018,93.77202208126118,93.79150390625,6117000
2025-12-16,93.76228599739963,94.07404725645182,93.75254880050483,94.0545654296875,7456400
2025-12-17,93.9376483308709,94.083788041042,93.91816650490283,94.03507232666016,5673200
2025-12-18,94.27862548828125,94.337085825596,94.15197505121755,94.27862548828125,7357600
2025-12-19,94.12518599436994,94.21314987572323,94.02743840562977,94.06653594970703,5806600
2025-12-22,93.98834827694417,94.01766957071558,93.91015318882434,93.96879577636719,4672800
2025-12-23,93.7635361654494,93.95901642219734,93.71466237271552,93.92969512939453,5093900
2025-12-24,94.04699557509753,94.19360950839226,93.99812177830114,94.17405700683594,3967700
2025-12-26,94.31089026318985,94.33044276382853,94.15450754355066,94.26202392578125,3491500
2025-12-29,94.3695358242284,94.4184021593152,94.27178823986738,94.39885711669922,5034600
2025-12-30,94.26201177482146,94.37929693515854,94.22291423567806,94.30110931396484,4108600
2025-12-31,94.16427003656935,94.29133891093689,93.978566035491,93.98834228515625,6802100
2026-01-02,94.11540512411486,94.11540512411486,93.90037237079254,93.91014862060547,6611800
2026-01-05,94.05675822350318,94.20336467850146,93.99810818441054,94.19359588623047,8693200
2026-01-06,94.07630931259871,94.14472814836049,93.92969539108239,94.12518310546875,12834100
2026-01-07,94.34019939601514,94.36952814319251,94.1642641984164,94.30110931396484,7990900
2026-01-08,94.05677485440603,94.13496249186562,94.00790105603596,94.0176773071289,6931700
2026-01-09,93.9883454339452,94.20337073412948,93.90037409819789,94.12518310546875,10277300
2026-01-12,93.97857512860061,94.12518905939105,93.94925383386139,94.00789642333984,6360600
2026-01-13,94.1642731912522,94.19360194123053,94.02743551972866,94.12518310546875,7622500
2026-01-14,94.20338606321943,94.41841885548838,94.19361726873086,94.3206787109375,7331200
2026-01-15,94.33043961275408,94.34020840565303,94.1056306054832,94.12518310546875,6172500
2026-01-16,94.05677003630333,94.08609133098551,93.74399713120293,93.76354217529297,11979300
2026-01-20,93.44097906340721,93.55827168171157,93.37256023366962,93.3921127319336,13607700
2026-01-21,93.49962932018467,93.67555706241369,93.40188174282208,93.63646697998047,11969000
2026-01-22,93.53873001679037,93.69512019264211,93.48986367965722,93.62670135498047,10209500
2026-01-23,93.66580350352156,93.8026411855717,93.58760841175165,93.78308868408203,8147500
2026-01-26,93.92969812527735,93.98834816984741,93.87105553780133,93.919921875,6803800
2026-01-27,93.86127478211868,93.97856740853464,93.78307969784137,93.81240844726562,9857200
2026-01-28,93.75375982553336,93.78308111830805,93.56805581892912,93.73421478271484,17032400
2026-01-29,93.63646708590022,93.91991119787417,93.61691458756832,93.83194732666016,11049100
2026-01-30,93.82217413352807,93.89059296573194,93.74398650893322,93.77330780029297,8238500
2026-02-02,93.81449373713778,93.84391069487094,93.58895874023438,93.58895874023438,8987100
2026-02-03,93.53993144372957,93.71644068278741,93.52032263113387,93.67721557617188,7313800
2026-02-04,93.59875900619289,93.75565942199914,93.55954138366494,93.65760040283203,7268600
2026-02-05,93.9419812206425,94.23615829200129,93.85372286223809,94.20674133300781,12086800
2026-02-06,94.25577458561293,94.26557525099479,94.05964905661644,94.20674133300781,7759900
2026-02-09,94.14789852479117,94.26556634965394,94.0694483206005,94.2263412475586,8165100
2026-02-10,94.55975627326404,94.67743158626837,94.54014746180849,94.6382064819336,9752300
2026-02-11,94.31460206015358,94.57936215443084,94.29499324930555,94.3734359741211,9106600
2026-02-12,94.53034294300329,94.97161229121195,94.52053479618729,94.9520034790039,13099900
2026-02-13,95.23637223792443,95.37365635662891,95.20694779983917,95.32462310791016,11681500
2026-02-17,95.36385258690642,95.42268650293016,95.26579356639229,95.3148193359375,8623800
2026-02-18,95.14812270890124,95.20695662768028,95.08928879012218,95.11870574951172,7778800
2026-02-19,95.07947135461765,95.25598057513521,95.05986254408162,95.20694732666016,4993000
2026-02-20,95.24617242915554,95.25598057513521,95.01082929560657,95.20694732666016,11200200
2026-02-23,95.28540331089084,95.6384217733372,95.28540331089084,95.5501708984375,9862900
2026-02-24,95.55017201847672,95.58939712381097,95.44230484916349,95.53055572509766,9493300
2026-02-25,95.38346059920572,95.53055286945626,95.38346059920572,95.45210266113281,8762700
2026-02-26,95.53055254017062,95.70706176757812,95.53055254017062,95.70706176757812,8177300
2026-02-27,95.98163325788389,96.14834182598612,95.9326074872617,96.0895004272461,9970300
2026-03-02,95.76790504826015,95.77774160258153,95.3450232495512,95.51221466064453,17709600
2026-03-03,95.069662148069,95.54171922718328,95.04015998745425,95.40403747558594,13708500
2026-03-04,95.36469891616846,95.38436452224619,95.18767844909806,95.20734405517578,12535500
2026-03-05,94.8533035439706,94.98115624487042,94.79429922238161,94.91231536865234,12599700
2026-03-06,94.62710615960924,95.13849440448382,94.57793089431135,94.8532943725586,12758200
2026-03-09,94.76480282741558,95.19752122031029,94.6566232291919,95.14834594726562,12134400
2026-03-10,95.09916573970078,95.16800661653535,94.81397318073817,94.84347534179688,10571300
2026-03-11,94.66644922852598,94.71561699299491,94.39108573760434,94.41075134277344,12197600
2026-03-12,94.26324336395143,94.39109607237235,94.00754545020283,94.10589599609375,11401400
2026-03-13,94.2533991804392,94.3419131639586,93.9682066303356,94.00753784179688,11839700
2026-03-16,94.39109633651496,94.46976626911734,94.2829167382068,94.43042755126953,9092100
2026-03-17,94.57794499273876,94.68612459004645,94.53860627525476,94.59761810302734,7209700
2026-03-18,94.45993071601072,94.52877159173327,94.14522849798006,94.1648941040039,13048700
2026-03-19,93.90919846623055,94.29274156921034,93.89936941452854,94.15505981445312,18464600
2026-03-20,93.7321774709976,93.76167963212438,93.27979349317008,93.30929565429688,20761500
2026-03-23,93.42731150093147,93.85019331626992,93.3191319084198,93.60433197021484,28336300
2026-03-24,93.22079382416008,93.50599390111,93.05360990070113,93.28963470458984,19785600
2026-03-25,93.71251593154241,93.82069552909734,93.56499761641358,93.78135681152344,15939200
2026-03-26,93.43714638426421,93.55515502628033,93.02409362792969,93.02409362792969,12897300
2026-03-27,92.8077396903945,93.21094837928766,92.79790313610172,93.03392791748047,11401900
2026-03-30,93.62399207405157,93.81084908706114,93.55515120132578,93.69283294677734,15430000
2026-03-31,93.95837416705014,94.09605592243736,93.77151714055623,93.86003112792969,18649700
2026-04-01,93.81759939038305,94.02481026122854,93.75839090721503,93.77812957763672,13557600
2026-04-02,93.76825920148661,94.12347998416323,93.748528059381,93.99520874023438,13171300
2026-04-06,93.7386505632189,93.91626093909412,93.64984913932945,93.74851989746094,6104900
2026-04-07,93.80773353321035,94.02481374731519,93.50185188320661,93.98534393310547,6737500
2026-04-08,94.44910832635884,94.45897766229992,94.10375684939737,94.19255828857422,12107400
2026-04-09,94.1037476547316,94.38002880930597,93.96560707744442,94.16294860839844,11065900
2026-04-10,94.1629528016346,94.19255327978618,93.99521174004421,94.00507354736328,4404800
2026-04-13,94.00507712109346,94.22215733992054,93.90640634747137,94.21229553222656,4300200
2026-04-14,94.17282176055707,94.52804255315023,94.14322128252384,94.51817321777344,5239800
2026-04-15,94.41949896315164,94.42936077006726,94.23201923839838,94.31095886230469,5592900
2026-04-16,94.39976148292422,94.42936196023794,94.11361098872993,94.14321899414062,6618900
2026-04-17,94.61684122289938,94.77472047192688,94.56750207555405,94.65631103515625,6912900
2026-04-20,94.63659033735283,94.6464521454327,94.43924125428862,94.56751251220703,3868800
2026-04-21,94.41951081275916,94.47871177407013,94.14322962251079,94.15309143066406,4872900
2026-04-22,94.40963401589235,94.4392344942087,94.23202361789704,94.25175476074219,4121400
2026-04-23,94.29121669654201,94.3602869828751,93.92613412367989,94.10374450683594,6795600
2026-04-24,94.02481740189789,94.32082972783036,93.94587777041019,94.29122924804688,5490000
2026-04-27,94.15308208202983,94.26162218572136,94.01494150062187,94.07414245605469,4055500
2026-04-28,93.92614297583954,94.00507507616167,93.84720334742008,93.98534393310547,4867700
2026-04-29,93.7682628201902,93.7682628201902,93.44264250215416,93.54132080078125,7200300
2026-04-30,93.77813406337152,93.82746568559138,93.61039299724874,93.71893310546875,10382400
2026-05-01,93.74071270278645,94.08720235917126,93.67141477150949,93.79020690917969,5359200
2026-05-04,93.64170224386315,93.65160410557112,93.27541644265018,93.44371032714844,6593900
2026-05-05,93.55261550304611,93.69121136622539,93.52291746849455,93.58231353759766,11281600
2026-05-06,93.97830186317074,94.07729782605495,93.90900393386102,94.04759979248047,9031100
2026-05-07,94.22579500735996,94.22579500735996,93.74070950496916,93.76050567626953,5610100
2026-05-08,94.08720302914607,94.13669723589175,93.96840333772188,94.00800323486328,3215100
2026-05-11,93.90900353490687,93.92879970623648,93.69120788574219,93.69120788574219,4025400
2026-05-12,93.47340849512223,93.4833103568446,93.35461636608387,93.3744125366211,5686700
2026-05-13,93.35461636608387,93.43380860114029,93.16651875789647,93.3744125366211,3459200
2026-05-14,93.59221706086713,93.61201323328342,93.3051234669276,93.31502532958984,5167300
2026-05-15,92.78043407277293,92.81013210658178,92.55273655872531,92.57254028320312,12498700
2026-05-18,92.6814414528956,92.81013545501294,92.40424217056044,92.53294372558594,8422900
2026-05-19,92.19634036001663,92.33493621268373,92.01814461331502,92.17654418945312,10069800
2026-05-20,92.23594662223032,92.8695298647118,92.21615045030003,92.80023193359375,14892500
2026-05-21,92.53294091982039,92.89922674278183,92.37454133471755,92.85963439941406,7762000
2026-05-22,93.01801967204993,93.0477177038716,92.69132621619686,92.9388198852539,6321900
2026-05-26,93.39421967989597,93.40412154278168,93.18632587674624,93.33482360839844,5494400
2026-05-27,93.40411056888068,93.53281211254891,93.3447145043615,93.3744125366211,5958800
2026-05-28,93.40411125274012,93.72090285400765,93.34471518778608,93.59220886230469,5938300
2026-05-29,93.69120897760965,93.79020494122697,93.58231115175823,93.70111083984375,9639700
2026-06-01,93.28094689714584,93.56899766138191,93.18161068515934,93.53919982910156,8054100
2026-06-02,93.69813520933242,93.69813520933242,93.52927576790354,93.60873413085938,15426600
2026-06-03,93.36040330329288,93.46966707156017,93.28094494497115,93.3703384399414,7056500
2026-06-04,93.56899846076111,93.64846439971359,93.45973468927369,93.48954010009766,4417900
2026-06-05,93.08228290195473,93.16174884095442,92.96308399345521,92.99288940429688,9880800
2026-06-08,93.17168547847831,93.23128114454337,92.8935546875,92.8935546875,5352200
2026-06-09,93.08227889332473,93.2213404914409,92.98295026299728,93.15180969238281,8007300
2026-06-10,93.1915425380878,93.27100847356114,92.97301500468046,93.06241607666016,5804900
2026-06-11,93.18161262822709,93.74779418822705,93.12201696242366,93.70806121826172,11281600
2026-06-12,93.52927823348553,93.63853443271611,93.39020904349589,93.54914093017578,8861800
2026-06-15,93.75773179328667,93.83719773530912,93.62860532121718,93.64846801757812,3787600
2026-06-16,93.74779447294515,93.98619229346116,93.71799663995293,93.88685607910156,4675000
2026-06-17,93.8967836085973,93.94645171175296,93.38027019590596,93.39019775390625,11508300
2026-06-18,93.79745896201725,93.96631839465238,93.6981303297783,93.7279281616211,6836500
2026-06-22,93.4796022082087,93.49946490321692,93.34054060828466,93.3703384399414,4572200
2026-06-23,93.5292730695739,93.62860170412,93.45973468927369,93.48954010009766,6504600
2026-06-24,93.93651948259466,94.14511188138445,93.92658434599835,94.09545135498047,5179800
2026-06-25,94.22458298847093,94.38350729128946,94.14511704791705,94.1550521850586,5630500
2026-06-26,94.19477536474045,94.44310071944348,94.19477536474045,94.3934326171875,5584100
2026-06-29,94.34378229901978,94.43317579880473,94.29411419139088,94.4232406616211,5901500
2026-06-30,94.24444448035058,94.26431475437977,93.91666074175991,93.9365234375,8034000
2026-07-01,93.71827327602267,93.8777219337329,93.67840921077186,93.70830535888672,7890500
