date,open,high,low,close,volume
2007-07-02,49.35619748354385,49.35619748354385,49.119363515554106,49.19041442871094,3074400
2007-07-03,49.39404998527846,49.39878767249279,49.10511249974468,49.19984817504883,45900
2007-07-05,48.97725068080542,49.09566762944673,48.87304318779331,48.88251495361328,83600
2007-07-06,48.83988832477627,48.91093921924922,48.7025242258082,48.787784576416016,83700
2007-07-09,48.929873334374875,48.94881686164392,48.801981035624074,48.88724136352539,100900
2007-07-10,49.20931655410651,49.31352398288188,49.02932420409213,49.22352600097656,159600
2007-07-11,49.27088292117447,49.29456773744411,48.972473750673046,49.000892639160156,86000
2007-07-12,49.10508786845552,49.10508786845552,48.764046836020995,48.806678771972656,129500
2007-07-13,48.953572805282704,49.04357085546063,48.820946382156706,49.0198860168457,71800
2007-07-16,49.10986420295,49.18091507625696,48.97723783346903,49.14775848388672,90500
2007-07-17,49.13829213402381,49.2282901643328,48.96777145227951,49.04356002807617,86600
2007-07-18,49.05779162726621,49.33251991784412,49.0388444747643,49.1856803894043,85900
2007-07-19,49.10037947799595,49.209320989683484,48.94880239426272,49.0814323425293,170900
2007-07-20,49.30880925987438,49.42248850157323,49.19513001817553,49.218814849853516,181000
2007-07-23,49.29458695150241,49.32300585106665,49.14301346416482,49.16196060180664,56900
2007-07-24,49.35615724058278,49.35615724058278,49.07195743347972,49.100379943847656,101600
2007-07-25,49.285095427393735,49.308776629602654,49.13825607299805,49.13825607299805,239800
2007-07-26,49.34671061145218,49.545650216362645,49.034088134765625,49.034088134765625,104600
2007-07-27,49.25668158771754,49.40352096793642,48.78775178148656,48.85406494140625,91400
2007-07-30,49.13354784332925,49.18564796110989,48.71671799070454,48.92987060546875,138300
2007-07-31,48.97723984106311,49.19986423344484,48.90618896484375,48.90618896484375,152700
2007-08-01,49.28312344053482,49.378309089955074,48.983281745771485,49.06418991088867,77200
2007-08-02,49.126086161220044,49.27362507415497,48.969026500359455,48.997581481933594,117400
2007-08-03,49.19275212079454,49.45927515606427,49.11660060722946,49.2403450012207,109200
2007-08-06,49.4068605905312,49.49728949290278,49.04039187177715,49.068946838378906,99100
2007-08-07,49.31645954555904,49.34977489999348,49.06897094310208,49.202232360839844,100500
2007-08-08,48.907127719139524,49.38306316778132,48.907127719139524,49.25455856323242,92500
2007-08-09,49.345038215110634,49.38787070661682,49.06899449950506,49.21177673339844,69300
2007-08-10,49.25933972683596,49.7067203993508,48.897627616481394,48.99281692504883,142700
2007-08-13,49.092774406553,49.3640576447097,49.02614369059182,49.16416549682617,155100
2007-08-14,49.27360343794992,49.497293711661285,49.14510244619011,49.47349548339844,115800
2007-08-15,49.47826605717643,49.4830264300305,49.22602076241915,49.34024429321289,125700
2007-08-16,49.39733325716895,49.50679636055806,48.82620862561708,48.859527587890625,438800
2007-08-17,48.93097778087274,49.2070215254709,48.83103165909135,48.945255279541016,234100
2007-08-20,48.95475758249657,49.35930229374658,48.95475758249657,49.29743194580078,129100
2007-08-21,49.30694424268321,49.454486798129274,49.24507390078757,49.39737319946289,104000
2007-08-22,49.39736838851912,49.54490729849427,49.28790157617858,49.497314453125,102600
2007-08-23,49.46401218524221,49.61631150937942,49.34026784966125,49.52112579345703,88600
2007-08-24,49.66858028221739,49.66858028221739,49.38777672487224,49.6305046081543,231600
2007-08-27,49.71148407283741,49.763837292074015,49.497314453125,49.497314453125,82200
2007-08-28,49.716253526439516,49.92090606689453,49.59726957573549,49.92090606689453,145100
2007-08-29,50.04464290171054,50.04464290171054,49.69245147705078,49.69245147705078,63100
2007-08-30,49.83044126298937,49.878037713919916,49.701940286335315,49.839962005615234,155200
2007-08-31,49.64010814141342,50.12556108661199,49.44497270967825,50.07320785522461,290200
2007-09-04,50.01004145809211,50.01482401153957,49.809217989531874,49.96222686767578,148500
2007-09-05,49.990945511673765,50.16785995646578,49.756647690591365,50.15829849243164,69600
2007-09-06,50.12003214669685,50.12481470146566,49.95746176476163,50.04352951049805,106600
2007-09-07,50.019667304996034,50.35437349237103,50.019667304996034,50.316123962402344,102300
2007-09-10,50.253940025407765,50.526487417358965,50.15831076957384,50.46432876586914,118800
2007-09-11,50.253934607041835,50.41172614537483,50.167866826862195,50.17264938354492,98500
2007-09-12,50.15346698469982,50.19172009954265,49.957426155161485,49.96698760986328,94800
2007-09-13,49.98133899836954,50.01002701473009,49.8235476123498,49.89527130126953,134300
2007-09-14,50.02920258118848,50.139179498329305,49.82837897391072,50.03398513793945,83300
2007-09-17,49.727974444591375,50.033992457023984,49.727974444591375,50.01486587524414,70700
2007-09-18,49.967034993853915,50.1869851407533,49.77577288628276,50.1343879699707,78200
2007-09-19,49.93354285981219,50.072207736787696,49.78053396935986,49.85703659057617,141100
2007-09-20,49.680148503672804,50.05310764341353,49.63233388412018,49.76621627807617,113700
2007-09-21,49.84749078683302,50.115255517218166,49.77576704890247,50.0004997253418,103300
2007-09-24,50.12959953121684,50.24913787841797,49.880961374167654,50.24913787841797,64100
2007-09-25,50.17742311117063,50.36868156856384,50.163079091668266,50.220455169677734,78400
2007-09-26,50.38780057621408,50.397365686459906,50.091347822965815,50.34476852416992,111700
2007-09-27,50.3447733219715,50.51690884259384,50.12960209718306,50.473873138427734,65600
2007-09-28,50.603022967429354,50.6125844393263,50.301783706322226,50.44044876098633,95800
2007-10-01,50.83092843692348,50.83092843692348,50.08638020002939,50.115203857421875,1038900
2007-10-02,49.99030718082524,50.26891263662315,49.99030718082524,50.06716537475586,187300
2007-10-03,50.27854348876637,50.35059716579148,50.071991569188924,50.29295349121094,253900
2007-10-04,50.34574639913162,50.69160079956055,50.34574639913162,50.69160079956055,768400
2007-10-05,50.39383521413866,50.566758923292504,50.24972784757413,50.48509979248047,75200
2007-10-08,50.20171082284598,50.68686488588722,50.20171082284598,50.66284942626953,78100
2007-10-09,50.5331056519829,50.65319383429731,50.41782202310521,50.44184112548828,70200
2007-10-10,50.54274000460132,50.686843696477105,50.40824175959633,50.61959457397461,69200
2007-10-11,50.561932066386866,50.739660240436464,50.40341477753126,50.725250244140625,138700
2007-10-12,50.68201931380781,50.68201931380781,50.32655564271016,50.4466438293457,149400
2007-10-15,50.59074595026836,50.60515594482422,50.38899869688572,50.60515594482422,101700
2007-10-16,50.63876172922841,50.73002988067462,50.48985362090997,50.69160079956055,123700
2007-10-17,50.7972988557563,51.032670656461576,50.60035248643125,50.93179702758789,65900
2007-10-18,51.03264969414844,51.037454245397555,50.85011705946894,50.936580657958984,96800
2007-10-19,51.06147272094522,51.26802444458008,50.86452643489392,51.26802444458008,97700
2007-10-22,51.08068359611234,51.26802444458008,51.08068359611234,51.26802444458008,73100
2007-10-23,51.01825503981559,51.2296113807186,50.94620140861685,50.965415954589844,157500
2007-10-24,51.22482508051687,51.39775239109156,51.123951426815175,51.27766418457031,114900
2007-10-25,51.3544856445326,51.3544856445326,51.15753936767578,51.15753936767578,51400
2007-10-26,51.085514103352665,51.28726137830217,50.98944501951022,51.07590866088867,73500
2007-10-29,50.94140137639737,51.2055931421639,50.94140137639737,51.195987701416016,84200
2007-10-30,51.167169710528796,51.20079425406645,51.03267153637816,51.19118881225586,55400
2007-10-31,51.10474911948125,51.24405191220113,50.85976809333234,50.92701721191406,101100
2007-11-01,50.80925611475065,51.31589889526367,50.80925611475065,51.31589889526367,70300
2007-11-02,51.0987688983966,51.368978392428154,50.95883793003647,50.997440338134766,132300
2007-11-05,51.257998895021096,51.257998895021096,51.07463930500152,51.12289047241211,60300
2007-11-06,50.86235017213239,51.04087991844274,50.80927276611328,50.80927276611328,82700
2007-11-07,50.925092515418584,50.978169938294386,50.74173648814885,50.7755126953125,93000
2007-11-08,50.92986910760452,50.95399284273783,50.76581077459426,50.85749053955078,174600
2007-11-09,51.00228898882254,51.09879505847466,50.81410675466359,51.084320068359375,42700
2007-11-12,50.6017958402322,51.069836427513785,50.6017958402322,51.06501388549805,89900
2007-11-13,51.03123115431623,51.03123115431623,50.6741642990369,50.80927276611328,112500
2007-11-14,50.77066980880394,50.838222200961454,50.59213638305664,50.59213638305664,102700
2007-11-15,50.794805016200506,50.89613730862135,50.66935264894345,50.78515625,88900
2007-11-16,50.72239133925152,50.93952338561604,50.72239133925152,50.78994369506836,72100
2007-11-19,50.92988168844723,51.257994754192275,50.80925193900167,51.180789947509766,73000
2007-11-20,51.08909753973047,51.098749978845305,50.85749053955078,50.85749053955078,77800
2007-11-21,51.142190501678385,51.29177390294407,51.045688169072406,51.214569091796875,269500
2007-11-23,51.09394034264969,51.16149271307122,50.95883560180664,50.95883560180664,49800
2007-11-26,51.1759730749004,51.86597551502251,51.02639333628958,51.80324935913086,142400
2007-11-27,51.11327384697333,51.508939558624775,51.11327384697333,51.35935974121094,280100
2007-11-28,51.17113907339317,51.53302830677975,50.98777950576095,51.002254486083984,152400
2007-11-29,51.37382305235227,51.50892784785851,51.13738966021635,51.195289611816406,134400
2007-11-30,50.929932333561474,51.44622802734375,50.770700022432834,51.44622802734375,1046100
2007-12-03,51.97293492866228,51.97293492866228,51.36234276981583,51.464107513427734,97900
2007-12-04,51.425376595230226,51.75005532934605,51.29938048304442,51.488372802734375,72800
2007-12-05,51.10550625301582,51.36718860086993,51.10550625301582,51.294498443603516,143900
2007-12-06,51.183083047993534,51.183083047993534,50.90686319418878,50.91655349731445,88500
2007-12-07,50.92139992363279,50.92139992363279,50.46103104102753,50.48041534423828,106800
2007-12-10,50.63061086071079,50.66937574552355,50.35923448396863,50.514305114746094,118000
2007-12-11,50.713015625707094,51.17338074159929,50.42225851581848,51.0037727355957,101100
2007-12-12,50.20902536682886,50.98437874488885,50.20902536682886,50.84384536743164,125700
2007-12-13,50.460999424789094,50.746913096536765,50.4028502487679,50.55307388305664,126700
2007-12-14,50.330187500730624,50.51433282040996,49.98127746582031,49.98127746582031,328500
2007-12-17,50.23809380911297,50.54339182167158,50.23809380911297,50.46585464477539,112400
2007-12-18,50.75661226732598,50.83414944514415,50.48523953931465,50.62092590332031,119100
2007-12-19,51.047392782743955,51.139467299483385,50.620949200015204,51.01831817626953,131400
2007-12-20,51.03281576903034,51.16850208989898,50.77113342285156,50.77113342285156,162800
2007-12-21,51.0328151717856,51.0328151717856,50.61121892218848,50.717830657958984,123200
2007-12-24,50.64029662321802,50.68390850116811,50.45615142102574,50.460994720458984,61700
2007-12-26,50.519155860921764,50.717842085474786,50.412544101129974,50.47554397583008,78900
2007-12-27,50.85277192885828,50.85277192885828,50.48769507903543,50.77488708496094,139400
2007-12-28,50.882001946889126,51.31522639160031,50.882001946889126,50.935546875,177600
2007-12-31,51.11077136790886,51.383360960136216,51.013419003186144,51.03288650512695,93900
2008-01-02,51.40770769572865,51.70463727521863,51.13998308676057,51.63648986816406,728300
2008-01-03,51.2859890793723,51.61699219272828,51.2859890793723,51.466094970703125,151300
2008-01-04,51.73874341413671,51.894509544163085,51.62191974505629,51.88964080810547,135900
2008-01-07,51.86528216581475,51.94316334032898,51.71924985718622,51.82633972167969,148300
2008-01-08,51.860368763710866,51.89444244454188,51.59264433307244,51.728939056396484,127100
2008-01-09,51.54397948058039,51.84090892740572,51.529377001843656,51.621864318847656,146200
2008-01-10,51.62677822576789,51.680323174344586,51.397995938896024,51.471012115478516,388300
2008-01-11,51.47587551437168,51.86042387166648,51.47587551437168,51.845821380615234,98800
2008-01-14,51.6510744524849,51.870119082994314,51.10102665367543,51.6316032409668,335000
2008-01-15,51.79713325329735,51.98210428697645,51.63162972736908,51.909088134765625,159800
2008-01-16,51.899335595633204,52.13298274163103,51.65108225347538,51.8311882019043,173400
2008-01-17,51.69979321767294,52.074607849121094,51.626777042763585,52.074607849121094,152700
2008-01-18,51.70949922522082,52.41531315445297,51.70949922522082,51.98695755004883,195800
2008-01-22,52.07457505159596,52.21573486342357,51.675424422408376,52.09891128540039,267100
2008-01-23,52.48348464171009,52.697664399094826,51.97724394210022,52.167083740234375,440200
2008-01-24,52.06968470417377,52.08428718114556,51.72407913208008,51.72407913208008,244400
2008-01-25,51.55372457149821,52.32768576910914,51.514782146601625,52.283878326416016,159700
2008-01-28,52.21085430644049,52.40069395688794,51.86524869373478,52.269264221191406,272100
2008-01-29,52.24981473258898,52.24981473258898,51.96262262899833,52.18166732788086,152000
2008-01-30,51.89934640347489,52.210878472183644,51.89934640347489,52.17193603515625,147200
2008-01-31,52.27904460570402,52.37639701938754,52.055131083226705,52.342323303222656,162900
2008-02-01,52.652354087706776,52.65724529256789,52.32471424903909,52.5643310546875,188500
2008-02-04,52.39317991437986,52.49587283837939,52.32471796504684,52.42251968383789,155800
2008-02-05,52.75991278905726,52.75991278905726,52.43716431075391,52.60342788696289,212400
2008-02-06,52.544759652466055,52.55943326416921,52.2317897589164,52.3198127746582,215000
2008-02-07,52.324678270184876,52.35401801738501,51.59115474303275,51.718299865722656,206400
2008-02-08,51.95795007892428,52.02152081589828,51.74767304936903,51.9139404296875,210000
2008-02-11,52.15350909785031,52.3099939244471,51.879657853136514,52.070377349853516,146100
2008-02-12,52.060644866460926,52.060644866460926,51.70366526236296,51.997074127197266,270400
2008-02-13,51.82591565297044,51.93838724004746,51.468932342869884,51.47382354736328,200500
2008-02-14,51.596065011418595,51.649857055092966,51.21952070569801,51.36133575439453,172700
2008-02-15,51.62053655640982,51.62053655640982,51.341797538180074,51.527626037597656,179400
2008-02-19,51.2879880405165,51.449364188568694,50.95545706766442,51.0190315246582,220800
2008-02-20,51.014148893062064,51.15596398055358,50.857663922536254,51.13151168823242,151000
2008-02-21,51.268428597466354,51.52761017576992,51.151065818259866,51.48359680175781,264600
2008-02-22,51.459149983079264,51.53739059489645,51.09238802112817,51.283103942871094,276800
2008-02-25,51.27332837976012,51.30755935154303,50.955467224121094,50.955467224121094,194200
2008-02-26,51.14126733786887,51.322200775146484,50.955438967613105,51.322200775146484,235600
2008-02-27,51.34173915805409,51.459105570829124,51.01409965023165,51.273277282714844,286900
2008-02-28,51.51782856575079,51.67920472146887,51.351564936874375,51.64497375488281,214400
2008-02-29,51.83568281071837,51.97260665893555,51.5960660763383,51.97260665893555,211800
2008-03-03,52.15332951092345,52.236816974900556,51.71626328901501,51.97163009643555,571400
2008-03-04,51.97160401985275,52.0649077613708,51.49525025939799,51.66712951660156,335900
2008-03-05,51.6033655271514,51.6033655271514,51.17611896301754,51.303802490234375,391400
2008-03-06,51.387243715545004,51.495283245475534,51.1662564928247,51.235008239746094,151600
2008-03-07,51.112205893142246,51.485428366505666,50.915770843290105,51.12693786621094,317200
2008-03-10,51.32341984875526,51.32341984875526,50.93546130086757,51.11716079711914,139400
2008-03-11,51.07293144985408,51.07293144985408,50.532737731933594,50.532737731933594,149700
2008-03-12,50.748800124367655,51.19568995983689,50.46888139387919,51.14167022705078,523400
2008-03-13,51.1122502373829,51.1122502373829,50.48366052985039,50.586788177490234,402100
2008-03-14,50.84706242933849,51.01894183929067,50.439460009530386,50.55731964111328,96200
2008-03-17,51.07294955153877,51.56403560491895,50.81758645232434,50.96982192993164,175400
2008-03-18,50.827379901655924,51.14167451145775,50.60148088502881,50.876487731933594,103700
2008-03-19,51.13186044852292,51.28900777187774,51.009088985067976,51.09748458862305,187400
2008-03-20,51.171137719469705,51.44123640211753,51.068010153373415,51.36757278442383,118100
2008-03-24,51.32344042721377,51.56407171279977,51.072985315535014,51.2694206237793,107100
2008-03-25,51.122048625873305,51.55420667649354,51.122048625873305,51.500186920166016,95300
2008-03-26,51.4658025705688,51.647501951282,51.382315122110526,51.56401824951172,140500
2008-03-27,51.33320522552439,51.460888600383825,51.1023942679012,51.24972152709961,126900
2008-03-28,51.35771765014676,51.588528412868776,51.11217492328244,51.52468490600586,119900
2008-03-31,51.686794870232845,51.9077820432117,51.564023385980505,51.66223907470703,435100
2008-04-01,51.91046530041787,51.91046530041787,51.33801232529955,51.5798225402832,395100
2008-04-02,51.875928905460746,51.875928905460746,51.569962223929956,51.66865921020508,261400
2008-04-03,51.79693505311688,51.80680700443626,51.569929118372656,51.693302154541016,143700
2008-04-04,52.181910097662694,52.32502341341842,51.96970811430765,52.32008743286133,308700
2008-04-07,52.236159242022126,52.42368872579622,52.01408921287093,52.3792724609375,302900
2008-04-08,52.47798376791194,52.48291974647902,51.94501479917063,52.1917610168457,168100
2008-04-09,52.246057574036506,52.37929890578757,52.00917949364094,52.038787841796875,150000
2008-04-10,52.083202600758,52.132551101252936,51.83645633323406,52.088138580322266,126600
2008-04-11,52.22135922478285,52.334864119509504,51.93513276420935,52.13746643066406,176800
2008-04-14,52.181860239761384,52.181860239761384,51.76732863023561,51.81667709350586,115500
2008-04-15,51.806868835546275,51.86114957240144,51.555186487168875,51.708168029785156,90200
2008-04-16,51.73772455705166,51.7920090045743,51.352801212834486,51.41202163696289,111400
2008-04-17,51.60452763441925,51.61933181190555,51.23934411790638,51.54530715942383,139800
2008-04-18,51.48605519448574,51.77721385914647,51.219568887057754,51.772281646728516,118200
2008-04-21,51.73777170387103,51.83153651959053,51.48609314333517,51.604530334472656,164600
2008-04-22,51.52061705367902,51.79203566596544,51.491004943847656,51.491004943847656,298500
2008-04-23,51.713089907802306,51.84139903777307,51.57984479762697,51.6489372253418,455600
2008-04-24,51.65878312928495,51.77228803471293,51.40710095815202,51.5798225402832,238600
2008-04-25,51.619334512733545,51.67361900972373,51.436744627448746,51.604530334472656,120100
2008-04-28,51.644017971973526,51.85128402709961,51.60453764764923,51.85128402709961,178400
2008-04-29,51.989407743805174,52.18186941995079,51.84136232794927,52.01408386230469,226700
2008-04-30,52.08314024464488,52.30521011352539,51.935091155361384,52.30521011352539,196500
2008-05-01,52.66364736586802,52.68347413395879,52.440602842593265,52.61408233642578,221300
2008-05-02,52.044045710433785,52.797443565400016,52.044045710433785,52.30674362182617,236900
2008-05-05,52.34144237022509,52.534748533792026,52.29683500089461,52.38109588623047,129900
2008-05-06,52.53968665713356,52.54959814167039,52.044029235839844,52.044029235839844,143500
2008-05-07,52.16796931502124,52.23240345019792,51.81605282616174,52.182838439941406,401700
2008-05-08,52.30180667937033,52.45546316086748,52.17293838078396,52.415809631347656,139700
2008-05-09,52.49511669038731,52.52981258332498,52.31172195253465,52.415809631347656,225400
2008-05-12,52.728042603445644,52.728042603445644,52.33647273123127,52.366214752197266,205100
2008-05-13,52.19276591635022,52.291895960045075,52.0093711757891,52.068851470947266,276300
2008-05-14,52.187755907487436,52.21749413443881,51.90027377507429,52.09853744506836,324000
2008-05-15,52.113462993459514,52.445552825927734,52.07380946020595,52.445552825927734,243800
2008-05-16,52.30178738475584,52.65866145564271,52.26213765143188,52.376136779785156,155300
2008-05-19,52.500077065425636,52.53973059987006,52.26711727752608,52.386077880859375,206100
2008-05-20,52.500067633579896,52.54963265194629,52.30180377854581,52.4058952331543,159600
2008-05-21,52.32164345752194,52.41581966276293,52.113468060055006,52.17790222167969,184600
2008-05-22,51.97962142176938,52.04405555776216,51.439352592897286,51.60292053222656,219600
2008-05-23,51.72685545271354,51.85572755734685,51.588071854602006,51.84085464477539,129500
2008-05-27,51.706990010737215,51.79620851158922,51.483945649390506,51.5285530090332,150300
2008-05-28,51.4343856899736,51.48395447349459,51.16673392310996,51.19647216796875,151200
2008-05-29,51.13204888062659,51.13204888062659,50.88917389091347,50.94865417480469,159000
2008-05-30,51.18653225808586,51.24601250073766,51.0675755543477,51.15183639526367,171900
2008-06-02,51.05380245172177,51.54178546530408,50.93429788065375,51.32767105102539,151900
2008-06-03,51.5069030851332,51.586571491518995,51.088631604923286,51.52682113647461,149300
2008-06-04,51.70606519268691,51.70606519268691,51.29277806042482,51.367469787597656,127600
2008-06-05,51.16328193300498,51.29274726243703,51.088590250679694,51.093570709228516,118700
2008-06-06,51.30275956416477,51.591565687021415,51.30275956416477,51.34757614135742,118900
2008-06-09,51.35751187290056,51.48199682582091,51.148378063749405,51.302738189697266,124200
2008-06-10,51.287859528878194,51.36753181379443,50.91440424104656,51.00901412963867,135900
2008-06-11,51.0338493187949,51.208127489956986,50.75002378319401,50.989036560058594,230800
2008-06-12,50.57576522367931,50.88946605341411,50.55086670429594,50.55584716796875,189800
2008-06-13,50.66535534244953,50.78984024501083,50.24708789335287,50.291900634765625,215900
2008-06-16,50.61562887175174,50.61562887175174,50.326822605299036,50.47122573852539,123500
2008-06-17,50.71518936134983,50.764982602654456,50.52597352479995,50.635520935058594,271500
2008-06-18,50.80478217052929,50.91432950198865,50.675316797079326,50.88943099975586,300100
2008-06-19,50.755018580095296,50.84464792186187,50.48613055479558,50.625553131103516,98000
2008-06-20,50.74010546241466,50.82475438186057,50.54092862920266,50.65545654296875,74000
2008-06-23,50.63054047123389,50.799838251465765,50.50107500465724,50.635520935058594,128800
2008-06-24,50.700261691750825,50.80482865865029,50.5210029487856,50.60565185546875,153200
2008-06-25,50.70025863686554,50.84466171549678,50.247135140936976,50.645484924316406,228400
2008-06-26,51.00894139392009,51.03881655867165,50.630506178161404,50.685279846191406,342300
2008-06-27,50.76000593781055,50.79486158662186,50.52597352479995,50.635520935058594,203700
2008-06-30,50.77495271984377,50.80980837496346,50.491127014160156,50.491127014160156,97700
2008-07-01,50.82811765646611,50.87312682870333,50.4280522345411,50.46805953979492,308700
2008-07-02,50.58315789091807,50.69817430243408,50.36812306143975,50.43313217163086,212300
2008-07-03,50.48310409947883,50.55811690656101,50.31307863104841,50.36808776855469,49900
2008-07-07,50.68813543967522,50.693137310560026,50.30807337393212,50.60312271118164,367800
2008-07-08,50.43308749577667,50.88816230992668,50.398082034327366,50.87815856933594,352100
2008-07-09,50.893170005875376,51.043195620683456,50.62313000371664,50.91317367553711,135300
2008-07-10,50.69311881576236,50.95816064631525,50.4580805689526,50.62310791015625,275700
2008-07-11,50.773204343727095,50.773204343727095,50.188110708073864,50.233116149902344,159400
2008-07-14,50.7081295527073,50.733131271800886,50.18804572266874,50.258056640625,207300
2008-07-15,50.05801780777084,50.48308513447147,50.05801780777084,50.248050689697266,145800
2008-07-16,50.25806441676192,50.30807167799531,49.757984173809064,49.85300064086914,264100
2008-07-17,50.088043396075726,50.088043396075726,49.462943037091016,49.68297576904297,195900
2008-07-18,49.4629308180474,49.90800185847189,49.4629308180474,49.59294891357422,175200
2008-07-21,49.537969054278136,49.948034878100636,49.517965378078124,49.647987365722656,217000
2008-07-22,49.67795494773413,50.03301517366882,49.67795494773413,49.96800231933594,713000
2008-07-23,49.89301763174603,49.9830322523938,49.63797938600276,49.79300308227539,232300
2008-07-24,49.95807399188491,50.24311990274011,49.843053726133526,50.233116149902344,92000
2008-07-25,50.02801330441821,50.118027874387444,49.857984087672605,49.96800231933594,148000
2008-07-28,50.05302194138961,50.37807481207732,50.05302194138961,50.258056640625,264700
2008-07-29,50.14808515201153,50.17808876902288,49.98305762782426,50.13308334350586,135000
2008-07-30,50.15805036288165,50.413088542147406,50.023026559449654,50.373085021972656,293100
2008-07-31,50.28311487833326,50.68817901611328,50.28311487833326,50.68817901611328,1078000
2008-08-01,50.68610584061012,50.79160723704589,50.29424241586869,50.505245208740234,109800
2008-08-04,50.49019980605524,50.61077234431146,50.30431410850582,50.51029586791992,244200
2008-08-05,50.294289654818385,50.470125480698606,50.289264678955085,50.28926467895508,113300
2008-08-06,50.44000243173566,50.44000243173566,50.25411658359116,50.36464309692383,280700
2008-08-07,50.404796953237536,50.8117316859039,50.34953373856283,50.78158950805664,169800
2008-08-08,50.77155231136881,50.84188663263152,50.605766458639856,50.83184051513672,356000
2008-08-11,50.96243700918564,50.96243700918564,50.3846878085493,50.60071563720703,170000
2008-08-12,50.80167934366767,50.90718078613282,50.61579365955389,50.90718078613281,188800
2008-08-13,50.766520068740924,50.89211759109512,50.4902039863888,50.64092254638672,141400
2008-08-14,50.81674039199791,50.88204970073701,50.52032835063864,50.78659439086914,219100
2008-08-15,50.907189433418026,50.94235658688003,50.70120765390324,50.902164459228516,116600
2008-08-18,50.741422350663406,50.92228317260742,50.741422350663406,50.92228317260742,107900
2008-08-19,50.94733640708573,50.94733640708573,50.74135481012985,50.84183120727539,160300
2008-08-20,50.64592513770547,50.882049006516446,50.55047366207077,50.84688186645508,509200
2008-08-21,50.89715043105183,50.89715043105183,50.5052866845055,50.54547882080078,234600
2008-08-22,50.816785081825394,50.816785081825394,50.279227556276666,50.565589904785156,187300
2008-08-25,50.90215884627256,50.927279881517734,50.761490247935996,50.892112731933594,101700
2008-08-26,50.85190088319386,50.99759439865112,50.69616125729454,50.95237731933594,727400
2008-08-27,50.67610029631763,50.897149375491175,50.60074100056012,50.872032165527344,164600
2008-08-28,50.882049791829765,50.882049791829765,50.660997003500384,50.86195373535156,143900
2008-08-29,51.027725297214644,51.027725297214644,50.274140693731354,50.76145935058594,535000
2008-09-02,50.916430480302914,51.1031607730756,50.63885894379585,50.96185302734375,134200
2008-09-03,51.06278991699219,51.158678973327234,50.92148216050744,51.06278991699219,225200
2008-09-04,50.97698220821683,51.163708612603564,50.83567449127125,51.07791519165039,333900
2008-09-05,51.2394198057607,51.32016928780396,50.97699168981455,51.02745819091797,119600
2008-09-08,51.08295254017237,51.30500967869094,50.88108276427783,51.11323165893555,356400
2008-09-09,51.14857492673127,51.39586345979774,51.00221938869485,51.28988265991211,263600
2008-09-10,50.88111415893801,51.436253497420736,50.87606635258098,51.269710540771484,834400
2008-09-11,50.70447071337124,51.062787896090114,50.689331147253846,50.87101364135742,438100
2008-09-12,50.684272624537385,50.73473911770665,50.32595551758494,50.48240280151367,226600
2008-09-15,50.512702789842336,50.512702789842336,49.488217539026635,50.10896682739258,227400
2008-09-16,49.32165130195512,49.92725683773363,45.869688967048546,46.929500579833984,2894600
2008-09-17,47.00521024665837,47.302969111918614,42.91736255749477,44.779605865478516,993700
2008-09-18,45.087459701178844,46.899236798077965,43.90652736504438,45.39026641845703,800200
2008-09-19,46.71248349429403,47.181829054482826,46.30370001780055,46.808372497558594,818900
2008-09-22,47.403937339730774,47.52001382950597,46.4349660568885,47.085994720458984,862000
2008-09-23,47.25757014696297,47.41401751417911,46.525795980569576,46.60149383544922,311900
2008-09-24,47.25754684076144,47.25754684076144,46.29362407730542,46.480350494384766,207800
2008-09-25,46.369333395006045,46.778120962880244,46.30372732007825,46.68223190307617,365500
2008-09-26,46.27847795967828,46.42988128662109,44.03268632888794,45.420536041259766,513400
2008-09-29,44.6635278346977,45.163152661192186,40.373810472043125,41.282222747802734,787300
2008-09-30,43.3513798899657,45.31455612182617,42.94764024393744,45.31455612182617,905100
2008-10-01,44.957141143742035,45.7784164243093,44.374137301426536,45.7327880859375,639700
2008-10-02,44.76448607682416,45.479296332695206,44.61239681329893,45.068660736083984,340400
2008-10-03,45.702374928903026,45.702374928903026,44.66817764527933,45.048397064208984,273400
2008-10-06,44.91659445783979,45.06868379919408,42.81271253066611,44.52623748779297,380800
2008-10-07,44.61242744528615,46.31581134807509,44.61242744528615,45.35765838623047,581200
2008-10-08,44.34881248511878,45.61621105574319,43.75060020507231,45.033206939697266,524800
2008-10-09,45.57563261864793,45.57563261864793,42.964791978546636,43.83169174194336,353900
2008-10-10,40.556727305258526,44.10544094446865,38.554240441677756,41.418556213378906,905400
2008-10-13,40.33875136829075,44.20684943699527,40.33875136829075,43.69989013671875,481100
2008-10-14,45.87984456445867,46.25499359172693,42.599815278959035,43.01552200317383,610300
2008-10-15,42.48321673498133,44.090277765487734,42.346335474735504,43.01552200317383,238900
2008-10-16,43.64921487768082,44.64792577333327,43.06621064304269,43.46670913696289,221500
2008-10-17,43.598488067819304,44.03954393253822,42.706238856938135,43.09659957885742,494800
2008-10-20,43.67456296083312,44.531321910495066,43.345038502750455,44.40965270996094,945600
2008-10-21,44.50088578708495,45.068681583393655,43.85704919163025,44.85068893432617,1048700
2008-10-22,44.23726040022195,44.79998541560605,43.60356140702288,44.333580017089844,691500
2008-10-23,44.46539286063026,44.96221459960692,44.43497654502888,44.61241149902344,1166100
2008-10-24,43.59850602031345,44.865904451136515,43.59850602031345,44.789859771728516,1777300
2008-10-27,44.60732305156305,44.60732305156305,44.069947728480685,44.50086212158203,975300
2008-10-28,44.53635323797239,44.69351317875392,43.87223809825956,44.20682907104492,732000
2008-10-29,43.80126900662415,45.24103105959721,43.59848458383876,44.952064514160156,1970600
2008-10-30,44.95207998622034,45.14472699467967,44.61241818512651,44.617488861083984,1219400
2008-10-31,44.98756220421569,44.98756220421569,44.15614935394778,44.43497848510742,636300
2008-11-03,44.580179292072366,44.88077520664185,44.42733140823771,44.799259185791016,374200
2008-11-04,44.987766140481035,45.415733949108784,44.83491827335243,45.10494613647461,1376400
2008-11-05,45.16607896556499,46.08315436302432,45.16607896556499,45.981258392333984,654400
2008-11-06,46.33792099308686,46.424536886612636,45.85900503053111,46.29716491699219,2814300
2008-11-07,46.18508386154564,46.455111855548,45.90486393168399,45.971099853515625,2126600
2008-11-10,45.93543786496532,46.19018185342564,45.721449960474224,45.991477966308594,452100
2008-11-11,46.19020745928709,46.67931572182128,46.0067913749509,46.13925552368164,621000
2008-11-12,45.94559339398932,46.18505319558643,45.94559339398932,46.12900924682617,1815700
2008-11-13,46.05770055225117,46.08317261146936,45.59916072840356,45.81314468383789,858300
2008-11-14,45.55330768494036,45.97108754032487,44.325440177443255,45.802955627441406,409400
2008-11-17,46.103564279221665,46.159608265627014,45.85391626792445,46.13413619995117,360300
2008-11-18,45.96598300195418,46.449994784086456,45.96598300195418,46.19015884399414,450300
2008-11-19,46.24622103749478,46.41944896749598,46.01185703920997,46.26150894165039,487200
2008-11-20,46.39905875132742,46.837218617140486,45.67558693087659,45.757102966308594,756600
2008-11-21,46.159584862055645,46.562080611675356,45.80294502673827,46.286956787109375,756500
2008-11-24,46.745538522665754,46.88819458505182,45.85903021563366,46.08320236206055,1088800
2008-11-25,46.480577577671504,46.587569558137425,45.92523380810979,46.30225372314453,1002200
2008-11-26,46.531551930971425,46.531551930971425,45.85902775362388,46.0577278137207,2219400
2008-11-28,46.358311207265004,46.41435519723522,45.904867206295016,45.92524719238281,825200
2008-12-01,46.591903626976084,46.67383433782327,45.839181824420585,46.64310836791992,1636600
2008-12-02,46.7762417364059,47.16028313638734,46.52021413641827,46.99642562866211,949600
2008-12-03,47.262732617674104,47.324176788330085,46.7506770266123,47.32417678833008,739000
2008-12-04,46.98620154744241,47.508496302598154,46.96571886397146,47.370243072509766,1064600
2008-12-05,47.13470177179654,47.32415977209501,46.85819138324645,47.04764938354492,1339700
2008-12-08,47.26273741599082,47.71846662576949,47.10911916040664,47.53412628173828,1697800
2008-12-09,47.616064579740865,47.887453510614435,47.49317228978737,47.85673141479492,1440300
2008-12-10,47.703070444059755,47.969337463378906,47.559691688010744,47.969337463378906,807200
2008-12-11,48.10760108231222,48.19977120639282,47.749163881261296,48.13320541381836,950400
2008-12-12,48.18439979537071,48.40458371622826,47.75427524672154,48.394344329833984,945300
2008-12-15,48.31243190730897,48.399480397975246,48.184418042209224,48.37900161743164,906000
2008-12-16,49.37238693237305,49.39799126825844,48.28171019976848,49.37238693237305,1581500
2008-12-17,49.81275804006499,50.34529622485817,49.66938312621171,50.10462951660156,2113300
2008-12-18,50.60128311366333,51.707323967442754,50.52447406992805,51.31816101074219,2787900
2008-12-19,50.72934145165823,51.241396984190025,50.23264696003459,50.55524444580078,1669000
2008-12-22,51.067297224129454,51.25675526067706,50.69349498660503,51.16458511352539,2562500
2008-12-23,50.92391122007125,51.42572726306048,50.89831079243963,51.33355712890625,1677900
2008-12-24,51.03147253323583,52.101667062560125,51.005868185768534,51.46159744262695,886300
2008-12-26,51.25674226136102,51.67662751263668,51.25674226136102,51.55885696411133,515500
2008-12-29,51.518784110226186,51.93015041873593,51.46735988893485,51.71932601928711,1503900
2008-12-30,51.508466666799634,52.17179870605469,51.508466666799634,52.17179870605469,1129400
2008-12-31,52.120371601537066,52.320913363479136,51.631873242573434,52.269493103027344,1232800
2009-01-02,52.192392289496276,52.274667894427985,51.673038321935984,51.734745025634766,1095800
2009-01-05,51.49819556298436,52.3157885845078,51.47248346214625,52.08953857421875,2938400
2009-01-06,52.063813978416036,52.38262590596323,51.78099662953426,52.17694091796875,2036600
2009-01-07,52.05871074555131,52.084422859960455,51.54964304981664,51.73990249633789,1675100
2009-01-08,51.729558542918504,52.115216291384264,51.703850380222214,52.11007308959961,1445200
2009-01-09,52.254120638493795,52.7580451965332,52.11528147843919,52.7580451965332,2232600
2009-01-12,52.552319595749765,52.670589755070715,52.24379403302453,52.4854736328125,1053300
2009-01-13,52.25409776876733,52.39293294494041,52.140970776195424,52.37236404418945,1165400
2009-01-14,52.27980349239424,52.42378186775947,51.68846037375861,52.140968322753906,2006000
2009-01-15,52.14095294208597,52.28493127498011,51.88384765531347,52.24379348754883,2086000
2009-01-16,51.91469903432926,52.25921917705673,51.68330584548014,52.24379348754883,1484300
2009-01-20,52.002124777255915,52.1666720383147,51.42621132510823,51.47248840332031,1458600
2009-01-21,51.42620604837157,51.53418980956927,50.958272493399114,51.21537780761719,1845200
2009-01-22,51.25650915123697,51.271934840450946,50.5417567814777,51.025115966796875,1310800
2009-01-23,50.423530855513924,50.85032693934323,50.423530855513924,50.6857795715332,1353600
2009-01-26,50.50064136442292,50.77831566261785,50.042994073819315,50.233253479003906,1641000
2009-01-27,50.50062069938963,51.35935142828459,50.41834904643309,51.179378509521484,1628700
2009-01-28,51.54446402142189,51.935265134769615,51.246224886373874,51.585601806640625,1436500
2009-01-29,51.390238750314715,51.72447269778898,50.953156345553886,50.96858596801758,1098000
2009-01-30,51.163985837391785,51.62677644366012,51.06114522405123,51.32853317260742,1373200
2009-02-02,51.153323420445254,51.46854272725769,51.05514313681278,51.08097839355469,1616700
2009-02-03,51.153316599832756,51.153316599832756,50.7709209454688,50.91044235229492,1799100
2009-02-04,50.90524844073498,51.049938392152285,50.84840539660597,50.93108367919922,4207300
2009-02-05,51.00350054946487,51.00866918144562,50.43507324942487,50.48674774169922,1820400
2009-02-06,50.49705404028996,50.85361452060483,50.3885364903047,50.786434173583984,1855200
2009-02-09,50.69339392713169,50.91042892160863,50.48669224274601,50.879425048828125,872900
2009-02-10,50.72442469872573,51.246341858432416,50.72442469872573,51.12749099731445,1109400
2009-02-11,51.30837221327942,51.49957211726288,51.158513468402106,51.30320358276367,1118500
2009-02-12,51.391018757759724,51.535712725008835,51.220493481461375,51.344512939453125,1050400
2009-02-13,51.18435764448914,51.32904777288886,50.745114685762445,50.95181655883789,1249600
2009-02-17,51.15849374634364,51.38586609126341,50.94145865847026,51.230838775634766,1136200
2009-02-18,51.3445167018936,51.354850014772005,50.9311132216176,50.977622985839844,1288600
2009-02-19,50.579729714710126,50.97246269092399,50.238675138859776,50.559059143066406,1349200
2009-02-20,50.38853581655112,50.46088084890729,49.938959736187584,50.34719467163086,2035700
2009-02-23,50.11465467385528,50.22833690191537,49.91828621832495,50.17666244506836,1171500
2009-02-24,50.31619563798068,50.502226865558896,49.876952830221065,49.99580764770508,1777200
2009-02-25,50.078466234717695,50.0939681725913,49.091467470022266,49.31367111206055,2134700
2009-02-26,49.31370499354731,49.31370499354731,48.99848556518554,48.99848556518555,1365800
2009-02-27,48.99329942736014,49.11732285625572,48.574731196735634,48.657413482666016,1583900
2009-03-02,48.97008979003309,49.07916567203988,48.32602097889117,48.663639068603516,1936200
2009-03-03,48.694818457583374,48.814284822495544,48.22734740783168,48.39875411987305,1375700
2009-03-04,48.419564077888204,48.53383529719262,48.30529285858379,48.38320541381836,1186600
2009-03-05,48.25851401008879,48.642877328015565,48.05074866211952,48.253318786621094,1645100
2009-03-06,48.492218093545695,48.84541778170642,48.20134916075168,48.35717010498047,1349600
2009-03-09,48.242912880733684,48.42990123770806,47.01191082057769,47.02749252319336,2680200
2009-03-10,47.39630066144401,47.78066407229384,47.266447782919506,47.70794677734375,2112800
2009-03-11,47.79104439028864,47.79104439028864,47.266437762680816,47.72351837158203,2179000
2009-03-12,47.64043388224953,47.78067327443492,47.46902709851484,47.68198776245117,1108400
2009-03-13,47.817026869918934,48.15984040111898,47.67678749257073,48.12348175048828,1547000
2009-03-16,47.96244056409895,48.25331360513949,47.86375510557614,48.190982818603516,959300
2009-03-17,48.18057010592507,48.27925551072324,47.90528288348123,48.06110382080078,1909700
2009-03-18,48.07669922302935,49.53624738423738,47.9104877981664,49.08435821533203,1934400
2009-03-19,49.34405734597927,50.751661032629485,48.996052839977814,49.188232421875,4319900
2009-03-20,49.364838003367076,49.64532051031034,48.5909164707303,48.68960189819336,1293200
2009-03-23,48.74676913693212,48.96492101879024,48.64288842065549,48.84026336669922,1631700
2009-03-24,48.60129394334345,48.663624698710166,48.357170104980476,48.35717010498047,1220100
2009-03-25,48.539008620154014,48.57536727078471,48.029987511324244,48.12348175048828,1392700
2009-03-26,48.22215007215818,48.48705098254727,48.01438869274131,48.372779846191406,1486100
2009-03-27,48.55974653034463,48.72595793718512,48.461061108115686,48.52338790893555,1703900
2009-03-30,48.6584175188457,48.67399921315962,48.36235343850817,48.48701095581055,944200
2009-03-31,48.611686915195655,48.897364628633376,48.564941814519955,48.88697814941406,1093000
2009-04-01,48.92306579579685,49.07453087691702,48.70892825681295,48.813385009765625,1401200
2009-04-02,48.959571353355415,49.07970007131919,48.7088738324753,48.82899856567383,1233700
2009-04-03,48.82381379970992,48.91260240314188,48.47909947847787,48.52610778808594,1359400
2009-04-06,48.64102463523732,48.65669673345936,48.42166307736212,48.50000762939453,911600
2009-04-07,48.46863231320913,48.54175277353023,48.30149926322287,48.47907638549805,1245200
2009-04-08,48.698416975086246,48.985678649965365,48.55740014317756,48.964786529541016,1135900
2009-04-09,48.91258332444294,49.434874648815494,48.891691193296055,49.293853759765625,1395000
2009-04-13,49.42964819504003,49.800474538981476,49.26773916755237,49.76913833618164,1581700
2009-04-14,49.8475023290187,49.92062282066838,49.570688469949516,49.89973068237305,1687200
2009-04-15,49.99889057650149,50.28614807128906,49.74296526389865,50.28614807128906,1922400
2009-04-16,50.244444303279195,50.50559007197559,50.16087972937581,50.500370025634766,1764500
2009-04-17,50.49514311948678,50.636160073255745,50.166100904180524,50.43769073486328,1720500
2009-04-20,50.66224963070442,50.66224963070442,49.74301594435101,50.160850524902344,1915300
2009-04-21,50.265322317071586,50.36455895641394,49.972840413452545,50.31755065917969,574500
2009-04-22,50.20790596940147,50.296698597937585,49.998992451074,50.192237854003906,1781700
2009-04-23,50.26532971769102,50.3280061283089,49.931063497264276,50.15042495727539,1302700
2009-04-24,50.16081518775153,50.39062444363597,50.07202669698275,50.26005172729492,1541400
2009-04-27,50.2287773188933,50.322789957118836,49.95718746666859,50.19744110107422,1201600
2009-04-28,50.280969261137116,50.34886966359302,50.009379605609695,50.03549575805664,1468200
2009-04-29,50.33319391598733,50.53166309621683,50.04070819514436,50.27574157714844,1089900
2009-04-30,50.29663613860006,50.34886445332379,50.05637871829389,50.24440383911133,1129800
2009-05-01,50.164646107922934,50.40607413513021,50.09641374954614,50.36933517456055,1183900
2009-05-04,50.43757141866843,50.49005508422852,50.175149086621,50.490055084228516,984400
2009-05-05,50.54254645966815,50.71574216828994,50.38509144719674,50.65276336669922,1009000
2009-05-06,50.73146978319458,50.930909245734426,50.55827014232686,50.87842559814453,1815600
2009-05-07,50.68423528964696,51.014885896719285,50.385074072511266,50.390323638916016,1783000
2009-05-08,50.642270242358364,50.83121467805602,50.500563917709016,50.71050262451172,1313200
2009-05-11,50.836434703140455,50.90991260718232,50.52152882806883,50.86267852783203,1045200
2009-05-12,50.904703241343384,51.11464199193033,50.83647484920829,51.004425048828125,1073900
2009-05-13,51.10410216990732,51.19332475950803,50.87316934576891,50.909908294677734,1615400
2009-05-14,50.99916967075583,51.24584737428348,50.741996832805974,51.025413513183594,1112700
2009-05-15,51.02540315875661,51.05164299161146,50.75248166818431,51.0149040222168,1025900
2009-05-18,51.21958470287645,51.261573233626095,50.867939767403264,50.9414176940918,1259800
2009-05-19,50.8626751805432,51.15133721192631,50.75245432748862,51.146087646484375,1366600
2009-05-20,51.219587533096934,51.508253692643066,51.083130806990496,51.440025329589844,1324200
2009-05-21,51.63421093970187,51.63421093970187,50.752471840718556,50.91517639160156,1540900
2009-05-22,50.78920967584484,50.92042082454204,50.699987055749894,50.84694290161133,1070100
2009-05-26,50.90992004104305,50.93616386956675,50.67374160131395,50.82594299316406,1056100
2009-05-27,50.91517574523686,51.062131592494055,50.37458644814938,50.47430419921875,1422100
2009-05-28,50.684274764784874,50.825981134112745,50.406107592373424,50.66328048706055,1084600
2009-05-29,50.83649771699893,51.482054960452786,50.647553156902575,51.40857696533203,1280400
2009-06-01,51.613226972071786,51.71872397587345,51.222898118753655,51.39168930053711,1234400
2009-06-02,51.51302368876925,51.98774624837259,51.50774783108691,51.771484375,1882900
2009-06-03,51.86113500475141,52.23036442245261,51.81366437574647,52.03520202636719,1156300
2009-06-04,52.10901261032812,52.10901261032812,51.69758467379864,51.808353424072266,1109500
2009-06-05,51.72923536313008,51.760882429912655,51.2703327733008,51.5340690612793,1133900
2009-06-08,51.439128919663986,51.74506400978157,51.42858123779297,51.42858123779297,885000
2009-06-09,51.42859144008941,51.861118919946975,51.349469725322066,51.81892013549805,809500
2009-06-10,51.660701831343836,52.07740594331242,51.50773419345923,51.66597366333008,1526400
2009-06-11,51.876945845344146,52.03518928521134,51.555187135432604,51.845298767089844,948000
2009-06-12,51.96656477590157,52.3463454432716,51.85052426024422,52.23030090332031,854600
2009-06-15,52.21976048554528,52.44129789753207,51.961300171560694,52.24613571166992,809000
2009-06-16,52.40439467331979,52.58900925263133,51.9191209150449,52.21450424194336,1000100
2009-06-17,52.10901807386211,52.41495314438757,52.00879699317012,52.277809143066406,1070900
2009-06-18,52.07209227771233,52.07209227771233,51.534068007630495,51.613189697265625,1363500
2009-06-19,51.62899697166958,52.161745221527156,51.528779952367984,52.003501892089844,1395400
2009-06-22,52.20924033935899,52.37803141239374,52.045721094893395,52.19341278076172,878800
2009-06-23,52.44132385730457,52.61539077758789,52.246161574832186,52.61539077758789,816400
2009-06-24,52.64175955741962,52.89494411558637,52.457140954398696,52.53098678588867,995600
2009-06-25,52.53628377208079,52.96881125521623,52.39386790385836,52.942440032958984,618900
2009-06-26,53.00047740365694,53.01102509069498,52.76311219016413,52.96882629394531,924000
2009-06-29,53.01098766701613,53.03736290243948,52.82637309194043,52.9107666015625,828500
2009-06-30,52.81056115324856,52.97935223384121,52.51517374398881,52.894954681396484,967700
2009-07-01,52.59560472118665,52.871115349700354,52.56381658798686,52.823429107666016,2274400
2009-07-02,52.696245143486394,52.97705095342669,52.680351085147514,52.82870101928711,660700
2009-07-06,52.743918762276145,52.98233766487546,52.6750391362836,52.95584487915039,1346200
2009-07-07,52.77040429974552,52.9929291342831,52.6644412477461,52.74391555786133,1242800
2009-07-08,52.90816951625378,53.24725619751611,52.77571365506593,53.2260627746582,918700
2009-07-09,53.01414501291714,53.24726867675781,53.01414501291714,53.24726867675781,706300
2009-07-10,53.10422855117893,53.45920944213868,53.030049518064956,53.45920944213867,827100
2009-07-13,53.37972031920286,53.50687683379565,53.09891449678712,53.42740249633789,720200
2009-07-14,53.45396001810122,53.45396001810122,53.157259777359855,53.310909271240234,951900
2009-07-15,53.16251269402168,53.27907456481291,52.72805738431259,52.81813049316406,1671600
2009-07-16,52.90290983072797,53.18371582031249,52.88701576222095,53.1837158203125,989700
2009-07-17,53.01947784423828,53.23670758487541,52.87112779806443,53.01947784423828,1502600
2009-07-20,53.23668670654297,53.501598554313475,52.881701758432655,53.23668670654297,884400
2009-07-21,53.35321552802616,54.015494787521185,53.284339940242134,53.98900604248047,1271000
2009-07-22,54.04204462373902,54.12151902722115,53.692358865312094,53.84600830078125,869000
2009-07-23,53.88310375199287,53.9678775394545,53.51222853743994,53.75594711303711,802300
2009-07-24,53.64464246679762,53.90425491333008,53.543974683715575,53.90425491333008,1183200
2009-07-27,53.618180572983114,53.78772407039211,53.56519898796203,53.78242874145508,631300
2009-07-28,53.68700686184001,54.169144060791844,53.68700686184001,53.98900604248047,943100
2009-07-29,54.16915724864499,54.3334052937047,53.90954484754343,54.32810592651367,956100
2009-07-30,54.34404137063341,54.75730339712528,54.12681565716999,54.624847412109375,1118800
2009-07-31,54.67255359624413,55.41960352206293,54.67255359624413,55.345428466796875,1604600
2009-08-03,55.10690755268262,55.33581006266482,54.80347902190282,54.83009719848633,1396500
2009-08-04,55.13355338501643,55.13355338501643,54.45749441112814,54.553314208984375,1103500
2009-08-05,54.579884529283,54.90993113729211,54.43083253255705,54.56391525268555,1383600
2009-08-06,54.79813863097488,54.81943235219546,54.35097860806677,54.414859771728516,996200
2009-08-07,54.2126191298605,54.478784787162716,54.05292217229854,54.404258728027344,945900
2009-08-10,54.542631143324314,54.79815179800636,54.32969794131645,54.57456970214844,909900
2009-08-11,54.90991790137516,54.96315016432257,54.56390210017495,54.856685638427734,595100
2009-08-12,54.83012053546921,54.83012053546921,54.19132463921373,54.37763977050781,1328300
2009-08-13,54.64376867170583,54.973811236319335,54.35098504693979,54.90460968017578,1213800
2009-08-14,54.94188214485145,55.11755234996939,54.867356129594725,54.89397430419922,746500
2009-08-17,54.750232028662424,55.1122172016355,54.61714930420707,54.984458923339844,722800
2009-08-18,54.89927108331524,55.021708947939075,54.686342023491775,54.846038818359375,870300
2009-08-19,55.12286505454533,55.22932960755712,54.97380899442151,55.02172088623047,905800
2009-08-20,55.12289205101091,55.36243944328708,54.96851553058417,55.282588958740234,789200
2009-08-21,55.35712058214307,55.36244503134745,54.968521078883455,55.03239822387695,724100
2009-08-24,55.09624131000906,55.37837600216511,54.97380343120979,55.31449890136719,1031100
2009-08-25,55.44760261216882,55.58068537105591,55.22934493813953,55.410335540771484,1209400
2009-08-26,55.6073031456495,55.782973373668916,55.47954482589164,55.77764892578125,702000
2009-08-27,55.63392955693184,55.67119257493256,55.431641120901354,55.52214050292969,1136200
2009-08-28,55.47421649598019,55.809583584887385,55.431629038586536,55.7989387512207,981900
2009-08-31,55.67118246609025,56.075751141960424,55.5593934323869,56.070430755615234,2122200
2009-09-01,55.89604422912764,56.13672022958481,55.70350179656225,55.7890739440918,1077500
2009-09-02,55.75702959682859,56.227686986794566,55.64471376787656,55.95492172241211,1225400
2009-09-03,55.98699577326074,56.24906597050753,55.86398089998088,56.051177978515625,865400
2009-09-04,56.17951039983356,56.23834303863183,56.05115013359155,56.08858871459961,757200
2009-09-08,56.0725321535438,56.21159146919644,55.890688808881556,55.94417190551758,817900
2009-09-09,55.94955187278782,55.97629547590223,55.799797488549366,55.928157806396484,873800
2009-09-10,56.152767489371186,56.45762567571011,55.644671872306084,56.297176361083984,873700
2009-09-11,56.57532052265137,56.8962234001162,56.42556611853455,56.805301666259766,704700
2009-09-14,56.76251279380712,56.805300931716204,56.420215851537314,56.51648712158203,850700
2009-09-15,56.58065387314226,56.61274292755807,56.43624496727052,56.48438262939453,1052800
2009-09-16,56.77321210336938,56.77321210336938,56.441610153954514,56.66089630126953,1097900
2009-09-17,56.66626412098292,56.94438304779805,56.55929781405591,56.93903350830078,985000
2009-09-18,56.816007742511864,56.901579949480116,56.58067703247071,56.5806770324707,759700
2009-09-21,56.79996201233871,56.84809969661047,56.6288135092099,56.71438980102539,586600
2009-09-22,56.60742229706222,56.864147104980795,56.559288690860086,56.84810256958008,815300
2009-09-23,56.77321161217461,56.906921482160655,56.612758135990795,56.87482833862305,980900
2009-09-24,56.76249483863232,57.045963102236925,56.76249483863232,56.965736389160156,634000
2009-09-25,56.9710686959913,57.19570425686269,56.85340750186719,57.18500518798828,722400
2009-09-28,57.22780884705111,57.329429626464844,57.07805448612579,57.329429626464844,731500
2009-09-29,57.083403566194285,57.23850338127108,56.98713232343957,57.104793548583984,1299100
2009-09-30,57.03525038262961,57.14221658746872,56.88549606365521,57.056644439697266,1447400
2009-10-01,57.02551925492617,57.063124237381714,56.294904654102,56.47218704223633,3051300
2009-10-02,56.6226151218466,56.6226151218466,56.03167784164661,56.10688781738281,3318300
2009-10-05,56.06924348753194,56.40768814086913,56.06924348753194,56.40768814086914,1066700
2009-10-06,56.61728390761555,56.61728390761555,56.257349599157,56.289581298828125,1470300
2009-10-07,56.445311508949,56.676314661562365,56.28951830382512,56.649452209472656,900800
2009-10-08,56.719300682964025,56.75690566183876,56.32713096158303,56.33250427246094,1012500
2009-10-09,56.34322191351091,56.34322191351091,55.73616920872156,55.83824157714844,1497300
2009-10-12,55.66096626919193,56.07999421522706,55.66096626919193,56.031646728515625,687200
2009-10-13,56.08001262601799,56.214316709153124,55.97794021127197,56.13910675048828,803100
2009-10-14,56.00477597346673,56.1766849539963,55.8704719543457,55.8704719543457,1181600
2009-10-15,55.8705028084873,55.98331775501432,55.644872915433275,55.85976028442383,1096300
2009-10-16,55.854385344291806,55.98868943366497,55.74157040105462,55.902732849121094,876200
2009-10-19,56.02091466880504,56.34324362654976,55.9295888821938,56.18745040893555,825100
2009-10-20,56.51514278086486,56.72465677164259,56.47753781069025,56.54737854003906,873400
2009-10-21,56.42916228252946,56.49899887854497,56.26262665430586,56.31097412109375,984600
2009-10-22,56.47753368887972,56.644073486328125,56.31099799006537,56.644073486328125,707200
2009-10-23,56.407714230210395,56.60648574633984,56.32713096158303,56.33250427246094,640500
2009-10-26,56.40768615116547,56.43991780311778,56.06386820156332,56.096099853515625,953700
2009-10-27,56.38083365030656,56.66018834526218,56.16595046789023,56.57960510253906,732600
2009-10-28,56.51518658071907,56.649490735234686,56.042437432333585,56.1982307434082,1114300
2009-10-29,56.41311718572933,56.43997555696211,56.07466809936919,56.26806640625,932500
2009-10-30,56.456035379437296,56.77299499511719,56.37008293868855,56.77299499511719,1419700
2009-11-02,56.845352828285115,56.86154281370146,56.53773075289325,56.6888427734375,983600
2009-11-03,56.67805037814906,56.68344841280227,56.327256358076475,56.42979431152344,810500
2009-11-04,56.40821888152832,56.67266911114267,56.39202889144886,56.65108108520508,760100
2009-11-05,56.61328676316538,56.69424080774087,56.52154076747691,56.6888427734375,705000
2009-11-06,56.6834138889761,56.83992385864258,56.478333989494935,56.83992385864258,693100
2009-11-09,56.872314453125,56.94787043641264,56.80755453458831,56.872314453125,594100
2009-11-10,56.937091000400486,57.028836983482385,56.823757000565216,56.83454895019531,606400
2009-11-11,56.98564361439836,57.20691763068677,56.920883701332045,57.04500961303711,688100
2009-11-12,57.01802768842345,57.16913964223411,56.70500771696314,57.04500961303711,1043100
2009-11-13,57.17450993270948,57.21228790283203,56.96403208238531,57.21228790283203,655800
2009-11-16,57.20690908958067,57.48215103149415,57.12595509284244,57.48215103149414,1141700
2009-11-17,57.368845264790906,57.56852722167969,57.287891228285005,57.56852722167969,587100
2009-11-18,57.42816310896413,57.66562286802534,57.277047112756236,57.37958908081055,718900
2009-11-19,57.385019592955636,57.54692350430388,57.3040655785354,57.44977951049805,855100
2009-11-20,57.49297462585054,57.53615066354465,57.16916257813185,57.179954528808594,628600
2009-11-23,56.99106451076383,57.20154254765565,56.90471655286918,57.179954528808594,1143000
2009-11-24,57.17992534867898,57.498343317310635,57.17992534867898,57.40119934082031,768100
2009-11-25,57.438994339630185,57.6332823501625,57.32026232013902,57.6116943359375,670900
2009-11-27,57.22311492831428,57.60089897865488,57.20692494797685,57.59550094604492,344600
2009-11-30,57.573897421617545,57.88151931762696,57.48215147942855,57.88151931762695,1399900
2009-12-01,57.765558549578536,57.84143716470994,57.59212112426758,57.59212112426758,867400
2009-12-02,57.58124797823771,57.68422781554072,57.45117101300959,57.602928161621094,1171600
2009-12-03,57.55420127690934,57.62465883333318,57.49458175413694,57.58671951293945,543300
2009-12-04,57.45118160800327,57.46744071477122,57.18018546834287,57.348201751708984,1285900
2009-12-07,57.42410460995828,57.42410460995828,57.180209635212364,57.321128845214844,1128000
2009-12-08,57.635463772069876,57.71134650436043,57.54332606617385,57.565006256103516,951700
2009-12-09,57.61380273764948,57.71136155023074,57.20730837440663,57.234405517578125,1547200
2009-12-10,57.08807784147599,57.40785146986451,57.08807784147599,57.28319549560547,1253200
2009-12-11,57.31568323587282,57.31568323587282,56.947128322475635,57.012168884277344,1340800
2009-12-14,57.21274301342704,57.331982058461506,57.09350396839256,57.326560974121094,1017300
2009-12-15,57.13142104819344,57.16393926907189,56.914623260498054,56.91462326049805,884200
2009-12-16,57.001354207961285,57.36448821586901,57.001354207961285,57.13143539428711,962300
2009-12-17,57.25607762854655,57.396996812393674,57.08806130535408,57.37531661987305,1426400
2009-12-18,57.456632950934434,57.55419177799917,57.25609421333605,57.28319549560547,792400
2009-12-21,57.18557220436186,57.25060859237403,56.94167334410488,57.0067138671875,683800
2009-12-22,57.14224841049282,57.14224841049282,56.63819540559513,56.768272399902344,1590500
2009-12-23,56.89836241016411,57.02843942477417,56.82790075365028,56.947139739990234,678000
2009-12-24,56.74657403696112,56.90917332907289,56.665278525977,56.68153762817383,529300
2009-12-28,56.513579121637214,56.724960086807165,56.39976114659266,56.529842376708984,1017600
2009-12-29,56.53796020598877,56.70668432464054,56.49442238244476,56.70124053955078,610100
2009-12-30,56.76111581515559,56.89173760460064,56.64682123034219,56.76655960083008,1405500
2009-12-31,56.61962353281838,56.79378735540962,56.47811412934017,56.6849365234375,499100
2010-01-04,57.02236638808728,57.02236638808728,56.788333404080824,56.98426818847656,2017600
2010-01-05,57.136640178655824,57.39243989149799,57.071327228259015,57.25637435913086,1143800
2010-01-06,57.35983117158552,57.39248559659335,57.049601676829646,57.08769989013672,1005500
2010-01-07,57.13122137989679,57.26728697176951,57.076795973626176,57.15843200683594,1264100
2010-01-08,57.223719243740554,57.28358840942382,57.131195679462934,57.28358840942383,704600
2010-01-11,57.14754438640653,57.354362575991445,57.14754438640653,57.34347915649414,817500
2010-01-12,57.37611609902349,57.50129822328646,57.32169071332293,57.45231246948242,1343100
2010-01-13,57.44149525863108,57.45782247792043,57.147592854236116,57.21290588378906,1090700
2010-01-14,57.397876236153,57.41964721679688,57.1638433847188,57.419647216796875,873200
2010-01-15,57.539412807447526,57.58295478937389,57.38157623725841,57.39790344238281,834300
2010-01-19,57.29447962278586,57.45775994276147,57.15841407360319,57.446876525878906,822100
2010-01-20,57.528524809200675,57.60472120081086,57.38157581177873,57.408790588378906,1112000
2010-01-21,57.55576684394765,57.83878155362108,57.528552054458686,57.56121063232422,1333400
2010-01-22,57.572065585928065,57.58295315729704,57.419672805897,57.474098205566406,1003800
2010-01-25,57.44687635477627,57.490414174567874,57.38156339650236,57.46864318847656,765100
2010-01-26,57.52307979387683,57.5285194267744,57.27815928456605,57.31625747680664,887200
2010-01-27,57.387022435205814,57.387022435205814,56.97338189430295,57.10944747924805,1496100
2010-01-28,57.13118974681919,57.283582460955245,57.016895211217154,57.02777862548828,1158800
2010-01-29,57.14211109513744,57.39791510042103,57.093129469815615,57.39247131347656,1218600
2010-02-01,57.42089483789767,57.43729233148387,57.07653079151573,57.13665771484375,1202800
2010-02-02,57.20225666941997,57.431829939466745,57.20225666941997,57.31704330444336,1950500
2010-02-03,57.30065311453092,57.33891533108329,57.13120258099712,57.25692367553711,1478800
2010-02-04,57.311572695093574,57.33343741051063,57.142126363446444,57.25144577026367,1116700
2010-02-05,57.191317081240626,57.240513731978446,56.96721105309793,57.07653045654297,2204600
2010-02-08,57.13668518045578,57.21867685806813,57.01643127599367,57.13121795654297,1736500
2010-02-09,57.16943100431508,57.22955790482294,56.99998474121094,56.99998474121094,969800
2010-02-10,56.96168394259382,57.021810802351865,56.50800097178804,56.55719757080078,1178000
2010-02-11,56.62829625285094,56.72121813330716,56.486177737274794,56.68842315673828,1045500
2010-02-12,56.75405502319337,56.83604668940894,56.67206335697779,56.75405502319336,707100
2010-02-16,56.63379707436812,56.97815704345703,56.57367013480622,56.97815704345703,1029500
2010-02-17,56.95081417931948,56.96174445167575,56.644712339860256,56.78683090209961,717200
2010-02-18,56.797750868470544,56.885205535834736,56.57364072474104,56.74855422973633,1717100
2010-02-19,56.683000244110154,56.95083999633789,56.66113968948776,56.95083999633789,1827800
2010-02-22,56.91251295160785,56.98357009887695,56.85238606920125,56.98357009887695,585900
2010-02-23,57.02733642387295,57.1421230454463,56.950812009490726,57.12025833129883,1095300
2010-02-24,57.20223188861957,57.39354286411332,57.14757220565943,57.3662109375,924400
2010-02-25,57.459140453795555,57.459140453795555,57.3006244444573,57.306087493896484,572300
2010-02-26,57.388121048387056,57.69968607505332,57.388121048387056,57.68328857421875,804600
2010-03-01,57.74090306321118,57.79579423220712,57.58171574157351,57.75736999511719,598700
2010-03-02,57.65308023371081,57.93852104481718,57.63661329997933,57.87813949584961,625600
2010-03-03,57.74087406348481,57.99886703491211,57.74087406348481,57.99886703491211,746300
2010-03-04,57.94400544526801,58.08123547270597,57.84519965799555,58.026344299316406,492300
2010-03-05,57.97692861478074,57.98790517146932,57.69697825806124,57.95497131347656,786000
2010-03-08,57.95499770877162,58.04831314086913,57.845211152249036,58.04831314086914,966800
2010-03-09,58.02635351889765,58.08673507559839,57.960481587607184,57.9934196472168,722100
2010-03-10,57.90559271135423,58.04831314086913,57.8397249653696,58.04831314086914,688200
2010-03-11,57.95498619270277,58.048301606257844,57.87813771237176,58.026344299316406,480000
2010-03-12,57.976965101549624,58.17457674972358,57.911093156181764,58.14712905883789,819100
2010-03-15,58.16905751960906,58.17454789264866,58.004379831841426,58.13612365722656,497200
2010-03-16,58.18552148882756,58.40509033203125,58.10867302189537,58.40509033203125,635600
2010-03-17,58.50387940159917,58.657576291589336,58.4050736597589,58.6191520690918,983900
2010-03-18,58.5972216634714,58.63015552989,58.50390624999999,58.50390625,497200
2010-03-19,58.45996093749999,58.60268126358169,58.405069792984236,58.4599609375,621500
2010-03-22,58.3940926163466,58.59719447017297,58.3940926163466,58.553279876708984,406000
2010-03-23,58.591721972680574,58.652103510131695,58.51487350463867,58.51487350463867,463300
2010-03-24,58.27334405282049,58.333721394583826,57.960455660102,58.08121871948242,801600
2010-03-25,57.99888068242529,58.070238764279445,57.76833113349909,57.87262725830078,985400
2010-03-26,57.82874421575288,58.04831314086913,57.80678690444836,58.04831314086914,614000
2010-03-29,58.042777435298696,58.070225099975254,57.839679793224505,57.99886703491211,597600
2010-03-30,57.98243628485275,58.07026552261503,57.88363048633446,58.03184127807617,616100
2010-03-31,58.0867204442194,58.191016595509446,58.03731964914161,58.05927276611328,997800
2010-04-01,58.14144428971501,58.23517954755438,58.05322806693758,58.18555450439453,1565600
2010-04-05,57.89883544412776,57.9594859260622,57.58455758618604,57.650718688964844,1417800
2010-04-06,57.8381649029287,57.97049126917407,57.74994452104557,57.78853988647461,1175000
2010-04-07,57.854714994464516,58.163477970313274,57.854714994464516,58.080772399902344,1041200
2010-04-08,58.21860195692194,58.2516867024092,57.97048950195313,57.970489501953125,938600
2010-04-09,58.03118749811912,58.11389311971801,57.90988648065177,58.009132385253906,657800
2010-04-12,58.08630959845884,58.22415086670701,58.058743868758214,58.174530029296875,502800
2010-04-13,58.31233441515657,58.40055058361644,58.21308859652733,58.384010314941406,728100
2010-04-14,58.41707097465817,58.44464088412133,58.25166413761192,58.33436965942383,697200
2010-04-15,58.328886490842,58.521863342078426,58.25721057654843,58.43364715576172,766300
2010-04-16,58.5328920571286,58.69829898129103,58.43364621999921,58.57148742675781,1091800
2010-04-19,58.643161817674404,58.643161817674404,58.42261505126953,58.42261505126953,643900
2010-04-20,58.53838212532849,58.56043721545646,58.45567658899318,58.54941177368164,923200
2010-04-21,58.70931961575711,58.84164597607767,58.59352931807508,58.75342559814453,646600
2010-04-22,58.75346215432349,58.85822286665602,58.610110260857866,58.62113571166992,248000
2010-04-23,58.59355149572429,58.654201976864734,58.53290522116458,58.6100959777832,327400
2010-04-26,58.709344934549875,58.7534509359583,58.56047403423093,58.637664794921875,839900
2010-04-27,58.76447849999749,58.957455394857405,58.582527053452075,58.6762580871582,590500
2010-04-28,58.6321451902256,58.91334248502121,58.58252436521611,58.7755012512207,1670600
2010-04-29,58.9188320989935,58.96845290276868,58.79201636727,58.924346923828125,1102600
2010-04-30,58.996020891360146,59.29375832401253,58.92434499716887,59.16694259643555,1031700
2010-05-03,59.19571909193207,59.217863243558554,59.06836698604053,59.18464279174805,495800
2010-05-04,59.278835564718165,59.43940829942007,59.217928519680356,59.25668716430664,844700
2010-05-05,59.25111548792513,59.35078111409953,58.76385943801792,59.001949310302734,1288500
2010-05-06,58.88573262092402,59.029695164361776,56.737387683333004,58.027503967285156,1687800
2010-05-07,58.464864016343114,58.75832697388291,58.04405733923002,58.215702056884766,1758600
2010-05-10,58.35964378633604,58.67525079455885,58.35964378633604,58.58112335205078,1275900
2010-05-11,58.52578683707063,58.66974927833408,58.34306998880726,58.642066955566406,997500
2010-05-12,58.570080071586275,58.71404250412114,58.470414422042715,58.61991500854492,1034900
2010-05-13,58.79708020552183,58.819228590346036,58.531303812003834,58.791542053222656,585100
2010-05-14,58.880140053690276,59.06839924028033,58.675274856498056,58.774940490722656,575700
2010-05-17,58.97979136481274,59.12929189203033,58.691870838292,58.87459182739258,877200
2010-05-18,59.057320838694864,59.190206928649815,58.85245143905264,59.0628547668457,582100
2010-05-19,58.91893214400671,59.245611525653686,58.91893214400671,59.09611511230469,503300
2010-05-20,59.13484475340866,59.2068238468504,58.835847848971,58.96319580078125,1009400
2010-05-21,59.00195346117101,59.05732654300895,58.65312585720646,58.863529205322266,1775500
2010-05-24,58.891210563672246,59.0683934265912,58.88567241110122,59.018558502197266,717800
2010-05-25,58.92444195980753,58.957666657023644,58.669741811142394,58.73618698120117,901500
2010-05-26,58.76940233760654,58.80262280755704,58.55899898729821,58.774940490722656,562000
2010-05-27,58.54240035436107,58.54793428420082,58.34860297624779,58.47041702270508,767600
2010-05-28,58.575657891836975,58.70854410642507,58.3597162089901,58.39293670654297,1042200
2010-06-01,58.40008099750595,58.56689241068106,58.31111802141889,58.344478607177734,782400
2010-06-02,58.34450975722077,58.55024337768555,58.34450975722077,58.55024337768555,521000
2010-06-03,58.533555746812965,58.689248453711926,58.36118698120117,58.36118698120117,1017000
2010-06-04,58.50578816702079,58.750444024569106,58.439062685272674,58.717079162597656,745200
2010-06-07,58.661449901520804,59.01174897563904,58.661449901520804,58.961708068847656,551500
2010-06-08,58.92834746432006,59.089593214331984,58.80601959146177,58.961708068847656,953500
2010-06-09,58.87829257140113,59.067345864220485,58.750407447080875,58.98394012451172,526900
2010-06-10,58.79490601942151,58.91167239624367,58.63921751699198,58.73930358886719,1037200
2010-06-11,58.87832105025793,58.98396865446921,58.72819403992092,58.9561653137207,483100
2010-06-14,58.75595387487296,58.84492111206055,58.62806877415499,58.84492111206055,712900
2010-06-15,58.86718809223681,58.89498718410096,58.672573238221894,58.77265930175781,663100
2010-06-16,58.85049301419495,58.883857857531176,58.68924728053828,58.83381271362305,568000
2010-06-17,59.022861827993644,59.26751328933225,58.93945608886343,59.2230339050293,1487500
2010-06-18,59.23414474417141,59.31198895899875,59.139620232194154,59.217464447021484,726300
2010-06-21,59.12300121098772,59.37877593082213,59.08407906323457,59.367652893066406,686300
2010-06-22,59.295346574787196,59.679010623313104,59.27866626697203,59.656768798828125,657000
2010-06-23,59.57336353608504,59.93478576327179,59.56780201936682,59.906982421875,1105800
2010-06-24,59.929236275133135,59.95703962211042,59.6345394628326,59.66790008544922,743000
2010-06-25,59.67341219260048,59.906944841937786,59.61224827365143,59.76793670654297,485000
2010-06-28,59.99596795677016,60.11829590858756,59.90144335480056,60.09605407714844,772700
2010-06-29,60.19609234096472,60.19609234096472,60.01816207310383,60.06820297241211,1007200
2010-06-30,60.179400207624596,60.30728530883789,60.15159688534794,60.30728530883789,850800
2010-07-01,60.385435909039366,60.552922537522804,60.301690465062535,60.374267578125,1478700
2010-07-02,60.37991858490566,60.41899926742828,60.16776265737574,60.201263427734375,600400
2010-07-06,60.407838344697474,60.63115838346313,60.29618045505238,60.4525032043457,993400
2010-07-07,60.41896566312232,60.59762072092781,60.413381494589245,60.49154281616211,634100
2010-07-08,60.3631679975071,60.379916252301925,60.22359352825049,60.34083557128906,738200
2010-07-09,60.3408194983708,60.36315191864016,60.2179933166261,60.26823806762695,530000
2010-07-12,60.39108033567356,60.441329359532816,60.26267420926335,60.34083557128906,585100
2010-07-13,60.40776405192764,60.46359718755901,60.27377389724685,60.374267578125,709000
2010-07-14,60.42456768387571,60.698132390204435,60.407815173327,60.642303466796875,1880300
2010-07-15,60.642278417963695,60.8097651190045,60.642278417963695,60.74835205078125,1038800
2010-07-16,60.84886605609257,61.061021911383264,60.79303713713788,60.85445022583008,814100
2010-07-19,60.83207049977652,60.93256417953459,60.78740569555734,60.843238830566406,580700
2010-07-20,60.83211317313706,61.06101726073256,60.83211317313706,60.910274505615234,1052100
2010-07-21,60.848881731873725,61.206192016601555,60.8209693949424,61.20619201660156,779400
2010-07-22,61.22292745646591,61.23409153623012,60.95494268791752,61.128013610839844,827300
2010-07-23,61.22294453012985,61.23969278418357,61.06103764181965,61.20619201660156,675800
2010-07-26,61.116846266274045,61.273168931462756,61.04984901284753,61.26200485229492,538000
2010-07-27,61.139169225531255,61.301076034992626,61.055423736572266,61.055423736572266,1108600
2010-07-28,61.183806515488655,61.284300212108995,60.98840328857991,61.273136138916016,777600
2010-07-29,61.22295883690873,61.356949160124316,61.15596154556315,61.295536041259766,513000
2010-07-30,61.42950699325363,61.647242797121336,61.42950699325363,61.58024978637695,796300
2010-08-02,61.60657565727036,61.628992628663596,61.41039080804562,61.44962692260742,764100
2010-08-03,61.60097122192383,61.67944345352603,61.48886497933791,61.60097122192383,1060700
2010-08-04,61.56173129555237,61.62899076052478,61.404786842062585,61.4103889465332,859900
2010-08-05,61.48324771955378,61.59534965809187,61.4271924738699,61.522483825683594,1093400
2010-08-06,61.763512217964774,61.926063036483164,61.69064210279934,61.875614166259766,685700
2010-08-09,61.91482656307279,62.094192177498755,61.825145894066594,62.07737731933594,844400
2010-08-10,61.9933064323926,62.06617652867735,61.86999175536989,61.9989128112793,1260100
2010-08-11,62.01011625048031,62.183879770526055,61.959671673844085,61.99330139160156,934600
2010-08-12,61.95970277571703,62.04938349355854,61.75791581505376,61.77473068237305,1427100
2010-08-13,61.87557181627887,62.09417345932553,61.84754421018067,62.01570129394531,894800
2010-08-16,62.37447189653736,62.76123086815988,62.37447189653736,62.6995735168457,786200
2010-08-17,62.721981821965635,62.76682430029192,62.48095884647946,62.59866714477539,799600
2010-08-18,62.660372465951106,62.77247447119555,62.553872567476716,62.65476608276367,1889200
2010-08-19,62.5482897947689,62.9911001525443,62.54268768588418,62.72205352783203,1439500
2010-08-20,62.69396543865045,62.91817359404584,62.66594209198532,62.8340950012207,1402000
2010-08-23,62.77246257825868,62.97985595272706,62.682781846337605,62.96864318847656,549100
2010-08-24,63.11999771010776,63.22649760888651,62.974261681739584,63.1143913269043,826000
2010-08-25,63.3385669520132,63.3385669520132,63.0022568323298,63.2320671081543,1820000
2010-08-26,63.198450530564195,63.31615888312747,63.10316342750099,63.28813552856445,703600
2010-08-27,63.18163526343296,63.2881351287815,62.67716784390839,62.71640396118164,1642300
2010-08-30,63.03584913153388,63.18158499821293,62.76680290610926,63.12553405761719,1574500
2010-08-31,63.14800687621253,63.3666087166057,63.002270890478364,63.33858108520508,1450700
2010-09-01,63.211437483418244,63.2339431835115,62.70506996262847,62.86260986328125,2395600
2010-09-02,62.71631593730678,62.828840129063266,62.63754814457269,62.78382873535156,1243900
2010-09-03,62.2943476905424,62.53627858127879,62.26621449457557,62.31122589111328,1184800
2010-09-07,62.783837526251624,62.86823282814727,62.45188810932498,62.772586822509766,1128300
2010-09-08,62.72192920877355,62.733179908388344,62.56438936651401,62.64878463745117,556200
2010-09-09,62.55314795928317,62.564398660569275,62.20431612410012,62.32246780395508,967700
2010-09-10,62.176200664910034,62.41813157382109,62.125561766870184,62.36749267578125,1105900
2010-09-13,62.35621636904102,62.620652869335885,62.31120498760326,62.45186233520508,987900
2010-09-14,62.56438930069248,62.78944192544757,62.52500541329948,62.74443054199219,1846500
2010-09-15,62.64313888549805,62.76691800779711,62.564371133584196,62.64313888549805,983200
2010-09-16,62.47441845704165,62.480045957394445,62.28874957812491,62.446285247802734,1382000
2010-09-17,62.643157141382886,62.71067421663698,62.47437089203034,62.64878463745117,2647200
2010-09-20,62.72751998901367,62.783782043049825,62.62624657474077,62.72751998901367,775000
2010-09-21,62.80073218991311,63.28459410251734,62.78947719146695,63.2058219909668,1416600
2010-09-22,63.26771258135407,63.34648040159615,63.115804440179836,63.166439056396484,851200
2010-09-23,63.39710985686262,63.40836056128058,63.16642963731997,63.21144104003906,594200
2010-09-24,63.205788682105165,63.205788682105165,63.020124230828905,63.07075881958008,1064700
2010-09-27,63.31269563011773,63.436474804344414,63.245182838737605,63.397090911865234,770900
2010-09-28,63.3971078997952,63.684050217617006,63.35772399676268,63.5096321105957,595900
2010-09-29,63.53213776646081,63.57152166946556,63.39710785509073,63.4477424621582,751900
2010-09-30,63.442093582819666,63.661518709696004,63.12701819376199,63.62775802612305,1089800
2010-10-01,63.460600056916064,63.562263703363485,61.55158748369193,63.319400787353516,3916600
2010-10-04,63.325040385483824,63.46059045722246,63.325040385483824,63.42105484008789,847300
2010-10-05,63.59046180726174,63.66388814001012,63.47185501096482,63.550926208496094,1236000
2010-10-06,63.895479648293836,64.37556051991666,63.86159320900146,63.9632568359375,1457100
2010-10-07,64.06489586354014,64.09878228982097,63.91804750122781,63.9462890625,713800
2010-10-08,64.10447923227692,64.15530890957463,63.86161627515785,63.88420867919922,1160400
2010-10-11,63.87289663052997,64.04798664705223,63.861602585460574,63.940673828125,460300
2010-10-12,63.98019651257953,64.0988033525937,63.79946166459716,63.84464645385742,748800
2010-10-13,63.782526553299284,63.92372580589146,63.65262134492843,63.810768127441406,996600
2010-10-14,63.73165592564414,63.7937839057758,63.285470336053876,63.2967643737793,1236100
2010-10-15,63.076482873518664,63.240274400484815,62.895748138427734,62.895748138427734,1287700
2010-10-18,63.13864054192723,63.34196775317788,63.12169732583268,63.33066940307617,662600
2010-10-19,63.13865614346964,63.47188429982444,63.1104145702949,63.336334228515625,685300
2010-10-20,63.36457131913771,63.607434180458995,63.20642886228827,63.44928741455078,632700
2010-10-21,63.42106453467972,63.57920702739176,63.279865264892585,63.27986526489258,841200
2010-10-22,63.308129013598304,63.44932834244554,63.25729932356284,63.35896301269531,640000
2010-10-25,63.720408036833454,63.77124201605574,63.56791471728636,63.58485794067383,716400
2010-10-26,63.34763149399146,63.50577395931359,63.24596786499023,63.245967864990234,598800
2010-10-27,63.07088929784126,63.2120885687556,63.06524442952773,63.08218765258789,1751000
2010-10-28,63.25161381805047,63.44929190309646,63.206433333653585,63.336334228515625,1264500
2010-10-29,63.347625071963854,63.53965395779932,63.32503267791405,63.4605827331543,583800
2010-11-01,63.546752841665906,63.82457022775805,63.37098711415976,63.43902587890625,865500
2010-11-02,63.54678327037151,63.762232973367475,63.54678327037151,63.73388671875,555600
2010-11-03,63.84727029417413,64.01169411744804,63.38802038048217,63.52409362792969,932000
2010-11-04,63.83021987901918,64.17607591429893,63.83021987901918,64.12504577636719,990300
2010-11-05,63.994692135352366,64.08540620115647,63.84727691201831,63.920982360839844,455800
2010-11-08,63.98333281765049,64.05704257216874,63.824580001287835,63.954986572265625,432500
2010-11-09,64.01736371195206,64.02303036644223,63.450386813221904,63.47873306274414,1438900
2010-11-10,63.29165931999176,63.46175419962979,62.8267382180993,63.342689514160156,1169900
2010-11-11,63.33134071731217,63.359691302757994,63.05919413007712,63.06486511230469,778500
2010-11-12,62.99112107863152,63.07616846304548,62.605576684885996,62.62258529663086,1351700
2010-11-15,62.40144023963128,62.5261757778003,61.936519622802734,61.936519622802734,1294100
2010-11-16,62.083956096037,62.31074766837503,61.81180534409348,62.26538848876953,2219600
2010-11-17,62.31641864724808,62.5772274414455,62.237037920093734,62.26538848876953,1237000
2010-11-18,62.32778055969424,62.41282797316322,62.07264264497842,62.31077194213867,1001200
2010-11-19,62.40713854213752,62.57156233938327,62.31075352069031,62.52620315551758,676400
2010-11-22,62.65097626872312,62.88343898098469,62.65097626872312,62.87209701538086,759800
2010-11-23,63.02515874676056,63.042167362855444,62.792696124955114,62.906089782714844,749200
2010-11-24,62.616947479887024,62.628285117708316,62.28809974907809,62.39015579223633,644500
2010-11-26,62.46953582763672,62.56024991250036,62.3448001759688,62.46953582763672,233400
2010-11-29,62.548907117689204,62.65096315830505,62.4752016594578,62.531898498535156,494600
2010-11-30,62.70764377136375,62.78702019067117,62.412817689034796,62.43549728393555,1324500
2010-12-01,62.26815164123104,62.359217976588695,62.08032162503916,62.296607971191406,1473400
2010-12-02,62.103094284520935,62.31938064805191,61.99494893151081,62.160011291503906,1011600
2010-12-03,62.28524565769711,62.42184737441575,61.96081386643393,61.98358154296875,1391800
2010-12-06,62.27384682775184,62.41614151000976,62.216925480857405,62.416141510009766,670700
2010-12-07,62.12583446798881,62.23966843158845,61.630647607106944,61.83555221557617,1302200
2010-12-08,61.61356627218208,61.624947930314114,61.03300617273658,61.4371223449707,3831100
2010-12-09,61.5054784076669,61.699001516503166,61.34610899009053,61.58516311645508,1967300
2010-12-10,61.44283941489712,61.60790176030379,61.22655307047919,61.30054473876953,1335200
2010-12-13,61.24933615495721,61.687601957037565,61.22656847994797,61.52823257446289,1670200
2010-12-14,61.272088194173506,61.431457536079314,60.907814171963395,61.15256118774414,1976500
2010-12-15,61.25501125527833,61.368845254562316,60.71998190516844,60.77120590209961,2601900
2010-12-16,60.72568567673465,61.09564841125969,60.52646962892641,61.06719207763672,1892500
2010-12-17,61.11269704812703,61.65341488559973,61.10700404723618,61.62495422363281,1678700
2010-12-20,61.7103831852625,61.835603254069916,61.5054784076669,61.58516311645508,1438200
2010-12-21,61.664855154877834,61.73885120932717,61.43149400640054,61.71608352661133,985200
2010-12-22,61.750222222766745,61.79006457502072,61.585159808431506,61.66484451293945,749800
2010-12-23,61.596516120337355,61.693275451660156,61.52252011433518,61.693275451660156,861300
2010-12-27,61.5452980917161,61.86404115195008,61.45423174771307,61.81281280517578,781400
2010-12-28,61.77166704982752,61.82309808755907,61.26880952799406,61.32023620605469,584800
2010-12-29,61.28024201386732,61.9431038804009,61.24024202948487,61.783103942871094,1031600
2010-12-30,61.69736113435728,61.83450325443742,61.53736126765221,61.8116455078125,562900
2010-12-31,61.85739962604429,62.14311509775812,61.85739962604429,61.965972900390625,914800
2011-01-03,61.84025532140491,62.22311299434057,61.748824280880115,62.205970764160156,2447900
2011-01-04,62.27455352264064,62.39455351183926,62.143122471800645,62.285980224609375,962500
2011-01-05,62.005969637340776,62.04596962689422,61.71453865078173,61.82882308959961,1209200
2011-01-06,61.89743412699325,62.080291956450814,61.828860806068704,61.920291900634766,1089700
2011-01-07,61.863157384343324,62.32029983533032,61.82886853975486,62.234588623046875,1118600
2011-01-10,62.16022479616942,62.40022462048077,62.16022479616942,62.343082427978516,909200
2011-01-11,62.22883297572612,62.383117418058234,62.04597524126808,62.31454849243164,845000
2011-01-12,62.17740100091834,62.297400978659816,62.09740101575735,62.2745475769043,1291600
2011-01-13,62.200244640176244,62.548817793381616,62.15452912770018,62.5431022644043,971000
2011-01-14,62.5087910775324,62.53164882399515,62.223075786252096,62.245933532714844,1629900
2011-01-18,62.17166231760109,62.3316622171186,61.94308916414595,62.21166229248047,1422700
2011-01-19,62.18882379232392,62.26882376684745,62.1031082882854,62.16596603393555,1685300
2011-01-20,62.04596934517264,62.14311155369394,61.543107353444704,61.897396087646484,1699200
2011-01-21,61.81735388999954,62.02878475209244,61.79449614601634,61.98878479003906,1056600
2011-01-24,62.02879937117053,62.18308372983306,61.977368345169744,62.01736831665039,727200
2011-01-25,62.183089131639065,62.38880453417275,61.95451597774939,62.32594680786133,1302200
2011-01-26,62.18879448211508,62.28022111290668,61.97736358642578,61.97736358642578,1647100
2011-01-27,62.00022314434149,62.1659385496388,61.908792151210676,62.080223083496094,1094300
2011-01-28,61.92595581822252,62.29738234120538,61.90880923252728,62.160240173339844,1388100
2011-01-31,62.125926894269355,62.28592674248284,61.965927046055874,61.98878479003906,1849900
2011-02-01,61.93544680006534,62.02150100166581,61.7977627036437,61.90676498413086,989200
2011-02-02,62.027249524779165,62.044459492607665,61.705980743349926,61.78629684448242,1975700
2011-02-03,61.67730404999844,61.82646003484467,61.625669765321206,61.63714599609375,1645800
2011-02-04,61.55679811950621,61.63711418586537,61.31584554353139,61.44779586791992,1367700
2011-02-07,61.34457319723043,61.58552155918719,61.31588699261164,61.51668167114258,1709500
2011-02-08,61.53391394679854,61.65438817144413,61.26427928249093,61.29296112060547,1263200
2011-02-09,61.35606380952908,61.76338703051348,61.2814857823821,61.688804626464844,2124900
2011-02-10,61.49946353563748,61.60846585419713,61.35030753612432,61.384727478027344,690600
2011-02-11,61.585502382802225,61.763348917640656,61.516662516192845,61.72318649291992,817300
2011-02-14,61.57400262168813,61.87805689979469,61.57400262168813,61.76332092285156,785400
2011-02-15,61.78054593184118,61.90102005004883,61.688753626407916,61.90102005004883,621800
2011-02-16,61.89528695316043,62.05591912378937,61.75760286074968,61.82644271850586,1892600
2011-02-17,62.02725447926306,62.07314627150496,61.90104220257374,61.941200256347656,585600
2011-02-18,61.7920297746808,62.032978057861335,61.76334795633962,62.03297805786133,505900
2011-02-22,61.952710635111536,62.3485576805378,61.952710635111536,62.205135345458984,1225300
2011-02-23,62.33131013967667,62.38867816375766,62.101833666453025,62.13051986694336,1293600
2011-02-24,62.29690125537389,62.38869361816125,62.16495520499301,62.19937515258789,718900
2011-02-25,62.365719657255646,62.5091418819417,62.268193594924874,62.4919319152832,722900
2011-02-28,62.49769294507088,62.6583251953125,62.49769294507088,62.6583251953125,718600
2011-03-01,62.452132475811034,62.66524195179479,62.4233323540386,62.659481048583984,1332300
2011-03-02,62.59609122960977,62.676726254839025,62.32538604736328,62.32538604736328,837100
2011-03-03,62.2505255208033,62.29084304222521,62.02589870226977,62.060455322265625,1024200
2011-03-04,62.118043758390904,62.359948858123005,62.100765450450005,62.29659652709961,1385200
2011-03-07,62.05467159239595,62.365694240781494,62.05467159239595,62.14106750488281,451800
2011-03-08,62.15836867510736,62.210207999381396,62.00862039227185,62.060455322265625,745900
2011-03-09,62.14683617691152,62.42905875833955,62.0892403594763,62.38298034667969,1745300
2011-03-10,62.49242943073142,62.68825613259627,62.27932002492538,62.63642120361328,965400
2011-03-11,62.61337970766051,62.780410685421565,62.50970545919779,62.57882308959961,1541500
2011-03-14,62.74582877394508,62.837981183053344,62.607593568865305,62.647911071777344,1095700
2011-03-15,62.79772116929281,62.82076039123105,62.56157683441979,62.6422119140625,1659400
2011-03-16,62.93020175564958,63.35065551289477,62.81500563468448,63.016597747802734,2000100
2011-03-17,62.820751904693665,63.04537879539355,62.76315605476989,62.976261138916016,1117800
2011-03-18,62.74589235638812,63.06267180190607,62.740131451769194,63.016597747802734,693500
2011-03-21,62.837953894210465,62.9877064375409,62.74580152512151,62.81491470336914,870400
2011-03-22,62.68249831719968,62.94744264645855,62.68249831719968,62.9301643371582,463300
2011-03-23,63.01078407297488,63.056862482771216,62.780396418272204,62.88983154296875,537800
2011-03-24,62.83222044346903,62.86102054316985,62.65367212930309,62.682472229003906,516800
2011-03-25,62.705543353210224,62.826495923829576,62.521234046416865,62.59034729003906,420200
2011-03-28,62.492424065907976,62.69977255259992,62.41178903155886,62.61337661743164,573000
2011-03-29,62.43485330423575,62.63068006790153,62.27358317079768,62.30813980102539,625000
2011-03-30,62.31961778326532,62.521209716796875,62.31386127805723,62.521209716796875,754700
2011-03-31,62.55576676866713,62.55576676866713,62.26778331218464,62.319618225097656,832900
2011-04-01,62.313259567386744,62.677561549576254,62.174474078368064,62.61395263671875,2873600
2011-04-04,62.62555142487676,62.82215768104337,62.62555142487676,62.758548736572266,767300
2011-04-05,62.804833969745836,62.804833969745836,62.596659967028984,62.79326629638672,1901800
2011-04-06,62.775905300979,62.78168913637815,62.556168085322525,62.59086227416992,1253300
2011-04-07,62.62552793032658,62.64865443620985,62.452048253801884,62.49831008911133,641400
2011-04-08,62.45205216381487,62.58505384571366,62.394227071943455,62.46361541748047,572200
2011-04-11,62.394237751504626,62.556149801166555,62.394237751504626,62.46940994262695,667500
2011-04-12,62.70073409661291,62.787473981900646,62.59664711662241,62.689170837402344,625100
2011-04-13,62.5908563669702,62.8395083243814,62.5908563669702,62.79903030395508,673700
2011-04-14,62.89155433293772,62.89155433293772,62.602424353636316,62.64290237426758,1076400
2011-04-15,62.874204347192745,63.030332587651685,62.874204347192745,62.97250747680664,662600
2011-04-18,62.92048334371579,63.12287791866829,62.77591831119239,63.059268951416016,822800
2011-04-19,63.140196583382554,63.284761550805435,63.076587644774676,63.192237854003906,467300
2011-04-20,63.26742274312892,63.27898600085655,63.1517681069863,63.221160888671875,515400
2011-04-21,63.2500426180484,63.43508554037085,63.18065427953452,63.27895736694336,624800
2011-04-25,63.267448614207495,63.3830988858681,63.2269661661737,63.342620849609375,687000
2011-04-26,63.388837441801776,63.65483640602753,63.383053608817846,63.637489318847656,953600
2011-04-27,63.52181616399366,63.608555986329144,63.42351309083974,63.556514739990234,716100
2011-04-28,63.579636226894294,63.77624676946545,63.5218111538217,63.7588996887207,508700
2011-04-29,63.71844761448754,63.88614348284917,63.70110052668669,63.8803596496582,756000
2011-05-02,63.88438468497686,64.10497432644348,63.83213708924972,64.02951049804688,1771000
2011-05-03,64.04696014751163,64.087595220387,63.90763610146112,64.00051879882812,661300
2011-05-04,64.12242920085126,64.19789307689406,64.03535277225349,64.0934066772461,720600
2011-05-05,64.15147788979758,64.36626146703728,64.15147788979758,64.31401824951172,771600
2011-05-06,64.18050042323645,64.45333792513918,64.09923024337938,64.31401824951172,857100
2011-05-09,64.325613387082,64.43591050699699,64.27917645717882,64.37786102294922,485200
2011-05-10,64.31982569521146,64.3372401013694,64.08762327902262,64.11664581298828,974700
2011-05-11,64.11662428155411,64.302385266345,64.0353541275138,64.22111511230469,538900
2011-05-12,64.18630467635434,64.26176857558563,63.95990854976794,64.07020568847656,595000
2011-05-13,64.22693571797697,64.39528234001673,64.17469250539163,64.26176452636719,1062900
2011-05-16,64.2269427948776,64.48236589492916,64.20372211042813,64.4475326538086,614900
2011-05-17,64.46494931149073,64.63909779564084,64.43011607154666,64.53460693359375,1227800
2011-05-18,64.57526873067033,64.64493081047766,64.36048506849623,64.3720932006836,477800
2011-05-19,64.1978728206111,64.49393081287224,64.14562963727134,64.4823226928711,430800
2011-05-20,64.41269240561067,64.48815629500393,64.31981411319528,64.4359130859375,585600
2011-05-23,64.60422235695462,64.63905114286871,64.37782639073437,64.3952407836914,1200000
2011-05-24,64.35462676297934,64.54619400591368,64.32559981263505,64.47653198242188,590500
2011-05-25,64.56358851042819,64.56358851042819,64.30816559855316,64.34880065917969,675300
2011-05-26,64.49401504569573,64.63333481211762,64.42435737693255,64.62753295898438,1042600
2011-05-27,64.50553503524549,64.69709777832031,64.49972876154953,64.69709777832031,510300
2011-05-31,64.68549316446602,64.77256955906645,64.61002931788667,64.69129943847656,1022400
2011-06-01,64.90402062697072,65.20704063826706,64.8632299845862,65.01473999023438,1467600
2011-06-02,64.82826797351794,64.82826797351794,64.41453304399752,64.42618560791016,1448900
2011-06-03,64.70004158842319,64.82241346672897,64.40867870316804,64.5660171508789,684700
2011-06-06,64.40871074318532,64.55439225828195,64.36209159135112,64.45532989501953,445500
2011-06-07,64.40871198246082,64.70007501826012,64.37374984083597,64.67676544189453,405200
2011-06-08,64.70006348796697,64.82243540769295,64.63013921717858,64.71754455566406,450600
2011-06-09,64.77001798918005,64.82828971998346,64.42620721949824,64.54275512695312,1355700
2011-06-10,64.57768406535924,64.67674640136421,64.40869302084415,64.46696472167969,1379300
2011-06-13,64.44367270732958,64.60683973830164,64.37957693104218,64.53691101074219,908900
2011-06-14,64.3446044921875,64.42036171828185,64.28050427588302,64.3446044921875,690200
2011-06-15,64.30382692921256,64.71173788374297,64.27469329050521,64.70008087158203,1024100
2011-06-16,64.68255040704906,64.73499358418474,64.52521642979791,64.5776596069336,1002000
2011-06-17,64.55439403047971,64.71173256077779,64.54274146512478,64.60101318359375,556100
2011-06-20,64.67679403850642,64.68262254663664,64.4611881420277,64.6126937866211,619400
2011-06-21,64.59516906738281,64.71754098034836,64.47862565860973,64.59516906738281,692800
2011-06-22,64.73507568994033,64.74090419896261,64.50781274241865,64.68263244628906,703200
2011-06-23,64.71757927570765,64.9331895999517,64.68261712155677,64.85160827636719,796100
2011-06-24,64.86323369896459,65.00891520808693,64.79330941992784,64.88654327392578,716900
2011-06-27,64.9098567597034,64.92733783051582,64.63015073501045,64.67676544189453,995100
2011-06-28,64.53111173997354,64.57773091279982,64.17564832740896,64.22809600830078,863400
2011-06-29,64.2105902846849,64.29799564287502,63.98332746169595,64.08238983154297,1041200
2011-06-30,64.19892297704848,64.22223255077665,63.849288262819144,64.17561340332031,1004100
2011-07-01,64.32540836374561,64.32540836374561,63.9919647165825,64.17916107177734,1495800
2011-07-05,64.1850009888532,64.57109145131346,64.1850009888532,64.40729522705078,1116100
2011-07-06,64.45405987796511,64.54765575602171,64.35461286280812,64.54180908203125,1343800
2011-07-07,64.38969420325203,64.60029045361809,64.34874518029802,64.55934143066406,1463800
2011-07-08,64.81676353828634,65.0215087342343,64.64711624361215,64.9747085571289,1044300
2011-07-11,65.14436192790448,65.22626001392241,64.9337655743981,65.191162109375,1397100
2011-07-12,65.37250319117062,65.37250319117062,65.13265562329914,65.24380493164062,694400
2011-07-13,65.31987088613536,65.43101575612117,65.17362364284358,65.4076156616211,1014400
2011-07-14,65.28475945397145,65.3140106838156,64.9747160553121,65.00396728515625,761200
2011-07-15,64.97472430319976,65.15606945454248,64.91622629919678,65.15022277832031,531400
2011-07-18,65.11505582252242,65.13260476000664,64.82841276303019,64.89861297607422,1163600
2011-07-19,64.922051835835,65.26719304752064,64.89280061381324,65.21454620361328,1230200
2011-07-20,65.17947312624388,65.27892018481842,65.00397910460268,65.0624771118164,1019800
2011-07-21,64.96300506591797,65.08585217274855,64.8460046333816,64.96300506591797,931400
2011-07-22,65.12681029002796,65.2438062757688,65.03906106916695,65.22625732421875,1121000
2011-07-25,64.94546075415748,65.1911594653572,64.82846476833726,64.91621398925781,1166900
2011-07-26,64.98638767349937,65.3315333014664,64.98638767349937,65.20283508300781,900200
2011-07-27,65.12099892685976,65.18534809725408,64.9279514156768,65.00984954833984,762400
2011-07-28,65.20286964298951,65.24381869210276,65.10342258987329,65.15022277832031,890200
2011-07-29,65.3432378835873,65.77613274747334,65.2496420097131,65.73518371582031,1680200
2011-08-01,65.90606971068665,66.25251343251097,65.84147858424305,65.92955780029297,2151200
2011-08-02,66.11159735468948,66.49327104290842,65.97067327038717,66.48152923583984,1427300
2011-08-03,66.56958272543338,66.76922472766695,66.44040049815558,66.45801544189453,2093400
2011-08-04,66.5930597854721,67.03931988595797,66.52259554228799,66.93949890136719,2160900
2011-08-05,66.85730440850986,66.89253429624188,65.98826317866879,66.111572265625,2470900
2011-08-08,66.04111596778041,66.04111596778041,65.47741533491377,65.48328399658203,2548400
2011-08-09,65.57731206786377,66.7282027489523,65.50097905898072,66.07054901123047,2109000
2011-08-10,66.45799809379649,66.7868222374721,66.22899492518056,66.66351318359375,1264900
2011-08-11,65.88258371661038,66.52849500159091,65.06639161638427,65.29539489746094,1858300
2011-08-12,65.63008002296004,66.13506267100837,65.48328284573424,66.0411148071289,1962400
2011-08-15,66.07636474069294,66.24077691227801,65.94131380541764,66.16444396972656,1884300
2011-08-16,66.07045407087703,66.53433356574472,66.00586745149155,66.4051513671875,1692300
2011-08-17,66.57541955571361,66.78093908078937,66.34054777829901,66.58716583251953,1050200
2011-08-18,66.89841545488939,66.93951848880076,66.47563883186118,66.67528533935547,1358100
2011-08-19,66.61656222108873,66.71051457189729,66.4580232289676,66.59307861328125,1749300
2011-08-22,66.67529486260548,66.73401285088062,66.29949436177021,66.34646606445312,1464200
2011-08-23,66.03525401440181,66.05874210473759,65.44219205313532,65.5889892578125,2340100
2011-08-24,65.4597997182357,65.54200577969158,64.70819440223364,64.81388854980469,1513600
2011-08-25,65.12513216797988,65.28367122202391,64.98420358672251,65.17210388183594,1480200
2011-08-26,65.26019506376542,65.54204779794553,65.11339779135639,65.20147705078125,1134400
2011-08-29,65.14861171285042,65.45395247325968,65.08989371427822,65.41284942626953,1186200
2011-08-30,65.63011792458855,65.85912577481643,65.56553125081294,65.7593002319336,1420000
2011-08-31,66.02938313336917,66.19966843421446,65.88258592366412,65.95892333984375,1332700
2011-09-01,66.23176595941186,66.33785012364388,65.73081471025944,66.0078125,2821200
2011-09-02,66.4792963168885,66.59716560788989,66.15514902199682,66.41446685791016,1386300
2011-09-06,66.50287134971812,67.16295111739413,66.30838745525358,66.8034439086914,4665100
2011-09-07,66.93313598632812,67.08047493183791,66.75043713275288,66.93313598632812,826700
2011-09-08,67.03329240040725,67.03329240040725,66.68557481841502,66.8741683959961,1397100
2011-09-09,66.83292600615323,67.12760380644805,66.64433239382159,66.94490051269531,1029500
2011-09-12,66.62662747284043,66.90362072429929,66.49107375708421,66.53822326660156,1749500
2011-09-13,66.41449184996866,66.5854055337339,66.3025128338815,66.5264663696289,1536800
2011-09-14,66.4085821592315,66.66200522026648,66.4085821592315,66.49698638916016,954900
2011-09-15,66.25536887591703,66.3791330373826,66.15517948279165,66.26715850830078,1326900
2011-09-16,66.18464906732373,66.49111206289173,66.18464906732373,66.26715850830078,1528700
2011-09-19,66.5971779472299,66.7150472600705,66.55002842352323,66.63253784179688,903300
2011-09-20,66.65613063549564,66.78578961255134,66.59719596313231,66.66202545166016,889200
2011-09-21,66.66202047757305,66.92133841233506,66.44985207575449,66.81525421142578,1006500
2011-09-22,66.99794485489011,67.07455946425326,66.5382482058584,66.94490051269531,1304000
2011-09-23,66.86238630668372,66.90364101591763,66.5323486328125,66.5323486328125,686500
2011-09-26,66.42038498898079,66.60897863141311,66.27304606531717,66.40859985351562,811500
2011-09-27,66.0962370102993,66.33198016945452,66.03140752912094,66.19642639160156,1298700
2011-09-28,66.11397338252175,66.11397338252175,65.8075101615807,65.9312744140625,1238500
2011-09-29,66.06674714758992,66.16693649813533,65.8604736328125,65.8604736328125,864500
2011-09-30,66.20230323863242,66.26123788831863,65.9488801981987,66.19051361083984,1483800
2011-10-03,66.26625007508771,66.36681825116881,66.07103958637276,66.3135757446289,3575400
2011-10-04,66.33725042870995,66.34316726676555,65.51498595476014,65.7338638305664,1753300
2011-10-05,65.81668324158014,66.01781060850976,65.47949567514357,66.0059814453125,4530500
2011-10-06,66.04145684028951,66.14793733518826,65.71018619537077,65.73976135253906,1410900
2011-10-07,65.75157624928967,65.95270350820464,65.63326211473137,65.68058776855469,2117800
2011-10-10,65.68062881268081,65.87584387177573,65.45583858638174,65.80485534667969,953700
2011-10-11,65.9823226928711,66.10654922365063,65.74569879524202,65.9823226928711,2097300
2011-10-12,65.98228396454662,66.18341122588308,65.78706902509221,66.08284759521484,1613100
2011-10-13,66.24261227461858,66.26035827788795,66.05331405103603,66.14204406738281,1494400
2011-10-14,65.74569053921263,66.20710459937315,65.7101985386541,66.10062408447266,1051900
2011-10-17,66.2248236704376,66.2248236704376,66.0355255557255,66.05327606201172,979000
2011-10-18,66.16565195221982,66.42002165199403,66.13607680907792,66.28396606445312,835100
2011-10-19,66.42008202632407,66.5502254114671,66.25444663186057,66.45557403564453,1839700
2011-10-20,66.43192211155599,66.63896637460253,66.295861873996,66.60346984863281,937600
2011-10-21,66.63894530133815,66.85781866167588,66.63302846334321,66.82232666015625,850600
2011-10-24,66.97612236506305,67.16542053222656,66.96428869092667,67.16542053222656,1341200
2011-10-25,67.12994137124826,67.5558589438817,67.10036169347607,67.4967041015625,1546300
2011-10-26,67.56764730944016,67.62088527785855,67.30144392768183,67.44933319091797,1035800
2011-10-27,67.41976926636295,67.81611147462269,67.37836044629435,67.43751525878906,2364200
2011-10-28,67.58542523340188,67.86345790177333,67.46119873517247,67.69782257080078,2102500
2011-10-31,67.81614679061022,67.99952815880852,67.64459458578189,67.85163879394531,1548300
2011-11-01,68.09024787950274,68.26240336990305,67.88841321916232,68.19116973876953,1530900
2011-11-02,68.11397299123331,68.45828386617536,68.03086409439835,68.44047546386719,1871200
2011-11-03,68.36929547886267,68.58300554652796,68.18526912635608,68.47615051269531,1868200
2011-11-04,68.44642256422482,68.6720032397866,68.28020021849444,68.61264038085938,1489300
2011-11-07,68.50578691204399,68.67200473229109,68.30988539714022,68.33956909179688,757000
2011-11-08,68.33367377530585,68.4108450884815,67.89438290266988,67.91812896728516,4358700
2011-11-09,68.0427543569251,68.19709689696063,67.71031416732629,67.73999786376953,1252300
2011-11-10,67.54408307907565,67.59751281636672,67.11666329712838,67.401611328125,1487800
2011-11-11,67.41944426440247,67.42538191050555,67.06920013896878,67.28290557861328,1114200
2011-11-14,67.32448492283807,67.443210706206,67.19981696247392,67.27699279785156,821400
2011-11-15,67.23542360856676,67.4075791271487,67.08701414728206,67.21167755126953,1425200
2011-11-16,67.30075015546616,67.30075015546616,66.93269291869699,66.99799346923828,2641800
2011-11-17,66.92078571020163,67.03951144884667,66.42806528954114,66.46961975097656,4230700
2011-11-18,66.46966777352935,66.60620201870381,66.35687506995923,66.57652282714844,1280400
2011-11-21,66.55867019083978,66.55867019083978,66.23810524293684,66.30340576171875,1355300
2011-11-22,66.1965719019235,66.32123533325992,66.13127136230469,66.13127136230469,1391700
2011-11-23,66.01251262556025,66.01251262556025,65.68601459715063,65.7928695678711,1796600
2011-11-25,65.6622859330755,65.79288699066271,65.4960680521818,65.53168487548828,660100
2011-11-28,65.37730958968154,65.78098335324532,65.18734573206893,65.56134033203125,2416000
2011-11-29,65.53170492605614,65.55545099189183,65.25863196259397,65.41297912597656,1460500
2011-11-30,65.7750554496788,65.83441831068095,65.56134552679433,65.70975494384766,1759300
2011-12-01,65.70742954022994,65.90997065353709,65.59424212694117,65.86231231689453,1661300
2011-12-02,66.03503302778921,66.45203642012247,65.86823348883453,66.42224884033203,1882200
2011-12-05,66.42225746941008,66.91670227050781,66.39246988574988,66.91670227050781,1826300
2011-12-06,66.75584770990378,66.9405225231243,66.52351913209247,66.55926513671875,1166900
2011-12-07,66.81543905992224,67.00010937294526,66.71416399137793,66.97628021240234,1560000
2011-12-08,66.89882964205648,66.92265425437276,66.6962840777919,66.7499008178711,1110300
2011-12-09,66.94648425535192,66.9822302641709,66.42225642379351,66.49374389648438,1018000
2011-12-12,66.66650656828877,66.69628960862741,66.40439036160326,66.49970245361328,574500
2011-12-13,66.52949467941819,66.8928814295071,66.51162394497902,66.72608184814453,1206100
2011-12-14,66.80945799595575,66.89285775712311,66.66052920173603,66.83924102783203,1085400
2011-12-15,66.83927371946427,67.01799017791805,66.83331983714459,66.94650268554688,912600
2011-12-16,67.01793852832014,67.34558360132542,66.98815095988517,67.3217544555664,1464900
2011-12-19,67.39322408867655,67.60768181336945,67.23834148913251,67.56002807617188,1061800
2011-12-20,67.50646222830443,67.66134948947624,67.43497475123729,67.51242065429688,1127900
2011-12-21,67.54216100412462,67.5779069925385,67.22643280029297,67.22643280029297,1159500
2011-12-22,67.4290206891463,67.61369098988972,67.38136237122949,67.57794952392578,1762800
2011-12-23,67.52430247444411,67.52430247444411,67.28601553675304,67.36941528320312,830600
2011-12-27,67.43996102520973,67.63124596587096,67.20683264629739,67.6252670288086,872900
2011-12-28,67.71495945932323,67.84646876283178,67.57747577699668,67.75082397460938,501500
2011-12-29,67.84050383973849,67.84648278038631,67.55955291703194,67.71497344970703,971600
2011-12-30,67.81652057627866,68.0556277815674,67.74479160710547,68.0018310546875,807100
2012-01-03,68.02579449397808,68.14534590817584,67.84646281208734,67.94808197021484,2509400
2012-01-04,67.99585212039287,68.11540344274192,67.81054620257464,68.0018310546875,1641400
2012-01-05,67.96603171559696,68.00190079756156,67.66714854259857,67.70899200439453,1454800
2012-01-06,67.8404679727359,68.03773186446213,67.78069227964727,67.97197723388672,781000
2012-01-09,68.04373698538744,68.10351270147795,67.8703842163086,67.8703842163086,1184400
2012-01-10,67.96597789092814,68.09748711259586,67.91218115147771,68.0616226196289,1946400
2012-01-11,68.07961853937715,68.17526335753227,68.0317961302996,68.04972839355469,2382700
2012-01-12,68.25291575391115,68.37246711862414,68.15129663784589,68.20509338378906,1820800
2012-01-13,68.40838236811526,68.63553193868574,68.3545810252514,68.45022583007812,3220100
2012-01-17,68.6116014391626,68.6773560838374,68.50998228306301,68.659423828125,1689000
2012-01-18,68.74314790436574,68.76705911177797,68.49806144883777,68.52197265625,1643200
2012-01-19,68.6056245913256,68.70126937216541,68.39640733398119,68.5040054321289,1268300
2012-01-20,68.46217490656602,68.50999730601497,68.27088986936523,68.3306655883789,1140300
2012-01-23,68.28881013234069,68.38445491443615,68.22903442382812,68.22903442382812,1129000
2012-01-24,68.28879525018421,68.48605914982078,68.24097743015163,68.47410583496094,1321300
2012-01-25,68.50998855037128,69.05993239196579,68.37847924899118,68.7072525024414,1697600
2012-01-26,69.119701278748,69.26316844459426,69.04797225641886,69.24523162841797,1342800
2012-01-27,69.2870794582578,69.46640657420708,69.19143468127632,69.34685516357422,1148400
2012-01-30,69.57998115971783,69.5859600982174,69.2452290126493,69.25718688964844,1325500
2012-01-31,69.42453894380338,69.56800149871349,69.31096195084534,69.46040344238281,1504000
2012-02-01,69.6229749217433,69.76692189785395,69.4190458442607,69.73693084716797,3195600
2012-02-02,69.74289176501891,69.91682969652653,69.69490794060522,69.88084411621094,2860600
2012-02-03,69.63496081585198,69.80889882321388,69.51500577849478,69.7789077758789,2148400
2012-02-06,69.71891718139966,70.07878680196899,69.71891718139966,69.95883178710938,1141700
2012-02-07,69.83886439485619,69.91083556062046,69.69491291134827,69.82686614990234,1061100
2012-02-08,69.85688765181914,69.96484902353862,69.7669190793876,69.89887237548828,1651200
2012-02-09,69.87489378808212,69.88089291432038,69.56300786358062,69.67696380615234,2439000
2012-02-10,69.68294531213853,69.72493003320488,69.47302170680673,69.61096954345703,1776500
2012-02-13,69.8748677745208,69.89286057054454,69.74891362636373,69.85087585449219,1061300
2012-02-14,69.8868945872244,70.01884792195919,69.81492336900034,69.90489196777344,1972900
2012-02-15,69.96488236755651,70.09083659859152,69.78494513693859,69.8089370727539,1025100
2012-02-16,69.8328812666592,69.8328812666592,69.58696752466889,69.68893432617188,1821400
2012-02-17,69.55099497406208,69.65895634366757,69.47302465334374,69.58098602294922,1858600
2012-02-21,69.67696467666144,69.75493959075541,69.467041015625,69.467041015625,1887500
2012-02-22,69.67695050695609,69.92286429986947,69.53900266175388,69.89887237548828,2834500
2012-02-23,69.84489641884338,70.00684078068875,69.70694855978175,69.99484252929688,1590800
2012-02-24,70.07281242068012,70.16877554498696,69.89287527061609,70.04882049560547,2175100
2012-02-27,70.28273262443288,70.3547083961538,70.15677845591496,70.30672454833984,1160200
2012-02-28,70.47463948044074,70.65457656057406,70.42066110199477,70.52861785888672,2136700
2012-02-29,70.53468034269066,70.69662477548233,70.41472523217354,70.59465789794922,1769800
2012-03-01,70.37975048560142,70.53021172430556,70.2894728240364,70.42789459228516,2300600
2012-03-02,70.43391834642512,70.63854803042935,70.42188346699564,70.45197296142578,1880600
2012-03-05,70.5241867044445,70.60242488969145,70.22928398436203,70.32557678222656,1646400
2012-03-06,70.30755522409893,70.36172367913078,70.11496494611295,70.21727752685547,1682900
2012-03-07,70.22327353665126,70.32558608282329,70.12697613433907,70.18716430664062,1410400
2012-03-08,70.2473598299473,70.3135631573639,70.13300779318888,70.19921112060547,1202400
2012-03-09,70.13301473143933,70.17514370835283,69.97653370645457,70.1631088256836,1659400
2012-03-12,70.265404754303,70.28345936988698,70.01864609675387,70.02466583251953,2027900
2012-03-13,69.97655677155092,70.0547996056901,69.76591181755235,69.83211517333984,2230100
2012-03-14,69.65752698217523,69.65752698217523,68.97142416802477,69.00151824951172,3067800
2012-03-15,69.0436874021142,69.28442641901869,68.78489376249199,68.8510971069336,2035800
2012-03-16,68.73073811070239,68.96545743320299,68.61037087567696,68.95342254638672,3390500
2012-03-19,68.93531673775139,68.98948057578299,68.70661732431972,68.8570785522461,1961200
2012-03-20,68.71867146925293,68.91126171132782,68.64043326181154,68.8149642944336,1825900
2012-03-21,68.95942901300151,69.15201930700368,68.88720593085765,69.12794494628906,2112500
2012-03-22,69.1038809287127,69.11591581501392,68.97147422082166,69.01360321044922,3073000
2012-03-23,69.16404949744047,69.27238181744652,69.06775665283203,69.06775665283203,2235200
2012-03-26,69.22418530784716,69.38066623798237,69.10381818725783,69.21817016601562,1600200
2012-03-27,69.22421103789132,69.7839270809249,69.22421103789132,69.75383758544922,2904800
2012-03-28,69.65153879528218,69.81403495974814,69.52514727749161,69.62144470214844,1666400
2012-03-29,69.73581333342194,69.83812592767053,69.58535201539225,69.7598876953125,1632100
2012-03-30,69.87424531190914,69.92239404267559,69.50110412775828,69.59137725830078,4285000
2012-04-02,69.7103914739142,69.81305662920914,69.54733532183033,69.77078247070312,6107600
2012-04-03,69.75256909509167,69.93374644224731,69.08221936115972,69.10637664794922,2724100
2012-04-04,69.33586709770864,69.44457258941328,69.23320207985748,69.23924255371094,1620100
2012-04-05,69.37815356904478,69.52913318957873,69.20905713125195,69.35399627685547,1646300
2012-04-09,69.84319168172155,69.89754214773984,69.68617154511274,69.80695343017578,1026600
2012-04-10,69.93982356135024,69.93982356135024,69.73449341382525,69.76468658447266,2263600
2012-04-11,69.76465170759525,69.80088994480353,69.44457569203456,69.69218444824219,1311400
2012-04-12,69.81300083593038,69.87339178445596,69.68617846176646,69.722412109375,1400700
2012-04-13,69.87337276709852,70.07870746524061,69.87337276709852,70.05455017089844,1012800
2012-04-16,70.036433352025,70.22968709922961,69.99415923880939,70.05455017089844,2396800
2012-04-17,70.03645892927354,70.15724083756106,69.93982971661593,70.1451644897461,2229300
2012-04-18,70.19345981510811,70.2236529801192,70.08475428449513,70.13306427001953,2663500
2012-04-19,70.29005619501076,70.29609666860297,70.13303613433287,70.18135070800781,1141800
2012-04-20,70.10285523090471,70.21759660401793,70.01226654131794,70.16324615478516,663400
2012-04-23,70.29611758585112,70.30215806124073,70.14513795384008,70.17533111572266,976400
2012-04-24,70.15120790263595,70.18140107720392,70.01834503343983,70.04853820800781,1988800
2012-04-25,69.96394635208338,70.19343829498196,69.90355543304283,70.16928100585938,1709800
2012-04-26,70.20551173945414,70.38064862271872,70.19947126553976,70.28401947021484,1116300
2012-04-27,70.3384041533935,70.4169119172289,70.21761766187727,70.38671875,1601000
2012-04-30,70.46521851578134,70.51353310690396,70.30819839839936,70.34443664550781,1733000
2012-05-01,70.52559810041178,70.59831281405361,70.18627201602565,70.21051025390625,2430700
2012-05-02,70.36805828997355,70.46501125034736,70.32564252555291,70.4407730102539,2046500
2012-05-03,70.44083767564513,70.56202436439138,70.35600606892758,70.4832534790039,1356300
2012-05-04,70.5801404599586,70.64073374761176,70.55590222030303,70.56195831298828,686400
2012-05-07,70.59227423908972,70.71346084353,70.53168093686958,70.68316650390625,787200
2012-05-08,70.74378668228994,70.89527230687729,70.6650158217753,70.85891723632812,1570700
2012-05-09,70.68311546452483,70.88913346790486,70.6346390085639,70.7376480102539,2175700
2012-05-10,70.66499990394315,70.70135496630306,70.47109853306809,70.59228515625,1600000
2012-05-11,70.76192840874495,70.89523643059768,70.74375088266905,70.8043441772461,2977200
2012-05-14,70.93155660323552,71.00427129475486,70.74977680889184,70.8224868774414,1925800
2012-05-15,70.93157816082652,70.93157816082652,70.6649667901664,70.73162078857422,2455300
2012-05-16,70.47715101819252,70.84072011506233,70.42261842744591,70.76800537109375,2700500
2012-05-17,70.52563074537666,70.56198580754004,70.22872028410461,70.24083709716797,2367900
2012-05-18,70.1377874121797,70.14990421823023,69.91964791950502,69.96812438964844,1969000
2012-05-21,69.968165192465,70.08329572045274,69.8348571333157,70.04693603515625,1387000
2012-05-22,69.91361003310254,70.04691805803915,69.81666168413092,69.85907745361328,1728300
2012-05-23,69.9196701481867,70.16810866942659,69.90755333828402,70.02873992919922,1870700
2012-05-24,70.0408706665039,70.07116963174362,69.9439222990883,70.0408706665039,1212900
2012-05-25,70.09539665634358,70.23476540196961,70.04692016891086,70.21658325195312,594000
2012-05-29,70.2771414431596,70.46498194705475,70.25895930342197,70.3195571899414,2514200
2012-05-30,70.58017297852365,70.63470557564497,70.36808943956656,70.38021087646484,1919500
2012-05-31,70.58617525381298,70.89520693745919,70.44075048273189,70.87702941894531,4629800
2012-06-01,70.88678238793445,71.31846686345337,70.72870558368852,71.31238555908203,3800200
2012-06-04,70.98405472950029,71.08133703106853,70.74693491777201,70.77125549316406,2643900
2012-06-05,70.69224270220437,70.82600360473944,70.57064441190563,70.6192855834961,2430900
2012-06-06,70.69220863555033,70.69220863555033,70.26661018592368,70.41252899169922,2499400
2012-06-07,70.46121221348159,70.58889182460933,70.36393449777006,70.5584945678711,2929700
2012-06-08,70.86855229672913,70.93543273745198,70.64967169775925,70.81991577148438,1713000
2012-06-11,70.80780029296875,70.97196317080628,70.698359920637,70.80780029296875,1354200
2012-06-12,70.7408583324751,70.78949948650344,70.48549923183988,70.60102081298828,926300
2012-06-13,70.64360022667222,70.86248084173941,70.55239919728139,70.85639953613281,1333000
2012-06-14,70.81989664394818,70.86853315605686,70.63141334432858,70.77125549316406,1574900
2012-06-15,70.98407194138004,71.1117515141409,70.90503353119757,71.0631103515625,1347100
2012-06-18,71.11173798010076,71.13605855676124,70.95365655114543,71.03269958496094,996800
2012-06-19,71.11782808582811,71.32454605501316,70.93542605763732,70.96582794189453,2159200
2012-06-20,70.92935527780327,71.12391529263677,70.81991497954213,70.99623107910156,2579000
2012-06-21,71.12386524032583,71.30018121580564,71.08738207412881,71.10562133789062,2229400
2012-06-22,71.099574987775,71.20901525567717,71.01445529481502,71.05093383789062,1245600
2012-06-25,71.20899394649585,71.34275011063852,71.11171167583866,71.23331451416016,1702300
2012-06-26,71.19076810680039,71.39140936193921,71.14820826225656,71.30628967285156,1642300
2012-06-27,71.43399985142634,71.50696160423402,71.33064084728998,71.40360260009766,2352100
2012-06-28,71.54951719013866,71.65895749346979,71.50695732988083,71.5130386352539,2286500
2012-06-29,71.44007129549057,71.62854999921282,71.37927216254886,71.49478912353516,2348600
2012-07-02,71.72783775368003,71.98405105568558,71.64853031196934,71.8742446899414,2310500
2012-07-03,71.89863350598367,71.97793627903543,71.82542772411084,71.93523406982422,808800
2012-07-05,71.97184868656137,72.19145675247469,71.94134510991634,72.11825561523438,1982300
2012-07-06,72.2219667408019,72.33177311060307,71.99625235449041,72.30126953125,1533100
2012-07-09,72.23416378637928,72.44767486080497,72.21585884783505,72.35006713867188,1119500
2012-07-10,72.45372336164391,72.50862883214523,72.33171844482422,72.33171844482422,1385600
2012-07-11,72.47204791220699,72.66115698074199,72.44154434764756,72.45374298095703,1210000
2012-07-12,72.56356056120748,72.84418036698004,72.48425779690989,72.81977844238281,1716700
2012-07-13,72.78927937819846,72.91128435454459,72.62457219471203,72.84418487548828,1634700
2012-07-16,73.10043011849302,73.11873040753686,72.95401849775526,73.04552459716797,750100
2012-07-17,73.0638248862118,73.14313234432649,72.9174179196676,73.04552459716797,2479000
2012-07-18,73.27731889400687,73.50302859739884,73.24681531853608,73.44812774658203,2351900
2012-07-19,73.45422791910475,73.73484312187686,73.45422791910475,73.57623291015625,3499900
2012-07-20,73.69215645457916,73.76535760297465,73.60675201198906,73.63114929199219,1144600
2012-07-23,73.64328933782788,73.69209316430519,73.35657267500999,73.39317321777344,1328000
2012-07-24,73.33829308103546,73.58840461741869,73.30778951733953,73.50910186767578,1333100
2012-07-25,73.62501976848013,73.72872445234805,73.53351371922392,73.64942169189453,2551400
2012-07-26,73.64942413129474,73.79583102243934,73.64942413129474,73.76532745361328,1094600
2012-07-27,73.54568621262679,73.60059168434123,73.04545859591104,73.4175796508789,2952200
2012-07-30,73.33832627029977,73.67994399817954,73.33832627029977,73.60674285888672,2581500
2012-07-31,73.8446267147563,73.99103358973029,73.7165154631896,73.98493194580078,1563500
2012-08-01,73.84115460694363,74.03086600224574,73.68203926335975,73.90235137939453,2583100
2012-08-02,74.04916666350984,74.08588376446615,73.55958352870876,73.95124816894531,1500000
2012-08-03,73.7676826357299,73.8533590125869,73.5534916935874,73.7738037109375,2259800
2012-08-06,73.87786332578771,73.92070152852776,73.80442440579883,73.87174224853516,1596300
2012-08-07,73.57795007447727,73.64526320626995,73.43719339943019,73.48615264892578,4136600
2012-08-08,73.57797104693555,73.6024460096486,73.2536194283332,73.2780990600586,2310300
2012-08-09,73.18016672547303,73.29643911054656,73.00881401567108,73.2291259765625,2496100
2012-08-10,73.49233156014233,73.49845263878815,73.30874122190289,73.437255859375,1482700
2012-08-13,73.4127476807846,73.48006551267943,73.27199560974137,73.28423309326172,1127000
2012-08-14,73.1129117549961,73.1129117549961,72.93543781903581,72.95379638671875,1593600
2012-08-15,72.84358767898993,72.86806730788464,72.61103820800781,72.61103820800781,3995300
2012-08-16,72.67227654484272,72.76407403849173,72.29284908330023,72.39688873291016,1895700
2012-08-17,72.46419307736447,72.69674263811885,72.4580720005249,72.49478912353516,1734500
2012-08-20,72.37845541039664,72.7150443381648,72.37233900735355,72.69668579101562,1813900
2012-08-21,72.67840071559239,72.81915283203125,72.50704787696351,72.81915283203125,2010000
2012-08-22,73.10063960210414,73.25363382870462,72.94152896812919,73.23527526855469,2281400
2012-08-23,73.33929883474218,73.38214169379087,73.26586460554452,73.29034423828125,883300
2012-08-24,73.40668174676507,73.40668174676507,73.27205065085528,73.36996459960938,1335300
2012-08-27,73.52903353815095,73.59635137805972,73.43723605927411,73.46171569824219,1879300
2012-08-28,73.55352026530836,73.60859595653376,73.47396026374169,73.56575775146484,908300
2012-08-29,73.55349934508921,73.55349934508921,73.36378334601693,73.4127426147461,1777000
2012-08-30,73.47397299321989,73.5168112057106,73.40665513516093,73.437255859375,1888000
2012-08-31,73.46172798449135,73.9451904296875,73.46172798449135,73.9451904296875,1766500
2012-09-04,74.0157797813389,74.02192042440103,73.70267724424475,73.77021026611328,3788800
2012-09-05,73.76406120462556,74.16311864723161,73.70880479124922,73.80089569091797,817600
2012-09-06,73.5799077017228,73.62288284690337,73.43256501595226,73.47554016113281,2078500
2012-09-07,74.04033953281483,74.0526208192481,73.61058818641736,73.6290054321289,2192700
2012-09-10,73.62897389253938,73.67808964935662,73.50004854384639,73.62283325195312,1075900
2012-09-11,73.671980904773,73.74565457189559,73.54919614350706,73.68425750732422,2641500
2012-09-12,73.53690338134766,73.56760190884273,73.40797799695612,73.53690338134766,1334800
2012-09-13,73.68425064550033,74.03419233485225,73.457098389918,73.92982482910156,3618500
2012-09-14,73.7333901194709,73.7333901194709,73.27908077833754,73.4878158569336,3164800
2012-09-17,73.69035568576858,73.88067336123984,73.62282270080736,73.73947143554688,898100
2012-09-18,73.97280313429128,74.07103468552232,73.86843562406193,73.96666717529297,1563000
2012-09-19,74.1815150070444,74.24904800219396,74.07100689533934,74.08942413330078,1237400
2012-09-20,74.27361980233049,74.32273088478738,74.00962841288339,74.02804565429688,1165200
2012-09-21,73.99736712847022,74.19996620664938,73.94825134880159,74.16313171386719,1305900
2012-09-24,74.26749522114628,74.30432971193885,74.1876809125113,74.27363586425781,1191700
2012-09-25,74.29201125539365,74.42093658447266,74.18150316133512,74.42093658447266,3287800
2012-09-26,74.44556065609322,74.63587849911622,74.40872146935922,74.6297378540039,1162900
2012-09-27,74.6051721128064,74.74023818743602,74.54992036442484,74.5928955078125,1720200
2012-09-28,74.7463751290127,74.84460669985495,74.62972630962231,74.75865173339844,2519100
2012-10-01,74.93352483170428,74.98895603593714,74.76724061651426,74.95816040039062,3318000
2012-10-02,74.88423820218411,75.00741602013268,74.86576270418016,74.98278045654297,2188900
2012-10-03,74.92122387287276,75.0320816040039,74.84731715253359,75.0320816040039,6193600
2012-10-04,74.97048950195312,75.08750259376734,74.93353379512588,74.97048950195312,1710500
2012-10-05,74.87195298348688,74.94585970408022,74.82884190449622,74.85347747802734,1711500
2012-10-08,75.0505599975586,75.10598651587955,74.97049790484321,75.0505599975586,715300
2012-10-09,74.92121991926332,75.27226859952785,74.92121991926332,75.130615234375,3132200
2012-10-10,75.06901056214565,75.3584725916629,74.98894849603072,75.2660903930664,2418400
2012-10-11,75.17374834659154,75.56175284818869,75.15527283675479,75.51248168945312,2165200
2012-10-12,75.60483865633839,75.72801181323383,75.54325207789067,75.59867858886719,1712000
2012-10-15,75.62336060739788,75.84507618498982,75.58640957738511,75.83275604248047,2144800
2012-10-16,75.7895721146292,75.87579423431283,75.709510060281,75.78341674804688,2177900
2012-10-17,75.7649838951072,75.84505069823965,75.60485968635442,75.63565063476562,6454900
2012-10-18,75.72805720195518,75.75269278785092,75.44475501229056,75.49402618408203,1541400
2012-10-19,75.56784905803843,75.75877347397781,75.50626250721233,75.62944030761719,1716000
2012-10-22,75.46934983336614,75.57404749280234,75.42007868818851,75.45087432861328,2030300
2012-10-23,75.38310511356165,75.59866043574586,75.36462961433924,75.58018493652344,1188600
2012-10-24,75.51248461436552,75.60486686588396,75.3646758311899,75.37699127197266,2842400
2012-10-25,75.28458826899978,75.40160606858545,75.1367795265662,75.16141510009766,1511200
2012-10-26,75.3646529515777,75.54325733062326,75.27227072810514,75.53093719482422,1206500
2012-10-31,75.71570242462995,75.86351116446126,75.56173361683545,75.76496887207031,1286500
2012-11-01,75.50012261114757,75.61098031174949,75.37694947659162,75.43238067626953,1953700
2012-11-02,75.37697390503817,75.43856049227536,75.15525843197997,75.28459167480469,1940300
2012-11-05,75.29689000621875,75.45085877910147,75.29689000621875,75.32152557373047,2073200
2012-11-06,75.20451138849985,75.2784180945589,74.92120939673823,74.95816040039062,1459400
2012-11-07,75.38929880783097,75.41392968527866,75.11215209960938,75.11215209960938,1585400
2012-11-08,75.07518660255025,75.13677318180076,74.89042216604389,75.0382308959961,3176500
2012-11-09,74.94585970408022,75.03208186206153,74.75493518390287,74.85347747802734,2850300
2012-11-12,74.85349876809363,75.00130755256536,74.82886318755558,74.86581420898438,991500
2012-11-13,75.04440757859545,75.12447437822746,74.85964779993756,74.89659881591797,1849500
2012-11-14,74.75493780358075,75.09367107806001,74.75493780358075,75.0505599975586,2445600
2012-11-15,74.84727877441681,74.95813644870543,74.84111870952499,74.9027099609375,2218400
2012-11-16,74.90884982623852,75.04434303330407,74.890374334139,74.92733001708984,2181100
2012-11-19,74.87195298454694,75.17989060555746,74.85963754715881,75.16141510009766,2385000
2012-11-20,75.12440976407106,75.1613607482701,74.90884982623852,74.92733001708984,3229500
2012-11-21,74.91503383135958,75.01357608571843,74.85960733734771,74.98278045654297,2263700
2012-11-23,75.01361083984375,75.09983300297819,74.98281519640054,75.01361083984375,929000
2012-11-26,75.1368179321289,75.24767572030693,75.08139138741869,75.1368179321289,2412300
2012-11-27,75.11830690683539,75.22916464260807,75.11830690683539,75.17989349365234,2243300
2012-11-28,75.23534157998321,75.32156376061054,75.14911470059945,75.16759490966797,1479700
2012-11-29,75.2230224609375,75.26613355183594,75.16759592924946,75.2230224609375,1052700
2012-11-30,75.30923251745749,75.36466373897724,75.19837477317371,75.21685028076172,2129200
2012-12-03,75.20140609899077,75.36202346490627,75.07784884071637,75.30024719238281,3859100
2012-12-04,75.39293655671835,75.43000138869708,75.30026976354267,75.36822509765625,2387600
2012-12-05,75.43613345853714,75.55968596368405,75.38053153196287,75.52262115478516,1943900
2012-12-06,75.57204541873782,75.66471215589895,75.49173204702599,75.51026916503906,2737400
2012-12-07,75.39906338031119,75.42377010903316,75.32492905446841,75.33110809326172,1947300
2012-12-10,75.4300023053946,75.46089280790487,75.34969359738842,75.39911651611328,2290200
2012-12-11,75.36816528430946,75.38051864742225,75.09634416357662,75.12105560302734,2365400
2012-12-12,75.11492602367235,75.24466234451879,74.84310943718924,74.89253234863281,2390900
2012-12-13,74.76893692771151,74.8863151042041,74.67009586847499,74.77511596679688,3635100
2012-12-14,74.84927137540625,74.92958005322929,74.81220184368031,74.83073425292969,2844200
2012-12-17,74.83694601617597,74.87401085088132,74.58983612060547,74.58983612060547,1983300
2012-12-18,74.67012219609069,74.68247556539119,74.31799225568278,74.40447998046875,2278500
2012-12-19,74.53417170680099,74.71950042655972,74.53417170680099,74.69479370117188,3112200
2012-12-20,74.82454571703826,74.90485437961163,74.7133465694302,74.7689437866211,2545200
2012-12-21,74.86781874496366,74.95430648089446,74.80603775081757,74.8987045288086,2649700
2012-12-24,74.79982028254062,74.92337277311992,74.78746220554746,74.8492431640625,1902500
2012-12-26,75.04878551695992,75.06117590453024,74.94344594953157,74.95584106445312,1642000
2012-12-27,74.9744144961513,75.2346551309127,74.95582655471839,75.19747924804688,1556900
2012-12-28,75.28423490933265,75.36478424072266,75.22847107852823,75.36478424072266,1894500
2012-12-31,75.22843067751465,75.28419447837143,74.9124216239479,74.96818542480469,1867700
2013-01-02,74.94963429191132,75.16650150286247,74.85668985083208,75.14171600341797,4058400
2013-01-03,75.06118011009566,75.08596561397626,74.70179739485437,74.73278045654297,3207900
2013-01-04,74.7080080662207,74.75757908268311,74.51592628661922,74.69561767578125,4663300
2013-01-07,74.78233552935068,74.85049446866081,74.67080314932959,74.81951141357422,3832600
2013-01-08,74.85047366224317,74.93722051955179,74.82568817053368,74.88764953613281,2534900
2013-01-09,74.96201887594212,74.97440926024868,74.84428895195504,74.86287689208984,1867600
2013-01-10,74.75136952166596,74.95584638622829,74.74517196376517,74.90007781982422,1439900
2013-01-11,74.81953257641254,75.04259739954901,74.76376873430435,75.0363998413086,758200
2013-01-14,75.09212629722418,75.09212629722418,74.86906159918799,74.88764953613281,1569400
2013-01-15,74.96827833635388,75.06122284698715,74.76999891976821,74.82576751708984,3042900
2013-01-16,74.87533382572062,74.93729998437892,74.79478443776068,74.82576751708984,4199900
2013-01-17,74.7080080662207,74.7327935744519,74.54071179485044,74.69561767578125,2225700
2013-01-18,74.7018147851819,74.84433028383452,74.65224849323334,74.76997375488281,2704400
2013-01-22,74.67702927553132,74.83813272458373,74.59028235543062,74.76997375488281,1730300
2013-01-23,74.88146483222465,74.93723337997906,74.82570101182023,74.86287689208984,2446600
2013-01-24,74.82571204269495,74.85049754231191,74.71417965809391,74.75755310058594,1873600
2013-01-25,74.62746065562936,74.62746065562936,74.37341273515031,74.41678619384766,2434600
2013-01-28,74.16887803764936,74.37335478103876,73.7351437886556,74.35476684570312,2434200
2013-01-29,74.21229603588786,74.3857945670407,74.11935630338834,74.18751525878906,1424100
2013-01-30,73.97684264195492,74.1069629979848,73.87150779098097,73.93966674804688,3009300
2013-01-31,74.00162755072776,74.03261061363595,73.88389758449863,73.99542999267578,2804100
2013-02-01,74.23847388571306,74.36899976674103,73.79717074259432,73.80338287353516,4589000
2013-02-04,73.95254046178228,74.15143766897307,73.94632359034658,74.05198669433594,2581400
2013-02-05,73.91523814287358,74.01468910966341,73.88416327231408,73.9028091430664,2814700
2013-02-06,74.0146739058074,74.13898284667644,73.94008569603669,74.09547424316406,1970200
2013-02-07,74.03957620638069,74.2757652170753,74.03335933339054,74.12037658691406,1680000
2013-02-08,74.21358055544304,74.28195190429688,74.07062098727157,74.28195190429688,1496700
2013-02-11,74.2633252988466,74.28818330298456,74.21981667847922,74.24467468261719,749100
2013-02-12,74.07063873875545,74.244673216789,74.06442660888558,74.17008972167969,1520200
2013-02-13,73.92148260888005,74.07065437266787,73.92148260888005,73.9960708618164,2317800
2013-02-14,74.01466271552067,74.25085156429529,74.00844584679251,74.20112609863281,3180500
2013-02-15,74.20116459728061,74.22602734301167,74.08928461253277,74.17008972167969,1363600
2013-02-19,74.19492919912537,74.33788401464204,74.09547824738996,74.15142059326172,1842300
2013-02-20,74.0644458143399,74.28820109977309,74.0644458143399,74.27577209472656,1369800
2013-02-21,74.3876124754496,74.47462969066862,74.34410386784009,74.39382934570312,3578100
2013-02-22,74.43735323920572,74.49329085672662,74.38141087960126,74.44356536865234,1914300
2013-02-25,74.22601401873548,74.9159396771516,74.21980188998076,74.8848648071289,2643500
2013-02-26,74.78543962115988,74.95325725496285,74.7481478674447,74.79165649414062,1574100
2013-02-27,74.90975482254336,74.94705132142724,74.69221167107511,74.76679992675781,941400
2013-02-28,74.8289482478558,74.8289482478558,74.6549137410721,74.79165649414062,2231100
2013-03-01,74.89386361694471,74.99985611935067,74.81280660944999,74.96244812011719,1363700
2013-03-04,74.93754095862363,74.9624812214144,74.8440161623754,74.90636444091797,1733400
2013-03-05,74.90635853455753,74.91259478898068,74.72554521123307,74.78166198730469,1395400
2013-03-06,74.59461493182891,74.7006074762646,74.53226665609431,74.56343841552734,1014700
2013-03-07,74.37641403460671,74.4449985838294,74.32029724121094,74.32029724121094,1964000
2013-03-08,74.11450451655405,74.21426077477972,73.9773354992351,74.05838775634766,2526900
2013-03-11,74.05843397548387,74.17066280907054,74.05843397548387,74.10831451416016,2632500
2013-03-12,74.1893195449772,74.30154830704649,74.16437929153213,74.25790405273438,3172900
2013-03-13,74.1269980358013,74.26416710080808,74.1269980358013,74.18934631347656,1958600
2013-03-14,74.08959483024735,74.27663967541554,74.08335857501439,74.22052764892578,1669600
2013-03-15,74.18313289963535,74.37641403460671,74.18313289963535,74.32029724121094,1188500
2013-03-18,74.45119236351245,74.51977211673848,74.40131185492339,74.50106811523438,1665700
2013-03-19,74.56342517670991,74.7068304666194,74.55095742652406,74.62577819824219,1354600
2013-03-20,74.46370957209054,74.55723439859875,74.40136127337516,74.4075927734375,1905100
2013-03-21,74.55714341414561,74.5696111559258,74.39503422981639,74.4823226928711,1854000
2013-03-22,74.44495742799941,74.58212645061289,74.40754466746206,74.48860168457031,997900
2013-03-25,74.42625342616434,74.55718619587705,74.35143266195684,74.48860168457031,1089700
2013-03-26,74.37012952253609,74.55094278435821,74.35766177479897,74.5384750366211,918000
2013-03-27,74.6008595332947,74.85025742100589,74.6008595332947,74.80037689208984,1847200
2013-03-28,74.6569452151653,74.78164649344988,74.6507137189016,74.75670623779297,1874300
2013-04-01,74.6866702118937,74.90556337059537,74.60536840195108,74.6491470336914,5877400
2013-04-02,74.69292501501847,74.71794205743981,74.59911229881666,74.64289093017578,1319200
2013-04-03,74.74926472356073,74.94314575195312,74.73050312083292,74.94314575195312,1421000
2013-04-04,75.02439194725538,75.35585940685027,75.02439194725538,75.34335327148438,2660900
2013-04-05,75.5747299194336,75.70607054474611,75.5121897183157,75.5747299194336,3268500
2013-04-08,75.67485008349756,75.69986713544577,75.60605438351865,75.6435775756836,2276800
2013-04-09,75.6872791597695,75.78734726567414,75.66226690480326,75.71855163574219,3157000
2013-04-10,75.54973562851966,75.64354356675646,75.46217837182354,75.51846313476562,2181600
2013-04-11,75.59977969123372,75.66232469094703,75.52473332599943,75.56851196289062,1496900
2013-04-12,75.79992451796943,75.98755000683899,75.70611654504906,75.94377136230469,1358900
2013-04-15,75.92500950259122,76.00631133600979,75.87497540286547,75.96878814697266,1024800
2013-04-16,75.83119201660156,75.90624316149707,75.81868587820934,75.83119201660156,1629800
2013-04-17,75.87494452775987,76.06882062091194,75.87494452775987,75.93748474121094,1373200
2013-04-18,75.95625253763755,76.08759319958828,75.95625253763755,76.00628662109375,1656700
2013-04-19,76.06262694033246,76.1564349450518,75.96881416409711,76.11891174316406,877900
2013-04-22,76.14388275146484,76.1814059306594,76.09384866486337,76.14388275146484,1271500
2013-04-23,76.24392700195312,76.35649650421635,76.18138202756917,76.24392700195312,1659700
2013-04-24,76.21262919046741,76.32520342683557,76.1813567136668,76.2751693725586,1366900
2013-04-25,76.24397148206927,76.31276240530278,76.19393738197726,76.23146057128906,1067100
2013-04-26,76.39403276961932,76.51911318899697,76.39403276961932,76.50660705566406,1294500
2013-04-29,76.63796364266902,76.6442190967824,76.48786614454212,76.51287841796875,875700
2013-04-30,76.50035287276346,76.65670578533627,76.36276154625743,76.38152313232422,2347500
2013-05-01,76.4956939057283,76.77169466766249,76.4956939057283,76.72151184082031,4063500
2013-05-02,76.58351145985323,76.7779687174422,76.58351145985323,76.72151184082031,1799000
2013-05-03,76.45807306410647,76.45807306410647,75.99389379576053,76.00016784667969,2882200
2013-05-06,76.08799080108454,76.15071695761894,75.94999038528947,75.98762512207031,1839300
2013-05-07,75.93113708496094,76.0628633870577,75.89349758029279,75.93113708496094,3886100
2013-05-08,75.91234549090746,76.06916326399582,75.87471075678981,76.00016784667969,2379000
2013-05-09,75.99385382341563,76.1569455616378,75.8370361328125,75.8370361328125,825800
2013-05-10,75.81195630859023,75.81195630859023,75.30386844484653,75.44186401367188,2808200
2013-05-13,75.29132240510201,75.37287068174635,75.20977891415465,75.2474136352539,2498400
2013-05-14,75.41676888893961,75.46694691481183,75.02785927782807,75.04667663574219,2325000
2013-05-15,75.35405892238491,75.3666070216123,75.06551485422455,75.31015014648438,2081600
2013-05-16,75.44818123453426,75.74299947231233,75.44818123453426,75.65518188476562,2916500
2013-05-17,75.58617823546946,75.61754370918301,75.29763406296239,75.32899475097656,909500
2013-05-20,75.41682802753546,75.46700609275511,75.19100998409675,75.2411880493164,2097100
2013-05-21,75.21608361520082,75.52971918070021,75.10317462019307,75.52344512939453,2007700
2013-05-22,75.53595901890256,75.64886796992307,74.9212362299997,74.92750549316406,2886300
2013-05-23,75.10315801430211,75.15333605655607,74.78952251814995,75.00279235839844,2568500
2013-05-24,75.04670544194977,75.15334036819179,74.93379646542937,74.9526138305664,1090900
2013-05-28,74.8522563696808,74.95261725022331,74.22498531277044,74.23125457763672,1683700
2013-05-29,74.27514910831668,74.38178401209208,74.11205733532675,74.19987487792969,3574100
2013-05-30,74.21873207686491,74.39436725634499,74.17482328199489,74.29400634765625,1759000
2013-05-31,74.21873028636892,74.30027382181756,73.69182476064005,73.92391204833984,4297500
2013-06-03,73.77355879936847,74.08815819723358,73.57221537675103,73.7295150756836,10863900
2013-06-04,73.58479940379117,73.77356096822193,73.43379303249014,73.4400863647461,3726500
2013-06-05,73.4966493142461,73.61619852319015,73.28901753081946,73.33306121826172,4575200
2013-06-06,73.34562682426571,73.90561278358518,73.25124614339595,73.64764404296875,2500000
2013-06-07,73.54697671090062,73.74202661543805,73.2323776130525,73.35821533203125,3159800
2013-06-10,73.12543579812349,73.28902871948469,73.03105508193809,73.13172912597656,2911100
2013-06-11,72.67240129549103,73.01846226943985,72.50251987217192,72.99329376220703,3983700
2013-06-12,72.86115686569897,73.04991345422889,72.67239547676753,72.74160766601562,3469000
2013-06-13,72.88633600751871,73.55958286377748,72.85487896963535,73.5218276977539,2474400
2013-06-14,73.57217063231589,73.7105950512558,73.45262139770361,73.47149658203125,1283900
2013-06-17,73.55958723895255,73.68542499877562,73.33307543094878,73.36453247070312,1868600
2013-06-18,73.16324112858003,73.33941603759672,73.08774033923358,73.2198715209961,1748400
2013-06-19,73.30160525199214,73.339355615564,72.15017115902738,72.18163299560547,2823000
2013-06-20,71.6468399375075,71.65942179621048,70.96730435785184,71.1875228881836,6649600
2013-06-21,71.26300853448227,71.40143294356629,70.59605499984129,70.60234832763672,4107600
2013-06-24,70.11157405024008,70.5331358029717,69.78439301240127,70.14303588867188,6063600
2013-06-25,70.58976153044811,70.76593629316555,70.25628718667551,70.3758316040039,3653200
2013-06-26,70.94216742777834,71.09946713382662,70.79116105408568,70.91070556640625,2010000
2013-06-27,71.25041191251715,71.59647288682086,71.25041191251715,71.55242919921875,1544800
2013-06-28,71.18116853637687,71.53981120700365,71.02386903521776,71.50835418701172,2960300
2013-07-01,71.37775205760605,71.92059702878649,71.37775205760605,71.693359375,2849900
2013-07-02,71.8385094193235,72.06574698889105,71.74383111182344,71.92057037353516,2214800
2013-07-03,71.89531775997949,72.00893653929589,71.68701586193552,71.71226501464844,2132000
2013-07-05,70.80966585143175,70.9674695277974,70.50668067386383,70.80335235595703,2500100
2013-07-08,71.03687576965778,71.38404083251953,71.03687576965778,71.38404083251953,3096700
2013-07-09,71.35882728335046,71.64918548178727,71.35882728335046,71.44719696044922,4037000
2013-07-10,71.49139375820714,71.61132130245359,71.20103551119868,71.23890686035156,2908800
2013-07-11,71.87012810529342,72.08473885734455,71.70601088468597,72.07843017578125,2179100
2013-07-12,72.16044077523975,72.27405957681283,71.79433521286151,71.87639617919922,2008800
2013-07-15,72.01526034631148,72.34980807820976,71.9268907011412,72.3371810913086,3308200
2013-07-16,72.29301705070773,72.33720188599463,72.14152687483636,72.22989654541016,1625900
2013-07-17,72.5139344294213,72.68436507511244,72.4255647671316,72.50131225585938,1248400
2013-07-18,72.55811636300193,72.55811636300193,72.2235733954385,72.31194305419922,1119900
2013-07-19,72.44451900293186,72.72225505033215,72.41927464933786,72.70963287353516,2734900
2013-07-22,72.79167734506913,72.88636051105891,72.77274167502836,72.87373352050781,2235900
2013-07-23,72.67172404375039,72.82952766960254,72.59598138544342,72.76009368896484,827300
2013-07-24,72.41297548484606,72.51396736657001,72.14155288001827,72.40666198730469,1960700
2013-07-25,72.07210207851098,72.31827545166016,72.04053941393842,72.31827545166016,2109200
2013-07-26,72.38137783279691,72.4571253193237,72.2677590108994,72.39400482177734,1022700
2013-07-29,72.29931990130486,72.38768955886793,72.23619940530054,72.2740707397461,2211900
2013-07-30,72.41295449534638,72.45082583804209,72.18571680759975,72.29302215576172,1331900
2013-07-31,71.88268214261807,72.3687198463475,71.76906337694729,72.29928588867188,2282100
2013-08-01,72.14735335915229,72.14735335915229,71.62184316558535,71.72314453125,1845700
2013-08-02,71.95737984879636,72.15998732158837,71.9383861529945,72.07767486572266,1772000
2013-08-05,71.97638329658568,72.07135661900607,71.7864366517449,71.80543518066406,3111500
2013-08-06,71.7737899532536,71.92574440077193,71.72313686056589,71.84976959228516,1047200
2013-08-07,71.93209986588329,72.09038720740128,71.91943417345591,72.0080795288086,946000
2013-08-08,72.12201626190344,72.28663154982537,72.10935057480528,72.16000366210938,960900
2013-08-09,72.19165821876624,72.22965044951646,72.02071008729521,72.16000366210938,539600
2013-08-12,72.22968165843591,72.29299562965053,72.08405517715053,72.1220474243164,1042800
2013-08-13,71.72312076525833,71.8054332300404,71.54583981117958,71.6091537475586,1221600
2013-08-14,71.55857176636735,71.64088431293463,71.4636031827105,71.48892974853516,1723700
2013-08-15,70.96971803418833,71.1786585076104,70.90640405663382,70.98238372802734,1793800
2013-08-16,70.95706612854553,71.04570667442125,70.507530551448,70.6278305053711,2469000
2013-08-19,70.4822027390403,70.5581824186758,70.23527481840915,70.24160766601562,4884400
2013-08-20,70.46318634120065,70.74810159464762,70.46318634120065,70.67212677001953,2100500
2013-08-21,70.53914713880776,70.69743442186167,70.20990688495068,70.24789428710938,2310800
2013-08-22,70.31124255761542,70.5961578544056,70.31124255761542,70.57083129882812,2507700
2013-08-23,70.55182154001088,71.05201003014895,70.52016214510455,71.0456771850586,2327600
2013-08-26,71.11531217225959,71.21028551065147,71.0773247691207,71.19129180908203,1385700
2013-08-27,71.23565808046736,71.52690629730718,71.19766582223762,71.49524688720703,2398500
2013-08-28,71.38124841033748,71.50788116455078,71.2609533320169,71.50788116455078,2488300
2013-08-29,71.32428442729663,71.59020602920552,71.24197190964854,71.57754516601562,2273100
2013-08-30,71.5458857622207,71.7294996770283,71.42558582445615,71.57754516601562,1668800
2013-09-03,71.14302321289553,71.31452658294086,70.8317738432846,71.29547119140625,5473600
2013-09-04,71.31454429016443,71.37806873936456,71.00964825743806,71.0350570678711,2335000
2013-09-05,70.75557968977961,70.77463509000194,70.33634634617988,70.45068359375,2703800
2013-09-06,70.76826431274624,70.92071231292087,70.50147425464746,70.55229187011719,1960600
2013-09-09,70.80000792615857,70.88893631282808,70.67931732443556,70.73648834228516,1615600
2013-09-10,70.53326154654046,70.71111841766822,70.39351547744401,70.42527770996094,2115900
2013-09-11,70.57770500978725,70.75556182861328,70.39349477707891,70.75556182861328,2301300
2013-09-12,70.8889832568026,70.99061853529169,70.65396015621103,70.70477294921875,1860200
2013-09-13,70.72378248103753,70.85082649674833,70.71108050258329,70.74919128417969,1255400
2013-09-16,71.40982176119832,71.42252858875716,70.78732290538859,70.831787109375,2311100
2013-09-17,70.93981722484747,71.04144768049285,70.86359074843499,71.02239227294922,1020100
2013-09-18,70.95249944044534,72.22926469865988,70.77464255795506,72.0641098022461,5100000
2013-09-19,72.03229882870507,72.13392918042331,71.56224815376319,71.6067123413086,5030300
2013-09-20,71.73383061979058,71.8354610836141,71.61949331909018,71.6703109741211,1089700
2013-09-23,71.70838738948676,72.10856532682982,71.70838738948676,72.09586334228516,3719000
2013-09-24,72.17206838662403,72.36898058920877,72.03232236689244,72.2800521850586,2576200
2013-09-25,72.2355723282766,72.52776628519433,72.17840131157884,72.50235748291016,1931100
2013-09-26,72.2419717885818,72.38171302086775,72.2419717885818,72.32454681396484,921300
2013-09-27,72.25467777391736,72.31819740051519,72.19751156385037,72.26737976074219,1194100
2013-09-30,72.15939918504755,72.2737364566063,72.0450619134888,72.10858154296875,1800800
2013-10-01,72.05499806724468,72.12509706598591,71.96578204373924,72.03588104248047,3172400
2013-10-02,72.13781073643798,72.36722466395264,72.13144163871738,72.25251770019531,910300
2013-10-03,72.19525771096794,72.41192399251472,72.19525771096794,72.29084777832031,1411600
2013-10-04,72.19519687893495,72.28441290344657,72.13147184169934,72.22068786621094,569300
2013-10-07,72.30358226307327,72.45015433052454,72.2844652242562,72.34819030761719,1374600
2013-10-08,72.31627116038315,72.4054871766381,72.18881623579875,72.33538818359375,1667900
2013-10-09,72.2844132904702,72.34813832804701,72.14421529065596,72.18244934082031,1017300
2013-10-10,72.06775283448697,72.32265788386312,72.02314481548935,72.284423828125,1978400
2013-10-11,72.4437528301373,72.52659492082982,72.34816281047031,72.3800277709961,3275900
2013-10-14,72.33542981586965,72.41827191809766,72.08052468189979,72.15699768066406,525100
2013-10-15,72.37360834206504,72.37998230254821,72.13782042326102,72.16968536376953,1430400
2013-10-16,72.17609479557481,72.74325600962815,72.1442298394061,72.70501708984375,1395200
2013-10-17,72.90895271344408,73.28493395392557,72.86433982534267,73.24032592773438,2697900
2013-10-18,73.34862715536845,73.45696019165314,73.27852816438232,73.33588409423828,1071200
2013-10-21,73.29133983220217,73.39967296270908,73.11927675489137,73.14476776123047,1031400
2013-10-22,73.48250522280733,73.59721230497915,73.45064511559451,73.5908432006836,1372100
2013-10-23,73.5844566094265,73.71190674023421,73.54622254256635,73.57170867919922,1514800
2013-10-24,73.64178348565424,73.69276546597142,73.45697745343641,73.4952163696289,1500200
2013-10-25,73.48248711934745,73.62268516989676,73.47611801662103,73.48886108398438,708700
2013-10-28,73.45061925372232,73.6163034214798,73.44424528975937,73.55895233154297,2958700
2013-10-29,73.50800091229395,73.66731604425033,73.4506497985074,73.66094207763672,1584300
2013-10-30,73.66088746359577,73.76285140616697,73.33588833594393,73.51432037353516,1436200
2013-10-31,73.57169146098866,73.60355641718856,73.34227738969659,73.4123764038086,1072800
2013-11-01,73.40598785609504,73.48271392826312,73.07351796603461,73.21417999267578,1965300
2013-11-04,73.3101016374703,73.39321790780242,73.2205854289566,73.2333755493164,772400
2013-11-05,73.09908179960416,73.09908179960416,72.83693808618973,72.92005920410156,1264700
2013-11-06,73.03515950408557,73.04154968511924,72.93925313057186,73.00318908691406,1060000
2013-11-07,73.12467030854525,73.20139150442049,73.0223688767106,73.1502456665039,1337000
2013-11-08,72.5556477116856,72.57482801480559,72.42777089421591,72.43416595458984,1634000
2013-11-11,72.38936336985451,72.42772395123164,72.25509645703585,72.31263732910156,1241500
2013-11-12,72.27433447848367,72.38942119254186,72.24875911113712,72.36384582519531,2301900
2013-11-13,72.45976690648125,72.61321426363136,72.44058659658792,72.53009796142578,4339700
2013-11-14,72.72183946275292,72.97758807622364,72.67069364245803,72.92643737792969,1355100
2013-11-15,72.9392274915027,72.98398313301016,72.8433211517013,72.92643737792969,1451200
2013-11-18,72.96482635425514,73.2525405883789,72.96482635425514,73.2525405883789,3003900
2013-11-19,73.11833852538567,73.18227453661149,72.99685668945312,72.99685668945312,914200
2013-11-20,72.9775885090179,73.16940118975826,72.58117791188742,72.68347930908203,1881300
2013-11-21,72.6259423239489,72.84333038023964,72.45970985043212,72.82415008544922,3320600
2013-11-22,72.90728545330238,73.07991790771484,72.88810515347899,73.07991790771484,1190900
2013-11-25,73.06071424316544,73.23334665389632,73.06071424316544,73.20777130126953,1189200
2013-11-26,73.22058652266215,73.38682394381118,73.22058652266215,73.3548583984375,1044500
2013-11-27,73.27171601116208,73.40598297001863,73.06711804366635,73.36762237548828,2387900
2013-11-29,73.12466381170749,73.36762237372774,73.10547863644246,73.3100814819336,741200
2013-12-02,73.18692402313668,73.25106583580805,72.95600958255447,72.9624252319336,5714000
2013-12-03,73.05220709859668,73.21256403838528,73.05220709859668,73.14842224121094,1164500
2013-12-04,72.7507148824906,72.943145113796,72.7507148824906,72.91107177734375,1705000
2013-12-05,72.73149800022284,72.85978160300462,72.63528285128363,72.75074005126953,1234400
2013-12-06,72.75717826900605,72.92395091932032,72.69944720425187,72.90470886230469,737400
2013-12-09,72.90469135078764,73.02655931385004,72.90469135078764,73.01373291015625,590100
2013-12-10,73.23182662922939,73.32162614920277,73.11636940444836,73.30879974365234,1171600
2013-12-11,73.25105654485081,73.30878759452723,73.08428883179893,73.10353088378906,1087800
2013-12-12,73.0330048763308,73.0714889968811,72.93678968124696,72.981689453125,877300
2013-12-13,73.11638490463508,73.20618444364536,73.00734330636658,73.18052673339844,904000
2013-12-16,73.30237728283855,73.34727703865319,73.16126236636212,73.23823547363281,1593500
2013-12-17,73.18051512144854,73.45632934570312,73.18051512144854,73.45632934570312,1500800
2013-12-18,73.33446135850254,73.70007510751843,73.14844665900925,73.45632934570312,1946900
2013-12-19,73.24460315512754,73.44344410155722,73.23177186546572,73.34722900390625,2493300
2013-12-20,73.54614579289041,73.687255859375,73.44993060242211,73.687255859375,1269700
2013-12-23,73.64873517786397,73.78985006800015,73.56535133083143,73.57176208496094,1204900
2013-12-24,73.45635894421389,73.76424664867513,73.44994818536712,73.55257415771484,1003500
2013-12-26,73.45474231392602,73.59628679351499,73.45474231392602,73.4997787475586,2268000
2013-12-27,73.39685406015667,73.49979239531524,73.37111824921601,73.43545532226562,2463600
2013-12-30,73.47404703968911,73.6606279633179,73.47404703968911,73.6541976928711,2790000
2013-12-31,73.53840837077016,73.6606473532811,73.35825767016644,73.46763610839844,1658600
2014-01-02,73.53194633264255,73.64131982232144,73.41613766456994,73.6091537475586,1887700
2014-01-03,73.48694182836256,73.82149762114466,73.48694182836256,73.71855926513672,1695800
2014-01-06,73.82148772551623,73.91799579600291,73.76358582838685,73.87939453125,1171700
2014-01-07,73.93727320506245,73.95014356167383,73.7699978379372,73.82146453857422,1086500
2014-01-08,73.66704778024352,73.6863484047659,73.44186564647853,73.5062026977539,1067000
2014-01-09,73.6027125714908,73.6734848022461,73.46116810998024,73.6734848022461,1216000
2014-01-10,73.93086335250788,74.14961038928335,73.91799299234215,74.07240295410156,1736900
2014-01-13,74.13671047317933,74.27825000897437,74.09810431923351,74.21391296386719,2109900
2014-01-14,74.1174171559234,74.18175912023558,73.98874304450449,73.99517822265625,1529100
2014-01-15,73.86005544480624,74.04663139971048,73.82144929154863,74.01446533203125,1495000
2014-01-16,74.13031526385191,74.19465234364678,74.09814426965221,74.18821716308594,1372300
2014-01-17,74.11099022632465,74.27183532714844,74.05951861599632,74.27183532714844,1766000
2014-01-21,74.16243384211612,74.24607641001337,74.16243384211612,74.16886901855469,1114100
2014-01-22,74.09171278411928,74.17535049562221,73.98233435079456,73.98876953125,1687800
2014-01-23,74.13029085304703,74.37477363920215,74.11742049616349,74.27183532714844,1597600
2014-01-24,74.30399748316614,74.39407034218856,74.16245301653016,74.2203598022461,1681100
2014-01-27,74.1624645982784,74.36834615228197,74.07882690429688,74.07882690429688,1979600
2014-01-28,74.24610623835386,74.43911743164062,74.18176917392495,74.43911743164062,2420900
2014-01-29,74.45200309110831,74.62571369162784,74.36193020067532,74.58711242675781,2105500
2014-01-30,74.5227711969053,74.64501016505105,74.41982795151507,74.6257095336914,1821900
2014-01-31,74.66430746227164,74.85088348388672,74.63857165376524,74.85088348388672,1427400
2014-02-03,74.78505168423527,75.34001924340639,74.74633462026087,75.33356475830078,6064600
2014-02-04,75.0689960774962,75.07544563979873,74.92057244792782,74.97219848632812,2015000
2014-02-05,74.8560548446821,74.862509331391,74.71408567707132,74.73344421386719,3226900
2014-02-06,74.69473547035516,74.7463615231221,74.6108468271074,74.66246795654297,853500
2014-02-07,74.74634903847962,74.96575234109585,74.71408153005697,74.89476776123047,1076900
2014-02-10,74.8108991900845,74.93350984696792,74.77863167301038,74.92705535888672,1048800
2014-02-11,74.77217102050781,74.81088809659002,74.66891891984707,74.77217102050781,2288900
2014-02-12,74.66244365587526,74.67535262653115,74.50757047131296,74.5462875366211,971500
2014-02-13,74.88188450140647,74.92060158359828,74.75927384335654,74.85607147216797,1125500
2014-02-14,74.93350913540188,74.99803924560547,74.84316599645047,74.99803924560547,1063900
2014-02-18,75.0819542196633,75.27554954147888,75.0432371246336,75.15293884277344,1034400
2014-02-19,75.30775441550647,75.30775441550647,75.02382106406198,75.0689926147461,1556900
2014-02-20,74.97865297196067,75.05608710623112,74.85604236159246,74.97219848632812,1148800
2014-02-21,74.89475111342047,75.07543730443055,74.88184706691808,75.04962921142578,711000
2014-02-24,75.12062352350372,75.15288610561095,75.00446739659152,75.0883560180664,703600
2014-02-25,75.26260513775142,75.3787612915039,75.14644898399894,75.3787612915039,787300
2014-02-26,75.37226881154984,75.63038907440155,75.36581432798003,75.62393951416016,898200
2014-02-27,75.68850640191698,75.78530400924208,75.66914786511812,75.75303649902344,964900
2014-02-28,75.6497796216645,75.73366824480605,75.52071452068115,75.70785522460938,1791900
2014-03-03,75.76354043397663,75.9124031453761,75.69881944819652,75.90592956542969,1292700
2014-03-04,75.71176790493958,75.75059950949385,75.49818420410156,75.49818420410156,1075900
2014-03-05,75.44637785087214,75.62759852305125,75.4334356333849,75.45932006835938,2869300
2014-03-06,75.16806712799936,75.3233984146294,75.15512491156878,75.2327880859375,1271000
2014-03-07,75.04513533319385,75.0774982989981,74.8444987713144,74.96099853515625,1473800
2014-03-10,74.88329875533547,74.941551081603,74.83152494496717,74.84446716308594,1851400
2014-03-11,74.87682727649104,74.95449045804574,74.82504853019255,74.87035369873047,943800
2014-03-12,75.077494777259,75.16810515178616,75.03218958999543,75.1357421875,1303800
2014-03-13,74.96096778076938,75.43990886322514,74.96096778076938,75.40107727050781,1696400
2014-03-14,75.53054960900823,75.57585479804676,75.31697082519531,75.31697082519531,797800
2014-03-17,75.310474242003,75.3557794172037,75.18750093593229,75.21986389160156,635800
2014-03-18,75.23925150654036,75.45283508300781,75.20041992459787,75.45283508300781,963500
2014-03-19,75.42049134017101,75.42696491810678,74.876829303002,74.90918731689453,1286700
2014-03-20,74.90268448607027,75.05154214539195,74.88973733610871,75.01271057128906,2003400
2014-03-21,75.12278190540773,75.3298919885238,75.0839503079153,75.27164459228516,636100
2014-03-24,75.26515138407717,75.5046243612444,75.23926201320293,75.41400909423828,1061300
2014-03-25,75.25869020060112,75.46580026380961,75.25869020060112,75.43991088867188,1352800
2014-03-26,75.47872497654882,75.74408235149252,75.46577782388312,75.73114013671875,955000
2014-03-27,75.6405155994974,75.89293071221425,75.60167908669334,75.75054168701172,665500
2014-03-28,75.73761167883772,75.79586399228283,75.6146433511507,75.69230651855469,816300
2014-03-31,75.52407001045698,75.70529074032267,75.44640186713117,75.68587493896484,1695700
2014-04-01,75.58195322731865,75.64037042809552,75.4910787245842,75.49756622314453,3416600
2014-04-02,75.34832340030862,75.46516282994853,75.34832340030862,75.39376068115234,1236800
2014-04-03,75.4586807028641,75.6274498915082,75.4586807028641,75.53657531738281,1012200
2014-04-04,75.77672185931273,75.96496341419527,75.7637419031067,75.83514404296875,989900
2014-04-07,75.93902737339327,76.075339250608,75.91955495554738,76.01692199707031,1024500
2014-04-08,76.0103875719734,76.21810150146484,75.96495030465623,76.21810150146484,992600
2014-04-09,76.06882617234064,76.32846492605498,76.02987639745005,76.28302764892578,1675600
2014-04-10,76.2570824535555,76.6205807407468,76.19866025608962,76.38690185546875,1401500
2014-04-11,76.59458884425234,76.59458884425234,76.43880462646484,76.43880462646484,1258200
2014-04-14,76.49726088942313,76.54919063928364,76.39989384650806,76.49076843261719,908600
2014-04-15,76.4907536727273,76.74390991637407,76.44531638844045,76.65303039550781,1152500
2014-04-16,76.44530690769477,76.69197066519718,76.43232695049083,76.68547821044922,956300
2014-04-17,76.6725077739396,76.6725077739396,76.21812997870883,76.24409484863281,1510500
2014-04-21,76.40635576862499,76.45828549773253,76.27653639814767,76.34793853759766,652500
2014-04-22,76.23760508620505,76.42584668558418,76.2051527118731,76.38690185546875,1385000
2014-04-23,76.44532737020333,76.6011166121032,76.4388398660108,76.55567932128906,1778900
2014-04-24,76.42584498169573,76.60110661789324,76.39988011143342,76.56864929199219,1161000
2014-04-25,76.62058902926736,76.76988086238815,76.55567932128906,76.55567932128906,1051500
2014-04-28,76.55571073952844,76.6465853584514,76.39992143369308,76.46483612060547,1015500
2014-04-29,76.34144087016672,76.51021000209552,76.33494841639875,76.47775268554688,1359500
2014-04-30,76.56860086056004,76.7763147389821,76.45825394596166,76.69193267822266,2123200
2014-05-01,76.74014795705159,77.02659055326569,76.7010894091145,77.0135726928711,2193800
2014-05-02,76.84428759097874,77.26092853281837,76.77918837508226,77.17630004882812,862700
2014-05-05,77.1437839241915,77.23492386228904,76.97452191054431,76.98103332519531,1879800
2014-05-06,77.08517033829031,77.17631024593783,77.05912965514068,77.1112060546875,2251100
2014-05-07,77.13074847371308,77.19584770511632,77.00705645731985,77.12423706054688,1869200
2014-05-08,77.19588022188672,77.3586308523258,77.0591702883285,77.143798828125,3351200
2014-05-09,77.03960882557996,77.13075371584266,76.96800314289686,77.05914306640625,1148100
2014-05-12,76.8963902961611,76.94846670328315,76.79873896183332,76.86383819580078,1634400
2014-05-13,77.04610582345,77.15677500032555,77.01355869500259,77.1502685546875,961600
2014-05-14,77.37813126612076,77.61249248386116,77.36510843916118,77.53437042236328,1359000
2014-05-15,77.65804842632323,77.83381682452321,77.53435642630141,77.67106628417969,755100
2014-05-16,77.53434033515161,77.70360225267162,77.51481106904379,77.57991027832031,821100
2014-05-19,77.69714550345861,77.76875617406795,77.44976634747033,77.50835418701172,726700
2014-05-20,77.43674351640239,77.6776162236115,77.43674351640239,77.50835418701172,1200100
2014-05-21,77.32606900644913,77.39767967216905,77.25445834072922,77.36512756347656,1397200
2014-05-22,77.37164321305526,77.38466604394677,77.26097398425108,77.33909606933594,605800
2014-05-23,77.43020220850096,77.49530143426861,77.35859157013078,77.42369079589844,582500
2014-05-27,77.5083522429758,77.6971435546875,77.34560162599206,77.6971435546875,1062700
2014-05-28,77.80126036868498,78.06816864013672,77.80126036868498,78.06816864013672,1430800
2014-05-29,78.02909267166723,78.20486100952462,77.84030151367188,77.84030151367188,1325700
2014-05-30,77.77526118294475,77.9184825123657,77.69062768823906,77.85337829589844,1045400
2014-06-02,77.61701401651558,77.74105659565184,77.39504832840811,77.42115783691406,2652700
2014-06-03,77.33629120902245,77.355875831254,77.0686264038086,77.0686264038086,1431100
2014-06-04,77.17310723644512,77.18616697653285,77.01642522121247,77.02947998046875,1263600
2014-06-05,77.06212809544095,77.26450924915444,76.9772597040715,77.19269561767578,801000
2014-06-06,77.32327186316022,77.53218289734617,77.27757273008304,77.35591125488281,1112700
2014-06-09,77.22534088030936,77.25145538122419,77.10782811660852,77.19922637939453,1215400
2014-06-10,77.08166410572338,77.14694782566248,77.03596500368316,77.05554962158203,758800
2014-06-11,77.10780423803082,77.21878709692609,77.05557525237532,77.11433410644531,507500
2014-06-12,77.1535385888014,77.42773341746336,77.0751950745412,77.3624496459961,964800
2014-06-13,77.12086465058002,77.42117386888044,77.088225267774,77.349365234375,474700
2014-06-16,77.2971506023641,77.44077785971406,77.28409086215146,77.34284973144531,732400
2014-06-17,77.27755942597986,77.28408431470189,77.07517331648205,77.08170318603516,605200
2014-06-18,77.25794211089807,77.5256118774414,77.14695927245151,77.5256118774414,791400
2014-06-19,77.61701194667138,77.62354181403852,77.17307560146551,77.25141906738281,610700
2014-06-20,77.19264702978474,77.43420227279029,77.1534777939352,77.40155792236328,1151900
2014-06-23,77.49296552092854,77.54519449561197,77.35586819800643,77.3950424194336,833300
2014-06-24,77.6104934850078,77.7280062107388,77.42116715017282,77.72148132324219,777600
2014-06-25,77.9695387191293,77.9695387191293,77.78021243968516,77.79979705810547,827100
2014-06-26,77.84553044107547,78.02832693459874,77.84553044107547,77.9434585571289,698700
2014-06-27,78.02832016041255,78.0870790172757,77.9303970336914,77.9303970336914,729300
2014-06-30,77.97613247757951,77.98918724028029,77.79986080570596,77.8586196899414,857200
2014-07-01,77.71456609585887,77.80621795251899,77.55090135258699,77.55744934082031,5448400
2014-07-02,77.45922637545287,77.45922637545287,77.23009680219448,77.282470703125,3278000
2014-07-03,77.09265812472329,77.24977491248322,77.02719321271103,77.20394897460938,648400
2014-07-07,77.26286976891927,77.39380459415798,77.21704382874894,77.3414306640625,1219200
2014-07-08,77.57053366666536,77.68182947847566,77.55089469830212,77.62945556640625,1296400
2014-07-09,77.59015001574902,77.81928456559203,77.49195520255881,77.75381469726562,836700
2014-07-10,77.86518964698574,77.88482862959195,77.67533782403441,77.69497680664062,524000
2014-07-11,77.79966627472974,77.9764269860856,77.79966627472974,77.93714904785156,1259300
2014-07-14,77.81279174706845,77.8586176905965,77.72768785041725,77.77351379394531,690900
2014-07-15,77.71457960199292,77.93061829937386,77.57710179311026,77.68839263916016,791400
2014-07-16,77.76693075797384,77.89786053914976,77.70146586738589,77.87167358398438,963800
2014-07-17,78.0222644954278,78.22520719930098,77.94370361264524,78.16629028320312,847900
2014-07-18,78.13355922315633,78.15974618538752,77.95025548219023,78.0615463256836,539300
2014-07-21,78.1466552015981,78.21212010984993,78.04190735267328,78.0615463256836,852600
2014-07-22,78.10732639253007,78.1662482716116,78.02222256124499,78.12042236328125,1017500
2014-07-23,78.20555680942437,78.26447871157184,78.17282685903254,78.21210479736328,1597800
2014-07-24,77.97640892364448,78.01568685278019,77.89130507896708,77.9043960571289,813400
2014-07-25,78.1466723624646,78.2055892944336,78.04847248119614,78.2055892944336,655400
2014-07-28,78.17282876393483,78.2382936609651,78.05498995141977,78.11390686035156,1290600
2014-07-29,78.25137034160913,78.2644663154127,78.08770563161843,78.18590545654297,787500
2014-07-30,77.95677093815439,78.02223581908615,77.70799739810336,77.82583618164062,1305800
2014-07-31,77.49195584524396,77.72763338815447,77.48540785942707,77.60979461669922,2121700
2014-08-01,77.5566546566641,78.04905702985398,77.52383083717034,78.0096664428711,2763600
2014-08-04,78.04249144449051,78.13440614892747,77.94400997288642,78.02935791015625,1779300
2014-08-05,77.91117610761509,78.12126756259548,77.79956611787014,78.10813903808594,2416200
2014-08-06,78.20003204381747,78.2065988087383,77.95711183148644,77.97024536132812,1799500
2014-08-07,78.08841918493856,78.20659590425473,77.98993775067943,78.17376708984375,1839200
2014-08-08,78.30509908709378,78.39701879705954,78.12783645203419,78.15409851074219,1048300
2014-08-11,78.2197260929432,78.31164076448576,78.14093994206075,78.18689727783203,770900
2014-08-12,78.25916251264168,78.26572928130588,78.11472866486704,78.14755249023438,1927400
2014-08-13,78.15407606613446,78.34447218035709,78.12781401496851,78.3050765991211,2260600
2014-08-14,78.42979430687122,78.45605634940378,78.25253178099199,78.3904037475586,1694200
2014-08-15,78.5020265474757,78.90251399608333,78.46263598170225,78.6661605834961,1729500
2014-08-18,78.57421657700218,78.61360712806346,78.42977787781557,78.4888687133789,1624200
2014-08-19,78.61366398413706,78.63992604016201,78.32479138581277,78.4364013671875,1559000
2014-08-20,78.41013795253706,78.43640000810694,78.20004651695285,78.2591323852539,746700
2014-08-21,78.38389673174964,78.54803086595784,78.37732996386795,78.52833557128906,1817900
2014-08-22,78.52830383579926,78.70556642515777,78.3510362374665,78.62678527832031,1014500
2014-08-25,78.70557616396755,78.75153350830078,78.60053295219511,78.75153350830078,793300
2014-08-26,78.81718779177503,78.84344483686799,78.68587752143699,78.8040542602539,730100
2014-08-27,78.84996511552167,78.9747085465549,78.79744103835276,78.93531799316406,1412400
2014-08-28,79.1126916490453,79.17834433326537,78.9945148138577,79.10612487792969,1100200
2014-08-29,79.06667966999903,79.23081377169638,79.04041761265043,79.1651611328125,1257900
2014-09-02,78.83463022326691,78.92680326745699,78.72929175407289,78.78854370117188,3493400
2014-09-03,78.6502873124841,78.89389038085938,78.61737123711731,78.89389038085938,838300
2014-09-04,78.69637362900414,78.78196647545182,78.31451098976439,78.33426666259766,4901900
2014-09-05,78.51861567375643,78.61078872485038,78.27501259697699,78.3474349975586,1557300
2014-09-08,78.48567788993242,78.5449348519273,78.1959883491874,78.21574401855469,1133000
2014-09-09,78.14332547201057,78.15649089584866,77.99848069452284,78.00506591796875,1853400
2014-09-10,77.84708377464686,77.95901252857652,77.82074789272552,77.8800048828125,1894800
2014-09-11,77.94583391636071,78.05117743301822,77.82073974609375,77.82073974609375,1300200
2014-09-12,77.59684163266796,77.70876527873261,77.42566104141774,77.4454116821289,1296900
2014-09-15,77.61664261603427,77.64956372060709,77.43229648575921,77.46521759033203,3575600
2014-09-16,77.47177701541209,77.63637244802223,77.41252507073834,77.4520263671875,1567600
2014-09-17,77.56395392415155,77.62979611892251,77.20184696818237,77.24134826660156,1763300
2014-09-18,77.30062842194693,77.41255214973992,77.24795665955408,77.37963104248047,1521200
2014-09-19,77.4717674141119,77.70219998659714,77.35984373934097,77.68244934082031,739000
2014-09-22,77.72199724385473,77.80099986923571,77.62982416553955,77.75491333007812,1729400
2014-09-23,77.80099723704849,77.8800048828125,77.72857481752877,77.8800048828125,904400
2014-09-24,77.83390778740022,77.84707321504713,77.64956166201242,77.69564819335938,786700
2014-09-25,77.72860027578511,77.97878872445351,77.72202007044149,77.92611694335938,1375200
2014-09-26,77.61006848613826,77.78124921289047,77.29404793850222,77.75491333007812,3295000
2014-09-29,77.76807139509758,77.84049380553112,77.61005612339426,77.72198486328125,3628200
2014-09-30,77.78119820300013,77.96554423873404,77.72194627282255,77.83386993408203,1716100
2014-10-01,78.11451818295626,78.444644629558,78.0749046213096,78.30599212646484,1973500
2014-10-02,78.3059737498463,78.43142338206034,78.15411844095117,78.29936981201172,1891200
2014-10-03,78.28618094431191,78.53707521618496,78.15413238802705,78.52387237548828,2535800
2014-10-06,78.51069829001196,78.66915762305679,78.48428756161593,78.56351470947266,1858400
2014-10-07,78.75496185139231,78.98604934937639,78.67573473055756,78.84739685058594,1887900
2014-10-08,78.9662512493169,79.28317487948179,78.72196088345062,79.25016021728516,2297900
2014-10-09,79.05208993167668,79.19074245022553,78.90683347300728,78.92003631591797,1786200
2014-10-10,78.96624668555569,79.01246418756175,78.8408020585849,78.98605346679688,1371400
2014-10-13,79.17753461242764,79.34920179434079,79.09830748026032,79.19074249267578,1748200
2014-10-14,79.28974064455997,79.39538348957377,79.15769212562081,79.36897277832031,2826400
2014-10-15,79.75853212808111,80.83474226898417,79.31615896878581,79.42840576171875,3497900
2014-10-16,79.71893920396202,79.75195386615864,79.12471054573423,79.25016021728516,2229900
2014-10-17,79.26994896359452,79.36238395191732,79.06527220906956,79.21713256835938,1537800
2014-10-20,79.41525585333957,79.42185979593921,79.21057896874129,79.36243438720703,1735300
2014-10-21,79.23031582188358,79.38877504307555,79.19730117536,79.31614685058594,1150000
2014-10-22,79.18412780761719,79.2435481486796,79.0850888685168,79.18412780761719,957000
2014-10-23,79.03226470947266,79.13130364516464,78.86720149576253,79.03226470947266,1408400
2014-10-24,79.01903672778487,79.19730272544898,78.96621530724443,79.06525421142578,1727800
2014-10-27,79.06527533937283,79.17091820868379,79.00585500338238,79.16431427001953,1946500
2014-10-28,79.03882178538683,79.06523248840077,78.86055583670097,78.9001693725586,2212700
2014-10-29,78.86059434068704,78.90020789588614,78.4776465159991,78.75495147705078,3574000
2014-10-30,78.86720537612071,79.03226859795214,78.76817147288567,78.80778503417969,2542000
2014-10-31,78.77475651629457,78.8605926004371,78.58988654633971,78.79456329345703,1893700
2014-11-03,78.64559194986535,78.77139473341379,78.54627422872234,78.63896942138672,6621700
2014-11-04,78.65891451823869,78.87740765824806,78.63904691322502,78.7516098022461,2155400
2014-11-05,78.66545307923202,78.69193814116454,78.53303282107844,78.60586547851562,1725300
2014-11-06,78.51979073205163,78.59924592085225,78.34764540024747,78.36750793457031,1458700
2014-11-07,78.46020919439718,78.8707201243375,78.46020919439718,78.86409759521484,1730000
2014-11-10,78.7780205745411,78.79126058054598,78.460204863821,78.46682739257812,1710500
2014-11-11,78.46021270751953,78.51980031776255,78.39400256785736,78.46021270751953,805600
2014-11-12,78.67868797648583,78.77800568303105,78.36087232584285,78.45356750488281,1931400
2014-11-13,78.48006566340594,78.49992819772879,78.33440034302608,78.36750793457031,2128500
2014-11-14,78.29467700545851,78.59924765866437,78.2549519359345,78.46682739257812,1784800
2014-11-17,78.55289615289489,78.57938121509655,78.24170298641171,78.28143310546875,1770100
2014-11-18,78.26820867185353,78.36752641840216,78.23510612401094,78.34766387939453,2002900
2014-11-19,78.03643644613328,78.1821017370595,77.93049621582031,77.93049621582031,1890200
2014-11-20,78.26816438659296,78.32775702140795,78.04304900319933,78.22843933105469,2040100
2014-11-21,78.3873891548351,78.625749726548,78.3278015376621,78.566162109375,1820200
2014-11-24,78.53966512632931,78.7184330022412,78.52642006795973,78.69194793701172,1592600
2014-11-25,78.79127201360916,79.08922018129188,78.75816441652881,79.02963256835938,2052800
2014-11-26,79.27462929355627,79.35407945780389,79.22828168057485,79.30110931396484,978200
2014-11-28,79.39383283641214,79.52625318326892,79.39383283641214,79.51300811767578,1037800
2014-12-01,79.54284686352011,79.59596010534428,78.97847371157796,79.23741912841797,6029800
2014-12-02,78.97183952951859,78.9851165738683,78.70625305175781,78.70625305175781,1496200
2014-12-03,78.75938291939867,78.89881470091734,78.71290565889245,78.78594207763672,5153700
2014-12-04,78.75272899966383,79.01167441813588,78.73281090064916,78.91207885742188,2413000
2014-12-05,78.8456686974762,78.88550488802392,78.54688713708902,78.58672332763672,1118600
2014-12-08,78.69958889397223,79.05148872080541,78.62655250738732,78.95853424072266,1842000
2014-12-09,79.09797688739677,79.19093138032021,78.94526810572539,79.02494049072266,1369900
2014-12-10,78.9983901977539,79.19093518116532,78.96518999198494,78.9983901977539,2974000
2014-12-11,79.04487878130273,79.11127413672142,78.79921039404859,78.9187240600586,1915600
2014-12-12,79.11125618019214,79.42995584012033,79.01166063684967,79.04486083984375,3457700
2014-12-15,79.01167234049464,79.33701310234086,78.91871783711001,79.23078155517578,4318600
2014-12-16,79.23738061263934,79.4100124951665,79.10458997416502,79.20418548583984,2041000
2014-12-17,79.35691940377058,79.60258773513249,79.09797403060196,79.22412872314453,1875200
2014-12-18,79.17764780354693,79.35027973286036,78.93197948358704,79.30380249023438,2056600
2014-12-19,79.13781978731066,79.32372877701435,79.03158318425709,79.26396942138672,1088400
2014-12-22,79.38349298691284,79.54948390069654,79.23078418299062,79.51628875732422,2011400
2014-12-23,79.41005159535129,79.4166926502364,78.85896054962231,78.91207885742188,1285700
2014-12-24,78.90010434944098,79.21966989080839,78.8401826358079,79.16641235351562,466200
2014-12-26,79.2929093532231,79.31288156580051,79.13312657320081,79.22633361816406,499100
2014-12-29,79.40605126680727,79.50591736213119,79.29953115668887,79.37942504882812,826200
2014-12-30,79.59249166881439,79.70567090344507,79.42604982515681,79.4460220336914,1052000
2014-12-31,79.61243914820552,79.75224964392186,79.43267916842713,79.49925994873047,1231400
2015-01-02,79.62577142608235,80.05186210972066,79.59248610731781,79.77890014648438,2523600
2015-01-05,80.01858512355837,80.34480972607071,79.9520043202928,80.10513305664062,3218800
2015-01-06,80.32483819420302,80.67103500885352,80.20499985847742,80.43135833740234,5313400
2015-01-07,80.318152665903,80.59111964943654,80.23160476057312,80.53785705566406,1636600
2015-01-08,80.32483227136689,80.33814538350931,80.13841822496188,80.27822875976562,2156900
2015-01-09,80.1717242136148,80.57118371309376,80.15175200055131,80.49129486083984,1530400
2015-01-12,80.51793967079401,80.684381580099,80.47133613936477,80.6444320678711,1948000
2015-01-13,80.64443177979166,80.7442979408987,80.4979671668258,80.71766662597656,1468300
2015-01-14,81.03056099244729,81.10379582305569,80.79088428852945,80.85746002197266,2457000
2015-01-15,80.91066631184309,81.40333249162036,80.85740373040788,81.27684020996094,2171300
2015-01-16,81.03055161785583,81.16370814873997,80.71098610253848,80.82416534423828,1322500
2015-01-20,81.03053891807761,81.26355646135156,80.97727631407172,81.01056671142578,1648900
2015-01-21,81.27685504059372,81.29682724242642,80.7708705834307,80.97725677490234,1878000
2015-01-22,81.14371074638618,81.19697334553759,80.72427920672119,80.93732452392578,1938400
2015-01-23,81.28352151736298,81.49657191464418,81.25023620233857,81.41001892089844,1436300
2015-01-26,81.45662850983287,81.53652241478098,81.22361096965267,81.39005279541016,2347900
2015-01-27,81.67633759728812,81.77620371431875,81.35676703867047,81.4499740600586,1268000
2015-01-28,81.4832505928651,82.11572742742764,81.46993748324732,82.00254821777344,1367900
2015-01-29,81.79615802140128,81.90933722554682,81.68297881725574,81.8094711303711,1674500
2015-01-30,82.25559030309921,82.48860795087664,82.17569636125963,82.48194885253906,3499000
2015-02-02,82.27161373409314,82.59205069820572,82.14477845288363,82.55867004394531,5684700
2015-02-03,82.1514661358521,82.23825381616862,81.79097639259372,81.89111328125,2828500
2015-02-04,81.6174275462945,82.02464723996904,81.57069766799619,82.0046157836914,3209500
2015-02-05,81.83770717546669,81.90446849743225,81.68416835856297,81.74424743652344,1789300
2015-02-06,81.4171381133395,81.50392070119895,80.86972888976155,80.88975524902344,2578400
2015-02-09,81.15011449302979,81.19017230788025,80.84970889410926,80.94316864013672,2426900
2015-02-10,80.9298437695363,80.9765736566036,80.70286639436958,80.72289276123047,2580300
2015-02-11,80.79629436434894,80.8096486657833,80.53594151128965,80.7762680053711,2239600
2015-02-12,80.7762694945468,81.07000301343348,80.7095132656654,80.98321533203125,4045600
2015-02-13,80.96986347908302,81.0165933470912,80.65610361109655,80.66278076171875,2068700
2015-02-17,80.54929838423232,80.62940382270101,80.14875081919344,80.2889404296875,2970300
2015-02-18,80.33564707845589,80.77624723537157,80.24886451414176,80.57597351074219,3221900
2015-02-19,80.53595670255314,80.82969027143072,80.46920046231041,80.56266021728516,2765500
2015-02-20,80.78957103054552,80.98984469218553,80.42240944176656,80.6827621459961,1621100
2015-02-23,80.87638414762498,80.9631667119927,80.81629999293011,80.95648956298828,2191400
2015-02-24,80.81630674199212,81.51058259443074,80.64274159876207,81.48387908935547,1891700
2015-02-25,81.39039608443821,81.57731547331937,81.27023289256155,81.55728912353516,2024500
2015-02-26,81.4438081697371,81.54394501808832,81.06996936860898,81.11669921875,1192200
2015-02-27,81.13674774812213,81.3503707061841,80.98320385959022,81.31031799316406,2892800
2015-03-02,81.23468536244934,81.23468536244934,80.59209123602245,80.60547637939453,4540700
2015-03-03,80.65903072138826,80.839758252739,80.55192914215495,80.55862426757812,4737600
2015-03-04,80.76614767851814,80.77283769833072,80.45823313303752,80.50508880615234,2703200
2015-03-05,80.65903065194611,80.71258144151666,80.41136208034557,80.61217498779297,1307600
2015-03-06,80.12351356299217,80.19714460409614,79.72858807605556,79.75536346435547,3372800
2015-03-09,80.04992290141644,80.11016883220184,79.90935587209813,80.07669830322266,6241000
2015-03-10,80.33772164389615,80.45151833517161,80.1837695254565,80.20384979248047,3356900
2015-03-11,80.37120154160985,80.61887011321038,80.24401969310087,80.61217498779297,1712200
2015-03-12,80.74601253555312,80.80625842493492,80.37786250421931,80.53181457519531,2970700
2015-03-13,80.32434815323757,80.52516106637448,80.25741221782012,80.30426788330078,1845300
2015-03-16,80.60546038417894,80.60546038417894,80.26408567364922,80.38456726074219,1588300
2015-03-17,80.39129652177272,80.5720291929245,80.24403437694839,80.51847839355469,2528800
2015-03-18,80.68582575752444,81.58947384802174,80.56533900499909,81.50914764404297,3382500
2015-03-19,81.31503232283927,81.40204854420455,81.02720315138737,81.0941390991211,2503000
2015-03-20,81.30835404721071,81.46900137644299,81.23472295737788,81.32173919677734,3669300
2015-03-23,81.3752757442973,81.54931329947516,81.36189059707698,81.50914764404297,2946600
2015-03-24,81.58945524430209,81.6630863044388,81.4622733937233,81.6296157836914,2782100
2015-03-25,81.66308406293274,81.8638969681363,81.28823875389604,81.36186981201172,3205900
2015-03-26,81.17447041529654,81.24810149914103,80.80632010296016,80.85987091064453,2681800
2015-03-27,81.11418590605508,81.35515930398222,81.01377947243822,81.18112182617188,1009700
2015-03-30,81.27488351296432,81.38867515838359,81.1811721453383,81.32173919677734,981100
2015-03-31,81.30833921131065,81.50245703936966,81.20793273377868,81.46898651123047,1688400
2015-04-01,81.6830538522376,81.99851100904952,81.62264977747374,81.70319366455078,7393500
2015-04-02,81.844149898618,81.96496318108191,81.54882740354493,81.56896209716797,3013700
2015-04-06,81.89113205312269,81.99181064134372,81.48170954955607,81.67635345458984,3496000
2015-04-07,81.61595307529724,81.9783929596339,81.5287010204616,81.9716796875,2613500
2015-04-08,81.97164928841921,81.97164928841921,81.683040142407,81.9448013305664,3933500
2015-04-09,81.931372726278,81.931372726278,81.45483303781504,81.5286636352539,1780600
2015-04-10,81.75691467787254,81.81732389568295,81.58911869167169,81.64281463623047,1325000
2015-04-13,81.64953567499248,81.7837704284291,81.57570502438406,81.61597442626953,1710100
2015-04-14,81.91796100054381,82.09246505084121,81.78372120717137,81.8038558959961,2245000
2015-04-15,81.98510866297966,82.07907399273567,81.85758209228516,81.85758209228516,1560900
2015-04-16,81.97836566558092,81.97836566558092,81.59579121294401,81.8105697631836,1820500
2015-04-17,81.7636222793497,82.11934892610316,81.6495222456225,82.03209686279297,1625800
2015-04-20,82.01194971157041,82.11933645620488,81.77703128627591,81.83744049072266,1527200
2015-04-21,81.91795455790665,81.95151066306728,81.73673213128765,81.81727600097656,2441600
2015-04-22,81.83740333936294,81.84411660808186,81.27360654361682,81.28703308105469,2106000
2015-04-23,81.3072246446656,81.60925537889447,81.24010727269554,81.49515533447266,1962900
2015-04-24,81.62268053094328,81.77034181919049,81.55556316012014,81.64952850341797,1690200
2015-04-27,81.6494976353532,81.72332825156472,81.42800578671866,81.5890884399414,1564700
2015-04-28,81.36093396172554,81.46832075038057,81.0521899033412,81.10588073730469,1972700
2015-04-29,80.54874407911467,80.6427093720677,80.2735563492348,80.43463897705078,3087100
2015-04-30,80.31386224833052,80.54877557256093,79.98497847368156,80.50179290771484,5716000
2015-05-01,80.23930152004306,80.40756041263336,79.95662781285627,80.05757904052734,3462200
2015-05-04,80.0979484524276,80.19890479451624,79.7950794261617,79.80181121826172,2689600
2015-05-05,79.84894605795967,79.88259989311715,79.4518575043438,79.66722869873047,3307400
2015-05-06,79.62011191049008,79.62011191049008,79.20282799845101,79.323974609375,2105900
2015-05-07,79.42492576793843,79.69414101177276,79.32396940964385,79.64029693603516,3641200
2015-05-08,80.15179273222019,80.24602242334848,79.97680720476829,80.09795379638672,5393700
2015-05-11,79.82874419575553,79.85566623299351,79.20955274384276,79.29031372070312,3882800
2015-05-12,79.04800968588378,79.40472277925475,78.87975082734862,79.17588806152344,3737200
2015-05-13,79.55949368926315,79.60660594983122,79.07490750350523,79.1018295288086,3263600
2015-05-14,79.24991665761486,79.51240004722132,79.15569211441525,79.37106323242188,3094300
2015-05-15,79.55952621551475,79.97007828324689,79.48549189937594,79.92296600341797,1856500
2015-05-18,79.62683626600413,79.74125621485058,79.2499379917444,79.31050872802734,2820500
2015-05-19,78.9470657329264,79.28358348091868,78.8797580754453,78.88648986816406,3562500
2015-05-20,79.00094129025966,79.20285408659113,78.81922388144592,78.98075103759766,2626800
2015-05-21,79.1153194363556,79.38452950927258,79.0278215412899,79.35761260986328,1606900
2015-05-22,79.29704780883306,79.31723805363252,79.08840843276701,79.30377960205078,2858500
2015-05-26,79.32395401530167,79.69412554559166,79.29030019078343,79.65373992919922,2232300
2015-05-27,79.66047039488157,79.78834876409876,79.47874796127265,79.73450469970703,2282700
2015-05-28,79.7075828509289,79.74796333188931,79.54605579223464,79.56624603271484,2901000
2015-05-29,79.7546920584174,79.80180432934475,79.505667120743,79.59989166259766,2845800
2015-06-01,79.54525176561833,79.63298860762089,79.11330782945858,79.15380096435547,5315800
2015-06-02,78.87707543557823,78.95806169114309,78.68809549118063,78.74884033203125,7084900
2015-06-03,78.58687524058811,78.58687524058811,78.09418646066972,78.24266815185547,3307900
2015-06-04,78.37091706941331,78.74211621353199,78.37091706941331,78.64762878417969,2849100
2015-06-05,78.22917359851313,78.43164442271593,77.95245677817137,78.24942016601562,5548400
2015-06-08,78.34393921236872,78.42492551507745,78.1954574584961,78.1954574584961,2131100
2015-06-09,78.06722030583995,78.06722030583995,77.77700738038709,77.84449768066406,6152300
2015-06-10,77.73651482020755,77.80400512099689,77.56778649364426,77.6352767944336,1959600
2015-06-11,77.97943191804858,78.33713490748377,77.8107037042262,78.32363891601562,2562600
2015-06-12,78.12798096535792,78.51268141875873,78.10773438610224,78.188720703125,2437900
2015-06-15,78.42487774920909,78.45862545423648,78.07392530313763,78.17516326904297,1827600
2015-06-16,78.26295255297833,78.37094116210938,78.06048163462809,78.37094116210938,2274100
2015-06-17,78.31689967084706,78.42488306573676,77.93219949366886,78.36414337158203,3824200
2015-06-18,78.18870253264363,78.289940554576,77.97273048880508,78.22245025634766,1853100
2015-06-19,78.44518693241557,78.70840274710112,78.33044774076805,78.64090728759766,5114500
2015-06-22,78.35064917175379,78.4586377253897,77.97945010428005,78.01994323730469,2547700
2015-06-23,77.6757693553817,78.04697373067484,77.6757693553817,77.84449768066406,1238700
2015-06-24,77.91193553493845,78.10091029568927,77.81744815456302,78.06041717529297,2540000
2015-06-25,77.93897103209889,78.04695445603826,77.79048931865098,77.93222045898438,2567500
2015-06-26,77.628467259532,77.70270807876715,77.4327470806495,77.57447814941406,2285000
2015-06-29,77.76348194924427,78.35065300352807,77.7162382420125,78.24942016601562,5945700
2015-06-30,78.06719680447398,78.41140392620017,78.01995309358436,78.10094451904297,2668600
2015-07-01,77.85730241223492,78.03328315780688,77.85053253173828,77.85053253173828,4088700
2015-07-02,78.04000796502717,78.28367188311604,78.026468211854,78.14830017089844,1971000
2015-07-06,78.43261192342442,78.56121382284222,78.23632671627817,78.45968627929688,4845100
2015-07-07,78.95374904489405,79.09588547694058,78.6897806476786,78.78453826904297,3627500
2015-07-08,78.85901371680852,78.99438031019601,78.66949842050423,78.89285278320312,3490600
2015-07-09,78.62213803836717,78.6492072322705,78.32432526637304,78.3717041015625,1427800
2015-07-10,77.93851765703566,78.0806541497517,77.70838821842024,77.87083435058594,2740000
2015-07-13,77.55266233619075,77.8910837932376,77.55266233619075,77.70156860351562,3146100
2015-07-14,77.74895212936349,77.83693985454218,77.60681572842778,77.76925659179688,4364200
2015-07-15,77.74220399556344,78.08739544517441,77.68128542732462,77.97232818603516,1923800
2015-07-16,77.85726791394734,78.14831067947308,77.78281475319167,78.09416198730469,2036600
2015-07-17,78.10092136259797,78.25659754067252,78.10092136259797,78.14830017089844,2268200
2015-07-20,78.00619274808149,78.1415593467245,77.93850944875997,77.96558380126953,2805800
2015-07-21,77.84372549261674,78.16184257222754,77.83695561580079,78.12799835205078,2490900
2015-07-22,78.11444538699959,78.34456950557855,78.06706142433734,78.22950744628906,1292900
2015-07-23,78.19571776442217,78.52736958702532,78.10772998076574,78.45968627929688,2007600
2015-07-24,78.58823737510801,78.58823737510801,78.29042481693824,78.42579650878906,2704700
2015-07-27,78.4664385275284,78.63564934077986,78.38521547816217,78.4325942993164,4836700
2015-07-28,78.26340667032618,78.39200857894286,78.17541888037597,78.3717041015625,2755100
2015-07-29,78.33105230931133,78.38519583141387,78.18891071757126,78.3039779663086,1569200
2015-07-30,78.35812382335165,78.45965132166151,78.24306173508859,78.34458923339844,2157600
2015-07-31,78.58823814819637,78.79129310601907,78.58146827256172,78.75067901611328,3626900
2015-08-03,78.6421046103362,78.99506188796113,78.62174238759135,78.93397521972656,2942800
2015-08-04,78.7303364774499,78.77106609834581,78.49276859968761,78.53349304199219,3823200
2015-08-05,78.40456203461439,78.40456203461439,78.11947528834287,78.22808074951172,2991600
2015-08-06,78.3162885281541,78.45882925689139,78.28235321860222,78.37738037109375,1750800
2015-08-07,78.49275341254179,78.6963859418476,78.43166676090425,78.64887237548828,2907200
2015-08-10,78.45205931642853,78.51993512624871,78.29594029310901,78.336669921875,1317600
2015-08-11,78.66244506835938,78.87965068185989,78.6149315022371,78.66244506835938,5011600
2015-08-12,78.66247699275496,78.91362318909246,78.49957401116458,78.54029846191406,5062200
2015-08-13,78.33663400905083,78.50632604510344,78.20766640450205,78.26875305175781,1647500
2015-08-14,78.24842528587409,78.41811739663582,78.17376034285155,78.34345245361328,1693600
2015-08-17,78.60140125718274,78.80502871786557,78.45885530253368,78.59461212158203,3313900
2015-08-18,78.41128012973,78.4927341571886,78.24837725340188,78.29589080810547,2200900
2015-08-19,78.12623477345036,78.7303381807978,78.0583589752771,78.67604064941406,2600100
2015-08-20,78.70317386293597,78.81177926499839,78.60814672542665,78.72354125976562,1760100
2015-08-21,78.7439193725586,78.93397368593992,78.61495172622485,78.7439193725586,2971100
2015-08-24,79.0764958400709,79.13758249276472,78.48596563774521,78.52669525146484,3966000
2015-08-25,78.29591275729278,78.43845346136285,77.97010691330135,78.126220703125,2625300
2015-08-26,77.97691142710323,78.21448450845158,77.84115981941152,78.07872772216797,3299400
2015-08-27,77.9293713515984,78.32305813008475,77.85470643917547,78.15336608886719,2957800
2015-08-28,78.54024771189216,78.57418818464718,78.24158812313307,78.29589080810547,1901200
2015-08-31,78.59456307637453,78.6149252918769,78.09906005859375,78.09906005859375,1250200
2015-09-01,78.32714925817255,78.61987217490486,78.1773833202564,78.57221984863281,3856800
2015-09-02,78.26590310007236,78.59946946449651,78.26590310007236,78.45651245117188,1824500
2015-09-03,78.67429675805853,78.92617619011494,78.57218319405126,78.83087158203125,11303000
2015-09-04,78.94661612819992,79.10318579468287,78.81727190428659,79.00788116455078,1648600
2015-09-08,78.80369608903617,78.84453946573153,78.62669946716419,78.64031219482422,1892300
2015-09-09,78.44286993991494,78.85812290073676,78.4224430654398,78.81047058105469,2079100
2015-09-10,78.67430656429987,78.72876783105355,78.53134963435568,78.65388488769531,2566500
2015-09-11,78.68115863392886,78.89218966609218,78.67434967342565,78.70838928222656,2333300
2015-09-14,78.81727966503728,78.84451030400098,78.61305766337955,78.70155334472656,1732500
2015-09-15,78.51776324204519,78.61307309398273,78.04123995092924,78.10931396484375,3090400
2015-09-16,78.15693079765867,78.3203145893072,78.12289640301589,78.25223541259766,2918300
2015-09-17,78.23864284566268,78.9262021965725,78.21141220670738,78.89897155761719,4106700
2015-09-18,79.02152645860508,79.2257485109121,78.9670651671707,79.13725280761719,4692400
2015-09-21,78.9261896931135,79.03510703796675,78.70154085260602,78.73558044433594,3209900
2015-09-22,79.0010981691025,79.20532020433875,78.92621519806829,79.07598114013672,4001000
2015-09-23,79.048693769946,79.11676773284032,78.91934960484944,79.02826690673828,2435200
2015-09-24,79.28020806379007,79.32105143461288,79.02152472572139,79.04194641113281,2378100
2015-09-25,78.79003961702601,78.93299655922861,78.72877458195892,78.80365753173828,2858800
2015-09-28,78.8580893070051,79.07593432556442,78.76278470824096,78.93978118896484,3099400
2015-09-29,78.90579837924709,79.06917705625285,78.84452812929837,79.04194641113281,2267100
2015-09-30,78.88531002654706,79.0554975306381,78.85127564195513,79.02826690673828,4404200
2015-10-01,79.01737484738051,79.14026366584635,78.90131463235674,79.01055145263672,6459600
2015-10-02,79.43383314455131,79.52941276039589,79.2085361034755,79.35873413085938,3480100
2015-10-05,79.14031189532615,79.24272017457345,79.05838943888948,79.14714050292969,7567200
2015-10-06,79.14711151842586,79.34509939681166,78.95595224514288,79.30413818359375,3241200
2015-10-07,79.35871789758808,79.60449549054134,79.14024950481823,79.58401489257812,5884900
2015-10-08,79.58406006919084,79.58406006919084,79.1812608574021,79.27001190185547,2175000
2015-10-09,79.25634315657346,79.38606061002957,79.18807273164377,79.30413818359375,3798800
2015-10-12,79.4133601458946,79.67278981249797,79.4133601458946,79.625,860400
2015-10-13,79.6113197638097,79.63180036065927,79.358713582372,79.56352996826172,2147200
2015-10-14,79.76841051011888,79.88447600768922,79.58407976948627,79.87764739990234,1976500
2015-10-15,79.77522778791263,79.84349822998047,79.61137768520966,79.84349822998047,4233500
2015-10-16,79.823006380024,79.89810541833575,79.76156455342354,79.87079620361328,3055300
2015-10-19,79.83666630925032,79.87079892229013,79.63184979621026,79.86397552490234,2510700
2015-10-20,79.63185561122141,79.7752250973387,79.57041377804286,79.71378326416016,4190100
2015-10-21,79.91172808742662,80.13019650207113,79.91172808742662,80.10971069335938,2497700
2015-10-22,80.08927433745536,80.41015113813069,80.0278325034711,80.28043365478516,2396900
2015-10-23,80.11655151720704,80.15751793218168,79.9868392944336,79.9868392944336,3682800
2015-10-26,80.13023376464844,80.17119498372419,79.96637847094482,80.13023376464844,3771900
2015-10-27,80.32817247164496,80.34865306863881,80.13018468620928,80.15066528320312,2809600
2015-10-28,80.07559610208003,80.12338591575775,79.75471940651572,79.8366470336914,4693300
2015-10-29,79.61134600086197,79.62499800036187,79.19488969868162,79.27681732177734,2942100
2015-10-30,79.32459175622454,79.49527036473096,79.2494927517859,79.48161315917969,2664100
2015-11-02,79.2837828634249,79.33855179906925,79.11946038583788,79.13999938964844,6241700
2015-11-03,79.1468505859375,79.22216375191307,79.03045941072128,79.1468505859375,2672700
2015-11-04,79.16736624801246,79.27691453842255,79.0441270330761,79.05782318115234,4176400
2015-11-05,79.11944714136969,79.22899544142282,78.8935129137234,79.078369140625,3743100
2015-11-06,78.61961635252591,78.65384626511762,78.48952910345157,78.5648422241211,4306200
2015-11-09,78.42106249791352,78.60591864817454,78.34574937873911,78.43475341796875,3253200
2015-11-10,78.53063870200677,78.7771171555047,78.44163462517993,78.63333892822266,2228800
2015-11-11,78.59911350808116,78.66757858830015,78.55118742957279,78.62649536132812,910900
2015-11-12,78.56485543427536,78.87295081714693,78.5580073611862,78.59909057617188,3102000
2015-11-13,78.79761301335328,78.8660832757092,78.72230512714751,78.83184814453125,2618900
2015-11-16,78.87978044745337,78.94140264374944,78.74969320692126,78.84555053710938,2558400
2015-11-17,78.70181016314383,79.07837594755254,78.6401931567229,78.92774963378906,3857700
2015-11-18,78.87291383069514,79.01669718039572,78.78390981647048,78.94822692871094,1713300
2015-11-19,79.05781396105746,79.26320914629726,79.03727496488843,79.1810531616211,2890500
2015-11-20,79.16736602783203,79.25637531943018,79.06467103529567,79.16736602783203,2344900
2015-11-23,79.1057591042134,79.24953733562042,79.05783302707773,79.19476318359375,1948100
2015-11-24,79.17421900656383,79.29745822879191,79.13314100700457,79.2221450805664,1659500
2015-11-25,79.24950588768321,79.3590541482654,79.20157982956566,79.29743194580078,609600
2015-11-27,79.35909477398545,79.42071178444465,79.32485961914062,79.32485961914062,409200
2015-11-30,79.31800185750068,79.38646693527843,79.28377193038709,79.35908508300781,4925000
2015-12-01,79.39955908738831,79.96944649464618,79.34462904462238,79.9557113647461,5961700
2015-12-02,79.79093853627684,79.8733336128808,79.68108367255621,79.76347351074219,6138300
2015-12-03,79.35839847600246,79.43392600784698,78.65805322406607,78.70611572265625,4515400
2015-12-04,78.8159806347642,79.15241814529577,78.8159806347642,79.13182067871094,3120500
2015-12-07,79.11121713085998,79.53004971395501,79.09061966585848,79.26913452148438,3094600
2015-12-08,79.37212520827129,79.37899277591586,79.11121526038886,79.16614532470703,3754100
2015-12-09,79.07689361816497,79.24854616413047,78.9121086407957,79.14555358886719,3394600
2015-12-10,79.15929979972653,79.28288985964761,78.9601821899414,78.9601821899414,4722600
2015-12-11,79.15241083869454,79.24167350354858,78.82970325620224,79.09748077392578,7949600
2015-12-14,78.85714466601446,78.96013719699843,78.39711729782611,78.51383972167969,6442800
2015-12-15,78.3216343435345,78.70613442361508,78.23237689306457,78.520751953125,3822600
2015-12-16,78.4863681804041,78.7060831169976,78.06753576402002,78.50696563720703,2540900
2015-12-17,78.72674823612955,78.7816730850159,78.50702788689837,78.5962905883789,2327500
2015-12-18,78.6306179641302,78.79540822605357,78.568825544725,78.5962905883789,2566200
2015-12-21,78.79537920869384,78.89150420687255,78.58939407635688,78.65119171142578,3026000
2015-12-22,78.56879234968662,78.67864723946745,78.47266735672117,78.5481948852539,2204900
2015-12-23,78.46578914067997,78.63057407219823,78.4177266507197,78.6168441772461,1923200
2015-12-24,78.72838648473387,78.87298583984375,78.63199041678843,78.87298583984375,920100
2015-12-28,78.74217427415248,78.87988146607915,78.63889125361115,78.77660369873047,2422500
2015-12-29,78.68710740378646,78.75596101559456,78.36348964977509,78.37037658691406,2965700
2015-12-30,78.33594715441308,78.52874462194718,78.30840991224491,78.37037658691406,1890600
2015-12-31,78.61130905643613,78.68016261762016,78.49425747710428,78.50114440917969,1228200
2016-01-04,78.59759711841055,78.77662070912626,78.41857352769482,78.45988464355469,8333700
2016-01-05,78.55622410621291,78.65262539569854,78.43229084799566,78.50114440917969,4474300
2016-01-06,78.82480902863166,78.85923320319955,78.70087044316239,78.81103515625,4522400
2016-01-07,78.88675445532523,78.9624949734526,78.66641983527968,78.87298583984375,4820000
2016-01-08,78.85232433050274,79.12774391639049,78.79724461587853,78.93495178222656,4363500
2016-01-11,78.83164914902923,78.91427658017594,78.65263092799692,78.68016815185547,4161500
2016-01-12,78.70084444559573,79.1208581102083,78.70084444559573,78.85920715332031,2616600
2016-01-13,78.99008549371939,79.18287774685272,78.8661468662487,79.10025024414062,5649800
2016-01-14,79.11394756545091,79.12771617598209,78.67327848379591,78.70770263671875,4735300
2016-01-15,78.72837487187842,78.83165785892565,78.48050305743234,78.59066772460938,5977900
2016-01-19,78.52182372739354,78.57690869429561,78.22574859678433,78.23951721191406,3374300
2016-01-20,78.38411224279415,78.45297107883685,78.15689594470479,78.35657501220703,6175300
2016-01-21,78.36345197311378,78.48739051605705,78.0536082423513,78.12934875488281,3928300
2016-01-22,78.10181837465825,78.32903994746083,78.0467334018833,78.17755889892578,2932000
2016-01-25,77.93656220972723,78.29460399651995,77.93656220972723,78.09492492675781,2485200
2016-01-26,78.15688389121593,78.34278906156236,78.10868586533421,78.31524658203125,4002200
2016-01-27,78.17069076413507,78.29462935608996,77.95035607323678,78.10183715820312,2535900
2016-01-28,77.991643253496,78.32214781502091,77.991643253496,78.19132232666016,4187100
2016-01-29,78.6457016577007,78.6457016577007,78.4253672131136,78.59750366210938,2022700
2016-02-01,78.37455551279817,78.44361301661984,78.11213489077589,78.34693145751953,8696800
2016-02-02,78.47809055986622,78.54714801630826,78.2916349005981,78.49190521240234,5881200
2016-02-03,78.39519678587376,78.68524645276716,78.20183385377467,78.29851531982422,3732100
2016-02-04,78.374525168341,78.50573806292502,78.26403425875532,78.33309173583984,3367500
2016-02-05,78.22949544879594,78.38142504518706,78.1190045497143,78.31927490234375,4334400
2016-02-08,78.48502652655792,78.78197843949269,78.38143766972055,78.72673034667969,3265200
2016-02-09,78.49190593566621,78.7819504166431,78.44355992009048,78.4573745727539,3346900
2016-02-10,78.54717744897569,78.67839035350512,78.46431057769242,78.55408477783203,3738300
2016-02-11,78.72672361115502,79.06510893037468,78.6576661354211,78.81649780273438,5333600
2016-02-12,78.49881726366958,78.60931342304114,78.15352466875373,78.37451171875,4180600
2016-02-16,78.40211220956786,78.40211220956786,77.95323091725481,78.00157165527344,4972200
2016-02-17,77.9670942354681,78.13283325945332,77.80825727211867,77.98090362548828,5008100
2016-02-18,78.16731204755291,78.64381207952025,78.09134728167861,78.6161880493164,3810700
2016-02-19,78.58857526521504,78.70597345095175,78.42973839664829,78.56095123291016,3587300
2016-02-22,78.63695124992391,78.75434948827892,78.57479583219327,78.71981811523438,4556800
2016-02-23,78.5540633472188,78.93388729947328,78.41594842026085,78.8786392211914,2832100
2016-02-24,79.07193455230143,79.29292140754943,78.913097780369,78.95453643798828,3402200
2016-02-25,79.12727855347063,79.49328798244811,79.12727855347063,79.3966064453125,4531800
2016-02-26,79.35510999339698,79.38963607567325,79.12030839769395,79.3689193725586,5422500
2016-02-29,79.31369057144984,79.46562012283003,79.26534982953304,79.42418670654297,5231900
2016-03-01,79.72550551405581,79.72550551405581,78.90130652438486,78.99134826660156,8301800
2016-03-02,78.92208221652359,79.1644974093076,78.83204576020991,79.15064239501953,3519600
2016-03-03,79.15754157099443,79.58002952519372,79.15061406632981,79.52462005615234,3614600
2016-03-04,79.46920533458055,79.52461479995964,79.26834998568451,79.5107650756836,2040600
2016-03-07,79.29603759212914,79.62156152575317,79.29603759212914,79.60078430175781,3616900
2016-03-08,80.18258051092872,80.24491747700289,79.96094794603522,80.02328491210938,3279800
2016-03-09,79.78781449530005,80.02330211846034,79.77396476882629,79.93326568603516,3205800
2016-03-10,80.27955630271576,80.40421967682435,79.92632755699532,80.26570129394531,4459000
2016-03-11,80.54969506696263,80.60509926628997,80.32113491076757,80.4942855834961,4603500
2016-03-14,80.63975326207623,80.75749448309163,80.48737978351954,80.72978973388672,2997400
2016-03-15,80.91676729530778,80.91676729530778,80.61202044430522,80.70205688476562,6599400
2016-03-16,80.58427987209775,81.11758662421175,80.52194819891209,81.08988189697266,3975400
2016-03-17,81.08989609376931,81.5123840108939,81.08989609376931,81.3392333984375,3341900
2016-03-18,81.63017475157818,81.66480700876437,81.38083729543115,81.52628326416016,3315200
2016-03-21,81.38770580271964,81.61626056838276,81.32536884180298,81.42926025390625,2948600
2016-03-22,81.58856021918268,81.58856021918268,81.22840403243563,81.27688598632812,3762900
2016-03-23,81.44314696739855,81.68556213378906,81.24921906159743,81.68556213378906,5338700
2016-03-24,81.90719721465689,81.90719721465689,81.58860060506896,81.65093231201172,2601500
2016-03-28,81.68552161611991,81.85867220100458,81.63011216076406,81.69937133789062,3274500
2016-03-29,81.92108232382485,82.14271507335006,81.80334108154555,82.0665283203125,3758500
2016-03-30,82.06647687632899,82.06647687632899,81.85869927622568,81.96951293945312,3877600
2016-03-31,81.99028949730477,82.32274105253174,81.92795780302745,82.29503631591797,7853500
2016-04-01,82.40755578081279,82.62286248770869,82.08806652901927,82.56035614013672,6809800
2016-04-04,82.58120035211897,82.59508888673835,82.41451144196182,82.56730651855469,4138700
2016-04-05,82.43536349854887,82.83819467099332,82.34506945902751,82.83125305175781,6944700
2016-04-06,82.69924526361169,82.77564542719551,82.58812112499909,82.76175689697266,4793600
2016-04-07,82.9562416839179,83.02569494427999,82.82427677996904,82.98402404785156,3591900
2016-04-08,82.91459516261769,82.92154208082333,82.74790621830398,82.79652404785156,2060900
2016-04-11,82.71315060214073,82.88678640939918,82.63675572197579,82.78955078125,1998600
2016-04-12,82.56730439055316,82.67843386042374,82.37978003382754,82.46312713623047,3553400
2016-04-13,82.49091134001385,82.76178812151737,82.44229351747636,82.74789428710938,2502200
2016-04-14,82.77562305661843,82.81035232120465,82.58809880510148,82.69227600097656,1864000
2016-04-15,82.85898104800057,83.08123459343679,82.74785162581121,83.03955841064453,3789500
2016-04-18,82.88678083015128,83.12987518310547,82.88678083015128,83.12987518310547,2827400
2016-04-19,83.15765871025873,83.2896183134577,83.04652925604485,83.28267669677734,2577100
2016-04-20,83.38683686397903,83.61603734216112,83.03262372381717,83.05345916748047,3040900
2016-04-21,83.10900887627903,83.12984431618008,82.87980843948348,83.01871490478516,3579500
2016-04-22,83.28269039198395,83.28269039198395,83.03265437783021,83.10905456542969,1651800
2016-04-25,83.12293112145537,83.129878037221,82.85900661074629,82.91456604003906,2923600
2016-04-26,82.99790046200897,82.99790046200897,82.73397599159038,82.87982940673828,3286600
2016-04-27,83.06043554411711,83.40770721435547,82.94236444798291,83.40770721435547,3091100
2016-04-28,83.27572531594498,83.53270289188352,83.22016059181739,83.48408508300781,3503200
2016-04-29,83.40074317883769,83.63688530763325,83.24099592193076,83.57437896728516,2924600
2016-05-02,83.53607964995209,83.60572631974206,83.41072308294302,83.46643829345703,6771200
2016-05-03,83.59877526758956,83.73805800503362,83.50127628871954,83.61270141601562,3732700
2016-05-04,83.5709258072257,83.57789153876597,83.3759278304696,83.47342681884766,4228200
2016-05-05,83.54304973921472,83.66144058276393,83.3062680521163,83.64054870605469,4466000
2016-05-06,83.60571876957076,83.60571876957076,83.35500565819375,83.45946502685547,3045000
2016-05-09,83.53610542416219,83.53610542416219,83.29932367636343,83.37593078613281,6202800
2016-05-10,83.43859065861912,83.55002109296242,83.3410916852165,83.51519775390625,5469900
2016-05-11,83.45946677424213,83.73803749419284,83.39679115173286,83.60572052001953,3416600
2016-05-12,83.64054944845306,83.64054944845306,83.34108681527364,83.43162536621094,2681900
2016-05-13,83.50822184062137,83.6126812118149,83.41768330119424,83.58482360839844,4328100
2016-05-16,83.58485518566545,83.58485518566545,83.29235820923292,83.30628967285156,2968400
2016-05-17,83.29932663622532,83.43164897840086,83.22968525576857,83.27843475341797,3386000
2016-05-18,83.18791745277832,83.18791745277832,82.48453242298352,82.56809997558594,7022100
2016-05-19,82.6098221790365,82.8187462046825,82.6098221790365,82.76303100585938,5759900
2016-05-20,82.825737092597,82.86752084775996,82.65859675864968,82.81877136230469,2977700
2016-05-23,82.81877136230469,82.86056043076307,82.67252290593886,82.81877136230469,2842000
2016-05-24,82.8675519353891,82.8675519353891,82.5680891800222,82.67951965332031,3498100
2016-05-25,82.68645427359473,82.84662887706972,82.66555708274132,82.82573699951172,4793800
2016-05-26,82.8466482772578,83.18789475497084,82.8466482772578,83.06253814697266,4858600
2016-05-27,83.06948114292052,83.1600196931536,82.89537508575872,82.99983978271484,2762800
2016-05-31,82.87450543770896,83.22271764543042,82.81182979070148,83.14611053466797,3170400
2016-06-01,83.30253018792996,83.40030268543022,83.13492095338685,83.20475769042969,5528700
2016-06-02,83.30253874406537,83.52601952247741,83.26762303605847,83.37237548828125,2709400
2016-06-03,83.84027598432888,84.04280090332031,83.75646871122139,84.04280090332031,2998800
2016-06-06,84.02185306397308,84.02185306397308,83.81932281040052,83.84027862548828,6401500
2016-06-07,84.0288396208008,84.11962684143168,83.93106712836715,83.96598815917969,3663400
2016-06-08,84.07076677609342,84.25234660210307,84.03585106260883,84.245361328125,2478800
2016-06-09,84.44093490426273,84.4828359032387,84.3152265791305,84.3641128540039,2885400
2016-06-10,84.43387150144018,84.60846593989304,84.41990096257229,84.46180725097656,4209200
2016-06-13,84.6084722647709,84.6084722647709,84.28023384343027,84.33610534667969,3979900
2016-06-14,84.44785520325713,84.5176919282902,84.11961673458103,84.14755249023438,6301100
2016-06-15,84.43387150144018,84.56655965148875,84.25927706298732,84.46180725097656,5589500
2016-06-16,84.44787611877912,84.68532743654274,84.40597513902162,84.58755493164062,4550700
2016-06-17,84.5595860314776,84.5595860314776,84.2872191133864,84.33610534667969,2673200
2016-06-20,84.28028579956295,84.29425101988451,84.14061228353488,84.23139953613281,4549700
2016-06-21,84.30121502770726,84.34311600630481,84.09170480651773,84.15455627441406,4396400
2016-06-22,84.1755339596964,84.31521281381953,84.1545834636288,84.3082275390625,4090400
2016-06-23,84.25930915482931,84.29422485889857,84.15455138621861,84.2243881225586,3942700
2016-06-24,84.41992915599354,84.85292542611462,84.41992915599354,84.6224594116211,5294900
2016-06-27,84.91578090284139,85.1951331765099,84.91578090284139,84.9786376953125,7323900
2016-06-28,85.08340183807447,85.47449185358842,85.07641656545404,85.4465560913086,5555700
2016-06-29,85.56529892654513,85.68402727581673,85.3557886531659,85.41864013671875,5325800
2016-06-30,85.50942285625034,85.78876985520822,85.41165034097459,85.71893310546875,5398300
2016-07-01,86.1257736517746,86.25182183300956,85.96471535179116,86.16779327392578,4396300
2016-07-05,86.45488701455517,86.53892090386444,86.2728162590227,86.4618911743164,4415000
2016-07-06,86.58093608152255,86.65796581187513,86.4128736437572,86.61595153808594,6770300
2016-07-07,86.57394413447888,86.73500777773931,86.45490011354384,86.62996673583984,2597100
2016-07-08,86.86805174184518,87.12714689858342,86.73499941209822,87.11314392089844,3835300
2016-07-11,87.0291350498577,87.16919158002108,86.87507553798318,86.88908386230469,3000200
2016-07-12,86.71400313967284,86.7210019580879,86.39188118646776,86.39888000488281,4363000
2016-07-13,86.75600011723128,86.87504411785771,86.64396027623242,86.73499298095703,3738500
2016-07-14,86.29384896113841,86.60896677033061,86.27984063833311,86.52493286132812,7254900
2016-07-15,86.32184132419933,86.48290495543105,86.132771736988,86.19579315185547,4442600
2016-07-18,86.41988354056359,86.44788949654317,86.01372772494352,86.19579315185547,4737300
2016-07-19,86.41986152737861,86.41986152737861,86.14675277136011,86.3498306274414,7196300
2016-07-20,86.26582875069299,86.34985730840927,86.0907621319718,86.32184600830078,3676800
2016-07-21,86.04876841439604,86.4479202115356,85.99275113992496,86.41991424560547,3570100
2016-07-22,86.25180561132248,86.55992451697209,86.20278718020626,86.370849609375,3748200
2016-07-25,86.49691262702197,86.49691262702197,86.2728275687632,86.32184600830078,3295600
2016-07-26,86.52490701858467,86.52490701858467,86.11175244359302,86.23780059814453,4929300
2016-07-27,86.40587289021917,86.65096506799914,86.27282056116341,86.5949478149414,5976800
2016-07-28,86.40589948820094,86.56696316466953,86.30786258691066,86.51094055175781,5276100
2016-07-29,86.48293588262634,86.86108053488634,86.48293588262634,86.82606506347656,4226100
2016-08-01,86.58243283853007,86.66668624245555,86.32265552718326,86.33670043945312,4827700
2016-08-02,85.95756455686308,86.12606600109288,85.73289417903521,85.85224914550781,4526700
2016-08-03,86.02776274650145,86.11201613681187,85.782030387134,85.9645767211914,6037600
2016-08-04,86.25242757793268,86.51922728522734,86.16817954957719,86.32965850830078,3413100
2016-08-05,86.26648418995835,86.3296702197968,85.94352087213454,85.97862243652344,3888300
2016-08-08,85.89437533092497,86.19627666091333,85.81714974098792,86.03479766845703,4161300
2016-08-09,86.27343787936226,86.58236141568969,86.1821674511565,86.54023742675781,4259100
2016-08-10,86.77898828851825,86.86324166286123,86.5543179801663,86.7860107421875,6338800
2016-08-11,86.84919373651103,86.89132310049938,86.39985313542691,86.4981460571289,4227600
2016-08-12,86.89131164550781,87.10193701143258,86.8351427386365,86.89131164550781,6585200
2016-08-15,86.79304137149236,86.80708092359068,86.6245346069336,86.6245346069336,2980700
2016-08-16,86.72281929493205,86.72984174859504,86.43496297350165,86.4700698852539,4526300
2016-08-17,86.53326976637126,86.82113149049711,86.48412329597947,86.70879364013672,4566900
2016-08-18,86.87726608865907,87.01768835478376,86.70876472587118,86.91939544677734,4237900
2016-08-19,86.73689892026793,86.84923144102548,86.5403129915186,86.65966796875,5272100
2016-08-22,86.94746820968598,87.03874401515841,86.80705131035181,86.9544906616211,5221000
2016-08-23,87.09497056946005,87.22134800514006,86.98965514696589,87.05284118652344,5398800
2016-08-24,87.17923753041308,87.23540648213438,86.9896740140613,86.99669647216797,3871200
2016-08-25,87.00366213776175,87.10897752083595,86.89132965729539,86.91239166259766,3679300
2016-08-26,87.09495110945771,87.37578503127432,86.58241902467135,86.63858795166016,3388100
2016-08-29,86.91942522268151,87.23536605571057,86.85623384213756,87.13005065917969,2668000
2016-08-30,87.11601603073116,87.13005558466593,86.92644723494648,87.0177230834961,10626500
2016-08-31,87.06687363650568,87.09495810225496,86.89836684200996,86.98262023925781,5300000
2016-09-01,86.72215501019186,87.02483807872756,86.63768881367423,86.98260498046875,10146300
2016-09-02,86.98966131231786,86.99669658300697,86.65178035399329,86.8277587890625,4155700
2016-09-06,86.91223583303592,87.21491897519377,86.70810019107496,87.13044738769531,6387400
2016-09-07,87.25006253287171,87.31341753058999,87.01073455810547,87.01073455810547,2983400
2016-09-08,86.75737399890613,86.86296214074048,86.34910271471252,86.39837646484375,4632300
2016-09-09,85.95490619546429,86.14496054000497,85.701496822453,85.75077056884766,8136000
2016-09-12,85.68038155872416,85.9197096532599,85.5607175114563,85.7578125,5164100
2016-09-13,85.87043968927826,85.87043968927826,85.20876439436411,85.47624969482422,13637100
2016-09-14,85.51845808883697,85.68036057287745,85.41991061870252,85.53253936767578,4444000
2016-09-15,85.51847688913435,85.66629812683288,85.31434126456908,85.5888671875,3441100
2016-09-16,85.70146909556297,85.75074282601616,85.52549071959673,85.68739318847656,6832400
2016-09-19,85.74370691069547,85.81410256130698,85.6029263503407,85.65924072265625,5997100
2016-09-20,85.86337804421272,86.02527515487645,85.74370865799499,85.77186584472656,5026100
2016-09-21,85.79298592116093,86.2294142778009,85.60997225552903,86.20829772949219,4651400
2016-09-22,86.38430139822255,86.65882734741909,86.37022011494086,86.5602798461914,8544300
2016-09-23,86.55321684352619,86.60953122123205,86.46874527696738,86.49690246582031,6284600
2016-09-26,86.54619705322818,86.72921613964537,86.51100458650993,86.63066864013672,5027000
2016-09-27,86.82068258967098,86.89107823121594,86.63062832062651,86.84180450439453,4571800
2016-09-28,86.9262742491166,86.94035552617689,86.75733651742883,86.89811706542969,8094600
2016-09-29,86.71513956729139,86.89111801085164,86.63770862249,86.86296081542969,5409100
2016-09-30,86.89813843001619,86.89813843001619,86.46875067148146,86.70808410644531,5224600
2016-10-03,86.75186745348662,86.77303935524463,86.46250915527344,86.46250915527344,5555900
2016-10-04,86.40603141118196,86.50483719105091,86.06021118164062,86.06021118164062,6890100
2016-10-05,86.13074872391692,86.20838257231574,85.86961619889281,85.96842193603516,4168600
2016-10-06,85.96845817888911,86.19430072821287,85.85553959648279,85.97551727294922,5909300
2016-10-07,86.09548281799572,86.24369146530795,85.88375848662555,86.18017578125,2545900
2016-10-10,86.18017578125,86.18723487431544,85.94021507761805,86.18017578125,2246100
2016-10-11,85.92608484465599,86.10958353555974,85.88374106387407,85.91197204589844,3416600
2016-10-12,85.9614095351828,86.05315622532665,85.8061417637767,86.0249252319336,2327800
2016-10-13,86.1730893641708,86.33541614614288,86.14485838537094,86.23661041259766,4204300
2016-10-14,86.00368525133337,86.17306569309642,85.82724572068226,85.83430480957031,2208900
2016-10-17,85.9614215513628,86.15197405276317,85.9614215513628,86.11668395996094,2698800
2016-10-18,86.0460951153964,86.32839965820312,86.03904140559692,86.32839965820312,2944100
2016-10-19,86.27189830059979,86.50479984596377,86.21544172541272,86.4412841796875,5010500
2016-10-20,86.64595158676048,86.64595158676048,86.39893723738076,86.41305541992188,2646800
2016-10-21,86.46956286618467,86.51191205421287,86.31430045845515,86.46250915527344,3502500
2016-10-24,86.49066884894883,86.49066884894883,86.11661248305393,86.21542358398438,3816500
2016-10-25,86.16609034604718,86.30724533845601,86.08846183086283,86.1519775390625,6611600
2016-10-26,86.01782701802922,86.04605799858331,85.78493085134868,85.79198455810547,10256000
2016-10-27,85.62262252717535,85.62262252717535,85.20622758933577,85.40383911132812,11643100
2016-10-28,85.36150267874503,85.49559853918566,85.28386880001739,85.30504608154297,5629800
2016-10-31,85.50969664887947,85.53792224859757,85.35442892788161,85.38265991210938,5377300
2016-11-01,85.21852805810961,85.38835505001946,85.04162336691522,85.27513885498047,9303000
2016-11-02,85.33881547596314,85.48741475744472,85.27513238334348,85.40250396728516,4798100
2016-11-03,85.2751115402397,85.34587231431131,85.1689676797818,85.23265075683594,6320500
2016-11-04,85.35999421177372,85.55105417744713,85.35999421177372,85.48736572265625,4242900
2016-11-07,85.39535728999147,85.45904033117084,85.31044116972102,85.43074035644531,4352400
2016-11-08,85.40248547870296,85.46616855753604,85.14774236596833,85.23973083496094,3632400
2016-11-09,84.53917755321214,84.69485447686586,83.85986448529621,83.98723602294922,9216200
2016-11-10,83.8598527644933,84.263195010904,83.78909200873169,83.91645812988281,9063900
2016-11-11,83.88106862996078,83.95890706993863,83.51310411393845,83.5555648803711,6011900
2016-11-14,83.01780328742937,83.50606178638535,82.91873712803262,83.12394714355469,7148700
2016-11-15,83.25839115423865,83.53436192359636,83.19470268508664,83.3786849975586,4840300
2016-11-16,83.27964810514823,83.54146357392892,83.25134270876879,83.49900817871094,5417800
2016-11-17,83.2937732111759,83.34330629036108,82.87628088642938,82.96826934814453,6106200
2016-11-18,83.08148061500222,83.1097806007184,82.45169525946613,82.50122833251953,9801400
2016-11-21,82.64274662718044,82.75596275432622,82.50121971987386,82.58613586425781,5077200
2016-11-22,82.86215263811405,82.86923033708788,82.63571485927382,82.79846954345703,3693100
2016-11-23,82.29603881408063,82.62154269642667,82.11205648103251,82.49417114257812,6098300
2016-11-25,82.69936602343317,82.69936602343317,82.40923988219183,82.50122833251953,876100
2016-11-28,82.77012264291827,82.91164415921696,82.6993618847689,82.87626647949219,3125200
2016-11-29,82.8196597866852,83.01779207872774,82.75597132212863,82.98948669433594,3926200
2016-11-30,82.4799988156937,82.74181956671549,82.42339344681596,82.67813110351562,11333400
2016-12-01,82.29285581949318,82.42057386340208,82.0232258304704,82.21480560302734,11597800
2016-12-02,82.42056954763997,82.79662670907283,82.42056954763997,82.59085845947266,7533500
2016-12-05,82.50573928616707,82.92437287761582,82.38511815825711,82.76827239990234,4107500
2016-12-06,82.80373268623468,82.86049747120721,82.73987636318148,82.76116180419922,9040100
2016-12-07,82.952715435447,83.20814606048054,82.91723610268299,83.10881042480469,8069200
2016-12-08,82.88889352781231,82.91017897233893,82.71150760557222,82.76827239990234,5941700
2016-12-09,82.69021462720926,82.80373879213768,82.3425397670439,82.44896697998047,8875100
2016-12-12,82.34961757609818,82.46314713548689,82.21480799105827,82.37090301513672,7302800
2016-12-13,82.71147456085637,82.71147456085637,82.40637067996235,82.55537414550781,6232700
2016-12-14,82.92433776980624,82.92433776980624,82.0090261489577,82.03031158447266,6133700
2016-12-15,82.1935243725282,82.34253328568708,81.99485303950013,82.08709716796875,9352800
2016-12-16,82.21477305608995,82.30701172385841,81.98771944718023,82.023193359375,7852000
2016-12-19,82.4489473479692,82.46314124857318,82.27156148412814,82.42057037353516,5777400
2016-12-20,82.25737886913535,82.3992854049839,82.17932865040245,82.37090301513672,3750000
2016-12-21,82.39221112499132,82.64764727373085,82.39221112499132,82.63345336914062,4199600
2016-12-22,82.52529685116805,82.68182471029836,82.4541493047115,82.6391372680664,3773400
2016-12-23,82.7031600701897,82.80276771080058,82.6889327336207,82.76719665527344,1291700
2016-12-27,82.60357271268391,82.65337654521856,82.53242515595022,82.61780548095703,2542800
2016-12-28,82.76720870616973,83.01622784395408,82.62490817871432,82.92373657226562,1731700
2016-12-29,83.09450024526674,83.34351940842895,83.00200896415238,83.24391174316406,3309500
2016-12-30,83.24387289889711,83.50000832668883,83.20829642295622,83.37194061279297,2388400
2017-01-03,83.20830062083567,83.52847263583213,82.90236136821686,83.4430923461914,5822600
2017-01-04,83.62098287992961,83.72770690917969,83.47868779306926,83.72770690917969,4999200
2017-01-05,83.8130949631924,84.1972928188601,83.74905836844103,84.17594909667969,7071100
2017-01-06,83.86287760442666,83.94114151812283,83.68500606024605,83.73480987548828,4496000
2017-01-09,83.96247407005835,84.00516149795855,83.86286645281916,83.8984375,3561400
2017-01-10,83.89845952237611,83.93403600710339,83.79173549640373,83.8486557006836,4259600
2017-01-11,83.88425432026503,84.23288116410615,83.7348428157617,83.97674560546875,7133600
2017-01-12,84.2542000766621,84.26131645903152,83.96249353802737,83.9696044921875,3922600
2017-01-13,83.82735690694342,83.93408099011272,83.52141743023802,83.79889678955078,4045300
2017-01-17,84.26128973765289,84.33955363426918,84.02649804780401,84.16168212890625,8443000
2017-01-18,83.91980074609127,83.96249361213617,83.54271390331854,83.60675048828125,6026200
2017-01-19,83.45738115277531,83.49295222618973,83.18701276812314,83.32219696044922,3371300
2017-01-20,83.33640397541583,83.50004824348194,83.17276513556044,83.47158813476562,4570600
2017-01-23,83.62809853186867,83.99095805686387,83.47157068076447,83.85577392578125,8747800
2017-01-24,83.72058546524599,83.78462205020871,83.48579370073152,83.60675048828125,5129700
2017-01-25,83.3648315994084,83.42175179466096,83.14427262806547,83.28656768798828,5886400
2017-01-26,83.28658467387517,83.42176880811799,83.11582948150141,83.38619232177734,4033200
2017-01-27,83.49291807983464,83.54272190481603,83.40042681292914,83.48580169677734,3816700
2017-01-30,83.45024516976885,83.48581623482994,83.31506100918872,83.34352111816406,3651000
2017-01-31,83.37195331159717,83.6423161140207,83.30080577708665,83.49290466308594,4982500
2017-02-01,83.31169963105373,83.50432264082855,83.1333478145999,83.39017486572266,3626900
2017-02-02,83.56853342878603,83.67554561587067,83.38304600069704,83.41158294677734,7145600
2017-02-03,83.65412545899927,83.7754033704241,83.3259588171567,83.50431060791016,5243200
2017-02-06,83.77536984570646,83.84670944488666,83.58988253354795,83.76823425292969,4494500
2017-02-07,83.76827262983448,84.06077219619789,83.6755316526989,83.91095733642578,3228900
2017-02-08,84.18921019877234,84.28195120288346,84.06792680217585,84.20347595214844,6287200
2017-02-09,84.20347403871266,84.20347403871266,83.81110323682039,83.86817169189453,4692700
2017-02-10,83.71836530763372,83.91098837206002,83.65416124806964,83.8467788696289,4881600
2017-02-13,83.7611960198658,83.8111343383789,83.65418378223245,83.8111343383789,3723500
2017-02-14,83.83965648005758,83.83965648005758,83.33313775095877,83.61136627197266,4404100
2017-02-15,83.4330475636897,83.54719543457031,83.37597907111945,83.54719543457031,3632700
2017-02-16,83.69695903466705,83.87531089123964,83.61848378234578,83.7825698852539,4037700
2017-02-17,84.08218523771914,84.08932083475756,83.9180991630302,83.99657440185547,3104800
2017-02-21,83.87531419864118,84.12500571911538,83.82537589454634,84.03226470947266,3656200
2017-02-22,84.21771126239696,84.30331663190942,83.85387211337608,84.09642791748047,4259100
2017-02-23,84.29623534306617,84.33190245341649,84.21776008028104,84.31050109863281,4247900
2017-02-24,84.62436780502507,84.80271961299505,84.49595428557208,84.73851013183594,5388800
2017-02-27,84.72426002153847,84.72426002153847,84.51023563532107,84.53877258300781,5083400
2017-02-28,84.62436976778793,84.73851209724619,84.53875893854521,84.59583282470703,4290600
2017-03-01,84.13159457254272,84.13874953951691,83.9742180449549,84.0958251953125,6524600
2017-03-02,84.01713012389463,84.03859502307796,83.87406354184738,83.96705627441406,4687900
2017-03-03,84.06718380521299,84.07433876989093,83.7882002168023,84.0528793334961,4926300
2017-03-06,84.0386118025793,84.05291628058401,83.84546587484688,83.90269470214844,3464400
2017-03-07,83.70237539292269,83.78821315175335,83.40908182987843,83.4877700805664,5999600
2017-03-08,83.32324568160914,83.32324568160914,83.09433589090305,83.2302474975586,7933300
2017-03-09,82.97268898388006,82.99414841512706,82.73662978252557,82.77954864501953,5497200
2017-03-10,83.02994127454483,83.02994127454483,82.8081864787064,82.98702239990234,4789100
2017-03-13,82.90837957468317,82.97991289081922,82.70808410644531,82.70808410644531,3171600
2017-03-14,82.772393682058,82.8367774334366,82.71516489364092,82.77954864501953,3598500
2017-03-15,83.00849246639073,83.55930477284403,82.91549974021132,83.49492645263672,7841600
2017-03-16,83.50211419938458,83.5092637104544,83.33758266486397,83.37335205078125,3116900
2017-03-17,83.51634006083269,83.63794712624902,83.46626624227086,83.56641387939453,4440500
2017-03-20,83.59506415629457,83.78820455147887,83.56644975374148,83.75959014892578,2939600
2017-03-21,83.7667608764918,84.03144005668352,83.71668702701123,83.96705627441406,5032300
2017-03-22,84.20310769253425,84.2674914645928,84.03142672977711,84.18164825439453,3905800
2017-03-23,84.23882430216649,84.25312876608758,84.01706417911984,84.1243667602539,4504900
2017-03-24,84.0672169397102,84.28182230352161,84.0672169397102,84.21028900146484,3158300
2017-03-27,84.4749063255775,84.4749063255775,84.26746152550298,84.38906860351562,3492100
2017-03-28,84.36051057307637,84.47496276483896,84.18882955661192,84.21028900146484,4834900
2017-03-29,84.35334695626844,84.48210906982422,84.28181366154647,84.48210906982422,3457100
2017-03-30,84.36051606809902,84.43920434277933,84.2245989649891,84.26036834716797,2667700
2017-03-31,84.3175693720762,84.36764321603,84.26034056251768,84.34618377685547,5772300
2017-04-03,84.38061096140945,84.72490692138672,84.35909348998561,84.72490692138672,3713700
2017-04-04,84.6316738027583,84.66036559440178,84.5025634765625,84.5025634765625,3016200
2017-04-05,84.55277724129746,84.6890618907532,84.42366690823413,84.61016082763672,6753900
2017-04-06,84.69623834245219,84.72493013634518,84.50257010177455,84.6890640258789,2012600
2017-04-07,84.88270740313648,84.95443960768216,84.45951585279116,84.48103332519531,2121700
2017-04-10,84.6316730351285,84.74644020066145,84.57429492476167,84.63884735107422,2766200
2017-04-11,84.82533671141874,85.08355734762515,84.82533671141874,85.0333480834961,3534200
2017-04-12,85.21989112428273,85.31314086914062,85.00471077113968,85.31314086914062,2886300
2017-04-13,85.3991212654881,85.50671406543115,85.27718531267132,85.45650482177734,3286700
2017-04-17,85.49246316790213,85.50680633625366,85.24858552670183,85.2916259765625,2933700
2017-04-18,85.55692942500855,85.82949860066812,85.46368524367094,85.79363250732422,3616800
2017-04-19,85.621521542004,85.66455649331004,85.4708937400331,85.53544616699219,1839400
2017-04-20,85.42783345171037,85.49239133605745,85.28437999911444,85.41349029541016,3264000
2017-04-21,85.55694374800609,85.56411806235542,85.40631598106083,85.41349029541016,3892400
2017-04-24,85.30591851777965,85.37764526177516,85.1696338735083,85.29874420166016,3193400
2017-04-25,85.17680985409918,85.2198448068575,84.93293782526887,84.96162414550781,3541100
2017-04-26,84.9759844304284,85.1983390133701,84.95446695109864,85.16964721679688,3320400
2017-04-27,85.16962647359574,85.31308542152222,85.076382261743,85.24852752685547,4391000
2017-04-28,85.14812378688839,85.36330950994902,85.06922271992619,85.34896087646484,4478000
2017-05-01,85.27848546439976,85.37917649877514,84.99798822760411,85.08429718017578,3479800
2017-05-02,85.12741513524472,85.35756676353112,85.07706963803355,85.33599090576172,2858200
2017-05-03,85.49421889160246,85.51579474879458,85.22810384932205,85.29283142089844,2854900
2017-05-04,85.04830337826958,85.1274185180664,84.99076409709954,85.1274185180664,1540100
2017-05-05,85.14181665700211,85.15620422363281,84.96201048486068,85.15620422363281,2887300
2017-05-08,85.13457991349026,85.13457991349026,84.94038628522769,85.00511932373047,3886500
2017-05-09,84.95478842884141,85.01951599121094,84.90444294013842,85.01951599121094,3012400
2017-05-10,85.24970903231849,85.24970903231849,85.0339448989271,85.13463592529297,4282600
2017-05-11,85.01234844390379,85.20654216543022,84.97639050501816,85.17777252197266,2263500
2017-05-12,85.44388012971314,85.63087456494725,85.42949256561947,85.60929870605469,3165000
2017-05-15,85.55895246959813,85.6452613916732,85.50141318821474,85.60210418701172,3752700
2017-05-16,85.65242315251466,85.8466167952132,85.62365900798157,85.72434997558594,3996400
2017-05-17,86.01207471057214,86.2925773770727,86.01207471057214,86.24942016601562,7304300
2017-05-18,86.24220965033815,86.27097380063366,86.09116768142663,86.23501586914062,4825400
2017-05-19,86.18466363435715,86.28535461425781,86.0911609478445,86.28535461425781,2907800
2017-05-22,86.22063586538118,86.25659928727428,86.1631020724991,86.21344757080078,2852900
2017-05-23,86.31414034888957,86.31414034888957,85.91856464889206,85.94733428955078,5154200
2017-05-24,85.99766783562585,86.13432223794847,85.86101343330323,86.08397674560547,5274800
2017-05-25,86.14154809409528,86.14154809409528,85.983323254342,86.1199722290039,2806200
2017-05-26,86.17747571350489,86.24220876912658,86.10555436400642,86.1846694946289,2054800
2017-05-30,86.30690936919625,86.39321825397383,86.27813974093705,86.38602447509766,3898300
2017-05-31,86.38606436930891,86.4939491532921,86.32133130401976,86.48675537109375,4428500
2017-06-01,86.31076287406265,86.51267537930092,86.29633740842955,86.50546264648438,9430000
2017-06-02,86.86602873170331,86.95256502683617,86.75065250656304,86.90929412841797,5130100
2017-06-05,86.72186784476649,86.80119146213136,86.65696420251005,86.66417694091797,3198500
2017-06-06,87.01032167016169,87.01032167016169,86.85888166376448,86.91657257080078,1806700
2017-06-07,86.87324557983018,86.9669891110533,86.76507658121653,86.80834197998047,5702400
2017-06-08,86.81556089970142,86.81556089970142,86.53432478428881,86.65691375732422,3895200
2017-06-09,86.49830294255236,86.63531744154959,86.4261920752878,86.57041931152344,6884700
2017-06-12,86.50550468488244,86.73626273182344,86.47665924130159,86.592041015625,4075100
2017-06-13,86.50552633319741,86.68580627441406,86.50552633319741,86.68580627441406,4822000
2017-06-14,87.24823128610416,87.47898926509795,87.10400961237212,87.2770767211914,6852800
2017-06-15,87.16166587235088,87.16166587235088,86.95974790691784,87.06791687011719,6624700
2017-06-16,87.14008331298828,87.19056696285438,87.08239793059444,87.14008331298828,4314800
2017-06-19,87.14731293435602,87.14731293435602,86.98866572319646,87.03193664550781,7827700
2017-06-20,87.15448980840216,87.31313695427984,87.06795350109498,87.22660064697266,6906500
2017-06-21,87.21940405563589,87.313153114663,87.13287323401745,87.26988220214844,5462700
2017-06-22,87.39249628526512,87.42134173283677,87.24106181179395,87.3420181274414,3520800
2017-06-23,87.33477576554881,87.39246664112295,87.29151035972058,87.38525390625,5495700
2017-06-26,87.5799827366052,87.65930634136176,87.52229734363307,87.54393005371094,3808600
2017-06-27,87.3492286178224,87.36365409299903,87.12568326794576,87.1473159790039,4736500
2017-06-28,87.19057256880876,87.24105072021484,86.98865446147857,87.24105072021484,3933900
2017-06-29,86.80113029980471,87.0463082158411,86.7794920998278,86.97419738769531,6954200
2017-06-30,87.01031445203493,87.03194716495203,86.87329993461698,86.90214538574219,4567700
2017-07-03,87.01057756591688,87.01057756591688,86.7141342163086,86.7141342163086,5759500
2017-07-05,86.7864236602692,86.87319037951589,86.69243051835016,86.85872650146484,5406900
2017-07-06,86.6056374004147,86.68517215639248,86.4031873002354,86.63455963134766,11548000
2017-07-07,86.54785301084974,86.5984655710244,86.47555014150811,86.56231689453125,9803900
2017-07-10,86.68521124640004,86.7285918541859,86.57675421058144,86.70690155029297,2234500
2017-07-11,86.69243707728054,86.75750798437377,86.56952168631315,86.74304962158203,4340900
2017-07-12,87.1262435913086,87.21301030110388,87.03947688151331,87.1262435913086,6779600
2017-07-13,87.03948190958322,87.07563608650794,86.85149563536277,86.97441101074219,3977400
2017-07-14,87.28532928163777,87.34317376553548,87.03949298324932,87.17687225341797,5302000
2017-07-17,87.1769043933909,87.30705177196607,87.09013763555558,87.25643920898438,5899000
2017-07-18,87.52399470153509,87.6324462890625,87.42999597053473,87.6324462890625,4775300
2017-07-19,87.6251601513581,87.70469493892,87.55285178713551,87.60346984863281,4144200
2017-07-20,87.79147860312902,87.82763279448702,87.62518256213451,87.68302154541016,1925200
2017-07-21,87.80588699528998,87.92880234205985,87.79865505831775,87.88542175292969,3634000
2017-07-24,87.82761370037609,87.84930400393328,87.71192472626589,87.78423309326172,2647900
2017-07-25,87.4444318180561,87.47335407090776,87.24198156445017,87.263671875,7043100
2017-07-26,87.25642070193422,87.62517244907771,87.22749845545684,87.55286407470703,9355500
2017-07-27,87.3721166935898,87.43719313657922,87.2708915745887,87.33596801757812,2769100
2017-07-28,87.37209800648512,87.56732177734375,87.33594933820491,87.56732177734375,2312200
2017-07-31,87.42271607151476,87.57455371754142,87.42271607151476,87.56732177734375,3689900
2017-08-01,87.44988687951552,87.88485717773438,87.40639206204446,87.88485717773438,7390500
2017-08-02,87.8413337907796,87.92832893378211,87.71809481968276,87.7470932006836,6728600
2017-08-03,87.79783000150535,87.91381798276552,87.7833280470509,87.87032318115234,6520500
2017-08-04,87.64558028774694,87.66007670927912,87.41359882711174,87.52958679199219,5095700
2017-08-07,87.53684940173656,87.59484615732163,87.42085589056641,87.55134582519531,10816400
2017-08-08,87.46437062518628,87.47886705103211,87.11639556525087,87.13089752197266,9992700
2017-08-09,87.40638989303271,87.44263926061045,87.21065768839304,87.21790313720703,7465800
2017-08-10,87.23964960412887,87.31214833850211,87.03666642198836,87.18890380859375,8053400
2017-08-11,87.21061516319809,87.36285247721285,87.05837231830904,87.34835052490234,10910500
2017-08-14,87.29762020242258,87.46435949825533,87.2541253995424,87.29037475585938,3051500
2017-08-15,87.1164106050974,87.24690058374158,87.07291578917498,87.18890380859375,4710000
2017-08-16,87.21063324000511,87.57310469066037,87.20338226234689,87.43536376953125,5190200
2017-08-17,87.42815374127032,87.60213857043034,87.3411640921293,87.52239990234375,8973800
2017-08-18,87.73988533305956,87.74713631459139,87.43541047926273,87.46440887451172,4350900
2017-08-21,87.60208187106696,87.62383480015089,87.51509227822888,87.58758544921875,3666200
2017-08-22,87.55861474842915,87.56586572708221,87.45712317079102,87.50061798095703,2390100
2017-08-23,87.68185591479312,87.8413442638753,87.62386467675293,87.83409881591797,4590000
2017-08-24,87.71812708932197,87.81236771408709,87.63838289495236,87.6673812866211,2929800
2017-08-25,87.72533682185835,87.92831993721997,87.6818364893701,87.87032318115234,5488000
2017-08-28,87.84857578034575,87.90657253641338,87.71808584463113,87.87032318115234,5200500
2017-08-29,88.18931395688045,88.22555778708102,87.88483923499109,87.93558502197266,3499700
2017-08-30,87.92835822539357,88.00810241699219,87.89210885434784,88.00810241699219,2573700
2017-08-31,88.05158915379783,88.196581093792,88.04433817407889,88.16033172607422,4549400
2017-09-01,88.08762528220446,88.10943006128187,87.80415206326258,87.81141662597656,7946000
2017-09-05,88.109469566087,88.42928792386365,88.0731245543505,88.35659790039062,7357000
2017-09-06,88.34205039086929,88.38565996224244,88.00769740424656,88.04403686523438,8863700
2017-09-07,88.21845408693845,88.53826673622208,88.20391387146756,88.38562774658203,7698800
2017-09-08,88.3274887093236,88.3274887093236,88.11670546858743,88.12397003173828,6776600
2017-09-11,87.94227590385688,88.08765038157502,87.84051654218885,87.85505676269531,4220300
2017-09-12,87.8186859678585,87.8186859678585,87.62243741240647,87.76053619384766,4615800
2017-09-13,87.81868584492236,87.83322051567089,87.6587767393502,87.6733169555664,5671300
2017-09-14,87.62971184301104,87.8913803100586,87.62971184301104,87.8913803100586,4333500
2017-09-15,87.94227602522639,87.98589114133668,87.79690709277695,87.96408081054688,4631300
2017-09-18,87.92044061013576,87.93498082559677,87.77507172833,87.8768310546875,4971700
2017-09-19,87.91323229629138,87.99318690112456,87.83327769145819,87.92777252197266,5296800
2017-09-20,88.00040132669201,88.01493599770437,87.61516877198527,87.81868743896484,6603300
2017-09-21,87.84049221821726,88.00040132669201,87.81141733072478,87.81868743896484,3410000
2017-09-22,87.99316469841747,88.03677981898491,87.87687064966734,87.93502044677734,2099200
2017-09-25,88.03678430567382,88.28391263778114,88.00043929426032,88.2621078491211,3489900
2017-09-26,88.16760401822455,88.28389805369024,88.10218411758133,88.24755859375,10290700
2017-09-27,87.8404944217745,87.95679397466188,87.68785541771072,87.90591430664062,6695500
2017-09-28,87.79690994438599,88.05130835716993,87.76783504785789,88.03677368164062,6350800
2017-09-29,88.09488126693405,88.16757125073777,87.91316739835914,88.11669158935547,7627300
2017-10-02,88.15531721696392,88.26463791965051,88.01684395620877,88.19904327392578,7218100
2017-10-03,88.16989524563745,88.39582061767578,88.12616362890479,88.39582061767578,7569400
2017-10-04,88.40313850818423,88.40313850818423,88.16992353182474,88.34483337402344,5376300
2017-10-05,88.29382590990151,88.29382590990151,88.1262000238098,88.220947265625,3932800
2017-10-06,87.95126031330295,88.17718570196239,87.87109216372401,88.14803314208984,5901300
2017-10-09,88.19907866808632,88.23552077036665,88.08976348181362,88.220947265625,1312200
2017-10-10,88.25008327371052,88.47601427117218,88.22093626786074,88.27923583984375,3873400
2017-10-11,88.41039868672854,88.41039868672854,88.1844733030111,88.23548889160156,7170900
2017-10-12,88.26469004658794,88.32299519715862,88.14807974544658,88.25740051269531,10302500
2017-10-13,88.5998958332081,88.65820095713426,88.47600161507697,88.60718536376953,5755800
2017-10-16,88.57804092022245,88.59261442239837,88.3958415614661,88.4832992553711,4886100
2017-10-17,88.3812770329239,88.54161338464142,88.37399306077971,88.46873474121094,4476900
2017-10-18,88.25736388476446,88.39583716983034,88.21363782012592,88.33753204345703,3272500
2017-10-19,88.58534501892697,88.58534501892697,88.40314563020873,88.46873474121094,4143300
2017-10-20,88.1699261324111,88.30110990800034,88.1116209965306,88.22822570800781,7280400
2017-10-23,88.35936172928884,88.41037730554167,88.28648312896776,88.31563568115234,2675800
2017-10-24,88.0970230102539,88.22820675766647,88.07515997906559,88.0970230102539,4686200
2017-10-25,87.87840200045802,87.9221280702298,87.74721823085909,87.86382293701172,8866600
2017-10-26,88.03873623197249,88.03873623197249,87.8492473336855,87.85653686523438,9420100
2017-10-27,87.97312605113083,88.14803585546797,87.951263020624,88.11888885498047,6915900
2017-10-30,87.97309274760066,88.43952242278067,87.97309274760066,88.41036987304688,5236600
2017-10-31,88.44682766592796,88.44682766592796,88.27191789672675,88.28649139404297,5932800
2017-11-01,88.45529354698152,88.52836578291405,88.30914350006222,88.42606353759766,5967400
2017-11-02,88.5284344103988,88.5284344103988,88.34575089142359,88.41151428222656,13253900
2017-11-03,88.49185756564704,88.5576265033324,88.35302194174449,88.51377868652344,5307500
2017-11-06,88.55758853091048,88.60143075386425,88.45528629398248,88.5356674194336,9576900
2017-11-07,88.4334164585968,88.49918541036209,88.38957420745818,88.462646484375,7643200
2017-11-08,88.47722776979467,88.49914888631702,88.33107770122052,88.34569549560547,7185500
2017-11-09,88.13379093073611,88.23609320148701,88.06071867663627,88.11186981201172,7232300
2017-11-10,87.7538181730102,87.7976659914525,87.52729248210775,87.60767364501953,5816600
2017-11-13,87.76110426975966,87.77572206379453,87.62226867675781,87.62226867675781,3646400
2017-11-14,87.67341030769978,87.7610947621901,87.60033249555207,87.64418029785156,6112500
2017-11-15,87.73920701352773,88.03881054711272,87.57844468575591,88.01688385009766,7141900
2017-11-16,87.95112021868647,88.06803472713162,87.88535127795274,87.91458129882812,5051200
2017-11-17,88.06070883236806,88.11185996202535,87.9657098951081,88.024169921875,5521500
2017-11-20,87.99493990849156,88.12647218118958,87.9657098951081,88.024169921875,3190600
2017-11-21,88.34573545906603,88.37496548600315,88.177664197942,88.3165054321289,4372100
2017-11-22,88.455315198056,88.68914975530798,88.40416406287763,88.65991973876953,4111500
2017-11-24,88.60144415829755,88.68913419252544,88.54298413547897,88.55760192871094,1359700
2017-11-27,88.53568448039321,88.60875672441523,88.44799444253388,88.50645446777344,6049200
2017-11-28,88.594160239388,88.70377141931232,88.54300909876416,88.63069915771484,5176400
2017-11-29,88.27992248535156,88.32377029142204,88.14108689545033,88.27992248535156,7606300
2017-11-30,88.36762751793768,88.37493641603217,88.03149068131573,88.1776351928711,6119600
2017-12-01,88.51612698808167,88.933759356179,88.21572750434858,88.45018768310547,13958300
2017-12-04,88.49418623405688,88.59676225811234,88.34765065397025,88.58943939208984,5766700
2017-12-05,88.65535856957857,88.77991434333079,88.53080279582636,88.7579345703125,4541900
2017-12-06,89.00704122554814,89.05100076640767,88.90445964692232,88.92644500732422,4801500
2017-12-07,89.01440177652358,89.07301824913515,88.61142610476178,88.7506332397461,8295200
2017-12-08,88.66995813785212,88.73590300839243,88.58936754714435,88.64065551757812,5135100
2017-12-11,88.72132399145555,88.81657715585646,88.67736443248555,88.70667266845703,4521500
2017-12-12,88.61867016741833,88.64797837766186,88.49411446636051,88.64065551757812,10153000
2017-12-13,88.78724047115578,89.05100892040939,88.72129556385606,88.94843292236328,7205800
2017-12-14,88.86781526334005,89.13891210134798,88.81652727668678,89.10960388183594,8022200
2017-12-15,89.16820886050515,89.27811327894693,89.014344910675,89.2341537475586,5846000
2017-12-18,89.18290130707916,89.21953240117804,88.95576951775743,88.97042083740234,6371100
2017-12-19,88.77994285728745,88.79459977065562,88.39894695933383,88.51617431640625,6029200
2017-12-20,88.32558894555545,88.4354877336918,88.21568456745023,88.28162384033203,9805700
2017-12-21,88.32132796476584,88.54159560035329,88.306640094658,88.51956939697266,6210400
2017-12-22,88.52691493446997,88.60033748099482,88.4681746565376,88.58565521240234,2934900
2017-12-26,88.60769911881003,88.73986196967162,88.54895882914214,88.7031478881836,1873000
2017-12-27,88.90137258674818,89.20240669239949,88.80591823962042,89.195068359375,3179300
2017-12-28,89.18774125944554,89.1950851956372,89.00418206712818,89.13634490966797,2493200
2017-12-29,89.0335470403439,89.30521104405885,89.0335470403439,89.25381469726562,3003300
2018-01-02,89.0776335225319,89.18042625543539,88.47555940047553,88.65911865234375,8480600
2018-01-03,88.79859909778011,88.8793655927523,88.62237823505055,88.82062530517578,5087600
2018-01-04,88.68111550122242,88.84999242180568,88.64440702407438,88.79125213623047,7710100
2018-01-05,88.90869350636932,88.90869350636932,88.66639972305452,88.76184844970703,5796500
2018-01-08,88.85730163734814,88.8646455710839,88.67374250641497,88.75450897216797,3897200
2018-01-09,88.64436386154227,88.67372838824981,88.41674676621466,88.43143463134766,7621600
2018-01-10,88.14510211760494,88.58564293749154,88.04230944635742,88.49018859863281,6050500
2018-01-11,88.46819233129436,88.80594059421124,88.46819233129436,88.7031478881836,5192600
2018-01-12,88.54894992788822,88.77656712702483,88.5122414518726,88.71782684326172,4463000
2018-01-16,88.97479921533082,88.97479921533082,88.71047356800649,88.798583984375,7410200
2018-01-17,88.8132867029948,88.85733912043196,88.46819449498385,88.55630493164062,11240700
2018-01-18,88.23321547288178,88.4094362993417,88.11574052368948,88.21118927001953,6399400
2018-01-19,88.10102417645709,88.18913456120656,87.90278281299476,87.93949127197266,6797800
2018-01-22,87.93950262113967,88.10837947992601,87.83670995988881,87.8587417602539,5096700
2018-01-23,88.08638864397781,88.2479216341572,88.0423362291224,88.2405776977539,6144000
2018-01-24,88.06434877515078,88.19651160099679,87.98358229259037,88.18182373046875,5679000
2018-01-25,88.12309741556373,88.62972259521484,88.10841514449048,88.62972259521484,7042100
2018-01-26,88.56362626058434,88.56362626058434,88.3580352942003,88.5122299194336,6391300
2018-01-29,88.25519751546284,88.38736026828698,88.10835250200411,88.27722930908203,5732400
2018-01-30,88.10841253770205,88.16715282382152,87.888139265645,87.97624969482422,6662600
2018-01-31,88.23320494437456,88.26991901261802,87.89545680329995,88.15978240966797,6751200
2018-02-01,88.27829239726226,88.31509925556531,87.71141173480318,87.77030944824219,12272400
2018-02-02,87.60837033534986,87.60837033534986,87.21818269388832,87.32125091552734,8681500
2018-02-05,87.04886316143629,87.85132939881689,87.03414153527405,87.37279510498047,14486000
2018-02-06,87.30650163705286,87.47583116803148,87.1592629623896,87.19607543945312,10467500
2018-02-07,87.46116168472169,87.49796856693115,86.93109315307629,86.95317840576172,8862300
2018-02-08,86.82801034826585,86.9458002151191,86.54824888299348,86.57769775390625,10957000
2018-02-09,86.46725181563113,86.48197905708888,86.28320061498756,86.29792785644531,8719000
2018-02-12,86.34946196795363,86.5924109008344,86.28320061498756,86.29792785644531,7814800
2018-02-13,86.20225515871961,86.29060179553015,85.98139699189225,86.26851654052734,8730500
2018-02-14,85.99608241767888,86.13596312953779,85.88565618915551,85.95191192626953,11013300
2018-02-15,86.26849542582842,86.47463191113394,86.1801488106412,86.35684204101562,4953400
2018-02-16,86.56299833758237,86.69551548229278,86.47465170217569,86.61453247070312,6319800
2018-02-20,86.39363764842203,86.43781375865204,86.23167168343883,86.24639892578125,8786200
2018-02-21,86.28320794522472,86.3641909297316,85.72369629182842,85.77523040771484,6387200
2018-02-22,86.01817410945276,86.18750370053951,85.87093538252311,85.89302062988281,7227100
2018-02-23,86.17281373623264,86.31268889316961,86.04765459387926,86.29060363769531,8005600
2018-02-26,86.57030201230678,86.6880974522529,86.37889284758793,86.4009780883789,5072000
2018-02-27,86.51144115295803,86.51879915801524,85.91511135225733,86.02554321289062,7279500
2018-02-28,86.14332188169257,86.25375372077148,86.099145775983,86.18749237060547,7963400
2018-03-01,86.05461411000597,86.23918560947504,85.91434360062858,86.09891510009766,11679100
2018-03-02,85.90694890018973,86.00292404068443,85.78144164738715,85.82573699951172,5335000
2018-03-05,86.0176916359643,86.06937142356709,85.7149917138091,85.79620361328125,10168400
2018-03-06,86.11366896878326,86.14320108140495,85.85527002418658,85.87003326416016,8363400
2018-03-07,86.01029282584264,86.03244049787477,85.8109581448801,85.84048461914062,4070400
2018-03-08,86.00293050460566,86.15796988136874,85.89218648329633,86.01031494140625,6410000
2018-03-09,85.87740403758534,85.91432058065776,85.67068491479654,85.70759582519531,7773800
2018-03-12,85.7814332039651,85.84787622561198,85.71498454964429,85.81834411621094,8555600
2018-03-13,85.89956446394415,85.9364810124976,85.72237742277142,85.82573699951172,8625900
2018-03-14,85.84053796117767,86.15800126715052,85.83315915436401,86.01773071289062,5765700
2018-03-15,85.99556195216816,86.16536459010001,85.96602983412009,86.1063003540039,5268200
2018-03-16,85.94386394110012,86.25394266588154,85.90694739319426,86.20226287841797,10754700
2018-03-19,86.01033521671918,86.08416270410387,85.90697560784538,85.91436004638672,8095300
2018-03-20,85.66333599108573,85.78146447174831,85.5821240687992,85.61165618896484,6445000
2018-03-21,85.46397664379492,85.81097191511027,85.28678397375664,85.55995178222656,7312600
2018-03-22,85.78142891134016,85.85525636481135,85.63376837172412,85.70759582519531,10966600
2018-03-23,85.61901207777647,85.6633074269168,85.42705617704488,85.43444061279297,6120800
2018-03-26,85.68549517873262,85.78885479685333,85.64119980887423,85.73717498779297,5834800
2018-03-27,85.68549218626156,86.09893627698206,85.68549218626156,86.04725646972656,5000200
2018-03-28,86.21705117673399,86.3647117786002,86.12846044829028,86.27611541748047,4771600
2018-03-29,86.46066213600109,86.7264455104195,86.34253368840429,86.6673812866211,5930800
2018-04-02,86.55412371906687,86.67999234485684,86.42084939502672,86.62075805664062,4393500
2018-04-03,86.58371338514662,86.58371338514662,86.35418200337557,86.39120483398438,3773500
2018-04-04,86.42822766459318,86.52447911572888,86.3615876992755,86.39120483398438,5259600
2018-04-05,86.33938405736755,86.44304121376398,86.25793834178589,86.42082977294922,5171000
2018-04-06,86.57631263464094,86.67996978759766,86.48746122543898,86.67996978759766,4772500
2018-04-09,86.5171271056059,86.76146438190261,86.5171271056059,86.72444152832031,3611300
2018-04-10,86.78362210120183,86.95391921378646,86.63554207634716,86.7466049194336,5201300
2018-04-11,86.8946833117577,86.92430044595038,86.70958045972156,86.80583190917969,2483800
2018-04-12,86.71697909151747,86.77620770618731,86.55408769117231,86.56889343261719,2588100
2018-04-13,86.50965934666492,86.6725507473445,86.50965934666492,86.5985107421875,4427800
2018-04-16,86.44304270908532,86.62073988756856,86.41342557118953,86.6059341430664,2323600
2018-04-17,86.61332702636719,86.73919560713493,86.56149845493984,86.61332702636719,6702900
2018-04-18,86.58373222765746,86.59113227627697,86.15429215425955,86.16909790039062,6888000
2018-04-19,85.91735514818936,85.93956659040347,85.71004082233527,85.84331512451172,4058600
2018-04-20,85.73223935178075,85.7618564865693,85.48790222644342,85.49530792236328,4679700
2018-04-23,85.4731396463896,85.49535109647479,85.33245959732503,85.45832824707031,4380000
2018-04-24,85.37684206741896,85.47309917073072,85.13991063055246,85.20655059814453,5984700
2018-04-25,85.01401191244292,85.02881765061028,84.81410337829405,84.93997192382812,3756100
2018-04-26,85.16209429971936,85.28056280396689,85.08805430900927,85.19171142578125,6027200
2018-04-27,85.33242587621764,85.42127729034044,85.31021443490981,85.3842544555664,3369800
2018-04-30,85.42128167216295,85.48791599950455,85.27319597436197,85.31021881103516,6388500
2018-05-01,85.26492524145856,85.29462719232194,85.01246149165368,85.07929229736328,6051500
2018-05-02,85.19063227386981,85.20548040963499,85.01242065429688,85.01242065429688,3608100
2018-05-03,85.22036741073853,85.25749626468205,84.9976112822806,85.02731323242188,4122600
2018-05-04,85.28716280541938,85.28716280541938,84.99757599310692,85.14608001708984,3733800
2018-05-07,85.17582010788719,85.20552205900131,85.019889113339,85.04959106445312,3870900
2018-05-08,84.96792808238175,85.04960704702776,84.84169901522664,85.01990509033203,5069300
2018-05-09,84.88621236625646,85.11639534965443,84.85651042242017,85.00502014160156,3906600
2018-05-10,85.27228827142622,85.44307295604195,85.18318814472586,85.4356460571289,5103000
2018-05-11,85.56190770054782,85.59903087670921,85.45052684193206,85.58418273925781,4254000
2018-05-14,85.48766665905099,85.59162063664374,85.42826843261719,85.42826843261719,4808300
2018-05-15,85.02729386412608,85.21292676142306,84.64860116742165,84.78225708007812,5970000
2018-05-16,84.82683707580327,84.90851603262239,84.64120411304499,84.67090606689453,4210800
2018-05-17,84.64860540483723,84.69315548959737,84.4406974558676,84.50752258300781,3272300
2018-05-18,84.64122478422081,84.89368862106465,84.61894972966073,84.85655975341797,4154700
2018-05-21,84.76001944222652,84.90852355957031,84.7228905803561,84.90852355957031,2593300
2018-05-22,84.84166438542428,84.93819145648423,84.74513164929765,84.81938934326172,3230000
2018-05-23,84.95302933432615,85.24261615828101,84.89362545631859,85.18321228027344,5771100
2018-05-24,85.3763025692354,85.45055461075363,85.30947176632166,85.42085266113281,4436900
2018-05-25,85.67333221435547,85.70303417142283,85.56195695668922,85.67333221435547,3997600
2018-05-29,85.71042009194406,86.2895938151355,85.58419108356979,86.12623596191406,6831700
2018-05-30,85.84408361677464,86.00001458184465,85.59161991256592,85.79210662841797,5083900
2018-05-31,85.88123196672099,85.96290525405615,85.65847015742686,85.75499725341797,6303300
2018-06-01,85.56059849697026,85.76170473724692,85.51590380144972,85.59039306640625,4479700
2018-06-04,85.58295559874435,85.63509468224747,85.39674377441406,85.39674377441406,3714900
2018-06-05,85.60532709661577,85.62022154685494,85.42656528006721,85.45635986328125,3901500
2018-06-06,85.21796002085492,85.26264902868584,85.03174824458287,85.14347076416016,4754900
2018-06-07,85.0988019376227,85.70212641734898,85.0988019376227,85.4265365600586,7185200
2018-06-08,85.35949488097596,85.3967395170788,85.2328722106001,85.2850112915039,2935600
2018-06-11,85.13603807328865,85.21052165747709,85.08389899608342,85.20307159423828,2905100
2018-06-12,85.09877443181853,85.2849861920632,85.07642992982628,85.21050262451172,3396500
2018-06-13,85.2403369484221,85.3446151281811,84.89770783168042,85.12860870361328,4906500
2018-06-14,85.41907919503316,85.52335735094363,85.2775564051261,85.51590728759766,4915800
2018-06-15,85.64254474638616,85.7021282112941,85.35204907231575,85.39674377441406,5887100
2018-06-18,85.38925325962367,85.40415338084257,85.22538602260289,85.30731964111328,4723200
2018-06-19,85.32967576153155,85.40416501230862,85.26264225511056,85.35202026367188,4278700
2018-06-20,85.3669222231598,85.3669222231598,84.83808149111276,84.87532043457031,7731500
2018-06-21,84.83806024297827,84.9795772850447,84.80826568603516,84.80826568603516,15921600
2018-06-22,84.76361522775169,84.97961591901013,84.72637059395774,84.91258239746094,6728500
2018-06-25,84.94234035310475,84.9944794083015,84.8157177451599,84.83061218261719,3243900
2018-06-26,84.89767731432607,85.12857810325924,84.83063811844488,85.11367797851562,10345300
2018-06-27,85.35204529954447,85.40419006347656,85.27011732857575,85.40419006347656,9776300
2018-06-28,85.3371236955493,85.3371236955493,85.1136673142532,85.29243469238281,6241300
2018-06-29,85.38928202070136,85.5382491866788,85.29245393108933,85.33714294433594,7855600
2018-07-02,85.4753766146909,85.4753766146909,85.28860235134255,85.3483657836914,4806200
2018-07-03,85.40065900361101,85.71444408566539,85.40065900361101,85.66214752197266,2518100
2018-07-05,85.74432467819446,85.93857150435149,85.7293852453661,85.93109893798828,4730600
2018-07-06,86.09542975593888,86.12531431057961,85.98336410101014,86.05060577392578,2465600
2018-07-09,85.9833712872658,86.14026663721653,85.93854730150643,86.11038208007812,5161600
2018-07-10,86.09542572534693,86.1925519483563,85.99830520223327,86.01324462890625,6624000
2018-07-11,86.11786268085613,86.20751636657175,86.00580269858334,86.18510437011719,4071400
2018-07-12,86.21498228525833,86.37187194824219,86.15521316605584,86.37187194824219,3324800
2018-07-13,86.44655947712002,86.52126800800869,86.38679037245087,86.4390869140625,4273800
2018-07-16,86.28969235198622,86.38681289747574,86.13280268624298,86.29716491699219,2653700
2018-07-17,86.30466276731433,86.34949247354794,86.20006961926765,86.2374267578125,6157000
2018-07-18,86.31956315696635,86.31956315696635,86.177612943958,86.22244262695312,3527600
2018-07-19,86.21495096510814,86.4689610795966,86.19253897852326,86.35689544677734,5098600
2018-07-20,86.17013361341161,86.20749072965796,86.00577712165638,86.10289764404297,5139900
2018-07-23,85.9534783069173,86.0057748483425,85.70693502595762,85.75923156738281,4716300
2018-07-24,85.77417475765519,86.04313003961484,85.77417475765519,86.02819061279297,4446700
2018-07-25,86.21496732515365,86.21496732515365,86.0655445530754,86.1402587890625,7376300
2018-07-26,86.2299094908722,86.32703572078155,86.12531639704378,86.22244262695312,5860900
2018-07-27,86.47646867168251,86.47646867168251,86.25980988043966,86.33451843261719,5497600
2018-07-30,86.15524245715686,86.28224760371873,86.1477698897418,86.21501159667969,6467600
2018-07-31,86.44655249455893,86.55861813178781,86.39425595717147,86.4839096069336,6081600
2018-08-01,86.09655261199428,86.28388192328373,86.05908446300164,86.1789779663086,7255900
2018-08-02,86.20891344593063,86.29882781704887,86.0815252254558,86.28384399414062,6751500
2018-08-03,86.38876109404058,86.58358512259802,86.29135193817949,86.5536117553711,2711200
2018-08-06,86.61354779273839,86.74093602533688,86.61354779273839,86.63603210449219,3059800
2018-08-07,86.61357282263398,86.61357282263398,86.32133957056816,86.36630249023438,5397700
2018-08-08,86.29888113250054,86.34384406267213,86.2314453125,86.2314453125,7433200
2018-08-09,86.35875194643299,86.44117724294759,86.23885852719981,86.2988052368164,7273500
2018-08-10,86.24639148104013,86.54611944499595,86.19393951611052,86.44121551513672,4765900
2018-08-13,86.36628735246101,86.45620174236063,86.33631398354929,86.41873931884766,3145700
2018-08-14,86.53862461347003,86.56859798152827,86.47868359418896,86.53113555908203,7052500
2018-08-15,86.65851605391485,86.7409413849336,86.58358549394377,86.71096801757812,5208100
2018-08-16,86.78588849436801,86.83834045193719,86.69596840274889,86.82335662841797,5997900
2018-08-17,86.89084354328364,86.97326891323176,86.83839155484736,86.8983383178711,3871900
2018-08-20,87.10808594122433,87.19800602348197,87.05563398911588,87.1230697631836,2686800
2018-08-21,87.0856267240176,87.0856267240176,86.89080269420008,86.90579223632812,5480400
2018-08-22,87.08566766469177,87.10065149702872,86.88334876869617,86.8983383178711,6877700
2018-08-23,87.02571577613784,87.05568915588437,86.87585459424282,86.92830657958984,5693800
2018-08-24,86.83835661840803,87.13808459610343,86.80838324895493,87.10061645507812,5152500
2018-08-27,86.93575539389391,87.04066503286239,86.92826634005223,86.96572875976562,3762200
2018-08-28,86.8233613512627,86.90578667718853,86.62104256332299,86.63603210449219,4026900
2018-08-29,86.71842690473785,86.73341072379769,86.47864578195012,86.54608154296875,10473500
2018-08-30,86.72594155439103,86.77839351183184,86.56109091191001,86.62853240966797,5682300
2018-08-31,86.77842627150106,86.80090487362807,86.49368778316443,86.50118255615234,4425800
2018-09-04,86.32679826004549,86.42450195681145,86.19151313076563,86.34182739257812,6468700
2018-09-05,86.31178454745985,86.34184855401502,86.26669140468857,86.28923797607422,6103200
2018-09-06,86.4245029897431,86.589852120186,86.39443899019699,86.52972412109375,6918100
2018-09-07,86.25163512977184,86.25163512977184,86.15392570568068,86.16896057128906,4529100
2018-09-10,86.23658442905277,86.45454406738281,86.23658442905277,86.45454406738281,5512700
2018-09-11,86.2816999426688,86.34933963618272,86.22157194790897,86.25914764404297,5976900
2018-09-12,86.409467900757,86.5222064577534,86.40195046785824,86.43201446533203,5543100
2018-09-13,86.61993656360914,86.6800645768927,86.52974454368382,86.61241912841797,5584100
2018-09-14,86.43958530110774,86.55232392775474,86.3944864099741,86.5072250366211,7003500
2018-09-17,86.36435782677734,86.51467205053318,86.3493229639297,86.45454406738281,2667100
2018-09-18,86.2891987555604,86.2891987555604,86.07123910769558,86.10130310058594,5160900
2018-09-19,86.07880056861481,86.08631800421264,85.85332910778935,85.97357940673828,5220700
2018-09-20,85.98858576117351,86.28921427590873,85.97355089496392,86.19902801513672,6152400
2018-09-21,86.13136811567465,86.27417065006851,86.13136811567465,86.21404266357422,9404300
2018-09-24,86.04113748897105,86.13132368807294,85.958462983716,86.01858520507812,10749400
2018-09-25,85.92839900597622,86.03362006100674,85.85324192868549,86.01858520507812,4087100
2018-09-26,86.16897340707403,86.37941568397011,86.07878140235199,86.3268051147461,7433600
2018-09-27,86.31931152640138,86.46211413979644,86.25918350664308,86.43956756591797,6323400
2018-09-28,86.53724148694178,86.53724148694178,86.35686322392746,86.37940979003906,12578500
2018-10-01,86.32059713849024,86.42614151328044,86.26028442382812,86.26028442382812,7550600
2018-10-02,86.36583445989375,86.50907572867149,86.33567810058594,86.33567810058594,11207800
2018-10-03,86.25275732411335,86.34322065242,85.68733851524647,85.83057403564453,8400500
2018-10-04,85.61191988204315,85.6873136360583,85.36314004969513,85.4762191772461,9843800
2018-10-05,85.30284781830032,85.38577636622962,85.00883051263725,85.14453125,8785800
2018-10-08,85.18976262655669,85.19730315408972,85.03898658631962,85.05406188964844,1355200
2018-10-09,85.18974373083464,85.31790391178298,85.1218962532982,85.2952880859375,8416200
2018-10-10,85.08421556159307,85.19730046406895,84.88066158678909,85.06159973144531,12316400
2018-10-11,85.25006699320801,85.55915957093991,85.22745116456136,85.41592407226562,18587600
2018-10-12,85.44605979629728,85.58930102176407,85.3103648480475,85.43098449707031,8956700
2018-10-15,85.38575944456099,85.46114744999169,85.26513403448297,85.27267456054688,6636500
2018-10-16,85.3104158091176,85.55166100300924,85.23502201273843,85.49134826660156,9017800
2018-10-17,85.42348291863911,85.49133617543596,85.06915283203125,85.06915283203125,6880600
2018-10-18,84.98623002087247,85.17470298168615,84.88822040013685,85.06915283203125,10418000
2018-10-19,85.00131231343693,85.08424088315012,84.88822737730632,84.96361541748047,6355700
2018-10-22,85.06162440738913,85.07669971461522,84.83545453682666,84.85807037353516,7282900
2018-10-23,85.0465309719316,85.15961589075603,84.93345180484508,84.97868347167969,10277900
2018-10-24,85.15209929745556,85.22749309902261,85.05409540785374,85.09932708740234,7262000
2018-10-25,84.98619386371999,85.07665716531068,84.97865333800881,84.99372863769531,5653100
2018-10-26,85.16714976765032,85.2500783181957,85.12945288040697,85.13699340820312,4955300
2018-10-29,85.08423313448121,85.12946480411867,84.97868873750164,85.03900146484375,6573300
2018-10-30,84.88068314510168,84.94099587530555,84.7676039656426,84.85053253173828,7669600
2018-10-31,84.72988022953982,84.89573730918889,84.60926055908203,84.60926055908203,13156300
2018-11-01,84.49503019228396,84.87321939148175,84.46477436386304,84.86565399169922,14262000
2018-11-02,84.7673399662974,84.8505420646249,84.51017404107432,84.52529907226562,7738400
2018-11-05,84.60093038507397,84.74464414044003,84.60093038507397,84.67656707763672,5064000
2018-11-06,84.73709513208381,84.85055307823089,84.72197009892926,84.82029724121094,5787100
2018-11-07,85.19090809580555,85.25141976057584,85.00181347143092,85.03963470458984,13257500
2018-11-08,85.02452800074418,85.06234347134424,84.79004669189453,84.79004669189453,10934400
2018-11-09,84.8505859375,84.96404392758487,84.78250883516385,84.8505859375,8836800
2018-11-12,85.02452208134905,85.02452208134905,84.77491575577918,84.84298706054688,2876500
2018-11-13,84.7597861717084,84.80517281291746,84.68414946397449,84.72953033447266,7778400
2018-11-14,84.51017465393527,84.66901345079143,84.47235341961755,84.50260925292969,11595100
2018-11-15,84.40429405557776,84.46480573489424,84.20007435127388,84.34378814697266,15158300
2018-11-16,84.313525185887,84.53287567684853,84.26814431558836,84.51018524169922,13503700
2018-11-19,84.31353636223335,84.44968476188757,84.27571511816377,84.42699432373047,9773700
2018-11-20,84.24543823522411,84.4118424344292,84.20762277131126,84.22274780273438,16168200
2018-11-21,84.42700834642746,84.50264507641769,84.29841955766022,84.40431213378906,10704600
2018-11-23,84.66901639728509,84.69927223165014,84.4345351236335,84.44210052490234,2924700
2018-11-26,84.54042532994693,84.57824656453907,84.4420981990016,84.47991943359375,5938900
2018-11-27,84.41941193407729,84.45723317053655,84.35133486259268,84.37403106689453,8581300
2018-11-28,84.34379377962998,84.67659649667311,84.17738953575254,84.60095977783203,13861300
2018-11-29,84.52529854375905,84.61606604246973,84.27569225033727,84.35889434814453,10939100
2018-11-30,84.37405395762974,84.39674439737703,84.1471380187326,84.30597686767578,14854800
2018-12-03,84.45999551498117,84.6800429191857,84.41447046205796,84.61933898925781,12740500
2018-12-04,84.77107951290891,84.96836434573287,84.62690915941708,84.6344985961914,13521500
2018-12-06,84.68764091255422,84.9759759252702,84.68005147328523,84.89250946044922,12752200
2018-12-07,84.98353662702618,85.02906166915372,84.78625179606682,84.90007019042969,11791900
2018-12-10,85.13528222924741,85.16563418401992,84.91524068797274,85.15805053710938,6886500
2018-12-11,85.27187305798162,85.40845397583603,85.18082297210809,85.309814453125,10241100
2018-12-12,85.32502659880288,85.49954899169548,84.67247366910375,85.40090942382812,10001600
2018-12-13,85.54502783150575,85.67402509091738,85.53744418433844,85.62849426269531,6911200
2018-12-14,85.67405654265657,85.74993356549034,85.52229670794328,85.5374755859375,6037900
2018-12-17,85.56779035109497,85.73472321347408,85.56779035109497,85.62849426269531,6480500
2018-12-18,85.78228983239526,85.96497147688032,85.71378857108348,85.93452453613281,5923200
2018-12-19,86.04866362480941,86.24655994731353,85.86598205566406,85.86598205566406,10049200
2018-12-20,86.07151279818349,86.1247934802791,85.45497255432419,85.5843734741211,20942200
2018-12-21,85.69091454522344,85.7670289577407,85.35600416155854,85.50062561035156,11850700
2018-12-24,85.49300804132136,85.56151507408282,85.2418252664579,85.30271911621094,4384800
2018-12-26,85.31032918855223,85.40927733542513,85.08959334661397,85.23421478271484,7659300
2018-12-27,85.37122303608491,85.47017118295781,85.23421478271484,85.23421478271484,7797300
2018-12-28,85.32556523684666,85.65286246780613,85.32556523684666,85.63764190673828,4334500
2018-12-31,85.64523191280826,85.94969533683457,85.57673069115967,85.87358093261719,7008400
2019-01-02,85.87361123608864,86.1552410189482,85.84316430222607,86.1400146484375,9506500
2019-01-03,86.01059961568662,86.23894866319303,85.97253950538304,86.17805480957031,11199100
2019-01-04,85.91924820999742,86.16281778720958,85.8659675464559,86.12476348876953,12080700
2019-01-07,86.3074478199194,86.36072848877002,86.12477207059692,86.13238525390625,16150100
2019-01-08,86.17046582368235,86.34553425021939,86.17046582368235,86.32270050048828,7961400
2019-01-09,86.39121125756606,86.68806165105893,86.39121125756606,86.6500015258789,10534900
2019-01-10,86.56628288936814,86.59672402204079,86.33793374420338,86.42166137695312,10337000
2019-01-11,86.6119441300129,86.6119441300129,86.45970944186243,86.58149719238281,6890800
2019-01-14,86.48253507114929,86.6119301798665,86.33030040751848,86.35313415527344,4511400
2019-01-15,86.42162132493577,86.52818266138424,86.35311429027186,86.4063949584961,10536500
2019-01-16,86.40642780509152,86.69567080582523,86.36076030272706,86.57388305664062,17911800
2019-01-17,86.51298304165026,86.75655269922268,86.51298304165026,86.74893951416016,8756200
2019-01-18,86.74131916369089,86.98488880114286,86.74131916369089,86.90116119384766,12589700
2019-01-22,87.01534469226496,87.21324685781093,87.01534469226496,87.04579162597656,9101600
2019-01-23,87.12190378897866,87.33502651225363,87.06862310815991,87.26652526855469,11707200
2019-01-24,87.57097801459608,87.6166455047758,87.42635655281637,87.49485778808594,8874700
2019-01-25,87.45680172700808,87.57097625732422,87.44157535914842,87.57097625732422,8529200
2019-01-28,87.49487700230597,87.6242779314954,87.44920950209749,87.55577087402344,7830600
2019-01-29,87.66231274104601,87.74604034423828,87.58619832191428,87.74604034423828,9111300
2019-01-30,87.77654066959614,88.14950561523438,87.66236606786484,88.14950561523438,17275500
2019-01-31,88.45393735418585,88.82690216519192,88.438716789458,88.7660140991211,12004200
2019-02-01,88.65375879731046,88.79881351517493,88.5010619564151,88.55450439453125,15158400
2019-02-04,88.4629124220646,88.47817919726428,88.26440939572731,88.432373046875,7375500
2019-02-05,88.63850947886702,88.9286306403647,88.6308731786196,88.79120635986328,9298100
2019-02-06,88.85225123367351,88.86752382934625,88.5926753551228,88.62321472167969,7083600
2019-02-07,88.56214978803878,88.62322853066966,88.3941861581986,88.60795593261719,12973200
2019-02-08,88.67666231564098,88.85225640257242,88.64612294730749,88.82935333251953,5502500
2019-02-11,88.77593521691955,88.77593521691955,88.56216540480547,88.63087463378906,5353800
2019-02-12,88.62326374674035,88.7530517578125,88.58508806122887,88.7530517578125,10689100
2019-02-13,88.56979115900305,88.6385003798053,88.47817303981022,88.52397918701172,9595200
2019-02-14,88.74536636311868,88.74536636311868,88.51632985112485,88.62321472167969,14906100
2019-02-15,88.5851029346696,88.76070296279714,88.5851029346696,88.73016357421875,8298000
2019-02-19,88.89807526108237,88.89807526108237,88.69193596504341,88.78355407714844,6920300
2019-02-20,88.70718383789062,88.73772320008023,88.55448702694265,88.70718383789062,8577400
2019-02-21,88.37890047212353,88.54686406602002,88.36362787733935,88.45524597167969,6311000
2019-02-22,88.53924604406984,88.928615744401,88.53924604406984,88.85226440429688,4110600
2019-02-25,88.76065102136327,88.90570575123571,88.75301472248913,88.82172393798828,6026200
2019-02-26,88.95151411850931,89.0125870326618,88.87516860722684,88.95914459228516,6360600
2019-02-27,88.84460805534992,88.84460805534992,88.64610511351144,88.70718383789062,7008500
2019-02-28,88.75300847551243,88.84462658118537,88.5316024220612,88.58504486083984,12468400
2019-03-01,88.63709975177265,88.74431540836929,88.39203455914965,88.43032836914062,12714100
2019-03-04,88.69076329730382,88.72905713135171,88.59120750872555,88.62950134277344,9453600
2019-03-05,88.59882565981071,88.67540744897084,88.50692400712897,88.66008758544922,9090400
2019-03-06,88.69073877150082,88.80561439905898,88.6371309243493,88.74434661865234,6278700
2019-03-07,88.91283430642734,89.06600376470175,88.85922645673566,89.03536987304688,7355500
2019-03-08,88.92050961955275,89.16557495236039,88.76734597760488,89.15026092529297,7386600
2019-03-11,89.13492600227232,89.24980163574219,89.07365821871272,89.24980163574219,7813600
2019-03-12,89.27277408793647,89.55613320000654,89.26511415441638,89.49486541748047,7994600
2019-03-13,89.24977897590206,89.37996860079896,89.24977897590206,89.34933471679688,5834000
2019-03-14,89.3187367362046,89.32639667098816,89.09664537002747,89.17323303222656,5395300
2019-03-15,89.41828361073155,89.61739513971528,89.37232985242834,89.49486541748047,8537000
2019-03-18,89.43359370785129,89.51783544442117,89.41061975111714,89.44891357421875,4308300
2019-03-19,89.31871625561168,89.54846750389088,89.31871625561168,89.46422576904297,8074700
2019-03-20,89.51784598693983,90.10753821237711,89.43360424044879,90.06924438476562,16202600
2019-03-21,90.00034353676968,90.29902262712251,90.00034353676968,90.23775482177734,14163200
2019-03-22,90.52874597697011,90.85805304658156,90.52874597697011,90.78913116455078,10576900
2019-03-25,90.80443978678049,91.13374683679422,90.65127616283733,90.9729232788086,7096100
2019-03-26,90.93460290276953,91.08011239300598,90.8197272969416,91.01118469238281,7766500
2019-03-27,91.13375854492188,91.30224205859538,91.07249075034633,91.13375854492188,7484100
2019-03-28,91.15672502466474,91.24862670898438,91.06482918316308,91.24862670898438,4621200
2019-03-29,91.00357277473194,91.24863812074808,90.97293887612757,91.1797103881836,8415100
2019-04-01,90.98612960576786,91.11671778643485,90.79409471351387,90.8401870727539,9567400
2019-04-02,90.85550419306898,90.9860864513614,90.78637447765666,90.96304321289062,7733300
2019-04-03,90.75565877464341,90.86319780698788,90.72493249962531,90.7710189819336,6048400
2019-04-04,90.79407181565338,90.91697692871094,90.72494208488727,90.91697692871094,7510600
2019-04-05,90.90164328014018,91.17049684573271,90.8401965621343,91.06295776367188,9326200
2019-04-08,91.0398815793794,91.07829089459689,90.90929928434187,90.93234252929688,8564800
2019-04-09,91.1704667384823,91.27800578503049,91.0859709361318,91.12437438964844,7749000
2019-04-10,91.3087663507139,91.61601753597438,91.30108331295017,91.56993103027344,5765300
2019-04-11,91.45470943256362,91.5699315579206,91.41630596440513,91.47775268554688,7769500
2019-04-12,91.4009145781049,91.50077646063293,91.32410180261812,91.42395782470703,11083800
2019-04-15,91.41631104031431,91.47008058707436,91.27804565429688,91.27804565429688,12427300
2019-04-16,91.24725141584429,91.24725141584429,91.01680732393177,91.02449035644531,10302700
2019-04-17,91.1167095933839,91.19352237129067,91.0014874963041,91.00917053222656,6062300
2019-04-18,91.21652738314346,91.25493668621635,91.06290189172553,91.08594512939453,8060000
2019-04-22,90.99380248839778,91.04757201781116,90.90162364064373,90.94003295898438,6581900
2019-04-23,91.07063993016085,91.31644439697266,91.05527971492795,91.31644439697266,7389700
2019-04-24,91.53148425876769,91.71583605479523,91.50843515638105,91.6236572265625,6463200
2019-04-25,91.53917399750961,91.61598676802824,91.43163494669578,91.57758331298828,4404000
2019-04-26,91.88482442406594,91.95395414749026,91.79264559906244,91.90018463134766,3406100
2019-04-29,91.70049316516443,91.7389024850794,91.49309807476607,91.5391845703125,5847500
2019-04-30,91.52381378758137,91.67743932861862,91.48540447210269,91.57758331298828,9753300
2019-05-01,91.67931651463735,92.1184525014864,91.54834747314453,91.54834747314453,12804300
2019-05-02,91.44813879912383,91.47895606423994,91.13227211782015,91.2170181274414,11748200
2019-05-03,91.40962071748301,91.65615295816917,91.40962071748301,91.62533569335938,7481000
2019-05-06,91.70241136219377,91.85649774580175,91.58684804393641,91.7486343383789,8077400
2019-05-07,91.89498621938745,91.90269200560869,91.6792712275342,91.74090576171875,11575500
2019-05-08,91.79481948083378,91.83333665004848,91.40190673697664,91.43272399902344,11843100
2019-05-09,91.62537462360898,91.6407803236634,91.37884227817491,91.51751708984375,11586200
2019-05-10,91.4866727424958,91.61764172648842,91.45585547371053,91.57141876220703,8155600
2019-05-13,91.57140694939028,91.77941613961613,91.50977241977067,91.62533569335938,16744900
2019-05-14,91.67931502001035,91.77176686544867,91.6176804563848,91.75635528564453,7993500
2019-05-15,91.9951152451918,92.02592662492539,91.81791748387391,92.0105209350586,10804400
2019-05-16,91.9412217579275,91.9412217579275,91.84107003452219,91.86418151855469,11716300
2019-05-17,91.97207711888643,92.01830598389031,91.85651965086657,91.8719253540039,7746100
2019-05-20,91.84876960094404,91.91810404834555,91.64846028990674,91.65616607666016,2890900
2019-05-21,91.74858287588094,91.76399444449454,91.62531971592837,91.7331771850586,3610100
2019-05-22,91.78714322707243,91.91811222456498,91.7101029860647,91.8487777709961,9526200
2019-05-23,91.88725729649707,92.14920106192919,91.82562865562294,92.0490493774414,9983400
2019-05-24,92.17234363362093,92.25708965592916,92.07989182443198,92.24168395996094,5981700
2019-05-28,92.39573547161844,92.44966420729438,92.27246643133553,92.30328369140625,9039100
2019-05-29,92.35723308716402,92.47279636883263,92.31101012561365,92.34182739257812,8778000
2019-05-30,92.52678405524968,92.90428552989212,92.4574495687587,92.87347412109375,11946400
2019-05-31,92.9273479656793,93.0968341250579,92.75015014196553,93.0891342163086,11611700
2019-06-03,93.31401486857399,93.43766359822287,93.05127016191408,93.37583923339844,12525200
2019-06-04,93.14401053944106,93.45312649994547,93.14401053944106,93.4067611694336,20566100
2019-06-05,93.48401915573551,93.64630367452057,93.25991027858606,93.34491729736328,10423100
2019-06-06,93.4762787275543,93.59992742985233,93.36808906099085,93.52264404296875,14133600
2019-06-07,93.8936142230093,94.16408847574812,93.83951937246152,93.93997955322266,11912900
2019-06-10,93.76997615197054,93.87044224006091,93.59223843532898,93.59996795654297,13072400
2019-06-11,93.66177847934416,93.75451503833995,93.53040610935598,93.68496704101562,17076700
2019-06-12,93.69268028139109,93.83951167621973,93.62313229177501,93.82405853271484,11814400
2019-06-13,93.85493530838646,94.08677365933387,93.85493530838646,94.06359100341797,6665700
2019-06-14,93.93228669011881,94.14093664030503,93.86273277612445,94.102294921875,4652300
2019-06-17,94.04043092129484,94.22589810903645,93.98633607920789,94.14862060546875,6213200
2019-06-18,94.63548765399534,94.87504971792147,94.54275109897728,94.77458953857422,19575000
2019-06-19,94.55049086484928,95.40055540899175,94.4577601956792,95.37737274169922,17597800
2019-06-20,95.7482932190564,95.94921945368743,95.59373230938026,95.8951187133789,24937900
2019-06-21,95.57826019826145,95.74054469929314,95.42370521515356,95.54734802246094,18566400
2019-06-24,95.78690338134766,95.95691738852886,95.65553106521465,95.78690338134766,15241600
2019-06-25,95.78690385244347,95.8178160262552,95.41596955849133,95.5009765625,17843700
2019-06-26,95.70190966669942,95.70190966669942,95.26915096716033,95.30779266357422,24436700
2019-06-27,95.54738180286813,95.93377529314044,95.47010428399301,95.86422729492188,10314500
2019-06-28,95.91059259413957,96.16561371264697,95.8951335528318,96.11151885986328,9512100
2019-07-01,96.26263183561599,96.51838294262866,96.05338469255243,96.29363250732422,19129900
2019-07-02,96.34787415128204,96.6036252369175,96.25487214393105,96.55712127685547,15843800
2019-07-03,96.60366459269841,96.84391248526444,96.55716061369093,96.82066345214844,6947300
2019-07-05,96.13091167635469,96.21616207042113,95.58840863113409,95.9681625366211,7889900
2019-07-08,96.09985387791143,96.13860618409994,95.83635711669922,95.83635711669922,9239200
2019-07-09,95.78211057646536,95.80536551003964,95.58836085275269,95.6348648071289,15877100
2019-07-10,95.7511504292157,95.9758949867074,95.69690072348072,95.85189819335938,9551800
2019-07-11,95.67363234555249,95.82088406020002,95.20863408844423,95.2861328125,7101300
2019-07-12,95.24739432810145,95.43339246385855,95.20089035958158,95.37914276123047,6363600
2019-07-15,95.47987640623636,95.58837579545465,95.39462604145436,95.54187774658203,7705000
2019-07-16,95.20862177309229,95.35587346869262,95.10012239089401,95.34037017822266,9867500
2019-07-17,95.44114216108404,95.85189074584508,95.44114216108404,95.8441390991211,6620400
2019-07-18,95.79763730620768,96.16963355560713,95.60388753508643,96.06888580322266,10357300
2019-07-19,95.9681195573797,96.14636600130909,95.8286195125437,95.92161560058594,8789300
2019-07-22,96.2936318400225,96.30912921938244,96.16962915404893,96.21613311767578,4464800
2019-07-23,96.28586023015065,96.28586023015065,96.0766131319222,96.2703628540039,7013600
2019-07-24,96.40212591892005,96.54937762220186,96.27037750691696,96.5416259765625,11851200
2019-07-25,96.41763244291052,96.47962787178439,95.99913225595161,96.23162841796875,9943100
2019-07-26,96.43311051752836,96.47960855806893,96.23160915389892,96.36335754394531,7285100
2019-07-29,96.4796457302197,96.49514902488787,96.29364758362296,96.30139923095703,7379600
2019-07-30,96.2703628540039,96.34010991582264,96.03786082239695,96.2703628540039,12112000
2019-07-31,96.37110345410225,96.66560679406174,95.95260337582178,96.35560607910156,17422700
2019-08-01,96.6105516063639,97.3877260372525,96.5406087536817,97.13903045654297,16216800
2019-08-02,97.10791189317736,97.26335028755702,97.02242225861066,97.24003601074219,14629500
2019-08-05,97.5431522303259,97.5431522303259,97.24782218888257,97.30999755859375,12715500
2019-08-06,97.597529898845,97.95502929162777,97.40323636389557,97.91616821289062,14920200
2019-08-07,98.28919122629307,98.43685617542398,97.81511463848337,97.90060424804688,24644100
2019-08-08,97.75298503365475,98.20374756236225,97.55869145362941,98.16488647460938,8353800
2019-08-09,98.16492355395539,98.19601125002639,97.83851163926754,97.87737274169922,6375900
2019-08-12,98.15710969769394,98.56901109961052,98.12602201631188,98.49129486083984,8075100
2019-08-13,98.56125450694645,98.6622850416426,98.27369785214519,98.41358947753906,10955000
2019-08-14,98.77884997028582,98.85656621254428,98.56901552325104,98.70113372802734,9070900
2019-08-15,98.81772574202016,99.47832279344637,98.7400094882118,99.18299865722656,11378300
2019-08-16,98.94980066397108,99.40056303991486,98.75550714979195,99.36170196533203,10842200
2019-08-19,98.83329518186123,99.18302731911952,98.7011769192705,99.03536224365234,7226200
2019-08-20,99.36170187811092,99.64925841341591,99.26067138539877,99.61039733886719,11402300
2019-08-21,99.37728903143206,100.04565353599021,99.37728903143206,99.7891845703125,9344000
2019-08-22,99.67261524467885,99.86690884164705,99.38505858659273,99.42391967773438,7054000
2019-08-23,99.31511365865505,100.03011858685082,99.29956685077585,99.7891845703125,7998600
2019-08-26,99.851385494305,100.03791166036666,99.64155689857134,99.79698944091797,6305900
2019-08-27,100.06121325628216,100.41093939688595,100.06121325628216,100.3332290649414,12644100
2019-08-28,100.56637191951637,100.61301234917269,100.26327434982758,100.3332290649414,8935800
2019-08-29,100.30213011848143,100.33322373660104,99.75034291363568,100.11561584472656,17900500
2019-08-30,99.9990382915027,100.13115652922527,99.80474467272103,100.1000747680664,8653700
2019-09-03,100.0368958695169,100.30965060553699,99.70180874504895,100.00572967529297,22683500
2019-09-04,99.80316704563998,100.30190962658236,99.80316704563998,100.19281005859375,8502600
2019-09-05,99.70962208857114,99.93562164391551,99.29660153951656,99.46025085449219,19042800
2019-09-06,99.62392695931129,99.89668183642965,99.57717169831079,99.8187484741211,8914800
2019-09-09,99.33556813329999,99.40570100588702,99.08619689941406,99.08619689941406,7219000
2019-09-10,98.94595211915883,98.9615352243677,98.24459347514345,98.25238800048828,9863400
2019-09-11,98.1900063170513,98.43937752384689,98.1198734520831,98.17442321777344,8165800
2019-09-12,98.70435947166466,98.78228687614033,97.97962331362926,98.04196166992188,11506000
2019-09-13,97.6912993323246,97.87053179367416,97.16138458251953,97.16138458251953,8984600
2019-09-16,97.51204153403054,97.7458296798426,97.35618673380885,97.65231323242188,11464700
2019-09-17,97.61338606555894,98.04198988626659,97.53545863865587,97.90171813964844,12480700
2019-09-18,98.24454688183916,98.54846782586195,97.82373189500498,98.14324188232422,9162300
2019-09-19,98.50951188387924,98.66536665153089,98.3536511707493,98.42378997802734,9042800
2019-09-20,98.72772986019021,99.14854494808237,98.62641889086764,99.1017837524414,10406200
2019-09-23,99.27323873421376,99.42130497030905,99.00828435960123,99.03166198730469,9526600
2019-09-24,99.28884163104743,99.47586862424019,99.1953251617106,99.34339141845703,12638700
2019-09-25,99.18752133186938,99.24986563891234,98.68098424173587,98.78229522705078,13852300
2019-09-26,99.1173567260386,99.17969506765169,98.96929053056574,98.99266815185547,8377600
2019-09-27,99.08619106002654,99.14074082842811,98.91474723205621,99.01605224609375,8627800
2019-09-30,98.93815933014498,99.36676904942101,98.86023191177141,99.34339141845703,10769500
2019-10-01,98.88704337820064,99.74652783911235,98.88704337820064,99.45742797851562,13233900
2019-10-02,99.42618822994986,99.50432156677243,99.20741250237008,99.41837310791016,11377000
2019-10-03,99.56679831278694,99.94965571182013,99.56679831278694,99.80901336669922,13985000
2019-10-04,100.03564786591038,100.22317504882812,99.97313880493779,100.22317504882812,9168500
2019-10-07,99.94189239369616,100.01221061791459,99.70748639058351,99.71530151367188,6989300
2019-10-08,99.94188809184946,100.00439119028917,99.60590934781891,99.62934875488281,8635500
2019-10-09,99.84030054366646,99.84030054366646,99.44962789733114,99.66840362548828,9929500
2019-10-10,99.34025814400171,99.38713696252717,98.96521567341294,99.08241271972656,7962200
2019-10-11,98.8323857695726,99.05116154503179,98.48859782007648,98.9027099609375,11061500
2019-10-14,99.15270163745832,99.26990460327232,98.9964290293095,99.2308349609375,2276500
2019-10-15,99.26994183903503,99.26994183903503,98.89489339998912,98.96521759033203,13199100
2019-10-16,99.02770781580392,99.16054105557632,98.84800172388728,99.07459259033203,7793500
2019-10-17,99.09020711488733,99.37930701143453,99.0042586581082,99.21522521972656,5795300
2019-10-18,99.34020233154297,99.49646894629402,99.26988414326178,99.34020233154297,5978200
2019-10-21,99.15274000657469,99.23087336028912,99.07460665286027,99.1136703491211,6457700
2019-10-22,99.41837261718297,99.43400286118523,99.13708783705695,99.2855453491211,5820000
2019-10-23,99.47302955020028,99.51991430357698,99.30113269726058,99.34020233154297,4986100
2019-10-24,99.44182562420552,99.66841650370093,99.44182562420552,99.55902862548828,9154900
2019-10-25,99.60592009902503,99.60592009902503,99.25431107153877,99.38713836669922,6263000
2019-10-28,99.07457804978796,99.18396590564618,99.01206900038582,99.09020233154297,9081600
2019-10-29,99.05115796971077,99.13710644428063,98.82457303987306,98.83238220214844,9236700
2019-10-30,98.80894965092067,99.23869205359685,98.7855102400825,99.18399810791016,12250700
2019-10-31,99.5511987622523,99.8481078040607,99.43399578534152,99.78559875488281,18082800
2019-11-01,99.79736364420941,100.1499250466612,99.73469124191202,99.883544921875,11238400
2019-11-04,99.6171844391073,99.64068734036017,99.38214347189843,99.41348266601562,10122100
2019-11-05,98.9825854137814,99.15494800876789,98.73187781489395,98.84156799316406,10409200
2019-11-06,99.11574991626928,99.42129952751873,99.10791362493653,99.39779663085938,8496500
2019-11-07,98.96687163210765,99.06088917838042,98.51246245779598,98.62214660644531,14799000
2019-11-08,98.60649598245209,98.8493672113398,98.48897552490234,98.48897552490234,6256300
2019-11-11,98.6848509733567,98.70835387178329,98.44981601175151,98.52032470703125,3231600
2019-11-12,98.60651307274921,98.69269435806656,98.41064760199885,98.61434936523438,9936600
2019-11-13,98.89639226890392,98.98256757352459,98.80237469476377,98.84938049316406,10280100
2019-11-14,99.21759543303978,99.42913345261759,99.21759543303978,99.366455078125,10163800
2019-11-15,99.29596744861787,99.49183293923305,99.1862832520606,99.38214874267578,5411900
2019-11-18,99.53095097914249,99.63279882363337,99.4291031346516,99.49177551269531,9148900
2019-11-19,99.5623246991604,99.71901466463743,99.53098551059718,99.68767547607422,3818800
2019-11-20,99.82088214817348,99.930566334448,99.74253117740037,99.8287124633789,5395800
2019-11-21,99.63285084501102,99.73470472001992,99.50750004613711,99.59368133544922,8425700
2019-11-22,99.82869866553591,99.89921333401753,99.67984499178853,99.86787414550781,5276600
2019-11-25,100.0010931299657,100.26747332864656,99.99325683600247,100.21263122558594,6808600
2019-11-26,100.32228597499471,100.54165432282612,100.30661339167008,100.47114562988281,8688800
2019-11-27,100.27528868541482,100.50249335772439,100.26745836996074,100.46331787109375,7264000
2019-11-29,100.42412568765776,100.48680406490966,100.15775155034575,100.25960540771484,5260900
2019-12-02,99.82439422607422,99.88724253284364,99.61228868265793,99.82439422607422,14911500
2019-12-03,100.27214530897773,100.688504717199,100.17002133885217,100.59423828125,9376800
2019-12-04,100.43715725865225,100.5707114182653,100.13077923365111,100.46072387695312,11177600
2019-12-05,100.3035900389532,100.43713817965266,100.13861774864027,100.35072326660156,5700600
2019-12-06,100.06007368646281,100.44500908175002,100.00508291570749,100.29574584960938,6149500
2019-12-09,100.53926640208992,100.5471179441979,100.25645505406935,100.28002166748047,4545300
2019-12-10,100.41356980583917,100.49998471737567,100.18574922029241,100.28002166748047,6425500
2019-12-11,100.46073073098705,100.78281785898187,100.42145502898758,100.67283630371094,4417100
2019-12-12,100.62567957233321,100.65710971626767,99.90294209398074,100.20932006835938,10375000
2019-12-13,100.58641403967802,100.91637066854086,100.31931770877915,100.86137390136719,12474100
2019-12-16,100.74351881572665,100.79850358380624,100.53140731122079,100.63353729248047,8062600
2019-12-17,100.72782252840989,100.82995252871478,100.53142605834,100.55499267578125,10886800
2019-12-18,100.56288064786227,100.6414440591853,100.40576581230978,100.48432922363281,10205500
2019-12-19,100.48115650431637,100.69382072797785,100.4260208900833,100.58354949951172,9307000
2019-12-20,100.52838251947593,100.6071528089443,100.4102391039321,100.55201721191406,8336900
2019-12-23,100.66231041144243,100.70956778799075,100.40238282176531,100.59929656982422,3827500
2019-12-24,100.47325477824562,100.78831793276518,100.42599740833313,100.70167541503906,2638000
2019-12-26,100.85131483648634,100.89858421994042,100.66228537730363,100.88282775878906,3879900
2019-12-27,101.09550286668497,101.1348759935027,101.02460479736328,101.02460479736328,8752100
2019-12-30,100.74106052445842,101.21365225139273,100.64653977533962,101.20578002929688,9993800
2019-12-31,100.82770922135413,101.01675074244396,100.73319447013978,100.788330078125,5499400
2020-01-02,101.08762671140941,101.2687959913605,100.86708430149152,101.00098419189453,15348700
2020-01-03,101.1348716475737,101.37905473157284,101.03248469612474,101.34754180908203,10110900
2020-01-06,101.36328467747245,101.49718453345619,100.93007219125629,101.00884246826172,13894300
2020-01-07,100.95376368264232,100.96163590777812,100.69383602918928,100.74897766113281,8211700
2020-01-08,100.8276759372116,101.07185899501016,100.55987621806666,100.60713958740234,12268500
2020-01-09,100.58354773186556,101.12703164070558,100.55204681799847,101.087646484375,14415100
2020-01-10,101.18998995844699,101.48930255991492,101.14273260424798,101.37114715576172,8263500
2020-01-13,101.229405508063,101.25303419226185,101.079749162364,101.12700653076172,4477400
2020-01-14,101.10339538615086,101.2688082228983,101.07189447464066,101.2530517578125,11066300
2020-01-15,101.44995072188365,101.5050803136579,101.32392305688589,101.47357940673828,8712400
2020-01-16,101.52871392375589,101.69412674442222,101.41057049375154,101.6153564453125,13926100
2020-01-17,101.55231710802468,101.67834474748818,101.29240162728485,101.5995864868164,13727800
2020-01-21,101.89105316530323,102.13522429683354,101.66263849928959,102.08796691894531,16807300
2020-01-22,102.26909405590403,102.30060697764664,102.13519418514345,102.14306640625,9928600
2020-01-23,102.32423490266864,102.39512094807782,102.19033503289857,102.2769775390625,13623200
2020-01-24,102.49751370840077,102.56839974951757,102.36361384673884,102.45025634765625,11604500
2020-01-27,102.54481016771946,102.74959614857954,102.50542501252968,102.64720916748047,10461200
2020-01-28,102.7495695769844,102.8362120885309,102.48964204234491,102.592041015625,12055900
2020-01-29,102.86773722666358,103.08827964248604,102.85985298553118,102.92286682128906,11174700
2020-01-30,102.9622569329018,103.14341420777333,102.7653431936664,102.98588562011719,14619200
2020-01-31,103.15130564809462,103.30883424674451,103.00164927284564,103.25369262695312,20194800
2020-02-03,103.11705345828284,103.29867760745773,102.99070098510245,103.17232513427734,11216300
2020-02-04,102.99073887867976,103.05391513851453,102.76173548021333,102.91967010498047,16799300
2020-02-05,102.79330720601696,102.90386263715486,102.73013095256127,102.85648345947266,9587500
2020-02-06,102.88803565849747,103.0064956179126,102.80116984144694,102.80907440185547,11028900
2020-02-07,103.22763093279727,103.36187594564353,103.11707550753341,103.20394134521484,11517200
2020-02-10,103.36976477592466,103.49611727162159,103.29080350334199,103.44873809814453,10405800
2020-02-11,103.36185940649395,103.50400895888046,103.28288609409746,103.2986831665039,10052700
2020-02-12,103.21181797002662,103.29868379433641,103.13285670678592,103.25130462646484,7069100
2020-02-13,103.25130556886226,103.37765805076354,103.16443974375963,103.18023681640625,5437400
2020-02-14,103.49611386784103,103.55929011361175,103.3302867661251,103.43293762207031,8254500
2020-02-18,103.55140981445143,103.72514149840178,103.47243648551465,103.63037109375,9650900
2020-02-19,103.5434766313222,103.67772161369751,103.45661081335761,103.48820495605469,10731500
2020-02-20,103.57508823216156,103.83568572998047,103.55929115815034,103.83568572998047,13706000
2020-02-21,104.06468232147628,104.27790063305137,103.97781649451133,104.0409927368164,12192700
2020-02-24,104.25425267728372,104.36480813305353,104.04892679539626,104.05683135986328,17894700
2020-02-25,104.15943145751953,104.39633933282344,104.04098354468512,104.15943145751953,19930500
2020-02-26,103.8435907398045,104.2700153923324,103.76461740988086,103.77252197265625,23073400
2020-02-27,103.9462429638162,104.1594492433243,103.20393711760748,103.21973419189453,29687900
2020-02-28,103.45666959571064,104.46746584290626,103.2592482654046,104.38059997558594,25073300
2020-03-02,104.41144060715048,104.91817648896732,104.19766990183929,104.27684020996094,15922600
2020-03-03,104.37977934504522,106.0900175495808,104.31643584692868,105.46450805664062,39141000
2020-03-04,105.78910548475585,106.1454019775928,105.50406587417967,105.61491394042969,23702000
2020-03-05,105.87620351911423,105.99496499208635,105.35362887497016,105.57532501220703,22089500
2020-03-06,106.2563145823824,106.51760205757387,105.69416050550355,106.3117446899414,30099900
2020-03-09,103.95221836824362,105.48035163449832,103.20795941579007,103.73052215576172,27166000
2020-03-10,103.65133275024536,104.0076293060016,101.39476776123047,101.39476776123047,30024700
2020-03-11,101.41063040574272,101.56106971778344,97.54676122652533,98.06141662597656,37310300
2020-03-12,96.14531427976814,99.60537593189407,91.6242761908766,93.38201904296875,41021400
2020-03-13,96.19281215012292,98.18017051897863,94.41131712054467,97.42798614501953,33470600
2020-03-16,92.09933619855802,96.63621297790498,91.2204648121964,96.0423812866211,19928900
2020-03-17,94.57758212057036,95.8444277674081,91.36297548752376,92.10724639892578,19074000
2020-03-18,89.24893039424502,90.82456186075393,85.7651171786219,87.49910736083984,23808700
2020-03-19,86.36684033571346,87.09527207051957,83.09680489097592,83.17598724365234,29077100
2020-03-20,86.20061560831533,87.60205582515933,83.76986464905262,84.51412963867188,29390100
2020-03-23,87.94250400951222,91.1650300333191,87.75247958208072,90.76122283935547,36918800
2020-03-24,91.48175132587494,93.99959791432171,90.93542424210484,92.62191009521484,43049700
2020-03-25,93.34243262634347,97.86347094679724,92.7881920773722,97.05586242675781,45181000
2020-03-26,96.99251280153071,97.64968801152145,96.00279328314774,97.1350326538086,21893500
2020-03-27,96.26408752989414,97.08753495262582,95.4564729626441,96.93709564208984,27730300
2020-03-30,97.2617400895695,98.9719787825008,97.2617400895695,98.11685943603516,19272700
2020-03-31,98.2514157360073,98.90067742426626,97.38046392216762,97.79219055175781,23901400
2020-04-01,97.27623257031442,97.31591732112759,96.29989564961433,96.371337890625,21859400
2020-04-02,96.56977220182648,98.0303017255292,96.45070584683701,96.62533569335938,22929500
2020-04-03,96.85553954498435,97.03016942138149,95.79189365197266,96.12527465820312,10754100
2020-04-06,97.33972869355757,98.03030875725878,97.02222646543302,98.02236938476562,15631800
2020-04-07,98.66534840228918,98.80822686074981,98.00651961850026,98.17321014404297,17457700
2020-04-08,98.68913633247058,100.02266626663224,98.33193724569688,99.94329071044922,15484100
2020-04-09,102.72148617098347,104.77734171133399,102.4754201094194,104.64240264892578,53580000
2020-04-13,104.13440712332658,104.34872783611141,103.03900360457783,103.62639617919922,20599800
2020-04-14,104.30109938833797,104.38048102476667,103.06282337644842,103.11839294433594,14791600
2020-04-15,102.71357153399367,103.88835686232157,102.71357153399367,103.80897521972656,13687800
2020-04-16,103.68192238998208,104.03912750763729,103.22153571809844,103.29298400878906,12582100
2020-04-17,104.24552004949732,104.35664705000774,103.14218336159573,103.63431549072266,11187900
2020-04-20,103.21361283971969,103.29299445432225,102.57859625870076,103.04692840576172,12057500
2020-04-21,102.95166368261282,103.29299007661731,102.14996270161315,102.6817855834961,16146000
2020-04-22,102.6817897943661,102.87229840199046,102.32459675301253,102.74529266357422,19956600
2020-04-23,103.12630757841123,103.38031907941058,102.95167769945792,103.18187713623047,5833400
2020-04-24,103.01517960043887,103.34856060839631,102.56273827247338,103.11042785644531,14985500
2020-04-27,103.17391145123814,103.2691718013784,102.25315022072152,102.27696228027344,11794700
2020-04-28,102.71353016204296,102.84053589426313,102.45159749324709,102.55477905273438,9232900
2020-04-29,103.06279564063527,103.37236456029781,102.95166864670344,103.2294921875,7399100
2020-04-30,102.97552930365771,103.30891044277796,102.48339697142399,102.53102111816406,14583200
2020-05-01,102.41161149711517,102.60259323686591,101.71932242129161,102.1251449584961,15442300
2020-05-04,102.27637162409412,102.6105806742494,102.14109739965161,102.2843246459961,9466700
2020-05-05,102.16498129815102,102.42757675775327,101.9819646355263,102.14906311035156,7268800
2020-05-06,101.76708270837952,101.81482511620538,100.82811023808598,101.003173828125,10662900
2020-05-07,101.28965323168129,101.45675775122106,100.97135630688744,101.27373504638672,11194300
2020-05-08,100.91561463718924,101.12250846661534,100.55753453368824,100.78829956054688,12286700
2020-05-11,100.56550338228485,100.68486545924291,99.88116728346651,99.90504455566406,12334800
2020-05-12,101.19413162232357,101.21800282201207,100.41431076779972,100.86788177490234,18760500
2020-05-13,101.28963902977401,101.50448593305588,101.0111315362575,101.09866333007812,13404100
2020-05-14,101.45672531393677,101.95007962217578,101.05885580290172,101.93417358398438,16978300
2020-05-15,101.9342018735861,102.34002451634403,101.83075188656227,102.29228210449219,17987400
2020-05-18,102.53894470918789,103.44608683110309,102.53894470918789,102.87315368652344,15299000
2020-05-19,102.91298464690055,103.17558012275266,102.57081036914644,102.95277404785156,13529000
2020-05-20,103.2551118295664,104.13042978610136,103.1675800339129,104.08268737792969,15068200
2020-05-21,104.23389161077401,104.24184463236766,103.88376438836994,104.00312042236328,11059200
2020-05-22,104.01903860756829,104.22592644716265,103.85989318157127,104.00312042236328,12546900
2020-05-26,104.1781616943867,104.36117828793769,103.82008152717299,103.85987091064453,12864900
2020-05-27,104.18611607006984,104.32935542402839,104.00309947413722,104.28956604003906,10204500
2020-05-28,104.18611632508897,104.54420863985423,103.92353310255021,104.3770980834961,12360900
2020-05-29,104.5282913222129,105.06938809581807,104.36914592656522,105.05348205566406,14092500
2020-06-01,104.81582199853877,105.01524328253272,104.69617409682608,105.00727081298828,15415500
2020-06-02,105.15081045758326,105.54166819842763,105.07900957899454,105.34224700927734,11585400
2020-06-03,105.35024326932253,105.51775027053479,104.97533041862208,105.2784423828125,15198200
2020-06-04,105.40607504030974,105.53370753685073,104.8955572258506,104.9593734741211,9777400
2020-06-05,105.36618032547987,105.65334733493724,104.8955492235565,105.50178527832031,22147400
2020-06-08,105.6852457219323,106.02824428570636,105.54165615284634,105.85275268554688,15872100
2020-06-09,105.9086272610613,105.97244351347314,105.57360106467829,105.62943267822266,17982200
2020-06-10,105.82083128723987,106.49885582585367,105.37412990375316,106.3233642578125,16866200
2020-06-11,105.76502320353009,105.94051483076548,104.60041022828132,105.05508422851562,28279600
2020-06-12,105.87670940545469,106.06815815610189,105.12688368005134,105.56561279296875,16202800
2020-06-15,105.20668466231241,107.55188074382617,105.15085303602838,107.06529235839844,24006200
2020-06-16,107.5996748212774,107.60764728543644,106.47493661810249,106.77008819580078,16299500
2020-06-17,106.88973671363664,106.97748250676214,105.94049008937918,106.56268310546875,20132900
2020-06-18,106.58660083814125,106.82590862661924,106.37920724636685,106.8019790649414,9306600
2020-06-19,106.85785296331096,107.04928951072955,106.59461553890723,106.88178253173828,13741400
2020-06-22,106.88178671631684,107.1370395134362,106.57069014287858,106.77808380126953,10134000
2020-06-23,106.65045539785133,106.94560705080991,106.5387800126439,106.57866668701172,9381300
2020-06-24,106.36326182850534,106.41112095711675,105.85274417048201,106.28350067138672,12357300
2020-06-25,106.38722562764126,106.48295608737067,106.15590237434726,106.39521026611328,19115300
2020-06-26,106.41110955326458,106.57065619380572,106.21168842428793,106.49088287353516,7304900
2020-06-29,106.49888545363949,106.98547363281251,106.23564802834557,106.9854736328125,10954600
2020-06-30,107.13705791530916,107.31254956859154,106.74620010075765,107.28861999511719,11599000
2020-07-01,107.25658960235288,107.88822304357704,107.04072600075709,107.71232604980469,11872500
2020-07-02,107.90423411439458,108.02415835651688,107.76830370689443,107.97618865966797,9733200
2020-07-06,108.06411033496056,108.34393756369687,107.9042073185658,108.25598907470703,12706800
2020-07-07,108.25605729237513,108.47992409636133,108.12013903279963,108.39997863769531,11645100
2020-07-08,108.47193461154737,108.50392255528763,108.12014042936049,108.22408294677734,10033100
2020-07-09,108.44791811311283,108.9356304143369,108.27202107333875,108.8316879272461,9809000
2020-07-10,108.98359184337143,109.07154035658245,108.47988561317908,108.63179779052734,9043100
2020-07-13,108.64779561793607,108.7997078006834,108.28000758603085,108.3439712524414,22457200
2020-07-14,108.61583146799362,109.08754983327827,108.57585264724572,108.97561645507812,12505600
2020-07-15,109.11947004692132,109.19942764773242,108.92759132468194,109.19143676757812,8815600
2020-07-16,109.31144283075072,109.55929449913383,109.21550339778337,109.49533081054688,7761800
2020-07-17,109.79113006591797,109.86308461814484,109.48730569008579,109.79113006591797,6078400
2020-07-20,110.0309765181547,110.09494018554688,109.85507948278176,110.09494018554688,7244300
2020-07-21,110.27078339639993,110.41470462773813,110.1588500830552,110.23880767822266,7712300
2020-07-22,110.55864637369196,110.60661606506027,110.41473729958707,110.59862518310547,6229900
2020-07-23,110.71059206312422,110.75057088464706,110.47073133381063,110.67860412597656,9544200
2020-07-24,110.47069627709772,110.64659327612038,110.29479927807503,110.43071746826172,9106500
2020-07-27,110.4867130733906,110.56665850776423,110.02298563466398,110.09494018554688,6347600
2020-07-28,110.27083974832969,110.32681253351403,109.94303052036473,109.9830093383789,12922600
2020-07-29,110.08697645376388,110.58267974853516,109.99103702892432,110.58267974853516,7625100
2020-07-30,110.5186833596413,110.58264702388065,110.30281971763267,110.46272277832031,8939900
2020-07-31,110.44671789642629,110.70257252809664,110.2788117694151,110.6146240234375,11788700
2020-08-03,110.53048265824236,110.84296414956444,110.418310128688,110.76284790039062,10915900
2020-08-04,110.96316134415164,111.17147827148438,110.8990610066902,111.17147827148438,10101900
2020-08-05,111.00325133365926,111.21158055815452,110.91511486773284,111.01927947998047,11602000
2020-08-06,111.36378542085535,111.58011031758343,111.31570099569251,111.49197387695312,8067800
2020-08-07,111.60411255073258,111.67623305364677,111.14741457033593,111.17945861816406,7405300
2020-08-10,111.35575125695972,111.36377143975828,110.89905319531306,110.93911743164062,6137100
2020-08-11,110.57058279725916,110.6426911126953,110.16195678389504,110.24207305908203,12870500
2020-08-12,110.16993635556302,110.35421718949051,109.84944688561177,109.9696273803711,11902600
2020-08-13,109.88949790712637,109.95359824571541,108.76777254654178,108.97608947753906,20754500
2020-08-14,108.84789944289719,109.06422432836278,108.39118912180231,108.49535369873047,12409100
2020-08-17,108.76777587325613,108.9039845122153,108.62355927643695,108.7197036743164,9522800
2020-08-18,108.85593076439918,109.16040437714565,108.75978635022322,109.0322036743164,12198000
2020-08-19,109.1924493932011,109.24854178588808,108.64761474025809,108.74375915527344,12168600
2020-08-20,109.16042085648091,109.248557324745,108.98414791995275,109.12836456298828,12065300
2020-08-21,109.1924122936874,109.36067718868614,108.95203911192684,109.32862091064453,6353900
2020-08-24,109.336653880247,109.50490656903537,109.06422438858364,109.13634490966797,13093400
2020-08-25,108.73574815965138,108.96810123141425,108.35114605854554,108.66362762451172,12191100
2020-08-26,108.48736004034082,108.71170516404636,108.2710351019841,108.70369720458984,6259000
2020-08-27,108.85590611105883,108.8799422091592,107.81429703178244,107.83833312988281,12251100
2020-08-28,108.03066907134166,108.22297014421267,107.8624041043429,108.16687774658203,7907500
2020-08-31,108.26301902023289,108.79984574558274,108.21494680988705,108.64762115478516,11874000
2020-09-01,108.60342727958974,109.36625851422377,108.48298475663799,109.33414459228516,13289900
2020-09-02,109.24579686806887,109.85605929844206,109.20564528326486,109.76773071289062,14236600
2020-09-03,109.90424307581081,109.92833157766981,109.47063778980468,109.52684020996094,16452600
2020-09-04,109.21367036520304,109.30199895048436,108.29827059617108,108.36251068115234,13177800
2020-09-08,108.51508832050003,108.74794792682813,108.39464580904486,108.46691131591797,13932300
2020-09-09,108.49104569233202,108.95677735446162,108.41074248237707,108.53922271728516,11640000
2020-09-10,108.44280390520896,108.73990355002475,108.3062983318465,108.61946105957031,12624700
2020-09-11,108.66767702979831,108.88448584291781,108.54722224360007,108.69979095458984,9773000
2020-09-14,108.88448785679142,109.18961303186775,108.86842476782523,108.97281646728516,13896200
2020-09-15,108.99688481967999,109.19763051072309,108.98884715040971,109.0932388305664,9388500
2020-09-16,109.34216928581779,109.42247246895107,109.01294338853498,109.16551208496094,8868200
2020-09-17,109.42246995771094,109.446558461589,109.03702939057158,109.1895980834961,12190400
2020-09-18,109.25386984417537,109.30204686589512,108.95677004187105,108.98888397216797,9968000
2020-09-21,109.18159838236137,109.18159838236137,108.78010688643522,108.8844985961914,12081100
2020-09-22,108.97277781416236,109.04504331005701,108.82020915446753,108.94867706298828,8295900
2020-09-23,108.93265019444225,108.98885261943133,108.09754121637248,108.16178131103516,17759900
2020-09-24,108.14569624282426,108.25008790700092,107.78435650476865,107.88874816894531,20595000
2020-09-25,107.82455183450955,107.96105746860137,107.63183151150173,107.77637481689453,9793100
2020-09-28,108.01724731096512,108.33843552288279,107.91285562844666,108.32237243652344,8579500
2020-09-29,108.45086839537613,108.54722242245616,108.1698317322105,108.18588256835938,8428600
2020-09-30,108.12164105680705,108.23405817111734,107.93695842312869,108.16983032226562,11634700
2020-10-01,108.0442610728701,108.58343476604486,108.00403394360639,108.47077178955078,12642600
2020-10-02,108.36623245390503,108.55131911509689,108.15699230883044,108.4869384765625,10829600
2020-10-05,108.2293758813367,108.44664661708671,108.09257169534195,108.124755859375,10078700
2020-10-06,108.19718501116955,108.59955461870781,107.79481540363129,108.03623962402344,22370600
2020-10-07,108.0442868444968,108.43057052405337,107.92358086922688,108.06842803955078,14745500
2020-10-08,108.36619608192547,108.51909851220564,108.24547782043459,108.33399963378906,12101600
2020-10-09,108.25350898376256,108.62368209953124,108.19717135173354,108.58344268798828,9979700
2020-10-12,108.72832552742629,109.2433581797888,108.72028255512348,109.21117401123047,5465400
2020-10-13,109.17899098047926,109.27555577736825,108.95366493483922,109.1065673828125,9228200
2020-10-14,109.27554234834713,109.36406416106634,109.0421733580949,109.21117401123047,12994600
2020-10-15,109.20309558913335,109.25137797139992,109.03410725120034,109.0984878540039,13255900
2020-10-16,109.05021057007416,109.33991718918418,108.89732042831436,108.91340637207031,8742400
2020-10-19,108.84101260951157,108.89735026613302,108.64787071740199,108.70420837402344,8634500
2020-10-20,108.62369084697075,108.64783203997173,108.45470249596387,108.47884368896484,13413100
2020-10-21,108.30981604050126,108.5431972204205,108.26957663575564,108.30177307128906,8890100
2020-10-22,108.23742263505244,108.26960680021023,107.96381425350124,108.06037902832031,9661800
2020-10-23,108.08453241779387,108.42252144714352,108.06843419372566,108.33399963378906,12010800
2020-10-26,108.46273089526638,108.64781744318941,108.41444851575113,108.55929565429688,9776600
2020-10-27,108.6961148442072,109.00996259831771,108.64782018412986,109.00190734863281,7023800
2020-10-28,108.96975827431727,109.02608364352724,108.43058438361723,108.4627685546875,13578300
2020-10-29,108.47886083096215,108.47886083096215,107.89944754868804,108.18109893798828,14744600
2020-10-30,108.05232570834737,108.26959643088158,107.60971673390713,107.61775970458984,19875600
2020-11-02,108.03149075274365,108.26535463329817,107.96697360853175,108.03955078125,18496400
2020-11-03,107.99116723980859,108.17664634068133,107.88632534108666,108.14439392089844,11661900
2020-11-04,109.3621502017762,109.86214281902461,109.32182543787773,109.76537322998047,20019500
2020-11-05,110.1121338429135,110.33795004882907,109.95891943607708,110.17665100097656,14349900
2020-11-06,109.8943511123996,109.94273588207206,109.62822257381711,109.829833984375,12029700
2020-11-09,109.82986002577552,109.91856955966998,108.9830894395806,108.99922180175781,21273800
2020-11-10,108.724998905945,109.168534130246,108.6846741659041,108.71692657470703,18849800
2020-11-11,108.87020956940523,108.94278675582473,108.63634564470154,108.91859436035156,3763300
2020-11-12,109.0153772701706,109.35409545898438,108.92668001285135,109.35409545898438,16891500
2020-11-13,109.49116559633714,109.62825992558024,109.37019132555454,109.48309326171875,8256800
2020-11-16,109.5153173002046,109.87821536694533,109.45886020040444,109.837890625,12742500
2020-11-17,109.99117565902507,110.28955675815016,109.88633373538,110.19278717041016,11832300
2020-11-18,110.35405856148239,110.54761001541773,110.30567377434566,110.4266357421875,11878400
2020-11-19,110.64437261012425,111.16856981694487,110.5717954339974,111.03953552246094,16107800
2020-11-20,110.8056652755024,111.08792627166922,110.62018615808927,110.9427719116211,18308400
2020-11-23,111.02343025799955,111.13633221688329,110.9266606662108,111.07988739013672,8648500
2020-11-24,111.04759307207085,111.11211021787238,110.80565685166191,110.82984924316406,11204400
2020-11-25,110.96696815003698,110.99116054421661,110.78954905579386,110.89437866210938,6709800
2020-11-27,111.1444040236529,111.34601554251276,111.08794689178467,111.28955841064453,3404800
2020-11-30,111.37020985470768,111.70891573556746,111.24923555807798,111.67665100097656,11856200
2020-12-01,111.5521783120194,111.72995169020278,111.09158028764581,111.25318908691406,18933600
2020-12-02,111.07546114723033,111.10777798473232,110.68758511741812,110.88152313232422,15637700
2020-12-03,111.22898437589562,111.53604982484073,111.09161623556888,111.31787109375,18888700
2020-12-04,110.81679402838417,110.97840275463689,110.57437477402736,110.70366668701172,12521200
2020-12-07,110.97847073341816,111.0996865998239,110.76030436782126,110.80069732666016,16697300
2020-12-08,111.00271866354406,111.06736466384096,110.62293111802711,110.67142486572266,12797700
2020-12-09,110.38051479870498,110.38051479870498,109.99263882935999,110.26738739013672,20824700
2020-12-10,110.35629343184476,110.83304385650719,110.34820497483916,110.81687927246094,13527600
2020-12-11,110.81684239684824,110.95421049061818,110.6390690213905,110.92996978759766,9023000
2020-12-14,110.68750473427906,110.96225313836028,110.59861808324368,110.84911346435547,8004000
2020-12-15,110.84109748406128,111.09159300108819,110.77645149096361,111.06735229492188,12254500
2020-12-16,110.84113221157565,111.1966791200276,110.60680120189578,110.97850036621094,12326000
2020-12-17,111.3509508106154,111.39953127155324,110.90560932676382,111.14041900634766,12338800
2020-12-18,111.31854813486501,111.3509433434197,110.93798474283543,111.0594482421875,8781900
2020-12-21,111.03514684943848,111.04323947318748,110.66267611942122,110.84081268310547,11925000
2020-12-22,111.08372810863618,111.16469141216628,110.92178914642514,111.14850616455078,10226800
2020-12-23,110.86507504193031,111.18896523773742,110.64645070415396,111.17276763916016,7553100
2020-12-24,111.31848469442541,111.60188700958388,111.31848469442541,111.55330657958984,3397000
2020-12-28,111.39144153503025,111.65863407711716,111.33475609236426,111.62625122070312,6279200
2020-12-29,111.42379745672008,111.68289731085898,111.4157048333611,111.6748046875,6581800
2020-12-30,111.65048985817378,111.82862637401703,111.56951422182777,111.8205337524414,5343100
2020-12-31,111.7719427287036,111.91769640540657,111.70717704477745,111.8448257446289,6932300
2021-01-04,111.65052402766744,111.65052402766744,111.23757780827874,111.2780532836914,14891400
2021-01-05,110.97846415460235,110.97846415460235,110.56551794050556,110.92179107666016,16294400
2021-01-06,109.94204984531868,110.10398882491975,109.63435713547013,110.02302551269531,19136500
2021-01-07,109.76391366024468,110.07969899591804,109.74771605568003,110.00682830810547,11886100
2021-01-08,109.9420551492325,110.03112344558282,109.67485026018153,109.92585754394531,13341400
2021-01-11,109.70716569662083,109.70716569662083,109.44805362105177,109.45614624023438,7557700
2021-01-12,109.39952972221514,109.74769785412218,109.09994204079278,109.69102478027344,16766200
2021-01-13,109.92582870133906,110.63837488518203,109.901538477358,110.54121398925781,16490700
2021-01-14,110.56548802114747,110.63026606066019,109.99059064243954,110.06346130371094,22050500
2021-01-15,110.31450379223278,110.53311582153178,110.15255248218129,110.23352813720703,13680700
2021-01-19,110.19301924492808,110.50880447092176,110.16063640219834,110.42784118652344,12807500
2021-01-20,110.40357464430903,110.5331183981596,110.33879658980845,110.39546966552734,12218400
2021-01-21,109.93393121211099,110.06347495205266,109.79628249425785,109.95822143554688,25084300
2021-01-22,109.92581585488242,110.04727931574241,109.79627212717241,109.87723541259766,15998800
2021-01-25,110.07967323715239,110.41974872251856,110.06347563637802,110.34687805175781,14603700
2021-01-26,110.13634888607676,110.48451696335046,110.08776844321515,110.33877563476562,11926900
2021-01-27,110.46024787962668,110.47644548206287,110.10397475693404,110.14446258544922,13822700
2021-01-28,110.15252246459063,110.26588093764526,109.92580551848137,109.96629333496094,16896900
2021-01-29,109.6505566919625,110.03921272095432,109.27809826776479,109.79631042480469,18131600
2021-02-01,109.82632281326842,110.09405487305764,109.77764650776643,110.01293182373047,10682300
2021-02-02,109.69647179523487,109.81816250167773,109.55853915523625,109.72080993652344,12710600
2021-02-03,109.52612564389274,109.59103150018784,109.42065207997244,109.46121978759766,13189600
2021-02-04,109.37197890655489,109.7046167872458,109.22595001036471,109.64781951904297,10689500
2021-02-05,109.72080976843935,109.83439188745288,109.29892802087949,109.355712890625,12016300
2021-02-08,109.46931795942504,109.85875306013413,109.42064166671769,109.8262939453125,13460300
2021-02-09,109.907424356607,109.92365391328003,109.42875766071063,109.65592193603516,11755100
2021-02-10,109.83440432356797,109.97232459944894,109.76137751202305,109.91552734375,9414500
2021-02-11,109.96421291609052,109.98044247330677,109.55856064235923,109.62346649169922,9241100
2021-02-12,109.2097098678032,109.47744186440015,109.17726313163634,109.26649475097656,13717100
2021-02-16,108.73106625527976,108.95010962491041,108.47956376305548,108.49578094482422,21429200
2021-02-17,108.99066086119963,109.06367530670487,108.73915840699745,109.03933715820312,16195400
2021-02-18,108.82032158405406,108.99880963828707,108.58503624914265,108.82843017578125,15414100
2021-02-19,108.54445547672307,108.63369949310614,108.02522093945649,108.04145050048828,13678500
2021-02-22,107.85482967769833,108.08199396306337,107.2950275532184,107.3680419921875,17978100
2021-02-23,107.01922816011687,107.47355690568924,106.8975250021408,107.44921875,23482500
2021-02-24,106.80016067462869,107.63580360712348,106.56488773557409,107.61146545410156,18120000
2021-02-25,106.87312326713585,107.01916449392057,105.29108219084925,105.90766906738281,35471200
2021-02-26,106.63787214593353,107.35182411213947,106.27278757395094,107.3112564086914,23284400
2021-03-01,107.01776103156887,107.4486276600465,107.01776103156887,107.4161148071289,23890800
2021-03-02,107.39174520846755,107.39987032188176,107.12346760875887,107.29418182373047,13633400
2021-03-03,106.73324991952457,107.1885168176315,106.44872206355666,106.49749755859375,24043300
2021-03-04,106.5381228001436,106.6275486548618,105.53005065647955,105.62760162353516,21771800
2021-03-05,105.35122428769144,105.62762703066795,105.09108417805315,105.48942565917969,23789400
2021-03-08,105.3024556114702,105.37561885909803,104.48949755847975,104.5057601928711,15029200
2021-03-09,105.042250890378,105.37555405952871,105.00160053177488,105.29426574707031,21900300
2021-03-10,105.44877371223639,105.9202783737841,105.44877371223639,105.79021453857422,19440400
2021-03-11,105.9202732096167,106.1316501904389,105.73329637675677,105.8552474975586,20622100
2021-03-12,104.97723635359827,105.10730016366652,104.595145225537,104.63579559326172,14352000
2021-03-15,104.7333444773363,105.09917297011087,104.7333444773363,104.99348449707031,10111200
2021-03-16,105.04229261595076,105.1886190793493,104.76587751049892,104.92034149169922,11356900
2021-03-17,104.44886084651908,105.24556877415723,104.31065944799175,105.01792907714844,19086100
2021-03-18,104.06674243275329,104.56264727710423,103.98545408082514,104.41632080078125,21368700
2021-03-19,104.4081763904355,104.6439411263985,104.25372481054097,104.5707778930664,19776100
2021-03-22,104.92036017656181,105.2455508277251,104.81467166433937,104.94474792480469,16677200
2021-03-23,104.9447265255575,105.35120545306039,104.9447265255575,105.25365447998047,32228000
2021-03-24,105.04229157624748,105.61948471583237,105.04229157624748,105.57070922851562,13435400
2021-03-25,105.62761557342063,105.70079121312806,105.23739924891197,105.44877624511719,12945900
2021-03-26,105.2374242210595,105.53822715517164,105.13987321797245,105.37562561035156,14315000
2021-03-29,105.41623861345398,105.44876387278626,104.96098422081677,105.12357330322266,11279900
2021-03-30,105.08293526083995,105.51380196190755,104.85530803781378,105.44877624511719,20219000
2021-03-31,105.61134510171036,105.99343623956459,105.54630699263402,105.72515869140625,23764600
2021-04-01,106.26602152759246,106.42077532951618,106.01350100765958,106.38819885253906,16390900
2021-04-05,106.04612222172607,106.1357230969934,105.82619054079176,105.8669204711914,17015500
2021-04-06,106.0216743078948,106.60815043554487,106.0216743078948,106.5755615234375,15762000
2021-04-07,106.53479487106411,106.64069015536438,106.22527488691742,106.3637466430664,10976500
2021-04-08,106.50224499857262,106.77104756729892,106.4370796095759,106.75475311279297,7452800
2021-04-09,106.41264322147099,106.78734109770284,106.33118337867324,106.53482055664062,7568300
2021-04-12,106.46152792435768,106.51855230749655,106.31491510319248,106.5103988647461,10579800
2021-04-13,106.3882167325875,106.99098730468872,106.3474868077514,106.98283386230469,9582100
2021-04-14,106.83621978759766,106.94210267608896,106.65701806365497,106.83621978759766,10219300
2021-04-15,107.24347123272966,107.78107628955902,107.23531779218588,107.49597930908203,17234400
2021-04-16,106.93397249331487,107.25978706310369,106.74662973713775,106.76292419433594,21100200
2021-04-19,106.5266307816611,106.62437260505573,106.40445350241782,106.48590087890625,10868200
2021-04-20,106.45339962585072,106.86067408310531,106.42081070901351,106.68961334228516,11996200
2021-04-21,106.75475041447291,107.0561294555664,106.6244196397737,107.0561294555664,10473600
2021-04-22,107.15387681025929,107.25161867043913,106.91765074279007,107.16201782226562,16487100
2021-04-23,107.29237024612938,107.43084205234418,107.10502749995979,107.25164031982422,15170600
2021-04-26,107.27608046097579,107.42270571625326,107.18647959081427,107.20277404785156,10915200
2021-04-27,107.19463833152558,107.22721481818108,106.72219848632812,106.72219848632812,10418200
2021-04-28,106.71405176986296,106.79551163518119,106.36380169286149,106.73848724365234,15731100
2021-04-29,106.43707072322836,106.64884889801618,106.18456263008972,106.6081314086914,11697300
2021-04-30,106.67331776052757,106.90139043329212,106.59999892147373,106.82807159423828,11860200
2021-05-03,107.01983645933329,107.26466711096029,106.80763329027305,107.08512878417969,9029900
2021-05-04,107.30550415637602,107.41160576838013,106.98721177360451,107.15043640136719,14006800
2021-05-05,107.01172531927824,107.32186091761449,107.01172531927824,107.28105163574219,5722300
2021-05-06,107.32183700762742,107.53402779154776,107.21573538904644,107.48506164550781,9383600
2021-05-07,107.7952128312236,108.00740364596311,107.34633567192516,107.52588653564453,11267200
2021-05-10,107.33816521494238,107.54219912941933,106.93825425940048,106.9464111328125,9705000
2021-05-11,106.53833078427452,106.74236467477495,106.44039850187124,106.55465698242188,12179400
2021-05-12,106.2037214218894,106.35061984100393,105.91806900262445,105.97520446777344,12569900
2021-05-13,106.20374055047763,106.53834671647407,106.20374055047763,106.3751220703125,9508200
2021-05-14,106.76688972887406,106.97908055051704,106.64446188876772,106.95459747314453,8987200
2021-05-17,106.95459641800012,106.9627532926292,106.76688867558146,106.83216857910156,6001600
2021-05-18,106.64446398896007,106.69343014466939,106.4649131158632,106.48123931884766,8835300
2021-05-19,106.3914427289589,106.65259965856528,106.08130720013735,106.29351043701172,20069600
2021-05-20,106.61998641326707,107.05253741534675,106.61998641326707,107.0198974609375,10498100
2021-05-21,107.17495657196599,107.25656267799297,106.98723637629216,107.09333801269531,7826100
2021-05-24,107.3218383906628,107.44425375734023,107.20757989734994,107.38713073730469,5756400
2021-05-25,107.4687586740913,107.81970355196705,107.45244492404633,107.78706359863281,11428000
2021-05-26,107.63196426086043,107.8359981558328,107.51770577780553,107.72989654541016,28568500
2021-05-27,107.57482387293663,107.58299319843594,106.93008227373615,107.4034423828125,15033000
2021-05-28,107.47693703996678,107.77890333336669,107.45245395959627,107.4932632446289,10432400
2021-06-01,107.4825872881346,107.5316491620607,107.21273450395353,107.50711822509766,6390600
2021-06-02,107.580724506463,107.74426826589027,107.5725516856478,107.67884826660156,8140400
2021-06-03,107.36809055278111,107.44168335347779,107.22907777004772,107.25360870361328,10028100
2021-06-04,107.60524116738165,108.02229204780633,107.56435211355351,108.01410675048828,11427200
2021-06-07,107.91601388447356,107.98143389380161,107.82606293134637,107.92418670654297,5000100
2021-06-08,108.20219556565053,108.37391212574568,108.20219556565053,108.33302307128906,10626800
2021-06-09,108.74190869204003,108.88910681968167,108.57836492167476,108.7255630493164,12152200
2021-06-10,108.54569886510112,109.22441760159977,108.46392071271556,109.21623229980469,16424100
2021-06-11,109.3061294555664,109.41243850580368,109.1098694730333,109.3061294555664,12707000
2021-06-14,109.15893315714575,109.17527879590145,108.75824041106846,108.90542602539062,8327200
2021-06-15,108.80733412329649,109.01995226520816,108.7255684728301,108.98723602294922,17848200
2021-06-16,109.11808035793513,109.33887133035972,108.373941786957,108.67649841308594,22698500
2021-06-17,108.93815533325485,109.78859032133585,108.93815533325485,109.28160095214844,22735800
2021-06-18,109.48602737016567,110.04209106182068,109.38790362123322,109.85400390625,21169700
2021-06-21,109.37160330278071,109.5106161797608,109.14263944921422,109.21623229980469,22492000
2021-06-22,108.8645673152068,109.40426046720334,108.84820919617998,109.39608764648438,12098400
2021-06-23,109.24074139708505,109.4124704917037,109.12625949320316,109.22439575195312,12519100
2021-06-24,109.33065689554701,109.4778549971341,109.28159502088052,109.43696594238281,8241300
2021-06-25,109.44516351629052,109.51875634493527,108.87275405306954,109.1507797241211,10981600
2021-06-28,109.41243427063314,109.67410175962719,109.37971803601664,109.61686706542969,12359900
2021-06-29,109.42059599778487,109.75586874188336,109.38789224407135,109.74769592285156,11194400
2021-06-30,109.92758838874187,110.08295929783756,109.79676089260725,109.87035369873047,17381500
2021-07-01,109.82367531075921,109.91379594515094,109.56970238687214,109.77452087402344,11062700
2021-07-02,109.80731100121952,110.0940619481053,109.74176757047044,110.08586120605469,6896200
2021-07-06,110.21689707230833,110.74942001170102,110.21689707230833,110.48725891113281,11499900
2021-07-07,110.70845648387076,111.0115837453988,110.58555793107952,110.86412048339844,16902400
2021-07-08,110.8232075299036,111.09356947455585,110.73308688168618,110.92151641845703,17494900
2021-07-09,110.43812457143683,110.50366798378059,110.37258115909309,110.45451354980469,13192600
2021-07-12,110.56103860100659,110.61019304740641,110.3152538678766,110.39718627929688,12577200
2021-07-13,110.52007199704535,110.56923894439883,109.80730752455455,109.987548828125,19922400
2021-07-14,110.29886563378844,110.52006061901862,110.29066489284173,110.4954833984375,14420100
2021-07-15,110.78219427935903,110.83953693961969,110.41352360271912,110.73303985595703,15859100
2021-07-16,110.43812514349051,110.70848703288605,110.43812514349051,110.57740020751953,9624600
2021-07-19,111.13450438807023,111.48679868104216,111.08534995210395,111.37210083007812,21808500
2021-07-20,111.7243841401821,111.86365921102193,111.06897498355427,111.21643829345703,24764800
2021-07-21,110.79861919146026,110.96247148965364,110.62656615262334,110.82319641113281,22385000
2021-07-22,110.91330403951041,111.33931746461346,110.82318341090638,111.28197479248047,6074900
2021-07-23,110.84777408435376,111.2410221018527,110.80680788435554,111.23283386230469,11455300
2021-07-26,111.33114650707184,111.33114650707184,110.91332125566721,110.98705291748047,8684600
2021-07-27,111.3721367232288,111.4622573852539,111.15092918896136,111.4622573852539,10506100
2021-07-28,111.22466018855394,111.66707525439152,111.11816304399699,111.65887451171875,12225700
2021-07-29,111.32296372950746,111.42946085697558,111.23284308249282,111.33934020996094,15828800
2021-07-30,111.38849729013258,111.56872606707064,111.36390756936977,111.42945098876953,11148100
2021-08-02,111.55499387897581,112.03922753663227,111.49754858368614,111.7519760131836,12042700
2021-08-03,111.77663090184659,111.94897936315826,111.73559137941392,111.86691284179688,13121700
2021-08-04,112.12956502487062,112.26088651276352,111.39090357160919,111.89155578613281,14426200
2021-08-05,111.71096398268168,111.73558519007665,111.40729407580815,111.43191528320312,13960900
2021-08-06,110.79171213359382,110.93123644969573,110.50444808523679,110.52086639404297,8641500
2021-08-09,110.5454822669695,110.6439670680589,110.04483032226562,110.04483032226562,14166600
2021-08-10,110.176198753373,110.18440164913088,109.79865264892578,109.79865264892578,12103500
2021-08-11,109.79862445789635,110.25003407877907,109.62627602669679,109.97098541259766,15902200
2021-08-12,109.97921060951008,110.15157159916538,109.87251035288992,110.12693786621094,14593200
2021-08-13,110.39779539796099,110.89844758236652,110.30751344590406,110.8656234741211,17846600
2021-08-16,111.13642129457847,111.3416063220671,110.90661506567123,110.93123626708984,15203000
2021-08-17,110.75070176039124,110.90664442632581,110.65221692864458,110.73428344726562,15055900
2021-08-18,110.74249743504468,110.89023722096717,110.47166412061226,110.66043090820312,9134600
2021-08-19,110.8327464135214,111.00510735857759,110.66860088515902,110.91482543945312,15681600
2021-08-20,111.03796617643954,111.12004522803738,110.84099649021265,110.98872375488281,10782100
2021-08-23,111.07080078125,111.17750104168067,110.96410052081933,111.07080078125,12064300
2021-08-24,110.96411827682618,111.04619734006137,110.72610903105493,110.81639099121094,13782900
2021-08-25,110.81636263505224,110.90664457210654,110.39777705257167,110.52909851074219,15533600
2021-08-26,110.66041477933774,110.676833091715,110.34852946168496,110.49626922607422,14673700
2021-08-27,110.61939004532022,111.15286629560586,110.44704157458378,111.1118392944336,11670000
2021-08-30,111.0051235116886,111.34163003407451,110.98050230502649,111.30059051513672,9119900
2021-08-31,111.26774592077187,111.44009433566342,110.96406355536674,111.046142578125,15644700
2021-09-01,111.26325400520196,111.3125817485788,110.8932833846714,111.18926239013672,16028100
2021-09-02,111.29608205083105,111.38652038574219,111.15631599600442,111.38652038574219,11822200
2021-09-03,110.91789861830836,111.0658817835475,110.84390703568879,110.98367309570312,7681300
2021-09-07,110.58082359296027,110.58082359296027,110.26839792076137,110.45750427246094,14271400
2021-09-08,110.64662043941034,110.89327167545493,110.4986246797024,110.81105041503906,16045000
2021-09-09,110.9590195902323,111.59207547199006,110.86035159233239,111.53453063964844,18014200
2021-09-10,111.41944592333533,111.48522041719562,111.0659095869865,111.21390533447266,10776600
2021-09-13,111.46056562313248,111.63321270651764,111.43588920887447,111.4852294921875,13159800
2021-09-14,111.62495474477393,112.02780615536776,111.55095061949076,111.822265625,16550300
2021-09-15,111.7811961097372,111.81407708310823,111.51809814196253,111.69075775146484,14194400
2021-09-16,111.3618710522236,111.60030512318171,111.29609656869033,111.53453063964844,16282400
2021-09-17,111.23029968971123,111.32073801821035,111.07409943611952,111.28785705566406,15769600
2021-09-20,111.30432646713513,111.67429696078165,111.30432646713513,111.63318634033203,17519900
2021-09-21,111.6496257146262,111.72361729942274,111.54274061756506,111.62496185302734,15834600
2021-09-22,111.63319714905607,111.98673346491341,111.50987782096702,111.93739318847656,15898200
2021-09-23,111.57563951740718,111.57563951740718,110.99189882591631,111.16455841064453,14735500
2021-09-24,111.04124205569974,111.11523365440019,110.8110376073862,110.92613983154297,10797300
2021-09-27,110.68772221570413,110.95903729913036,110.61371806916824,110.86859893798828,13104100
2021-09-28,110.21085283623307,110.21085283623307,109.66822273686616,109.6846694946289,19987200
2021-09-29,109.9888558879842,110.2272899464739,109.55311093441262,109.65999603271484,14956300
2021-09-30,109.60245022058783,109.66000760119155,109.32291805959997,109.37224578857422,21397100
2021-10-01,109.74704394953159,110.33190577141889,109.70585437289827,110.16716003417969,21381400
2021-10-04,109.91177750964691,110.10947991400694,109.7635101333464,109.98592376708984,12931100
2021-10-05,109.88707776541308,109.9776898057204,109.53287506103516,109.53287506103516,14635200
2021-10-06,109.55760878555705,109.66469919225918,109.37638466773646,109.56584167480469,13855500
2021-10-07,109.32695126997976,109.40933043141129,109.04688223198504,109.07982635498047,15805500
2021-10-08,108.96447562064466,108.9891868489899,108.49494971279293,108.57731628417969,9079400
2021-10-11,108.38785437883703,108.60202253778274,108.35489769635826,108.37137603759766,4337000
2021-10-12,108.80798906205196,109.10453644307592,108.60205372993242,109.06334686279297,19870400
2021-10-13,109.23631554096282,109.64818612024865,109.19512596917572,109.61524200439453,18260300
2021-10-14,109.81296529105019,110.13422393798828,109.73883158082518,110.13422393798828,15870000
2021-10-15,109.730551904401,109.78820724244949,109.55756075167345,109.73878479003906,13131700
2021-10-18,109.55763468480588,109.79651422242381,109.31875514718794,109.64824676513672,11530300
2021-10-19,109.37636648528365,109.41755606326772,109.04687500000001,109.046875,12213200
2021-10-20,108.98921475407712,109.15396050832351,108.75856818427312,108.78327941894531,13810200
2021-10-21,108.73382108658605,108.78324353962972,108.4537521398111,108.55259704589844,13131000
2021-10-22,108.80794985664951,109.09626424545024,108.71733784039421,108.98917388916016,13735100
2021-10-25,108.98097989714432,109.26104893123396,108.94802320531312,109.03863525390625,8206800
2021-10-26,109.32694698892627,109.52464942704307,109.06334373810387,109.50817108154297,10100600
2021-10-27,109.99414521986009,110.43072698597457,109.7552658375544,110.17536926269531,15928300
2021-10-28,110.1424217022676,110.28245617293108,109.7964393991096,110.0106201171875,18514400
2021-10-29,109.5657978355491,110.15065953982845,109.51637538124496,109.95295715332031,17367800
2021-11-01,109.45118157515074,109.83085338069732,109.45118157515074,109.75656127929688,11894200
2021-11-02,109.75654028894022,110.24351301914392,109.75654028894022,110.17748260498047,18047600
2021-11-03,110.2930330723229,110.38382331786784,109.6987719367586,109.8968505859375,11847700
2021-11-04,110.02065056644138,110.62316071659782,110.02065056644138,110.47460174560547,20135500
2021-11-05,110.87904616804602,111.4237877082947,110.78000683127911,111.28347778320312,15840400
2021-11-08,111.16793597314083,111.18444672850364,110.87905442736493,111.02762603759766,8494200
2021-11-09,111.59711594053415,111.67964452080082,111.30823442456332,111.32474517822266,18075300
2021-11-10,111.15142424767994,111.16793500289864,109.97941250747509,110.18575286865234,23397300
2021-11-11,110.21874343847733,110.33429351774193,109.81432445805834,109.8720932006836,6168900
2021-11-12,110.02068298646253,110.11972232964156,109.59974058991929,109.75656127929688,11897100
2021-11-15,109.64927284525022,109.69053084222683,108.91470166403681,108.9229507446289,12353400
2021-11-16,108.85692889165077,109.23660072706555,108.68359743343557,108.74137878417969,18709500
2021-11-17,108.61758556670924,109.21184689323488,108.52679529198954,109.17882537841797,14541100
2021-11-18,109.10452405172363,109.51720474631732,109.10452405172363,109.4264144897461,14086100
2021-11-19,109.69053208827195,109.94640471772739,109.68228300758615,109.83910369873047,17682900
2021-11-22,109.40168043620564,109.57499931612917,108.84042801041055,108.88169860839844,13745400
2021-11-23,108.62580135197591,108.7000808465187,108.10581970214844,108.10581970214844,10986900
2021-11-24,108.0893668298637,108.64235762205796,107.96555502640514,108.62584686279297,14019900
2021-11-26,108.96421271205136,109.55847391207162,108.7908812812058,109.50894165039062,14399300
2021-11-29,109.06324738863145,109.6657576428541,108.98896789030564,109.5832290649414,21231700
2021-11-30,109.9628807082482,110.37556135162647,109.58322156898791,109.82257080078125,28873400
2021-12-01,109.78041465849103,109.93751751404942,109.43314063831396,109.83828735351562,18070800
2021-12-02,109.8630960989439,110.16076135900393,109.63985661640662,110.09461212158203,17305900
2021-12-03,110.06974794766634,111.26040834117131,110.02841573632058,111.0123519897461,25739900
2021-12-06,110.97108982947417,110.99589421860757,110.39228710521972,110.4501724243164,25332000
2021-12-07,110.49972534179688,110.85527576743159,110.36742692218063,110.49972534179688,17338200
2021-12-08,110.21859236064729,110.2682011100988,109.59018122313961,109.76382446289062,17408000
2021-12-09,109.920991995885,110.10289926213959,109.63159063138595,109.67293548583984,12348300
2021-12-10,110.21035926577035,110.24344018955789,109.74732726615066,109.79693603515625,12792300
2021-12-13,110.23514185281977,110.54933483065959,110.2020609393597,110.29301452636719,10264200
2021-12-14,109.99538372785427,110.1111417277592,109.64810972813952,109.79693603515625,17725400
2021-12-15,109.44969662140926,109.99541848626949,109.4083643786275,109.93754577636719,20585100
2021-12-16,110.00051148626487,110.26561895476186,109.78512114887596,109.93423461914062,9750200
2021-12-17,110.05846085621998,110.2987033346851,110.05846085621998,110.19100189208984,8753100
2021-12-20,109.99216704589188,110.108148335016,109.64422317851954,109.71048736572266,12931400
2021-12-21,108.92351379474755,109.93421370432347,108.92351379474755,109.92593383789062,12933300
2021-12-22,110.07500891336572,110.1081536495795,109.81819409226759,110.09986114501953,7850800
2021-12-23,109.99223161825678,110.03365624033692,109.70227190471567,109.93423461914062,8401200
2021-12-27,109.96736954275384,110.3484456933774,109.91765241609019,110.25731658935547,8744200
2021-12-28,110.48096374713458,110.52238835213771,109.97561390453156,110.11644744873047,6864300
2021-12-29,109.66910942692162,109.7767982452897,109.35429755550025,109.51170349121094,7263000
2021-12-30,109.66909280386263,109.97561212209148,109.43713018882222,109.95075988769531,5566900
2021-12-31,109.95903032312107,110.20756528678507,109.72706772797157,109.78506469726562,8514500
2022-01-03,109.17202820747833,109.18030807234645,108.61697387695312,108.61697387695312,18199400
2022-01-04,108.47614435955032,108.72467936599611,108.26903396101476,108.7081069946289,18748000
2022-01-05,108.9234995370127,108.9234995370127,108.04535345141363,108.07020568847656,16107500
2022-01-06,107.84651022822682,108.09504521063751,107.697396823389,107.92935943603516,19336300
2022-01-07,107.78856115085743,107.86311787766222,107.25835891410374,107.46546936035156,17750800
2022-01-10,107.20032941246706,107.43229203063939,106.89381009009959,107.36602783203125,14253400
2022-01-11,107.37429800271327,107.7553866358853,107.26659656792289,107.6891098022461,17231000
2022-01-12,107.88791200000247,108.01218578541513,107.60624497868574,107.6145248413086,12733100
2022-01-13,107.78853022216505,107.96250850914025,107.44058628922947,107.95421600341797,13468500
2022-01-14,107.45717131176099,107.47373104312567,106.95182140277961,107.00152587890625,14308300
2022-01-18,106.38845562127352,106.44645259380123,105.9328165898275,105.9825210571289,15266600
2022-01-19,106.26422046817757,106.61216446548372,106.12338689600726,106.14823913574219,16057900
2022-01-20,106.2807555978648,106.45473387675244,105.98252246957469,106.09021759033203,22915800
2022-01-21,106.60385938979799,106.96009585236082,106.55415491618821,106.78611755371094,21504700
2022-01-24,106.81925109183554,106.86895556023148,106.38017809965217,106.4547348022461,22567100
2022-01-25,106.43816121900049,106.69497606346134,106.11506953709585,106.156494140625,17247300
2022-01-26,106.4381817855691,106.55416311325276,105.33635917257448,105.4357681274414,23220800
2022-01-27,105.8002699995215,106.09022327903675,105.47717829941773,105.6760025024414,22292800
2022-01-28,105.09609668237586,105.83340916425925,105.0878104970436,105.79198455810547,21294200
2022-01-31,105.65943953457133,105.94110663702904,105.4274769041926,105.8416976928711,20325100
2022-02-01,105.9014771572727,106.09238315264473,105.45327519553713,106.01768493652344,17587300
2022-02-02,106.19196175055521,106.49076720870062,105.91805569183818,106.02595520019531,22644800
2022-02-03,105.26234541673999,105.3536474374839,104.9635399547604,105.1710433959961,23396800
2022-02-04,104.31613484251271,104.41573877840963,103.84302722888211,104.12522888183594,26115800
2022-02-07,104.02560521233495,104.42400819108775,103.91769939235931,104.31610870361328,12756600
2022-02-08,104.1999391093225,104.31614054129895,103.92603302001953,103.92603302001953,22126100
2022-02-09,104.34933985263734,104.64814533841509,104.24973591321043,104.2746353149414,19616400
2022-02-10,103.7185082574015,103.90941418930072,102.83869578669628,102.85529327392578,39583900
2022-02-11,103.07940788086727,103.71851567116616,102.67269659090208,103.61891174316406,21553500
2022-02-14,103.04622087479015,103.17072421894879,102.63951586087482,102.69761657714844,22793600
2022-02-15,102.58138641375128,102.79719174100559,102.1829833984375,102.1829833984375,15673700
2022-02-16,102.48177726977457,102.49837475499862,101.77626699648302,102.3323745727539,27148800
2022-02-17,102.45693252761208,102.73083234116763,102.16642255497031,102.4071273803711,24384600
2022-02-18,102.72252293267273,103.03792593772127,102.30751597905456,102.65612030029297,19233800
2022-02-22,102.29923729832706,102.53164023192976,102.19133774558438,102.5233383178711,18011000
2022-02-23,102.28259424787414,102.38219184219918,101.56878193686796,101.59368133544922,16579900
2022-02-24,101.65177973719064,102.15808860519877,101.4442763103841,102.07508850097656,29245000
2022-02-25,102.35730704996664,102.98811934488458,102.10830036361655,102.4901123046875,19073700
2022-02-28,102.87190393170745,103.75171646089514,102.87190393170745,103.5857162475586,23474500
2022-03-01,103.83190531497085,104.66362518328886,103.79864210429487,103.94003295898438,28504600
2022-03-02,103.24138513034195,103.38278233077015,102.33481351831583,102.3597640991211,24849900
2022-03-03,102.74236591240245,103.0168350228455,102.50116636190884,102.73404693603516,14144600
2022-03-04,103.40775881845637,103.50756116668104,102.77564978244409,102.83386993408203,17402800
2022-03-07,102.21006314976802,102.5427523956232,101.469832909138,101.58627319335938,16164900
2022-03-08,100.9042450073583,101.32842387842592,100.48006613629066,100.9791030883789,20045200
2022-03-09,101.10389344334314,101.46985231833658,100.987453136849,101.15380096435547,27652200
2022-03-10,100.53831650372751,100.57990504408164,99.63174470279498,99.9977035522461,34185900
2022-03-11,100.05590913887829,100.15571146836997,99.8646107648202,99.95610046386719,20701300
2022-03-14,99.06615429378968,99.44874467279946,98.47563394713202,98.50890350341797,18624900
2022-03-15,98.98298998751922,99.36558039131152,98.82496117130434,99.28240966796875,24022000
2022-03-16,99.72322680906471,100.18066899046822,98.70020844227241,100.13076782226562,32561800
2022-03-17,100.64642912274974,101.37002139077214,100.49671928358659,101.11219024658203,23878300
2022-03-18,100.76285109009692,101.4614926488675,100.76285109009692,101.31178283691406,21675100
2022-03-21,100.54661812470886,100.77118605102397,99.77311836449313,99.90619659423828,17919300
2022-03-22,99.59012757469326,99.79805752573601,99.4653683349639,99.66498565673828,16780900
2022-03-23,99.84795922607607,100.08083974242669,99.51527005463885,99.94776153564453,16949300
2022-03-24,99.3073621560886,100.13908209651561,98.84159467449618,99.98937225341797,20466500
2022-03-25,99.62340529102228,99.64835587190879,98.84158658047683,99.19922637939453,23247400
2022-03-28,99.3739127259866,99.90621304156002,99.24915345144152,99.74818420410156,18691100
2022-03-29,100.2638636066466,100.64645410268288,100.04761459740139,100.5882339477539,23812400
2022-03-30,100.21390202491148,100.92918145420136,100.16400087489696,100.82106018066406,17696700
2022-03-31,100.86269676640711,101.10389636411888,100.40525450497113,100.5882339477539,19905200
2022-04-01,100.06727780143873,101.18414063648845,99.97559479412395,100.9257583618164,16506800
2022-04-04,100.99242470415646,101.30915009075872,100.66736912448384,101.27581024169922,19647900
2022-04-05,100.96741741665682,101.00909381606556,99.48382916623649,99.50049591064453,22750400
2022-04-06,98.44198675998975,99.38381365089612,98.18361087817605,98.91706848144531,25447400
2022-04-07,98.79204845254104,98.8670647048698,98.27529667418682,98.45865631103516,21292700
2022-04-08,97.72522438687854,97.98360034400399,97.39183215769637,97.68354797363281,16072800
2022-04-11,97.10009994599078,97.17510984645389,96.49999530657868,96.73336791992188,20685500
2022-04-12,97.38345734259185,97.65850630052364,96.79168938878202,96.8000259399414,25029100
2022-04-13,96.80836904272294,97.35846063688926,96.76669264303082,97.30011749267578,21276200
2022-04-14,97.24179722169247,97.2668005238187,96.07492770402573,96.16661071777344,19717700
2022-04-18,95.96656086653326,96.12492356372502,95.34145298889355,95.43313598632812,16576000
2022-04-19,94.95805289886016,95.15808563635157,94.61632421167486,94.67466735839844,19775400
2022-04-20,95.29144697437438,95.92488504915015,95.27477386987037,95.65817260742188,21119400
2022-04-21,95.43313529607089,95.49981499534579,94.36628554337705,94.6413345336914,25288700
2022-04-22,94.27459836858209,94.774683373129,94.02455268684572,94.53297424316406,19927300
2022-04-25,95.04144449470377,95.73323239088155,95.03310793866103,95.58320617675781,22261500
2022-04-26,96.04993214622941,96.07493545037161,95.41649391153426,95.5331802368164,22695300
2022-04-27,95.34979704501193,95.69151940503984,94.5746629613795,94.6163330078125,19426200
2022-04-28,94.40794917936972,94.90804053106733,94.19957990247094,94.89970397949219,19645500
2022-04-29,94.10792299201952,94.61633828398396,93.66617469092417,93.84954071044922,20257300
2022-05-02,93.30155303360475,93.49368266115799,92.97576247096735,93.29319763183594,17184100
2022-05-03,94.21208846166466,94.67988895908971,93.80276302641775,93.8946533203125,20914600
2022-05-04,93.88627819615284,95.11426061723229,93.37670717280284,94.81352996826172,34240700
2022-05-05,93.92805434641005,93.96981859976158,92.63324139975899,93.3600082397461,34356900
2022-05-06,92.59982910711621,93.1595198315225,92.44111474206701,92.56641387939453,15550400
2022-05-09,92.24060812628478,92.99243469247106,92.04847856527726,92.8921890258789,17185900
2022-05-10,93.62734481545928,93.86124508159821,93.20130854596093,93.28484344482422,25650800
2022-05-11,92.89221798458235,93.9447755053729,92.75856342742858,93.71923065185547,25053500
2022-05-12,93.944759259677,94.29560958150063,93.69415461836134,93.76097869873047,22156400
2022-05-13,93.6189854551745,93.69417132228543,93.07599907556528,93.26813507080078,16107900
2022-05-16,93.43521214024372,93.81947778734576,93.3433218362297,93.39344787597656,11980500
2022-05-17,92.86716708317768,93.05930309585965,92.68338647277871,92.85881805419922,16562600
2022-05-18,92.63327813098324,93.243095106108,92.63327813098324,93.20132446289062,16146400
2022-05-19,93.78608212092288,94.07846389832244,93.31828147437292,93.45194244384766,21212500
2022-05-20,93.71086905581146,93.94476929534699,93.54379927708709,93.9113540649414,13906700
2022-05-23,93.6189953701868,93.98655659653687,93.37673968675648,93.57722473144531,14892400
2022-05-24,93.96979914871008,94.90540618169959,93.90297508251915,94.80516052246094,17210400
2022-05-25,95.24793256560768,95.7992743140068,95.16439767523607,95.7825698852539,25637000
2022-05-26,95.92459020951156,96.29214504155479,95.59044423858695,95.8076400756836,34022300
2022-05-27,96.20858458459179,96.6179163175561,95.95797995294902,96.30883026123047,9246100
2022-05-31,95.44842005453776,95.78256597568894,94.98896861629198,95.59878540039062,20336900
2022-06-01,96.01244777324712,96.21341394824191,94.69777621031587,95.04109954833984,22403900
2022-06-02,95.17508812940346,95.28394348442718,94.53031228803229,95.08297729492188,14823300
2022-06-03,94.40472106445985,94.78990898429663,94.40472106445985,94.78153991699219,11440900
2022-06-06,94.71451525063833,94.7815060967759,94.0446195664601,94.11161041259766,12213900
2022-06-07,94.36283044981907,94.86524905889735,94.29583959831551,94.6140365600586,11291400
2022-06-08,94.42147733576277,94.69780351031662,94.06140937460334,94.06977844238281,13730800
2022-06-09,93.8352762764433,94.06973784511013,93.39984856157612,93.45008850097656,24846700
2022-06-10,92.95605238483869,93.06490772459244,91.99307967945076,92.54573822021484,36297900
2022-06-13,90.7453863282946,91.14731856625274,89.68192757197664,90.41043853759766,34771900
2022-06-14,90.82076691337592,91.12221935480503,89.73219433141456,89.94153594970703,27320800
2022-06-15,90.98823570173386,91.4320388696617,90.21785376169075,91.34829711914062,31581500
2022-06-16,90.09227807006071,91.67490697339508,89.8410718991225,91.44881439208984,30588300
2022-06-17,91.70835550688008,91.86745715021237,91.08033077406053,91.63299560546875,17319600
2022-06-21,91.22270813624681,91.62464047678895,90.61142778306478,90.7119140625,17031500
2022-06-22,91.65812986814814,91.83397605413187,91.32318201401769,91.37342834472656,18943300
2022-06-23,91.80885573955865,92.79694839181697,91.7669848622244,92.07681274414062,30742100
2022-06-24,92.00984560286224,92.67136602587563,91.98472562542891,92.1856918334961,18668900
2022-06-27,91.67490613771642,91.86749689482004,91.28971184630774,91.33995819091797,20847000
2022-06-28,91.18920546437876,91.3650516479691,90.87100213241625,91.31481170654297,18998400
2022-06-29,91.35669690662309,91.86749105558874,91.28970604380129,91.85911560058594,10747100
2022-06-30,91.91771992809298,92.86394818273598,91.91771992809298,92.13543701171875,16570800
2022-07-01,92.91378031367749,93.5854827939374,92.75424801189132,93.30001068115234,20179400
2022-07-05,93.36719382838804,93.45116225920833,93.06492541393226,93.27483367919922,16728000
2022-07-06,93.54350170641608,93.68623775779484,92.7206586700794,92.81301879882812,17291300
2022-07-07,93.16563824365362,93.31677237716228,92.63667197931767,92.80459594726562,15165800
2022-07-08,92.46038379521131,92.70387812214416,92.31764132363614,92.65349578857422,14384500
2022-07-11,93.04810286510087,93.33358133658267,92.77942063623605,92.91376495361328,9456900
2022-07-12,93.29161290329095,93.6862413949213,93.01453250628785,93.0481185913086,18053600
2022-07-13,92.12452619268501,93.8541679802548,92.11612806972752,93.7450180053711,25657200
2022-07-14,92.72906353672437,93.383976202109,92.4351868843007,93.14888000488281,22978600
2022-07-15,93.08167349137062,94.0808383668448,93.08167349137062,93.8961181640625,15192500
2022-07-18,93.75340272331856,93.7617944391853,93.17405403401537,93.24122619628906,15665500
2022-07-19,93.37557203603696,93.59387837900051,93.04811572453688,93.50151824951172,15414500
2022-07-20,93.91294873154082,93.98851903176967,93.3336063239459,93.40077209472656,9888100
2022-07-21,93.62746089069732,94.68539366938343,93.62746089069732,94.677001953125,25141900
2022-07-22,95.47464286309192,95.91964721256564,94.99605243363473,95.407470703125,16062400
2022-07-25,94.74417648998742,94.88691895617823,94.37474235779295,94.6014404296875,25656700
2022-07-26,94.88690118337206,94.97926130059386,94.54264867265628,94.58463287353516,18514600
2022-07-27,95.01285301493245,95.76012571248857,94.98765864937714,95.21436309814453,16995200
2022-07-28,95.91127023561809,96.14636642573963,95.70975372475043,96.00362396240234,17266700
2022-07-29,95.95325862170478,96.62496758690803,95.83571051367792,96.23033905029297,14914000
2022-08-01,96.26905607742292,96.71514121385337,96.16806100011104,96.4205551147461,18348900
2022-08-02,96.39528773666191,96.52153798028498,95.16646530286263,95.24221801757812,22706500
2022-08-03,95.30112111696063,96.30269169318494,94.99812314158176,96.2774429321289,19416500
2022-08-04,96.16804261647196,96.47945260712775,95.87346299503237,96.428955078125,22451000
2022-08-05,95.06545846879021,95.19170870530178,94.52679678627105,95.12437438964844,15893400
2022-08-08,95.59574168046763,95.89873978574296,95.45266102557538,95.50315856933594,11889800
2022-08-09,95.12438058599312,95.28429799074829,94.96446960259216,95.07388305664062,17809000
2022-08-10,95.57890608332079,96.21015107366611,95.56207570897493,95.9744873046875,25548100
2022-08-11,96.3447864636166,96.77403470671197,95.00654420738532,95.04862976074219,24970100
2022-08-12,95.56204772032397,96.16804376098557,95.33479599439876,96.15120697021484,16542900
2022-08-15,96.3195336116279,96.46261421280167,96.06703314491241,96.08386993408203,10750200
2022-08-16,95.78930068278535,95.83980463778084,95.21697175655605,95.71355438232422,15328900
2022-08-17,95.0739160941645,95.2590823279399,94.60258853281366,94.81300354003906,20836800
2022-08-18,95.11600670757015,95.3769192755302,95.00658678834297,95.05709075927734,13914300
2022-08-19,94.21539739933034,94.21539739933034,93.71881479228556,93.92922973632812,17996700
2022-08-22,93.66829828474249,93.676716678778,93.19697096040451,93.29796600341797,10208500
2022-08-23,93.18857187140087,93.83664707662146,93.09598878189014,93.39898681640625,14517700
2022-08-24,93.19696852194375,93.25588443594448,92.94446807831028,93.1212158203125,14441000
2022-08-25,93.61783279364204,94.29957525264702,93.2138332193042,94.08074188232422,33579200
2022-08-26,93.80299172331671,94.04707386081196,93.43266574000955,93.51683044433594,13942300
2022-08-29,93.10440943150584,93.10440943150584,92.70882829790291,92.82666015625,18371900
2022-08-30,93.07073113522361,93.25589729657676,92.45631672903848,92.9444808959961,19251300
2022-08-31,92.75091409342912,92.89400114999782,91.91767262920028,91.96817016601562,19484300
2022-09-01,91.31321292348294,91.50733112633297,90.60424296886241,91.41448974609375,26706500
2022-09-02,91.8702374004903,92.20784177034052,91.47355274886137,91.48199462890625,14458700
2022-09-06,91.03468718834725,91.10220936175116,90.24131774902344,90.24131774902344,16455700
2022-09-07,90.65491222551904,91.5664360707613,90.63802845769247,91.47359466552734,21874300
2022-09-08,91.43981413106464,91.71833828755842,91.19505750304575,91.2625732421875,16871100
2022-09-09,91.61708093497028,91.98844011663537,91.44827545305822,91.47359466552734,11911700
2022-09-12,91.82803661463116,92.01371289212224,91.08530574759692,91.27098846435547,11084600
2022-09-13,90.3594660023597,90.74770878754914,90.23286999358879,90.6126708984375,19563400
2022-09-14,90.58736395622543,91.20348607985274,90.56204475104471,91.04312896728516,19360500
2022-09-15,90.83212614047557,90.95028672304014,90.47763795351305,90.60424041748047,12947800
2022-09-16,90.09786322810587,91.28791772084459,90.08098589965604,90.39326477050781,13980900
2022-09-19,89.98813173537027,90.63801503650603,89.91216766994052,90.54517364501953,13679600
2022-09-20,89.75179328929372,90.0134401061934,89.51547211733451,89.64207458496094,30310500
2022-09-21,89.99655261629455,90.22443833643956,89.12722558146956,89.97967529296875,23883200
2022-09-22,89.14410697882496,89.15254242062969,88.46045627579781,88.71366119384766,20982600
2022-09-23,88.5195447719926,88.67990833091041,88.05534429822026,88.46046447753906,18671200
2022-09-26,88.10596666638652,88.27476563715223,86.88215803016523,86.92435455322266,27606500
2022-09-27,86.98344611430595,87.16068698836959,85.58239644535442,85.61615753173828,34683500
2022-09-28,86.50237153803707,87.41390165413513,86.31668876187602,87.33794403076172,39921300
2022-09-29,86.52767814200075,86.74712197634176,85.86935307824629,86.68804168701172,30873000
2022-09-30,86.98343501565655,87.41388076304197,86.46015434164681,86.46858978271484,24058300
2022-10-03,87.7379971332154,88.77956996383952,87.55169787293507,88.06825256347656,27200900
2022-10-04,88.75412797681656,89.0166433929896,88.37306617294489,88.47468566894531,21918800
2022-10-05,87.78879290874866,87.97509214618574,87.17908866282646,87.80573272705078,24999500
2022-10-06,87.79726243186458,88.01743484429012,87.39079078282109,87.60249328613281,22017200
2022-10-07,87.08591367993799,87.1451965660813,86.68791851482396,86.73025512695312,20895500
2022-10-10,86.70489345034905,86.75569999352868,85.60403763669831,85.95123291015625,6179400
2022-10-11,86.17983393768554,86.51855916331337,85.56166637701261,85.77336883544922,30332900
2022-10-12,85.67173767089844,85.93425307687481,85.38382546771552,85.67173767089844,18941200
2022-10-13,84.00354552462606,86.0697638963243,83.98661216809536,85.82418823242188,20727700
2022-10-14,86.366149333904,86.366149333904,84.90963511296869,85.0027847290039,20681900
2022-10-17,85.74796594976789,86.09515462358873,85.3499642924602,85.40924072265625,16585700
2022-10-18,85.92580541861274,86.04435829304792,85.11286865363698,85.9173355102539,23532600
2022-10-19,85.13827423726698,85.39231334912803,84.63018955289759,84.74027252197266,16461800
2022-10-20,84.52857218336959,84.99432025794101,83.9188679623479,84.00354766845703,21437300
2022-10-21,83.60556926500648,84.37616314485241,83.33459027441852,84.24067687988281,18871700
2022-10-24,84.15595252055179,84.66404355048756,83.69021102397178,84.19829559326172,16517100
2022-10-25,84.92656041058707,85.68869056573139,84.92656041058707,85.3245620727539,23143100
2022-10-26,85.53625915835951,86.13749333722573,85.45157947103185,85.7140884399414,22201400
2022-10-27,86.01048680288956,86.45082513645646,85.69716479395439,86.11210632324219,21002900
2022-10-28,85.77335493109243,86.41693210939307,85.73101186201065,86.28990936279297,19532300
2022-10-31,85.98508419237626,86.10363707003299,85.50240277316037,85.82418823242188,21884100
2022-11-01,86.72195581275757,86.7984036109018,85.94902107310736,86.44165802001953,26415300
2022-11-02,86.56059744700264,87.41846934169686,85.80464085263516,86.02548217773438,23174200
2022-11-03,85.21860131262602,85.94057559509878,84.94679900109705,85.71973419189453,52723900
2022-11-04,85.96602874054781,86.25482224996324,85.49887210865624,85.88958740234375,16698200
2022-11-07,85.93204128232648,85.98300864799502,85.39693254487192,85.57530212402344,13428300
2022-11-08,85.78765148122771,86.20384718383767,85.66024278198263,85.93204498291016,19206000
2022-11-09,85.66874805631504,86.14440034135376,85.49037844942553,85.71121978759766,12204000
2022-11-10,87.57135531328365,88.66705977691137,87.54587486905812,88.58212280273438,28447600
2022-11-11,88.43774946614951,88.96436271430238,88.31883637912937,88.8199691772461,8578600
2022-11-14,88.51416736354388,88.71801739009814,88.34429342146124,88.3697738647461,22576600
2022-11-15,89.287134750161,89.63537837709747,89.03231728243,89.60140228271484,25504400
2022-11-16,89.86468917308153,90.54419142163435,89.67782394863997,90.3658218383789,24648800
2022-11-17,89.62685071412317,89.9581158959395,89.37203981770108,89.88166809082031,24106600
2022-11-18,90.14498641733068,90.28089076408321,89.70331025093684,89.87318420410156,14214100
2022-11-21,90.20442304880807,90.3403273655785,89.72877090066056,89.73726654052734,9664100
2022-11-22,90.19596524630857,90.65463275445516,90.08554133047454,90.53571319580078,15050400
2022-11-23,90.84997017029117,91.47851153552105,90.81599408564692,91.44454193115234,12511500
2022-11-25,91.49552912695634,91.55498567211127,91.30866384781875,91.53799438476562,4413900
2022-11-28,91.60592744030694,91.63140788572602,90.79052078551626,90.87545776367188,18815800
2022-11-29,90.46777233424174,90.72258330999371,90.23843532776017,90.42530059814453,23040000
2022-11-30,90.37434914248978,91.54649530609427,90.02609901487902,91.52951049804688,20930100
2022-12-01,91.95893574845269,92.7173067462053,91.69478595178317,92.6747055053711,30830200
2022-12-02,92.02712165433056,93.23710632324219,91.84818080901516,93.23710632324219,16908900
2022-12-05,92.6321124349177,92.6321124349177,92.04415930943708,92.44464874267578,19612000
2022-12-06,92.76846835181098,92.86220021442361,92.47874991254537,92.72586059570312,18220800
2022-12-07,93.21155154410462,93.79950472530541,93.11781968910071,93.75689697265625,22116700
2022-12-08,93.50978041016455,93.75689105767316,93.22859136392296,93.45865631103516,18285600
2022-12-09,93.13486087351123,93.2200698736466,92.72584857141955,92.75993347167969,15568800
2022-12-12,93.40751888265476,93.50976706632275,92.58097805918402,92.640625,13988400
2022-12-13,94.37892992616577,94.48970097559062,93.28823912834281,93.45013427734375,19976000
2022-12-14,93.44162163226837,93.67168659051084,92.68324395265671,93.53534698486328,19894900
2022-12-15,93.61397552490234,93.77636833141845,93.29774513842605,93.61397552490234,16931200
2022-12-16,92.71655096327906,93.33192080505673,92.71655096327906,93.21226501464844,16643900
2022-12-19,92.67379903858631,92.69088992557116,92.0498740712567,92.2720947265625,14746200
2022-12-20,91.391784051703,91.46870283833417,91.0413588572677,91.18666076660156,18678000
2022-12-21,91.76784690782296,91.89604488283999,91.460158726279,91.81057739257812,15087800
2022-12-22,91.7678517363021,91.91314712946733,91.57127062968007,91.78494262695312,13957300
2022-12-23,91.41743167035798,91.7165711792077,91.30632457300017,91.50289916992188,5992400
2022-12-27,90.87041739870591,91.05844978029828,90.28922936503459,90.32341766357422,10456200
2022-12-28,90.65675825525085,90.79351146876587,90.0413818359375,90.0413818359375,10050900
2022-12-29,90.36616554680822,90.71658423771441,90.30633764734853,90.6823959350586,14253300
2022-12-30,90.43452024979973,90.54563384472037,89.88752054184708,90.1097412109375,8528200
2023-01-03,91.40889387556567,91.44308218362269,90.46873822663302,90.73369598388672,15589800
2023-01-04,91.47726743366675,91.5370953405783,91.0413746714525,91.39179992675781,13951700
2023-01-05,90.67386048902213,91.41744150883285,90.67386048902213,91.32342529296875,9848100
2023-01-06,91.47726983580708,92.9644253614835,91.3576140188419,92.81912994384766,20695600
2023-01-09,92.68235987816755,93.40884330403202,92.59688586980005,93.1866226196289,20449600
2023-01-10,92.74220259220459,93.0157025087337,92.51998187228959,92.87040710449219,19225200
2023-01-11,93.4345202422546,93.70802022438994,93.30631569921374,93.665283203125,19541700
2023-01-12,93.9131474930636,94.74219618241011,93.36614750600586,94.72510528564453,18372500
2023-01-13,94.40028387556438,94.77634866979119,94.28062808117436,94.4173812866211,21077700
2023-01-17,94.02421367372558,94.36609012321861,93.94728837523297,94.07549285888672,20745100
2023-01-18,95.45157765869416,95.6823406016814,94.75928230897897,95.1780776977539,27794600
2023-01-19,94.759261643294,95.06694984734341,94.66524544090379,94.98147583007812,18085800
2023-01-20,94.51140314717404,94.59687064532258,94.11824743908906,94.48576354980469,15440000
2023-01-23,94.14388840683345,94.46011880666137,94.0840605051834,94.21226501464844,18814700
2023-01-24,94.26354239419076,94.81909091066873,93.94730547970279,94.70797729492188,12419700
2023-01-25,94.62249741407955,94.836169390858,94.29771835684676,94.75070190429688,15450000
2023-01-26,94.81052314285206,94.93872762407157,94.33190003510006,94.71650695800781,13250300
2023-01-27,94.33191658948586,94.57977689114057,94.25499127895415,94.44302368164062,8924900
2023-01-30,94.15242964194003,94.54558532455069,94.0242251426481,94.08405303955078,20019800
2023-01-31,94.58832057038563,94.84472958187258,94.08405777408053,94.75926208496094,27212200
2023-02-01,95.05248813990544,95.93553986109113,94.54665839593892,95.72120666503906,29127300
2023-02-02,96.3299035253569,96.45850473965095,95.76406079883486,95.85836791992188,18958900
2023-02-03,94.90672396411702,95.07819442269529,94.55522097065764,94.7695541381836,16053900
2023-02-06,94.28943685609944,94.31515578608612,93.98079661440262,94.04080963134766,18455400
2023-02-07,93.87790742871195,94.40945592596469,93.61213645054949,93.73216247558594,25191300
2023-02-08,93.81790952245592,93.99794858899993,93.40638698397758,93.82648468017578,16484400
2023-02-09,94.27228061573923,94.28085577217182,92.98628186982276,93.0377197265625,21637500
2023-02-10,92.91770382423265,92.9777168439438,92.35186771566019,92.38616180419922,16092100
2023-02-13,92.47189306731893,92.72909545898438,92.39472973344789,92.72909545898438,32223500
2023-02-14,92.6862262146117,92.89198420338963,91.92320073783705,92.49761199951172,31922200
2023-02-15,92.35188381964193,92.41189684981792,91.91464229068552,92.14612579345703,24279600
2023-02-16,91.70031110432811,91.88892535782932,91.35737669259224,91.40882110595703,27909900
2023-02-17,91.10874813224062,91.7688980102539,91.0658854194548,91.7688980102539,18528900
2023-02-21,91.03157906554154,91.0915920881036,90.43144883992088,90.46573638916016,21136000
2023-02-22,90.8257978936709,91.10871261875451,90.68004641240859,90.72291564941406,20971700
2023-02-23,90.98872309859186,91.46883389009571,90.92014144917403,91.43453979492188,21144600
2023-02-24,90.74864196777344,90.92011238883639,90.51716507549814,90.74864196777344,26721100
2023-02-27,90.98871671903326,91.12589309011067,90.70580190031257,90.77438354492188,19660700
2023-02-28,90.39713885734325,90.87724295343433,90.2513873645204,90.80865478515625,18239100
2023-03-01,90.56091010464698,90.646944235767,90.13073288506341,90.2425765991211,27249600
2023-03-02,89.84677183400295,90.3199691772461,89.76073774358974,90.3199691772461,23715100
2023-03-03,90.86198438906007,91.39540621990503,90.71572578775708,91.34378051757812,27316900
2023-03-06,91.6277366256271,91.66215158668552,91.04269541559898,91.09431457519531,14688600
2023-03-07,91.27499580871901,91.36963531852555,90.62973000402891,90.83621978759766,22431700
2023-03-08,91.11151313578804,91.34380588684482,90.46624747131926,90.68994140625,29396500
2023-03-09,90.75877639540946,91.05130028075672,90.4748644552563,90.60391235351562,24552400
2023-03-10,91.62774775516029,92.17837407101159,91.41265914540638,91.90306091308594,36906000
2023-03-13,92.41069183146332,93.14199193732979,91.61056178142513,91.98051452636719,47445400
2023-03-14,91.92023532961143,92.54829675474033,91.56749353718224,91.70514678955078,49782100
2023-03-15,92.31601018848434,93.00428962428273,92.04929591747911,92.58271789550781,50591500
2023-03-16,92.96986199760386,93.17635170778574,92.16973242159642,92.4450454711914,37961900
2023-03-17,92.72895626323277,93.27958231707724,92.58269765355104,92.90962982177734,32011600
2023-03-20,92.98709442240323,93.15916265700096,92.53970651007731,92.63434600830078,24035100
2023-03-21,93.02153203862103,93.13337576195218,92.66017815558192,93.08175659179688,29109400
2023-03-22,93.01290563198236,94.28622634388833,92.75479671157797,93.6237564086914,31434700
2023-03-23,93.52910994285295,93.96789244926732,93.2451914643506,93.89045715332031,28703800
2023-03-24,94.14855318659593,94.37224709944668,93.9334646530036,94.18296813964844,26204100
2023-03-27,93.33122892108987,93.7700048483858,93.03009969210642,93.05591583251953,16527900
2023-03-28,92.95268117024985,93.09893982874297,92.69457224962933,92.90106201171875,14138000
2023-03-29,92.71179680131954,93.36566145324127,92.67738183585257,93.33125305175781,17506000
2023-03-30,93.33123348360522,93.64956036046195,93.31402272248846,93.46028137207031,18267200
2023-03-31,93.86465374404915,94.3722661993323,93.65817054792535,94.30343627929688,19187400
2023-04-03,94.21711840416874,94.95069363750066,94.07040467438351,94.8730239868164,20093500
2023-04-04,94.43288665538516,95.10605004004317,94.32069495274433,94.99385833740234,20317700
2023-04-05,95.12328392192491,95.43397562843258,94.97657022285306,95.30451965332031,14674800
2023-04-06,95.35631276540171,95.45124672148705,95.13192940047756,95.21823120117188,14191300
2023-04-10,94.74357701721686,94.83851098893003,94.37247328717628,94.7780990600586,10825500
2023-04-11,94.79538303979335,94.89031703779541,94.54510968259692,94.75223541259766,14510100
2023-04-12,95.15785217880939,95.20099980187024,94.40701242594848,94.55372619628906,20049200
2023-04-13,94.84713789214993,94.97659389953424,94.54507826452392,94.71768188476562,18589100
2023-04-14,94.45012898274636,94.56232065927071,94.0962830589,94.40697479248047,16218900
2023-04-17,94.12218469229832,94.21711865521367,93.70793338540027,93.81149291992188,11891400
2023-04-18,93.99275819188661,94.26892799195754,93.9841260337698,94.12220764160156,10522400
2023-04-19,93.88054844008437,93.89781275421245,93.6043786736946,93.65615844726562,14023700
2023-04-20,93.8719063460553,94.15670823936094,93.85464861816068,94.00999450683594,16076100
2023-04-21,94.37247897408274,94.415633176337,93.76835964896412,94.07041931152344,18480700
2023-04-24,94.15672403112609,94.51057006416833,94.15672403112609,94.48468017578125,7974300
2023-04-25,94.89027073807586,95.1319249869762,94.85575528692368,94.8989028930664,17038800
2023-04-26,94.99386553914603,95.04564531592021,94.39837176861494,94.48468017578125,19635200
2023-04-27,94.32931800122876,94.40698765300188,94.09629587709765,94.13945007324219,14629500
2023-04-28,94.77809002415403,94.92480375393924,94.51055244814498,94.8730239868164,18882100
2023-05-01,94.33785233214208,94.37249158657204,93.18612189770408,93.34199523925781,20789900
2023-05-02,93.67973647142416,94.48508111240623,93.57581868954269,94.46775817871094,21547100
2023-05-03,94.6495958452192,94.86608622308405,94.25124773599728,94.62361145019531,15750800
2023-05-04,94.09540742483185,94.61498315623217,94.000151103286,94.36385345458984,17811700
2023-05-05,94.11271206835802,94.23394617040745,93.81828167283581,93.9914779663086,12130800
2023-05-08,93.47192870262543,93.5498621016299,93.19482116155687,93.31605529785156,16424800
2023-05-09,93.33335817974034,93.51520935797834,93.25542479196577,93.28140258789062,15860300
2023-05-10,93.88756048586464,94.03477238070778,93.74034859102152,94.0174560546875,15815700
2023-05-11,94.59765497742744,94.60631644438708,94.26859190736009,94.38116455078125,12261800
2023-05-12,94.38113403749831,94.4504125372507,93.78362514572775,93.80094146728516,10797200
2023-05-15,93.32470674158773,93.39398527600856,93.177494811017,93.2987289428711,20334800
2023-05-16,92.90036372193093,92.9956200309128,92.73582889609627,92.83108520507812,25934500
2023-05-17,93.00429991815356,93.07357844872806,92.72719240261989,92.82244873046875,25387100
2023-05-18,92.59727407584076,92.59727407584076,92.30284369656718,92.4327392578125,21383500
2023-05-19,92.42411586481002,92.5713278011843,92.22494172218927,92.32019805908203,22194600
2023-05-22,92.38078639760072,92.59727680379993,92.22491304086677,92.28553009033203,15526700
2023-05-23,92.1816209151558,92.56264617977065,92.04307047778171,92.4760513305664,15529300
2023-05-24,92.52802371700383,92.5626629843269,92.06040351828928,92.11236572265625,16688900
2023-05-25,92.2162452413188,92.2768622866209,91.77460959987319,91.80924224853516,18743200
2023-05-26,91.82658029315114,92.23358335292247,91.75730177089996,92.19894409179688,15848500
2023-05-30,92.60595364094313,92.89171600341797,92.55399144223172,92.89171600341797,21581400
2023-05-31,92.86574685833007,93.29872778293014,92.71853492958954,93.19481658935547,24052300
2023-06-01,93.48930335390948,93.70649809144234,93.34161252316889,93.4806137084961,26084500
2023-06-02,93.55884674231643,93.61966102935884,93.15051940292028,93.22870635986328,17086600
2023-06-05,92.93331101713767,93.38507327951487,92.82905512816176,93.02887725830078,14211100
2023-06-06,93.05493083568179,93.23737365306397,92.80298409884205,93.21131134033203,25228400
2023-06-07,93.14178900829985,93.23735522159751,92.32513468675879,92.37726593017578,26526700
2023-06-08,92.47285917745235,93.04624999660903,92.44679686225331,92.99412536621094,16579800
2023-06-09,92.79429710128922,92.88986333620731,92.59448161246685,92.75086212158203,12060000
2023-06-12,92.95066028436032,93.05491614709003,92.4554565358449,93.04622650146484,14229300
2023-06-13,93.19391242476756,93.2981682820033,92.48151397096632,92.62921142578125,19385200
2023-06-14,92.89852852242528,93.15047520011872,92.46413907017944,92.91590118408203,30280100
2023-06-15,93.40244816885614,93.74127150671977,93.19393640074092,93.72389221191406,23426200
2023-06-16,93.42849682348674,93.64569157899189,93.21999171411402,93.5588150024414,13184500
2023-06-20,93.69782193922936,94.0018932899125,93.69782193922936,93.89764404296875,22272700
2023-06-21,93.5066972865529,93.90633489912852,93.22868822440209,93.79339599609375,17521700
2023-06-22,93.44587070547688,93.65438244582528,93.15048901570363,93.30686950683594,16007900
2023-06-23,93.93239713629937,93.93239713629937,93.39375171696801,93.5675048828125,13102800
2023-06-26,93.81076075335079,93.84550608100876,93.61962830994268,93.6717529296875,14642200
2023-06-27,93.76732698896622,93.9410801548107,93.35899975814743,93.5675048828125,15749300
2023-06-28,93.69782104184043,93.99320937128806,93.50668858659635,93.975830078125,17806000
2023-06-29,93.28082991928352,93.35901686976676,92.96806886083127,93.2634506225586,25554500
2023-06-30,93.50668129153686,94.01057470182138,93.34161778891506,93.94976043701172,20938600
2023-07-03,94.01776010136466,94.27052023681473,93.68655395507812,93.68655395507812,11810800
2023-07-05,93.52964255622663,93.59065314782953,92.90210124279365,93.01541137695312,21463300
2023-07-06,92.28329783493302,92.33559738894141,91.82135944741171,92.0741195678711,35240800
2023-07-07,92.10028015023167,92.37918676565698,91.96954121963832,91.98697662353516,17148000
2023-07-10,92.10898554569145,92.55349519045555,92.02182848682683,92.4663314819336,16360600
2023-07-11,92.68423413924606,92.96314738718263,92.5709306195152,92.90213012695312,21693900
2023-07-12,93.36407432942576,93.85215920941341,93.36407432942576,93.72142028808594,23217300
2023-07-13,94.12234175506019,94.418683733391,94.01775594477887,94.38381958007812,21637500
2023-07-14,94.23565389022501,94.34023970269767,93.62554116895214,93.65168762207031,23784000
2023-07-17,93.63425674521238,93.88701686904834,93.56452843870784,93.8085708618164,12260100
2023-07-18,94.19206719596167,94.28794195224084,94.00903538388064,94.04389953613281,17403600
2023-07-19,94.35765795811048,94.58426494372777,94.20077261825283,94.57555389404297,20871600
2023-07-20,94.19207593593711,94.21822239013805,93.68655565585976,93.93931579589844,37868000
2023-07-21,94.28793597528323,94.31408242540064,94.02645817479578,94.10490417480469,16517800
2023-07-24,94.27051325479773,94.39253446292146,93.96545358483131,93.9916000366211,17999400
2023-07-25,93.74755481196787,94.0351790723533,93.73012606118252,93.84342956542969,15029800
2023-07-26,94.18334582850835,94.35766658298209,93.86086406963145,94.27922058105469,17816800
2023-07-27,94.16589451495757,94.2443338484334,93.01540440972536,93.12870788574219,29142600
2023-07-28,93.54707347268588,93.78239812912322,93.38147045355804,93.73882293701172,18719300
2023-07-31,93.76496527087319,94.15717523095657,93.76496527087319,94.00028991699219,24906600
2023-08-01,93.4047208911797,93.55339721204696,92.98492146889424,93.06363677978516,22977700
2023-08-02,92.5301620703873,92.60012309336275,92.17158263550891,92.49517822265625,28516700
2023-08-03,91.75180012360784,91.78677730278478,91.44569308966625,91.66433715820312,27632700
2023-08-04,91.9966816426354,92.74007015110132,91.98793401148049,92.61763000488281,19998900
2023-08-07,92.5389046225383,92.58263610107736,92.26778813855917,92.39022827148438,10726300
2023-08-08,92.81875026668274,92.967433260637,92.63509010384153,92.75753021240234,17616200
2023-08-09,92.88000128943594,92.97620521716553,92.75756114005057,92.84502410888672,11514100
2023-08-10,92.95870392888759,93.19483656402183,92.16283639410925,92.18907928466797,22056400
2023-08-11,91.86546654380999,92.1890620754264,91.81299411746132,91.87421417236328,12803100
2023-08-14,91.84797435479723,92.09286125507086,91.57685791295864,91.8392333984375,9829300
2023-08-15,91.62934708219322,91.78677106774552,91.35823059082031,91.35823059082031,17279900
2023-08-16,91.27953260188684,91.53316053450008,90.83349681194713,90.94718933105469,20773700
2023-08-17,90.83348879585289,90.91219745463795,90.43118452625919,90.70230102539062,29797400
2023-08-18,90.71978421265594,91.13957701527933,90.62358030528677,91.04337310791016,17884100
2023-08-21,90.64107312576154,90.70229319035734,90.30873658545386,90.50114440917969,19065100
2023-08-22,90.5885752016046,90.84220301856132,90.45738747938772,90.7809829711914,18361500
2023-08-23,91.37574620206287,92.0754033261821,91.37574620206287,92.05791473388672,22620400
2023-08-24,91.90045832792973,92.0228984483154,91.72553910417437,91.74303436279297,20129900
2023-08-25,91.70806830457144,92.08413636797516,91.40196794423991,91.79552459716797,18521400
2023-08-28,92.21532473887666,92.22406569745159,91.86549289374305,92.08413696289062,15271000
2023-08-29,92.03165810623078,92.85375521162817,91.96169040758382,92.81877136230469,21843300
2023-08-30,92.86253470445779,92.93250242711161,92.65263820898558,92.6876220703125,21533500
2023-08-31,92.84502410888672,93.05492055462051,92.76630877143172,92.84502410888672,20534800
2023-09-01,92.84235937452662,92.86868909167937,92.07877079203351,92.18408966064453,16514200
2023-09-05,91.90323376053219,91.93834228428817,91.49949578173786,91.52582550048828,16272800
2023-09-06,91.6487166846438,91.67504640761715,91.23619983468213,91.43807220458984,17733800
2023-09-07,91.55214896659963,91.85056805001146,91.464381011337,91.84178924560547,17295600
2023-09-08,92.07878928881485,92.3157634870588,91.91202545166016,91.91202545166016,18608800
2023-09-11,91.79789605909498,91.84178338205723,91.62236015977665,91.73645782470703,13686300
2023-09-12,91.7452678328156,91.7628254464783,91.55217426013155,91.71015930175781,15839800
2023-09-13,91.61360630602897,91.9997934252221,91.56094686114524,91.91202545166016,19975200
2023-09-14,91.98220479637259,92.06997273394973,91.69256457573003,91.74522399902344,16821000
2023-09-15,91.65749495589311,91.70138229143728,91.41174194788715,91.6048355102539,21796400
2023-09-18,91.42927121900945,91.80667944803152,91.42927121900945,91.78034973144531,12182200
2023-09-19,91.56095065542169,91.65749743922086,91.43807414808956,91.47318267822266,14577800
2023-09-20,91.77158943769759,91.964682993298,91.49072791035162,91.50828552246094,23735800
2023-09-21,90.76225071440065,90.77980163082233,90.51649101062645,90.58670806884766,30183800
2023-09-22,90.79734106290634,91.22741546791357,90.68324337992875,91.13964080810547,21849000
2023-09-25,90.45504711698088,90.71835772075381,90.2268517363956,90.25318145751953,25968600
2023-09-26,90.44626727742424,90.50770552021817,89.87576548218557,89.99864196777344,39047500
2023-09-27,90.41993129104125,90.49892714430304,89.26137678124324,89.57734680175781,35741200
2023-09-28,89.19116331066466,89.75288628387901,88.9103018240575,89.7353286743164,34650100
2023-09-29,90.2092925649477,90.33216905891254,89.33159949590363,89.54224395751953,28143000
2023-10-02,89.10960524761343,89.25940402138286,88.64260254527463,88.72190856933594,18787800
2023-10-03,88.43992835987842,88.58090711133758,87.57640913792046,87.69976806640625,30830200
2023-10-04,88.19321953423906,88.51043018488204,87.82314268267513,88.46637725830078,25863600
2023-10-05,88.58972426473689,88.7747626655711,88.21964746306845,88.36062622070312,21155700
2023-10-06,87.51474313185858,88.29014319051996,87.3825709102817,88.09629821777344,21667900
2023-10-09,88.53687788198637,89.21535217019414,88.38707909512351,89.18891906738281,6398600
2023-10-10,88.78358203929074,89.57660861346967,88.61616345069793,89.22415161132812,23168100
2023-10-11,89.75281169792858,89.82330442554604,89.37392169018032,89.77043151855469,22655800
2023-10-12,89.63830391779052,89.73522305600441,88.64261220667618,88.83646392822266,27899900
2023-10-13,89.56779873268194,89.63829148029225,89.15366224366934,89.32988739013672,20716300
2023-10-16,88.83646321120636,88.95100889912325,88.66904459439306,88.71310424804688,25991800
2023-10-17,87.93770030910007,88.30777718266418,87.72622204772713,88.00818634033203,24273500
2023-10-18,87.68216619781856,87.7350324001213,87.18872366027739,87.30327606201172,32144400
2023-10-19,87.16227901664928,87.43543671167768,86.5895372514994,86.59835052490234,41211800
2023-10-20,86.66887316426048,87.0213302738252,86.66887316426048,86.94202423095703,27130800
2023-10-23,86.68646373556666,87.85838037222781,86.56310479724,87.62047576904297,21103000
2023-10-24,87.752621419169,88.16675778530538,87.60282941685989,88.1138916015625,24517600
2023-10-25,87.62046151331486,87.67332770040848,87.10939929622045,87.31205749511719,20957000
2023-10-26,87.39139498279663,87.99938324364038,87.25922274488808,87.9465103149414,28046100
2023-10-27,87.84078695327543,87.95533265256668,87.50594968639948,87.77029418945312,21362800
2023-10-30,87.5235622183573,87.69978737712383,87.24159793079554,87.50593566894531,20961500
2023-10-31,87.6204643954466,88.02578752912937,87.35612000616966,87.38255310058594,28805700
2023-11-01,87.79292471423177,88.66847100885431,87.74870949815417,88.63309478759766,32111800
2023-11-02,89.49978950709595,89.75626205333364,89.34944562571245,89.68551635742188,31295500
2023-11-03,90.7202296028168,91.00323257872917,90.10115595422381,90.12769317626953,38496200
2023-11-06,89.96850278469162,89.96850278469162,89.54399495091695,89.6501235961914,17827700
2023-11-07,89.98622245815089,90.56107436877376,89.92431574453462,90.36650848388672,25518200
2023-11-08,90.50799098225912,90.90596842716977,90.4991519870769,90.82637023925781,26997000
2023-11-09,90.70255761294992,90.70255761294992,89.74742658107009,89.9066162109375,23864100
2023-11-10,90.48144124810229,90.50797172265254,90.18075354010189,90.35762786865234,18498900
2023-11-13,90.0569749158054,90.42841519750297,89.89778525974562,90.36650848388672,21439200
2023-11-14,91.80801698521172,92.02027427170779,91.67536461530541,91.78148651123047,28387800
2023-11-15,91.46311416365333,91.48964463961717,91.06514352954893,91.30392456054688,23895000
2023-11-16,91.77265342607478,92.09987839405436,91.70190773481005,92.05565643310547,21223000
2023-11-17,92.37401431215798,92.48898868512539,92.10870284974885,92.32095336914062,25810200
2023-11-20,92.2059903257056,92.75430475699324,92.18829884560573,92.69239807128906,18529400
2023-11-21,92.7101093696411,92.83392276751653,92.46248257389026,92.71894836425781,20273200
2023-11-22,93.07273209472838,93.19654553021554,92.7278222748247,93.09042358398438,18588000
2023-11-24,92.73665215942951,92.87815031264715,92.59514725888684,92.61283874511719,6391400
2023-11-27,92.91353215408857,93.38225535765008,92.75434250501812,93.36457061767578,17919500
2023-11-28,93.20537779404316,93.77138391649882,93.11694060253294,93.73600769042969,21320800
2023-11-29,94.22240949203712,94.54963447797712,94.09859609137318,94.49656677246094,20661800
2023-11-30,94.28433823276312,94.31086871806097,93.81561499963216,94.00133514404297,41950900
2023-12-01,94.13005957690689,95.17752749531483,94.00578429612077,95.13314056396484,27733500
2023-12-04,94.81353950386439,94.93781473993175,94.4939726761219,94.6981430053711,28914300
2023-12-05,95.12422086074135,95.5769348253563,95.00881760614065,95.4526596069336,33315200
2023-12-06,95.73673053254633,96.0385466536081,95.62133403559197,95.80774688720703,22544300
2023-12-07,95.68346590917405,96.07404906386982,95.5858201205001,95.81661987304688,20253300
2023-12-08,95.28403847920485,95.54146776313299,95.1420124995343,95.30179595947266,21624200
2023-12-11,95.17748543776011,95.30176066363082,94.78690228645685,95.27513122558594,17714600
2023-12-12,95.26625331620208,95.85212804824576,95.10646991405306,95.81661987304688,22111100
2023-12-13,96.18056555921933,97.6008586861418,95.98527398442526,97.42332458496094,33623500
2023-12-14,98.20997554764914,98.77123067586834,98.10307498747872,98.45941925048828,28202300
2023-12-15,98.3703295505715,98.50396204267876,98.12088585694772,98.31687927246094,17904100
2023-12-18,98.03179581636006,98.13870316507375,97.85361690183723,97.90707397460938,19714500
2023-12-19,98.09416023950807,98.32578943824234,97.9605277480525,98.03179931640625,18086800
2023-12-20,98.2189048067605,98.37035182692344,97.91601076643464,98.29017639160156,23942000
2023-12-21,98.52177478419287,98.62868213534348,98.02288740581822,98.2545166015625,24168300
2023-12-22,98.388151625472,98.44160190400864,97.94271451278418,98.08525085449219,11037100
2023-12-26,98.12090807681216,98.35253732912939,98.07636163707838,98.29017639160156,5816000
2023-12-27,98.78904406162897,99.24339182774773,98.63759707186641,99.20775604248047,13646400
2023-12-28,99.07413134469957,99.23448899260788,98.8157769788011,98.94940948486328,14288800
2023-12-29,98.61976594777437,98.89594155685135,98.49504411019008,98.58413696289062,17956700
2024-01-02,97.94270261404891,98.14759985476769,97.80907013711095,97.91597747802734,20622000
2024-01-03,97.19436605907123,97.79125009392138,97.03400844406953,97.6932601928711,35384900
2024-01-04,97.1052872507189,97.32800579945908,96.98947605223306,97.14983367919922,43111300
2024-01-05,96.85586422854553,97.6131060964592,96.73114235838713,96.80241394042969,24385500
2024-01-08,96.89147475674513,97.59526615304122,96.87365346746502,97.54180908203125,29182300
2024-01-09,97.39037480733006,97.8090868012192,97.34582837515114,97.71109008789062,55126300
2024-01-10,98.04073550486825,98.1387322376787,97.52402669492821,97.58638763427734,32323500
2024-01-11,97.7556341077083,98.29906114525919,97.45273332939537,98.1743392944336,50960900
2024-01-12,98.48614214916103,98.75340032189156,98.11196983240946,98.38814544677734,30479000
2024-01-16,97.86255083013789,97.98727270156228,97.19439503457914,97.39038848876953,27124600
2024-01-17,97.16764845831406,97.32800608575191,96.83802255834993,97.18546295166016,34414000
2024-01-18,97.33692677774947,97.3992877061437,96.89148963298177,96.9983901977539,28325100
2024-01-19,96.96278012046183,97.12313780697068,96.61533959916487,97.0964126586914,25621500
2024-01-22,97.54182723531007,97.61309881203394,97.24784387577947,97.36365509033203,17679900
2024-01-23,97.1409261941292,97.1409261941292,96.81130028441194,97.00729370117188,25439500
2024-01-24,97.45273321685073,97.50618349661966,96.74003110138662,96.8202133178711,26828300
2024-01-25,97.33692517895157,97.49728282030726,97.14984239684183,97.4616470336914,39484000
2024-01-26,97.49727435827819,97.50617820653586,97.15873781322564,97.18546295166016,26642300
2024-01-29,97.57747698670386,97.80019559821258,97.39039416865646,97.58638763427734,27060700
2024-01-30,97.83581717030155,97.9159993931424,97.40819450775751,97.89817810058594,30459200
2024-01-31,98.316866521106,98.56631018237779,97.88034011388037,98.14759826660156,44733000
2024-02-01,98.7993749953959,99.15698878591346,98.43281898436358,98.90665435791016,42478500
2024-02-02,97.86957135850675,98.08413688140946,97.64606361604955,98.00367736816406,39604900
2024-02-05,97.31528428275215,97.32422650364647,96.84144888909296,97.06495666503906,39266800
2024-02-06,97.22587217962047,97.7712316405081,97.19905234071047,97.61030578613281,26095200
2024-02-07,97.37786606286,97.7265376472175,97.23482463331342,97.32422637939453,23574200
2024-02-08,97.03811286535856,97.0738749191905,96.72520342047198,96.82354736328125,26063900
2024-02-09,96.57323178155548,96.76991970545342,96.55535416161732,96.69840240478516,19029200
2024-02-12,96.75204070636288,96.79673816602893,96.43018898473873,96.70733642578125,30378900
2024-02-13,95.84012898387641,96.00999707165647,95.54510391156872,95.64344787597656,41494100
2024-02-14,95.75072556135339,96.12621697110042,95.73284794128169,96.09046173095703,41932200
2024-02-15,96.6268936826108,96.64477130539811,96.21564014933536,96.43914794921875,33255200
2024-02-16,95.98317554777971,96.18879887272493,95.8758893646024,96.09046173095703,26189800
2024-02-20,96.41230773925781,96.51065170306407,96.21562663256107,96.41230773925781,22386600
2024-02-21,96.48382317982559,96.48382317982559,96.03680768308335,96.17091369628906,23606200
2024-02-22,96.31396346572764,96.4927669389108,96.19773506933481,96.3228988647461,28705900
2024-02-23,96.36760814685204,96.7520417729792,96.3139684662952,96.60899353027344,29856300
2024-02-26,96.63578734072965,96.63578734072965,96.09043481982816,96.30500030517578,26696200
2024-02-27,96.24243781278746,96.4122990633272,96.11727401937284,96.17091369628906,33453800
2024-02-28,96.05470793319698,96.22456921169575,96.01894586906137,96.1619873046875,32713500
2024-02-29,96.30501296417485,96.6894465372836,96.12620268545294,96.25137329101562,45656400
2024-03-01,96.04768357668718,96.9360150485448,95.78746388373798,96.83731079101562,42971500
2024-03-04,96.57708340922423,96.79244186990877,96.5053041015671,96.65784454345703,31472000
2024-03-05,97.16932037121444,97.44748319170225,97.03472302888301,97.18726348876953,33394200
2024-03-06,97.40261803302205,97.77051011820731,97.37569308892124,97.44747924804688,33176900
2024-03-07,97.79741542068797,97.83330849555458,97.4474664981186,97.68974304199219,22875700
2024-03-08,97.88714436025019,98.0755847141509,97.73460392700106,97.82433319091797,29591100
2024-03-11,97.84229278564453,98.06661939047794,97.68975233737496,97.84229278564453,25360200
2024-03-12,97.68976710167603,97.77052140558656,97.43851551572988,97.52825164794922,30852100
2024-03-13,97.55517254451813,97.75258108760791,97.39365708616339,97.42955017089844,31089900
2024-03-14,97.13342029484093,97.13342029484093,96.63989902380317,96.71168518066406,48815400
2024-03-15,96.7565592772524,96.87320665500097,96.57709387390253,96.73860931396484,34525600
2024-03-18,96.79246116474744,96.83732238523781,96.55915954211781,96.57710266113281,18279900
2024-03-19,96.73860853363493,97.07061439272528,96.68477233601679,96.85526275634766,22721000
2024-03-20,96.89115589880304,97.20521179495182,96.4873638786931,97.03472137451172,41915400
2024-03-21,97.33083177435806,97.40261793341028,97.02574402133857,97.17829132080078,26546700
2024-03-22,97.70769292632023,97.73461102285924,97.46542321156461,97.51028442382812,20877600
2024-03-25,97.50132219063086,97.50132219063086,97.12444827855914,97.17829132080078,23291000
2024-03-26,97.34878334848584,97.34878334848584,97.02575245059198,97.15137481689453,27266700
2024-03-27,97.28595076151255,97.82433319091797,97.22313959218032,97.82433319091797,30600500
2024-03-28,97.70771629643667,97.97691101802288,97.6269619875045,97.73463439941406,23066200
2024-04-01,97.29416605178133,97.30317502728144,96.7177153128015,96.79878234863281,20817100
2024-04-02,96.31242042537679,96.69972398898788,96.08724409471537,96.6546859741211,32433900
2024-04-03,96.30339647237103,96.87984723947636,96.15027824057263,96.71772003173828,25198700
2024-04-04,97.07799436261358,97.07799436261358,96.63665078870876,96.82579803466797,31423800
2024-04-05,96.4475267229542,96.71773419419422,96.35745756587418,96.4024887084961,25134900
2024-04-08,96.31240296890094,96.57360828974548,96.24935388261675,96.39346313476562,37054400
2024-04-09,96.78078312784267,96.94291035904729,96.72674300805319,96.88887023925781,21967300
2024-04-10,96.14127890616898,96.14127890616898,95.36667182172056,95.51078796386719,45351600
2024-04-11,95.75398867948054,95.83505573867016,95.12349764950277,95.3126449584961,38047900
2024-04-12,95.73596620489307,95.77199524115335,95.4927719280952,95.52880096435547,35119700
2024-04-15,95.01539737566041,95.01539737566041,94.34887739739668,94.4749755859375,27018500
2024-04-16,94.08767093363693,94.26781610931023,93.83547455953013,94.15972900390625,34191600
2024-04-17,94.6100771301787,94.82624445885736,94.40291190597819,94.67312622070312,26726300
2024-04-18,94.7361746317733,94.76319468868489,94.33086003442831,94.48397827148438,25997900
2024-04-19,94.8172472862794,94.83526524114968,94.49299968881378,94.58306884765625,20265600
2024-04-22,94.54703040435633,94.85326688832404,94.50199239349725,94.8172378540039,26642400
2024-04-23,94.72715851711443,95.35765624215935,94.59205137090231,94.97935485839844,26338800
2024-04-24,94.77220411837766,94.82624423245943,94.33986259021708,94.61007690429688,24538400
2024-04-25,93.94356041986697,94.37589509208138,93.79944428123835,94.33086395263672,29826400
2024-04-26,94.69113159179688,94.86226777225917,94.62808250507419,94.69113159179688,11784100
2024-04-29,94.96132708346154,95.17749435629453,94.8442379089757,95.0874252319336,18052100
2024-04-30,94.70017066872309,94.93435601034562,94.4840032843685,94.5650634765625,26008100
2024-05-01,94.84085139529218,95.44672403086057,94.63287093010987,94.95841217041016,30342900
2024-05-02,95.03073475759041,95.60043529047506,94.88605361688217,95.54618072509766,28044200
2024-05-03,96.24247457318693,96.5680157691725,95.8536340834878,96.21534729003906,24166800
2024-05-06,96.32386269219398,96.49567802878778,96.26056339436039,96.48663330078125,18519800
2024-05-07,96.75790734034233,96.90259537316938,96.44141089241457,96.5318374633789,28680400
2024-05-08,96.30577176431964,96.44141507620316,96.2243899166528,96.28768920898438,19916700
2024-05-09,96.21533638391894,96.54991537029183,96.1158650909149,96.44140625,25583500
2024-05-10,96.25154822119603,96.32388536495688,96.02547826156272,96.13398742675781,16291500
2024-05-13,96.3600333889539,96.44142214168888,96.14300821350386,96.17013549804688,20464200
2024-05-14,96.4233205316854,96.55896383640845,96.30576668044813,96.45045471191406,25440400
2024-05-15,97.21006085365558,97.46325804783604,96.98399094469359,97.30953216552734,33780900
2024-05-16,97.44516905411587,97.46325161003172,97.11058312727455,97.15579986572266,23586600
2024-05-17,96.98398784507013,97.16484100681718,96.90260599201572,96.92973327636719,21862800
2024-05-20,96.8573636896048,96.9658796974772,96.8121469615486,96.88449096679688,17885200
2024-05-21,97.15580302364394,97.19197503575703,96.993032418688,97.04728698730469,17411900
2024-05-22,96.76695983252988,97.04728429474636,96.75791510497608,96.90260314941406,26735600
2024-05-23,97.02920357468389,97.05633085875289,96.36907643287995,96.47759246826172,24876100
2024-05-24,96.49567067326733,96.74886784530142,96.41428882473016,96.73983001708984,11189500
2024-05-28,96.87546873081773,96.87546873081773,96.09778774162177,96.16108703613281,15989600
2024-05-29,95.81746810722713,95.82651283521454,95.44671704901481,95.6456527709961,30015700
2024-05-30,96.03449396198332,96.2605638695201,95.97119466383727,96.23343658447266,21036300
2024-05-31,96.61324577699114,96.77601640896386,96.45951987432441,96.65846252441406,19901400
2024-06-03,96.95346208185256,97.34378152044421,96.90808028803963,97.32563018798828,20154900
2024-06-04,97.59793464045522,97.8521017538071,97.4436240870723,97.70686340332031,24545200
2024-06-05,97.87025594348583,98.06087609005799,97.51624611051672,98.03364562988281,26584700
2024-06-06,97.87933752092293,98.0608785435302,97.84302793133226,97.97010803222656,22687100
2024-06-07,97.15314728117313,97.30745782338973,97.00791586654142,97.08960723876953,26228700
2024-06-10,96.89898696448515,96.98067833658926,96.80821646480993,96.88990783691406,19415700
2024-06-11,96.94439017600051,97.37101228081411,96.8808501241903,97.3074722290039,19042600
2024-06-12,98.28780308770139,98.54196327605179,97.8702532175049,97.90656280517578,27209400
2024-06-13,98.35134857842415,98.53289652682702,98.0881092472496,98.3695068359375,26782700
2024-06-14,98.42397193049979,98.56013116623791,98.26058223268332,98.45120239257812,28561900
2024-06-17,97.87026501107053,98.0427338419536,97.78857362297637,97.98826599121094,24678700
2024-06-18,98.1970194974606,98.53287794465726,98.1607099146276,98.44210052490234,25576600
2024-06-20,97.88839621811299,98.13348418269736,97.8339353039143,98.11532592773438,21206300
2024-06-21,98.20611054193768,98.35134196554888,97.9065616412234,98.14257049560547,21091200
2024-06-24,98.24242401123047,98.41488590074951,98.18795616554652,98.24242401123047,18597600
2024-06-25,98.1698137600753,98.2968938693162,98.05180585481837,98.20612335205078,16251600
2024-06-26,97.57978460715744,97.76132562233475,97.47993497120618,97.6705551147461,26381300
2024-06-27,97.97009666384685,98.01548537690483,97.83393745001817,97.86116790771484,19939400
2024-06-28,98.1062727037241,98.13350316609103,97.20762589353659,97.23486328125,27395800
2024-07-01,96.8668325943956,97.1947630068248,96.60267299247057,96.6573257446289,22429100
2024-07-02,97.14922855565048,97.30408266472335,96.93061058109231,97.2767562866211,19845700
2024-07-03,97.60467415644229,97.99636840820312,97.50447281647514,97.99636840820312,14318900
2024-07-05,98.36986901119532,98.5611606385746,98.10570239726928,98.50650787353516,18800300
2024-07-08,98.57936920361843,98.6613483398208,98.36075122400514,98.49738311767578,18136600
2024-07-09,98.33339318214523,98.488254205619,98.09655999281078,98.31517791748047,20384700
2024-07-10,98.43361652920362,98.5702553688367,98.28787353007105,98.55204010009766,17263200
2024-07-11,99.16234649140982,99.30808948189637,98.99838128352516,99.08036041259766,31411700
2024-07-12,99.1350244540888,99.44473266601562,99.04393421233033,99.44473266601562,20301300
2024-07-15,99.10769954389293,99.25344254291633,98.87997046125507,98.89818572998047,18291500
2024-07-16,99.13501895704027,99.49027574501729,99.0530328791858,99.47205352783203,20090700
2024-07-17,99.19878171338674,99.56314960590007,99.14412201217905,99.5176010131836,21313500
2024-07-18,99.28076913492193,99.50849821805076,99.05304005179308,99.0894775390625,28091700
2024-07-19,98.89818160514749,98.90729271400022,98.661341423155,98.72510528564453,16576600
2024-07-22,99.03481619457827,99.07125367868778,98.56113585089412,98.67044830322266,22556800
2024-07-23,98.79799030214627,98.89819166049479,98.59758758544922,98.59758758544922,24425700
2024-07-24,98.7159930544493,98.80708328630874,97.99636840820312,97.99636840820312,28026100
2024-07-25,98.18765123196364,98.63399819312485,98.16942901737174,98.38805389404297,29760400
2024-07-26,98.93462371826172,98.98017231491602,98.69778352519155,98.93462371826172,21119900
2024-07-29,99.22612060877057,99.26255809759327,98.94373875757006,99.14413452148438,24734600
2024-07-30,99.21700125683877,99.28076511954633,99.00749440068812,99.22611236572266,14952000
2024-07-31,99.64512607205681,99.82730653857855,99.37184842253487,99.79998016357422,29226900
2024-08-01,100.15834490952312,100.41431620320688,100.05778376204813,100.13092041015625,34564600
2024-08-02,100.66115057815621,101.19138081453598,100.66115057815621,101.10910034179688,46697900
2024-08-05,101.0725371358634,101.16396143791296,100.56973834806578,100.85313415527344,56991100
2024-08-06,100.743403683316,100.77997199994277,100.176612212334,100.19489288330078,47432500
2024-08-07,100.14006043155646,100.3503195685134,99.59154954096716,99.7378158569336,46819000
2024-08-08,99.68295479868792,99.84750874342319,99.50011320748565,99.78351593017578,23536800
2024-08-09,100.46001751515693,100.48744201156549,100.20404624908524,100.29546356201172,23199700
2024-08-12,100.24975079921595,100.6154200232233,100.14918967020591,100.50572204589844,24281800
2024-08-13,100.98110898049148,101.20965576171875,100.83484266734705,101.20965576171875,31245000
2024-08-14,101.32850010108592,101.78559367492632,101.3193632513891,101.65760803222656,28985600
2024-08-15,101.02682239622311,101.48391596442195,100.96282957566305,101.34678649902344,29546000
2024-08-16,101.45647432953544,101.71244556854028,100.94452487683262,101.64845275878906,21411500
2024-08-19,101.63019050125096,101.995866780332,101.61190982590962,101.88616180419922,16004100
2024-08-20,102.05985830983018,102.20613160948275,101.88616051016642,102.15127563476562,27114000
2024-08-21,102.23355545332477,102.64493690024136,102.08728215461102,102.37982177734375,23819100
2024-08-22,102.1512985862663,102.22443525252504,101.73991704427952,101.95932006835938,17926300
2024-08-23,102.25184055259778,102.66322899200931,102.12385489803289,102.54438018798828,22650200
2024-08-26,102.75464123548372,102.75464123548372,102.37982114088094,102.41638946533203,15312500
2024-08-27,102.00499853056702,102.37981161560299,101.96843020951819,102.3341064453125,15922700
2024-08-28,102.27012889685538,102.35240240047877,102.05986276310375,102.12385559082031,22104600
2024-08-29,101.92273266448579,102.05986214438857,101.78560318458302,101.95015716552734,20079400
2024-08-30,102.0781287724657,102.2152512494338,101.63017209872443,101.66674041748047,25275500
2024-09-03,102.11175177440705,102.32277941791898,101.81814292242602,101.97412109375,27734500
2024-09-04,102.03833050574336,102.64390259785499,102.01998301818816,102.6072006225586,31915900
2024-09-05,102.91001938399172,103.13940155237594,102.52465202096315,103.11186981201172,35538500
2024-09-06,103.13019045117363,103.73575553682204,102.88245387053742,103.06596374511719,42004600
2024-09-09,103.04762775477748,103.39629307897206,102.92835156502981,103.29536437988281,35440300
2024-09-10,103.34123645806277,103.59815032822156,103.23113751389617,103.57979583740234,30489500
2024-09-11,103.36877974682419,103.78166483396744,103.28619852928276,103.62568664550781,36948000
2024-09-12,103.55227661132812,103.63485082384679,103.27701523589076,103.55227661132812,30255700
2024-09-13,103.88259796215759,104.02022866378789,103.77249200081569,103.87342071533203,25536600
2024-09-16,104.00186535266306,104.40558017650069,103.88258915479635,104.3321762084961,25722000
2024-09-17,104.50651744095353,104.52486493436339,104.1762065580699,104.34136199951172,31732800
2024-09-18,104.08445842624961,104.66249898972636,103.88260099133086,103.91012573242188,35015500
2024-09-19,103.95598171804151,104.19453408760394,103.80917379813825,104.0018539428711,31216900
2024-09-20,103.84589826144924,104.13950716463715,103.67156556886664,104.0936279296875,29958900
2024-09-23,103.77249043400509,104.15785079260094,103.6440369811398,103.94682312011719,22919400
2024-09-24,103.68074554806891,104.20373663941004,103.5889940759402,104.12116241455078,24719900
2024-09-25,103.82754933123437,103.86424431846035,103.4788839508926,103.50640869140625,32881300
2024-09-26,103.6899186284778,103.76331560311807,103.24032453279376,103.50640869140625,20877100
2024-09-27,103.80000544007319,104.001862847129,103.72660847402449,103.9192886352539,25232000
2024-09-30,103.86423444451023,103.97434039628583,103.52475334353053,103.66238403320312,22728400
2024-10-01,104.15135748504821,104.32632664919423,103.9395593633671,104.16056823730469,36591300
2024-10-02,103.54359156265188,103.94877336730693,103.49754482256225,103.93035888671875,29446700
2024-10-03,103.67251727241405,103.71855698820902,103.25811767578125,103.25811767578125,24163200
2024-10-04,102.72399761256769,102.806873303699,102.57665368289608,102.69636535644531,33618100
2024-10-07,102.32802533259756,102.52140898184699,102.10700942567337,102.17147064208984,27106300
2024-10-08,102.0517707240312,102.37407684326172,101.91363752271913,102.37407684326172,27316000
2024-10-09,102.15305616271898,102.28197859555193,101.98729774539866,102.17147064208984,29951900
2024-10-10,101.96888766877211,102.11622458733753,101.757082505261,102.06097412109375,25932500
2024-10-11,101.91362669930038,102.2359327843014,101.8215402501209,102.04254913330078,20079000
2024-10-14,101.75707696566545,102.07017229166347,101.63736528673896,102.0517578125,4335400
2024-10-15,102.26356402132213,102.65033131946221,102.26356402132213,102.54903411865234,28673200
2024-10-16,102.8345019069989,102.94500985787721,102.66874349355417,102.871337890625,20474300
2024-10-17,102.47537036540777,102.51220635281419,102.0609778021415,102.10701751708984,31476700
2024-10-18,102.27277480452648,102.35565753170114,101.9688902068757,101.9873046875,27372400
2024-10-21,101.4900236486444,101.5544848657946,100.90987269429257,100.94670867919922,28320400
2024-10-22,101.03879720413771,101.05721168409644,100.69806960606125,100.9375,26001200
2024-10-23,100.59679412841797,100.79938858044892,100.44945717968926,100.59679412841797,25425800
2024-10-24,100.75331312793492,101.0848229014492,100.62438368311643,100.90065002441406,21021100
2024-10-25,101.18614015597674,101.24139765064035,100.60598915510613,100.66123962402344,16040900
2024-10-28,100.7717681057458,100.82701858591265,100.34816469772186,100.57838439941406,20935200
2024-10-29,100.13633782809723,100.72569957493026,100.06267287905276,100.69807434082031,24075800
2024-10-30,101.0019669057643,101.25060104080974,100.52311311666905,100.56915283203125,25259100
2024-10-31,100.40339024646755,100.67044587720697,100.11792013549429,100.3665542602539,29424400
2024-11-01,100.63915217610325,100.79625475970681,99.77045568922478,99.81666564941406,25142200
2024-11-04,100.63915338688719,100.8054993746599,100.28797460678364,100.55597686767578,24713500
2024-11-05,100.50979880884566,101.05503981707093,100.26951964473106,101.03656005859375,23732500
2024-11-06,99.8721401505907,100.40814481721667,99.7242809274209,99.98303985595703,38097900
2024-11-07,100.57448835176264,101.27683198301455,100.47283205369821,101.16593933105469,24596700
2024-11-08,101.38774088853003,101.72967638129782,101.27684117585204,101.51712036132812,21113600
2024-11-11,101.33229485805042,101.40622800005502,101.15670540845261,101.32305145263672,7971100
2024-11-12,100.88870869722471,101.10126472970853,100.32498079656423,100.40815734863281,36203300
2024-11-13,100.95339423493007,100.96263764047578,99.96456136111811,100.02925109863281,22942500
2024-11-14,100.29725904637817,100.47284850827359,99.89987719358795,100.00153350830078,26889100
2024-11-15,99.72427322709827,100.28799396322249,99.43778410635315,100.04772186279297,27276300
2024-11-18,99.9275674721533,100.39888231700318,99.84439799693602,100.23253631591797,19399100
2024-11-19,100.47282203717927,100.64841145281298,100.37116574924934,100.44509887695312,21473200
2024-11-20,100.0939190351499,100.36192133238205,100.05695247167121,100.20481872558594,24792000
2024-11-21,100.24181181585034,100.50057077802492,100.00153261497982,100.08470916748047,22507400
2024-11-22,100.25104953637221,100.35269879375925,100.01077034912845,100.17711639404297,13813000
2024-11-25,101.24910844349067,101.4801442017503,101.11972898291742,101.42469787597656,21678000
2024-11-26,101.18441908949738,101.21214225248735,100.83324727387144,101.16593933105469,25005000
2024-11-27,101.46165799538728,101.6372474167143,101.24910200900979,101.53559112548828,23584000
2024-11-29,101.96994047907985,102.18249648229637,101.923737557095,102.16401672363281,11838900
2024-12-02,102.33371554188838,102.407905707137,101.83294253920552,102.3244400024414,33409400
2024-12-03,102.43571433439888,102.50990449174154,101.90712184486739,101.96276092529297,27394800
2024-12-04,101.77731173651243,102.55628730953313,101.73094111066703,102.45428466796875,22704100
2024-12-05,102.20387398414574,102.50990307257537,102.16677890598797,102.42643737792969,16792500
2024-12-06,102.86231410652408,102.8715896465138,102.4171872393138,102.65829467773438,16668800
2024-12-09,102.50989820526357,102.56553728227706,102.31515436055399,102.39861297607422,21149300
2024-12-10,102.16679951377834,102.38009448741803,102.11116042290023,102.2409896850586,19497500
2024-12-11,102.42643879594034,102.55626803370859,101.94421692353872,101.96276092529297,24516500
2024-12-12,101.72167371133186,101.74949325706488,101.3136348401428,101.38782501220703,24747600
2024-12-13,101.24871879596516,101.25799433613486,100.75722129443338,100.82213592529297,13195000
2024-12-16,101.10962942193937,101.13744897152918,100.80360022612105,100.95198059082031,18893000
2024-12-17,100.93339317285988,101.10031748547323,100.84993455413453,100.96121978759766,29945700
2024-12-18,100.84490118579342,101.05894600201886,99.62575598824903,99.70951080322266,36753900
2024-12-19,99.44893570041073,99.57922570808172,98.95569394276016,99.16973876953125,40479900
2024-12-20,99.66298017355228,100.01663056478118,99.40240015913493,99.56061553955078,27608300
2024-12-23,99.58853364537947,99.65367864887449,99.16043689380172,99.27210998535156,13091800
2024-12-24,99.07666583697554,99.58852446027956,99.0394391098014,99.57921600341797,6215300
2024-12-26,99.11389265035696,99.70950608511667,99.11389265035696,99.67227935791016,12454800
2024-12-27,99.4954644471062,99.61644598917543,99.21626753430344,99.25349426269531,13908400
2024-12-30,99.60714138896613,99.74673985077298,99.55130484435246,99.68159484863281,9141400
2024-12-31,99.84910082124085,99.94216408565771,99.27209722142118,99.43030548095703,10768700
2025-01-02,99.69091491102662,99.86773302297725,99.22559138435126,99.43963623046875,19098100
2025-01-03,99.5792380983054,99.63507465131964,99.15114129122404,99.20697784423828,22610500
2025-01-06,99.13252949184539,99.19767450715021,98.89986770857472,98.9557113647461,24302200
2025-01-07,98.82538874663476,98.93706182160523,98.34144842085674,98.4996566772461,25115700
2025-01-08,98.37869338010621,98.75095359963917,98.304239916145,98.65789031982422,30143800
2025-01-10,98.04365188650983,98.40660361834148,97.9226703426568,98.0901870727539,24613500
2025-01-13,98.0436358136274,98.06225272518208,97.7458291311952,97.81097412109375,18873300
2025-01-14,97.90407442661522,97.97852790046558,97.66211128701266,97.92269134521484,27585200
2025-01-15,99.03946274226185,99.24420624043866,98.85333616225051,99.09530639648438,32123600
2025-01-16,99.04874790130005,99.49546152862662,98.84400445128671,99.29071807861328,24583300
2025-01-17,99.56060720955416,99.58852548015261,99.30932857362353,99.37447357177734,18912000
2025-01-21,99.79328401874562,99.97010212602537,99.69091227755945,99.95149230957031,20670600
2025-01-22,99.95148683598131,100.05385857156136,99.62576181380523,99.63506317138672,18418900
2025-01-23,99.19765430146086,99.50476949688728,99.17904448671048,99.49546813964844,18118300
2025-01-24,99.45825619827612,99.80259107440226,99.3558844512457,99.69091796875,13020200
2025-01-27,100.18415786409199,100.40751117138527,100.0538678431481,100.37959289550781,18954300
2025-01-28,100.1189934368219,100.29581151651206,100.02593016852093,100.23997497558594,22253100
2025-01-29,100.40750218439732,100.43542045777595,99.79327886924854,100.10969543457031,24969100
2025-01-30,100.3795887802709,100.51918725420872,100.19346221520269,100.33305358886719,22709300
2025-01-31,100.41681116449402,100.52848425858929,99.80258074587799,100.00732421875,28454600
2025-02-03,100.27726233451753,100.57615105622418,99.95968905929026,100.16517639160156,21155000
2025-02-04,99.9223256609795,100.47339879954349,99.88496368320197,100.36131286621094,25086200
2025-02-05,100.91239545419369,101.27666583832547,100.66020387990628,101.06183624267578,30119200
2025-02-06,100.99645923861654,101.14590716008819,100.77229448247817,100.87503814697266,22557700
2025-02-07,100.53877881191724,100.61350276623314,100.31461407503804,100.43603515625,23911000
2025-02-10,100.52943960286711,100.73492692047019,100.36131426356174,100.46405792236328,15302300
2025-02-11,100.15584719340428,100.31463027742015,100.12782036145767,100.23990631103516,19478800
2025-02-12,99.53935996155099,99.8195712015247,99.34321494399653,99.6981430053711,31480600
2025-02-13,100.23989690218097,100.6508715526533,100.2025349224954,100.47340393066406,20735100
2025-02-14,100.99645550208722,101.20194282347383,100.86569213867188,100.86569213867188,14409400
2025-02-18,100.7349389839316,100.83768265503716,100.38001083670213,100.4547348022461,17640000
2025-02-19,100.41737131258456,100.66021350785392,100.3146276430208,100.51077270507812,26007400
2025-02-20,100.66955771929418,100.8283408021912,100.60417603068542,100.75362396240234,23814800
2025-02-21,100.8937061810038,101.41676673138898,100.86568647985375,101.10853576660156,30130700
2025-02-24,101.1645536274518,101.51014649554001,101.04313257296688,101.37004089355469,23399500
2025-02-25,102.005203813704,102.18267142585694,101.86509817916581,102.14530944824219,26835200
2025-02-26,102.18266982675142,102.4068345628633,101.98652479189496,102.3601303100586,22983100
2025-02-27,102.07057895319814,102.22936200333592,101.87443392783942,101.93047332763672,27258200
2025-02-28,102.2854056954405,102.42551131712037,101.94915505383602,102.3788070678711,29596100
2025-03-03,102.13974044768898,102.70228576660156,102.07411027970171,102.70228576660156,42545300
2025-03-04,102.53351802849264,102.71166011556886,102.2428711732854,102.36475372314453,46053300
2025-03-05,102.5053871263089,102.6178918892703,101.94284185204816,102.0365982055664,45483500
2025-03-06,101.90535436317529,102.04598533962407,101.53032173528962,101.71783447265625,40519900
2025-03-07,102.22412063449413,102.22412063449413,101.44592923529643,101.55844116210938,30747100
2025-03-10,102.02723228987867,102.2522489951218,101.77408939062414,101.90534973144531,34294800
2025-03-11,101.83033365699542,101.89596382217155,101.2115288254905,101.23966217041016,42262600
2025-03-12,101.28652780637547,101.31465399565387,100.90212463098607,100.93962860107422,35875600
2025-03-13,100.5927433374907,101.28654904673911,100.48960918640822,101.2584228515625,43907900
2025-03-14,101.25841434956637,101.45530485242341,101.13653179631727,101.21153259277344,31358100
2025-03-17,101.58655757131487,101.78344805941026,101.37091867379903,101.41779327392578,17561400
2025-03-18,101.38968446807637,101.87722903442035,101.27717253280795,101.66158294677734,27948100
2025-03-19,101.68032629042001,102.36476134449875,101.52093975493322,102.26162719726562,27469800
2025-03-20,102.79603825969049,102.80541604137919,102.10223263090896,102.11161041259766,26937300
2025-03-21,102.17725371736445,102.28975849948998,101.90535523864027,101.97098541259766,26447400
2025-03-24,101.85846241863253,101.85846241863253,101.4553036357642,101.53031158447266,25243300
2025-03-25,101.53032684185057,101.83972931190435,101.43657046845168,101.63346099853516,22744000
2025-03-26,101.4646813752772,101.4646813752772,101.1740345155929,101.22090911865234,17115600
2025-03-27,101.04277000127689,101.13653351645748,100.9208874459548,101.09902954101562,22028900
2025-03-28,101.53968601493486,101.7553249189147,101.39904790403632,101.70845031738281,27257000
2025-03-31,101.96160211946808,102.02723228987867,101.53969490299319,101.90534973144531,29834300
2025-04-01,102.1472331289606,102.49547561710737,102.1001779910175,102.26959228515625,22059200
2025-04-02,102.59900026293195,102.59900026293195,101.97781216481897,102.5048828125,24769000
2025-04-03,102.6931092941673,103.09782076047586,102.35428075582989,102.4954605102539,41675700
2025-04-04,102.71193724639114,103.03194519132146,102.11899085230115,102.38252258300781,60793800
2025-04-07,101.43192005728332,101.90251448623755,100.10484750159702,100.38720703125,62583200
2025-04-08,100.55660241370542,100.6224925195535,98.7965840501714,99.11658477783203,56747700
2025-04-09,97.96833329109664,100.81072733004513,97.6671531790922,100.77307891845703,77380700
2025-04-10,99.72838584720732,100.09544898374084,98.88131430878296,99.06014251708984,55825000
2025-04-11,98.38246904058725,99.22954043913586,97.36598336232893,99.04130554199219,41686900
2025-04-14,99.75659988595834,99.85071733074709,99.27659876332542,99.65306854248047,28111900
2025-04-15,99.70014484651996,100.34015361387944,99.65308252717078,100.18955993652344,20502600
2025-04-16,100.2836682460417,100.6224967842195,100.02954325205805,100.61308288574219,24639800
2025-04-17,100.62251751198144,100.70722107362413,100.30250952413755,100.471923828125,11483700
2025-04-21,99.96367507529902,100.12367546952113,99.30484569867762,99.3895492553711,23506700
2025-04-22,99.93542695459233,99.98248926681768,99.59659841253173,99.63424682617188,20939300
2025-04-23,101.2248659514504,101.3378040203251,100.05778658126955,100.07661437988281,31155900
2025-04-24,100.76367997105612,101.15898476103374,100.58485896535572,101.10250854492188,23838700
2025-04-25,101.48840581211357,101.6860546291703,101.31899151453611,101.63899230957031,14575300
2025-04-28,101.54486816351415,101.97781418865422,101.53545426407376,101.87428283691406,18297900
2025-04-29,101.70486188326826,102.11898726308107,101.69545516514586,102.10957336425781,19346200
2025-04-30,101.77075022306701,101.92134388944015,101.46957007102198,101.62957763671875,35129300
2025-05-01,101.82989741117855,101.82989741117855,101.19676247838976,101.2723617553711,28056300
2025-05-02,100.9605328392358,101.14953105545277,100.82823769265629,101.02668762207031,20302100
2025-05-05,100.77153455014445,100.93217761516117,100.45024842011102,100.88493347167969,20005800
2025-05-06,100.601460408171,101.09284862607385,100.51641660673342,101.0833969116211,29906500
2025-05-07,101.2912826538086,101.39522987520456,101.11173614238916,101.2912826538086,19892000
2025-05-08,101.4424509552127,101.51805022804407,100.78097534179688,100.78097534179688,25149700
2025-05-09,101.04559217080913,101.14008768193703,100.71485427708883,100.74320220947266,18254700
2025-05-12,100.72428894042969,100.95108679643218,100.6297934385343,100.72428894042969,28270900
2025-05-13,100.81879314385688,100.94163657718433,100.61089871088369,100.80934143066406,32005700
2025-05-14,100.7148382115339,100.83768163545022,100.26124973711079,100.2990493774414,25340600
2025-05-15,100.53528318211139,101.07391539436466,100.46913561953795,101.01721954345703,30008300
2025-05-16,101.48025687861896,101.4897085906943,101.06446806183058,101.20621490478516,21888400
2025-05-19,100.31794972531192,101.27236357859414,100.22344702261198,101.21566772460938,33615600
2025-05-20,100.9227418143589,101.09283660655622,100.74319530883261,100.96998596191406,23036200
2025-05-21,100.50694996570441,100.67704475286402,99.76042324481193,99.84547424316406,35452800
2025-05-22,99.7320597959696,100.40298712715644,99.59031296046962,100.3557357788086,34010700
2025-05-23,100.55419371031823,100.70538505993585,100.25179659199475,100.43134307861328,21447200
2025-05-27,101.03613392296475,101.42357486594283,100.65814469335187,101.3385238647461,29208400
2025-05-28,101.14006335329415,101.2062109161268,100.79987382742803,101.09281921386719,29079800
2025-05-29,101.4235738020491,101.64091274035391,101.30072315822525,101.54641723632812,31012800
2025-05-30,101.5369655301196,101.83935546875,101.44247002608725,101.83935546875,29890800
2025-06-02,101.47513966849188,101.5605043318561,101.19060767492194,101.55101776123047,24225900
2025-06-03,101.71226725503637,101.87351003329168,101.47515360975207,101.59845733642578,24080000
2025-06-04,102.08215481096482,102.48051119879116,101.97782423750239,102.33824157714844,28006400
2025-06-05,102.3761917319324,102.42361012020193,101.96835596491579,102.02526092529297,29760700
2025-06-06,101.69329168316065,101.81658816198303,101.39927310651234,101.40875244140625,31093100
2025-06-09,101.47515898619571,101.84505571354666,101.427740596307,101.71227264404297,18850000
2025-06-10,102.101124291834,102.13906333865381,101.7312276305073,101.95885467529297,20359000
2025-06-11,102.12960781424732,102.40466056020423,102.01579063918862,102.28135681152344,20584700
2025-06-12,102.65125110980722,102.85042572021484,102.50898146347755,102.85042572021484,26497300
2025-06-13,102.54691662854891,102.61330816283316,101.95887215622089,102.23392486572266,34794500
2025-06-16,102.24340619439374,102.54691136928957,102.03474502987771,102.0537109375,21286000
2025-06-17,102.31928314743483,102.47103936197698,102.10114263419874,102.40464782714844,27241300
2025-06-18,102.64175770066674,102.83144572571567,102.29082689457847,102.48052215576172,29762000
2025-06-20,102.30030608203072,102.72710772564889,102.16752302685468,102.56587219238281,20437500
2025-06-23,102.80299493411616,103.09701354861156,102.72711682839656,102.82196807861328,34072400
2025-06-24,102.69864616707639,103.40050043039756,102.68915959650724,103.30565643310547,38185300
2025-06-25,103.10649494496445,103.23927800524088,102.93577283373274,103.182373046875,30675200
2025-06-26,103.2961938188731,103.57123928470087,103.08753264937538,103.56175994873047,31026000
2025-06-27,103.38155041527743,103.76093369889063,103.2677332593532,103.39103698730469,24704800
2025-06-30,103.7324864382234,104.06444411453698,103.6091827040679,103.96011352539062,40575000
2025-07-01,104.00961187104338,104.1524052097006,103.79066111673282,104.08576202392578,28691300
2025-07-02,103.74306095534203,104.06671905517578,103.6669035449916,104.06671905517578,24284500
2025-07-03,103.90489277180559,104.0286431198422,103.7430637175799,103.8192138671875,17340500
2025-07-07,103.62882744606054,103.62882744606054,103.0862185935154,103.20045471191406,18303300
2025-07-08,102.96246379016357,102.99102100283484,102.81967046403699,102.90534210205078,29374900
2025-07-09,103.14332949039473,103.51458778401778,103.04813635970658,103.49555206298828,33182900
2025-07-10,103.4574806018805,103.60978816909153,103.25757283460746,103.51459503173828,29758900
2025-07-11,103.05765730212853,103.08621451490569,102.81014935344271,102.88630676269531,23776000
2025-07-14,102.82919309058515,102.99102941355571,102.67688552297685,102.85775756835938,18216500
2025-07-15,103.07669009027445,103.07669009027445,102.44840963874229,102.48648834228516,31329400
2025-07-16,102.7244881054323,102.90535289223838,102.18187195670096,102.64833068847656,41794100
2025-07-17,102.84822005827797,103.01004909327459,102.76254116384055,102.89581298828125,19396900
2025-07-18,103.18139764976772,103.21947635070528,102.96245419783868,103.0862045288086,17446200
2025-07-21,103.62882390604106,103.75257424966763,103.45747336568178,103.48603057861328,17147100
2025-07-22,103.53364324801703,103.79066545813417,103.49556453859759,103.73355102539062,19568700
2025-07-23,103.53362997466161,103.64785882550417,103.42891535287573,103.57170867919922,20810400
2025-07-24,103.22901679928982,103.62883233840468,103.20997381393907,103.41940307617188,23064800
2025-07-25,103.46699172252488,103.80017130124745,103.38131282355614,103.75257110595703,26008500
2025-07-28,103.62882312699492,103.70498053608658,103.50507278429866,103.54314422607422,21887900
2025-07-29,103.71448693478074,104.23806000429376,103.69545121533014,104.2285385131836,26131300
2025-07-30,103.8477634353118,104.19046450301155,103.74305607946415,103.83824920654297,23313300
2025-07-31,104.15239267321277,104.23806430843256,103.84776304726681,103.86680603027344,31745000
2025-08-01,104.49191665166173,104.85513144715071,104.30075250507696,104.78822326660156,46073800
2025-08-04,104.93159908655865,105.03674155397562,104.74043494167945,104.96983337402344,31779600
2025-08-05,104.78821556540399,105.07496905665154,104.76910206912811,105.04629516601562,25922900
2025-08-06,104.80736181720614,105.06543418807259,104.40591266588237,105.01764678955078,31825300
2025-08-07,105.05587524661199,105.21836551896041,104.84559028595142,104.9124984741211,29018100
2025-08-08,104.79777992602288,104.79777992602288,104.5588211050875,104.57794189453125,16946300
2025-08-11,104.73087997317961,104.87425673549022,104.61617710484212,104.74044036865234,24444300
2025-08-12,104.55883590611738,104.85514255243928,104.4441330305514,104.83602905273438,26380500
2025-08-13,105.19923992487603,105.44775916635363,105.1896868216061,105.39041137695312,27701400
2025-08-14,105.14189403542836,105.19924182586517,104.90293518534784,105.02719116210938,18817700
2025-08-15,104.98896129699835,105.07499027872564,104.78823672956226,104.89337921142578,20932000
2025-08-18,104.9698498639024,104.98896336441501,104.60663501459604,104.70221710205078,19579900
2025-08-19,104.83602642232215,104.93160850333949,104.76911823636549,104.86470031738281,26744200
2025-08-20,104.82646949364833,105.01764095445138,104.75000090932711,104.9124984741211,25054700
2025-08-21,104.72132468988173,104.73088508582116,104.36767025702231,104.51103973388672,25157900
2025-08-22,104.80734851716349,105.43819606169694,104.72131954282776,105.33305358886719,34562900
2025-08-25,105.11321021177784,105.27570046429774,105.0271812418031,105.05586242675781,18983100
2025-08-26,105.03674214577187,105.15144500881246,104.81690410716665,105.13232421875,23246400
2025-08-27,104.83601422388901,105.19922900647035,104.74998525627177,105.1705551147461,25171700
2025-08-28,105.21835801301296,105.43819606169694,105.14188943414676,105.33305358886719,26892700
2025-08-29,105.13232549385027,105.15144628414464,104.90292705743155,104.95072174072266,32201100
2025-09-02,104.43659493409066,104.63802393734969,104.36945193300433,104.59966278076172,31044800
2025-09-03,104.80109069204634,105.34782864320646,104.78190279591402,105.22312927246094,34520600
2025-09-04,105.58763217062648,105.95212171961217,105.48212068996561,105.9425277709961,43026600
2025-09-05,106.67150903853863,106.76742656595401,106.52762908839645,106.63314056396484,36249000
2025-09-08,106.95927755746291,107.07437567242052,106.87294665320586,107.00723266601562,28998000
2025-09-09,106.8921284915082,106.99763996959729,106.58518800562318,106.81539154052734,24412500
2025-09-10,107.02640838877224,107.41967243353858,106.99763386330618,107.13191986083984,30188100
2025-09-11,107.32375867856683,107.7458045816597,107.30457810026182,107.63069915771484,28405600
2025-09-12,107.40048955974609,107.46763255707745,107.15109814764196,107.43885803222656,26728500
2025-09-15,107.64988985186073,107.83213096362867,107.64988985186073,107.77458190917969,21863600
2025-09-16,107.70742442569968,107.81293589002975,107.58273238514482,107.67864990234375,28232600
2025-09-17,107.8704861680683,108.04314062821219,107.2566052693428,107.48680877685547,34969800
2025-09-18,107.16070098481434,107.31416756942923,106.96885860649766,107.2662124633789,37159300
2025-09-19,107.17987060546875,107.27578812580117,107.00721614165529,107.17987060546875,26845400
2025-09-22,107.08396632204894,107.14151537775463,106.8825373090404,106.9400863647461,25908600
2025-09-23,107.09355873320645,107.18947626401845,106.94008482947643,107.15110778808594,31575400
2025-09-24,106.94008438061826,106.96885890793723,106.63314389248507,106.71947479248047,34756700
2025-09-25,106.47007698640421,106.54681393335417,106.16313651664241,106.52762603759766,36991200
2025-09-26,106.61396736163401,106.84417090696486,106.46049345272094,106.67151641845703,31962100
2025-09-29,106.91130753904444,107.14151107065162,106.87293906410352,107.02641296386719,31961900
2025-09-30,107.0935529107902,107.29498190995575,106.83456754183584,106.9208984375,34939700
2025-10-01,107.28287705632808,107.35026550292969,107.08071171652321,107.35026550292969,30262700
2025-10-02,107.33100827432413,107.56206067423673,107.25399815247647,107.52355194091797,18259400
2025-10-03,107.5235555853123,107.60056570977014,107.321390237129,107.38877868652344,19971200
2025-10-06,107.09033621951072,107.31175960407245,107.01332609621056,107.04220581054688,19553600
2025-10-07,107.18661035954645,107.33101628407087,107.02295373932095,107.24437713623047,29459500
2025-10-08,107.4465385006195,107.45616752050749,107.09996723255341,107.1095962524414,22462100
2025-10-09,107.02295214241951,107.06146087803747,106.81115776891595,106.8978042602539,29660700
2025-10-10,107.32139088121487,107.38877933101372,107.12884720693943,107.19623565673828,39146400
2025-10-13,107.24437357008011,107.62945357441022,107.17698512018161,107.56206512451172,11235900
2025-10-14,107.35989302485939,107.94713838213868,107.32139163452422,107.91825866699219,43975300
2025-10-15,108.07229360749373,108.30333867345585,107.73535135613436,107.91825866699219,45017200
2025-10-16,107.87012542220761,108.24557639882677,107.80273697370649,108.226318359375,39858400
2025-10-17,108.10117285704399,108.13005257206609,107.9278872221212,108.0145263671875,35433500
2025-10-20,108.2648175605272,108.36108571493932,108.22630882980448,108.34183502197266,26361100
2025-10-21,108.61140235171591,108.67879080269637,108.35147756787421,108.36109924316406,27353800
2025-10-22,108.351476378725,108.47662425923228,108.21669947824324,108.46699523925781,41003600
2025-10-23,108.32259296456472,108.48625693047826,108.26483353235433,108.33222198486328,27558500
2025-10-24,108.5728961509988,108.58252517130376,108.35148009751808,108.51513671875,29474600
2025-10-27,108.50550015448222,108.7172945177232,108.35147256426418,108.69804382324219,23513400
2025-10-28,108.64026841783765,108.71728587922195,108.49586251393941,108.70765686035156,34236300
2025-10-29,108.64991075125779,108.67879046661864,108.00490595889792,108.09154510498047,36236000
2025-10-30,107.45616421704756,107.8316151884452,107.35988871070772,107.51392364501953,46045200
2025-10-31,107.61018224924581,107.61018224924581,107.04219500519373,107.08070373535156,57255300
2025-11-03,106.85075458042974,106.8797464198103,106.66718382627407,106.79278564453125,53372100
2025-11-04,106.7251586471841,107.20825279679372,106.71549470019103,106.9377212524414,62636700
2025-11-05,106.90873302433938,106.97636590804971,106.59955307431623,106.6188735961914,43258300
2025-11-06,107.0536584381842,107.17926025390625,106.98602555719062,107.17926025390625,37814800
2025-11-07,106.90872113286744,107.09229187027319,106.85074483082768,106.96669006347656,42671600
2025-11-10,107.02467346191406,107.15028265712147,106.96670452346858,107.02467346191406,45229000
2025-11-11,107.29521229110627,107.52709541613925,107.22757940582866,107.44979858398438,11282600
2025-11-12,107.38215427133956,107.43046662915297,107.24688851517902,107.343505859375,39067900
2025-11-13,107.04399401018034,107.15993925054663,106.8121109008789,106.8121109008789,34125900
2025-11-14,106.89906777298214,106.98602854893775,106.51259099731229,106.52225494384766,31437600
2025-11-17,106.5802179509749,106.8410928928975,106.5222490178503,106.58988189697266,34343300
2025-11-18,106.77346461661486,106.84109749865276,106.53191755627503,106.63819885253906,30566000
2025-11-19,106.86042026300527,106.92805314646276,106.58988872917533,106.64785766601562,29144800
2025-11-20,106.92805140924861,107.06331717396597,106.69616829422331,106.79278564453125,49362200
2025-11-21,107.15027329038615,107.20824222376417,106.87007782667403,107.16959381103516,41000500
2025-11-24,107.42081237867811,107.5947265625,107.3338516010514,107.5947265625,28437900
2025-11-25,107.66235060137895,108.11646023135141,107.63336613502851,107.89423370361328,47560900
2025-11-26,107.89423445256533,108.27104726059838,107.76863264036464,108.26139068603516,24585400
2025-11-28,108.19376506963926,108.23240611334796,107.90390564180375,108.07781982421875,25471200
2025-12-01,107.42127232152006,107.53764722547044,107.31460457466697,107.49885559082031,24610100
2025-12-02,107.48915104811783,107.69280897065309,107.40187542310056,107.56673431396484,34955000
2025-12-03,107.64432993299008,107.90616423683728,107.595838536584,107.80918884277344,20997800
2025-12-04,107.6831178883984,107.70251000704879,107.50855922555277,107.615234375,29846500
2025-12-05,107.66371168708423,107.67341144518127,107.35338601670725,107.50855255126953,25470000
2025-12-08,107.52794937395016,107.53764913247164,107.07216430591117,107.28550720214844,28815200
2025-12-09,107.50855155586267,107.52794367312961,107.0624588712478,107.14973449707031,29239900
2025-12-10,107.12064927265621,107.70250901050849,107.09155739557579,107.64432525634766,34019300
2025-12-11,107.82857593922148,107.94494343919348,107.44066700890404,107.48915100097656,41927200
2025-12-12,106.96549880921123,107.07217396632842,106.77154061502154,106.83942413330078,39040100
2025-12-15,107.18852726443414,107.26611053181782,106.88790135175697,106.96548461914062,22151200
2025-12-16,106.84912204396807,107.24672338736752,106.79093828609216,107.20793914794922,31692600
2025-12-17,107.091552734375,107.23701951219357,107.01396946637207,107.091552734375,22248000
2025-12-18,107.49885559082031,107.58613861847003,107.29520505796802,107.49885559082031,31844300
2025-12-19,107.368399907781,107.42681341826241,107.19315194837257,107.22235870361328,28594900
2025-12-22,107.27103242510779,107.30023917785562,107.1055225408944,107.202880859375,17335000
2025-12-23,107.00816926988948,107.35865774735919,106.9497483336746,107.30998229980469,16137300
2025-12-24,107.51442968357388,107.72862243652344,107.42680199920206,107.72862243652344,6400600
2025-12-26,107.82599134549172,107.8746742224767,107.55338506148979,107.7188949584961,10589300
2025-12-29,107.76757850200532,107.86493682861328,107.67021274743318,107.86493682861328,18943900
2025-12-30,107.65074510835348,107.83573113029652,107.56312484193683,107.73837280273438,21486400
2025-12-31,107.61180441893319,107.70916275022928,107.2807846069336,107.2807846069336,19124600
2026-01-02,107.40734349075657,107.4852331224802,107.134737207688,107.25157165527344,25676200
2026-01-05,107.38787297989583,107.59232768873807,107.26130047349541,107.55338287353516,27771000
2026-01-06,107.39760361272357,107.56312093432689,107.22235565829251,107.55338287353516,31037300
2026-01-07,107.82599565148678,107.87467853041589,107.6118028689418,107.63127899169922,28107400
2026-01-08,107.29050769927444,107.47549371530992,107.28077706640396,107.32945251464844,26395600
2026-01-09,107.40734385849902,107.75783977449125,107.3099855324932,107.7188949584961,29660300
2026-01-12,107.45601254982104,107.72861879783521,107.40732967926286,107.59231567382812,28990100
2026-01-13,107.78705158110542,107.86494121674615,107.61180361489603,107.82599639892578,31139200
2026-01-14,107.87467126465017,108.10833272625015,107.84545708248173,108.09859466552734,27251900
2026-01-15,108.24463987995051,108.26410857415442,107.91361265477049,107.96229553222656,34534800
2026-01-16,107.8941487486965,107.94283162831302,107.63128051147508,107.65074920654297,38762100
2026-01-20,106.94974547051144,107.24182785987473,106.91080065673209,106.99842834472656,43500200
2026-01-21,107.22235897828753,107.7383722247306,107.1250006512477,107.64100646972656,38616500
2026-01-22,107.66048039516298,107.94282473739234,107.5631220701097,107.845458984375,36342900
2026-01-23,107.83572253726312,107.93308085706713,107.59232302377126,107.91360473632812,30615300
2026-01-26,108.11807040628464,108.18622197517651,107.96229114712388,108.00123596191406,23629800
2026-01-27,107.91360616759471,108.06938542371817,107.81624784649942,107.8843994140625,27166000
2026-01-28,107.78703594079572,107.81624269293185,107.54363643571001,107.72862243652344,31045900
2026-01-29,107.51444348125617,107.78704977346246,107.40734709103735,107.75784301757812,45815500
2026-01-30,107.67995596312707,107.81625911249587,107.60206632692645,107.65074920654297,39631400
2026-02-02,107.639015769279,107.80513865020836,107.52174861219535,107.55106353759766,35480300
2026-02-03,107.53151820529638,107.62923710434208,107.39471025553756,107.59992218017578,32761700
2026-02-04,107.46311950683594,107.54129761210068,107.32631155035988,107.46311950683594,31344400
2026-02-05,107.67809488729266,108.02011474455566,107.60969091584006,107.98102569580078,23929700
2026-02-06,107.95172044619443,108.07875427442544,107.79536423716452,108.03966522216797,29022200
2026-02-09,107.85400154328794,108.0885284013584,107.77582343877299,108.03966522216797,27356900
2026-02-10,108.37191742262969,108.50872537651108,108.24487614011531,108.29373931884766,34509800
2026-02-11,108.10805629669554,108.38167962984002,108.07874137486985,108.17646026611328,29955300
2026-02-12,108.45985591737724,108.75302006184694,108.44031512030041,108.68461608886719,39724200
2026-02-13,109.00710675617984,109.05596248180763,108.8800654675033,109.04618835449219,33609900
2026-02-17,109.02664506374423,109.1927679469367,108.94846695795677,109.15367889404297,33132600
2026-02-18,109.02664755533601,109.18300377048416,108.96801770239281,109.04618835449219,40087000
2026-02-19,108.87029061136901,109.1341323852539,108.86051648478835,109.1341323852539,30394400
2026-02-20,109.07551073643849,109.14391471669713,108.86052466834714,109.04618835449219,44837400
2026-02-23,109.07550737173555,109.28071930618121,109.03641831915432,109.1634521484375,33323600
2026-02-24,109.08526920782472,109.19276223378964,108.92892045990475,109.1341323852539,37797100
2026-02-25,109.05595707278593,109.22207995153535,109.0266421477683,109.10482025146484,33682200
2026-02-26,109.09503967436325,109.19275857046912,108.99732077825739,109.1732177734375,33031800
2026-02-27,109.1536731829411,109.3784333614516,109.11459158756671,109.1341323852539,48343700
2026-03-02,108.68599532256393,108.82328152537508,108.52910856112572,108.76444244384766,54854600
2026-03-03,108.02903004422713,108.97037316542689,108.02903004422713,108.7154312133789,78775000
2026-03-04,108.7742682541385,109.00960217591141,108.67621307682732,108.81349182128906,49023300
2026-03-05,108.27417136811079,108.45067367033955,108.14670039249616,108.38203430175781,47318400
2026-03-06,107.82311587050391,108.37223084094937,107.6368057993326,108.01923370361328,58242900
2026-03-09,107.70543847505527,108.71542842023842,107.70543847505527,108.66639709472656,44312100
2026-03-10,108.2545696777544,108.5487352113085,107.91137281470937,107.92117309570312,71501200
2026-03-11,107.50934126630794,107.62701197323062,106.89158688750827,107.0386734008789,66523500
2026-03-12,106.8425415507414,106.86215707322268,106.24439529427038,106.46012115478516,72750200
2026-03-13,106.67585567841154,106.8719660323711,105.92081510529322,106.06790161132812,54605100
2026-03-16,106.78370740100794,106.91117836957925,106.45031085693965,106.57778930664062,65430000
2026-03-17,106.8915762314187,107.20535727080063,106.87196070832165,107.17594146728516,53953900
2026-03-18,107.00924069627116,107.19555076222038,106.59740447998047,106.59740447998047,60360000
2026-03-19,106.20517362991025,107.22496386440909,106.20517362991025,107.06807708740234,60271200
2026-03-20,106.57779981284239,106.6856627511624,105.65606469670062,105.75411987304688,66608900
2026-03-23,106.09732038031365,106.79352936291995,105.9502413513003,106.45032501220703,54512800
2026-03-24,105.96984652625332,106.51896150272073,105.85217582509725,106.2345962524414,46515300
2026-03-25,106.8817693683152,106.93080069533988,106.5777960879266,106.61701965332031,48616300
2026-03-26,106.17575935883629,106.46993235652239,105.74430762386469,105.78353118896484,42072700
2026-03-27,105.38150084510848,105.77372900793213,105.27363791330373,105.5285873413086,42578500
2026-03-30,106.33265576656129,106.47973478724441,106.09731437120779,106.2051773071289,42677000
2026-03-31,106.60721378128902,107.07788161209582,106.48954308302217,106.87196350097656,57883800
2026-04-01,106.81879617158798,107.27170933787914,106.81879617158798,106.9861831665039,37445300
2026-04-02,106.74002485920975,107.56708165248821,106.70064012926281,107.4390869140625,27148600
2026-04-06,107.19294367523624,107.57693542276354,107.19294367523624,107.2717056274414,29080500
2026-04-07,107.1830978469459,107.4686315262624,106.60218242713101,107.38986206054688,41258900
2026-04-08,108.28583251952554,108.30552112723556,107.60645911956583,107.80337524414062,63694700
2026-04-09,107.62614772727585,108.09875694287145,107.47846438977908,107.80337524414062,39122000
2026-04-10,107.78369784207297,107.86246730483954,107.46862750287609,107.51785278320312,22857000
2026-04-13,107.45877958960156,107.99046219620179,107.4292429189909,107.93138885498047,19904200
2026-04-14,108.02985351089396,108.384308603561,107.98062071562968,108.28585052490234,29507800
2026-04-15,108.15784243660872,108.26614857086085,108.06923242414942,108.2464599609375,30074300
2026-04-16,108.31538345417741,108.32522400339428,107.72462749077084,107.74431610107422,25833300
2026-04-17,108.43352730921988,108.59106623501309,108.27599589529612,108.34491729736328,44767700
2026-04-20,108.34491580971765,108.4236852715327,108.10861493614185,108.33506774902344,19935900
2026-04-21,108.24645770261834,108.335067713229,107.89200263643707,107.92153930664062,26008100
2026-04-22,108.26614633005097,108.4138371929625,108.08891879693101,108.12830352783203,17815000
2026-04-23,108.10861701080351,108.25630036470419,107.57693440115267,107.83292388916016,25668600
2026-04-24,107.8132316883565,108.03969200991065,107.63600415770908,107.91168975830078,23212600
2026-04-27,107.83292101186852,107.90184241247297,107.51785067883829,107.6064682006836,21833200
2026-04-28,107.38986312400844,107.65570068359375,107.27170892426508,107.65570068359375,25603500
2026-04-29,107.36032176681785,107.36032176681785,106.89756056118858,107.05509948730469,21800900
2026-04-30,107.21263302332409,107.38986056277737,107.06494215513474,107.17324829101562,45530700
2026-05-01,107.29681131969572,107.75149979124151,107.20784643324413,107.34622955322266,34755500
2026-05-04,107.20784169961118,107.21772836240581,106.67407502841277,107.0002670288086,21983900
2026-05-05,107.21773054364364,107.53403588767975,107.15842564829758,107.3956527709961,33609700
2026-05-06,107.91953380810239,108.05791692609145,107.84045558601882,107.9294204711914,28417400
2026-05-07,108.1073430857162,108.1271088706504,107.4253066151135,107.48461151123047,24184900
2026-05-08,107.88988230386063,108.02826542306013,107.83056986612199,107.93930053710938,17503300
2026-05-11,107.78115499078112,107.91953811429194,107.63288520378678,107.67242431640625,23050600
2026-05-12,107.35611217434761,107.40553794732804,107.19795573386158,107.30668640136719,26579400
2026-05-13,107.27704005568567,107.37588406595431,107.04969958619927,107.36600494384766,19083000
2026-05-14,107.63288510984394,107.6823108859038,107.27704063789396,107.29681396484375,18038000
2026-05-15,106.62465564462136,106.70372632218145,106.44673342281162,106.6147689819336,49718000
2026-05-18,106.71361575674365,106.86188553565539,106.25892729837805,106.41708374023438,31145200
2026-05-19,105.98216004458912,106.1600822693049,105.69550715247405,105.88331604003906,36965500
2026-05-20,105.93273393131477,106.83223171485292,105.93273393131477,106.70372772216797,34281700
2026-05-21,106.40720260378673,106.93108264734478,106.21939370465662,106.92119598388672,25440400
2026-05-22,107.27703775976269,107.27703775976269,106.85200173752096,107.11888885498047,19668800
2026-05-26,107.71196356293322,107.74161601210604,107.4253106520717,107.52415466308594,23730300
2026-05-27,107.65265853075384,107.81080743991707,107.56369364203138,107.67242431640625,16208400
2026-05-28,107.73172433742515,108.14688123047716,107.6131145462511,107.99861145019531,24176800
2026-05-29,108.12711033420203,108.33468501473544,108.02826632556437,108.09745788574219,26551200
2026-06-01,107.71346414042497,108.11034651867502,107.58448058470195,108.08058166503906,19298000
2026-06-02,108.20957115667056,108.28894915065526,108.04089859687973,108.07066345214844,14394700
2026-06-03,107.74323020064062,107.85237304512917,107.62417078476352,107.77300262451172,24018700
2026-06-04,108.0309702984594,108.12027243073163,107.95159987743078,108.00120544433594,17881600
2026-06-05,107.56464154094472,107.62417124914013,107.29674271426167,107.32650756835938,30790300
2026-06-08,107.584486624815,107.64401633542907,107.18760422428281,107.21736907958984,21944000
2026-06-09,107.4753417257431,107.60432528624779,107.20745046318662,107.56464385986328,37925400
2026-06-10,107.50511026130116,107.66386625188282,107.23721898957245,107.31659698486328,20870100
2026-06-11,107.58448296089163,108.29886974353983,107.40588626522958,108.22941589355469,34849400
2026-06-12,108.03096676222704,108.2194875920405,107.79284036713221,108.15995788574219,23423000
2026-06-15,108.42785337209108,108.48738308071621,108.1301972590635,108.1401138305664,27040500
2026-06-16,108.25917986258898,108.47746555215784,108.19965015448905,108.26910400390625,24297100
2026-06-17,108.22941705105823,108.45761931634918,107.86229951440943,107.92182922363281,31079300
2026-06-18,108.58660757822206,108.60644829080515,108.17980105620154,108.21949005126953,41725500
2026-06-22,107.88214949741746,107.96151992099868,107.74323422387059,107.93175506591797,22557300
2026-06-23,107.9317464882287,108.26909914877126,107.87221678279828,108.06073760986328,27509300
2026-06-24,108.53699833545545,108.75528403120903,108.45762034247196,108.55684661865234,31462200
2026-06-25,108.72551904513382,108.85450260614982,108.56676305935838,108.6461410522461,33772500
2026-06-26,108.43777949834237,108.79497289643506,108.40801464348498,108.6461410522461,26033500
2026-06-29,108.76521117872893,108.88427060159253,108.68583318355168,108.8445816040039,43883300
2026-06-30,108.64613728587314,108.70566699352422,108.19964933868643,108.21949005126953,32665400
2026-07-01,107.87298432665278,108.19161222250578,107.79333494919669,107.99246978759766,25563100
