date,open,high,low,close,volume
2007-07-02,106.38857047467478,107.1289981759138,106.31806021169804,107.03732299804688,103357000
2007-07-03,107.31229583340495,107.53795441073568,107.17832315810716,107.42512512207031,54048400
2007-07-05,107.4674086643507,107.5802379270302,106.9244380126882,107.31227111816406,89279000
2007-07-06,107.45336342106353,108.0104406815631,107.13602962609987,107.87645721435547,81109000
2007-07-09,108.0033983933783,108.14442966500268,107.62260212399656,107.96109008789062,72348100
2007-07-10,107.38991910309105,107.61557779489806,106.31807259700368,106.42384338378906,180362600
2007-07-11,106.30394127058051,107.220660660734,106.14175584893675,107.17835235595703,175607600
2007-07-12,107.44628725378337,109.12458807742914,107.42513310558564,108.8707275390625,133882500
2007-07-13,108.99765300555737,109.62525111677812,108.87071736823552,109.19509887695312,111794300
2007-07-16,109.29386723623485,109.67465278647254,109.00474610438917,109.18103790283203,98378700
2007-07-17,109.25151290180635,109.63935688519113,109.07522116026726,109.12458801269531,126201300
2007-07-18,108.75788010608403,109.15983037480146,108.10208010132469,108.9271240234375,237887400
2007-07-19,109.44188409283429,109.67459042566209,109.12456118806597,109.3502197265625,145212700
2007-07-20,109.22333063283655,109.2938516461533,107.77068814247731,108.24314880371094,245502500
2007-07-23,108.72267931373126,109.10347564688246,108.10213946266705,108.57460021972656,121183900
2007-07-24,107.97513995966582,108.7931360526916,106.31094583523038,106.69174194335938,256732400
2007-07-25,107.1995291771289,107.46043761842355,105.95138012228972,106.91040802001953,265214500
2007-07-26,105.90907987253406,106.33923236147368,103.22944194602493,104.37886810302734,467592500
2007-07-27,104.5128119893206,104.97821405926662,102.28448155505241,102.32678985595703,422987600
2007-07-30,102.9050275005846,104.23074506295627,102.45372099679786,103.92752838134766,283017500
2007-07-31,104.59742916849999,105.39427137325276,102.2774235628021,102.75694274902344,316976700
2007-08-01,102.37612499644241,103.66658170984205,101.50877272546633,103.25758361816406,467670000
2007-08-02,103.49033872755274,104.19550595705091,102.43258788330547,104.08268737792969,294758400
2007-08-03,103.85704012899673,104.0685924731268,100.97995622482581,101.40306091308594,359398200
2007-08-06,101.69218156738232,103.53971645926624,100.50749490235812,103.1025161743164,324980000
2007-08-07,102.91211068919714,105.06992076313561,102.41143720485272,104.20256805419922,232568700
2007-08-08,104.65382327956092,106.19108197245453,103.89928952406305,105.65515899658203,274930600
2007-08-09,103.9627669202769,105.03462378622139,102.45370995216852,102.52423095703125,357622100
2007-08-10,101.8190725135889,103.30697545740252,100.92350732447001,102.04473114013672,411018400
2007-08-13,103.3069957236935,103.58201050375258,102.26335127116134,102.41143035888672,181917200
2007-08-14,102.74285633753081,102.99671695362892,100.64146114649478,100.84595489501953,264134500
2007-08-15,100.64145055834481,101.86844520039725,99.1605953269021,99.4567642211914,323834000
2007-08-16,98.57530903074674,100.7965919611721,96.6078974592238,100.20425415039062,546743700
2007-08-17,102.6018083894339,102.82040845890488,99.70357130968306,102.04473114013672,388218100
2007-08-20,102.3691143172314,102.58066661514611,101.04339662629631,101.99537658691406,187320400
2007-08-21,101.96714872776433,102.93322403878862,101.64276718537984,102.19984436035156,157066400
2007-08-22,102.96143613735187,103.51852412725742,102.48192771261837,103.4127426147461,173156700
2007-08-23,103.89936050897298,104.11796067795473,102.67942393884874,103.32112884521484,203915300
2007-08-24,103.29287912069503,104.59744262695312,103.15184784542306,104.59744262695312,128901900
2007-08-27,104.25895491048186,104.59743208903322,103.4691604805347,103.62429809570312,113024300
2007-08-28,103.06721261710153,103.13067506551236,101.16326384481408,101.34660339355469,219790700
2007-08-29,101.80494832355309,103.47620129863789,101.51583805393369,103.33515930175781,207654200
2007-08-30,102.56653541093387,103.79352983358304,102.46781246382378,103.06015014648438,191817300
2007-08-31,104.11791560322692,104.71731192836401,103.53968418979673,104.07560729980469,185477500
2007-09-04,103.9768638050476,105.76093531367047,103.94160330582709,105.12628936767578,120062000
2007-09-05,104.5057271368969,104.6185564175827,103.65952905173833,104.21660614013672,166261800
2007-09-06,104.32943948635425,104.7948522173251,103.74414967498049,104.45637512207031,127878400
2007-09-07,103.29287926962402,103.58200037834621,102.43257450122901,103.00376892089844,235447600
2007-09-10,103.32110765540064,103.46213895227159,101.77678966866785,102.80632781982422,192305900
2007-09-11,103.12360732717978,104.15314493562545,103.04603854079065,104.00506591796875,162081900
2007-09-12,103.86405022004962,104.67499878479562,103.64545015581223,104.2730484008789,149554600
2007-09-13,104.75257100253104,105.38721706518024,104.50575822261433,105.00643157958984,154079000
2007-09-14,104.3365415322665,105.13337313532226,104.18140389061018,104.9993896484375,121911000
2007-09-17,104.58333603070373,104.82309027411391,104.10382754388341,104.43525695800781,109870800
2007-09-18,104.95000597012074,107.53796757062094,104.45639122179549,107.509765625,263759500
2007-09-19,108.17969257655972,108.87075335487128,107.6860777349086,108.1444320678711,193779900
2007-09-20,108.13031072479244,108.1937731756377,107.26295828325529,107.3828353881836,175186800
2007-09-21,108.19691804502659,108.48739987151605,107.50966024942818,107.67261505126953,141457500
2007-09-24,107.99140050443803,108.27481179830706,107.24037949499711,107.47418975830078,139450200
2007-09-25,106.85074975677858,107.45298960114431,106.60985814344866,107.26168823242188,142289900
2007-09-26,107.87097732296738,108.23940667654688,107.26165642748644,107.8284683227539,135547000
2007-09-27,108.33858324615684,108.47320226925719,107.828453690743,108.46611022949219,102713300
2007-09-28,108.29614454986695,108.53703621544982,107.67973129717245,108.10484313964844,133372100
2007-10-01,108.11895681796108,109.64225359355353,108.04810127959233,109.32342529296875,148162300
2007-10-02,109.54304322805285,109.57137895183776,108.97623145303619,109.17461395263672,112978800
2007-10-03,108.97627922415299,109.40139094452738,108.40946720066718,108.95502471923828,119055900
2007-10-04,109.18882454374493,109.2950970580594,108.82039514238964,109.12506103515625,76864400
2007-10-05,109.84068361147047,110.59879711780407,109.55728295755698,110.42166900634766,134579700
2007-10-08,110.09574140434759,110.16659696876461,109.65646717587764,109.8335952758789,71280400
2007-10-09,110.24455829297527,110.8822152704325,109.84070094582033,110.8680419921875,94054300
2007-10-10,110.55623903760606,110.8396504045019,110.10988370268221,110.68377685546875,101711100
2007-10-11,111.18681895637317,111.60484938805564,109.493475160763,110.15239715576172,233529100
2007-10-12,110.14531656644516,110.77589202175952,110.01069751232657,110.76171875,124546700
2007-10-15,110.71924783808458,110.7830113663818,109.06841246889917,109.8265151977539,161151900
2007-10-16,109.40139094452738,109.47932773289467,108.73538762775956,108.95502471923828,166525700
2007-10-17,109.80522053568461,109.88315731211831,108.02685876020095,109.28800964355469,216687300
2007-10-18,108.72123424645906,109.24553735604526,108.45908809718702,108.89128112792969,148367500
2007-10-19,108.46614044281306,110.86799659732687,106.03594855445499,106.04302978515625,297169900
2007-10-22,105.4691058663809,106.81527445829379,105.32740561634313,106.6594009399414,261989800
2007-10-23,107.31125109310288,107.65841511491307,106.45394666592532,107.52379608154297,180085100
2007-10-24,107.13416414895633,107.50967485392827,105.454982419039,107.32545471191406,326694200
2007-10-25,107.44590916345261,107.8993567008905,106.19184990570471,107.58052825927734,237374500
2007-10-26,108.44487157023276,108.84163665771484,107.62299485414113,108.84163665771484,176484000
2007-10-29,109.06127658359217,109.42262472076982,108.79204930199408,109.20298767089844,106841000
2007-10-30,108.72123519939475,108.93379110033557,108.3102966738538,108.44491577148438,132981600
2007-10-31,109.0967624143786,110.01074968313321,108.28905851766542,109.57146453857422,220954400
2007-11-01,108.60788735199367,108.69291621210199,106.69490557073644,107.00665283203125,333040800
2007-11-02,107.36086265190653,107.69386428134382,105.7171198188264,107.1270523071289,331228200
2007-11-05,106.02183174488108,107.09877399216568,105.54712957014817,106.31232452392578,226841000
2007-11-06,106.88618731572353,107.77182786725542,106.2060106152886,107.74349212646484,177800500
2007-11-07,106.58857065944312,107.07744577767946,104.54097095756684,104.79603576660156,306639700
2007-11-08,104.85271480719172,105.14319656631015,102.78386066920004,104.2646484375,374509900
2007-11-09,103.22318775999531,104.53392939716622,102.65637559830715,102.83350372314453,277745100
2007-11-12,102.88306996466184,103.87498280360221,101.8132095336914,101.8132095336914,243087800
2007-11-13,102.99645326328299,105.0794816337946,102.89018071827411,104.9165267944336,191117400
2007-11-14,105.72423411408175,105.8517611723678,103.99546191703143,104.62603759765625,230558800
2007-11-15,103.84668303865206,104.49851324587357,102.39423024131234,103.11690521240234,263111100
2007-11-16,103.66245109426075,103.77581567682574,102.42964639475171,103.29402160644531,308770600
2007-11-19,102.93268533273688,102.98936762466411,101.45189694340407,101.85574340820312,267746000
2007-11-20,102.0399585609714,103.10980838970312,100.68669728648739,102.47923278808594,414767500
2007-11-21,101.37395046987372,101.96201703008101,100.37494544068876,100.38202667236328,259012400
2007-11-23,101.36687560944007,102.2666785854929,101.10471866643509,102.1178970336914,77688400
2007-11-26,102.33042692077983,102.64926610654676,99.65934331751671,99.86480712890625,214232000
2007-11-27,100.42453725367683,101.48021366118779,99.86480648271917,101.01260375976562,293897900
2007-11-28,102.16036555640835,104.48428447342002,102.12493778776961,104.24339294433594,258596900
2007-11-29,103.88205113682845,104.66141884997631,103.51363259155653,104.27881622314453,199409900
2007-11-30,105.59671156331115,106.18477830981614,104.38516108966782,105.32748413085938,222908000
2007-12-03,104.99441236882487,105.1786216273081,104.3567449767762,104.63306427001953,146430400
2007-12-04,103.91046244029671,104.53394618836485,103.66247870127386,103.69790649414062,136533900
2007-12-05,104.81025944523243,105.71007343755055,104.73941467475436,105.43375396728516,171130000
2007-12-06,105.30620154891935,107.13416483958761,105.26369253465471,106.94286346435547,154457400
2007-12-07,107.28292243461651,107.33960471132669,106.66652024333142,106.92158508300781,148980100
2007-12-10,107.18376009547322,107.87101802098285,106.88618617067138,107.75057220458984,123914300
2007-12-11,107.79303916448136,108.32442328238389,104.73935349670079,104.79603576660156,250346400
2007-12-12,107.0278160314369,107.5308642849852,104.29295940570647,105.83042907714844,322435600
2007-12-13,105.0865932191874,105.84469607365786,104.36390734561118,105.61088562011719,237551300
2007-12-14,104.81020917818331,105.63917800244933,104.22215353996731,104.27174377441406,159152900
2007-12-17,103.87498630068104,104.059195602389,102.63508980474339,102.78388214111328,177269400
2007-12-18,103.5136540314573,103.78288136091297,101.99743810268693,103.35778045654297,245569300
2007-12-19,103.40028946587596,104.07337400607514,102.69177714755261,103.35778045654297,198917200
2007-12-20,104.03794877367805,104.05212204748254,102.86181570183264,104.00961303710938,214813800
2007-12-21,104.96761511945141,105.71550356257391,104.7681796504078,105.50894927978516,146084400
2007-12-24,106.00043401817207,106.47052576495247,105.75825302740824,106.2924575805664,45601400
2007-12-26,105.87931103297203,106.61295089570017,105.77247449700839,106.5203628540039,67093100
2007-12-27,106.1428850923135,106.15000390697077,104.9320236269988,105.18131256103516,122981700
2007-12-28,105.80094310566362,105.85080739313791,104.63281674266267,104.91773223876953,116398100
2007-12-31,104.77534853631269,105.13860380475734,104.03457862976182,104.14142608642578,108126800
2008-01-02,104.36930822572549,104.6969584195798,102.48179009235643,103.22966766357422,204935600
2008-01-03,103.21542537409938,103.62854478750893,102.61711899678241,103.1798095703125,125133300
2008-01-04,102.09714223032779,102.1683738309654,100.3663251926807,100.65122985839844,232330900
2008-01-07,101.00740920858247,101.30656249571221,99.78942874444142,100.56580352783203,234991000
2008-01-08,101.19965930346841,101.78371699338669,98.6069883198681,98.94175720214844,326365700
2008-01-09,99.070004182866,100.28086556188333,98.07994559510013,99.9817123413086,301824900
2008-01-10,99.49024914348024,101.71254743896098,99.26944633738366,100.63700866699219,335701200
2008-01-11,100.27374747535883,101.07148940268019,99.00590296868654,99.82501220703125,267076600
2008-01-14,100.54439832343061,101.04298694742724,100.00306421587698,100.62986755371094,170365500
2008-01-15,99.56859693544537,100.77946923215377,98.22240195387074,98.41471862792969,239940100
2008-01-16,97.8377675986192,99.09136349822263,97.06851186417471,97.56710052490234,378802600
2008-01-17,98.1582701696476,98.20813446081846,94.68237693836991,95.03851318359375,397892600
2008-01-18,95.97164867863351,96.17108420914855,93.37897591351697,94.06275177001953,348561500
2008-01-22,90.60820541123242,94.32626417210491,89.74635613537086,93.10828399658203,435923700
2008-01-23,90.52274368064197,95.5798846922034,90.34467548824078,95.34483337402344,511913000
2008-01-24,95.78642271422943,96.48445773492651,94.95306501980679,96.14968872070312,259949300
2008-01-25,97.23232898590096,97.41039713640008,94.44735137209219,94.7607421875,269603900
2008-01-28,94.9174285389682,96.52717132951797,94.06270372074141,96.3277359008789,217934600
2008-01-29,96.94033387814841,97.18962284082694,96.07136017966997,96.80500030517578,168968300
2008-01-30,96.56991847175543,98.67823923907757,95.87189438093823,96.09269714355469,334939200
2008-01-31,95.01716359595645,98.67824444479308,94.87471124498734,97.84488677978516,343680800
2008-02-01,98.25091746961303,99.44041181039461,97.95176418047224,99.4190444946289,206843600
2008-02-04,99.15543282975179,99.21953472908565,98.03716008877876,98.16537475585938,124694300
2008-02-05,96.82633626464903,97.04713902550344,95.20947446488385,95.53712463378906,286882500
2008-02-06,95.85767507807417,96.3348965516055,94.31204440064334,94.76789855957031,250792900
2008-02-07,93.8775052281752,96.0071927650526,93.8276409429462,95.39463806152344,297368100
2008-02-08,94.79634211658266,95.60121349994752,94.09119931447734,94.7821044921875,221643500
2008-02-11,94.80349896372444,95.60835970931156,94.04848078621865,95.26647186279297,188576300
2008-02-12,96.09270560462062,97.08988296501916,95.43028639002738,96.14968872070312,256654400
2008-02-13,96.87618794743172,97.62407631663795,96.25651429189188,97.13260650634766,181967800
2008-02-14,97.54576843694156,97.58138425451439,96.00725641253679,96.27792358398438,215207200
2008-02-15,95.80065389568269,96.31349097931873,95.38041571749696,96.25650787353516,154110300
2008-02-19,97.38190076204701,97.50298578742847,95.87900529532287,96.52717590332031,145190000
2008-02-20,95.43742218880296,97.26083854663183,95.27359164390921,96.81210327148438,220085700
2008-02-21,97.33914359707885,97.58843240272482,95.49436078796099,96.00718688964844,201051200
2008-02-22,96.13546906465211,96.76227266117891,94.63257289092269,96.59844207763672,205491000
2008-02-25,96.54140950529228,98.04430490938411,96.00008631995516,97.8163833618164,190107000
2008-02-26,97.40325921160057,98.97025645485003,97.22519109604005,98.55001831054688,212420700
2008-02-27,97.98023764806949,99.105629896097,97.87340108304964,98.4503402709961,168395800
2008-02-28,97.75227959381802,98.26511665165074,97.26080984102701,97.48873138427734,170831100
2008-02-29,96.58413573212272,96.6411079563463,94.57552247321179,95.31629180908203,252715200
2008-03-03,94.83196037109201,95.30918164266629,94.19091946740498,95.08837890625,189483500
2008-03-04,94.18377133502186,95.01712869391791,93.3005605623869,94.72510528564453,282513100
2008-03-05,95.03141379196879,95.99298619794666,94.26215804087008,95.32344818115234,270681400
2008-03-06,94.71801848703413,94.88896784384626,92.98720108153815,93.35045623779297,247911700
2008-03-07,92.43160485007175,93.83478253668012,91.58399884087609,92.38887023925781,326434600
2008-03-10,92.48149297225245,92.5455949125244,90.87887925493487,91.17091369628906,235683600
2008-03-11,93.10829616822477,94.5328416899315,91.84757033835677,94.44737243652344,341440600
2008-03-12,94.54705697420889,95.28069679068881,93.42166510319699,93.56411743164062,229161100
2008-03-13,92.31765948023771,94.47584476081339,91.59826800951856,93.77069091796875,351504200
2008-03-14,94.56844944096584,94.5969355668672,91.01420475462814,92.31766510009766,484687800
2008-03-17,90.15233339969365,92.06834279939852,89.79619713668873,91.38456726074219,405311100
2008-03-18,93.03706699229048,95.22374964247669,92.581212848089,95.18101501464844,334416600
2008-03-19,95.54424760979198,95.90750272879063,92.62392555717248,92.82337188720703,345971600
2008-03-20,93.0896761820622,95.13686206788005,92.52418877028128,94.5427474975586,245320700
2008-03-24,95.42315495517737,97.21265230538991,95.37305470892844,96.43243408203125,208977300
2008-03-25,96.53265149436776,97.02655454126882,95.75243322253381,96.52549743652344,192947200
2008-03-26,96.24631198170495,96.6972578010669,95.2799792275153,95.34439849853516,196934300
2008-03-27,96.06021830839153,96.23201399090145,94.74315084249149,95.04378509521484,225153200
2008-03-28,95.19411020214434,95.45895232940941,93.81261249234883,94.13471984863281,180896100
2008-03-31,93.97722510718283,95.00797718663489,93.83406752330862,94.46397399902344,166692100
2008-04-01,95.63788929837511,97.94991663475305,95.56630504110771,97.78528594970703,254547300
2008-04-02,98.10024254386474,98.5440343717944,97.33433246949627,97.8497085571289,210910800
2008-04-03,97.32003296506076,98.37941238459385,97.14108322219654,98.09308624267578,175884800
2008-04-04,98.15034083140868,98.75162020314426,97.43454193754549,97.98571014404297,204446800
2008-04-07,98.68721173145583,99.18827980526825,97.87836623040565,98.03584289550781,154245500
2008-04-08,97.48465871534191,98.00718887972324,97.31286303892307,97.93561553955078,148937300
2008-04-09,97.78531215126452,97.9213157231802,96.55413686749641,97.22698974609375,195610600
2008-04-10,96.93349993178776,97.82824868790257,96.56128139102071,97.36298370361328,192967800
2008-04-11,96.26779617303605,96.7187420443982,95.20840595706247,95.47325897216797,222973300
2008-04-14,95.3372147800287,95.58773773012338,94.87910412493773,95.1511001586914,160522000
2008-04-15,95.61639292671587,95.6951312216506,94.72164453983116,95.3730239868164,172389200
2008-04-16,96.3036100106649,98.00006137352372,96.28930189208889,97.95711517333984,189268900
2008-04-17,97.36299332878345,98.24342313361521,97.10530522465865,98.10026550292969,179665700
2008-04-18,99.45311267073602,99.89690454608854,98.96636368163666,99.12384033203125,218530600
2008-04-21,98.94487405704135,99.48172320582562,98.67287791543625,99.17393493652344,118587400
2008-04-22,98.91624677412429,99.0021391427017,97.99286012302176,98.73729705810547,162166000
2008-04-23,98.84466080559176,99.33856376079892,98.15033504569526,98.57981872558594,193309000
2008-04-24,98.83748934699118,100.02571785288625,98.09305255588174,99.00928497314453,229381300
2008-04-25,99.78236858256842,100.13311399768435,98.7158351445452,99.925537109375,190788100
2008-04-28,100.1259712408551,100.3908133853332,99.7680717278949,99.947021484375,105610200
2008-04-29,99.77523306383233,100.01860212906246,99.21691065666809,99.55333709716797,125514100
2008-04-30,99.70361869489864,100.6341594000619,98.96634674072266,98.96634674072266,208395900
2008-05-01,99.05228252811726,101.01356506347656,98.97354419056599,101.01356506347656,187279500
2008-05-02,101.88683148658394,101.90830458374327,100.61271008473963,101.29271697998047,181585500
2008-05-05,100.96345352518279,101.36429922711835,100.5053425912241,100.80597686767578,118504500
2008-05-06,100.2261890130698,101.78662574570124,99.98997400889377,101.67926025390625,179339800
2008-05-07,101.5647108617343,101.67207633352929,99.58910972513145,99.86827087402344,199267300
2008-05-08,100.02574512908555,100.44090981383516,99.48173095902928,99.61058044433594,178321200
2008-05-09,99.20971520988014,99.77519143992026,99.10233883961911,99.42444610595703,152588200
2008-05-12,99.67500848977865,100.61270341095941,99.30278995999576,100.54113006591797,147865900
2008-05-13,100.78450373807632,100.84892302824649,100.01859354752149,100.5554428100586,159132200
2008-05-14,100.97774231348039,101.78658753321092,100.54110460705722,100.76300048828125,181910800
2008-05-15,100.95627519284221,102.09440378016104,100.80596353560891,102.02281951904297,166927000
2008-05-16,102.25904048195731,102.26619453959954,101.36429177653707,102.11588287353516,204236800
2008-05-19,102.22326958848092,103.28981419894164,101.8582159728225,102.39506530761719,165664400
2008-05-20,101.8367425698629,101.88684282806945,100.92767464076138,101.56473541259766,178552100
2008-05-21,101.50743416777516,101.72933006589844,99.4960411270785,99.84678649902344,252724800
2008-05-22,99.8038568963376,100.33355212851042,99.49606854566376,99.86112213134766,170820400
2008-05-23,99.53183148200718,99.9684692139088,98.43666012403196,98.52255249023438,181376400
2008-05-27,98.63709800976989,99.49605456981243,98.44382923403711,99.252685546875,168322900
2008-05-28,99.61769707467326,100.21181126641922,98.78021396261323,99.71075439453125,181288100
2008-05-29,99.58908868983521,100.87751776813197,99.55329656605525,100.21183013916016,173927200
2008-05-30,100.5482718280029,100.74154058820935,100.16889928677594,100.4623794555664,117362000
2008-06-02,100.09014465046315,100.11161774007084,98.78023157328118,99.42444610595703,181069900
2008-06-03,99.71077928876865,99.9398292350085,98.22907046673352,98.84465789794922,271965700
2008-06-04,98.56551763534152,99.61058895482371,98.39373286988877,98.7945785522461,246637700
2008-06-05,99.1954241735749,100.84891807339444,99.0093203703737,100.77017974853516,237867100
2008-06-06,99.88977913394397,100.0687289314171,97.5061665209345,97.55626678466797,384276300
2008-06-09,97.9642227043571,98.42233349245124,96.92631664469944,97.79242706298828,228263900
2008-06-10,97.11244106647135,98.13603923220298,96.88339108478651,97.30570983886719,260234900
2008-06-11,97.32718601344483,97.53476290723543,95.86695001036979,95.87411499023438,283890100
2008-06-12,96.3465426551731,97.25559945405048,95.57347848158494,96.23916625976562,252791800
2008-06-13,96.75452909741698,97.72086191234412,96.21767996072937,97.45600891113281,244726900
2008-06-16,97.02654475812545,98.01433983010293,96.96212547734477,97.5132827758789,185832500
2008-06-17,98.11456139730457,98.15034260486479,96.8976945179704,97.04086303710938,191707700
2008-06-18,96.41094627512318,97.00506061539782,95.70946647910995,96.09599304199219,265893000
2008-06-19,96.02439029126174,96.80461916747278,95.55912550972835,96.21765899658203,304204900
2008-06-20,95.56232042396454,95.74216520539032,94.39692975291878,94.6559066772461,289275700
2008-06-23,95.02281843480228,95.12353110761904,94.46890422273906,94.56241607666016,165096400
2008-06-24,94.27464593306833,95.2745825775149,93.65597938476543,94.37535858154297,267300600
2008-06-25,94.75661624228246,95.96516786537362,94.41131734666412,94.82135772705078,287853900
2008-06-26,93.9293425212206,94.5408082232633,92.13808445483812,92.24598693847656,297775000
2008-06-27,92.28198140763308,92.69922274454538,91.38995255747103,91.74244689941406,303423400
2008-06-30,92.00142274461508,92.73519274007876,91.57699157127,92.06616973876953,258842600
2008-07-01,91.01586852935345,92.41866148682186,90.5914373679004,92.35391998291016,388622000
2008-07-02,92.64883769102816,92.91501544593872,90.60580349994964,90.7712631225586,288064600
2008-07-03,91.44028979131197,91.44028979131197,89.91520392414968,90.86478424072266,239352500
2008-07-07,91.2100947988249,91.60575008907209,89.14547439738615,89.9367904663086,372427300
2008-07-08,89.91521017744292,91.64172146085608,89.34689991602956,91.5338134765625,375973700
2008-07-09,91.72084877701339,91.89349824971623,89.48357900698613,89.77133178710938,336729400
2008-07-10,89.512352244298,90.49070837535706,88.90088103449298,90.13821411132812,436475700
2008-07-11,89.18143631759882,90.56983833110333,88.11675273425976,89.0879135131836,481124600
2008-07-14,90.10941945225865,90.28206888388276,88.05199497328091,88.28219604492188,322720800
2008-07-15,87.62039010207118,88.836137236626,86.33989049611098,87.03768920898438,502502500
2008-07-16,87.3685819321528,89.61304650558101,87.11680036664639,89.17422485351562,371642900
2008-07-17,90.0231155531974,90.82882225902462,89.26776517345765,90.06627655029297,375490600
2008-07-18,90.76409687086549,90.94394171945882,90.03033230351349,90.6274185180664,267030100
2008-07-21,91.00866340454444,91.21728402949563,90.05908308763797,90.67774963378906,222863000
2008-07-22,90.03032673122385,91.93668310600812,89.81451073089775,91.70648193359375,296904200
2008-07-23,92.00140216295593,92.90781597091402,91.756815878137,92.20282745361328,311698400
2008-07-24,92.32509148502558,92.37545328023789,90.03747170093075,90.28925323486328,248634500
2008-07-25,90.56264279949059,90.99426920155202,90.0446889216459,90.2677001953125,219131000
2008-07-28,90.28925615404245,90.68491129489257,88.78575125121924,88.94401550292969,205201300
2008-07-29,89.18864686699497,90.91515277375994,88.94405505419859,90.84321594238281,261505600
2008-07-30,91.44029765424135,92.51217669717387,90.84321155463648,92.4618148803711,354710000
2008-07-31,91.64891465339244,92.49059252051744,91.09498957486578,91.2388687133789,277402100
2008-08-01,91.44749276867431,91.56259059536232,90.25332057227068,90.75688934326172,248690900
2008-08-04,90.6705649768378,90.74250180704664,89.74976037793675,89.91521453857422,188239600
2008-08-05,90.65618046398359,92.48340461499613,89.900835462938,92.33953094482422,251577600
2008-08-06,92.09492317227958,93.01572761928674,91.7064577671183,92.74954986572266,209555400
2008-08-07,92.05177053644515,92.39707500022531,91.03025329242239,91.36836242675781,246312500
2008-08-08,91.05899276984677,93.46890577108177,90.91511368053165,93.06605529785156,260811700
2008-08-11,93.13802565713182,94.6055543914548,92.96537069791805,94.03005981445312,249425800
2008-08-12,93.72072179741374,94.02285974580158,92.60568183609912,93.05170440673828,213200800
2008-08-13,92.64882336123786,93.26748978559273,91.84312233486064,92.49057006835938,256393200
2008-08-14,91.96541233950029,93.72069892477379,91.90067086140074,93.1883544921875,239555300
2008-08-15,93.46890850330227,93.87895980351716,93.01570719609668,93.64156341552734,181000800
2008-08-18,93.82862804799005,93.86459920499465,91.83595547683613,92.36109924316406,172275100
2008-08-19,91.66329138868801,91.85752683570131,91.02304437439335,91.35395812988281,194673700
2008-08-20,91.64172804275039,92.04457869205672,90.88637758687256,91.77841186523438,225498200
2008-08-21,91.18131800414089,92.39707066715972,91.07341002124329,91.9366683959961,180609800
2008-08-22,92.56253605710249,93.26752471923828,91.93667955947174,93.26752471923828,167715300
2008-08-25,92.65605671953583,93.26752254293663,91.18132694827514,91.37555694580078,171936900
2008-08-26,91.37555893760535,91.98703575119221,91.05903576849998,91.64173126220703,159117200
2008-08-27,91.75679887174716,92.67760316604706,91.57695411150338,92.53372955322266,171032800
2008-08-28,93.0013300904771,93.7638701877289,92.87903695948899,93.65596771240234,167537100
2008-08-29,93.32502931838418,93.61997732614766,92.44738610987204,92.64881134033203,189195800
2008-09-02,93.5408910838648,94.03007472410901,91.73524747354752,92.07335662841797,252364900
2008-09-03,91.99423217773438,92.44024936451044,91.31082396924386,91.99423217773438,251947000
2008-09-04,91.33960179124013,91.52664196891865,89.1742682961559,89.22462463378906,340042500
2008-09-05,88.69226852223002,89.8864352250128,87.76426862974674,89.50516510009766,289503400
2008-09-08,92.1093029559694,92.25318756967101,89.50515390542219,91.35395812988281,364075300
2008-09-09,91.43311182403922,91.6201519867603,88.33978399543305,88.64192199707031,377326800
2008-09-10,89.12387240916159,89.85044680552814,88.15990709125647,89.00157928466797,298916600
2008-09-11,87.85055904198315,90.45470731926503,87.47647891577554,90.28925323486328,375369400
2008-09-12,89.41162578141125,90.79283228650579,89.08071206592568,90.70650482177734,297851200
2008-09-15,87.49808040447641,90.38998754088178,86.24636227222557,86.3902359008789,483607000
2008-09-16,84.31123781494895,87.99446119737706,84.1673641741249,87.83619689941406,581744300
2008-09-17,86.0665206080705,87.65634786248322,83.44798095510518,83.88680267333984,624095600
2008-09-18,84.92274852642231,87.61322620421622,81.86538578261067,86.37589263916016,776114700
2008-09-19,91.67294346285115,92.61355205902983,89.23460582047365,89.80620574951172,501087800
2008-09-22,90.04494293587565,90.26200808925894,87.08565409791395,87.77301788330078,249966500
2008-09-23,87.44022387524737,88.28676837767131,85.58071744982637,85.77607727050781,327470400
2008-09-24,86.35483576080037,86.82513970490736,85.22611071109856,86.05094909667969,311818400
2008-09-25,86.39104225331303,88.20713687505383,85.69644157986293,87.39676666259766,328253000
2008-09-26,85.97862336148052,87.91048201170564,85.74708980250442,87.44017791748047,285917400
2008-09-29,86.20293032960733,86.34763675132781,80.2915841271681,80.5882339477539,459562300
2008-09-30,82.12939813019376,84.50985615111563,79.97323675652753,83.92378234863281,328154400
2008-10-01,83.40282645021951,84.43026204149457,82.44774959875862,83.97442626953125,332783000
2008-10-02,83.17128157586667,83.28705112773939,80.3566992082649,80.92829895019531,365337800
2008-10-03,81.65910196525448,83.53307657008935,79.35823391842167,79.83576965332031,461798000
2008-10-06,77.52764196952951,77.8677080996743,72.81737498258364,75.7694320678711,610637500
2008-10-07,77.30332510873357,77.65786512409758,72.10105512057996,72.3759994506836,540012100
2008-10-08,70.5598895343214,73.93160154156692,70.04617482252519,70.55265808105469,725414800
2008-10-09,72.10830139223151,72.80290204219857,65.2997587950435,65.62535095214844,534485200
2008-10-10,62.77459831017078,67.96963777451508,60.47373112634819,64.03356170654297,871026300
2008-10-13,67.91900054848807,73.33110046386719,65.08270707690602,73.33110046386719,455584000
2008-10-14,75.75496404646341,76.35550617351934,70.26327430005462,72.24578094482422,546268300
2008-10-15,70.5165089157215,70.76251643691657,64.90904996609474,65.13334655761719,484627500
2008-10-16,66.05222783548474,68.5701538772932,62.61539927735085,67.84661102294922,708811200
2008-10-17,66.55874361578539,71.33412807610632,66.31274155458868,67.44146728515625,476649000
2008-10-20,68.98984995945852,71.70313723253788,68.07818389004866,71.4933090209961,321294200
2008-10-21,70.16197421266372,71.37028984625908,68.89577380711039,69.35884094238281,356502000
2008-10-22,67.4342473091493,69.35887553519464,63.33175727388227,65.58197784423828,516168000
2008-10-23,65.32872077889567,66.89157133016289,62.087244586338684,66.34168243408203,634666400
2008-10-24,60.82102001140923,65.06098223768252,60.77760919987164,62.97718048095703,545812600
2008-10-27,62.203003849834516,64.76434719577293,60.5605578512991,60.7414436340332,397288600
2008-10-28,63.19424333366542,68.18669116641037,61.161089258437435,67.83939361572266,639939500
2008-10-29,67.84666860765945,70.30671750442882,66.6383523401958,67.34742736816406,531270100
2008-10-30,69.3009472389475,69.85084146128673,67.21714539878111,69.67719268798828,414582100
2008-10-31,68.79449868067876,71.31966326640604,68.36037380224558,70.06069946289062,411394000
2008-11-03,70.02448937721157,70.68291614487373,69.42394737333846,70.26325988769531,205419400
2008-11-04,71.67417526192597,72.97655500534741,69.97385013926699,72.65096282958984,346793400
2008-11-05,71.77546329681198,72.86801477101884,68.73658490891681,69.59760284423828,387844100
2008-11-06,68.345881090191,69.05495576254064,65.16229032162182,65.74112701416016,477721900
2008-11-07,66.31274367220774,68.01306930068544,65.48066778417056,67.91177368164062,380391000
2008-11-10,68.8885475954544,69.12008119927128,65.78454659665547,67.02180480957031,301773000
2008-11-11,65.66877288163518,66.66726036597835,64.14209650878419,64.95246124267578,418498200
2008-11-12,63.8382204082989,64.35916688711266,61.58800056380464,62.094478607177734,454330600
2008-11-13,62.3187656709246,66.37061147667711,59.39565086314979,65.96542358398438,753141900
2008-11-14,64.69200324211315,66.60938839725544,62.6009582159637,62.673316955566406,540352300
2008-11-17,62.49967295518032,64.0769976883122,61.6169546999284,61.841251373291016,415254900
2008-11-18,61.609710559739774,63.10744490820141,59.988975180195084,63.00614929199219,523811800
2008-11-19,62.15960116287053,62.85420199704394,58.54911649247568,58.968772888183594,558327600
2008-11-20,57.97749762696255,59.699533470905315,54.30190344417138,54.59131622314453,814180400
2008-11-21,56.04565096916075,58.53464113754254,53.78819438480079,57.53614807128906,718536500
2008-11-24,59.27265329533774,62.941016830930494,58.14392775213878,61.52287292480469,523305300
2008-11-25,63.165312748292074,63.317256131841624,60.647380414710206,61.978702545166016,454112400
2008-11-26,60.994703642099836,64.5328300096461,60.95128728948017,64.37364959716797,370134200
2008-11-28,64.12761829193046,65.21293286282972,64.01909125099682,65.18399047851562,118308100
2008-12-01,63.31727592752191,63.34621832203649,59.22925516564281,59.41014099121094,369927100
2008-12-02,60.39413993729547,61.855694485637336,59.35947314349961,61.69651412963867,469508400
2008-12-03,60.343491614957756,63.548787554750824,60.15536887586373,63.179779052734375,519863500
2008-12-04,62.26812000546723,63.70797480880385,60.58950016456374,61.718231201171875,444173800
2008-12-05,60.524368950180076,63.975666397278815,59.504170739661085,63.621131896972656,471905300
2008-12-08,65.36489653498303,66.84092547211048,63.72969271500011,65.84243774414062,412859300
2008-12-09,65.38657970343685,66.66001134669519,64.38085542417745,64.75709533691406,370790000
2008-12-10,65.35040681513475,66.1028922352794,64.39533022806563,65.1984634399414,396187400
2008-12-11,64.78603987025733,65.84241197133,63.21595290963393,63.62837219238281,365061000
2008-12-12,61.8991298002105,64.44599971643544,61.64588523610134,64.38811492919922,415060400
2008-12-15,64.40978757192134,64.50385168336857,62.43451851425013,63.49089050292969,256694200
2008-12-16,66.47915649414062,66.5804521146428,63.802048489102184,66.47915649414062,377699500
2008-12-17,65.7266724761894,66.87710922439084,65.16230957036122,65.835205078125,281819800
2008-12-18,66.13182432595379,66.32717848645463,63.823720633037425,64.60514831542969,374673300
2008-12-19,64.99101378936248,66.09973006683909,64.25430151228983,64.3272476196289,301451300
2008-12-22,64.61173394871429,64.67737878185889,62.357833405615565,63.50301742553711,243759500
2008-12-23,63.84582799909352,64.1375957241798,62.583940518229646,62.84653091430664,221625200
2008-12-24,63.05809074238167,63.36445007932759,62.72985535316541,63.211273193359375,62061600
2008-12-26,63.63430735488409,63.678076138341616,63.09454058897242,63.575958251953125,74767700
2008-12-29,63.634330520858626,63.69998093744112,62.43808721766805,63.39362716674805,127795900
2008-12-30,63.83126942429422,64.95457202917426,63.37173325206533,64.8962173461914,168256300
2008-12-31,64.97644267106048,66.35503982491707,64.82326582785508,65.82256317138672,193987200
2009-01-02,65.96845927331394,68.15670974299034,65.53810045380638,67.80658721923828,227566300
2009-01-05,67.56588390160847,68.31718796607004,67.02611696612963,67.72635650634766,240349700
2009-01-06,68.30258838700489,68.89341421143588,67.60234893008445,68.1785888671875,328260900
2009-01-07,67.1063563030816,67.29600625953208,65.7934036276697,66.13623046875,280899200
2009-01-08,65.76421271587476,66.44256490831135,65.40679452404375,66.40609741210938,263834400
2009-01-09,66.4936243052865,66.61032807516688,62.26300552073066,64.98372650146484,330953600
2009-01-12,64.8013878774717,64.85245239748484,63.028910340171805,63.42279052734375,277858500
2009-01-13,63.26232099714976,64.10114585830827,62.875725421692515,63.53949737548828,356432300
2009-01-14,62.39431368908909,62.54749054916357,60.65830370990314,61.540897369384766,435491600
2009-01-15,61.35853125503412,62.182770074911794,59.60793016338409,61.562767028808594,532647300
2009-01-16,62.62770970014253,62.72253185470812,60.57805083563396,62.04417419433594,399237200
2009-01-20,61.43876784126429,62.04417944084956,58.38980597386614,58.769100189208984,419855200
2009-01-21,59.76840635691408,61.44606143290887,58.69616291431751,61.30747604370117,364360700
2009-01-22,60.118521202413305,61.30017822294277,59.20675035586491,60.359230041503906,427940300
2009-01-23,59.00980840538437,61.26370319442139,58.76909957402874,60.62181854248047,386800600
2009-01-26,60.97193962967685,62.26301031244752,60.402995490831934,61.03759002685547,317978800
2009-01-27,61.36582498037519,62.10983313093447,60.76041334865504,61.6575927734375,273789700
2009-01-28,63.021588763910785,64.15218103669986,62.780879975475905,63.743709564208984,330007000
2009-01-29,62.81008391284927,63.81667713863383,61.61384075234862,61.67219543457031,294392500
2009-01-30,61.985846057164686,62.292199797057904,59.965358276183174,60.417598724365234,383383600
2009-02-02,59.498490726524906,60.6728514810068,59.308840919619655,60.23520278930664,288233300
2009-02-03,60.61451842509131,61.53358490047736,59.97263381966687,61.08134460449219,278385800
2009-02-04,61.48984575612528,62.2703216020567,60.570778920960024,60.782310485839844,322989300
2009-02-05,60.322771322794374,62.211963859783864,56.6975742496688,61.68678283691406,417679400
2009-02-06,61.89829866750262,63.7072488811869,61.76700344513783,63.444664001464844,366101700
2009-02-09,63.430078147962824,63.999022306736975,62.963251886147724,63.532196044921875,240075200
2009-02-10,62.92677227468315,63.48113048977289,60.1404008797692,60.62181854248047,536212800
2009-02-11,60.86983821332894,61.307492806302236,60.10395380564431,60.979251861572266,324442500
2009-02-12,59.936156515251135,61.139694934494486,59.11921354170928,61.02299118041992,469302200
2009-02-13,60.94277511951019,61.44606892113949,60.35194373454152,60.36653518676758,293998400
2009-02-17,58.47005838639313,60.51242226298812,57.747931685499346,57.78440475463867,478910100
2009-02-18,58.20018290877539,58.30959657142205,57.09876168414983,57.64582443237305,362964800
2009-02-19,58.23660816790461,58.462731057320674,56.90907041797009,57.025779724121094,316867500
2009-02-20,55.96816074750725,57.142516827506284,55.2679156317803,56.47145462036133,477176600
2009-02-23,57.09145916654837,57.09145916654837,54.407204711882564,54.45097351074219,379641400
2009-02-24,54.91778482063933,56.85803037744688,54.487426067489054,56.51520919799805,426260900
2009-02-25,56.26720296643979,57.200855438326606,55.16578220741346,56.07026290893555,461985800
2009-02-26,56.76320363568184,58.11262332887185,55.09283883481148,55.15848922729492,363353900
2009-02-27,53.98413210753408,55.209552399353115,53.838245426955716,53.925777435302734,470510900
2009-03-02,52.89728945128152,53.91847380559344,51.32904821127457,51.49681091308594,426452600
2009-03-03,52.233528013424994,52.29917284230712,50.7965762878136,51.110225677490234,443761000
2009-03-04,51.95635184571313,53.15259473915158,51.11022583742334,52.32106018066406,462753100
2009-03-05,51.13211450026523,52.321067397813856,49.72433991056639,50.183876037597656,485549400
2009-03-06,50.62152677719188,51.38741107431645,48.94386591966632,50.27140426635742,490470000
2009-03-09,49.56385935935182,51.0591657244273,49.40339237025271,49.68056869506836,379905300
2009-03-10,50.70174187366985,52.787873484202514,50.59962401007787,52.64198684692383,406227900
2009-03-11,53.24743474210357,53.794497427810114,52.39401828800362,52.98484420776367,356648300
2009-03-12,52.970250238638236,55.253322828684425,52.49612820367422,55.07096862792969,409702700
2009-03-13,55.44296696181918,56.1505020772107,54.509314441924055,55.50131607055664,337474700
2009-03-16,56.135914470321616,56.872626973034144,55.29708406406577,55.33355712890625,360644900
2009-03-17,55.48671053054239,57.15707491103796,55.034470316716295,57.025779724121094,356814300
2009-03-18,56.75590007509843,59.00980011238901,56.21613338534545,58.30226516723633,473273200
2009-03-19,59.0316920518998,59.08275099682762,57.397800249202014,57.58015441894531,428520400
2009-03-20,57.86007075605969,57.970267539521664,56.22182610752287,56.354061126708984,371078200
2009-03-23,57.84534545024487,60.45331037848425,57.52945115418916,60.401885986328125,419933300
2009-03-24,59.68190964323418,60.50470511934648,59.14562775996787,59.21174240112305,330271000
2009-03-25,59.67461186078552,60.75452437308378,58.08044408533225,59.83622741699219,441775100
2009-03-26,60.423921277427404,61.19529272715959,59.74070832632801,61.05570983886719,422025200
2009-03-27,60.27701582807297,60.62963872862336,59.733379982061194,59.953773498535156,322332300
2009-03-30,58.62410404027197,58.67552846677859,57.27236745020348,57.882118225097656,324108500
2009-03-31,58.44777454774735,59.56442700821256,58.0731133502758,58.41838836669922,364238300
2009-04-01,57.69107009528063,59.81417158458666,57.54414486747935,59.54970169067383,377018300
2009-04-02,61.03368001825572,62.15767440758928,59.6011336436464,61.290802001953125,476230700
2009-04-03,61.334880667602306,61.91524494022128,60.7324781677055,61.90055465698242,284646300
2009-04-06,61.22468406416285,61.915245079564215,60.45331808350728,61.41569137573242,264866600
2009-04-07,60.42393952819601,60.7177956742251,59.88030930118805,59.983158111572266,258947800
2009-04-08,60.28436569792674,60.930850437748354,59.90235657381086,60.62964630126953,230402800
2009-04-09,62.20173667292831,63.04657065938305,61.95196268997588,63.039222717285156,269653500
2009-04-13,62.38542075865971,63.57553563330491,62.13564667654643,63.0539436340332,224847500
2009-04-14,62.46623624235904,63.00252417375475,61.7683327418257,61.96668243408203,276598800
2009-04-15,61.59200796881373,62.75273661408778,61.42304447522903,62.62784957885742,250726100
2009-04-16,63.12739943504076,64.02365806528685,62.275217260433244,63.546142578125,335202900
2009-04-17,63.7886038793861,64.39100667348178,63.28170198508106,63.97226333618164,262649000
2009-04-20,62.840887452750316,63.95019155937497,61.22468171766587,61.290802001953125,293690100
2009-04-21,60.84267579274215,62.539686575855306,60.79125139340051,62.48826217651367,114090900
2009-04-22,61.922618024155895,63.428622082899295,61.760996818716585,62.10627746582031,340395200
2009-04-23,62.231170274556845,62.75276246435887,61.43776006830509,62.716033935546875,324903700
2009-04-24,63.2008672329412,64.14120239575114,62.95109315743717,63.663692474365234,287703000
2009-04-27,62.9437516360405,63.92082101782397,62.8409028174149,63.0612907409668,289581600
2009-04-28,62.42216786104141,63.61227737835782,62.26789461267969,62.86294937133789,247926300
2009-04-29,63.56083738363287,64.91257336938806,63.3992218331805,64.1999740600586,311505700
2009-04-30,65.05215942666662,65.39743437841842,63.854696593819675,64.22201538085938,301419800
2009-05-01,64.23671420764764,64.80238269941889,63.707774233355465,64.56729888916016,236110300
2009-05-04,65.05213897197228,66.80792177355461,64.92724636397114,66.76383972167969,287120000
2009-05-05,66.53611755371094,66.80058749972473,65.99982971739429,66.53611755371094,243036300
2009-05-06,67.3515435495331,67.73355245479618,66.56548191336324,67.6894760131836,291941000
2009-05-07,68.32864806304984,68.43149688365645,66.32308485154016,66.74917602539062,317728000
2009-05-08,67.60868588491864,68.48290627316688,67.17525246526425,68.30659484863281,299081700
2009-05-11,67.3662528716779,67.66745692074198,66.88139506236666,67.0283203125,247923600
2009-05-12,67.3148368122439,67.46176768541726,66.00718286761942,66.8299789428711,282431300
2009-05-13,65.92635016311073,66.12470537411505,65.01540147451728,65.14763641357422,269619100
2009-05-14,65.17704607602761,66.20553979450409,65.01542491393047,65.70598602294922,260098700
2009-05-15,65.65457949970211,66.11739927689749,64.75832052384065,65.16971588134766,271502700
2009-05-18,65.78679711359145,67.10179344119011,65.06684982362914,67.02098846435547,241447400
2009-05-19,66.98425437847499,67.56461873587571,66.71243645771568,66.94017791748047,206102200
2009-05-20,67.54989349136142,68.17433964323902,66.41855704863985,66.49201965332031,285722200
2009-05-21,65.72066191566817,65.97044154916486,64.83909926708385,65.53700256347656,258988400
2009-05-22,65.72066505939515,66.11736995168593,65.14764874992143,65.39742279052734,166811900
2009-05-26,64.91256700837597,67.26340465996643,64.8831808371262,67.07240295410156,236318500
2009-05-27,67.17524261338785,67.4029784035464,65.77208255248482,65.87493133544922,246015800
2009-05-28,66.45530322352933,67.10178216343242,65.45619584059976,66.7932357788086,289095000
2009-05-29,67.16058764938057,68.83556096949013,66.6169572360633,67.97603607177734,258641500
2009-06-01,68.81346695259849,69.91542278100287,68.6371555894082,69.62156677246094,276246800
2009-06-02,69.34978947263185,70.06238883022314,69.22490242775339,69.68037414550781,230874500
2009-06-03,69.08529810042783,69.1514127725949,68.14496317513002,68.79878997802734,235310500
2009-06-04,69.05591741755363,69.54812314334724,68.54167346595415,69.44527435302734,210102300
2009-06-05,70.15052391314488,70.28275886963343,68.90899051566534,69.45996856689453,284257900
2009-06-08,68.93837255984475,69.86401727514172,68.35066598881644,69.1734619140625,238565100
2009-06-09,69.56283427964634,69.89341894888096,69.07062284111399,69.5261001586914,225125500
2009-06-10,70.14319473891067,70.15053707882127,68.46087410084323,69.34978485107422,296100400
2009-06-11,69.48202138065005,70.60601594437789,69.46732549082212,69.65833282470703,275414200
2009-06-12,69.34980371801151,69.89343407579383,69.0559475012931,69.84935760498047,184361800
2009-06-15,69.02657816981885,69.0706546513921,67.88054481017407,68.24786376953125,224190500
2009-06-16,68.49026603157452,68.53434249410127,67.27811286852794,67.32218933105469,227319000
2009-06-17,67.2928167814325,67.82910480508178,66.72714818004248,67.25608825683594,223445200
2009-06-18,67.35894150875829,68.0788834122643,67.03569908400938,67.74829864501953,211725100
2009-06-19,68.39693934453344,68.48559022582084,67.61382086199085,67.99799346923828,215655600
2009-06-22,67.33307583413908,67.37001745470627,65.93676825149794,65.95893096923828,251913600
2009-06-23,66.09930714864495,66.40220704052372,65.64125694835228,66.01065063476562,188309800
2009-06-24,66.60907335098543,67.2887563925668,66.195348582479,66.57952117919922,211577700
2009-06-25,66.24705442434379,68.09402263492434,66.17317682322049,68.02753448486328,279411000
2009-06-26,67.7984895963025,68.14572043467803,67.42909604679633,67.85020446777344,167579000
2009-06-29,68.04971380459956,68.57425222800353,67.6729306194921,68.485595703125,168481300
2009-06-30,68.50038047812879,68.7515655320552,67.42913518093864,67.93151092529297,228888200
2009-07-01,68.21961831197831,68.87714421128548,68.12357798967498,68.21223449707031,173041100
2009-07-02,67.32570126581346,68.23441234954778,66.31356602192778,66.35050201416016,212309900
2009-07-06,65.70775153168118,66.43914946133965,65.5008919666465,66.34310913085938,174499600
2009-07-07,66.27663307974944,66.35790016441359,65.01330699520022,65.05763244628906,197088900
2009-07-08,65.4491645798791,65.60431487389592,64.27449547160755,65.0132827758789,248050500
2009-07-09,65.46394609920569,65.67819510238857,64.9467972201436,65.13887786865234,163777600
2009-07-10,64.79165544995632,65.37529819687917,64.5330809763831,64.9837417602539,173520300
2009-07-13,65.24229049748222,66.61643502812309,64.71036285510529,66.5647201538086,217413500
2009-07-14,66.77158190421956,67.00060975805378,66.2913747564515,66.9415054321289,181487400
2009-07-15,67.82803971949983,69.08398113199888,66.99321235182842,68.89928436279297,220877900
2009-07-16,68.70721561597999,69.82278596387867,68.57423368287617,68.78848266601562,231174500
2009-07-17,69.49033070841078,69.6824169820713,69.10616379758943,69.54204559326172,138561700
2009-07-20,69.94839355576663,70.39905433549411,69.58638929609234,70.28084564208984,164179400
2009-07-21,70.82753442173528,70.84969713699957,69.75628954646693,70.60589599609375,217718300
2009-07-22,70.15522290599411,71.01960246721279,70.10350803403654,70.59111022949219,196068100
2009-07-23,70.635469714914,72.460275648467,70.5763653651752,72.14998626708984,258795500
2009-07-24,71.81010769706916,72.50456941180393,71.43333031424368,72.44546508789062,154003100
2009-07-27,72.31249048206838,72.69666298981386,71.91354471010152,72.65972137451172,159259400
2009-07-28,72.14996733861129,72.67450562280368,71.7066904683646,72.31988525390625,186685200
2009-07-29,71.98744870047777,72.46765601889332,71.64760716039105,72.14259338378906,194399300
2009-07-30,73.01435736674429,73.75314473914118,72.84443379103286,72.89614868164062,225575400
2009-07-31,72.88137733158781,73.48718276743054,72.68190157935274,72.99958038330078,207358000
2009-08-03,73.76792412863851,74.27029980902131,73.36897823805505,74.20381164550781,175776900
2009-08-04,73.87138120450054,74.49934962780816,73.71623646249533,74.39591979980469,176714600
2009-08-05,74.44762951279047,74.51412333272043,73.56847603617986,74.18167114257812,184726400
2009-08-06,74.52147649270312,74.63229007777846,73.45023153281014,73.7974624633789,193203800
2009-08-07,74.57320862375614,75.37848425619761,74.16687326284462,74.76528930664062,220640900
2009-08-10,74.42540303693363,74.78002328764254,74.07817223466596,74.61009979248047,130898700
2009-08-11,74.27766847466738,74.32938335509442,73.47977691679367,73.67925262451172,157301000
2009-08-12,73.55364176040422,75.031215958156,73.51670578735937,74.46974182128906,219052400
2009-08-13,74.80962057194995,75.06819505839461,74.07083310410748,75.03864288330078,176449500
2009-08-14,75.00170644676992,75.06081080104865,73.65711338768672,74.46239471435547,199616100
2009-08-17,73.02912619209498,73.10300379754095,72.48242514799477,72.63018035888672,237667500
2009-08-18,72.79271704292158,73.46501624016737,72.65973509382353,73.20643615722656,173461500
2009-08-19,72.6301743822136,74.10036510115776,72.55629678284694,73.84917449951172,192812800
2009-08-20,73.94519034521232,74.78002328764254,73.78266193498915,74.61009979248047,174131300
2009-08-21,75.22331531360932,76.19112477840511,75.07556012264023,76.07292175292969,224605000
2009-08-24,76.38322291124067,76.79694201947484,75.79219078247746,76.06554412841797,191279000
2009-08-25,76.36847020785123,77.0259906689854,76.05079133948854,76.21332550048828,215310600
2009-08-26,75.97691711329021,76.56794947149915,75.71834257026215,76.22071838378906,194620700
2009-08-27,76.17634552680619,76.62700615129113,75.31196589092477,76.39059448242188,196230100
2009-08-28,77.0038053392454,77.09245621085599,75.85129327980805,76.3758316040039,147024400
2009-08-31,75.62966357695406,75.78480824515782,75.20116555820073,75.69615173339844,176051600
2009-09-01,75.31937486623062,76.27241131000523,73.87135220610428,74.02649688720703,321276800
2009-09-02,73.7162058842549,74.2038082738684,73.56106120660532,73.74575805664062,171805000
2009-09-03,74.1742737481137,74.44762154383717,73.57585197880977,74.35897064208984,143572300
2009-09-04,74.50666505820054,75.42275932599043,74.28503234832252,75.40059661865234,142687900
2009-09-08,76.09509905909572,76.13204068217112,75.64443831277715,76.05077362060547,132909100
2009-09-09,76.1837615207415,76.89299677446165,75.94734976950146,76.6344223022461,154612500
2009-09-10,76.6861359120682,77.46924876808852,76.25763785871717,77.41753387451172,162902400
2009-09-11,77.56525929035465,77.79428713373899,77.04072110382668,77.40272521972656,152360100
2009-09-14,76.74522994126988,77.91251533824683,76.20591831778708,77.77953338623047,149593800
2009-09-15,77.90510042974661,78.39270263997587,77.39534114400513,78.10457611083984,196795900
2009-09-16,78.38532267445619,79.30141724622868,78.11197501125345,79.2866439819336,206406300
2009-09-17,79.17584084664706,79.83336115300493,78.73256955331034,79.16845703125,229170900
2009-09-18,79.53810207616341,79.54552672311767,78.95167956039424,79.21891021728516,153799100
2009-09-21,78.60279639847566,79.42675666366173,78.43206915842961,79.01848602294922,151892000
2009-09-22,79.48613863600302,79.70140808484504,79.12982921573267,79.47871398925781,143126700
2009-09-23,79.66431346243786,80.19135026624248,78.67704470474081,78.81808471679688,225947400
2009-09-24,78.9888226288814,79.15954992051527,77.60813234371616,77.94959259033203,228636800
2009-09-25,77.77887516605156,78.20941430080289,77.26668186218018,77.5339126586914,204059000
2009-09-28,77.83082859269143,79.09275293045374,77.81598495586186,78.9220199584961,118285800
2009-09-29,79.06301828072338,79.44159028530812,78.52113237708393,78.68444061279297,133733900
2009-09-30,78.95169834492997,79.02592784209484,77.66008697154884,78.38011932373047,254383000
2009-10-01,76.45754049721394,78.484038965372,76.42042292095415,76.43527221679688,281840600
2009-10-02,75.73008699216511,76.53177916339327,75.70781870907783,76.07897186279297,224748800
2009-10-05,76.38331936050533,77.43739294672004,76.1606252052892,77.2146987915039,149875000
2009-10-06,77.77142900334587,78.76612239596818,77.72689243736272,78.32073974609375,202491100
2009-10-07,78.14255327157288,78.6176343409617,77.99409433093895,78.53598022460938,159200300
2009-10-08,79.09273150463362,79.55295774520984,78.57311374278201,79.13726806640625,183305800
2009-10-09,79.15953434308067,79.61976623535156,78.95168950894123,79.61976623535156,135008300
2009-10-12,79.99091967014414,80.23587641804063,79.63461019348568,79.93153381347656,118031000
2009-10-13,79.71628066293096,79.95381847492129,79.24862968839167,79.76824188232422,157692700
2009-10-14,80.7035216034248,81.2231336177782,79.73852139008709,81.1414794921875,191421600
2009-10-15,80.74810076822104,81.43844604492188,80.71098884095277,81.43844604492188,173873600
2009-10-16,80.76292995179475,81.11180916528697,80.33981557555954,80.8297348022461,192069400
2009-10-19,80.96334133566785,81.75018413746051,80.71095993258234,81.497802734375,159530400
2009-10-20,81.61658879666517,81.64628173313358,80.67386213302471,81.0672836303711,180921100
2009-10-21,80.94105646285934,81.88378270213839,80.28040449803358,80.33979034423828,225379300
2009-10-22,80.31009780321342,81.41613229314439,79.79790478811664,81.15632629394531,238444000
2009-10-23,81.42360672724517,81.47556795885731,79.89445139358163,80.2284927368164,240033200
2009-10-26,80.31754796763163,81.1415085016477,79.13728354305889,79.35997772216797,242028200
2009-10-27,79.44902300594461,79.7162536618372,78.8032203069927,78.9962158203125,253266300
2009-10-28,78.7957996644877,79.040762055396,77.45964631712108,77.50418853759766,248821400
2009-10-29,78.08321028846069,79.32286058963581,77.89763369259562,79.16697692871094,198110600
2009-10-30,78.90715309160608,79.14469085438928,76.78415685901692,76.87322998046875,325608100
2009-11-02,77.29635317884286,78.24651000249672,76.51693495984837,77.43739318847656,254222900
2009-11-03,77.00687144225705,77.79372014979926,76.85841241392397,77.682373046875,228362600
2009-11-04,78.32075335234387,78.9294444010314,77.68236936672665,77.8827896118164,247996700
2009-11-05,78.43209655631975,79.33770560264918,78.2687882429879,79.31543731689453,180015300
2009-11-06,78.87747438238384,79.72370316880571,78.72159072839538,79.52327728271484,170954100
2009-11-09,80.13197241442909,81.3790473742841,80.07259220746326,81.33451080322266,159495700
2009-11-10,81.14148988443566,81.60172177276903,80.88910849181043,81.34933471679688,171899800
2009-11-11,81.88380359598938,82.26238138296148,81.37161611598324,81.7650375366211,169466200
2009-11-12,81.65368510326238,82.07679942680903,80.72580231799803,80.93364715576172,157144500
2009-11-13,81.14150897762839,81.72050705069056,80.7258192150911,81.37162780761719,150963000
2009-11-16,81.93577188990487,82.90819704779983,81.89123532171125,82.55188751220703,210922200
2009-11-17,82.33660919411209,82.68549404327018,82.02484192338042,82.64837646484375,147134100
2009-11-18,82.58899367391702,82.7151843752475,82.07680055712639,82.5964126586914,156486800
2009-11-19,82.03225838940703,82.6260999415658,81.00787222582733,81.52006530761719,208734600
2009-11-20,81.09695258920092,81.4755303380547,80.91880068641258,81.2305679321289,134196000
2009-11-23,82.18813776626575,82.94528754676806,82.09905898953457,82.26236724853516,148010200
2009-11-24,82.39600497151402,82.54446397639376,81.66112326966768,82.38858032226562,138420100
2009-11-25,82.52217120170413,82.76713358407086,82.26236518859379,82.67805480957031,109564800
2009-11-27,80.46601368743478,81.89124059488385,80.38435953158994,81.33451080322266,126001800
2009-11-30,81.2677011378742,81.80215694903166,80.2581640556635,81.60916137695312,160874800
2009-12-01,82.33661808564804,82.88592885627325,82.19558373176142,82.61869812011719,159613700
2009-12-02,82.60384176854839,83.1457278437473,82.33661105521024,82.58157348632812,132315100
2009-12-03,82.80425539024209,83.27190623775456,81.86894803187054,81.93575286865234,167324900
2009-12-04,83.0195447590577,83.42039089321807,81.68339664187147,82.40343475341797,274907800
2009-12-07,82.32921145641852,82.7894378329353,82.01743844187794,82.2772445678711,127973800
2009-12-08,81.68339638311326,82.22527687997301,81.11181728750421,81.36420440673828,169863700
2009-12-09,81.34192241750486,81.78730504678995,80.92622705527104,81.66853332519531,155063400
2009-12-10,82.17329021974908,82.4850631132668,81.98771367845484,82.12875366210938,138014600
2009-12-11,82.4776611328125,82.66323772510785,82.1065079482218,82.4776611328125,124854000
2009-12-14,83.04178619384766,83.13828394891232,82.49247559729027,83.04178619384766,107141500
2009-12-15,82.73748455407646,83.07894487579782,82.39602423235512,82.65583038330078,120408800
2009-12-16,82.98985585443523,83.2348126565911,82.59642871437636,82.7820053100586,155358200
2009-12-17,82.1881844849618,82.34406818534134,81.71310873237182,81.78733825683594,183390100
2009-12-18,82.24255063793424,82.31718545880769,81.55595355906291,82.25001525878906,174591200
2009-12-21,82.66048417659937,83.3620048048566,82.66048417659937,83.08587646484375,118039600
2009-12-22,83.26499587287691,83.56351810548921,83.16051394553831,83.38440704345703,91707500
2009-12-23,83.58592429486878,83.6680180688798,83.21277284712383,83.5486068725586,111783100
2009-12-24,83.72770908797496,84.03369026105052,83.5859097404941,83.94413757324219,39677500
2009-12-28,84.25757231779592,84.3247368248435,83.82471540403102,84.12323760986328,87508500
2009-12-29,84.33966958682194,84.35459313550955,83.99637102862975,84.00382995605469,80572500
2009-12-30,83.75755336582965,84.07099912896581,83.71277133264044,83.9739761352539,73138400
2009-12-31,84.1605546630011,84.18294852727429,83.13065896611039,83.16797637939453,90637900
2010-01-04,83.86205639062004,84.623282820346,83.22023546049228,84.57850646972656,118944600
2010-01-05,84.52623222275905,84.8396779413871,84.22024543040534,84.80236053466797,111579900
2010-01-06,84.72026885988491,85.07103199378142,84.65310435875766,84.86206817626953,116074400
2010-01-07,84.70533296603915,85.3247654018269,84.46651639600287,85.22028350830078,131091100
2010-01-08,84.99638222925026,85.54118550159275,84.8247358610549,85.50386810302734,126402800
2010-01-11,85.88449576004972,85.92180746991816,85.257598679594,85.623291015625,106375700
2010-01-12,85.0561124324062,85.23522347097492,84.49638545477134,84.82476043701172,163333500
2010-01-13,85.04119445839929,85.78003826633102,84.60834319899531,85.54122161865234,161822000
2010-01-14,85.44421554640482,85.9293135594974,85.39197457230803,85.77259063720703,115718800
2010-01-15,85.62330253263977,85.70539058292641,84.48145473541886,84.80982971191406,212283100
2010-01-19,84.79493376185906,85.92184699098038,84.77253989303392,85.8696060180664,139172700
2010-01-20,85.28745647149218,85.41432654139966,84.31726655040133,84.99639892578125,216490200
2010-01-21,85.01879222194614,85.27999699746914,83.25751760150956,83.36199951171875,344859600
2010-01-22,82.9888484950418,83.39185259032735,81.41414952217748,81.50370788574219,345942400
2010-01-25,82.25002879315663,82.39929276562772,81.65298998478734,81.9216537475586,186937500
2010-01-26,81.60074968538686,82.44407553753611,81.37686224998419,81.57836151123047,211168800
2010-01-27,81.47388329354024,82.15302164113513,80.84699161315025,81.96644592285156,271863600
2010-01-28,82.23508959520112,82.27986593150325,80.53352048967243,81.02607727050781,316104000
2010-01-29,81.37683962879416,81.94403122305579,80.0185690671046,80.14543914794922,310677600
2010-02-01,80.71264448897995,81.39924166043562,80.2275465570765,81.39177703857422,187865000
2010-02-02,81.54103668845353,82.53361497760442,81.25743801112081,82.37689208984375,216327900
2010-02-03,82.00375765020485,82.45154392915661,81.72762923120219,81.96644592285156,172730700
2010-02-04,81.33204853768748,81.36936024619418,79.42151027568853,79.43643951416016,356715700
2010-02-05,79.52600452697867,79.76482113510808,78.04832854350197,79.60063934326172,493585800
2010-02-08,79.66034951062228,80.10067106943076,78.96628776396719,79.02599334716797,224166900
2010-02-09,79.95141499389544,80.71264702016126,79.30959414580401,80.01858520507812,337820500
2010-02-10,79.8917378738547,80.302201104706,79.19021123668773,79.86188507080078,240511500
2010-02-11,79.75735575544938,80.7872512270851,79.29464612358237,80.69769287109375,223591600
2010-02-12,79.84694154661064,80.67533817826865,79.48871936168982,80.63056182861328,304622100
2010-02-16,81.24251711013359,81.98135523189862,80.46636157365961,81.89926147460938,159317500
2010-02-17,82.29478192418765,82.39926952236262,81.89924247293054,82.28732299804688,168845100
2010-02-18,82.15296755890036,82.944046261618,82.12311478036672,82.77239990234375,193708600
2010-02-19,82.55602444425865,83.26500988390579,82.36198410633374,82.94409942626953,222684900
2010-02-22,83.25005719187774,83.27244535883273,82.71271840961035,82.95899963378906,132346900
2010-02-23,82.7350815615099,82.988821635397,81.73503342046982,81.95146179199219,207497000
2010-02-24,82.19777518976099,82.8395959381219,81.98881135426441,82.70526123046875,176350700
2010-02-25,81.526087017005,82.65300543481483,81.30219967366403,82.59329986572266,259634700
2010-02-26,82.66794938873923,82.92915989454447,82.17539255672045,82.64556121826172,173589300
2010-03-01,82.98886397492986,83.58590845572026,82.96647580332188,83.50381469726562,147709700
2010-03-02,83.86205953706751,84.13818796803301,83.58592541226271,83.73518371582031,160992400
2010-03-03,83.95156227258832,84.30978995927975,83.60079920478353,83.80976867675781,150785000
2010-03-04,83.92173825938079,84.18294876543304,83.60829248472353,84.06353759765625,135770400
2010-03-05,84.60834655864775,85.33225545822286,84.40684162345113,85.26509094238281,176118800
2010-03-08,85.27251696639944,85.46655149800135,85.13071768313708,85.27997589111328,114631200
2010-03-09,85.0262440333696,85.81732286116166,84.9814677054074,85.42178344726562,154556700
2010-03-10,85.45912301412629,86.0337735827464,85.38449388355504,85.80242156982422,186088800
2010-03-11,85.60094024513539,86.1830612892305,85.33973536923075,86.1606674194336,160791100
2010-03-12,86.53376980986359,86.54869904793094,85.92926662636467,86.16808319091797,162074800
2010-03-15,86.01885953156359,86.25021157002952,85.52629696650133,86.19050598144531,146816800
2010-03-16,86.42930432843968,86.95917850371332,86.190487718544,86.87709045410156,168673000
2010-03-17,87.13831149246626,87.67565038846406,86.88456559431698,87.39205169677734,177468100
2010-03-18,87.39949284328902,87.5188982915286,86.99648877953676,87.34725189208984,196509100
2010-03-19,86.90512084960938,87.8942967726296,86.56789827660991,86.90512084960938,226641100
2010-03-22,86.4105203642275,87.52709440581864,86.35806428771059,87.36972045898438,184477800
2010-03-23,87.49713454711278,88.0591664904984,87.21236803673527,87.9842300415039,182941600
2010-03-24,87.65453621384155,87.99924858442762,86.61290373914179,87.55711364746094,196072600
2010-03-25,88.14909627227749,88.55375999582914,87.30979881657197,87.41471099853516,223396300
2010-03-26,87.57955570069194,87.99170897865872,87.01752382568678,87.36223602294922,205808500
2010-03-29,87.80438627757077,88.07416210026808,87.44468899216453,87.91679382324219,134513500
2010-03-30,88.0217216035784,88.29899283639001,87.60956815280502,87.97676086425781,145772500
2010-03-31,87.63951560968938,88.0666596751499,87.38473052940427,87.67698669433594,161078700
2010-04-01,88.27648162841797,88.61369849009233,87.75191507802148,88.27648162841797,161215200
2010-04-05,88.6137120247954,89.05584112062225,88.36641657257778,88.99589538574219,105847600
2010-04-06,88.74108105075636,89.36306433821444,88.6436642547733,89.20569610595703,110384200
2010-04-07,89.02584840133042,89.44549702486422,88.28396223393268,88.69612121582031,184576300
2010-04-08,88.38887661280916,89.15324315893675,88.12659621650414,89.00336456298828,158704000
2010-04-09,89.1907393844408,89.62537888717273,89.02588144777413,89.5879135131836,133006500
2010-04-12,89.7003022899391,89.96258845609707,89.5953901103899,89.73027801513672,110279000
2010-04-13,89.64037644673502,89.9551130552181,89.17576117900789,89.79774475097656,125043600
2010-04-14,90.1274262928725,90.81685638427734,89.98504877650461,90.81685638427734,161609000
2010-04-15,90.66698487892235,91.10162425551935,90.63700915805867,90.89179992675781,144615300
2010-04-16,90.56956702647035,90.89179887542241,88.98838350222701,89.44550323486328,366786700
2010-04-19,89.18323277716618,89.87265727412313,88.77856908096499,89.78273010253906,217947800
2010-04-20,90.34474891149179,90.65949110758334,89.82768347267462,90.58454895019531,157708000
2010-04-21,90.63704519756044,90.84687532703973,89.9176447626336,90.41973114013672,192910100
2010-04-22,89.7827242360484,90.80187591160315,89.26565875575861,90.68946838378906,115360300
2010-04-23,90.62950276652874,91.31892706712793,90.39719240208969,91.28145599365234,177335500
2010-04-26,91.31146320237316,91.51379792127376,90.84685374781711,90.93677520751953,143457300
2010-04-27,90.4122163395131,90.9292818963118,88.61371278022071,88.78607177734375,355853300
2010-04-28,89.2132128957222,89.68531770590404,88.62869482755919,89.46050262451172,300674100
2010-04-29,90.00004515937995,90.75691642521431,89.9775647969674,90.56957244873047,193775000
2010-04-30,90.58456371677909,90.68198625035123,89.01087534892315,89.03335571289062,270000900
2010-05-03,89.4605127480961,90.43470392132477,89.32562482745344,90.18740844726562,182747900
2010-05-04,89.1832554662887,89.19824047338935,87.61705637046325,88.06668090820312,360353400
2010-05-05,87.34725203710325,88.27648225851216,86.90512300565064,87.5420913696289,328973200
2010-05-06,87.12247296663011,87.67700971785156,78.68449590063602,84.6345443725586,647356600
2010-05-07,84.40971671124372,85.25650957845195,81.98923530306328,83.37557983398438,637558800
2010-05-10,86.78522970445783,87.41470849549758,86.11079590180199,87.04751586914062,396159600
2010-05-11,86.23070451710412,87.94677641085956,86.11080731837697,86.80023193359375,317849800
2010-05-12,87.14494032908483,88.14161183387763,86.99506169079713,88.01421356201172,235607100
2010-05-13,87.77440841794458,88.18656750296239,86.84518378305961,86.92012023925781,234452500
2010-05-14,86.26815515523137,86.4255234072251,84.58205939021859,85.34642028808594,345601400
2010-05-17,85.57874722080724,85.8185473409991,83.75776309278339,85.39140319824219,325739800
2010-05-18,86.088307563238,86.34309836066288,83.95258723715142,84.2298583984375,360556800
2010-05-19,83.75777193284493,84.50714810219674,82.70115450704785,83.75028228759766,394742700
2010-05-20,81.96672411355928,82.34890737784367,80.53541928815494,80.58787536621094,530418300
2010-05-21,79.36641112730284,81.96674092103537,78.95425206000314,81.76441192626953,500909400
2010-05-24,81.32230203047465,81.97426137726299,80.64037266714843,80.7153091430664,269823000
2010-05-25,78.76690610670815,80.83518531759582,78.21985915076411,80.79771423339844,396505200
2010-05-26,81.29234049045735,82.03422139879007,80.07085350820947,80.31065368652344,349719300
2010-05-27,81.8243423880346,83.0308378385411,81.51709557716664,83.00086212158203,300870500
2010-05-28,82.91094092840187,82.97089236662792,81.569557513834,81.95923614501953,297933500
2010-06-01,81.1948866371093,82.3938870667848,80.46050137524527,80.58039855957031,277909400
2010-06-02,80.99257643693944,82.68616243565266,80.5654322560553,82.67867279052734,240243700
2010-06-03,82.91845632233158,83.22569751222929,82.11662422349117,82.96341705322266,226618300
2010-06-04,81.38970798416398,81.92925948745052,79.77854883331767,80.04832458496094,398475600
2010-06-07,80.33312168948345,80.64036865794436,78.99174340056715,79.05168914794922,264609100
2010-06-08,79.11162851604995,80.05584392970009,78.42220392963863,79.89847564697266,357774300
2010-06-09,80.36307459109037,81.14242625851112,79.13409850096508,79.47132110595703,268023300
2010-06-10,80.82770721379704,81.89181991168464,79.46384293018852,81.79440307617188,317890600
2010-06-11,81.0749826875277,82.24400729425207,81.02252660177172,82.1915512084961,214128200
2010-06-14,82.82102881326155,83.27065896433628,81.98173139479644,82.06416320800781,207196100
2010-06-15,82.64119458138468,84.00505884129494,82.49881129425194,83.93012237548828,238268700
2010-06-16,83.49549789424765,84.2448741217328,83.330634209435,83.90016174316406,216374000
2010-06-17,84.13993109694671,84.17740218151458,83.21820187633901,84.03501892089844,263185800
2010-06-18,84.20140685472825,84.42728574410829,83.85505462875761,84.12611389160156,174006600
2010-06-21,85.1726985634374,85.23292948510813,83.4183444369328,83.88516998291016,213140700
2010-06-22,83.88519373905673,84.25413337089348,82.37931112561623,82.4997787475586,239355400
2010-06-23,82.55249265229868,82.84613933168194,81.67908363642422,82.24378967285156,254639900
2010-06-24,81.83718185075547,81.94259316046475,80.67012067892126,80.88094329833984,268523600
2010-06-25,81.12187106234934,81.63387123102002,80.39151728922512,81.21975708007812,238726500
2010-06-28,81.3402616078329,81.55861531145273,80.67014419597666,80.96379089355469,169218600
2010-06-29,79.82681853629113,80.9487049906109,77.96705871321733,78.46399688720703,373649500
2010-06-30,78.24566935611318,78.96849241490213,77.46260960630339,77.71861267089844,284101700
2010-07-01,77.66589242156347,77.92188969361115,76.1449478535046,77.37224578857422,382924800
2010-07-02,77.63577902063116,77.86918898875702,76.51389807593053,76.95059967041016,233385200
2010-07-06,78.03482505930042,78.58447465971044,76.70964694647175,77.45506286621094,256935300
2010-07-07,77.65082495086995,79.99247257448127,77.56800095817742,79.89459228515625,253769400
2010-07-08,80.56472255233568,80.77554520625199,79.74401925752053,80.68519592285156,210842100
2010-07-09,80.66259400522135,81.29506764204612,80.51200805308899,81.28753662109375,144999900
2010-07-12,81.0164679195329,81.49834980387553,80.67764669427127,81.3402328491211,131283600
2010-07-13,82.18352618299481,82.8912869449269,82.0178782138772,82.5675277709961,213025900
2010-07-14,82.30402500554312,82.88379311743087,81.96520366341757,82.56002807617188,184426800
2010-07-15,82.52986729434846,82.86868846225732,81.44563036586538,82.58257293701172,232337900
2010-07-16,82.13836533123508,82.22872035708893,80.15060071834121,80.30872344970703,282693400
2010-07-19,80.6023691202751,81.03907071202777,79.97742645750068,80.78307342529297,186709000
2010-07-20,79.71390728404397,81.73931572341596,79.67625791662795,81.67908477783203,258162400
2010-07-21,82.10071927754906,82.12330659722113,80.28612800407694,80.61742401123047,264527000
2010-07-22,81.57364261352623,82.77835306653921,81.56611733794665,82.41693878173828,274781300
2010-07-23,82.25127963225898,83.25269261886412,82.01786974233012,83.1322250366211,222020800
2010-07-26,83.2752927017944,84.08093952825585,83.04188277607206,83.99811553955078,184445700
2010-07-27,84.45742049475244,84.54777551475821,83.65930459040229,83.9906005859375,204855600
2010-07-28,83.81741063338231,84.07341361776108,83.16988076902365,83.44847106933594,163056200
2010-07-29,83.96802297559115,84.19390769493322,82.37932189563688,83.04190826416016,220149100
2010-07-30,82.1986058731297,83.47107859398476,82.05555092275476,83.02684020996094,220070600
2010-08-02,84.32188912408287,85.03718675950473,83.98306785879441,84.90165710449219,188263200
2010-08-03,84.69082245836363,84.90917033511516,84.21646586087259,84.49505615234375,146657300
2010-08-04,84.72846510931019,85.16517234683745,84.44988056547916,85.05976104736328,158171700
2010-08-05,84.5176577724669,85.01460176928414,84.38965913491799,84.96942138671875,140473800
2010-08-06,84.13366436892426,84.75860706459787,83.51625269516468,84.62307739257812,239728300
2010-08-09,85.02213869387636,85.21790505985005,84.57037501773358,85.07484436035156,120800400
2010-08-10,84.351996038629,85.0672935771692,83.85505786721342,84.61552429199219,242916300
2010-08-11,83.31294777734006,83.34306611570804,82.16094862107124,82.29647827148438,273406900
2010-08-12,81.05412822442722,82.08565407971166,81.01647886343007,81.79200744628906,239542600
2010-08-13,81.53601486841802,82.04048416570384,81.45319086504438,81.55107116699219,158698500
2010-08-16,80.99388881207477,81.7769483896117,80.70024218855913,81.51342010498047,147895300
2010-08-17,82.21365202710795,83.11717917547774,81.98023634726545,82.51482391357422,172270300
2010-08-18,82.47717760769245,83.10964544200846,82.00282673195545,82.66541290283203,182922100
2010-08-19,82.23627001779924,82.43956169143914,80.88850406855741,81.22732543945312,265847600
2010-08-20,80.98637821729342,81.27249963661669,80.37649749839863,80.96379089355469,209714200
2010-08-23,81.34777200379847,81.74682994062914,80.61741808417143,80.65506744384766,163490300
2010-08-24,79.77414265405163,80.10543872332873,79.0362632654637,79.4579086303711,280677800
2010-08-25,79.02118555440069,80.0677734808785,78.52424729348728,79.7666015625,272234800
2010-08-26,80.14306810651767,80.24847942145674,78.96847585586183,79.23200988769531,224439500
2010-08-27,79.72895085639387,80.54212880907399,78.539302267601,80.45930480957031,272649000
2010-08-30,80.24848259519527,80.49695459501521,79.28471868078758,79.29224395751953,167238600
2010-08-31,78.99859731936363,79.79671897837743,78.67483234082172,79.29224395751953,273933100
2010-09-01,80.36143142750414,81.77695907308282,80.30872576369235,81.66401672363281,256828100
2010-09-02,81.85980101462661,82.43956344357831,81.68662194159607,82.42450714111328,156112200
2010-09-03,83.2301164574371,83.5689376814057,82.785878186216,83.49364471435547,212197300
2010-09-07,83.10213227444706,83.20754359552512,82.48472064621008,82.55248260498047,141973700
2010-09-08,82.71810515660111,83.46351519615268,82.6804558058777,83.1322250366211,149924400
2010-09-09,84.06587726780494,84.0884645823064,83.29034883266837,83.51622772216797,147017900
2010-09-10,83.66682980240978,84.0357693889669,83.47859449883168,83.9378890991211,127819000
2010-09-13,84.76613256229683,85.04471716560838,84.42730553208557,84.87154388427734,178503500
2010-09-14,84.7059053002856,85.30072968017713,84.3896712991747,84.81884765625,209823600
2010-09-15,84.57037919023271,85.24049658754528,84.31438186743334,85.14261627197266,168608400
2010-09-16,84.87906940641926,85.17271603355205,84.59294805573595,85.12001037597656,199962900
2010-09-17,85.5681544208892,85.65142184071158,84.91715774331828,85.15181732177734,195836900
2010-09-20,85.44698424725725,86.64300121087992,85.17447390680557,86.4537582397461,214555200
2010-09-21,86.52193977731001,86.93069975399854,85.92393094255674,86.27970886230469,268389100
2010-09-22,86.1434193640727,86.62788100147847,85.61353547768384,85.85576629638672,191322400
2010-09-23,85.1517914547647,86.04501877995828,84.91713194758941,85.15936279296875,202354300
2010-09-24,86.10559018602846,86.97610939570438,86.02989411893483,86.9155502319336,209671800
2010-09-27,86.94580011599555,87.04420439208162,86.4159220520894,86.49918365478516,128761800
2010-09-28,86.61273606230122,87.0820607879346,85.6740923862726,86.8019790649414,209207500
2010-09-29,86.58245088020236,86.98365087101058,86.30994051203415,86.65058135986328,179665800
2010-09-30,87.08965305922776,87.6498108646236,85.98446857594152,86.39323425292969,287106700
2010-10-01,87.04423917863183,87.14264926928448,86.24185042540905,86.756591796875,174638700
2010-10-04,86.57492335111282,86.93826681812867,85.67412447310053,86.10559844970703,166153200
2010-10-05,86.9004215257294,88.05101686970872,86.80201143150914,87.83906555175781,229634100
2010-10-06,87.82389533718299,88.05856060154794,87.47568888468486,87.83146667480469,148626600
2010-10-07,88.18729383550976,88.21000208584933,87.19566173573716,87.72554016113281,164860000
2010-10-08,87.84664497391374,88.45979073943163,87.51357528635302,88.21755981445312,177760100
2010-10-11,88.35380722663115,88.54305030044583,87.99802932382113,88.30081939697266,103098300
2010-10-12,88.01313973461409,88.83067095345517,87.54382074898344,88.57330322265625,182210000
2010-10-13,89.06536786439997,89.73907278171214,88.85341075902619,89.26217651367188,194347200
2010-10-14,89.17889480870129,89.33029271685804,88.35379786639577,88.91395568847656,217764300
2010-10-15,89.5346720990312,89.58765992273598,88.38407688062476,89.09562683105469,243705000
2010-10-18,89.12594027388174,89.82992492784523,88.80044186881814,89.53470611572266,141204800
2010-10-19,88.70958810523257,89.20918683373755,87.82392610088749,88.36138153076172,280604700
2010-10-20,88.52034261733502,89.65580106742811,88.46735478734028,89.22432708740234,200051800
2010-10-21,89.62550540843702,90.14781227464287,88.72470668484074,89.4211196899414,221585500
2010-10-22,89.5573897879277,89.72392461577749,89.32273022608858,89.5876693725586,108212400
2010-10-25,90.18566972213911,90.65499457707044,89.78447537005187,89.85260009765625,151145700
2010-10-26,89.39841958214998,89.95857741762752,89.22431920265554,89.86774444580078,158982900
2010-10-27,89.23943686528754,89.70876162774718,88.76254654030012,89.6103515625,190024000
2010-10-28,90.12510982686213,90.16296074760596,89.19403723905636,89.6255111694336,168576000
2010-10-29,89.5346781806857,89.86774782387647,89.37571469877376,89.69364166259766,144305500
2010-11-01,90.13268078640266,90.6474221200564,89.20917376644391,89.72391510009766,174074800
2010-11-02,90.39763491297518,90.6474371697303,90.1554039966419,90.43548583984375,158345900
2010-11-03,90.5944405260188,90.85180832292349,89.66336210287056,90.79882049560547,226702800
2010-11-04,91.8055738705794,92.59282553480199,90.81394228378649,92.54740905761719,215039400
2010-11-05,92.60798435464935,93.04702965548155,92.48687179507775,92.89563751220703,180654100
2010-11-08,92.60796486963504,92.8729097274803,92.30518064679278,92.72151184082031,156107100
2010-11-09,92.9712865437573,93.06969080957276,91.68443665130287,92.05535125732422,186621600
2010-11-10,92.03268466164346,92.4717299389647,91.33627159948962,92.42630767822266,221387400
2010-11-11,91.63148367333633,92.21434970430616,91.3514018907855,92.07809448242188,158017600
2010-11-12,91.4573771918469,91.8585715172219,90.57172114052028,90.98805236816406,239068800
2010-11-15,91.27570436837969,91.63148220734327,90.82152222777825,90.85936737060547,163940800
2010-11-16,90.29920885152175,90.45060097207154,89.0123527258917,89.44383239746094,299566200
2010-11-17,89.48167884439584,89.8601649265269,89.21673974195197,89.48925018310547,172308900
2010-11-18,90.35222185031087,91.13190246137572,90.34465050960166,90.80640411376953,197723700
2010-11-19,90.76097178222808,91.09403563718311,90.26893867632386,91.05619049072266,156852900
2010-11-22,90.60202072903482,91.01835204862208,89.90560179084636,90.98050689697266,181361000
2010-11-23,89.90559148440526,90.09483454668006,89.31515405414629,89.66336059570312,222309000
2010-11-24,90.23108019945974,91.01076638442622,90.21594329719095,90.98805236816406,140046100
2010-11-26,90.2008170545469,90.69284440215937,89.92830657958984,89.92830657958984,76007800
2010-11-29,89.7012164389245,90.44305182484158,89.12591588098313,90.20082092285156,223642300
2010-11-30,89.30758996734293,90.20838303151064,89.17890029368466,89.69364166259766,233930700
2010-12-01,90.9880752685063,91.77532721512708,90.98050970308742,91.60122680664062,221037200
2010-12-02,91.74503056552358,92.84264374741366,91.69204274124196,92.7745132446289,191213600
2010-12-03,92.45657813725904,93.1302828901847,92.4338698967486,93.02430725097656,151288900
2010-12-06,92.82750086537146,93.13786224636874,92.72909655627558,92.92591094970703,103050500
2010-12-07,93.81914440054435,93.87213222810077,92.92591689656467,92.9789047241211,206581000
2010-12-08,93.09243087937985,93.3952150974984,92.66095701579826,93.31951904296875,138019200
2010-12-09,93.84184004824594,93.87968519128347,93.22112310508555,93.68287658691406,123705100
2010-12-10,93.97053171336397,94.31873824444247,93.66017610369738,94.2279052734375,117571700
2010-12-13,94.65938033128968,94.77292154638913,94.25818019539223,94.28845977783203,133812700
2010-12-14,94.43228615449992,94.79563536778308,94.08407962002514,94.3717269897461,147249600
2010-12-15,94.19762012690117,94.56853487882019,93.7812831169231,93.94024658203125,160823100
2010-12-16,94.00081349439601,94.55340577364194,93.67531519845441,94.48527526855469,185035200
2010-12-17,94.41905333276567,94.70821339407537,94.22120391944277,94.58646392822266,141075300
2010-12-20,94.84522764985788,95.04307715179132,94.34300144416646,94.81478881835938,119085500
2010-12-21,95.11155683235964,95.47681699191635,95.02024614668042,95.41593933105469,94965500
2010-12-22,95.48440978484018,95.74313108531821,95.43114329323517,95.71269226074219,78878100
2010-12-23,95.60613767023582,95.71267062936907,95.33980527240273,95.57569885253906,70053700
2010-12-27,95.21804782765372,95.70505728846109,95.1495648436077,95.6137466430664,58126000
2010-12-28,95.80401417529414,95.84205835396564,95.49963171785974,95.75074768066406,55309100
2010-12-29,95.86489026749662,96.0322951010288,95.80401261587815,95.81922912597656,58033100
2010-12-30,95.72790797942977,95.97901810505728,95.52244737910245,95.66703033447266,76616900
2010-12-31,95.5224468629885,95.78117394985243,95.37025855702976,95.68985748291016,91218900
2011-01-03,96.42037294668455,97.09762078578377,95.65180863955858,96.6791000366211,138725200
2011-01-04,96.89215638961761,96.9225952092773,96.0246703489558,96.62582397460938,137409700
2011-01-05,96.3214584738184,97.18894466659597,96.23014199882678,97.12806701660156,133975300
2011-01-06,97.16610105238213,97.27263401958207,96.64865272357753,96.93781280517578,122519000
2011-01-07,97.06718040648423,97.22697986875954,95.99423950103233,96.7475814819336,156034600
2011-01-10,96.32144158362372,96.76279576027237,96.03227569966229,96.62582397460938,122401700
2011-01-11,96.97588813593222,97.20417063721175,96.60301684763388,96.96827697753906,110287000
2011-01-12,97.56180433351449,97.94988624351811,96.99108368960302,97.84335327148438,107929200
2011-01-13,97.881403215357,97.92705854460931,97.44004901387943,97.68354797363281,129048400
2011-01-14,97.54657697015656,98.41406301501488,97.4780939797994,98.3912353515625,117677900
2011-01-18,98.2999371095503,98.64998072006982,98.18579876439468,98.55867004394531,114401300
2011-01-19,98.47494780151338,98.57386381324511,97.33351810116386,97.59223937988281,151958400
2011-01-20,97.37155128107801,97.7063666742301,96.73995885817891,97.4628677368164,175745700
2011-01-21,98.07164149472372,98.29231278985095,97.57701500163638,97.68354797363281,151462900
2011-01-24,97.62268520514624,98.35320541815817,97.59985753704196,98.23906707763672,113715500
2011-01-25,97.98033426810343,98.3760332010811,97.48571931030003,98.29232788085938,167552200
2011-01-26,98.53583215675488,98.96196408277986,98.3379768973689,98.67279815673828,141281500
2011-01-27,98.69563784784478,99.08373145086217,98.52062184502401,98.91632080078125,123302700
2011-01-28,99.03046282234571,99.19026812561607,97.02915771669811,97.18895721435547,295637300
2011-01-31,97.4552937496523,97.99556408507296,97.21178312264946,97.91946411132812,149249200
2011-02-01,98.51302592772066,99.66206130766948,98.4521482662945,99.48704528808594,167194300
2011-02-02,99.22831170975226,99.56313303990946,99.17505101335085,99.29680633544922,118323600
2011-02-03,99.1217647485932,99.66965200966236,98.59671676702479,99.51746368408203,145886700
2011-02-04,99.55550462451049,99.83705358181902,99.09892807802065,99.79900360107422,134634800
2011-02-07,100.01972264173081,100.75023144644685,100.01210567609687,100.42302703857422,112439100
2011-02-08,100.5143117176837,100.93283832622902,100.24036808401993,100.87957763671875,99072800
2011-02-09,100.60562030390925,100.92521923112734,100.14904377289854,100.65127563476562,146436700
2011-02-10,100.14143624448026,100.80346174995259,99.91314798393776,100.68932342529297,162708500
2011-02-11,100.29362717246246,101.41983457972898,100.27079950693313,101.29047393798828,137710300
2011-02-14,101.2296046834732,101.61768664086233,101.11546634636595,101.53398132324219,101690700
2011-02-15,101.22198768995321,101.37417599233467,100.68932282600655,101.21437072753906,119575400
2011-02-16,101.55679780966226,101.97531269261187,101.35133723775587,101.85356903076172,130183500
2011-02-17,101.55679594407125,102.29490969685953,101.46547368533383,102.15794372558594,109810500
2011-02-18,102.24933075881228,102.49284148239866,102.01343700235695,102.37108612060547,130002400
2011-02-22,101.29806874623611,102.39384302248897,100.04250082790945,100.31644439697266,233116400
2011-02-23,100.25558874094264,100.49909934960272,99.08372586763453,99.7000961303711,227584000
2011-02-24,99.59354580132211,100.01967768105708,98.69561510226094,99.63158416748047,260431400
2011-02-25,100.05011512122103,100.75780757589852,99.98923747696314,100.69692993164062,141686900
2011-02-28,101.06978043891048,101.45025692914359,100.73495926970998,101.32088470458984,141585500
2011-03-01,101.64051150547027,101.73182216220694,99.6011511523092,99.63158416748047,258565500
2011-03-02,99.49462958044205,100.30885506703099,99.19025294896862,99.84467315673828,200277400
2011-03-03,100.75017442077767,101.6785380268629,100.74256907067654,101.56439971923828,176480100
2011-03-04,101.48832768279598,101.68618295205118,100.14144883754565,100.80347442626953,277202300
2011-03-07,101.10023877463463,101.32852704820453,99.48702176752876,100.01206970214844,216790400
2011-03-08,100.17190895004407,101.20680607814946,99.73817153326192,100.88720703125,174615000
2011-03-09,100.68936167415607,101.05461606303929,100.14147428521741,100.74262237548828,153806000
2011-03-10,99.68482011210288,99.82178604726892,98.77928439222086,98.87821197509766,301291800
2011-03-11,98.55868841090967,99.92078989891198,98.53586073762447,99.56314086914062,225621800
2011-03-14,98.91631213337206,99.28917177578734,98.20861960890865,98.96196746826172,234974100
2011-03-15,96.3290390079807,98.4140544410215,96.26055602358987,97.82811737060547,359585400
2011-03-16,97.51613200862056,97.8357425182974,95.3322003969045,96.01705932617188,468670300
2011-03-17,97.40198591023571,97.6987571216071,96.71712703568221,97.287841796875,254303700
2011-03-18,98.46711885510669,98.49769574318506,97.4506588981534,97.6417236328125,230435400
2011-03-21,98.85690010750592,99.36130215296802,98.74225426770434,99.15496063232422,153992600
2011-03-22,99.13966491618196,99.26958752909444,98.71932019107379,98.81102752685547,129538600
2011-03-23,98.53590123234984,99.35366390982276,98.06971446612634,99.09381866455078,148603100
2011-03-24,99.65935918484777,100.18669970912046,99.10145343469895,100.04148864746094,159129800
2011-03-25,100.30134481701383,100.78282000647964,100.03384953045953,100.34719848632812,155642800
2011-03-28,100.56117530568125,100.82102050147178,100.07205013527275,100.10261535644531,109762400
2011-03-29,100.01855650790861,100.80574222620815,99.6899307850903,100.77517700195312,129798800
2011-03-30,101.30252707456752,101.76872550476682,101.15731600688255,101.47066497802734,135835000
2011-03-31,101.3407570487739,101.61589077963185,101.22611119161013,101.3331069946289,132537100
2011-04-01,101.95977738928754,102.2349110455643,101.51650585074916,101.76106262207031,153850100
2011-04-04,101.97507644387142,102.1585028086755,101.5547433080714,101.84515380859375,100768900
2011-04-05,101.64643054405414,102.28076681075895,101.60057687734428,101.8298568725586,120791500
2011-04-06,102.31901684908654,102.41072421366323,101.73817244231705,102.15087890625,120411600
2011-04-07,101.96742536597048,102.39540850226709,101.3865927755202,101.89100646972656,170731500
2011-04-08,102.3418951257967,102.40303722705696,101.1190764239183,101.53942108154297,147945400
2011-04-11,101.64642112527746,101.99033525539863,100.98915808612114,101.23372650146484,121385400
2011-04-12,100.6681688847642,100.86687197222787,100.11026323259277,100.47710418701172,161187400
2011-04-13,100.94332688435053,101.01974578490132,100.08736056351609,100.46949005126953,162059000
2011-04-14,99.88863532082895,100.69874788428426,99.56000959332607,100.5458984375,161220400
2011-04-15,100.72932032197699,101.16494180915636,100.43125983232855,100.91273498535156,170006700
2011-04-18,99.80456593295374,100.90510060358106,98.97916492998324,99.7816390991211,210759300
2011-04-19,99.93448318038466,100.38540476543822,99.68992641207684,100.35482788085938,124258800
2011-04-20,101.55470912247534,101.94447689710374,101.48591697028874,101.72284698486328,156133800
2011-04-21,102.25017684173439,102.28839211299109,101.72284808038037,102.24253845214844,135935400
2011-04-25,102.16613957029958,102.30371225712396,101.79929850821304,102.13557434082031,65757100
2011-04-26,102.44892872381371,103.22082617168117,102.34193292250863,103.01447296142578,146600000
2011-04-27,103.21315211162747,103.83983825651474,102.79280744402178,103.6869888305664,143031000
2011-04-28,103.50357517695441,104.16083828438768,103.48829839565639,104.02327728271484,124791100
2011-04-29,104.06149601505244,104.37484496704447,103.92392334714586,104.26783752441406,115094100
2011-05-02,104.75696261680974,104.84101989226298,103.90098480388754,104.10733795166016,126278700
2011-05-03,103.90862940842487,104.08440566348693,103.20550106484944,103.73284149169922,138375000
2011-05-04,103.68701871633046,103.73287239116502,102.5864838736328,103.0450439453125,182678500
2011-05-05,102.47182771347315,103.1367291793333,101.66171520066318,102.11262512207031,226900000
2011-05-06,103.12909335731753,103.65643384130382,102.16611972163307,102.56353759765625,222787200
2011-05-09,102.55592690049704,103.25904384845406,102.39542736398812,102.96098327636719,114104500
2011-05-10,103.3048952603995,104.02330063932554,103.17497262020383,103.83987426757812,114806900
2011-05-11,103.68702173564316,103.70231018158889,102.27314951984908,102.74698638916016,193564200
2011-05-12,102.47182515564405,103.45007552348652,101.94448469795343,103.236083984375,171550700
2011-05-13,103.28961993597584,103.4348310410151,102.07445068065122,102.44129180908203,157444900
2011-05-16,102.07441328683606,102.87688743640727,101.62350335023513,101.79164123535156,141675400
2011-05-17,101.40954134536312,101.91395514767899,100.97390806290805,101.77638244628906,192686200
2011-05-18,101.82984777062723,102.79280967045626,101.60820618578737,102.6858139038086,135217900
2011-05-19,103.02209313550172,103.19786940202154,102.36483007192295,102.93037414550781,119489500
2011-05-20,102.66289242542511,102.93037602515912,101.92156041011835,102.11262512207031,182594900
2011-05-23,100.86688218312224,101.43243794392053,100.56882169092184,100.92802429199219,168700000
2011-05-24,101.21847001292709,101.44010000534098,100.65291412015695,100.84397888183594,147199600
2011-05-25,100.43891988638602,101.60059687220068,100.40835465645257,101.18025207519531,151050100
2011-05-26,100.90511407072418,101.82987258483435,100.71404932217526,101.64644622802734,164850000
2011-05-27,101.92919045479563,102.31131984741215,101.61585321571442,102.03618621826172,120921900
2011-05-31,102.99919551312307,103.11382970604434,102.28842853200828,103.09854125976562,164731200
2011-06-01,102.8004647697706,103.11381373076554,100.69875270626665,100.78282165527344,233094300
2011-06-02,100.85163790733387,101.0656295265172,100.08737879263093,100.67584991455078,200466800
2011-06-03,99.46827607447678,100.43888799543763,99.414784023661,99.67462921142578,234690200
2011-06-06,99.4224234043647,99.62877654337066,98.49002674564282,98.61994934082031,179951200
2011-06-07,99.1243897151118,99.40717347432478,98.47477656376705,98.55884552001953,161660500
2011-06-08,98.4059480699037,98.73458538183468,97.96267661524249,98.14610290527344,198696400
2011-06-09,98.41363583832559,99.30016742575569,98.17671741144052,98.89511108398438,160964400
2011-06-10,98.4747692042686,98.53589965727743,97.25959445614723,97.51943969726562,238629400
2011-06-13,97.74107440531832,98.00856969634421,97.09909970085515,97.59586334228516,207599800
2011-06-14,98.49005087577886,99.17789095376553,98.45184725616839,98.83397674560547,160570400
2011-06-15,98.00855147482875,98.8186639267513,96.816303796891,97.0761489868164,300958000
2011-06-16,97.10671195201594,97.80219019213621,96.54116212687104,97.2901382446289,308032800
2011-06-17,98.25634712244339,98.26402924053204,97.25020646317901,97.5804672241211,233284900
2011-06-20,97.25020952747644,98.28707283202722,97.21948691389295,98.07969665527344,159479000
2011-06-21,98.58664334532926,99.61582486932045,98.11813358896275,99.42381286621094,193157300
2011-06-22,99.1165918953909,99.70030412782366,98.76328467610143,98.8247299194336,176703000
2011-06-23,97.66496851251193,98.8016760617885,96.91996115210952,98.54054260253906,334286500
2011-06-24,98.51750373027784,98.59430148571735,97.25022357072116,97.39614868164062,226129300
2011-06-27,97.45757797969041,98.64036635145655,97.26556604327212,98.26403045654297,168904700
2011-06-28,98.65576105116234,99.56206376503748,98.51751803960362,99.54669952392578,165556300
2011-06-29,99.9998503326832,100.56052210847766,99.56206905334534,100.39923858642578,244295500
2011-06-30,100.72180985812672,101.52057458671544,100.39155485788272,101.35929107666016,223322700
2011-07-01,101.45141259897608,102.99519589607576,101.21331969948716,102.85694122314453,202385700
2011-07-05,102.74945858246178,102.9798753220527,102.44992033683828,102.77249908447266,165936000
2011-07-06,102.52669559602535,103.02592193224375,102.2348337086789,102.89535522460938,143331600
2011-07-07,103.80935206072112,104.22409275050923,103.59429959646353,103.96295928955078,170464200
2011-07-08,102.78786570483433,103.96297821251746,102.44992270820971,103.22564697265625,194100500
2011-07-11,101.95836755297218,102.28862255321617,101.12119808216204,101.35929107666016,195918600
2011-07-12,101.14421105466053,101.98138029761402,100.89075388836218,100.92147064208984,214675700
2011-07-13,101.45142661438206,102.31932434033317,101.01364548182151,101.25941467285156,204062600
2011-07-14,101.5128769663177,101.98138659608138,100.36848151801513,100.56049346923828,226111800
2011-07-15,101.12113980969251,101.28242322680596,100.43757798219818,101.14418029785156,220012800
2011-07-18,100.6757112017184,100.82931842418706,99.56204418947078,100.31472778320312,196872100
2011-07-19,100.87538441719104,102.06586072337,100.85234392322123,101.9429702758789,166554900
2011-07-20,102.20415174853761,102.26558527464965,101.70491352288964,101.88156127929688,137145400
2011-07-21,102.4575805774531,103.54821885968614,101.89690891705132,103.29476165771484,245246300
2011-07-22,103.31781060097946,103.47141784275004,102.73408667497736,103.3638916015625,126019400
2011-07-25,102.38078498647938,103.29476384092617,102.27325875180803,102.78784942626953,136653800
2011-07-26,102.71875690314995,102.88772842236345,102.17343759669116,102.40385437011719,131278200
2011-07-27,101.83547580504171,101.86620428623122,100.17648940526097,100.30706787109375,249020100
2011-07-28,100.30706735569268,101.20568205441953,99.85391015658902,100.01520538330078,207939900
2011-07-29,99.00906342025925,100.26866158150432,98.28709647671361,99.3316421508789,307038400
2011-08-01,100.49135603949665,100.58352973070916,97.94912008366926,98.9091796875,325790900
2011-08-02,98.16417947697464,98.69413429108612,96.38230895996094,96.38230895996094,346653800
2011-08-03,96.51288664403033,97.01211301218636,94.87694112584552,96.90458679199219,370830800
2011-08-04,95.56050863257133,95.7141217128565,92.21181965897263,92.36543273925781,520721800
2011-08-05,93.51752421726702,93.75561721730368,89.75408792191995,92.22720336914062,655619200
2011-08-08,89.79248572996129,92.2579188661944,86.03672598551834,86.22106170654297,702263900
2011-08-09,87.61123162704685,90.35316264316415,84.69264699969767,90.23027801513672,717828700
2011-08-10,88.52519009777735,89.30859626689944,85.98294792303784,86.24408721923828,662607400
2011-08-11,86.98909690626296,91.33624447903699,86.26713008721542,90.11505126953125,487979700
2011-08-12,90.93688477879417,91.55900178646029,90.07666890543878,90.72183227539062,313731600
2011-08-15,91.54364363261037,92.73411452505587,91.39771263647695,92.64195251464844,258810600
2011-08-16,91.75863760892432,92.69565651533699,90.86769967832292,91.85079956054688,294095200
2011-08-17,92.3577463442723,93.08738939769088,91.1826341682611,91.91227722167969,238201100
2011-08-18,89.47756347751407,91.9429960684468,87.08893449015063,87.94915008544922,512956300
2011-08-19,86.75869931410287,89.0013980144438,86.40539794567172,86.51292419433594,428281300
2011-08-22,88.45606390122357,88.50215075394117,86.33625618788513,86.58203125,275090600
2011-08-23,86.90460264878998,89.53132450405927,86.46681567291175,89.43148040771484,331136600
2011-08-24,89.23946843196852,90.81396277688364,89.03209226153659,90.69107818603516,246869700
2011-08-25,91.19030651202935,91.70489706758543,88.9936896088991,89.30858612060547,312365400
2011-08-26,88.85545737460578,91.02135207070765,87.44224628778765,90.60660552978516,314495900
2011-08-29,91.82781553843513,93.26406738500569,90.67574355683318,93.2103042602539,190977200
2011-08-30,92.80322281847658,94.03209820251155,91.5973879323079,93.45606231689453,241315700
2011-08-31,94.05514895456332,94.86160162624515,93.16421640140824,93.87081909179688,301828400
2011-09-01,93.9246048742411,94.77713875237437,92.76485057754537,92.88774108886719,254585900
2011-09-02,90.95224483828112,92.83396599725477,90.19187894158112,90.51445770263672,255517200
2011-09-06,87.85698920385462,89.98448493563846,87.84930708496745,89.85391235351562,285130500
2011-09-07,91.2133537444807,92.42686475355713,90.90613346810792,92.38846588134766,209803200
2011-09-08,91.83548546238643,92.88771317534352,91.22104480990603,91.42842102050781,250568200
2011-09-09,90.38387033565284,91.44377424874793,88.5405543417892,89.0321044921875,380195100
2011-09-12,87.91844363928098,89.67727402522213,87.5958649291277,89.60814666748047,305793500
2011-09-13,89.89999789870755,90.76788980865395,89.26251681436496,90.42994689941406,272514700
2011-09-14,90.89079046473955,92.78019355491325,89.64655655138219,91.681884765625,319389500
2011-09-15,92.66499210281417,93.29479122659534,91.70493210560254,93.26406860351562,326777200
2011-09-16,93.63850125637822,94.1634761838241,92.88963935648627,93.8160629272461,284528300
2011-09-19,92.27972119568338,93.3605523828415,91.65438571806634,92.88189697265625,241517000
2011-09-20,93.27563410504142,94.17889781457433,92.65029859691194,92.77381896972656,218932200
2011-09-21,92.82014507546086,93.10578925325066,89.89418296123715,90.04086303710938,316251300
2011-09-22,87.43142081214452,88.17256062612952,85.92598148530867,87.13033294677734,513911300
2011-09-23,86.55134333265757,88.13398999218585,86.48185832479575,87.65533447265625,307242500
2011-09-26,88.48136865454148,89.8632875975245,87.22297595654389,89.73976135253906,260673700
2011-09-27,91.50770784216297,92.3028890481392,90.20298961679033,90.743408203125,311753900
2011-09-28,90.92869265397515,91.47682722016404,88.75931409214836,88.89055633544922,286696800
2011-09-29,90.36515381708708,90.81292198350792,87.95644368676825,89.59313201904297,298108900
2011-09-30,88.3578649082921,89.12988646586585,87.29247727926088,87.35424041748047,288392300
2011-10-03,86.84466621949917,87.97181650467701,84.775649094501,84.86829376220703,365136800
2011-10-04,83.64852543671881,86.91417885972626,82.93826709504346,86.72888946533203,459177500
2011-10-05,86.94506632615726,88.56631035176912,86.14216323279419,88.33470153808594,284108000
2011-10-06,88.28838132031706,90.06403316875809,87.63216420765208,89.93278503417969,257800800
2011-10-07,90.45776293046907,90.51952606762568,88.82879700081939,89.33061218261719,312657900
2011-10-10,90.85147937726666,92.35691876432931,90.8437575139839,92.31832122802734,230666300
2011-10-11,91.77019921694175,92.67346297202445,91.6775545151166,92.41097259521484,209088000
2011-10-12,93.10578374168016,94.29469745658245,92.89734054617121,93.22158813476562,281544900
2011-10-13,92.67344205875737,93.31422118248494,91.96318384188253,93.03629302978516,212538800
2011-10-14,94.11713973275035,94.64983053896975,93.59216490034918,94.62667083740234,211397600
2011-10-17,94.17890595135002,94.61124201869477,92.58854346484955,92.82015228271484,202311600
2011-10-18,92.75067249640328,95.34466548609599,92.02497032367461,94.63440704345703,318857900
2011-10-19,94.47998810805902,95.02040668670755,93.1907136295206,93.51496124267578,226601300
2011-10-20,93.74658100395993,94.26383405065089,92.50362578485898,93.92414855957031,262075600
2011-10-21,95.02811402196183,95.82330103439614,94.74246986541195,95.7074966430664,278999400
2011-10-24,95.86189814940931,97.12029683156611,95.77697532214513,96.88096618652344,203215600
2011-10-25,96.4177470023531,96.46406639905037,94.78878146453638,94.99723052978516,268596800
2011-10-26,96.00083202182346,96.32507950200966,94.34870717700329,95.96223449707031,289053800
2011-10-27,98.53311774962276,99.91503716337456,97.74565828477668,99.30514526367188,393220200
2011-10-28,98.8187495624667,99.47497253332513,98.66434762229794,99.28196716308594,225906500
2011-10-31,98.17024550398077,99.29739016779806,96.74972304413039,96.88868713378906,228146700
2011-11-01,94.20975942831471,95.35235355766471,93.81602691136946,94.18659973144531,416565800
2011-11-02,95.59944864584936,96.0395007798051,94.79654537002419,95.72296905517578,244717600
2011-11-03,96.71113632620349,97.66072541793974,95.42186175999139,97.46772003173828,291174800
2011-11-04,96.68023228029236,97.04307735223931,95.7383653295774,96.87323760986328,249401600
2011-11-07,96.80376496727632,97.57578638396411,95.88505759659996,97.47542572021484,196617200
2011-11-08,97.98494967813646,98.83417788687902,97.05080453857519,98.72608947753906,224426300
2011-11-09,96.41775470837123,97.1202970280588,94.85055216759869,95.08216094970703,337982000
2011-11-10,96.34054261843025,96.45634699611071,94.97406156390043,95.97769165039062,231866500
2011-11-11,97.14344633993959,98.03898802887538,97.11256477962381,97.78422546386719,189924400
2011-11-14,97.42137387995304,98.3941165185321,96.44090348877444,96.85779571533203,159258300
2011-11-15,96.63394431820355,97.85373988581807,96.28653694682127,97.33648681640625,184709400
2011-11-16,96.35600712165483,97.53719914278953,95.65347057871655,95.79243469238281,235782500
2011-11-17,95.61483795054231,95.85416856159209,93.59214589040926,94.27152252197266,331219600
2011-11-18,94.57265228031513,94.7656576931321,93.77747092191845,94.17120361328125,215580400
2011-11-21,92.79696753879334,92.91277192382795,91.60033793358411,92.38008117675781,229611600
2011-11-22,92.1793662362428,92.71977891825004,91.49998356165486,92.01724243164062,216494900
2011-11-23,91.15256269184941,92.01722874450239,89.98680877685547,89.98680877685547,224329100
2011-11-25,89.84786002138695,90.86692816546491,89.70889591582828,89.81697845458984,99557000
2011-11-28,92.28744368184617,92.78153693244212,91.73158730241168,92.41868591308594,210686000
2011-11-29,92.68115234375,93.41457016672308,92.34146111287171,92.68115234375,199241500
2011-11-30,95.33695497554787,96.67255506462938,92.64260097960718,96.49498748779297,324439500
2011-12-01,96.38690087575283,96.99679868005654,96.06265319955826,96.47954559326172,176954800
2011-12-02,97.36733319006886,97.66069917785117,96.33282153515849,96.39458465576172,221109700
2011-12-05,97.92322976328214,98.18572020454799,96.84240409353495,97.444580078125,225263900
2011-12-06,97.43682229335806,98.13164274638827,97.08941501187095,97.47542572021484,178842100
2011-12-07,97.15116007175068,98.24743482248182,96.47950529305395,97.83826446533203,237802500
2011-12-08,97.19752333280125,97.4136884444297,95.46047468428435,95.69207763671875,240862800
2011-12-09,96.12437233585364,97.56033240449717,96.0394495228652,97.31328582763672,209111400
2011-12-12,96.46410137008333,96.47954510128491,95.0821878204831,95.89280700683594,215826100
2011-12-13,96.39458730400446,96.94272176179244,94.53401300259033,94.99723052978516,245159800
2011-12-14,94.6189429462108,94.98179395446982,93.77744242923221,93.98588562011719,238618800
2011-12-15,94.98178612492443,95.11302834133181,94.17888321093231,94.32556915283203,199109200
2011-12-16,94.96264104339423,95.52201673747257,94.24010743687245,94.46540832519531,220481400
2011-12-19,94.83056303042828,95.0325632717933,93.25342120638888,93.4554214477539,183903000
2011-12-20,94.92383325401079,96.44659169080722,93.5176136926016,96.28343963623047,225418100
2011-12-21,96.28343577249053,96.61751070724074,95.36667241160022,96.46989440917969,194230900
2011-12-22,96.82724370274623,97.42547360714178,96.51648138750882,97.32447052001953,119465400
2011-12-23,97.635244172214,98.22570327322003,97.4332498416003,98.19462585449219,92187200
2011-12-27,98.02372538803296,98.5287231846505,97.93826394887863,98.2723388671875,86075700
2011-12-28,98.2878342424146,98.30336998430005,96.90492204561583,96.98261260986328,119107100
2011-12-29,97.30119463444221,98.08588336100593,97.00596797086789,97.9848861694336,123507200
2011-12-30,97.90717609533789,98.14802463794501,97.50318145751953,97.50318145751953,95599000
2012-01-03,99.25900709778801,99.7406982060741,99.00262283398679,99.0570068359375,193697900
2012-01-04,98.82392063870451,99.29784086946893,98.44323265785496,99.2123794555664,127186500
2012-01-05,98.6763212363428,99.62415587532755,98.22570753634906,99.4765396118164,173895000
2012-01-06,99.60086477893839,99.61640645509917,98.89387262635358,99.22017669677734,148050000
2012-01-09,99.44545686317115,99.58529634657029,98.98707830559981,99.46099853515625,99530200
2012-01-10,100.5253967712843,100.72739113778346,100.18355103195867,100.32340240478516,115282000
2012-01-11,100.01259437971437,100.50982114491717,99.84944833048755,100.37774658203125,111540700
2012-01-12,100.66523922013633,100.76623046702043,99.86500302593309,100.61861419677734,118983700
2012-01-13,99.94268707662926,100.26122616164862,99.22792425366417,100.09806823730469,179836200
2012-01-17,101.0614651668504,101.24792969979801,100.14469603172178,100.48654174804688,132209200
2012-01-18,100.46321399705897,101.65189698895286,100.28452626656313,101.59751892089844,163395200
2012-01-19,101.94714905694504,102.21907501391811,101.62084502147185,102.13361358642578,126328900
2012-01-20,101.96267733010406,102.5142822265625,101.71405799014003,102.5142822265625,138230200
2012-01-23,102.17241794762839,102.74734117543805,101.76065261379867,102.25011444091797,129295800
2012-01-24,101.62084502147185,102.16468508059383,101.4654638409833,102.13361358642578,103083300
2012-01-25,101.97824738188281,103.22908577437461,101.58202348916576,102.98824310302734,198613200
2012-01-26,103.44660755942085,103.64083702299831,102.0559298163296,102.45993041992188,184880500
2012-01-27,101.96269345610635,102.59199495953695,101.89276184641723,102.4133071899414,135259100
2012-01-30,101.39552522747955,102.11806485632415,101.0459146318298,102.06367492675781,147311800
2012-01-31,102.56868901503867,102.69298685063265,101.52761017631413,102.02484893798828,157212000
2012-02-01,102.77847592849575,103.43886096351723,102.65417805946548,102.91832733154297,166234500
2012-02-02,103.12026914918356,103.34558189061765,102.71628053492537,103.0814208984375,113090400
2012-02-03,104.10698176396555,104.58866699052366,103.92829399521406,104.5265121459961,160598500
2012-02-06,104.09142885280542,104.50319428038048,103.97489594116085,104.45658111572266,107694500
2012-02-07,104.23904085827245,104.89942561017934,103.82727544749562,104.7207260131836,135528100
2012-02-08,104.77512512695083,105.05481598283585,104.34781800617876,105.03150939941406,139361400
2012-02-09,105.20240720802536,105.3422466752722,104.54202255539293,105.16355895996094,148602900
2012-02-10,104.2312765531488,104.47211913199939,103.9826572105787,104.38665771484375,167907500
2012-02-13,105.13248747440194,105.28786861183872,104.68187387746066,105.16355895996094,115841900
2012-02-14,104.88389313452701,105.09366424014671,104.3012048393352,105.03150939941406,165329500
2012-02-15,105.37335323671564,105.52873440839367,104.33227449134344,104.54204559326172,195195100
2012-02-16,104.54981876875131,105.79287995433035,104.36335425624407,105.69965362548828,186567800
2012-02-17,106.06483155758481,106.1502929979821,105.62975944458981,105.9793701171875,129869400
2012-02-21,106.22796481418852,106.4765841942778,105.69966641373557,106.02597045898438,134042300
2012-02-22,105.86282322527384,106.08813604314089,105.49767088306923,105.68413543701172,124455300
2012-02-23,105.62972752917683,106.22794557638383,105.2723401987272,106.15026092529297,137704300
2012-02-24,106.38335418701172,106.5931253232538,106.15028831877102,106.38335418701172,105539100
2012-02-27,105.6763564688622,106.84949801244562,105.50543361419122,106.56204223632812,145728900
2012-02-28,106.5931118729531,106.99711241830117,106.3833407631807,106.872802734375,129355900
2012-02-29,107.02817381709315,107.36225457928161,106.08033331249732,106.45326232910156,185934700
2012-03-01,106.67857116045792,107.20688137914232,106.38333863075712,107.00487518310547,145023500
2012-03-02,106.93495023895073,107.0748015874777,106.43772339218745,106.6785659790039,120638300
2012-03-05,106.51543335266703,106.59311801848176,105.87835507693323,106.2435073852539,140765000
2012-03-06,105.15579914959089,105.2179421237212,104.38664647798677,104.68964385986328,202129900
2012-03-07,104.93049050475875,105.59087521515562,104.82948742192062,105.41995239257812,143692200
2012-03-08,106.06480711017548,106.68634363754695,105.84727110381895,106.46879577636719,116968900
2012-03-09,106.67079075352174,107.16024078897266,106.5387161817447,106.88056182861328,122836800
2012-03-12,106.86504485501327,107.02819095292828,106.5076574539201,106.88835144042969,104003500
2012-03-13,107.46325721347024,108.86947629166181,107.28455761488097,108.8150863647461,184090500
2012-03-14,108.84621708655405,109.11813127501786,108.36451986286086,108.69860076904297,145163600
2012-03-15,108.86172540719325,109.37449403362805,108.58203450684931,109.327880859375,165118500
2012-03-16,109.5260502260127,109.61968510186625,109.24513369167741,109.47923278808594,152893500
2012-03-19,109.40901847420638,110.24395732341958,109.33098146469818,109.9084243774414,125291100
2012-03-20,109.28417565791848,109.72115438143017,108.96424055435557,109.5885009765625,121729700
2012-03-21,109.65097105624535,109.75240493091111,109.18277257994444,109.40907287597656,122388400
2012-03-22,108.60527034441976,108.89399774079767,108.26193847611356,108.62088012695312,135216700
2012-03-23,108.71454230804883,109.09689273343696,108.11369061658269,108.97203826904297,120521000
2012-03-26,109.75235003769862,110.50146484374999,109.71334343983445,110.50146484375,120164000
2012-03-27,110.6029087148821,110.67313487798798,110.08789303855428,110.15811920166016,119868500
2012-03-28,110.10351496851273,110.27518687956146,108.96423882307818,109.61190795898438,148562100
2012-03-29,108.96418857777016,109.62746719249778,108.53500899805061,109.42457580566406,164963700
2012-03-30,109.96304847818847,110.06449421631554,109.28417169355792,109.87721252441406,135486800
2012-04-02,109.74456924716655,110.96968143615284,109.52607987318316,110.68095397949219,151741100
2012-04-03,110.52485882712412,110.71214048035768,109.580663530553,110.22833251953125,155806700
2012-04-04,109.41684192063423,109.51047682759652,108.73015418483449,109.13592529296875,146896000
2012-04-05,108.76133755326941,109.4011957158099,108.66769077070218,109.08126068115234,137439400
2012-04-09,107.70789224498796,109.12027378326809,107.55962909446812,107.85615539550781,127555900
2012-04-10,107.64551661510745,107.949841998993,105.93660795683492,106.04585266113281,235360300
2012-04-11,107.1304630744169,107.32554368537436,106.70909419373004,106.9041748046875,154133000
2012-04-12,107.0056002464556,108.38676213731564,106.92756325415662,108.3009262084961,154321500
2012-04-13,108.0512657970108,108.32438345562383,106.91198962083715,107.01343536376953,169246700
2012-04-16,107.55967170319443,107.71573385254213,106.576469446203,106.94322204589844,147825300
2012-04-17,107.55964047202421,108.74573389487276,107.45039580852338,108.5272445678711,147877600
2012-04-18,108.04344072103179,108.52723678085437,107.98101350254267,108.16048431396484,123884200
2012-04-19,108.17611502936708,108.58187416790658,106.95881380019507,107.46601867675781,198666700
2012-04-20,107.94200362975101,108.33216484641022,107.58305007144335,107.64547729492188,143199600
2012-04-23,106.54525288822747,106.83398037481139,106.07706642693147,106.7403335571289,171844900
2012-04-24,106.83394817424129,107.41919000454924,106.7481122295251,107.14607238769531,137484200
2012-04-25,108.191717297777,108.65991559266455,108.09808240151038,108.61309814453125,150252200
2012-04-26,108.37898985318859,109.49485720225509,108.31656262535206,109.37000274658203,136291600
2012-04-27,109.69771688625212,109.86157791120343,109.08906640859912,109.54945373535156,130725000
2012-04-30,109.33096603953817,109.40900303803637,108.84716998781724,109.14368438720703,115092200
2012-05-01,109.08127020556887,110.54048128580398,108.95642766253634,109.82258605957031,138832200
2012-05-02,109.18270643194234,109.6040871866773,108.82376480345292,109.49484252929688,121081000
2012-05-03,109.51047618616593,109.59631215263813,108.45704776867456,108.65992736816406,143759700
2012-05-04,108.090268253206,108.69891880685122,106.84174758036804,106.9041748046875,193927300
2012-05-07,106.52184695907053,107.34118817133833,106.48284034968873,106.98224639892578,127765900
2012-05-08,106.34236437090775,106.72472673636527,105.2811251447108,106.55305480957031,213377700
2012-05-09,105.4215688346148,106.59985145971199,104.94557165898136,105.92097473144531,220752500
2012-05-10,106.65446144486663,106.78712673272935,105.89755966025484,106.13945770263672,150600000
2012-05-11,105.47620570724999,106.80275176216949,105.42938825576007,105.81954956054688,153032400
2012-05-14,104.80508704326812,105.81950842270827,104.49296288348968,104.6490249633789,163910000
2012-05-15,104.57882802260515,105.19527757771439,103.88434145236862,104.04820251464844,207629300
2012-05-16,104.51640417261642,104.99240140402559,103.62683694256388,103.6502456665039,207265500
2012-05-17,103.67363615735042,103.79849060092384,102.05836304890377,102.11299133300781,247992900
2012-05-18,102.51097720267163,102.69045997539162,101.09079624763787,101.23905944824219,319615900
2012-05-21,101.56678226458595,103.01818263096878,101.40290929607544,102.97916412353516,177861100
2012-05-22,103.24445104942515,103.9623462022625,102.48753739666496,103.15861511230469,197531200
2012-05-23,102.41734729127374,103.36154293195115,101.43414504371783,103.2132797241211,204958400
2012-05-24,103.49418997660798,103.65805105438237,102.54999439410318,103.41615295410156,167357600
2012-05-25,103.37714195356203,103.66586943239051,102.83091847666581,103.08062744140625,135465600
2012-05-29,103.9077403078425,104.50858002151153,102.35489434578047,104.32910919189453,152883500
2012-05-30,103.43956811574802,104.32133651646895,102.60462907551153,102.8153076171875,162370400
2012-05-31,102.77633207117049,103.35376338375686,101.70728162576123,102.58905029296875,196186000
2012-06-01,100.98154485787087,102.61241614274111,100.00614166259766,100.00614166259766,253240900
2012-06-04,100.18560071462915,100.45871833984293,99.21019763425977,99.95931243896484,202545800
2012-06-05,99.76420925776807,100.86446065346018,99.70958693249807,100.7162094116211,164149400
2012-06-06,101.41851908040424,103.0259815697448,101.38729951174663,102.97916412353516,184202800
2012-06-07,104.14961349775054,104.196430928493,102.83086696689777,103.04155731201172,184772700
2012-06-08,102.77623827977048,103.88429433268233,102.44849249031569,103.86088562011719,143915400
2012-06-11,104.69585316379096,104.75828038352148,102.44072194316529,102.54216766357422,169756100
2012-06-12,102.83869836718726,103.79069278205222,102.3471032824319,103.72046661376953,181931800
2012-06-13,103.41616221840185,104.06383146153574,102.70606573302602,103.05722045898438,172223900
2012-06-14,103.267882291606,104.56322056821183,102.98696570037553,104.14965057373047,230615500
2012-06-15,104.61871478869979,105.30894855779891,104.39909332101294,105.21482849121094,169444500
2012-06-18,104.77558087059235,105.6775967176514,104.54026874617249,105.41875457763672,131360900
2012-06-19,105.95215063052021,106.8698573269457,105.39524555740344,106.4384536743164,137382600
2012-06-20,106.44626659688737,106.75216871868646,105.31677815686922,106.26585388183594,206451800
2012-06-21,106.39134560819534,106.50115630943425,103.79509748224979,103.88137817382812,205272200
2012-06-22,104.42261538764838,104.87754895564207,104.02258119816057,104.68145751953125,130029200
2012-06-25,103.57550573791607,103.61472642140386,102.63426917657026,103.00292205810547,146375700
2012-06-26,103.30096266289152,103.83433757471573,102.6969977088831,103.52058410644531,141634000
2012-06-27,103.86572797275345,104.65793319969475,103.51276572187756,104.4540023803711,108088000
2012-06-28,103.76373146315555,104.31279701881111,102.97152642796509,104.15591430664062,169242100
2012-06-29,106.04622292288965,106.88549982965368,105.77170215381706,106.75215911865234,212250900
2012-07-02,107.0502309720173,107.18357170926897,106.29724657712887,107.07376098632812,129524500
2012-07-03,107.050212124112,107.85810772246347,106.94040142050507,107.77967834472656,80450000
2012-07-05,107.37968435116105,108.08562082534009,106.90122068487999,107.29340362548828,126177500
2012-07-06,106.25799860835154,106.49331065949893,105.77169581285688,106.27368927001953,151192100
2012-07-09,106.18743325745127,106.33646465675609,105.6540583530167,106.14037322998047,103780500
2012-07-10,106.68158871507796,106.85415014947084,104.85401495516975,105.21482849121094,167884800
2012-07-11,105.26974284078129,105.57564503437764,104.61871776856903,105.23052215576172,141733400
2012-07-12,104.61869794906488,105.28540159420305,104.00689367777552,104.72065734863281,143583200
2012-07-13,104.99521019688461,106.58747186997483,104.97951952915494,106.4776611328125,129642600
2012-07-16,106.23449011060309,106.5403922484938,105.81092593908026,106.22663879394531,97525200
2012-07-17,106.65019073167184,107.17571424322867,105.53639302484662,106.95609283447266,138860300
2012-07-18,106.70512873841254,107.96011893014818,106.64239000045188,107.74833679199219,113349700
2012-07-19,107.96793473205673,108.38364759909999,107.62282387464921,108.03068542480469,129847300
2012-07-20,107.41891172885266,107.58363384029522,106.92476933147354,107.04241943359375,142904500
2012-07-23,105.47363524386107,106.97177629943464,104.9794811231769,105.9599380493164,145210900
2012-07-24,106.03837996301016,106.08543998076388,104.3441475130661,105.0500717163086,173301200
2012-07-25,105.26972270573967,105.54424351142342,104.51672639019738,105.0736312866211,129122300
2012-07-26,106.58746929026812,107.03456354619776,106.09331500076114,106.80709075927734,156526500
2012-07-27,107.37183127747873,109.08175490358659,106.78355694175544,108.77584075927734,236768900
2012-07-30,108.65035133036176,109.29352504714713,108.45425988512065,108.77584075927734,106782000
2012-07-31,108.62680364178776,108.92485445150304,108.01499938964844,108.01499938964844,120575900
2012-08-01,108.79152196924386,108.81505198314966,107.77184414893236,107.9208755493164,138293800
2012-08-02,107.1051683017586,107.90522488783596,106.34433240520472,107.1757583618164,199556600
2012-08-03,108.68168274288365,109.52879892672152,107.20707175970651,109.30133819580078,157825000
2012-08-06,109.59160971608001,109.94457199416706,109.46610829367926,109.51316833496094,86326200
2012-08-07,109.95235689885506,110.53279171368398,109.83470685390859,110.06217956542969,109545100
2012-08-08,109.6935705970375,110.32105371191011,109.66218926020994,110.19556427001953,89754700
2012-08-09,110.0386243848019,110.50924844505603,109.92881369987154,110.28962707519531,90291700
2012-08-10,109.84257488856223,110.50929056663557,109.66217411637253,110.4700698852539,99792700
2012-08-13,110.28183564257368,110.47007577368493,109.84258074354561,110.41517639160156,79426900
2012-08-14,110.82302238112236,110.89362438881862,110.10140738705026,110.43083953857422,102379400
2012-08-15,110.31316878859798,110.74457222820342,110.24257876260843,110.55632019042969,71085900
2012-08-16,110.71325481931167,111.5054721298816,110.43873390360369,111.37213134765625,112014200
2012-08-17,111.56036174204344,111.61527310145456,111.27015018079655,111.5211410522461,90813700
2012-08-20,111.3642391179468,111.5524911952439,111.05833697263326,111.52896118164062,78255700
2012-08-21,111.80347754507686,112.23488105807893,110.94852183560843,111.1916732788086,105581100
2012-08-22,110.90928731113806,111.41913211502022,110.6504572041225,111.23873138427734,133243500
2012-08-23,110.96421460102167,110.97205394923546,110.15631890159078,110.3288803100586,111466400
2012-08-24,110.05437642118594,111.24661592851947,109.98378636332062,110.99561309814453,99481200
2012-08-27,111.29365205336967,111.44268345582311,110.86224851165473,111.01911926269531,68785900
2012-08-28,110.73677843929957,111.25446283575633,110.57206829309256,110.90933990478516,75689600
2012-08-29,111.00346441688981,111.29367596709635,110.68971087892115,110.99561309814453,65421300
2012-08-30,110.5171451774261,110.54852651425368,109.96025211770569,110.19556427001953,96589900
2012-08-31,110.82302110587226,111.23874592518239,110.0935667719925,110.72106170654297,151970400
2012-09-04,110.62690367732293,110.95634771607078,109.91314017594948,110.61906433105469,120226200
2012-09-05,110.66612052948832,110.96418323594989,110.30531911810904,110.52494049072266,100660300
2012-09-06,111.19168951028298,112.77611174911209,111.18385016107325,112.76827239990234,158272500
2012-09-07,112.95653956298364,113.25460246289923,112.8545801249664,113.2075424194336,107272100
2012-09-10,113.09770601947534,113.29379746843941,112.52512233967246,112.5643310546875,86458500
2012-09-11,112.63493079853934,113.23888383185641,112.60354946499416,112.87808227539062,88760000
2012-09-12,113.25456237792969,113.3800637617351,112.87021887820212,113.25456237792969,87640900
2012-09-13,113.238908354969,115.33316400494469,112.94085743257544,114.9802017211914,225470200
2012-09-14,115.20761815190588,116.17238444681344,115.11348614543702,115.489990234375,169777000
2012-09-17,115.2546948388559,115.45078625869375,114.80760065675976,115.09782409667969,119427800
2012-09-18,114.90174847197041,115.15273930026103,114.71349637439836,115.00370788574219,98326600
2012-09-19,115.13700390038142,115.43506661361597,114.8389531556143,115.06641387939453,128318300
2012-09-20,114.54092015393127,115.13703376656291,114.22717866696104,115.07429504394531,154009800
2012-09-21,115.63335772022923,115.65701333665069,114.97885759039924,115.02616882324219,108737500
2012-09-24,114.45843812473447,115.1129384155918,114.37169683239527,114.85271453857422,95682000
2012-09-25,115.09716359956198,115.31795740489241,113.59890616926552,113.63045501708984,133165200
2012-09-26,113.60680434268274,113.63834115951988,112.72361705055607,112.9917221069336,146502200
2012-09-27,113.46486741476812,114.31650592396352,113.16521348587675,114.05628204345703,111830300
2012-09-28,113.62257659264375,113.99319739252736,113.12579648210564,113.5279541015625,150696100
2012-10-01,113.96165873883336,114.8842641091116,113.55948909348756,113.82760620117188,135911200
2012-10-02,114.27708310311318,114.4584468983204,113.41756334282445,113.94589233398438,113422200
2012-10-03,114.25337131311373,114.67918436913565,113.65407574439791,114.41107940673828,121283100
2012-10-04,114.84480604649748,115.39679048820936,114.68709792491671,115.231201171875,124311600
2012-10-05,115.84627890792234,116.04341708098775,114.89212485604773,115.23908996582031,124842100
2012-10-08,114.81325841864906,115.22329708965792,114.58457143639674,114.84479522705078,78415400
2012-10-09,114.75812761567363,114.85275013396516,113.66992052586103,113.7093505859375,148872900
2012-10-10,113.69352595152417,113.80393488393075,112.83400637027611,112.98383331298828,124247500
2012-10-11,113.77234945822565,113.93795077123384,113.02322701787277,113.04688262939453,123601500
2012-10-12,113.12575024489546,113.5121332804609,112.43182017429473,112.67626953125,124181900
2012-10-15,112.94442555689166,113.73297843635793,112.58169797045993,113.61470031738281,107689100
2012-10-16,114.15088292912745,114.84481314580928,114.07203487964215,114.76595306396484,108815500
2012-10-17,114.84480466386091,115.38102670960993,114.67132212250313,115.28639221191406,128834100
2012-10-18,114.98674774169922,115.53873216403242,114.60035262988697,114.98674774169922,148108500
2012-10-19,114.77386411878736,114.7817453152523,112.8024820900633,113.07058715820312,185645200
2012-10-22,112.88134092422348,113.2913917943909,112.19530376311351,113.08637237548828,125578600
2012-10-23,111.86407016504074,112.0217782755349,111.05186196525617,111.51710510253906,192056300
2012-10-24,111.91927207162182,112.05333661087603,111.02821575727333,111.20169830322266,120179400
2012-10-25,111.99027208149667,112.19529147795008,110.84687292739264,111.52501678466797,134457400
2012-10-26,111.42251453307989,111.84832775652235,110.7049285877392,111.46194458007812,146023500
2012-10-31,111.8562209853386,111.99815471569909,110.93360360855142,111.46194458007812,103438500
2012-11-01,111.69849167608163,112.77092389211006,111.59598800108981,112.62899017333984,100995600
2012-11-02,113.29924556505503,113.33079441101046,111.50923960876061,111.62751770019531,137702200
2012-11-05,111.46196284896432,112.10857000274424,111.1307600257829,111.85623931884766,98378500
2012-11-06,112.19526144192788,113.17307098429916,112.07698336647708,112.73148345947266,107068100
2012-11-07,111.7064151502769,111.72217754616813,109.65617264226928,110.17662048339844,264304500
2012-11-08,110.16083014046887,110.72070795516842,108.76508823448505,108.8518295288086,181517300
2012-11-09,108.52058606484151,109.95575732246536,108.46539364927827,108.9464111328125,201055300
2012-11-12,109.28550318545709,109.45898572201288,108.78872322382723,109.03317260742188,97677500
2012-11-13,108.45753254128172,109.80596294602393,108.31559883149794,108.65467071533203,123018300
2012-11-14,108.98585339131681,109.15932388280552,106.94349313919751,107.18794250488281,191505000
2012-11-15,107.22742380114138,107.62959349521144,106.59657905214667,107.00662994384766,178128400
2012-11-16,107.16433705063014,107.74787054327442,106.21807595278855,107.53495788574219,239483900
2012-11-19,108.74136799436825,109.72705846579056,107.56643265313966,109.71129608154297,151495800
2012-11-20,109.53788078314365,109.94003841050746,108.88338046478638,109.75867462158203,119807400
2012-11-21,109.85331765974328,110.05834914261173,109.63252378001113,109.96371459960938,81710800
2012-11-23,110.49990918865372,111.50136259471537,110.42893029111247,111.46194458007812,65409200
2012-11-26,110.90992115894316,111.46979881322366,110.54719369196546,111.22534942626953,100124400
2012-11-27,111.11497006772409,111.49347201586136,110.58664117301832,110.65760803222656,128646200
2012-11-28,110.20814133293285,111.6117644350474,109.60884550212535,111.54869079589844,177086500
2012-11-29,111.96662625283625,112.37666508160567,111.47771529182364,112.06912994384766,151085900
2012-11-30,112.08489224130948,112.30568605825017,111.70639027403408,112.0927734375,136568300
2012-12-03,112.6053531984354,112.6999756932829,111.45406070422227,111.54080200195312,124656300
2012-12-04,111.53290648131704,111.87197839921686,111.08342562379167,111.3830795288086,127512200
2012-12-05,111.4777454793348,112.10070915295094,110.68919239643395,111.58026123046875,147300500
2012-12-06,111.47768448870806,112.00601332131349,111.31209517001905,111.95870208740234,103220600
2012-12-07,112.39241299899398,112.5185843161003,111.71425720999623,112.29779052734375,108726400
2012-12-10,112.14009627022921,112.61322071937062,112.09277299619058,112.3451156616211,98840700
2012-12-11,112.8103619539587,113.63834480271449,112.75516951463412,113.11001586914062,152570400
2012-12-12,113.55162507545131,113.98533160547602,113.00752161345333,113.16522979736328,145880100
2012-12-13,113.09424968263305,113.41755924284354,112.18741870701622,112.47129821777344,135715000
2012-12-14,112.22684256748957,112.431861968034,111.87987740321357,112.05335998535156,137701700
2012-12-17,112.34515601489117,113.43336309380254,112.31360715420004,113.37027740478516,143238200
2012-12-18,113.55157611529712,114.7344050331648,113.38597477255814,114.63188934326172,177762800
2012-12-19,114.75810628495013,114.79753633769752,113.74087830529896,113.7802963256836,150895400
2012-12-20,113.85127771744992,114.4505736222516,113.53584932095193,114.43479919433594,168487000
2012-12-21,112.90364510383262,114.42840275072383,112.72099506281194,113.39601135253906,245883800
2012-12-24,113.14981572903524,113.21334880534957,112.91951893037916,113.04658508300781,53874600
2012-12-26,113.27688772558207,113.33248371436102,112.25244559668911,112.57009887695312,106947700
2012-12-27,112.60187766005235,112.83218662571937,111.11682955101182,112.41922760009766,167920600
2012-12-28,111.68863001635086,112.3080625778708,111.07713454798392,111.2042007446289,148806700
2012-12-31,110.91035360859163,113.21337050740262,110.81504791700321,113.09425354003906,243935200
2013-01-02,115.23849908398346,116.06440539538359,114.93671979822986,115.99293518066406,192059000
2013-01-03,115.93734350140362,116.23911064922004,115.42114148839991,115.7308578491211,144761800
2013-01-04,115.92142895787447,116.42968163417636,115.68318286511115,116.23908233642578,116817700
2013-01-07,115.8261236559384,116.03259711934896,115.4925718891775,115.92141723632812,110002500
2013-01-08,115.7149491872028,115.87377586784997,115.1352142321771,115.58788299560547,121265100
2013-01-09,115.84202704763072,116.19940229959256,115.6593769332668,115.8817367553711,90745600
2013-01-10,116.52495410693966,116.81084694290472,115.92140794999008,116.80290985107422,130735400
2013-01-11,116.77118553638586,116.8585420534355,116.4297086810025,116.7950210571289,113917300
2013-01-14,116.652004945519,116.79495740355549,116.28669276848872,116.71553802490234,89567200
2013-01-15,116.1755762249663,116.90620097721913,116.10410601584455,116.7950210571289,93172600
2013-01-16,116.55671589496154,116.96172565929267,116.42964973127856,116.7790756225586,104849500
2013-01-17,117.2952851211232,117.86707083686377,116.85850268302994,117.53353118896484,133833500
2013-01-18,117.50976891968463,117.92272817757497,117.08092335095495,117.79566192626953,169906000
2013-01-22,117.7956273975026,118.43094635009766,117.51767156896067,118.43094635009766,111797300
2013-01-23,118.43091857860875,118.72474852673052,118.21649590737753,118.62150573730469,104596100
2013-01-24,118.44682704449232,119.23303565475405,118.335647130509,118.65331268310547,146426400
2013-01-25,119.02654354787508,119.32037353515625,118.6215215462714,119.32037353515625,147211600
2013-01-28,119.35217591642318,119.38394853672388,118.73274311530517,119.17747497558594,113357700
2013-01-29,118.93920689350456,119.79688571813418,118.8597874750807,119.64599609375,105694400
2013-01-30,119.63013181438563,119.86837799582429,119.06628292223762,119.17747497558594,137447700
2013-01-31,119.03439626715783,119.42353168835928,118.80409954371457,118.88350677490234,108975800
2013-02-01,119.63805033587776,120.24954594583326,119.43157680679641,120.10660552978516,131173000
2013-02-04,119.3759448172532,120.13038053934119,118.66914376362323,118.75650024414062,159073600
2013-02-05,119.39978141770182,120.29715759751905,119.35212250857724,119.95568084716797,113912400
2013-02-06,119.53477717909134,120.12243705997072,119.44742069440683,120.04302978515625,138762800
2013-02-07,120.08274505199236,120.19392493604857,119.01064379182998,119.88420867919922,162490000
2013-02-08,120.09071696445655,120.62279314369216,120.09071696445655,120.55132293701172,103133700
2013-02-11,120.5035890295441,120.63064304368194,120.22563338087518,120.52741241455078,73775000
2013-02-12,120.535375797297,120.94833475698456,120.40037254691174,120.7259750366211,65392700
2013-02-13,120.9721837513805,121.19454351880721,120.4877545185512,120.82923126220703,82322600
2013-02-14,120.4639343931624,121.08336692176468,120.32893111053872,120.94041442871094,80834300
2013-02-15,121.05162857374972,121.17869479960268,120.35278856696303,120.7975082397461,215226500
2013-02-19,121.00396019493216,121.72663559321144,120.83719640622161,121.70281219482422,95105400
2013-02-20,121.61543840965797,121.65514810722611,120.12244102852442,120.18597412109375,160574800
2013-02-21,119.88420575327552,120.24950588438813,119.07417397909374,119.45536041259766,183257000
2013-02-22,120.03504697694972,120.62271881103516,119.51092033324603,120.62271881103516,106356600
2013-02-25,121.21044242601442,121.39309251445874,118.32769012451173,118.32769012451172,245824800
2013-02-26,118.89947972748773,119.28066622101228,118.11327122424946,119.13772583007812,186596200
2013-02-27,119.03444152988621,120.97215804951419,118.93119876062369,120.63861846923828,150781900
2013-02-28,120.63073333470467,121.40105567368197,120.24160967654456,120.40043640136719,126866000
2013-03-01,119.98747619706138,120.9801583658458,119.44746291373974,120.7975082397461,170634800
2013-03-04,120.51950798300906,121.44071960449217,120.32892083214897,121.44071960449219,99010200
2013-03-05,122.02844395521392,122.85435023795567,122.01255764659302,122.52874755859375,121431900
2013-03-06,122.96550984829695,123.02904295458151,122.42549662142963,122.69550323486328,94469900
2013-03-07,122.85433645821658,123.07669628315658,122.71139604977014,122.9178695678711,86101400
2013-03-08,123.45784949679214,123.60872694426995,122.82253075180664,123.44196319580078,123477800
2013-03-11,123.34669353167911,123.91846718351745,123.19580393725947,123.91053009033203,83746800
2013-03-12,123.8231676459643,123.96612014033101,123.25933111439839,123.632568359375,105755800
2013-03-13,123.69610160625223,123.98199447763652,123.27520545083911,123.80728149414062,92550900
2013-03-14,124.13290619971136,124.52204193555882,123.81525278273052,124.46644592285156,126329900
2013-03-15,124.31803520408434,124.46958369514594,123.88728256584886,124.30207824707031,138601100
2013-03-18,123.11357091916585,124.15055434345808,123.00189653018641,123.6161117553711,126704300
2013-03-19,123.8793485318994,124.04685403184246,122.5153143172417,123.32894897460938,167567300
2013-03-20,124.05476498518158,124.39776034831145,123.84736111762541,124.19036865234375,113759300
2013-03-21,123.44853688254624,124.1504968146261,122.92207910507622,123.12947082519531,128605000
2013-03-22,123.52037130363712,124.1186294555664,123.42464172264502,124.1186294555664,111163600
2013-03-25,124.44563366359395,124.65303755553182,123.12149856969545,123.60009765625,151322300
2013-03-26,124.1106296962449,124.62114276986168,123.97502599233329,124.58924102783203,86856600
2013-03-27,123.84739468103115,124.62912733406291,123.640002928859,124.58924102783203,99950600
2013-03-28,124.5095058255696,125.11574865061094,124.23829833625922,124.97216033935547,102932800
2013-04-01,124.90833301867711,125.1635956941783,124.17447108400263,124.47759246826172,99194100
2013-04-02,124.92430209468979,125.40291357187594,124.73285506949624,125.0918197631836,101504300
2013-04-03,125.1635832688877,125.25930067690142,123.49644016415262,123.82347869873047,154167400
2013-04-04,123.98302683950139,124.57331266105271,123.71181936943508,124.32603454589844,131885000
2013-04-05,122.80250462518117,123.91926093680074,122.65892845214911,123.7677001953125,159666000
2013-04-08,123.85542087671729,124.61321226345329,123.44062506135604,124.60523986816406,86571200
2013-04-09,124.83650747782876,125.49060875873424,124.42171184046407,125.03592681884766,101922200
2013-04-10,125.37096579633793,126.72701505341594,125.3390640532174,126.5674819946289,135711100
2013-04-11,126.59144100262853,127.39710322138014,126.46380965706064,126.98230743408203,110142500
2013-04-12,126.57542066048146,126.86258495841777,125.96919032998879,126.67115020751953,116359900
2013-04-15,126.03310258250488,126.13680459979435,123.71984164425012,123.73578643798828,217259000
2013-04-16,124.66903174038663,125.6262546359903,124.36592251693388,125.56243896484375,147507800
2013-04-17,124.66903700620566,124.69297853404225,123.06570928005857,123.727783203125,226834800
2013-04-18,123.93518069297977,123.96709461716067,122.48341360423983,122.95404052734375,167583200
2013-04-19,123.2411676801409,124.07873144820786,122.93804635016053,124.02288818359375,149687600
2013-04-22,124.26220185043343,124.8684323778034,123.44059498676911,124.57329559326172,106553500
2013-04-23,125.19547021774976,125.97719069118881,124.57328279600965,125.8575439453125,166141300
2013-04-24,125.89740770766714,126.27231700640301,125.66607447827379,125.93729400634766,96781200
2013-04-25,126.30424193289933,127.0460882754799,126.11280713862695,126.44783020019531,131060600
2013-04-26,126.29630589077972,126.51168226791721,125.81769442416201,126.22451782226562,95918800
2013-04-29,126.5674970836935,127.34921768505926,126.36807769353737,127.07003784179688,88572800
2013-04-30,127.0460922905917,127.4050447127883,126.51962224652092,127.37313079833984,116010700
2013-05-01,127.09396491999432,127.15778058429326,126.11282494603417,126.25640106201172,138874200
2013-05-02,126.57544963845928,127.54064469103423,126.45580289175615,127.42897033691406,96407600
2013-05-03,128.53769854781498,129.12798403474767,127.45285711092565,128.72116088867188,144202300
2013-05-06,128.8169119699876,129.2316954037671,128.7610687164463,129.04823303222656,66882100
2013-05-07,129.32751353300407,129.74229725086843,128.96057636701846,129.70242309570312,90359200
2013-05-08,129.55884712016504,130.33259568115648,129.4870590280976,130.29270935058594,97419200
2013-05-09,130.23684455588852,130.57984013260474,129.59869994653243,129.92575073242188,106738600
2013-05-10,130.01348758197958,130.46018512892348,129.63059353751743,130.3485107421875,103203000
2013-05-13,130.18097151386846,130.667555297965,129.87786232670194,130.45217895507812,81843200
2013-05-14,130.55585715083615,131.89596149721507,130.55585715083615,131.80023193359375,119000900
2013-05-15,131.58488099618236,132.77341263837482,131.54499468830647,132.5101776123047,120718500
2013-05-16,132.23901114932235,132.70166568646937,131.6886115763096,131.88803100585938,109913600
2013-05-17,132.37461656668438,133.2440823692801,132.19912649274443,133.16432189941406,129801000
2013-05-20,133.03666426818828,133.67480875906975,132.90106054175993,133.15631103515625,85071200
2013-05-21,133.27599024921045,133.850319161218,132.81333572722684,133.3477783203125,95804200
2013-05-22,133.48335556299162,134.86334645978616,131.75239677552105,132.35862731933594,244031800
2013-05-23,130.94670963728996,132.34264492452917,130.77121965602413,131.9757080078125,211064400
2013-05-24,131.1940133005695,131.91990271301097,130.80314696196436,131.8640594482422,151573900
2013-05-28,133.2440056891846,133.8342912501537,132.26286605613186,132.6537322998047,143679800
2013-05-29,131.95181517571862,132.25493653116402,131.09032198518418,131.7922821044922,160363400
2013-05-30,131.89598781280245,132.88510018537005,131.7922858363519,132.27886962890625,107793800
2013-05-31,131.91197202262106,132.66179109145583,130.12518156575234,130.38043212890625,176850100
2013-06-03,130.68354705804813,131.18608793474743,129.7502655524612,131.0983428955078,168390700
2013-06-04,131.17008445462795,131.6965545033626,129.8060506322868,130.46812438964844,157631500
2013-06-05,130.09324650253228,130.3564815906289,128.52980510677637,128.6414794921875,211737800
2013-06-06,128.58560003094243,129.81403009639175,127.82780890234515,129.80604553222656,200225500
2013-06-07,130.69946890831088,131.5769068933845,130.1331125032635,131.45726013183594,188337800
2013-06-10,131.86407129269423,131.93585934962337,131.11425246274135,131.45726013183594,105667100
2013-06-11,130.2607598989164,131.2498723739831,129.81406237190632,130.10122680664062,159505400
2013-06-12,130.99457121641882,131.1301749010068,128.90466052092543,129.02430725097656,177361500
2013-06-13,128.9525531534094,131.21795443029413,128.66538875411464,130.98663330078125,163587800
2013-06-14,130.8430546265045,131.35356779924052,129.94965961711506,130.16502380371094,141197500
2013-06-17,131.05040030428256,131.79224653407292,130.1968919092049,131.17005920410156,136295600
2013-06-18,131.24194245772452,132.40655753431176,131.23397006058852,132.20713806152344,114695600
2013-06-19,132.09544667757228,132.32676788079294,130.32460101292767,130.38043212890625,206149500
2013-06-20,129.11207989708947,130.39634115159473,126.81476481534274,127.14978790283203,321255900
2013-06-21,128.01505146353534,128.11127534953422,126.27493352106859,127.55797576904297,271956800
2013-06-24,126.22682104771285,127.04474854726215,124.87962546940038,125.94615173339844,222329000
2013-06-25,127.08488617215453,128.38397021922026,126.23487561745813,127.15706634521484,162262200
2013-06-26,128.1994996202335,128.704699552689,127.70232650321323,128.416015625,134848000
2013-06-27,129.18585645995586,129.7632243732071,129.06556434036165,129.16981506347656,129483700
2013-06-28,128.8089680442393,129.4264211180211,128.1915027344567,128.64056396484375,160402900
2013-07-01,129.31415339660157,130.29247058854068,129.16981753352889,129.39434814453125,131954800
2013-07-02,129.20188294568916,130.1481295423729,128.7047097891266,129.27406311035156,154863700
2013-07-03,128.68866370998123,129.72311959383046,128.48017451165487,129.33018493652344,75216400
2013-07-05,130.2844477710384,130.77360633608137,129.34622801238214,130.72549438476562,122416900
2013-07-08,131.39906926493117,131.824074428191,130.77358950632242,131.4712371826172,108092500
2013-07-09,132.29715788296335,132.57782713945477,131.72781702915978,132.41744995117188,119298000
2013-07-10,132.28918805187124,132.91466786293452,132.0165455159717,132.46560668945312,121410100
2013-07-11,134.0052237804537,134.40617292560066,132.4575537174681,134.2698516845703,135592200
2013-07-12,134.22979537836207,134.66281520372556,134.02130616407607,134.32601928710938,104212700
2013-07-15,134.69488229335548,135.0316781707049,134.46232489299567,134.83921813964844,69450600
2013-07-16,134.92745781856144,135.0076525752132,133.97320873601623,134.3340606689453,88702100
2013-07-17,134.84725233248912,135.10385348527035,134.50242962081455,134.67884826660156,92873900
2013-07-18,134.96750384142982,135.73733160995891,134.8792945370775,135.41656494140625,103620100
2013-07-19,135.13593640538627,135.705277478786,134.96753233933856,135.65716552734375,103831700
2013-07-22,135.84958502406303,136.1142129140156,135.52881838351618,135.9217529296875,79428600
2013-07-23,136.16232769035523,136.18638365939833,135.56090399228475,135.63307189941406,80829700
2013-07-24,136.15429672985528,136.21043547991036,134.86324007454556,135.13589477539062,112914000
2013-07-25,134.89530456493452,135.58493744697924,134.67077406715197,135.4646453857422,111088600
2013-07-26,134.8953502180112,135.6491366739566,134.33402378358335,135.60903930664062,107814600
2013-07-29,135.26423030479475,135.56895564400256,134.80715453198286,135.1920623779297,79695000
2013-07-30,135.601038435498,135.74537428922812,134.87130787897397,135.1920623779297,85209600
2013-07-31,135.47267166870677,136.20240190164566,135.11181995839453,135.28823852539062,142388700
2013-08-01,136.3147496611547,136.97230016124968,136.24256948660621,136.85202026367188,110438400
2013-08-02,136.54729361143944,137.10060560718023,136.36286035819307,137.08456420898438,91116700
2013-08-05,136.7798252421093,137.09256514988948,136.603406603259,136.88406372070312,54072700
2013-08-06,136.61943093390846,136.91614167203338,135.801503349237,136.10621643066406,87495000
2013-08-07,135.6731879475968,135.8656357264496,135.1599734773258,135.6651611328125,84854700
2013-08-08,136.3067046322229,136.4670818862328,135.46470875367083,136.16236877441406,102181300
2013-08-09,135.98594044578007,136.40293106532772,135.29630729022017,135.76942443847656,91757700
2013-08-12,135.08781023952872,135.76941653990593,135.02365689902288,135.60903930664062,68593300
2013-08-13,135.84963250729336,136.2425549548058,135.0477339796347,136.010009765625,80806000
2013-08-14,135.94579580632134,136.16231173833992,135.28021885677904,135.3123016357422,79829200
2013-08-15,134.24584592647517,134.26187508835866,133.18733391409535,133.41989135742188,152931800
2013-08-16,133.1632387373742,133.62032667253578,132.71417761679305,132.9788055419922,130868200
2013-08-19,132.8264624525956,133.28355045505293,132.12078788150345,132.12881469726562,96437600
2013-08-20,132.34528838378748,133.27549333672852,132.20095256488122,132.7783203125,89294400
2013-08-21,132.4094492938893,133.13917971611838,131.66368971486224,131.96038818359375,159530500
2013-08-22,132.23303349938314,133.35569853504668,132.2250189208133,133.16323852539062,101471400
2013-08-23,133.55619341577685,133.78072400982512,132.93071358435665,133.61231994628906,90888900
2013-08-26,133.74866787731895,134.15764401199476,133.02696400060015,133.11517333984375,89702100
2013-08-27,131.8000758071136,133.11518923542098,130.87789716163107,130.97412109375,158619400
2013-08-28,130.91792193207687,131.90426572542398,130.74953012852836,131.4391632080078,108113000
2013-08-29,131.15047100644423,132.34529165693021,131.03017891838377,131.64764404296875,119200500
2013-08-30,131.9203002216473,131.93634161558617,130.84575931171437,131.2306671142578,134928900
2013-09-03,132.49767316036238,132.77834250313848,131.27076955062486,131.82408142089844,142375100
2013-09-04,131.85619126088343,133.13923401586138,131.6156314508273,132.91470336914062,97389400
2013-09-05,132.99479853620107,133.43583268170238,132.8985624482428,133.0830078125,63090500
2013-09-06,133.52406415133905,133.90095728217025,131.89621179306604,133.1471710205078,159756500
2013-09-09,133.47602497911356,134.50245425019241,133.47602497911356,134.42227172851562,87559300
2013-09-10,135.23213175448677,135.44062091204805,134.92740647836106,135.41656494140625,105847200
2013-09-11,135.23216006689512,135.8415985107422,134.99961489000606,135.8415985107422,94545900
2013-09-12,135.79349861457217,135.96991727587383,135.29632542508628,135.4807586669922,83209000
2013-09-13,135.625068947625,135.88969686577974,135.3123290872599,135.7854461669922,72727800
2013-09-16,137.2529534745458,137.3171068243979,136.3548188126163,136.5713348388672,106299200
2013-09-17,136.69161234021303,137.2128414275196,136.69161234021303,137.18077087402344,82523300
2013-09-18,137.13264453929182,139.1454174065867,136.78783409161912,138.76852416992188,203460600
2013-09-19,139.14540026280395,139.20955359688514,138.39962846060772,138.53594970703125,146616900
2013-09-20,138.86468646800333,138.86468646800333,137.45452457665,137.5673370361328,132867100
2013-09-23,137.3820177910926,137.51093754570076,136.49562531520314,136.93075561523438,104616500
2013-09-24,136.90665000377106,137.41431251754625,136.35065331683055,136.60850524902344,106333100
2013-09-25,136.69717346370214,136.97114504201434,136.09281788443639,136.21368408203125,117306500
2013-09-26,136.43925157515142,137.124180170023,136.22168023530307,136.73739624023438,77146900
2013-09-27,136.05250482207532,136.29424947696288,135.75436004857892,136.10891723632812,99141800
2013-09-30,134.95655972671153,135.81071322250722,134.69064192781744,135.38363647460938,143937000
2013-10-01,135.4883868539939,136.5842848526014,135.3514011411228,136.45535278320312,127160000
2013-10-02,135.6576222408335,136.45536335380012,135.2385991306487,136.32643127441406,113350000
2013-10-03,136.01223600341018,136.13311450001117,134.4409139127656,135.06944274902344,176698000
2013-10-04,135.1741385930636,136.22974390776955,134.99686005060178,136.09275817871094,96878000
2013-10-07,134.9082213799537,135.73820169806507,134.77123565028526,134.91627502441406,96295000
2013-10-08,134.8920881647861,135.06936669012342,133.24824727923166,133.34494018554688,178015000
2013-10-09,133.60282461628967,133.9251425500409,132.579446118386,133.44166564941406,168973000
2013-10-10,134.80351383026894,136.39095538361087,134.75516735382524,136.3184356689453,195955000
2013-10-11,136.1089143457464,137.2451055926375,135.99610181528055,137.19674682617188,105040000
2013-10-14,136.35063177113503,137.85748719055837,136.24587290817493,137.7446746826172,112106000
2013-10-15,137.3981852823111,137.91390141363706,136.56015117977225,136.7454833984375,155485000
2013-10-16,137.56741348260945,138.72777787961297,137.5029474277045,138.65525817871094,161676000
2013-10-17,138.0911460056798,139.66247954169273,138.0669727785694,139.58189392089844,129389000
2013-10-18,140.097627187068,140.62139689984755,139.8155897751769,140.5247039794922,138316000
2013-10-21,140.57300764684592,140.81475216978413,140.21845065262147,140.53271484375,104104000
2013-10-22,140.9437151243197,141.76562946862802,140.55691888455593,141.34661865234375,126663000
2013-10-23,140.86317042632606,140.92763648501642,140.17824160707247,140.66978454589844,105484000
2013-10-24,140.95181375682836,141.3144245886585,140.62142980744457,141.13714599609375,70350000
2013-10-25,141.42725733937766,141.82210740574652,141.1532857646624,141.7818145751953,93625000
2013-10-28,141.73344424287887,142.20081394819366,141.58033888993947,142.00741577148438,84979000
2013-10-29,142.32968593995557,142.82122867275524,142.1282342018514,142.7648162841797,87401000
2013-10-30,142.9340488087236,143.03879535711312,141.5480597926929,142.0557098388672,140002000
2013-10-31,141.94292309409153,142.5392248053883,141.44332660083603,141.65283203125,133795000
2013-11-01,141.83813617440822,142.313559301808,141.19348818531077,141.99124145507812,142805000
2013-11-04,142.37807798528954,142.54729061392862,141.8059494557731,142.4908905029297,85677000
2013-11-05,141.93480722293918,142.42634985570936,141.47550374726242,142.03956604003906,85825000
2013-11-06,142.65200380266688,143.03073405395378,142.25715396955295,142.7648162841797,87348000
2013-11-07,143.03080011081443,143.14361264442817,140.82288361506636,140.95986938476562,157000000
2013-11-08,140.91158025722083,142.87775289661286,140.8954729570382,142.86163330078125,136713000
2013-11-11,142.7245251822137,143.05490898760402,142.5553126057425,142.8856964111328,62614000
2013-11-12,142.5795377607422,142.91797533258756,142.1202217231816,142.5956573486328,83990000
2013-11-13,141.8945480370785,143.78013341772834,141.8945480370785,143.73985290527344,103844000
2013-11-14,143.86873766901223,144.57785157286403,143.6350591119533,144.4569854736328,103435000
2013-11-15,144.69072138233938,145.14197139251405,144.50538919151205,145.0855712890625,102818000
2013-11-18,145.32728771331983,145.4481538370344,144.25556299904406,144.577880859375,104796000
2013-11-19,144.50544707933875,144.94057767899142,144.01390405799552,144.26370239257812,93891000
2013-11-20,144.55373424019442,144.9888646612921,143.41754328560532,143.81239318847656,124909000
2013-11-21,144.21530239540516,145.08557556739376,144.12666311967556,144.97276306152344,92841000
2013-11-22,145.02914621707342,145.71408711272045,144.8599336258643,145.69796752929688,81296000
2013-11-25,145.9558821711114,145.98810905346704,145.34346074556004,145.552978515625,79486000
2013-11-26,145.6254398486701,146.02834334265256,145.3756416497032,145.59320068359375,86994000
2013-11-27,145.74633263998533,146.04448964110864,145.56905408655237,145.94778442382812,58800000
2013-11-29,146.10896894495255,146.45546014269414,145.68994575375896,145.85110473632812,55870900
2013-12-02,145.92358576530182,146.1975571926329,145.24671084049365,145.4723358154297,99726000
2013-12-03,144.996962160157,145.35957297260106,144.37648711935262,144.84385681152344,116563000
2013-12-04,144.32006287839408,145.43206836428718,143.71570752680222,144.8277130126953,123033000
2013-12-05,144.5698772300971,144.83579508990124,144.05416109777335,144.19114685058594,106934000
2013-12-06,145.5851934936258,145.93975064876506,145.16617028340278,145.80276489257812,127728000
2013-12-09,146.2297980123089,146.39095695399516,145.9799998083493,146.1733856201172,70124000
2013-12-10,145.835005703207,146.14121642019498,145.56103416466198,145.64967346191406,80976000
2013-12-11,145.70608579164144,145.7302590276376,143.83660690364576,144.01388549804688,130591000
2013-12-12,143.94937882248914,144.1266573668723,143.24026464495654,143.53842163085938,115565000
2013-12-13,143.83655734613754,143.96548942412403,143.2483216468288,143.5222930908203,107808000
2013-12-16,144.19920716080478,144.89220189835913,144.1589143385524,144.41677856445312,96195000
2013-12-17,144.5456606706874,144.5698338965473,143.63509484450213,143.95741271972656,89886000
2013-12-18,144.17498812091782,146.43930384177713,142.88570428796018,146.41513061523438,234906000
2013-12-19,145.99611538953005,146.41513849823008,145.61739738809015,146.2459259033203,136531200
2013-12-20,146.39174919423715,147.4449879907023,146.29453133568106,147.0966033935547,197087000
2013-12-23,147.81772179025754,147.97165836736377,147.5098609984428,147.88253784179688,85598000
2013-12-24,147.89057257781383,148.27135899283851,147.88247521069997,148.20654296875,45368800
2013-12-26,148.538769634162,149.04109089655717,148.52257489457256,148.96006774902344,63365000
2013-12-27,149.15452611114378,149.21932979873748,148.7980440173909,148.9519805908203,61814000
2013-12-30,148.96812676441957,149.08966145442898,148.7331794768976,148.92762756347656,56857000
2013-12-31,149.13015284512767,149.63246154785156,149.0167155381727,149.63246154785156,86119900
2014-01-02,149.05721586026854,149.13014160386993,147.8419433905294,148.19842529296875,119636900
2014-01-03,148.4496226911046,148.74939839369858,147.9635209796238,148.17416381835938,81390600
2014-01-06,148.6603064106516,148.71701272479186,147.51794677157508,147.7447967529297,108028200
2014-01-07,148.33620544756394,148.90333032169139,148.22278047273844,148.6521759033203,86144200
2014-01-08,148.62788215737586,148.93575526656878,148.17418222534167,148.68460083007812,96582300
2014-01-09,149.16258578737953,149.17879288638107,148.10124950707313,148.78179931640625,90683400
2014-01-10,149.03296835757862,149.2517209472044,148.27139534083344,149.18690490722656,102026400
2014-01-13,148.8061221845073,149.21931054218263,146.9183966952136,147.20196533203125,149892000
2014-01-14,147.68806674499515,148.8871449686092,147.4126078405416,148.80612182617188,105016100
2014-01-15,149.1544697395948,149.8350194636987,148.83849934180418,149.60816955566406,98525800
2014-01-16,149.30033234299026,149.60820544735148,148.93575292921267,149.41375732421875,72290600
2014-01-17,149.15448841907593,149.4380446584342,148.5225475443531,148.78179931640625,107848700
2014-01-21,149.640612675958,149.69733134981286,148.3038173231638,149.2193145751953,88621200
2014-01-22,149.47044958650542,149.53526561609752,149.00054264375805,149.31651306152344,61270900
2014-01-23,148.56303131271588,148.58733577749584,147.30725942444167,148.09312438964844,132496900
2014-01-24,147.12900859439114,147.17761752069785,144.88480171822454,144.93341064453125,208677100
2014-01-27,145.07115235403123,145.44384142462874,143.4993976707869,144.220458984375,180843100
2014-01-28,144.32577868279253,145.26559249430284,144.309571586072,145.07925415039062,110463200
2014-01-29,143.87211414643215,144.65799163774983,143.3049892460987,143.68577575683594,216597300
2014-01-30,144.88485546931108,145.67883040579392,144.42304577328534,145.20892333984375,118938100
2014-01-31,143.4103039247274,145.2575177998419,143.3373905154876,144.35821533203125,194677900
2014-02-03,144.18808417422994,144.51215201274135,140.83393135981478,141.10939025878906,254837100
2014-02-04,141.7413115886185,142.46237293758875,141.06076180445658,142.09779357910156,165012400
2014-02-05,141.60361568116363,142.23555668211765,140.73672732853052,141.91958618164062,164230500
2014-02-06,142.25176622335528,143.79110717773438,141.96010019003748,143.79110717773438,132877600
2014-02-07,144.46354101651005,145.72742287606482,143.99363400368154,145.573486328125,170787200
2014-02-10,145.58962023676472,145.88939581293016,145.19263919417222,145.8407745361328,92218800
2014-02-11,145.96235000322815,147.80956344164937,145.86511978483205,147.43687438964844,117814100
2014-02-12,147.65569929199623,148.12560643029536,147.2182063631791,147.50987243652344,94717700
2014-02-13,146.51329949081497,148.42532936929877,146.50520212185364,148.27139282226562,100542200
2014-02-14,148.13371548175533,149.36519592879972,147.99598598659375,149.08973693847656,96498400
2014-02-18,149.2193077750331,149.4704745675776,148.78991232431488,149.26792907714844,80460900
2014-02-19,148.87897597365222,149.84309411785534,148.15791479761313,148.27944946289062,126524300
2014-02-20,148.48204276747998,149.49477015948366,147.93922236885342,149.1544952392578,104998100
2014-02-21,149.43804435438753,149.79452635733034,148.91143108065475,148.98434448242188,118116400
2014-02-24,149.3003114551527,150.81534757011426,149.2354954231765,149.81072998046875,114063900
2014-02-25,149.9322998917876,150.36169542279458,149.25984725433946,149.75405883789062,117085000
2014-02-26,149.97278886331196,150.36978248940375,149.34084789926126,149.76214599609375,98677200
2014-02-27,149.54338931718624,150.5885186177119,149.37324566424704,150.5480194091797,93880800
2014-02-28,150.5236810461113,151.62552886080928,149.92415438675698,150.92877197265625,150842000
2014-03-03,149.60003968976596,150.2481874950781,148.8708811352843,149.86740112304688,167748500
2014-03-04,151.3338721036812,152.2979905454811,151.3014702670402,151.9739227294922,167545900
2014-03-05,152.10355119120092,152.37091269612452,151.8685915221494,152.1116485595703,88376900
2014-03-06,152.4842930190664,152.80836073248022,152.13590848287527,152.45997619628906,82516500
2014-03-07,153.0920244797921,153.0920244797921,151.85243441707706,152.52488708496094,114513500
2014-03-10,152.28989585532068,152.50053870317868,151.56883444402814,152.44383239746094,74939200
2014-03-11,152.67066357278438,152.88941612484356,151.34196588740602,151.69033813476562,99009100
2014-03-12,150.95303705395753,151.78752308758126,150.61274991340574,151.73080444335938,104824400
2014-03-13,152.18458230343956,152.30611701959188,149.60820950463884,150.0294952392578,155014300
2014-03-14,149.7621060709146,150.53177628477448,149.42992857615215,149.60816955566406,153919600
2014-03-17,150.3616730332421,151.3176942129153,150.29685699034934,150.96121215820312,98359500
2014-03-18,151.26905653240894,152.24127226630128,151.1070102747654,152.03872680664062,101804600
2014-03-19,152.054968749997,152.26562400537685,150.26447325365405,151.2285919189453,176267300
2014-03-20,150.89637573486004,152.22507352871418,150.62901422993644,152.1116485595703,117241000
2014-03-21,152.75041867753828,153.81643896619968,151.38329968436506,151.52163696289062,163128000
2014-03-24,152.0425126243319,152.2296858687013,150.23596921692155,150.89511108398438,121411000
2014-03-25,151.66001426979915,152.12386210576946,150.7648882753869,151.61119079589844,103852000
2014-03-26,152.2052392438912,152.44936904449938,150.4800768423198,150.52076721191406,119843000
2014-03-27,150.34175225176256,150.8218663695466,149.6500531609521,150.2034149169922,142383000
2014-03-28,150.63464636058725,151.70066666376567,150.54513254185719,150.94387817382812,101642000
2014-03-31,151.90414202401686,152.41681332702916,150.9683256748882,152.18081665039062,99745000
2014-04-01,152.6771634457655,153.2793484077681,152.17263781786914,153.18983459472656,89193000
2014-04-02,153.3851497323496,153.90595401559526,153.10032965154733,153.7025146484375,78774000
2014-04-03,153.93855397598136,153.9792443473748,153.02714925816758,153.49913024902344,77435000
2014-04-04,154.33724450198577,154.36978933727593,151.440269899971,151.68438720703125,169381000
2014-04-07,151.31826829861737,151.57053124302743,149.69889813922663,150.00811767578125,140803000
2014-04-08,149.94296010724932,150.87064320776088,149.39774404454954,150.62652587890625,112660000
2014-04-09,151.03346514541337,152.2947799062254,150.59402894355145,152.24595642089844,100254000
2014-04-10,152.2378267610753,152.3110619907248,148.86072408492748,149.0478973388672,172959000
2014-04-11,148.2178410508257,149.25945001234336,147.5424206056769,147.70516967773438,167251000
2014-04-14,148.86068992537582,149.21874529966686,147.64819890065772,148.86883544921875,132382000
2014-04-15,149.17808189639138,149.9999727824702,147.7051698872428,149.89418029785156,157093000
2014-04-16,150.92759301418945,151.47280900759694,150.2603059549142,151.4646759033203,105197000
2014-04-17,151.2612880841551,152.09945753750634,151.0008796551355,151.67630004882812,105255000
2014-04-21,151.7169379264729,152.25402081278622,151.52977719346785,152.20518493652344,68329000
2014-04-22,152.35979822640013,153.31189291749425,152.27842993459504,152.89688110351562,85790000
2014-04-23,152.83993232233564,152.92130061828337,152.41677496576574,152.53883361816406,73869000
2014-04-24,153.287445903002,153.30372452439698,152.1156335015634,152.8480224609375,88170000
2014-04-25,152.35171075183123,152.44122459149332,151.253132939338,151.59490966796875,100380000
2014-04-28,152.2134105887089,152.73421512377286,150.51265963699566,152.0750732421875,135121000
2014-04-29,152.56327147305893,153.01897374265013,152.23777339962396,152.78298950195312,84098000
2014-04-30,152.5307280914862,153.3933091695997,152.3191431664696,153.2386932373047,101508000
2014-05-01,153.1655062798105,153.6700321824731,152.76676045602125,153.25502014160156,93019000
2014-05-02,153.2386871967967,153.91410747511827,152.80739667474097,153.03524780273438,98122000
2014-05-05,152.28662289815043,153.43402429110213,151.86346539679337,153.32823181152344,75883000
2014-05-06,152.98642230818965,153.09221476512624,151.9610922458024,151.99363708496094,85454000
2014-05-07,152.50635729096223,152.9620596872278,151.36708888333925,152.88882446289062,106500000
2014-05-08,152.750406811579,153.8408387460407,152.2377356768452,152.72598266601562,93618000
2014-05-09,152.75046377265326,153.01899288750838,152.03435302115395,152.9539031982422,83679000
2014-05-12,153.637472455639,154.51633235441358,152.98646374355135,154.44308471679688,86940000
2014-05-13,154.64649532345615,154.95572719784522,154.4267897024539,154.58140563964844,66454000
2014-05-14,154.44308450593033,154.516332143447,153.62932672117142,153.8490447998047,72367000
2014-05-15,153.5398084037388,153.57236566767918,151.74954381271587,152.49819946289062,154956000
2014-05-16,152.58772446791798,153.09226276021317,151.9448612531172,153.02716064453125,97458000
2014-05-19,152.73420538036694,153.7107122691974,152.59586804267053,153.58865356445312,63839000
2014-05-20,153.51538050943756,153.5316591396947,152.2296543091269,152.62025451660156,111644000
2014-05-21,153.05966050365586,153.97921054405273,153.0352487695706,153.90597534179688,89093000
2014-05-22,153.94662989974776,154.59763834935004,153.6862339700789,154.2802734375,61549000
2014-05-23,154.41864674437025,155.00455324402114,154.28030943430772,154.89877319335938,61092800
2014-05-27,155.47652663247905,155.89968406548113,155.38701279890086,155.85086059570312,72010000
2014-05-28,155.85087931750422,156.0950091126763,155.47654530931277,155.73695373535156,66723000
2014-05-29,156.0949999841699,156.5669684990892,155.69625426147576,156.5425567626953,64377000
2014-05-30,156.3960513294316,156.89244388656584,156.2658471531775,156.79478454589844,76316000
2014-06-02,157.01449101339085,157.04704826354092,156.21701222205346,156.9738006591797,64656000
2014-06-03,156.59140301014426,156.9738701585497,156.44493257047833,156.8925018310547,65047000
2014-06-04,156.62396278280292,157.29938323831433,156.4612137082485,157.20986938476562,55529000
2014-06-05,157.3888659864315,158.39791749942088,156.81109260644888,158.23516845703125,92103000
2014-06-06,158.57696474691588,159.03266708864416,158.5037295313433,158.9919891357422,78696000
2014-06-09,158.96763954086947,159.53726769070894,158.82115663550368,159.15480041503906,65119000
2014-06-10,158.95943554643665,159.20356535427766,158.6176587822424,159.1710205078125,57129000
2014-06-11,158.60139714779393,158.78042486493314,158.25962034697156,158.61767578125,68772000
2014-06-12,158.43045752788692,158.5199713540095,157.1447191240147,157.49462890625,106350000
2014-06-13,157.80385216644697,158.1293626150857,157.29932649224943,157.97474670410156,82017000
2014-06-16,157.77948235059347,158.43862411088267,157.59232155350134,158.10498046875,87424000
2014-06-17,157.8852765674043,158.65834391926754,157.71438198246568,158.54441833496094,84834000
2014-06-18,158.5444468335037,159.79762848613726,158.19452449361899,159.70811462402344,105267000
2014-06-19,159.84637934386478,159.98472904541995,159.33372056374375,159.88706970214844,85929000
2014-06-20,160.28528656861064,160.34252854225846,160.0154582852451,160.21170043945312,100587000
2014-06-23,160.25261672868666,160.30167415759885,159.86831690026517,160.1626739501953,70611000
2014-06-24,159.87645642276894,160.66958463255747,159.01791416226592,159.1977996826172,96237000
2014-06-25,158.86260419236348,160.08091785279154,158.82990339559154,159.91738891601562,82782000
2014-06-26,159.94187188442567,159.95822851636223,158.73174312666816,159.80287170410156,84312000
2014-06-27,159.4267299274074,160.1626285820082,159.35314380488333,160.1135711669922,71445100
2014-06-30,160.01545794326594,160.3997576966512,159.8764577630028,160.0318145751953,70201200
2014-07-01,160.42429427069445,161.59355022009925,160.36706477081802,161.1029510498047,90470000
2014-07-02,161.1192767376603,161.47086317689607,161.04569061918573,161.26644897460938,52475000
2014-07-03,161.72437372206824,162.13320222505553,161.60173016175438,162.0596160888672,52938800
2014-07-07,161.74892178491837,161.87973742932755,161.25832256990083,161.4954376220703,61696000
2014-07-08,161.2011203761804,161.2583623718587,160.06457730810817,160.45706176757812,108143000
2014-07-09,160.8576736864346,161.32374421024554,160.5142592103693,161.1765594482422,72992000
2014-07-10,159.62303107784254,160.96398831534168,159.4922029384626,160.53880310058594,99040000
2014-07-11,160.44066625368862,160.8740234891133,160.08089515791195,160.75955200195312,64243000
2014-07-14,161.57712654252052,161.78154069924773,161.43812641312002,161.56895446777344,58658000
2014-07-15,161.6671053026143,161.97781888255494,160.5550915431166,161.26644897460938,111307000
2014-07-16,161.98601635275142,162.10865990276847,161.42183106976358,161.86337280273438,79986400
2014-07-17,161.36462344173327,161.97786622784102,159.7947109300158,160.02366638183594,145398000
2014-07-18,160.54695207906775,161.82249496421016,160.45700931273308,161.65896606445312,124330000
2014-07-21,161.1520158028646,161.48725816860198,160.6123591862809,161.35643005371094,67592000
2014-07-22,161.9042592614991,162.35397311007625,161.78978777972088,162.0596160888672,67678000
2014-07-23,162.30490108711192,162.59108600404383,161.97784330472226,162.41937255859375,65612000
2014-07-24,162.5747360111355,162.76279361986664,162.2640223716583,162.42755126953125,56888000
2014-07-25,161.96964330148987,162.1086434695701,161.3482285836394,161.6671142578125,76837000
2014-07-28,161.69987644826523,161.96970480987252,160.76774777928472,161.7325897216797,69259000
2014-07-29,162.03512517556828,162.2640681925314,161.0130536796762,161.03758239746094,80466000
2014-07-30,161.60988613735938,161.82248492266098,160.39158530478142,161.0620574951172,104222000
2014-07-31,159.941923564067,160.08092378930417,157.78330907978287,157.8814239501953,183479000
2014-08-01,157.4480442446354,158.42923023858918,156.63857172594055,157.39898681640625,189261000
2014-08-04,157.70153914652798,158.87079542268677,157.03106673464436,158.53555297851562,91340000
2014-08-05,157.8895771762751,158.2984056904794,156.42596410860835,156.99832153320312,152690000
2014-08-06,156.26243755010094,157.71786608445714,156.237908836996,157.04739379882812,94818000
2014-08-07,157.75871858373375,157.9140753853547,155.80451916238076,156.19699096679688,135733000
2014-08-08,156.5486302316989,158.11034577443928,156.1316171354197,158.00405883789062,117014000
2014-08-11,158.6009142421388,159.1650995148492,158.38832793383025,158.4619140625,74544000
2014-08-12,158.30662501647052,158.74815445394663,157.75879614110985,158.2412109375,73632000
2014-08-13,158.86254210166624,159.4921413624585,158.59272632349422,159.312255859375,69047000
2014-08-14,159.57392749405196,160.06451416015625,159.42674276070255,160.06451416015625,57371000
2014-08-15,160.64505726977333,160.79222952777386,158.87891531503954,160.0318145751953,139951000
2014-08-18,160.9148863321929,161.44635834615366,160.82494357082751,161.37277221679688,75424000
2014-08-19,161.76522155843435,162.33757883461035,161.43816382246317,162.21493530273438,59135000
2014-08-20,161.99423298100947,162.8446034165057,161.9615321841634,162.6483612060547,72763000
2014-08-21,162.787316255925,163.33514490540614,162.65648815192674,163.12255859375,67791000
2014-08-22,162.99175367458153,163.27793863322938,162.50116692948643,162.86911010742188,76107000
2014-08-25,163.6458888600855,164.01383205386983,162.8364038525944,163.6949462890625,63855000
2014-08-26,163.80128479003906,164.2019413497197,163.7603994306496,163.80128479003906,47298000
2014-08-27,163.8829357755346,163.9974196974825,163.48229195452416,163.7357635498047,47874000
2014-08-28,163.19619060487236,163.75220396495627,163.03266166712706,163.64590454101562,58330000
2014-08-29,163.89937015418715,164.12831315378494,163.384254643321,164.11196899414062,65907000
2014-09-02,164.32453892287404,164.34906763634504,163.41693909507777,164.03018188476562,72426000
2014-09-03,164.65980413962072,164.68433285649272,163.7113188323762,163.9402618408203,57462000
2014-09-04,164.21820984871746,164.82328045009893,163.25338068926362,163.70309448242188,85236000
2014-09-05,163.67042618063405,164.50443994646744,163.049011253489,164.43902587890625,102177000
2014-09-08,164.2836986379091,164.52082623511475,163.53145544006003,164.0138702392578,64146000
2014-09-09,163.8666153029212,163.9810867649588,162.6401300054667,162.97537231445312,88591000
2014-09-10,163.06532586001646,163.69492522928775,162.52568173423936,163.58863830566406,67251000
2014-09-11,162.9345475127287,163.8012621153837,162.81189145153934,163.7767333984375,66774400
2014-09-12,163.61321210705026,163.62955626813945,162.35401302148588,162.82008361816406,117409300
2014-09-15,162.84460298945743,162.97543112941503,162.20683140273684,162.69741821289062,76401000
2014-09-16,162.39479881900812,164.21816977932258,162.30485608232257,163.92381286621094,116201000
2014-09-17,164.161025215083,164.9050837200585,163.32701145043856,164.14466857910156,151266000
2014-09-18,164.64340356424353,165.044059960326,164.43081724926674,165.01953125,94990000
2014-09-19,165.5444378325091,165.85659130292137,164.53400972144078,164.87081909179688,121649000
2014-09-22,164.58333433620854,164.60797770517428,163.25252973818064,163.59754943847656,125553000
2014-09-23,163.00609149453186,163.68792065044275,162.6117850369992,162.66107177734375,111393000
2014-09-24,162.68572017026568,164.04116824547012,162.2585600509073,163.9343719482422,107276000
2014-09-25,163.50719084186272,163.51541365493313,161.23170281148873,161.28919982910156,150300000
2014-09-26,161.58495197959894,162.97325379747792,161.35493881229354,162.5707244873047,103547000
2014-09-29,161.1741390123326,162.56244019815907,161.05092220550793,162.27491760253906,95112000
2014-09-30,162.39815237503274,162.8992549641639,161.51095373191006,161.84776306152344,131302000
2014-10-01,161.5849484882693,161.6424580462418,159.29302714400507,159.65447998046875,177798000
2014-10-02,159.51478657901976,160.23769211185038,158.01149103608077,159.67909240722656,157285000
2014-10-03,160.74700560481836,161.78207717287916,160.25412572291904,161.4370574951172,121569000
2014-10-06,162.11069405069262,162.32428665405547,160.6648952449601,161.24813842773438,104778000
2014-10-07,160.41843977568934,160.7798925900539,158.7261948127793,158.75904846191406,147913000
2014-10-08,158.84935943570792,161.76561182752698,158.01967031901097,161.5355987548828,186461000
2014-10-09,161.28101656749686,161.5028194663607,158.20046949630316,158.3319091796875,210705000
2014-10-10,158.29081533332499,159.07942827749446,156.48356375692845,156.52462768554688,221909000
2014-10-13,156.45888238181726,157.0256923137955,153.86300595701567,153.953369140625,230939000
2014-10-14,154.78302454055662,155.9331023111943,153.64937985465164,154.19155883789062,215847000
2014-10-15,152.10506133763343,154.18340229625286,149.4434647480626,153.14833068847656,380715000
2014-10-16,150.3799534623979,154.09304229233166,150.24030352753704,153.01690673828125,270391000
2014-10-17,154.78308125534656,155.87564989713857,154.1258955077184,154.82415771484375,214625000
2014-10-20,154.54484571703,156.450670447327,154.49555898341168,156.32745361328125,130011000
2014-10-21,157.46110666797045,159.53123749388763,157.29681335618127,159.42445373535156,154949000
2014-10-22,159.70376238225862,160.1145019516581,158.22509742546504,158.2908172607422,151822000
2014-10-23,159.8762486515083,161.17418705428872,159.58051569220675,160.1309051513672,154944000
2014-10-24,160.39378937044268,161.41242793581398,159.76946978605272,161.36312866210938,117927000
2014-10-27,160.78813008509604,161.37959614785012,160.21309711707917,161.14137268066406,82954000
2014-10-28,161.68352105068703,162.9978800782127,161.6095784059101,162.9896697998047,106736000
2014-10-29,163.1046320293955,163.57286846688046,161.66704400791843,162.74317932128906,142557000
2014-10-30,162.3078946923467,164.25479677928342,162.1600218883318,163.78656005859375,113330000
2014-10-31,165.75805834804967,165.7909245328237,164.92836893676946,165.65948486328125,146903000
2014-11-03,165.87304899744913,166.30843189307168,165.371946273366,165.7498321533203,93600000
2014-11-04,165.30623181391417,165.61018759726343,164.34510279416602,165.1748046875,93343000
2014-11-05,166.38238720071865,166.42346366657512,165.48697790502428,166.2180938720703,91709000
2014-11-06,166.25913384340643,166.97381656027878,165.64302459513033,166.88345336914062,107089000
2014-11-07,166.89990084377743,167.25314336131757,166.43987457097933,167.03955078125,89540000
2014-11-10,167.07239723756584,167.6145638323363,166.86702749468742,167.56527709960938,66319000
2014-11-11,167.63101026693292,167.8363800261612,167.29420085345245,167.72958374023438,54499400
2014-11-12,167.047801601751,167.77891759390883,167.01493541402596,167.5489044189453,90120300
2014-11-13,167.71313434587307,168.26352370179112,166.93273190195265,167.73777770996094,85357900
2014-11-14,167.66390881929192,167.98428520415314,167.35174271386592,167.77891540527344,80417500
2014-11-17,167.45852104157512,168.05819728018307,167.29421519228953,167.88568115234375,80441000
2014-11-18,167.9432143239465,169.15900006401884,167.9432143239465,168.8550567626953,76068100
2014-11-19,168.65786870783663,168.85502820048956,167.8281793456274,168.5839385986328,82373000
2014-11-20,167.79532595812685,168.98648074842,167.72960612223105,168.8796844482422,72840300
2014-11-21,170.5719354601238,170.73622878823045,169.20827702076141,169.78330993652344,142327300
2014-11-24,170.18586601351828,170.36659246329532,169.9722859068633,170.25979614257812,65880800
2014-11-25,170.48975034775842,170.69512010282136,169.88186389502815,170.1365203857422,79108300
2014-11-26,170.28440721568992,170.6705034183542,170.07082714955146,170.57192993164062,62167800
2014-11-28,170.44868515231886,170.76083865403754,169.97222581995615,170.21044921875,57890100
2014-12-01,169.55333417742398,169.66834078594937,168.7154342587876,169.027587890625,103968400
2014-12-02,169.0685945306488,170.3254564242295,169.04395116291388,170.12008666992188,74507200
2014-12-03,170.29256742727065,170.99081692609974,170.1282741648857,170.77723693847656,68952000
2014-12-04,170.48979287558095,171.08948173499218,169.79975333478853,170.58837890625,91316600
2014-12-05,170.76083372500187,171.2537261331566,170.4979669661541,170.8676300048828,91025500
2014-12-08,170.47333323362324,170.96621313485872,169.1671720386272,169.7257843017578,108588200
2014-12-09,167.88566780644217,169.71757509518446,167.50779446658734,169.61077880859375,125180100
2014-12-10,169.15069872679632,169.2081957233589,166.70268293549898,166.89163208007812,159856400
2014-12-11,167.4831212578707,169.38073550127686,167.34347134978162,167.73777770996094,159012800
2014-12-12,166.46450475996315,167.43385650213014,164.99406285906872,165.02691650390625,202330200
2014-12-15,165.92233427661947,166.37415025907953,163.29360383518193,163.89328002929688,189965800
2014-12-16,163.12930790506184,166.2673512935725,162.5378419984192,162.57891845703125,259543800
2014-12-17,163.01437836388575,166.21814309295578,162.8911489298254,165.76632690429688,253910100
2014-12-18,168.18962103416158,174.95038993808632,167.5160022131921,169.8654327392578,257633900
2014-12-19,170.5138603093546,171.2572795838031,169.83653619241267,170.5882110595703,245084600
2014-12-22,170.7781792073314,171.37290954589844,170.53864099505515,171.37290954589844,148318900
2014-12-23,171.95114151074378,172.0007002789563,171.31510790944475,171.60421752929688,122167900
2014-12-24,171.82726134697072,172.0915790045337,171.57945487778247,171.62075805664062,42963400
2014-12-26,172.06670184119687,172.51275575305792,172.01714309631308,172.17408752441406,57326700
2014-12-29,171.99243476761237,172.61194454246333,171.92635221248656,172.4054412841797,79643900
2014-12-30,171.984169328845,172.11632182757245,171.4059501555861,171.4803009033203,73540800
2014-12-31,171.80248998148065,171.96769010066538,169.6548506201955,169.77874755859375,130333800
2015-01-02,170.47258874432092,170.88559529706598,168.65534982907482,169.6878662109375,121465900
2015-01-05,168.64701970898204,168.8122197362849,166.31767033491698,166.623291015625,169632600
2015-01-06,166.92893414109756,167.4493262708284,164.2609161597577,165.05389404296875,209151400
2015-01-07,166.3755058100245,167.44932502984875,165.9294644192436,167.11065673828125,125346700
2015-01-08,168.51490105817123,170.2908365016817,168.49838987366132,170.07606506347656,147217800
2015-01-09,170.4890728778248,170.5055966664213,168.10189588592164,168.71315002441406,158567300
2015-01-12,168.84528539651083,169.00222985064968,166.78850891492957,167.39149475097656,144396100
2015-01-13,168.60579178755538,169.729170120032,165.6238839596993,166.9207305908203,214553300
2015-01-14,164.91349780540452,166.11122679229365,164.0214148168744,165.91297912597656,192991100
2015-01-15,166.54899117615352,166.86286751898896,164.2774556177399,164.39309692382812,176613900
2015-01-16,164.18665858815876,166.70600154226656,164.00493466334035,166.54905700683594,211879600
2015-01-20,167.18503146744484,167.44936168573867,165.3430259480595,166.90419006347656,130991100
2015-01-21,166.44157190471358,168.22576249946007,165.97900677362105,167.74667358398438,122942700
2015-01-22,168.4984596779948,170.37350081721618,167.12727455816972,170.24134826660156,174356000
2015-01-23,169.98521597655784,170.24129060330148,169.17572673589194,169.30789184570312,117516800
2015-01-26,169.09310423115286,169.795207625169,168.3827326417059,169.704345703125,92009700
2015-01-27,167.6558760859974,168.60578608771726,166.63988352531175,167.4658966064453,134044600
2015-01-28,168.64706860560267,168.74618612993115,165.1282578484053,165.3182373046875,168514300
2015-01-29,165.51647790768044,167.1024212491774,164.11224581839372,166.8463592529297,173585400
2015-01-30,165.6734188056964,166.99503192642172,164.48395817427368,164.74827575683594,197729700
2015-02-02,165.24388830461308,166.87939036836673,163.43491798072392,166.7885284423828,163107000
2015-02-03,167.68065470962785,169.20878394437813,167.3089513455954,169.2005157470703,124212900
2015-02-04,168.44051106798824,169.64649517574966,168.1018428304168,168.55615234375,134306700
2015-02-05,169.21697989161538,170.40644032042204,169.1426417658037,170.25775146484375,97953200
2015-02-06,170.62127129310568,171.18296677943948,169.26661025471967,169.78700256347656,125672000
2015-02-09,169.14271042465256,169.8613378071158,168.62231812482196,169.02706909179688,87219000
2015-02-10,170.05954231341522,171.08379025750745,169.068316736097,170.82772827148438,96164200
2015-02-11,170.6625317819855,171.35637961746548,170.01824270561735,170.92684936523438,91087800
2015-02-12,171.7197950096614,172.62841410225678,170.9598647703792,172.57058715820312,97545900
2015-02-13,172.6945588956595,173.33057988581692,172.43848425618765,173.28102111816406,93670400
2015-02-17,172.9671141018099,173.72705713986363,172.7193202893553,173.5535888671875,76968200
2015-02-18,173.18190224563585,173.64446754543653,172.91757201491595,173.57012939453125,80652900
2015-02-19,172.97542232955007,173.8096911004554,172.8350016020092,173.4462432861328,91462500
2015-02-20,173.033132833134,174.5612613340916,172.41362332257606,174.48692321777344,140896400
2015-02-23,174.2391769497112,174.4622039794922,173.85920543986055,174.4622039794922,74411100
2015-02-24,174.38788888649893,175.1560876554852,174.0905236539817,174.9578399658203,72472300
2015-02-25,174.83392244920137,175.31301152317158,174.4704746962613,174.80914306640625,73061700
2015-02-26,174.7182719301766,174.87521641558922,173.99963205507456,174.60263061523438,72697900
2015-02-27,174.50350429733115,174.76783451094943,173.95834528867053,174.00790405273438,108076000
2015-03-02,174.1070098663145,175.16430544173227,174.05745110558516,175.1064910888672,87491400
2015-03-03,174.67697275512717,175.15606181483415,173.52881517195365,174.3878631591797,110325800
2015-03-04,173.7931306588669,173.86748140808916,172.68627626062957,173.6527099609375,114497200
2015-03-05,173.9748649116038,174.12355381496485,173.3388439366605,173.84271240234375,76873000
2015-03-06,172.98364859577046,173.41317890386983,171.06730490510006,171.397705078125,188128000
2015-03-09,171.59592352318504,172.46322698067183,171.43897905633878,172.10804748535156,89818900
2015-03-10,170.74512768789077,170.8277214133803,169.27481316828494,169.3161163330078,157121300
2015-03-11,169.57222253293673,169.74569082843064,168.83707138338562,168.919677734375,110145700
2015-03-12,169.5474329380123,171.13337647061587,169.497874171987,171.0673065185547,93993500
2015-03-13,170.79468838429833,171.75285375539067,168.98571814290895,170.0182342529297,162410900
2015-03-16,170.74513950639326,172.380641590183,170.0430234693745,172.28977966308594,136099200
2015-03-17,171.55463715174756,172.15762309564545,170.96816239253445,171.7776641845703,94510400
2015-03-18,171.30684628378546,174.51178095757123,170.67081270488325,173.84271240234375,228808500
2015-03-19,173.42965405316122,173.85091604621357,172.6614555905891,173.0496826171875,117917300
2015-03-20,173.9964219067773,175.08332706439776,173.813886863184,174.57720947265625,177715100
2015-03-23,174.58551785943564,175.15801303387462,174.23704528808594,174.23704528808594,71784500
2015-03-24,174.11253976573718,174.5688646105728,173.19157231380154,173.25794982910156,77805300
2015-03-25,173.46543463004932,173.6977496835964,170.6776413272634,170.7191162109375,159521700
2015-03-26,170.05537123840853,171.2252389858429,169.3584133966899,170.3125762939453,153067200
2015-03-27,170.1963970468826,170.8767445914697,170.00555689564965,170.7025146484375,118939000
2015-03-30,171.73129641311075,173.08371141679822,171.7147115290507,172.78501892089844,96180400
2015-03-31,171.96360057178282,172.66055812517274,171.2168757091274,171.2749481201172,126768700
2015-04-01,171.24182193973758,171.26671193265366,169.6819815291534,170.66932678222656,137303600
2015-04-02,170.6029193047295,171.73131187302016,170.4203842819018,171.2832794189453,86900900
2015-04-06,170.39556175846903,172.9510404296362,170.26281932039745,172.43663024902344,114368200
2015-04-07,172.46148275849654,173.20820786869345,171.94707268970402,171.98025512695312,81236300
2015-04-08,172.20428539278765,173.00079052443866,171.81432527158861,172.56105041503906,89351900
2015-04-09,172.3951111403809,173.55668638726806,171.9055910477799,173.32437133789062,85548900
2015-04-10,173.57330318765517,174.31173596083772,173.37418321480183,174.27024841308594,72722900
2015-04-13,174.12915970810909,174.7597399003102,173.4322146474628,173.48199462890625,74436600
2015-04-14,173.28289617370427,173.9964388699827,172.6606210081203,173.81390380859375,75099900
2015-04-15,174.27851832960081,175.09991337221425,174.195543250851,174.5937957763672,99529300
2015-04-16,174.26189611739576,175.05010861308017,174.0627635527124,174.5439910888672,68934900
2015-04-17,173.35750980416844,173.5981172194862,171.75618231527255,172.53610229492188,191113200
2015-04-20,173.45710914574687,174.44445433742973,173.3741467279249,174.11257934570312,92189500
2015-04-21,174.79295459151788,174.9505996686606,173.606489280764,173.90518188476562,72559800
2015-04-22,174.24535808105674,174.94231596536792,173.32439022771675,174.75978088378906,78264600
2015-04-23,174.36145775052785,175.84662790681259,174.24530025173053,175.199462890625,102585900
2015-04-24,175.6143384293135,175.87154345258304,175.15800081050318,175.6060333251953,61327400
2015-04-27,176.17024581984043,176.2946957863419,174.685075365081,174.87591552734375,79358100
2015-04-28,174.85097525162385,175.4815426675977,173.6810952620545,175.4317626953125,86863500
2015-04-29,174.5440107847622,175.30733337852325,173.90515080555448,174.7099609375,125684900
2015-04-30,174.1374314558223,174.52739144939122,172.2623014458399,172.95925903320312,161304900
2015-05-01,173.73920137750798,174.87589915945125,173.63964141362536,174.83441162109375,103399700
2015-05-04,175.25756223646033,175.91303245626554,175.14970982400388,175.33224487304688,70927200
2015-05-05,175.09163686228817,175.4484145411168,173.1833238193558,173.32437133789062,113326200
2015-05-06,173.87200317837147,174.17898825634953,171.54883966822416,172.61085510253906,135060200
2015-05-07,172.5112563713364,173.7226241798103,172.17938137022506,173.29946899414062,88244900
2015-05-08,174.96719142130206,175.7802941151666,174.8842163328538,175.58116149902344,155877300
2015-05-11,175.53965118852454,175.8051486295798,174.66846357652057,174.74313354492188,75708100
2015-05-12,173.91344347223256,174.7597411434483,173.0920357919156,174.22042846679688,119727600
2015-05-13,174.62700942418684,175.24928460026194,174.02133179766892,174.25364685058594,94667900
2015-05-14,175.2658989110078,176.16197676947698,174.99209628812372,176.07070922851562,95934000
2015-05-15,176.26150512695312,176.40255263581574,175.78027751189376,176.26150512695312,76510100
2015-05-18,176.09555469393385,177.05799719315343,176.02917716636372,176.80909729003906,74549700
2015-05-19,176.92521911976144,177.19902161819152,176.46888162237798,176.7509765625,72114600
2015-05-20,176.85056630185804,177.3732814015002,176.31126631603755,176.62655639648438,76857500
2015-05-21,176.48551842661584,177.34840098253736,176.31956827412938,177.14097595214844,64764600
2015-05-22,176.7592788260588,177.1741288176016,176.65142643720523,176.71780395507812,57433500
2015-05-26,176.228328472623,176.65148370371313,174.40299045014385,174.81784057617188,124308600
2015-05-27,175.27414079278412,176.7095183772556,174.8675831984737,176.47720336914062,93214000
2015-05-28,176.17021111534228,176.38592856818985,175.58942361904656,176.278076171875,74974600
2015-05-29,176.2117246051281,176.2531994850872,174.91739437695398,175.18289184570312,124919600
2015-06-01,175.84664258087983,176.17851755936138,174.75143236349666,175.53965759277344,93338800
2015-06-02,175.0833529472345,176.05410073518627,174.46107775032527,175.36544799804688,91531000
2015-06-03,175.89644040068288,176.45233800913786,175.34054279222792,175.83006286621094,87820900
2015-06-04,175.1248145661451,175.78027210602187,174.0296043048185,174.3448944091797,151882800
2015-06-05,174.19554356303513,174.71825870761285,173.39073340655372,174.04620361328125,121704700
2015-06-08,173.93831567945017,174.08766826979198,172.90119063064117,172.97586059570312,89063300
2015-06-09,172.95098876953125,173.49030144767775,172.32042123131572,172.95098876953125,105034700
2015-06-10,173.71429518187028,175.40689037129914,173.65622276176234,175.0252227783203,134551300
2015-06-11,175.46498440269264,175.971102001252,175.23266937321156,175.58944702148438,73876400
2015-06-12,174.76800006322568,175.4649449951425,173.97148252659449,174.2452850341797,135382400
2015-06-15,173.10860566512972,173.78066063239635,172.403355608492,173.49856567382812,124384200
2015-06-16,173.34926288666625,174.52744835364663,173.17503292818068,174.44447326660156,85308200
2015-06-17,174.7264862060547,175.3321762043976,173.70595894807167,174.7264862060547,126708600
2015-06-18,175.32391899123522,177.00820911307417,174.75972902303343,176.5435791015625,165867900
2015-06-19,176.30188496275508,176.37691817710342,175.38476993692063,175.75994873046875,130478700
2015-06-22,176.67695659843193,177.24389083650507,176.45184437011525,176.6602783203125,70696000
2015-06-23,176.86880962289496,177.11893304516468,176.3935865702076,176.78543090820312,68476800
2015-06-24,176.51853191168127,176.89371045036663,175.47636223655647,175.50137329101562,92307300
2015-06-25,176.00168702375012,176.1267423437939,174.89281653941904,174.9678497314453,97107400
2015-06-26,175.32635352834328,175.56814411418458,174.38424041488037,174.93450927734375,104174800
2015-06-29,173.45879751078752,174.94284674557986,171.19103430939182,171.2660675048828,202621300
2015-06-30,172.8000848380619,172.85011967454733,171.1492914444219,171.62452697753906,182925100
2015-07-01,173.19196933387408,173.44209266901464,172.21649977644702,173.00021362304688,135979900
2015-07-02,173.47545965044043,173.6422043099479,172.4249441241193,172.84181213378906,104373700
2015-07-06,171.55785267148914,173.1252676311306,171.35775146051736,172.3498992919922,117975400
2015-07-07,172.55001867707884,173.55883217437201,170.17386584349634,173.43377685546875,173820200
2015-07-08,172.09980861176086,172.38327583973646,170.29060275537043,170.5240478515625,164020100
2015-07-09,172.61668341636218,172.87515224406943,170.72411199229873,170.83248901367188,144113100
2015-07-10,172.82513914137888,173.40041904782046,170.87419984963972,172.98355102539062,129456900
2015-07-13,174.24247873239707,175.0011687694546,174.20078939102447,174.89279174804688,106069400
2015-07-14,174.85114022385267,175.96001079082825,174.79277258894697,175.65151977539062,81709600
2015-07-15,175.69316863008046,176.1517259350618,175.11788880399487,175.59312438964844,97914100
2015-07-16,176.6436231738465,177.00213623046875,176.4018453575481,177.00213623046875,106683300
2015-07-17,176.99382504937782,177.21060456995625,176.58530251623148,177.15223693847656,89030000
2015-07-20,177.37737362135093,177.73587407496547,176.9271616783784,177.2439727783203,70446800
2015-07-21,177.1104981066195,177.36896690292505,176.24341843197277,176.54356384277344,77965000
2015-07-22,175.85988456258156,176.56023229667733,175.8265407284811,176.2267303466797,88667900
2015-07-23,176.36016778288803,176.4602120277821,174.87611878188716,175.234619140625,90509100
2015-07-24,175.3346636099752,175.3930185080703,173.08357920770112,173.4170684814453,117755000
2015-07-27,172.53333219491864,173.04191167062774,171.96638509196006,172.40826416015625,132361100
2015-07-28,173.24197951304296,174.66767351979433,172.41658910232414,174.52593994140625,123544800
2015-07-29,174.65100546901073,175.95163153209302,174.50927188232112,175.72653198242188,105791300
2015-07-30,175.21788937011775,175.9349025466358,174.60092040183125,175.76815795898438,91304400
2015-07-31,176.26840864529174,176.29341969975093,175.21790619261316,175.50137329101562,103266900
2015-08-03,175.46809922643948,175.52645413611395,173.95902625052986,174.90948486328125,113965700
2015-08-04,174.83441582600307,175.29297311573126,174.08405860412074,174.567626953125,81820800
2015-08-05,175.4597553953376,176.17676893261617,174.85946440032282,175.1429443359375,85786800
2015-08-06,175.32631450183948,175.4347042383865,173.1252522637311,173.70887756347656,116030800
2015-08-07,173.55045633576466,173.70052268121708,172.47492997282495,173.3753662109375,117858000
2015-08-10,174.4842574429596,175.64314989691428,174.4842574429596,175.55978393554688,80270700
2015-08-11,174.22578553646764,174.64265347090495,173.2169595375375,173.9756622314453,126081400
2015-08-12,172.67506764659507,174.36755074979908,171.2160296112949,174.1841278076172,172123700
2015-08-13,174.0257316203212,174.70940132497384,173.42544061392488,173.96737670898438,89383300
2015-08-14,173.7755643017148,174.67600058360037,173.6338307279643,174.60096740722656,72786500
2015-08-17,174.00904675741438,175.5764617919922,173.55048941147336,175.5764617919922,79072600
2015-08-18,175.3012550252952,175.65142247534735,174.83436509189232,175.06781005859375,71692700
2015-08-19,174.3258512052676,175.09288677233275,172.87515875699717,173.6838836669922,172946000
2015-08-20,172.17476635204378,173.658814979638,169.9987155205132,170.0570831298828,194327900
2015-08-21,168.1895379121759,170.0320998308811,164.67951693145798,164.93797302246094,346588500
2015-08-24,156.31717608187415,164.64619105211446,152.07344993271698,157.99298095703125,507244300
2015-08-25,162.93698748683326,162.95366576557146,155.84190013873254,156.1337127685547,369833100
2015-08-26,160.14401536953736,162.4034328471312,157.05084915471605,162.12831115722656,339257000
2015-08-27,164.26270444964496,166.26366617713524,162.75364401124043,166.13861083984375,274143900
2015-08-28,165.49656815069264,166.61377114946035,165.01299982544998,166.14688110351562,160414400
2015-08-31,165.1714418279935,166.02185612224434,164.2543271261738,164.80459594726562,163298800
2015-09-01,161.0110797024553,162.386751628339,159.0184513266002,159.8855438232422,256000400
2015-09-02,162.26167538279665,162.96202320130396,160.42745896303018,162.9203338623047,160269300
2015-09-03,163.62899367032688,165.12138796903685,162.54514724058606,163.03704833984375,152087800
2015-09-04,160.7859475318908,161.62801607554673,159.7521106023959,160.5691680908203,207081000
2015-09-08,163.36221854722507,164.75455600996594,162.7202383253575,164.60447692871094,116025700
2015-09-09,166.18020039027968,166.3052556524669,162.0365330791857,162.4033660888672,149347700
2015-09-10,162.2116895202348,164.42943054395593,161.95323337119268,163.28721618652344,158611100
2015-09-11,162.89529368431928,164.09587519080304,162.18661321341497,164.0291748046875,119691200
2015-09-14,164.2042918267338,164.25431394794666,162.93700962820373,163.4205780029297,79452000
2015-09-15,163.92084010360617,165.90513591068714,163.3789167770044,165.4632568359375,113806200
2015-09-16,165.76340900711406,167.08904628489455,165.42157417041264,166.89727783203125,99581600
2015-09-17,166.7638853009481,169.1567036506817,166.14691605513212,166.5220947265625,276046600
2015-09-18,164.0187487536993,166.50780585133356,163.39019601063427,163.80084228515625,223657500
2015-09-21,164.63055861904252,165.66975777619078,163.5997355626022,164.64732360839844,105726200
2015-09-22,162.4851128142571,162.97119523935484,161.37885361480554,162.51025390625,153890900
2015-09-23,162.67783852718148,163.14715588396928,161.67215665007348,162.25042724609375,92790600
2015-09-24,161.0351893936544,162.1246832489856,159.70266079859564,161.6637420654297,159378800
2015-09-25,163.12201224652293,163.42371808373352,160.75027162388326,161.6218719482422,155054800
2015-09-28,160.72511068200106,160.83406390607155,157.25550037665104,157.56558227539062,178515900
2015-09-29,157.78350936374622,159.01547380900044,156.6604853688763,157.6577911376953,159045600
2015-09-30,159.54347975454826,160.76706833242253,158.76408031426854,160.59945678710938,163452000
2015-10-01,160.97654180415807,161.3201536899569,159.08250756457684,161.01844787597656,131079000
2015-10-02,159.04063173097632,163.44887766254922,158.495878269638,163.42373657226562,211003300
2015-10-05,164.64730088545105,166.5581001942391,164.53834765158405,166.33181762695312,126320800
2015-10-06,166.1977937404232,166.75929955888773,165.09992320074306,165.76199340820312,110274500
2015-10-07,166.69217435958467,167.47158637337225,165.50211609094887,167.11959838867188,124307300
2015-10-08,166.73409610650796,168.91308416476795,166.4323902644095,168.62814331054688,153055200
2015-10-09,168.77058954139574,169.20637686021877,168.1001307897503,168.7286834716797,107069200
2015-10-12,168.8041578059088,169.089098705504,168.37674645651603,168.88796997070312,56395600
2015-10-13,168.15878559702708,169.42427982155294,167.65595113459193,167.8235626220703,88038700
2015-10-14,167.76494043382095,168.34321110380344,166.72574123600018,167.01905822753906,99106200
2015-10-15,167.68114875415054,169.59194848911545,167.31239568460623,169.5835723876953,134142200
2015-10-16,169.98586114814174,170.37136646247572,169.2232138338629,170.3546142578125,114580100
2015-10-19,169.7092678031965,170.43838500976562,169.39918582577107,170.43838500976562,76523900
2015-10-20,170.00261102800798,170.8322926630684,169.7511873130431,170.2205047607422,78448500
2015-10-21,170.6395196068124,170.79036614497844,168.9968959484565,169.16452026367188,102038000
2015-10-22,170.11152414267062,172.23184120585051,169.16451329798593,172.02232360839844,174911700
2015-10-23,173.69014151385633,174.27678840890798,172.89397695714746,173.9080352783203,144442300
2015-10-26,173.73201452401705,173.79067280838166,173.1118377599379,173.4805908203125,69033000
2015-10-27,172.81010415201033,173.48056299169156,172.4664922383321,173.1453399658203,77905800
2015-10-28,173.48055729377796,175.13993295683485,172.81848736364915,175.1147918701172,135906700
2015-10-29,174.61193580682243,175.38295887623602,174.49460648730158,175.0142059326172,90525500
2015-10-30,175.20703361427752,175.52550452719265,174.10078709710965,174.260009765625,131076900
2015-11-02,174.58679552115595,176.51434680953145,174.461077314564,176.32159423828125,86270800
2015-11-03,175.9696437316192,177.3859847602942,175.74336114194094,176.83285522460938,95246100
2015-11-04,177.12621850842723,177.25192397763175,175.76015939934234,176.29652404785156,96224500
2015-11-05,176.3551573584658,176.8160986601643,175.23214603282946,176.12049865722656,78408700
2015-11-06,175.77690939553904,176.26299181489833,174.70418019003608,176.0283203125,110471500
2015-11-09,175.4165194582403,175.56737878519792,173.43867273416632,174.3856964111328,131008700
2015-11-10,173.9079721910716,174.82147858334838,173.6397963311649,174.78794860839844,75874600
2015-11-11,175.05616889469752,175.10645107827153,174.03372186888976,174.10076904296875,67846000
2015-11-12,173.06153376457812,173.5308511321067,171.65358166199235,171.6703338623047,121315200
2015-11-13,171.259685447527,171.5278613165477,169.65896796963872,169.74276733398438,153577100
2015-11-16,169.5584285031652,172.3827219761185,169.44108635756888,172.3240509033203,117645200
2015-11-17,172.6341033533533,173.5140669260381,171.7038448214845,172.19830322265625,121123700
2015-11-18,172.67600864272038,175.07289034629054,172.6341153557277,174.930419921875,121342500
2015-11-19,174.8131192434579,175.1986372929131,174.48627226611268,174.77960205078125,88220500
2015-11-20,175.5338943203775,176.09540011887867,175.0394357081375,175.41656494140625,94011500
2015-11-23,175.47516229396336,175.97799679772703,174.7544213294247,175.21536254882812,64931200
2015-11-24,174.20967417883455,175.8522976407663,173.82416899099331,175.4500274658203,98874400
2015-11-25,175.5757733126617,175.77691484040187,175.16511415567015,175.4249267578125,51980100
2015-11-27,175.51708434940895,175.82717910489592,175.03939085313215,175.62603759765625,37317800
2015-11-30,175.7852488515511,175.90257818432067,174.78794312904074,174.8968963623047,112822700
2015-12-01,175.52546763035855,176.6820088811428,175.2489028622171,176.56466674804688,97858400
2015-12-02,176.51435060515686,176.83282138984717,174.5113632345808,174.76278686523438,108441300
2015-12-03,175.0142618268885,175.28243773375337,171.59493269576072,172.315673828125,166224200
2015-12-04,172.31565756611263,175.9696450663858,172.31565756611263,175.6763153076172,192913900
2015-12-07,175.34947755684817,175.76851278396063,173.6481955578069,174.6119842529297,102027100
2015-12-08,173.05316968576795,174.56168624677528,172.45813404692703,173.4386749267578,103372400
2015-12-09,172.80173567385899,174.88852275963552,171.1172060065192,172.08937072753906,162401500
2015-12-10,172.1564097185433,173.84092651795578,171.92175104363824,172.53353881835938,116128900
2015-12-11,170.4216620739042,171.08373222295276,168.8796024470076,169.189697265625,211173300
2015-12-14,169.34890738654443,170.17021287319162,167.57218927991457,170.04449462890625,182385200
2015-12-15,171.55299458177075,172.73467682022866,170.01932433805825,171.82955932617188,154069600
2015-12-16,172.95258061456695,174.64548636656923,171.63681676475792,174.34378051757812,197017000
2015-12-17,174.65391343882058,174.7209606234904,171.6703840546984,171.68714904785156,173092500
2015-12-18,170.9468886997138,171.08176821443183,168.4682959121305,168.62847900390625,251393500
2015-12-21,169.80035600673932,170.1965943918638,168.6875130023776,170.01954650878906,99094300
2015-12-22,170.90474783070158,171.8574076490797,169.91837134677345,171.5623321533203,111026200
2015-12-23,172.5655446669815,173.72896882744485,172.47280777210335,173.6868133544922,110987200
2015-12-24,173.43390652848993,173.94817246379162,173.18098653564485,173.40017700195312,48539600
2015-12-28,172.70889178931722,173.0461099010935,171.93327984099471,173.00396728515625,65899900
2015-12-29,174.09994421962654,175.17905768630865,174.0662275518134,174.8502655029297,92640700
2015-12-30,174.6057465465948,174.6900574939759,173.46761307717205,173.61093139648438,63317700
2015-12-31,172.9365137681449,173.57723329901134,171.87425231933594,171.87425231933594,114877900
2016-01-04,169.0247378144135,169.47998356786456,167.42291956654066,169.4715576171875,222353500
2016-01-05,169.7918953745946,170.21342442255937,168.65377466351708,169.7581787109375,110845800
2016-01-06,167.2121593520333,168.66222047693086,166.58830452056264,167.61683654785156,152112600
2016-01-07,164.67454181615454,166.45339493899422,163.20761607684997,163.59542846679688,213436100
2016-01-08,164.55648575645847,165.1129070990716,161.51304599731174,161.7996826171875,209817200
2016-01-11,162.7186624135249,163.05589341995838,160.02931749748547,161.9599151611328,187941300
2016-01-12,163.4015244612569,164.0169532623226,161.14212210067134,163.26663208007812,172330500
2016-01-13,163.93265430613445,164.2783112341863,158.81529803706786,159.19467163085938,221168900
2016-01-14,159.80168151270632,162.92942017466441,158.20830205788596,161.8081512451172,240795600
2016-01-15,157.45800285707142,159.13568064709096,156.4041799782958,158.33477783203125,324846400
2016-01-19,160.14738144377125,160.2738350598248,156.97747358482457,158.54556274414062,195244400
2016-01-20,155.99104099867043,158.07339555861964,152.61038261004657,156.51373291015625,286547800
2016-01-21,156.98589956251828,159.22842497611094,155.66229179050984,157.39056396484375,195772900
2016-01-22,159.9956541228914,160.82184791820066,159.23690655675782,160.61952209472656,168319600
2016-01-25,160.11362383775347,160.30752363639772,157.9975522277229,158.1914520263672,130371700
2016-01-26,158.8490580439721,160.62791173616895,158.5118398383817,160.34970092773438,141036800
2016-01-27,159.82700049285475,161.49625239213077,157.7024898893812,158.6045684814453,185681700
2016-01-28,160.147314333677,160.34964003457762,157.78674919882445,159.4307098388672,143798800
2016-01-29,160.19791755880993,163.45212261959614,160.07988992920824,163.31723022460938,210529300
2016-02-01,162.31400336657373,164.0422753468065,161.73229111753486,163.2582244873047,136061600
2016-02-02,161.83345580102923,161.84188175187165,159.7932436610134,160.31594848632812,182564900
2016-02-03,161.369775492127,161.6817029141604,157.7361966556225,161.27703857421875,205054900
2016-02-04,160.77967729837886,162.49951081884743,160.14738348196312,161.52999877929688,139531800
2016-02-05,161.01569349009503,161.5889669028916,157.82049564391338,158.45278930664062,180788300
2016-02-08,156.61491497348354,156.90997760538158,154.11103125730858,156.31983947753906,191526700
2016-02-09,154.58316887226096,157.60131910006854,154.44827645822463,156.3282928466797,184513100
2016-02-10,157.15442962845486,158.7815252359378,156.0668777100476,156.19334411621094,148214100
2016-02-11,153.72324244853974,155.2070332423687,152.66941960703548,154.16163635253906,219058900
2016-02-12,155.93206008196765,157.35681772325216,155.0890018292547,157.3399658203125,127632400
2016-02-16,159.14410602685712,160.02088092779238,158.18302015711848,159.99559020996094,120250700
2016-02-17,161.15903893571564,162.98004807787112,161.03257246348142,162.60910034179688,136009500
2016-02-18,162.87881866605304,162.9378389064611,161.63109630818496,161.94302368164062,102343000
2016-02-19,161.16740201520466,162.0188859942573,160.56039920461745,161.8671417236328,114793000
2016-02-22,163.44366003440703,164.35416427207795,163.37621384672272,164.21084594726562,103640300
2016-02-23,163.55327913205167,163.82306391154782,162.01890714277164,162.13694763183594,111455300
2016-02-24,160.71217722714357,163.15704068573677,159.6077731227988,162.8788299560547,150812200
2016-02-25,163.3256295149316,164.86000131333842,162.5668824290666,164.8515625,110728300
2016-02-26,165.71991833795718,165.81264236909203,164.31200014822562,164.47218322753906,129833700
2016-02-29,164.4891160692248,165.4333373098158,162.98847322726425,163.182373046875,125918100
2016-03-01,164.4047791383236,167.1025757382741,163.93266859254652,167.0182647705078,141799700
2016-03-02,166.70636680692752,167.8191971666362,166.29326357434144,167.76861572265625,102415000
2016-03-03,167.5915001214029,168.44299696468073,167.0182268357516,168.42613220214844,95172200
2016-03-04,168.6200839320446,169.7497918171889,167.79389040987522,168.9741668701172,129293600
2016-03-07,168.05518624135055,169.51368590949613,167.97931410528602,169.1090087890625,100219000
2016-03-08,168.03835062068885,168.54417777416353,167.10255559310772,167.26272583007812,123974900
2016-03-09,168.07206345871057,168.43457226724504,167.288012735809,168.08892822265625,94801200
2016-03-10,168.5779575305307,169.5137528369315,166.40286538959776,168.22386169433594,156838700
2016-03-11,169.67390440425157,170.980647308,168.2069912334791,170.93849182128906,137964500
2016-03-14,170.43263212624063,171.17451452211145,170.1038399749677,170.71926879882812,73612000
2016-03-15,169.75821068734467,170.74458730169502,169.4968646866255,170.4410858154297,93169100
2016-03-16,169.96053148155067,171.8321216399689,169.91837600042388,171.4274444580078,129303200
2016-03-17,171.34314903469127,173.02082657892635,170.94691066119776,172.51499938964844,134278500
2016-03-18,173.01497108735393,173.531889532325,172.70143484267174,173.19293212890625,138372400
2016-03-21,172.9302388198123,173.66747828660118,172.70143545996896,173.4386749267578,72926700
2016-03-22,172.667500849292,173.913189128969,172.5065045158591,173.34542846679688,97471900
2016-03-23,172.96410706036843,173.15053748796785,172.0319549223713,172.20144653320312,81052500
2016-03-24,171.17610725384458,172.15910186414206,170.95578622618342,172.1251983642578,84360900
2016-03-28,172.54040388108646,172.7522554642158,171.77774335397856,172.22686767578125,62408200
2016-03-29,171.8201124967345,173.93015903226305,171.51504568353033,173.8199920654297,92922900
2016-03-30,174.8199295998602,175.3029444872904,174.21826541228114,174.58265686035156,86365300
2016-03-31,174.48942346607075,174.91312658967516,173.9979262910424,174.158935546875,94584100
2016-04-01,173.16749404386812,175.5317520880499,172.85394489943778,175.34532165527344,114423500
2016-04-04,175.2690546011857,175.47243677743458,174.47249057387086,174.77755737304688,63497000
2016-04-05,173.43865755883377,174.78603056334993,172.7776816347166,173.0319061279297,99662200
2016-04-06,173.03191817198646,174.98095551509184,172.8539571352317,174.921630859375,91839800
2016-04-07,173.83695269721892,174.1928618424129,172.09976694798488,172.8285369873047,113859000
2016-04-08,174.00641968290486,174.4386052040037,172.7607312933758,173.2946014404297,95040600
2016-04-11,173.93015409491906,174.62503351153455,172.79463268426892,172.88784790039062,83757500
2016-04-12,173.0573365069002,174.7775704690855,172.6166815572068,174.4979248046875,115350600
2016-04-13,175.41310699169452,176.34525910921872,175.2775188781648,176.26051330566406,96336400
2016-04-14,176.3198524369293,176.76897678579215,175.92157040221767,176.2689971923828,65212900
2016-04-15,176.26899652666287,176.40458465081758,175.7520781174189,176.0740966796875,75761600
2016-04-18,176.07410600301003,177.3452156408778,175.4131300257505,177.3113250732422,82531000
2016-04-19,177.7350455134596,178.1248452658334,177.05711772147373,177.87062072753906,88316100
2016-04-20,177.91293562839186,178.7349207069673,177.438390207852,178.04005432128906,81100300
2016-04-21,178.05703173609004,178.16719870773824,176.8113432719301,177.08251953125,85695000
2016-04-22,176.7266103886894,177.3536828601742,176.1842708004453,177.08251953125,99251700
2016-04-25,176.4808531477876,176.81982346782792,175.87071950211055,176.77745056152344,66166500
2016-04-26,177.14179997053336,177.54856428767246,176.56556991684315,177.0401153564453,75864200
2016-04-27,176.65878883136563,177.7943101471621,176.30287974419332,177.40451049804688,77329400
2016-04-28,176.65030689544608,177.7519246407792,175.37919756123753,175.79441833496094,97216200
2016-04-29,175.17582484152928,175.52326451487454,173.7437061790421,174.8453369140625,142424100
2016-05-02,175.34529776552623,176.41302497381514,174.91312523773163,176.23507690429688,62188000
2016-05-03,175.0063301736889,175.24360287272106,173.95554184198056,174.70126342773438,106422100
2016-05-04,173.70988307735092,174.43865326842055,173.22685511018216,173.72682189941406,92243800
2016-05-05,174.1928224068987,174.54873147151844,173.2691527203575,173.69285583496094,67619200
2016-05-06,172.9217325732904,174.37080307810095,172.76920564141264,174.32843017578125,89315000
2016-05-09,174.2012793968678,174.90461508602237,174.02331842525632,174.47244262695312,74374900
2016-05-10,175.1757909862349,176.65875166936016,175.10799694621653,176.6417999267578,77472200
2016-05-11,176.1842718141911,176.71812906590588,174.9894256591797,174.9894256591797,81727000
2016-05-12,175.65880975920638,175.82830132832387,174.03179155273057,175.0402069091797,89586300
2016-05-13,174.7436573056343,175.29446622372728,173.1929022383585,173.51490783691406,96474600
2016-05-16,173.68441173226154,175.70123005894357,173.62508708098525,175.2266845703125,77486800
2016-05-17,174.95552656862571,175.24364163397829,173.0658010349655,173.59120178222656,114924900
2016-05-18,173.2437772589709,174.81995377820982,172.55738010114683,173.64205932617188,120062100
2016-05-19,172.92176888026978,173.32852038107382,171.83708959119429,173.0404052734375,115430500
2016-05-20,173.65048663677024,174.6504327323409,173.5996443307976,174.13351440429688,104990400
2016-05-23,174.15045176211112,174.43009737301395,173.70980982710645,173.896240234375,58682600
2016-05-24,174.70975671321835,176.4638939748023,174.68433555844706,176.1503448486328,93537800
2016-05-25,176.8282659808313,177.7604180561647,176.15033837426097,177.34518432617188,76621400
2016-05-26,177.48080294319328,177.7096062974516,177.08252089075677,177.39605712890625,55280700
2016-05-27,177.55705770486466,178.16719133268288,177.5062153909457,178.15872192382812,64211200
2016-05-31,178.42988153996555,178.54004850476804,177.26045662250806,177.8197479248047,109879400
2016-06-01,177.2096331469243,178.36210643913597,177.0147332834286,178.1841583251953,69936200
2016-06-02,177.7858494101513,178.74340976386634,177.3113039374439,178.72647094726562,63044700
2016-06-03,178.16714476765324,178.54000554613668,176.98925072493054,178.19256591796875,101757100
2016-06-06,178.54852805069498,179.45525911623767,178.3875187638868,179.09934997558594,64887000
2016-06-07,179.25186150671053,179.93825857110662,179.22644035102138,179.37896728515625,60974800
2016-06-08,179.51454452608584,180.0907875243807,179.38743875534112,179.9636688232422,66170900
2016-06-09,179.23488301978054,179.83654711891666,178.9637197560857,179.71791076660156,73786900
2016-06-10,178.3451210916334,178.68407841192564,177.47228077761466,178.01463317871094,113829200
2016-06-13,177.4129425852768,178.26881809602548,176.5570670745281,176.6417999267578,117751200
2016-06-14,176.26052776899468,176.8876131477305,175.34532732316208,176.29441833496094,125059300
2016-06-15,176.29446353832938,177.4130464579594,175.86229082687157,176.04872131347656,109124500
2016-06-16,176.0486783356093,176.74355778520848,174.2182774214604,176.57406616210938,149533100
2016-06-17,176.47011618017717,176.49566953304955,175.26054315288454,175.91644287109375,117055700
2016-06-20,177.87560661878948,178.54853320660186,176.96416042011919,177.04934692382812,82789600
2016-06-21,177.43270284148394,177.96082289803414,176.98975631147866,177.5519561767578,72461700
2016-06-22,177.73083125459377,178.4548777236498,177.1175246684293,177.26234436035156,95560500
2016-06-23,178.71892654071584,179.62184645879435,178.2589531287725,179.57073974609375,102731400
2016-06-24,173.45478058503264,179.60487486156836,172.67962721000032,173.12257385253906,333444400
2016-06-27,171.71701148787568,171.72553793794785,169.2126787224782,170.02191162109375,230775800
2016-06-28,171.62327480615815,173.1139475145144,171.3166216148195,173.08839416503906,159382400
2016-06-29,174.48542967094025,176.26571631196322,174.383216236283,176.03573608398438,137328600
2016-06-30,176.5041987902838,178.48891188233904,175.950512474756,178.43780517578125,165021900
2016-07-01,178.4378678700544,179.29820772484638,178.27602124399883,178.8126678466797,106055300
2016-07-05,177.98640172520842,178.09714162296606,176.93016146096247,177.52642822265625,109803700
2016-07-06,177.0323211874561,178.71039406322262,176.37642144980018,178.5911407470703,96021500
2016-07-07,178.77003634904318,179.43444962093204,177.71379627457281,178.4804229736328,85593800
2016-07-08,179.77522885512255,181.3851557345207,179.5452355873109,181.13812255859375,133971000
2016-07-11,181.5980887568401,182.34768865826774,181.39364887527617,181.77696228027344,73633900
2016-07-12,182.739469050371,183.39536879733734,181.80246941184768,183.09722900390625,101275600
2016-07-13,183.51461698511312,183.52313043699377,182.5861438223003,183.07167053222656,87324100
2016-07-14,184.3324092932635,184.56240254403048,183.70207571376685,184.09390258789062,91230900
2016-07-15,184.65605216198605,184.85196554560372,183.4038858015429,183.84683227539062,107155400
2016-07-18,183.96612717664067,184.50277373745146,183.71058057636697,184.34092712402344,58725900
2016-07-19,183.92351020759827,184.18757022804962,183.6764900910065,184.15350341796875,54345700
2016-07-20,184.15350877137692,185.15864216846145,184.15350877137692,184.92013549804688,58159500
2016-07-21,184.8094176802233,185.03088445714766,183.77871787722287,184.22166442871094,67777300
2016-07-22,184.3409364510158,185.09904983834693,184.0768763831738,185.04794311523438,62787500
2016-07-25,184.84350426323465,184.8946109866342,183.96613751783332,184.5453643798828,55873100
2016-07-26,184.44312372505922,184.9882836903036,183.78722387702433,184.63052368164062,70080500
2016-07-27,185.0053294300427,185.0734760525525,183.66797633386125,184.4346160888672,84083900
2016-07-28,184.23867279264252,184.93716586113342,183.77869937989922,184.64755249023438,65035700
2016-07-29,184.38344623722966,185.30339283201792,184.10234638974194,184.9456329345703,79519400
2016-08-01,185.0053269756298,185.3971538028139,184.34091366202279,184.79237365722656,73311400
2016-08-02,184.5453701314002,184.69870330401844,182.77360967600637,183.60838317871094,92295500
2016-08-03,183.54872231596235,184.20462218226243,183.25059546592718,184.14498901367188,53993600
2016-08-04,184.25574059138555,184.65609389903167,182.5010071992208,184.34092712402344,46585500
2016-08-05,184.34085684724045,185.8911497686357,184.34085684724045,185.8485565185547,71892200
2016-08-08,186.0359807982686,186.1382072113854,185.47379401549162,185.73785400390625,39906500
2016-08-09,185.80597626610873,186.34260962469725,185.52487641273615,185.8485565185547,51251700
2016-08-10,185.95935469412962,186.0360147697383,185.0393947939079,185.38864135742188,57941100
2016-08-11,185.91675575387725,186.49599552416987,185.6526957253063,186.24896240234375,72504300
2016-08-12,185.9422775017856,186.30005044482607,185.68674396766605,186.08709716796875,61313500
2016-08-15,186.4533582510116,186.9729647321316,186.4448447996487,186.62371826171875,49813500
2016-08-16,186.20635372599986,186.27448733786065,185.66119384765625,185.66119384765625,53213600
2016-08-17,185.69525506641838,186.146714967824,184.86048187105433,186.0104217529297,75134300
2016-08-18,185.98487945182433,186.46189273466416,185.87415258107467,186.42782592773438,52989300
2016-08-19,185.95934477450407,186.33414467656135,185.47381799057598,186.15525817871094,75443000
2016-08-22,185.91676580332864,186.37675226307763,185.5504923239354,186.14675903320312,61368800
2016-08-23,186.76009791143366,187.05823781639228,186.46195800647504,186.52159118652344,53399200
2016-08-24,186.37670947206888,186.47040943327224,185.15009652454734,185.56748962402344,71728900
2016-08-25,185.18415075264107,185.85709033675323,185.03083064343207,185.439697265625,69224800
2016-08-26,185.62717700379397,186.64935049767715,184.2046501668467,185.0905303955078,122506300
2016-08-29,185.21822566895756,186.26595204716423,185.18414586938607,186.00189208984375,70502200
2016-08-30,185.91674874049886,186.1978486628494,185.14160858841032,185.69528198242188,58114500
2016-08-31,185.3630734334427,185.48232676312082,184.3920068924529,185.1671600341797,85269500
2016-09-01,185.15861927743916,185.46527252972356,184.0171927819061,185.1756591796875,97844200
2016-09-02,186.02746165420058,186.43632830124716,185.43970853790063,186.0104217529297,79293900
2016-09-06,186.29153193878327,186.64929189944218,185.57601201746544,186.5726318359375,56702100
2016-09-07,186.41081159095657,186.7345047905499,185.95083814731663,186.5556182861328,76554900
2016-09-08,186.22341494644138,186.4960014346624,185.82306166539124,186.1297149658203,74102900
2016-09-09,184.81792135656548,184.86902807179513,181.64917503593986,181.6747283935547,221589100
2016-09-12,180.91660570571437,184.68161850409962,180.8484590897426,184.28126525878906,168110900
2016-09-13,183.00356100687588,183.26762104268442,181.01032106144442,181.63214111328125,182828800
2016-09-14,181.68324870057552,182.88430854433517,181.01032192860217,181.56399536132812,134185500
2016-09-15,181.40218712475806,183.76170088109808,181.22330059205066,183.37838745117188,134427900
2016-09-16,182.76362212584925,182.94341221609312,181.98456657023831,182.66944885253906,155236400
2016-09-19,183.32017059335925,183.9622577591456,182.37843752488723,182.70376586914062,80250500
2016-09-20,183.5598245104074,183.71391911147663,182.6780261243973,182.71226501464844,69665300
2016-09-21,183.41428773203177,184.94672955056805,182.72939235227372,184.76695251464844,110284400
2016-09-22,185.7772407825473,186.23098138547766,185.52897279847716,185.93133544921875,76678700
2016-09-23,185.537451837607,185.67443352635397,184.81831756662461,184.91249084472656,73630900
2016-09-26,184.0820454836398,184.26182250818067,183.2173600593985,183.41427612304688,89827300
2016-09-27,183.25160245667985,184.6470624255257,182.88346584394623,184.5529022216797,78494800
2016-09-28,184.7755573811738,185.62311710529872,183.8167114362782,185.46900939941406,87411000
2016-09-29,185.26350574056914,185.66588132423695,183.24307136462014,183.79098510742188,128070600
2016-09-30,184.62138853136247,185.87987994889195,184.37312066831626,185.17787170410156,117202900
2016-10-03,184.76690270140054,184.9552361433487,184.09912041528358,184.73265075683594,83512100
2016-10-04,184.8440172416814,185.06660270918726,183.2002760132762,183.79098510742188,119948100
2016-10-05,184.4159472616854,185.0323518152725,184.34745641536537,184.6042938232422,72816000
2016-10-06,184.38164017313977,184.9552361433487,183.84229614749546,184.73265075683594,62927400
2016-10-07,185.0066914120333,185.1779120165763,183.37150655256386,184.0991973876953,89788300
2016-10-10,185.0580596923828,185.52035663948527,184.91252152267842,185.0580596923828,51855000
2016-10-11,184.62995779564466,184.69844863511594,181.99311926081322,182.72080993652344,130367400
2016-10-12,182.85782847749783,183.48280261492656,182.3612795887013,182.9605712890625,73866100
2016-10-13,181.63359151521533,182.85783124494432,180.82028384808063,182.3612823486328,101357000
2016-10-14,183.33725813528716,183.79956814610816,182.37841228068805,182.45545959472656,93346200
2016-10-17,182.42976500852797,182.68660243484823,181.6421398142282,181.82192993164062,58275700
2016-10-18,183.4143117616483,183.47423309370768,182.58387812767933,182.9605712890625,76869700
2016-10-19,183.22591617076887,183.75670381257953,182.8663490847077,183.44850158691406,66519200
2016-10-20,183.09757061406387,183.66261045082263,182.44692699383353,183.10614013671875,73639800
2016-10-21,183.10613816081155,183.27735878920382,182.14727912788103,183.19174194335938,89089100
2016-10-24,184.0649374413789,184.3389008279515,183.61975346984508,183.97076416015625,60146600
2016-10-25,183.79092341287125,184.0477607511905,183.19164499898605,183.35430908203125,66542300
2016-10-26,182.532511363168,183.56840448294915,182.29278684752947,182.9862518310547,75705500
2016-10-27,183.70538728812593,183.73962618296824,182.42121318718085,182.49826049804688,77220200
2016-10-28,182.4725676586778,183.1488935654366,181.24832802261642,181.95889282226562,140623200
2016-10-31,182.292783476287,182.51538200884306,181.80480412278754,181.96746826171875,61272500
2016-11-01,182.2927891440418,182.34416708158656,179.44193411679908,180.6490478515625,122781800
2016-11-02,180.34083850479635,180.72610117322677,179.12515529623803,179.56178283691406,103330800
2016-11-03,179.77577410226917,179.98980306721924,178.46591788183787,178.7398681640625,88939300
2016-11-04,178.85118627336155,179.69017624675064,178.39744586486492,178.54298400878906,109122100
2016-11-07,178.54301394389404,182.51539209591,178.54301394389404,182.48114013671875,109794900
2016-11-08,182.08735611804934,183.86807937626546,181.82196218697854,183.30303955078125,106772100
2016-11-09,181.81332020546031,185.8627576109567,181.78763777483698,185.24635314941406,258429000
2016-11-10,186.03402274157074,186.8986952607369,184.2532997663908,185.7086944580078,172113300
2016-11-11,184.98954808289514,185.52033582618566,184.338904621336,185.28062438964844,100552700
2016-11-14,185.80285585272793,186.00832839708144,184.68134597429705,185.42616271972656,94580000
2016-11-15,185.81142771850293,186.87301635742188,185.60596822040515,186.87301635742188,91652600
2016-11-16,186.25659404633944,186.75314289173917,186.13673832940114,186.52198791503906,65617700
2016-11-17,186.6760686915259,187.54074102033763,186.56476944779976,187.48081970214844,69797200
2016-11-18,187.54936330481615,187.72058391490273,186.88158071787657,187.06137084960938,86265800
2016-11-21,187.63494794012425,188.49962042400998,187.48940978323023,188.47393798828125,72402600
2016-11-22,188.7820761261849,189.02178748705396,188.11430689757975,188.84201049804688,67429000
2016-11-23,188.3283891520488,188.9961585697166,188.13148613486294,188.94479370117188,56620200
2016-11-25,189.28723768592408,189.68104369898273,189.21017732398442,189.6468048095703,37872300
2016-11-28,189.3386507599294,189.61260113485753,188.65375522766547,188.75648498535156,76572500
2016-11-29,188.79067283273022,189.57829785519968,188.4910270568457,189.1245574951172,69886700
2016-11-30,189.74096699542022,189.90363110303045,188.61088776147022,188.6708221435547,113291800
2016-12-01,188.97048639352258,188.97048639352258,187.6178215074796,187.97740173339844,79040500
2016-12-02,188.06297674697552,188.55952553277262,187.71196609547022,188.071533203125,74840300
2016-12-05,188.90198382342916,189.54407080184095,188.7050808077716,189.20162963867188,67837800
2016-12-06,189.39000177393402,189.83518579680896,188.91057885543555,189.80093383789062,59877400
2016-12-07,189.6468069632402,192.3435669528581,189.52695125399703,192.2836456298828,110738100
2016-12-08,192.25796558637467,193.2253677289716,191.99255866812283,192.75450134277344,99714400
2016-12-09,192.97714906926694,193.9359949996824,192.9428971070115,193.9188690185547,88005800
2016-12-12,193.82471653529913,194.30415261529737,193.27680265002715,193.69630432128906,102016100
2016-12-13,194.35549606822372,195.48556261678567,194.33837008714514,194.989013671875,110477500
2016-12-14,194.68938860416048,195.39139709678585,192.94290423688426,193.37953186035156,142501800
2016-12-15,193.61921946002988,195.0318057935021,193.38806445632346,194.17568969726562,124972600
2016-12-16,194.6312726357613,194.69156029974823,193.47731839077315,193.7959442138672,156420200
2016-12-19,193.9767864007674,194.63988497695757,193.8303904029604,194.21791076660156,90341100
2016-12-20,194.75182675903397,195.1135264473923,194.51932242546528,194.9671173095703,89838800
2016-12-21,194.83792994460757,195.01015974080977,194.42457580566406,194.42457580566406,67909000
2016-12-22,194.27817130921775,194.39873347530573,193.6925742594399,194.08871459960938,56219100
2016-12-23,194.1317873010316,194.38153169613182,193.94234370721074,194.3729248046875,36697800
2016-12-27,194.63982731069177,195.25124493566398,194.62260039243822,194.85511779785156,42672500
2016-12-28,195.1135149259041,195.13072870792,193.13283934987078,193.24478149414062,64095000
2016-12-29,193.31364806068328,193.66672764527488,192.76250488924578,193.2017059326172,48696100
2016-12-30,193.52895156569957,193.61507303026372,191.80662739674145,192.4955596923828,108998300
2017-01-03,193.79591197608372,194.476237389342,192.79697393302524,193.96815490722656,91366500
2017-01-04,194.29539466616654,195.26851207345445,194.28678777541126,195.1221160888672,78744400
2017-01-05,194.85517515869023,195.1221333389085,194.17484966043173,194.9671173095703,78379000
2017-01-06,195.07899964620458,196.12961819114082,194.5364634568541,195.6645965576172,71559900
2017-01-09,195.4063191925194,195.5441082990617,194.98434498134318,195.018798828125,46939700
2017-01-10,195.03601261122344,195.87134100173415,194.63126532343816,195.018798828125,63771900
2017-01-11,194.93269672198744,195.56996154785156,194.2695980786161,195.56996154785156,74650000
2017-01-12,195.05320671675017,195.26849723189008,193.7270229252161,195.07904052734375,72113200
2017-01-13,195.25123158032957,195.82820846961746,195.21679088646673,195.5268096923828,62717900
2017-01-17,194.88964981641723,195.29439717315918,194.45046174731826,194.83798217773438,61240800
2017-01-18,195.08765908587074,195.31156964479436,194.53651585975967,195.2685089111328,54793300
2017-01-19,195.34600995331297,195.48379904463542,194.11455444288248,194.54513549804688,66608800
2017-01-20,195.22543385479455,195.75074323022767,194.59678923838771,195.2598876953125,129168600
2017-01-23,195.25986555738928,195.32014006102685,193.9939564378257,194.75177001953125,75061600
2017-01-24,194.9670681283333,196.41382709593856,194.8551260056911,196.00047302246094,95555300
2017-01-25,196.94774059731128,197.69696044921875,196.78411771999484,197.69696044921875,84437700
2017-01-26,197.55060044787433,197.8175717636981,197.2147477205455,197.49032592773438,59970700
2017-01-27,197.56781818965763,197.71421417781394,196.99944801896262,197.1802978515625,59711100
2017-01-30,196.49132894663734,196.51716275501758,194.97568858040952,195.95741271972656,79737300
2017-01-31,195.46657427051073,196.00050372017813,194.898217258071,195.94021606445312,75880800
2017-02-01,195.94019876504385,196.853028428981,195.4321163128962,196.0177001953125,79117700
2017-02-02,196.01766841614332,196.43103559113922,195.3287494050592,196.1468505859375,69657600
2017-02-03,197.05107611387086,197.6797206338681,196.74105729820448,197.49887084960938,80563200
2017-02-06,197.0941453700368,197.49028567706006,196.80996032940286,197.14581298828125,57790100
2017-02-07,197.53334759389273,197.77447190734355,196.96497750920597,197.15443420410156,57931200
2017-02-08,197.1544447735918,197.54196507382068,196.61190846909716,197.4127960205078,51566200
2017-02-09,197.41281856891618,198.88539850604153,197.41281856891618,198.58399963378906,65955200
2017-02-10,198.92844207107467,199.59154055725963,198.60119627316433,199.3676300048828,66015900
2017-02-13,199.8584786124461,200.7110337232728,199.8326448036595,200.4526824951172,55182100
2017-02-14,200.2718463350098,201.26219058701622,199.92738676753206,201.25357055664062,71109000
2017-02-15,201.03827471556946,202.49364065914128,200.98660709584573,202.30418395996094,86785800
2017-02-16,202.33000632685946,202.51085612595435,201.38273602482136,202.13194274902344,84722400
2017-02-17,201.4688526018663,202.45057678222656,201.45162568212956,202.45057678222656,77204100
2017-02-21,202.82093682495986,203.82849508075225,202.81231679267117,203.65626525878906,88946100
2017-02-22,203.25147490734517,203.69926972156108,203.08785201202807,203.47537231445312,62115200
2017-02-23,203.99207258780973,204.00928636796786,202.85533236344304,203.6131591796875,74615900
2017-02-24,202.76923455546964,203.91456858901134,202.72617382226116,203.87152099609375,82381600
2017-02-27,203.78542300183085,204.36240010046646,203.53569174492293,204.19017028808594,56515400
2017-02-28,203.81122209260744,204.05234641691743,203.25147201266427,203.6389923095703,96961900
2017-03-01,205.2923958208318,206.95444520988164,205.27516890262774,206.48941040039062,149158200
2017-03-02,206.30005689239647,206.30867692595368,205.13749556784484,205.1891632080078,70246000
2017-03-03,205.10297729567483,205.4818907249212,204.7240638664285,205.31826782226562,81974300
2017-03-06,204.52598307687302,205.05989933306515,204.10400894970482,204.7068328857422,55391500
2017-03-07,204.40546264673017,204.75854230642355,203.88876006472563,204.09544372558594,65103700
2017-03-08,204.38819704453468,204.6465482866462,203.57870261805394,203.71649169921875,78168800
2017-03-09,203.8370491788356,204.30208403201433,203.010340991413,203.97483825683594,90683900
2017-03-10,204.93074530765566,204.97380604057082,203.74233740870923,204.6896209716797,81991700
2017-03-13,204.62930009929119,204.83598369955777,204.3020674908966,204.7929229736328,57256800
2017-03-14,204.25043221184765,204.3021129786375,203.39789009404342,204.00930786132812,59880800
2017-03-15,204.57767388337365,206.196662895698,204.34515642855678,205.77468872070312,96081800
2017-03-16,205.91248570942832,205.98998715057468,205.04271665366073,205.3699493408203,78344000
2017-03-17,205.63199726496683,205.82227819204954,205.00926208496094,205.00926208496094,89002100
2017-03-20,205.0092494983875,205.2946708714881,204.3951718875136,204.7843780517578,52537000
2017-03-21,205.38982235241298,205.51090901439778,202.02532881856098,202.15505981445312,131809300
2017-03-22,202.18969967752707,202.9162197792694,201.56696439104547,202.63079833984375,97569200
2017-03-23,202.63076264780625,203.54756354767736,202.04263120164606,202.41453552246094,100410300
2017-03-24,202.7172732379335,203.2881028594989,201.48910466205444,202.26751708984375,112504900
2017-03-27,200.59820862722134,202.31938117796201,200.32144478844586,202.05990600585938,87454500
2017-03-28,201.75720838274196,203.9540701538015,201.6447660551732,203.5302734375,93483900
2017-03-29,203.244785285003,203.95400315545626,203.0199007037394,203.72047424316406,61950400
2017-03-30,203.65998362917261,204.56814009591145,203.48700458728308,204.36920166015625,56737900
2017-03-31,204.03193003110582,204.55952479613492,203.84164908650794,203.8935546875,73733100
2017-04-03,203.94547910203354,204.1444044126243,202.31080214683521,203.53897094726562,85546500
2017-04-04,203.25350299956253,203.75515152683073,202.8729411376724,203.6686553955078,56466200
2017-04-05,204.34326269653357,205.32061345411282,202.85561912820899,203.06320190429688,108800600
2017-04-06,203.20157900865607,204.15297031801492,202.76046728392677,203.634033203125,69135800
2017-04-07,203.38325034394884,204.11842792690598,202.94215171264923,203.42649841308594,74412300
2017-04-10,203.56489403083373,204.34330651252617,203.01999737517406,203.54759216308594,67615300
2017-04-11,203.16698562884116,203.40915893428013,201.81773058497976,203.3053741455078,88045300
2017-04-12,203.02862636532242,203.21890729142282,202.1896640631861,202.41453552246094,81864400
2017-04-13,202.07720426085868,202.81238170244328,201.099853515625,201.099853515625,92880400
2017-04-17,201.61881958860167,202.881591796875,201.41989433024537,202.881591796875,68405400
2017-04-18,202.1464378130178,202.81242112623795,201.59289684029733,202.2761688232422,83225800
2017-04-19,202.83838456156207,203.2102889541078,201.67939691610522,201.90428161621094,68699900
2017-04-20,202.5183487901547,203.98870400717547,202.19833682284133,203.54759216308594,92572200
2017-04-21,203.46972277708795,203.52161517502364,202.50102948907167,202.8988800048828,110389800
2017-04-24,205.13898490980165,205.3379233603899,202.87292893794245,205.13034057617188,119209900
2017-04-25,205.77034225791132,206.6698411068013,205.68384614664433,206.32388305664062,76698300
2017-04-26,206.28935434519522,207.17156485058885,206.15097899328634,206.1942138671875,84702500
2017-04-27,206.5141745623842,206.6698517337253,205.83088956162,206.3671417236328,57410300
2017-04-28,206.6266069257036,206.65255312133522,205.78764474040307,205.91738891601562,63532800
2017-05-01,206.43634033203125,206.86015021914145,206.02118797570128,206.43634033203125,66882500
2017-05-02,206.5747731913736,206.6958598711885,206.1077283399328,206.5142364501953,57375700
2017-05-03,206.51424337626662,206.6093838562733,205.58878478006898,206.26341247558594,73137700
2017-05-04,206.56611939387074,206.64395799930222,205.6579627381305,206.5055694580078,61462700
2017-05-05,206.87744394406326,207.33584434389297,206.43633221020283,207.31854248046875,62001300
2017-05-08,207.3618504525365,207.5088833404866,206.86020184793435,207.2840118408203,48385700
2017-05-09,207.5434450706046,207.7423703261031,206.74771765369846,207.09368896484375,51363200
2017-05-10,207.05045428669604,207.46560668945312,206.842871486589,207.46560668945312,54293800
2017-05-11,207.0158476249322,207.20612854417598,205.9606582354735,207.0417938232422,62358300
2017-05-12,206.79092596505467,207.08499162490673,206.427666056275,206.69578552246094,53912700
2017-05-15,207.1196031252513,207.95856527850188,207.10230126300635,207.8374786376953,61918900
2017-05-16,208.1316092876825,208.15755549042336,207.25805633467112,207.6472625732422,51241800
2017-05-17,207.64722812837044,207.64722812837044,203.90217285033032,203.9627227783203,172174100
2017-05-18,203.8848658703277,205.63198464016048,203.625390695013,204.7843780517578,107047700
2017-05-19,205.26874160827177,206.78233152544618,205.21684920841886,206.11634826660156,115011400
2017-05-22,206.6266353290807,207.32722229980186,206.55745426285634,207.1628875732422,61010600
2017-05-23,207.53476547872376,207.7855963023231,207.15420367564522,207.6212615966797,48341700
2017-05-24,207.854788455493,208.20939086163548,207.5174615173486,208.10560607910156,46927700
2017-05-25,208.6159188746887,209.377042546185,208.40834928970304,209.1002655029297,64071700
2017-05-26,208.90997604809624,209.22134361030675,208.83213745690742,209.05702209472656,46629900
2017-05-30,208.7369929564361,209.12619910229242,208.5813157770756,208.87538146972656,35201900
2017-05-31,209.16945969341108,209.20406342253426,208.13157217646426,208.82350158691406,91796000
2017-06-01,209.28189341336648,210.50141746443626,208.9964720483849,210.48411560058594,68962000
2017-06-02,210.53604147612447,211.34041330489234,210.24197573118028,211.18472290039062,88666100
2017-06-05,211.01178138227195,211.2972028434428,210.8301447442688,211.02908325195312,44698800
2017-06-06,210.466814497772,211.0203553658864,210.27653358709625,210.35438537597656,50375400
2017-06-07,210.69172942442873,210.96849329954466,210.02574614132465,210.74362182617188,54144300
2017-06-08,210.83873725835193,211.32308388038217,210.31978690763057,210.84738159179688,65950700
2017-06-09,211.11547509073324,211.91118918567153,209.26457175746387,210.52734375,132256400
2017-06-12,210.2851903574007,210.53600799468163,209.63650903629403,210.48411560058594,86108100
2017-06-13,211.0203777650746,211.56527435779938,210.67441963482645,211.5133819580078,60067000
2017-06-14,211.78147826011883,211.79012259331708,210.423565693046,211.2452392578125,78602300
2017-06-15,209.89598483832128,210.95983177720848,209.61922098575457,210.8387451171875,66464900
2017-06-16,210.99781733459514,211.04996279608503,210.00701378083883,210.88482666015625,84553100
2017-06-19,211.71044001182366,212.70124331255076,211.61483560290208,212.64041137695312,65123800
2017-06-20,212.2841118334075,212.2927983226885,211.18901740229742,211.20639038085938,56906400
2017-06-21,211.59746816696568,211.71044555369375,210.68488301460977,211.15420532226562,55977600
2017-06-22,211.16294370634014,211.65833882940308,210.8848169088331,211.0586395263672,44148100
2017-06-23,211.11946010978448,211.64092790155846,210.73704243872845,211.3106689453125,66986800
2017-06-26,211.97992043403343,212.39711064820162,211.2411709623493,211.4497528076172,56700500
2017-06-27,211.23247558101465,211.52798863761825,209.72889061406468,209.74627685546875,82247700
2017-06-28,210.76311067350048,211.82344573453494,210.52844287820562,211.62355041503906,70042600
2017-06-29,211.77133642732028,211.82348188810502,208.55557148137194,209.76365661621094,106949700
2017-06-30,210.57193157446784,210.94566280210128,209.96354578022047,210.15475463867188,86820700
2017-07-03,211.09343678832516,211.52800001408386,210.51112365722656,210.51112365722656,39153800
2017-07-05,210.87614082870252,211.20639983977458,210.06784638763787,210.99781799316406,54427600
2017-07-06,210.23293954349657,210.35461668308216,208.88579125834767,209.0683135986328,65400800
2017-07-07,209.64197067450192,210.57192896378987,209.0770305954212,210.42417907714844,57972300
2017-07-10,210.42414792570648,211.02384713446918,210.1199484464805,210.65011596679688,36663300
2017-07-11,210.6501650267731,210.8066146776675,209.32910242406086,210.4937286376953,50354600
2017-07-12,211.45842825120994,212.24063660467954,211.45842825120994,212.07550048828125,59610400
2017-07-13,212.08423949125515,212.54487544761292,211.85825812727933,212.431884765625,39471600
2017-07-14,212.4318497416446,213.77899816590127,212.3362453176828,213.4226531982422,60262700
2017-07-17,213.34443047246788,213.7268481601751,213.22275332290783,213.39657592773438,33531900
2017-07-18,212.98811662584762,213.56174324120425,212.64915785528538,213.5095977783203,42742500
2017-07-19,213.8224433044374,214.67418331440118,213.81374355439402,214.66549682617188,51034300
2017-07-20,214.91751422285301,215.03919135389674,214.21352416025633,214.76107788085938,47135200
2017-07-21,214.18746759554307,214.59595797953887,213.96148629097556,214.56988525390625,82340800
2017-07-24,214.49172101121746,214.65685716650034,214.048471274788,214.51780700683594,46622300
2017-07-25,215.26521368818368,215.36951787097334,214.81327752275382,215.03924560546875,54915600
2017-07-26,215.3261004915522,215.3608597179854,214.78724628001723,215.0479736328125,47575400
2017-07-27,215.50858225374023,215.54334147361757,213.52696191351524,214.84803771972656,70766600
2017-07-28,214.3700269432227,214.72637195951367,213.91809075173916,214.59600830078125,50088400
2017-07-31,214.99580262225925,215.09140706086657,214.26573959752176,214.47433471679688,65838700
2017-08-01,215.07405450167863,215.108813727283,214.43089610254248,214.95237731933594,55050400
2017-08-02,215.08268283502977,215.19567349587365,214.12663861669216,215.05661010742188,47211200
2017-08-03,214.9436057790186,214.9696785049686,214.3612927964457,214.63941955566406,40856000
2017-08-04,215.12612199115475,215.3607765180168,214.64809992600595,215.030517578125,60191800
2017-08-07,215.10009986913212,215.43035888671875,214.99579568195313,215.43035888671875,31995000
2017-08-08,215.11744331571666,216.3342280791,214.52644380404467,214.90016174316406,61719400
2017-08-09,214.21359245470444,214.94365547372158,213.85724743524958,214.89151000976562,62632600
2017-08-10,214.05711915685916,214.18749606416483,211.8060851326242,211.8582305908203,120479500
2017-08-11,212.0842378910968,212.76215545427516,211.84957003866828,212.171142578125,74869900
2017-08-14,213.44871624550768,214.49166511117897,213.41395703010485,214.27438354492188,73291900
2017-08-15,214.65682724702344,214.67421348773985,213.94415051944327,214.2483367919922,55242700
2017-08-16,214.76977439774194,215.16957828230625,214.19614792668534,214.6220245361328,56715500
2017-08-17,214.01369614334953,214.32658218751973,211.27593994140625,211.27593994140625,128490400
2017-08-18,211.11075577820276,212.2319360405409,210.50237007009596,210.9456329345703,136748000
2017-08-21,210.88478025367974,211.3714888029037,210.18079015485125,211.11074829101562,65469700
2017-08-22,211.6930974516388,213.47479574199497,211.6757112124789,213.318359375,63140100
2017-08-23,212.3536629833121,212.97943507606757,212.2059130811083,212.55355834960938,50203800
2017-08-24,212.93596411886358,213.09240050234038,211.8495561386653,212.0581512451172,50741700
2017-08-25,212.84905815401697,213.46614375669583,212.40580844740558,212.55355834960938,64445900
2017-08-28,213.08370846040347,213.10978119030355,212.14505039855294,212.56224060058594,40565600
2017-08-29,211.24982905988216,213.06629978130863,211.13683840100393,212.80557250976562,51135700
2017-08-30,212.7882189478831,214.08322206327634,212.60569656795954,213.81378173828125,62030800
2017-08-31,214.4308818258023,215.34346726352203,213.84856868751683,215.10011291503906,103803900
2017-09-01,215.47378279149711,215.83012774424623,215.25650122447658,215.4042510986328,62007000
2017-09-05,214.90015712543195,215.12613844359225,212.89247756007697,213.85720825195312,91398800
2017-09-06,214.53516532697782,214.9175830790108,214.0049976728988,214.58731079101562,57916900
2017-09-07,214.89152108379372,214.90890732661396,214.15275827483524,214.56124877929688,58034700
2017-09-08,214.27440110391774,214.76980948125174,214.06581927077957,214.30917358398438,63832800
2017-09-11,215.57803570194272,216.67314309426294,215.56066272814962,216.5949249267578,71364800
2017-09-12,216.96002648847752,217.35981720404104,216.7775041101089,217.32505798339844,56896000
2017-09-13,217.03826280691024,217.4641395507926,216.92527212220693,217.4293670654297,59228000
2017-09-14,217.10774620268882,217.55969557911206,216.93392360000743,217.3597869873047,95446300
2017-09-15,217.21571546411664,217.73977127387886,217.11090696769054,217.65243530273438,95432400
2017-09-18,218.0192775480726,218.4647269838403,217.73104085635288,218.1153564453125,46235200
2017-09-19,218.3598660581464,218.42101321790437,218.01049560350478,218.3336639404297,47108100
2017-09-20,218.42102014628162,218.52582862047296,217.41655673397517,218.4122772216797,59574100
2017-09-21,218.25507757696303,218.34241353480814,217.65240215902375,217.82708740234375,48211400
2017-09-22,217.53014764359605,218.03674424025084,217.50394552028905,217.87078857421875,51214000
2017-09-25,217.61743545677857,217.9668192362781,216.68286216782775,217.42527770996094,57064400
2017-09-26,217.85334755109452,218.09790962241138,217.32054875408994,217.55638122558594,54082000
2017-09-27,218.25512707261586,218.7879258485287,217.37294440320042,218.4036102294922,81001400
2017-09-28,218.12410769965842,218.7442557938906,218.03677172017154,218.6656494140625,44778800
2017-09-29,218.65682826696917,219.5128085221101,218.47341344631633,219.43418884277344,85578000
2017-10-02,219.6613046021802,220.38626098632812,219.4866060401173,220.38626098632812,59023000
2017-10-03,220.3862586954186,220.88411227476126,220.30763901225592,220.85791015625,66810200
2017-10-04,220.70946216621985,221.3645418885094,220.5959107495144,221.11997985839844,55953600
2017-10-05,221.4518837893815,222.44760446083976,221.15491750595024,222.43014526367188,63522800
2017-10-06,221.9847068130884,222.465101340426,221.72268555057047,222.17686462402344,80646000
2017-10-09,222.40397405322105,222.4651079070688,221.54799347828646,221.81002807617188,35803100
2017-10-10,222.3777281817695,222.7707733374642,221.83618656529862,222.3951873779297,43057400
2017-10-11,222.29908992244182,222.7445526123047,222.13314760699538,222.7445526123047,47674300
2017-10-12,222.43008543513866,222.77945587136392,222.17678054039172,222.41261291503906,47065100
2017-10-13,222.8493968318015,222.9629482537238,222.4126769968777,222.68344116210938,54800400
2017-10-16,222.91055952349745,223.17258078058654,222.56991856164902,222.9804229736328,38221700
2017-10-17,222.92798871346952,223.1812936647346,222.70962881020068,223.1376190185547,31561000
2017-10-18,223.51318501846194,223.55685966334508,223.1638145146575,223.35597229003906,40888300
2017-10-19,222.5786196871285,223.45205930604234,222.15937240178653,223.4171142578125,61903800
2017-10-20,224.21193583581314,224.59625135770185,223.39963015043398,224.5700225830078,89176400
2017-10-23,224.89321349255337,224.91941561151043,223.617972622621,223.6965789794922,63915300
2017-10-24,224.1246362141857,224.32551028927895,223.73157768030504,224.08969116210938,66935900
2017-10-25,223.75778380080655,223.87133523063355,221.85369158525188,222.9804229736328,103715300
2017-10-26,223.5918279839053,223.86257882405025,223.14636521841157,223.26864624023438,69798000
2017-10-27,224.01105961565028,225.2513555999806,223.27737353607554,225.0941162109375,85562500
2017-10-30,224.0110684569867,224.99805952789407,223.9586642103246,224.25563049316406,54285700
2017-10-31,224.631152068545,224.8582548559498,224.3079837358577,224.60494995117188,60304800
2017-11-01,225.38240065372474,225.72302829563802,224.53516302963726,224.90199279785156,54202700
2017-11-02,224.83212135422747,225.12908766017168,223.76652383042074,224.9893341064453,56449500
2017-11-03,225.14647366519628,225.78409404892494,224.73595606435163,225.7404327392578,59589700
2017-11-06,225.60946643391293,226.22088489302695,225.53960298542842,226.08987426757812,49652600
2017-11-07,226.1946383869873,226.5265496765108,225.4260073281454,225.9326171875,57502200
2017-11-08,225.75793755793842,226.41301726687485,225.47843048486277,226.31692504882812,50469600
2017-11-09,225.11161032535176,225.68808369230456,223.91497561583995,225.4959259033203,95085500
2017-11-10,225.11158468854057,225.6007087038398,224.79713258998552,225.42601013183594,59984700
2017-11-13,224.74476699576226,225.8627687451596,224.7098219443005,225.6356658935547,50228600
2017-11-14,224.8320804677906,225.21639600683287,224.05470646441782,225.11158752441406,61315200
2017-11-15,224.14210655809194,224.66617574423734,223.27740972687494,223.98489379882812,80811500
2017-11-16,224.92817282988813,226.25581817943672,224.8845115087638,225.8889617919922,67777000
2017-11-17,225.53951917816778,225.86268748594506,225.14646079261158,225.22506713867188,75756800
2017-11-20,225.46967865833645,225.80156326810715,225.22509001652006,225.60940551757812,48075500
2017-11-21,226.37810249998583,227.26902808267985,225.57455287648494,227.08558654785156,69176800
2017-11-22,227.09430631489215,227.22531692979058,226.7187336670959,226.8846893310547,45033400
2017-11-24,227.37381878799133,227.51357233228404,227.23406524369858,227.4087371826172,27856500
2017-11-27,227.4523787251362,227.74934495040995,227.09426533885556,227.295166015625,52274900
2017-11-28,227.7580990977113,229.62724582071488,227.66200688921438,229.60104370117188,98971700
2017-11-29,229.73206784726955,230.26487984974452,229.01586765243735,229.4613037109375,77512100
2017-11-30,230.3784306347225,232.37858806797493,230.29982427167096,231.47023010253906,127894400
2017-12-01,231.25183970097865,231.7322207413393,227.75808186488112,230.9897918701172,164390900
2017-12-04,232.60575289684377,233.033729872638,230.65797253111054,230.7104034423828,94040600
2017-12-05,229.88058471679688,231.59251897552159,229.74957409972203,229.88058471679688,77994500
2017-12-06,229.97662909551735,230.3522283702102,229.46130294566018,229.92422485351562,75898600
2017-12-07,230.64920043945312,230.96362589938755,229.662209431446,230.64920043945312,77218600
2017-12-08,231.60124271960038,231.91566817453804,230.61425172727832,231.90695190429688,76563900
2017-12-11,232.6056671142578,232.6668142754687,231.88072407003264,232.6056671142578,83077500
2017-12-12,233.39176216427342,233.4878543703505,232.64061698611724,233.0161895751953,85195800
2017-12-13,233.2607543511489,233.69747410791436,232.9026409519702,232.989990234375,102905400
2017-12-14,233.28702210203215,233.40057353557847,231.98560539042037,232.0380096435547,100666700
2017-12-15,233.0396690986028,234.43553349269078,232.98699699252464,233.97024536132812,144610300
2017-12-18,235.36613793134373,235.80509006221476,235.2607937065766,235.4539337158203,83653600
2017-12-19,235.69968900306878,235.74357348896925,234.47938951357304,234.5496368408203,82382900
2017-12-20,235.5153197895893,235.56799189149214,234.1282431203036,234.42672729492188,76751500
2017-12-21,235.05002902454035,235.6206881078484,234.66374908730396,234.90956115722656,67032300
2017-12-22,234.92719848045695,234.96232215444573,234.3126547474633,234.8481903076172,78720900
2017-12-26,234.44431077412563,234.7867062791785,234.30386967573068,234.56723022460938,45244400
2017-12-27,234.73408386409082,235.0413557638411,234.4092635212037,234.68141174316406,57751000
2017-12-28,235.18175980019154,235.20809585350116,234.7954798239778,235.1641845703125,45116100
2017-12-29,235.74356204218506,235.76111047739207,234.0843373997339,234.27745056152344,96007400
2018-01-02,235.13787066453907,235.98943885710432,234.75159065194177,235.95431518554688,86655700
2018-01-03,236.12104223446033,237.5959412528905,236.12104223446033,237.44668579101562,90070400
2018-01-04,238.08762314772258,238.9304036547057,237.50820317682505,238.44754028320312,80636400
2018-01-05,239.23772491384983,240.15951377214975,238.74610061722123,240.03662109375,83524000
2018-01-08,239.94003509509662,240.63358703131274,239.65033844866002,240.47557067871094,57319200
2018-01-09,240.8968254667871,241.6430491421475,240.61588978805125,241.01974487304688,57254000
2018-01-10,240.26485824485925,240.91452568794818,239.59766915107215,240.65113830566406,69574300
2018-01-11,241.2041360978791,242.4068603515625,241.03733218619251,242.4068603515625,62361500
2018-01-12,242.67026541950014,244.1538987144319,242.3717544461334,243.98712158203125,90816100
2018-01-16,245.24252279459583,245.89216327412473,242.45955492874856,243.15310668945312,106555100
2018-01-17,244.08365705963055,245.85701356015943,243.15308092859505,245.47073364257812,113258800
2018-01-18,245.35662013203756,245.777996906449,244.56648509700818,245.05813598632812,100728000
2018-01-19,245.63763639023136,246.1731719970703,245.05824307223153,246.1731719970703,140920100
2018-01-22,245.96241956189593,248.1747283935547,245.90972066426502,248.1747283935547,91322400
2018-01-23,248.21859845859058,248.99115835882742,247.89377822587898,248.7014617919922,97084700
2018-01-24,249.34230987749274,249.939305019952,247.42848539217053,248.60487365722656,134816100
2018-01-25,249.4652317930512,249.56178838394288,247.92011200672914,248.71022033691406,84587300
2018-01-26,249.544292779746,251.63370926274965,249.28969303570867,251.5897979736328,107743100
2018-01-29,251.01910249168148,251.45805452351033,249.7637061106124,249.92172241210938,90118300
2018-01-30,248.0957279260588,249.97442894951632,246.88421586467027,247.35829162597656,131796400
2018-01-31,248.20987669807295,248.7102617559007,246.41015692190018,247.481201171875,108364800
2018-02-01,246.7524977240842,248.49951821002367,246.41010228471623,247.20021057128906,90102500
2018-02-02,245.88329097025482,246.01499797691042,241.78349511987267,241.81861877441406,173174800
2018-02-05,240.0629426086258,242.16990757960036,231.16098010750332,231.7052764892578,294681800
2018-02-06,228.20238422661203,236.7707364527866,227.11379176202638,236.27032470703125,355026800
2018-02-07,235.7172043792899,239.10590067729856,234.90952097825843,234.98855590820312,167376100
2018-02-08,235.28707148417266,235.42753934624014,226.13929955438024,226.17442321777344,246449500
2018-02-09,228.95740154214974,231.42431016741446,222.0395256489663,229.5719451904297,283565300
2018-02-12,231.6174560445814,234.40921179523755,229.71241891123438,232.94309997558594,143736000
2018-02-13,231.74033205487234,234.06677241807566,231.16091216963022,233.52247619628906,81223600
2018-02-14,232.0388312280291,237.03410771542661,232.03004361372035,236.67416381835938,120735700
2018-02-15,238.41240518393013,239.70292518687265,235.9542578113466,239.6941375732422,111200300
2018-02-16,239.07081840698507,241.7045303485651,239.02690713305674,239.76434326171875,160420100
2018-02-20,238.81629808944345,240.25607395574437,237.47310562466865,238.26321411132812,86369700
2018-02-21,238.70213095136867,241.17782706280644,236.98144633395106,237.0780029296875,98883700
2018-02-22,237.9998280651637,239.71172513772538,236.71809546663133,237.38528442382812,110511300
2018-02-23,238.60555670362223,241.1690216064453,238.13148100019365,241.1690216064453,92766400
2018-02-26,242.24005616182345,244.0661115745576,241.65187545623988,243.9695281982422,86491400
2018-02-27,244.15394484904607,244.86507195937202,240.86180382064492,240.9232635498047,99099200
2018-02-28,242.02066525784565,242.46840505051796,238.16667908529266,238.4827117919922,121907800
2018-03-01,238.2719705350681,239.8170904251165,233.52250582934735,235.01495361328125,176855100
2018-03-02,233.34688570066712,236.78828136385687,232.48655687849873,236.22640991210938,139083200
2018-03-05,235.0411911233402,239.57117789051262,234.9358201637802,238.95663452148438,97307400
2018-03-06,239.93112834571988,240.0101632742922,238.0699763395971,239.5624237060547,79213200
2018-03-07,237.4028145444429,239.82581139761658,237.2096745902801,239.4746551513672,87063500
2018-03-08,240.15063585578204,240.75639177769847,239.15862681019166,240.6334991455078,66901200
2018-03-09,242.0381499475418,244.8210906982422,241.72209056756208,244.8210906982422,113625300
2018-03-12,245.11085016588888,245.73415461272276,244.12757500993573,244.51385498046875,71924800
2018-03-13,245.67269621102778,246.17310801074694,242.32788351439316,242.9336395263672,91968900
2018-03-14,243.89054440125355,244.07489676707442,241.13393936249835,241.68699645996094,105895100
2018-03-15,242.1962355854701,242.83708855941893,240.92326367057862,241.42367553710938,83433000
2018-03-16,241.9498400999178,242.73431697378314,241.63254174564145,241.6854248046875,100343700
2018-03-19,240.93622002883185,241.86170049075108,236.7670927477109,238.41534423828125,109208400
2018-03-20,238.81197797211732,239.45542436621005,238.14209004943496,238.82080078125,59757300
2018-03-21,238.77680227022591,240.86576450067292,238.15100126209626,238.36253356933594,78709600
2018-03-22,236.14131191360167,236.98746785600503,232.1308334753327,232.4040985107422,148785900
2018-03-23,232.84483100714124,233.17095224027113,227.25660218969375,227.4505157470703,183534800
2018-03-26,231.04667911183574,233.95535498438946,228.64921511489823,233.6732940673828,141956100
2018-03-27,234.60765289876343,235.13648355929,228.14682704159767,229.69813537597656,129941400
2018-03-28,229.8303276361625,231.49622480159888,227.91763387941825,229.0194091796875,146452300
2018-03-29,230.15641224241278,233.8055043683826,229.0281955901973,231.94569396972656,111601600
2018-04-02,231.41687299833714,231.9281118003099,224.47129066036044,226.93927001953125,186286300
2018-04-03,228.17325309173245,230.3239206279813,226.38397108152986,229.8479461669922,119956900
2018-04-04,226.30462916904324,233.01222376677336,226.17242152300034,232.30709838867188,123715300
2018-04-05,234.0610904167438,235.0218619705104,232.9769609385253,234.14044189453125,82652600
2018-04-06,232.1837048489923,233.67328013698705,227.40639586017514,228.9224395751953,179521200
2018-04-09,230.37681089226027,233.43534029483922,229.11638636610888,230.05068969726562,105442900
2018-04-10,232.93288785263687,234.49301869650768,231.79587525314687,233.7085418701172,103529000
2018-04-11,232.22782477620186,234.14051880483157,232.1573229824398,232.4834442138672,91140200
2018-04-12,233.80556634497947,235.33922911812886,233.62927151869874,234.39610290527344,68890500
2018-04-13,235.70055996966371,235.81514889026525,232.70373691024142,233.7085418701172,85079200
2018-04-16,235.33916334821905,236.3968782126774,234.5194491226073,235.63002014160156,63405300
2018-04-17,237.39290453761745,238.7502992568039,236.88169262714564,238.15093994140625,64682000
2018-04-18,238.5916858634493,239.12933938618258,237.86891469295483,238.3272705078125,57303900
2018-04-19,237.6749728150779,237.8777091627883,235.9738381325913,237.00511169433594,77655900
2018-04-20,236.93458829716045,237.15494337179408,234.11403258232485,234.99545288085938,99953100
2018-04-23,235.56837191092225,236.1236709422671,233.88485609641046,234.96018981933594,65558000
2018-04-24,235.98258233224024,236.20293732855058,230.2974126679121,231.79583740234375,112885500
2018-04-25,231.73422698132876,232.8095608821234,229.91850321587756,232.3688507080078,103840900
2018-04-26,233.3912690074155,235.559555230159,232.95055889473045,234.73101806640625,67731900
2018-04-27,235.33922785351837,235.6389075375341,234.01709735995928,234.95140075683594,57053600
2018-04-30,235.5684066465393,236.12370575976553,233.0739720424936,233.14450073242188,82182300
2018-05-01,232.58035587799654,233.6645124635416,231.02904763828548,233.55874633789062,74203400
2018-05-02,233.36482048739748,234.17571200711808,231.60198008945386,231.98980712890625,86368900
2018-05-03,231.16129352643733,232.13083432497558,228.33191503251203,231.4785919189453,136311500
2018-05-04,230.50895174476614,235.154052421026,230.18283064429028,234.475341796875,91222100
2018-05-07,235.24218945821275,236.23817143250855,234.55465605655988,235.2686309814453,55304900
2018-05-08,234.8984227573863,235.6299894993563,233.7085004143144,235.2686309814453,67499200
2018-05-09,235.9385486756778,237.86886103281918,235.41851399436158,237.54273986816406,59666100
2018-05-10,238.28318201111145,240.0901099271998,238.17741586945073,239.7639617919922,72063900
2018-05-11,239.88730136809096,240.75989867301982,239.37606263882225,240.4954833984375,59871500
2018-05-14,240.9274363554898,241.57967880988596,240.06363472492131,240.61013793945312,54790600
2018-05-15,239.38492075905984,239.40253948036187,238.00990733079024,238.95303344726562,87036100
2018-05-16,238.98828401389073,240.41618042257653,238.96181558524657,239.95782470703125,53942600
2018-05-17,239.69342108090297,240.83046071677833,238.97947284179332,239.755126953125,56536400
2018-05-18,239.41141169141412,239.77279729375869,238.80322944586064,239.15579223632812,64368000
2018-05-21,240.6365742714875,241.49155307240963,240.24874717217347,240.95387268066406,58025900
2018-05-22,241.47384280155237,241.7294621619401,239.95779915524992,240.28392028808594,52966400
2018-05-23,239.01472187827835,240.971475752457,238.85604580289476,240.94500732421875,64694200
2018-05-24,240.54838622347975,240.82162432927402,238.67095692322204,240.451416015625,76043800
2018-05-25,239.87843322753906,240.50423385832602,239.37601740197113,239.87843322753906,56374800
2018-05-29,238.25668371463993,239.0147190473101,236.00907304336295,237.11964416503906,115908600
2018-05-30,238.4241367905371,240.72463033760636,238.3536350180888,240.28392028808594,69678400
2018-05-31,239.87850739405306,240.17818704087188,238.21263716632328,238.81199645996094,93519900
2018-06-01,240.10767825190814,241.45625007264385,240.03714957306167,241.1565704345703,71258400
2018-06-04,241.97629276170582,242.5580333367851,241.73831898505043,242.3024139404297,45385200
2018-06-05,242.4345658138058,242.85765710710157,241.66773469998571,242.47865295410156,51135000
2018-06-06,243.0869228694796,244.61176284099088,242.46991787253975,244.50599670410156,62732200
2018-06-07,244.99077678793768,245.28163364391338,243.5716761543753,244.4795379638672,72969400
2018-06-08,244.02120112053123,245.2551840883835,243.85372912145007,245.20230102539062,72139700
2018-06-11,245.42258473484216,246.24229887172424,245.3079958320687,245.52835083007812,58892500
2018-06-12,245.9427380122248,246.20715337794084,245.20234808940336,245.84579467773438,72329000
2018-06-13,246.083714726765,246.33933412363743,244.85852770279948,245.06126403808594,79070600
2018-06-14,245.9251108414489,246.20714492225446,245.08775071407877,245.67831420898438,77097600
2018-06-15,244.89555787415404,245.7012550888403,243.78883538468264,245.36480712890625,120041600
2018-06-18,243.912852991887,244.9841801616414,243.434768176209,244.86021423339844,52917600
2018-06-19,242.5935790794082,244.14299062462337,242.17745032648094,243.92164611816406,97531500
2018-06-20,244.60334059698366,245.0017714563841,244.00129011487593,244.33773803710938,53785500
2018-06-21,244.328973491891,244.34669834937597,242.3103121693889,242.80612182617188,71061400
2018-06-22,244.06340030633777,244.17850381549442,243.02749574353095,243.24884033203125,54898500
2018-06-25,242.09779424744752,242.25715582365535,238.2552564656156,239.93746948242188,137854200
2018-06-26,240.50409639205643,241.31862903294743,239.7515196771776,240.4686737060547,68547400
2018-06-27,241.0530927627312,242.47853878629863,238.32611260171515,238.4766387939453,105110700
2018-06-28,238.42352302435475,240.60154601339443,237.7152041932357,239.8401336669922,76650500
2018-06-29,240.92901688809027,242.2925063463622,240.07019929042124,240.185302734375,97592500
2018-07-02,238.61825096063558,240.85825638445402,238.379181590529,240.69886779785156,63554800
2018-07-03,241.59311867340935,241.69052431494146,239.42395853253888,239.8489227294922,42187100
2018-07-05,240.9733724606823,241.86758597984274,239.90204549181354,241.80560302734375,56925900
2018-07-06,241.83221463826726,244.22271956770294,241.4514814771822,243.8508758544922,66493700
2018-07-09,244.85128879462133,246.09967508683505,244.80703069998145,246.0465545654297,50550400
2018-07-10,246.4981496435699,247.0293819712378,246.2059597045332,246.93197631835938,51966800
2018-07-11,245.382530148852,246.17052961164364,244.82473763376936,245.12576293945312,77054700
2018-07-12,246.38299417963543,247.4011734981169,245.78094361109248,247.34805297851562,60124700
2018-07-13,247.17106397174726,247.84393308483635,246.71951240695805,247.54290771484375,48216000
2018-07-16,247.58719341456032,247.7288301610967,246.87887458387516,247.32156372070312,48201000
2018-07-17,246.55124995828604,248.71157476595965,246.49812943183477,248.32200622558594,52315500
2018-07-18,248.40165608107782,248.9505861324455,247.9589670693822,248.84434509277344,44593500
2018-07-19,248.18037940734067,248.56108557675034,247.42780247784685,247.90591430664062,61412100
2018-07-20,247.70220885881517,248.33084673232435,247.46316651088532,247.62252807617188,82337700
2018-07-23,247.41886756898208,248.28652062758425,247.07355721494199,248.08290100097656,47047600
2018-07-24,249.49070268000807,250.17243409081593,248.4636608403578,249.33131408691406,68026900
2018-07-25,249.08334353837583,251.77489982066308,249.03908545284267,251.4561767578125,78882900
2018-07-26,250.73906771837133,251.54473794462018,250.64166208534337,250.86300659179688,57919500
2018-07-27,251.19053593247276,251.28794154370547,248.24223965483606,249.1630401611328,76768700
2018-07-30,249.24274438650986,249.4021059257977,247.33916026207643,247.86155700683594,63742500
2018-07-31,248.62303289486857,249.6943328768987,248.24232678004086,249.0834197998047,68570500
2018-08-01,249.28702699344575,249.79169893708507,248.02094294081422,248.66725158691406,53853300
2018-08-02,247.36582285557148,250.19015439375062,247.1621761469714,250.02195739746094,63426400
2018-08-03,250.14583975971948,251.14632120085852,249.96875335577585,251.09320068359375,53935400
2018-08-06,251.12865997633756,252.32389880862098,250.73909144654593,252.0140380859375,39400900
2018-08-07,252.67811646394784,253.2270466660811,252.545288108283,252.8463134765625,43196600
2018-08-08,252.67814109609557,253.13852811253292,252.2797100294611,252.74009704589844,42114600
2018-08-09,252.80204180590246,253.19161038385442,252.2619740616866,252.394775390625,35717000
2018-08-10,250.9604873626219,251.50055515066057,249.99540124829505,250.70372009277344,77076000
2018-08-13,250.9781002435462,251.589013219035,249.47294685068562,249.76513671875,65732900
2018-08-14,250.49118768395763,251.59791032549649,250.1016191525683,251.3588409423828,43842000
2018-08-15,250.0131048919749,250.1547686488498,248.04756417218385,249.48187255859375,102925400
2018-08-16,250.91612029893878,252.36815319125307,250.88069761338195,251.50047302246094,69967900
2018-08-17,251.29682433852633,252.82853799635836,250.889558026464,252.38584899902344,65618500
2018-08-20,252.83751266551045,253.19165861667707,252.38596104150062,252.92605590820312,39807500
2018-08-21,253.43949950542424,254.37799819792022,252.96138773126302,253.51918029785156,67272000
2018-08-22,253.11190038315056,253.89103744915988,252.84627073632237,253.36866760253906,44993300
2018-08-23,253.1915423380301,254.05036006048783,252.7134306627465,253.0321807861328,49204900
2018-08-24,253.60776871563684,254.69679377875528,253.55464817788493,254.5551300048828,57487400
2018-08-27,255.75032058083627,256.6711214264323,255.5909589978284,256.56488037109375,57072400
2018-08-28,257.02523321330386,257.13150127415275,256.22839838429445,256.6888122558594,46943500
2018-08-29,256.90130179728936,258.3001872470909,256.66225944752415,258.07000732421875,61485500
2018-08-30,257.59186237570543,257.9637059829279,256.432019425289,257.02520751953125,61229500
2018-08-31,256.6179593889367,257.47677714013287,256.13101229086976,257.0340881347656,66140800
2018-09-04,256.617960406128,256.94554594826343,255.59091866725385,256.5914001464844,57594400
2018-09-05,256.23728113360505,256.4409278252253,254.89151613831157,255.9008331298828,72452400
2018-09-06,256.00710048633505,256.308125831231,254.10354276501158,255.13058471679688,65909900
2018-09-07,254.08582026001167,255.608671693143,253.84675087727635,254.63475036621094,73524800
2018-09-10,255.64411217155657,255.90974186342126,254.88269983133213,255.07748413085938,50210900
2018-09-11,254.43102872622725,256.36114595676304,254.08574541451273,255.91845703125,50530500
2018-09-12,255.927317723287,256.5824886823424,255.19246600052924,255.98043823242188,59810800
2018-09-13,257.0430128319784,257.6804862349242,256.75968531520266,257.4945373535156,51034200
2018-09-14,257.69824102558806,257.8841629284876,256.75974206100244,257.53887939453125,55079900
2018-09-17,257.4857542882548,257.52114997034784,255.90091937743722,256.1753845214844,68244000
2018-09-18,256.3878309242925,258.1585874876803,256.3612706566257,257.5653991699219,61930400
2018-09-19,257.6184687058169,258.2559420232231,257.4945028015122,257.8398132324219,49080600
2018-09-20,259.0969993755768,260.24797982774675,257.8574487106688,259.9292297363281,100360600
2018-09-21,260.6701942475922,260.78581879458903,259.5317810140974,259.6918640136719,105479700
2018-09-24,259.11377269620436,259.2560777454784,258.25106699504545,258.82916259765625,53409600
2018-09-25,259.2826786788656,259.38940064759277,258.3488343105982,258.5889587402344,44370000
2018-09-26,258.7313438038446,259.91421551245395,257.3972644981479,257.8152770996094,79739700
2018-09-27,258.2865260473145,259.62060470915617,258.01081862855256,258.5355529785156,59249500
2018-09-28,257.9130552985251,259.060370917637,257.877499398238,258.56231689453125,70091400
2018-10-01,259.79851514867977,260.5278181370274,258.79353183087005,259.4605712890625,62078900
2018-10-02,259.3093566894531,260.02085456876165,258.93582980248266,259.3093566894531,47258200
2018-10-03,260.3587933939966,260.776805810469,259.0958807429701,259.4516296386719,64694600
2018-10-04,258.9714428347122,259.0248038303383,255.84081347636905,257.4239196777344,111545900
2018-10-05,257.64619471868883,258.1620265805854,254.56002466570538,255.98304748535156,105951700
2018-10-08,255.2982029949872,256.3387964047874,253.91966575395975,255.98304748535156,87742200
2018-10-09,255.60066744276395,256.9080388672711,255.04922529794348,255.6095428466797,74339000
2018-10-10,255.10257478593394,255.1737408654989,247.14258636020767,247.51611328125,214731000
2018-10-11,246.43111713164694,248.0498065348169,240.45444076309948,242.0642547607422,274840500
2018-10-12,246.1553164318959,246.43992642315365,242.24202404876104,245.42604064941406,183186500
2018-10-15,245.07031967564035,246.3955233707276,243.9585870929312,244.0475311279297,102263700
2018-10-16,246.00423902412305,249.75745003667606,245.53286540334358,249.38389587402344,118255800
2018-10-17,249.41944218007552,250.05089871671996,246.85800584754992,249.4283447265625,110626000
2018-10-18,248.4944520427115,249.09035262690333,244.55447843294348,245.8262939453125,134557500
2018-10-19,246.47555038751653,248.405502838311,244.9991663473376,245.69288635253906,139901600
2018-10-22,246.35991149336718,246.68007741159767,244.05640510863475,244.5900421142578,82415800
2018-10-23,240.9791968267312,244.46557546007915,238.89800927633917,243.34494018554688,146352700
2018-10-24,243.09590366941856,243.47836034056346,235.42052401836114,235.97193908691406,177806700
2018-10-25,237.8040420361195,241.74401565139752,236.78125352573443,240.2053680419922,138061500
2018-10-26,236.50548966913507,241.02355770132107,233.27701479338367,235.98072814941406,201574600
2018-10-29,239.06701697199145,240.356637911911,231.10702619215752,234.67344665527344,160749100
2018-10-30,234.50444807839088,238.46219999139012,234.01526943167627,238.15090942382812,157116000
2018-10-31,240.71232751034958,243.0069587045786,240.2409539924511,240.69454956054688,128296300
2018-11-01,241.55725087311626,243.45164745734314,240.4721988322022,243.2559814453125,99495000
2018-11-02,244.35884745387176,244.78576258174922,239.76961161135745,241.81521606445312,122634100
2018-11-05,242.30433388342226,243.70067647437028,241.33490636095422,243.14926147460938,65622500
2018-11-06,243.08704294125727,244.8480102481948,243.02477939313587,244.68792724609375,60085900
2018-11-07,246.85796861882702,250.00640256456597,246.43105358048592,249.92636108398438,102752100
2018-11-08,249.12585903208125,250.113091445777,248.33431973423373,249.4727325439453,65584900
2018-11-09,248.165399233387,248.35216271227114,245.6306434523214,247.035888671875,98812600
2018-11-12,246.528911435274,246.76903588800957,241.9040933048996,242.41995239257812,99673600
2018-11-13,242.88245150278644,244.87466772001525,241.2459843040756,241.9663848876953,98176600
2018-11-14,243.83414157371095,244.23434910765496,238.75575360229067,240.3121795654297,125335900
2018-11-15,239.0491568741506,243.28264272262598,237.4749534984664,242.8201446533203,135101400
2018-11-16,241.72620354692577,244.35877823500198,241.21034452079422,243.4516143798828,126668000
2018-11-19,242.84686002553218,243.1403726335023,238.4177346862504,239.33380126953125,103061700
2018-11-20,236.00749321474495,237.4660995132809,234.04195744397686,234.9046630859375,136021300
2018-11-21,236.45211321876684,237.59942858521316,235.6961569464699,235.7050323486328,75563700
2018-11-23,234.06862635176773,235.52723257807557,233.97080690927402,234.13088989257812,42807900
2018-11-26,236.38102152128923,238.13311311240508,235.98968949085364,237.9107666015625,79981400
2018-11-27,236.87910933634961,238.71124267578125,236.27433325461553,238.71124267578125,75502400
2018-11-28,239.77847091805359,244.2075958251953,238.64893332775299,244.2075958251953,127629600
2018-11-29,243.43382912733134,245.07029607445224,242.29541615794696,243.67398071289062,82346400
2018-11-30,243.52272830058044,245.71951235351727,243.20256243467927,245.15919494628906,98204200
2018-12-03,249.27715631925628,249.3838783176685,246.8135663828676,248.40554809570312,103176300
2018-12-04,247.57840882114908,248.00532392800807,240.04530733134203,240.35659790039062,177986000
2018-12-06,236.50556502661695,240.1075678957514,233.41049160957218,239.991943359375,204185400
2018-12-07,239.65395115076464,241.2192792431404,233.57945653094646,234.4154815673828,161018900
2018-12-10,234.23758739782187,235.82959594381217,230.01300388121976,234.86016845703125,151445900
2018-12-11,238.05304447291599,238.23980792098703,233.446031807797,234.91351318359375,121504400
2018-12-12,237.88406423876316,239.24482367435746,236.01634829099115,236.0963897705078,97976700
2018-12-13,237.03914588891996,237.90185139073836,234.90462492684645,236.016357421875,96662700
2018-12-14,233.87291800694808,234.82456747202116,231.10694077556747,231.65835571289062,116961100
2018-12-17,230.70669952946483,231.81843191650148,225.48600858264535,227.11358642578125,165492300
2018-12-18,228.75008575990108,229.41712524737136,225.26368076295105,226.8645782470703,134515100
2018-12-19,226.9446507542669,230.70675017805107,221.7684306807493,223.46714782714844,214992800
2018-12-20,222.22199466662704,223.7873091985889,217.58828746517864,219.8295440673828,252053400
2018-12-21,220.72863299677553,223.38553619386457,214.68126458714568,215.3253631591797,255345600
2018-12-24,213.8402783801348,215.45052421549275,209.57314397918623,209.63575744628906,147311600
2018-12-26,211.09399387368785,220.22764587402344,209.11696653417636,220.22764587402344,218485400
2018-12-27,216.998207573705,222.1151909748024,213.76877426318353,221.91839599609375,186267300
2018-12-28,223.269177638779,224.8973054085378,220.46913912982842,221.63209533691406,153100200
2018-12-31,223.25128453571088,223.81487405617736,221.38161643315587,223.57333374023438,144299400
2019-01-02,220.04873678437622,224.7273989963419,220.02190048222155,223.80596923828125,126925200
2019-01-03,222.06151737501295,222.36568485027112,217.9822360854176,218.46531677246094,144140700
2019-01-04,221.4890038398222,226.42708803378295,221.1132819712888,225.78298950195312,142628800
2019-01-07,226.05135993790628,228.967685018204,225.1567801850317,227.56320190429688,103139100
2019-01-08,229.74599353972656,230.18432891084558,227.2232719214142,229.7012481689453,102512600
2019-01-09,230.40801446914548,231.61570288652675,229.1824442805459,230.77479553222656,95006600
2019-01-10,229.24496630174812,231.83924156023605,228.56507710144314,231.58876037597656,96823900
2019-01-11,230.51532876711232,231.70513525362898,229.93385732577602,231.6782989501953,73858100
2019-01-14,229.78172036067835,231.06991726630778,229.37917589042223,230.26480102539062,70908200
2019-01-15,230.64055347725395,233.2169474781809,230.6315989437874,232.90383911132812,85208300
2019-01-16,233.33322893857783,234.3530629785704,233.1274930641431,233.46743774414062,77636700
2019-01-17,232.59965398203775,236.09746354596547,232.55490862113237,235.2386474609375,96118400
2019-01-18,237.04575985726618,238.83491941669797,235.2744820652817,238.36972045898438,127900300
2019-01-22,236.90262700516908,237.11731741906,233.53899825203223,235.14923095703125,115531200
2019-01-23,236.17801920347108,236.87579034797807,233.18117144550067,235.64126586914062,86030300
2019-01-24,235.46231041761553,236.34796286693012,234.45143100905162,235.76646423339844,59204100
2019-01-25,237.60933824799548,238.58445429816075,235.86492393987604,237.7614288330078,96883400
2019-01-28,235.62340130094339,236.01699132108016,234.19206807171742,235.9543914794922,85613700
2019-01-29,236.09751029838282,236.6610726340007,234.80931321615319,235.64126586914062,66136300
2019-01-30,237.15308758964215,240.21253492262588,236.3926893728271,239.3716278076172,92473700
2019-01-31,239.308994379085,241.95694231608385,239.0942767136401,241.47386169433594,104012100
2019-02-01,241.6707188640082,242.61004400064866,240.80297539703585,241.5902099609375,85782500
2019-02-04,241.63490857696522,243.35251360542537,240.9639738049802,243.28988647460938,60744800
2019-02-05,243.71931224094328,244.61389200183342,243.21834975887742,244.3097381591797,79552800
2019-02-06,244.0324315275162,244.52443949783932,243.25415146881173,243.98768615722656,58347800
2019-02-07,242.37742652272038,242.9231070364727,240.00679577368695,241.66177368164062,95482000
2019-02-08,240.41829205368393,242.05536087669893,239.59526672545192,241.95697021484375,75788900
2019-02-11,242.61004281578042,242.86945129093857,241.56337248015748,242.09117126464844,68021400
2019-02-12,243.70141259084346,245.58000811053353,243.62983092699662,245.2042999267578,72270200
2019-02-13,246.03629437805574,246.8414107807634,245.61584075769358,246.00050354003906,65277200
2019-02-14,244.9179740136577,246.58190607711867,244.10390339395366,245.45472717285156,83234400
2019-02-15,247.22607377138476,248.1653989923437,247.02033787853892,248.12960815429688,97088700
2019-02-19,247.3334357653313,249.21203152652333,247.32448123109788,248.5590057373047,59120800
2019-02-20,248.5231680196707,249.51616561794017,248.02220560446585,249.05992126464844,76610800
2019-02-21,248.42488927942935,248.78271583714837,247.21720075926322,248.17440795898438,64214700
2019-02-22,248.79153890928347,249.90976349673753,248.15639498772296,249.71298217773438,78114600
2019-02-25,251.13537861516554,251.65422284883292,249.97240858043799,250.05291748046875,69030700
2019-02-26,249.70408159702777,250.75072474880014,249.49831840033238,249.87405395507812,56844100
2019-02-27,249.15832765471785,250.1155344836595,248.22798442510532,249.76666259765625,56921600
2019-02-28,249.5519796714006,249.99034234875845,248.97946278114267,249.30149841308594,69268300
2019-03-01,250.8759750305505,251.2695923481323,249.42676004327686,250.85809326171875,78880500
2019-03-04,251.91364285291863,252.155169537898,247.6554348483589,249.945556640625,106494600
2019-03-05,250.07089669638566,250.26770538513796,249.06001694508592,249.60569763183594,59114600
2019-03-06,249.721906793157,249.73086132589236,247.7717296851715,248.09376525878906,75039800
2019-03-07,247.64647052496792,247.78960654387646,245.17744927490716,246.0183563232422,94885100
2019-03-08,244.1666005291717,245.6963242662043,243.701428884689,245.52635192871094,85795800
2019-03-11,246.2420047220662,249.2477792605108,246.21516842441596,249.08676147460938,65098900
2019-03-12,249.6414297782207,250.54496408692307,249.45357566962204,250.02609252929688,79667500
2019-03-13,250.91170489447018,252.6114007343966,250.7506598124784,251.6810302734375,80639200
2019-03-14,251.70781253428498,252.12826596288298,251.0816233068483,251.51995849609375,67518400
2019-03-15,252.07087511860678,253.57138855973614,251.88216612584606,252.76272583007812,81309000
2019-03-18,252.97838498395302,253.97575679733146,252.7537549040807,253.67922973632812,62199800
2019-03-19,254.73945229726,255.50317247562955,252.85255452926685,253.74208068847656,90268100
2019-03-20,253.52642876764455,254.73044238296177,251.87315511285124,252.9783172607422,84609200
2019-03-21,252.16074864484756,256.24001103955726,252.11580617771844,255.835693359375,79550400
2019-03-22,254.47886913237073,254.99999873616272,250.8488401747913,250.9117431640625,122659300
2019-03-25,250.57029249849992,251.75634559535843,249.4651303397219,250.72305297851562,85575200
2019-03-26,252.4752137289537,253.54445509403368,251.19033626357648,252.59202575683594,68125900
2019-03-27,252.58301106957472,253.16707116109836,249.7257232922533,251.27117919921875,72224700
2019-03-28,251.90007198279523,252.67278597333015,250.7499675503961,252.22352600097656,56238500
2019-03-29,253.73304031043423,254.13735780123187,252.6098904682456,253.81390380859375,82186800
2019-04-01,255.8087003800633,257.12053213515975,255.53912787981554,256.8240051269531,77617900
2019-04-02,257.01270157304134,257.1834225886773,256.1590964948618,256.9497985839844,40070400
2019-04-03,258.16278854117206,258.55813955865335,256.75210547518907,257.3541259765625,68243200
2019-04-04,257.6775238104194,258.28851073297454,256.9856733911128,258.03692626953125,48997500
2019-04-05,258.7019475798009,259.33988924285876,258.41441453536396,259.2859802246094,58621700
2019-04-08,258.86353970045286,259.5913384881105,258.20761042611184,259.4835205078125,53566300
2019-04-09,258.52223568757904,258.84568980097356,257.60575494563386,258.1538391113281,66142300
2019-04-10,258.5671757249507,259.12428134186337,258.1538640665501,259.034423828125,52601500
2019-04-11,259.5195720218468,259.52856599827516,258.39642179469354,258.9624938964844,55093100
2019-04-12,260.57089410213314,260.99319975147006,259.0074775121329,260.71466064453125,69727800
2019-04-15,260.7864137500308,260.8852652003275,259.7441273485804,260.5438232421875,49596700
2019-04-16,261.4244993786644,261.47840840448066,260.12163393988806,260.71466064453125,52153200
2019-04-17,261.8288193872547,261.8557739004012,259.66338209560803,260.07672119140625,58268300
2019-04-18,260.66070312049783,260.858378651933,259.36683190031505,260.58880615234375,68708500
2019-04-22,259.8250957710666,260.96620654252615,259.73523826780877,260.8134460449219,40160100
2019-04-23,261.1818444505832,263.39222387949684,260.9482478452623,263.1585998535156,52246600
2019-04-24,263.07766238376894,263.41011037612645,262.43072692651964,262.5744934082031,50392900
2019-04-25,262.47568374884355,263.06871029746924,261.22675508512435,262.41278076171875,57770900
2019-04-26,262.45776734051964,263.70669621419734,261.68502567610466,263.63482666015625,50916400
2019-04-29,263.7246416311188,264.56925271334455,263.6347841375647,264.048095703125,57197700
2019-04-30,263.706646787458,264.47039433172,262.29599111609195,264.182861328125,81111700
2019-05-01,264.8118094680611,265.0184789347916,262.18811906270474,262.1971130371094,71671900
2019-05-02,262.0803330426567,262.99684108288136,260.1395263594633,261.6310729980469,65030200
2019-05-03,263.10466237001356,264.4704030511326,261.7388942682371,264.1918640136719,56543700
2019-05-06,259.8969517961515,263.54494138916215,259.58246426144535,263.10467529296875,107198100
2019-05-07,260.7056536173514,261.2986802923113,256.80607889473276,258.7109375,144729900
2019-05-08,258.3515319824219,260.0587150102727,257.7585053140955,258.3515319824219,91568300
2019-05-09,256.2848860812778,258.17175626704255,254.55072152918922,257.56976318359375,103471100
2019-05-10,256.6353077314568,259.6184010578606,253.652214405053,258.8636474609375,112429300
2019-05-13,253.76002327203466,254.7214188050858,251.52268988940895,252.35830688476562,127290500
2019-05-14,253.37364746715613,256.1680589417973,253.24786892518065,254.64056396484375,77003200
2019-05-15,253.0142149334386,256.770021528291,252.80754548534486,256.132080078125,73956400
2019-05-16,256.8329499899436,259.8609579611438,256.7610804560164,258.50421142578125,76749600
2019-05-17,256.2039383605327,259.31280906245,256.18595041606017,256.8328857421875,100353000
2019-05-20,255.23358966334033,256.9407721836039,254.3889786675139,255.134765625,62877600
2019-05-21,256.82398306292055,257.8123606375981,256.57239853669876,257.43499755859375,46847100
2019-05-22,256.482621077497,257.59677743350494,256.1681335000444,256.64434814453125,49482500
2019-05-23,254.42493392448358,254.46984895753423,252.09777034696506,253.50845336914062,98733800
2019-05-24,254.94605234472476,255.35939128162846,253.46349985025927,254.08348083496094,55268100
2019-05-28,254.3620029530164,255.31443188239263,251.7023916457386,251.72035217285156,70029400
2019-05-29,250.60617854574073,251.0104960321297,248.62942387678302,250.03111267089844,104972900
2019-05-30,250.78596562189657,251.62161026679743,249.6179003033244,250.71409606933594,62523800
2019-05-31,248.17132283615277,248.9979461732618,247.30872358786854,247.33567810058594,86862800
2019-06-03,247.37160702364017,248.4857633553792,245.3768909783469,246.7067108154297,96428000
2019-06-04,248.99785687797655,252.19658586974714,248.5485968800239,252.0618133544922,77231900
2019-06-05,253.6791519839394,254.27217850352002,251.8731453413565,254.24522399902344,71169700
2019-06-06,254.54173673171888,256.57237327174454,253.89480123933046,255.8984832763672,69430400
2019-06-07,256.91392495739035,259.537616524781,256.7432038920122,258.4593811035156,74272200
2019-06-10,260.0047577816279,261.3076228990596,259.5554977301904,259.6453552246094,60799100
2019-06-11,261.46039300426,261.8287895891115,258.9355533511188,259.5824890136719,58641300
2019-06-12,259.348806008108,259.90588397794284,258.61201308383846,259.1241760253906,47096300
2019-06-13,260.03166288574414,260.5528198019677,259.33081843547797,260.1933898925781,48945200
2019-06-14,259.9059753417969,260.5079685515309,259.1422276479497,259.9059753417969,52324700
2019-06-17,260.13953327502185,260.7685083224592,259.83403972704474,260.0047607421875,39205700
2019-06-18,261.8197169504023,263.7784836775862,261.4602870674344,262.7272033691406,85434800
2019-06-19,262.8620279852303,263.85040551806713,261.8916384024987,263.3202819824219,78674400
2019-06-20,265.9979055853094,266.240496147716,263.3832087300726,265.8361511230469,116570000
2019-06-21,265.5671482228351,266.8221515056671,265.23308319547755,265.44976806640625,83309500
2019-06-24,265.6574273212025,265.97341688825486,264.9712218644644,265.1247253417969,47582700
2019-06-25,265.1788214889388,265.2059070885623,262.4159801112717,262.5243225097656,82028700
2019-06-26,263.418210537563,263.92382683504434,262.15416979385975,262.26251220703125,51584900
2019-06-27,263.02095353294095,263.69812121274236,262.6417550625053,263.1925048828125,40355200
2019-06-28,264.167557504222,265.04336195090093,263.65293111911507,264.5467834472656,59350900
2019-07-01,267.86942429707057,268.08613665460155,265.74762708261784,266.948486328125,78705600
2019-07-02,266.9033916424673,267.69793952489164,266.0637102660974,267.6437683105469,61504500
2019-07-03,268.3208916824014,269.80164477374774,268.1764259500246,269.7835693359375,40898900
2019-07-05,268.5556853748782,269.63916472557844,267.2645588956779,269.47662353515625,51677300
2019-07-08,268.1674620091727,269.2960749060107,267.45417094324387,267.99591064453125,45841800
2019-07-09,266.8401319541879,268.6278366109929,266.7859607557403,268.32989501953125,41101300
2019-07-10,269.39528421197224,270.5600200241594,268.8625824197976,269.6119689941406,58448500
2019-07-11,270.253117309667,270.4878500388574,269.24188463431943,270.24407958984375,50826100
2019-07-12,270.7316782304043,271.526226150782,270.42469881644513,271.4539794921875,40326000
2019-07-15,271.88738375791934,271.88738375791934,271.0386645988323,271.5442810058594,33900000
2019-07-16,271.45396719521267,271.66164188673037,270.3614776311971,270.66845703125,36650100
2019-07-17,270.64135633183906,270.80386996621183,268.8265380859375,268.8265380859375,36036300
2019-07-18,268.3298219307298,270.18977271485545,267.88741474590677,269.810546875,51392600
2019-07-19,270.90327251972724,270.93035813248446,268.1404298023657,268.3119812011719,58678600
2019-07-22,268.70916240503885,269.51274797837686,268.1945358876464,268.97100830078125,43638100
2019-07-23,270.0905766044497,270.8941345214844,269.25990553066293,270.8941345214844,44564500
2019-07-24,270.1357635765845,272.1672668457031,270.04546903159616,272.1672668457031,47213200
2019-07-25,271.7157538258222,271.76992502848304,270.0634494826073,270.8670349121094,55394100
2019-07-26,271.5533327706519,272.88058279624516,271.4269148853435,272.68194580078125,45084100
2019-07-29,272.56449822490094,272.68187835964795,271.6345224202421,272.1852722167969,38126500
2019-07-30,270.78584243281495,271.923493066979,270.40661637008486,271.5171813964844,45849000
2019-07-31,271.7609178303265,271.9505446149553,266.5332033083149,268.546630859375,104245200
2019-08-01,268.70014633011544,271.65258755474997,265.4136125645929,266.2081604003906,142646600
2019-08-02,265.31430025667504,265.55807069993347,262.6507630499362,264.2037353515625,116749700
2019-08-05,260.1136319797592,260.22197439410274,254.36222586817163,256.25830078125,178745400
2019-08-06,258.14535837183905,260.0685190404571,256.6736428346704,259.851806640625,120711700
2019-08-07,256.7819550684586,260.77274168505596,254.65114752446226,260.0052795410156,140572300
2019-08-08,261.49509755220527,265.1066589355469,260.9443476671785,265.1066589355469,87713900
2019-08-09,264.1675479475779,264.7634586627928,261.5220868217728,263.30078125,93730000
2019-08-12,261.8021213220913,263.29188513433445,259.14762105124436,260.0956726074219,65527600
2019-08-13,259.7975434715182,265.5850713146345,259.45444088441707,264.14044189453125,94299800
2019-08-14,260.0956003464888,260.70052138237736,256.204145582048,256.3305358886719,135622100
2019-08-15,257.215365095548,257.9015704661981,254.96717731036955,257.0076904296875,99556600
2019-08-16,258.6599898772652,261.2332048589005,257.0618566167302,260.7998352050781,83018300
2019-08-19,263.81544321847423,264.6190010266753,263.1382756878927,263.94183349609375,53571800
2019-08-20,263.43622123692984,263.9689230625115,261.79298227907464,261.91937255859375,51596400
2019-08-21,264.077348056287,264.4204232030708,263.39114265467236,264.0502624511719,49524700
2019-08-22,264.75453184479977,265.3865385206094,262.1993368727227,263.968994140625,51666400
2019-08-23,262.6688438924776,264.33015864750445,255.94230050225514,257.18829345703125,149161500
2019-08-26,259.37325938101276,260.0323791503906,257.8473727295932,260.0323791503906,72423800
2019-08-27,261.42275210787636,261.79294027724745,258.2535997082941,259.01202392578125,66668900
2019-08-28,258.3529594666534,260.99842057049005,257.5493741356223,260.8359069824219,59696700
2019-08-29,263.3911606210267,264.6913248632864,262.3889380553566,264.1676330566406,57899400
2019-08-30,265.64836826101157,265.66641614641384,263.12028660352104,264.0502624511719,62901200
2019-09-03,262.3528717175835,263.2647722903244,261.1790976581127,262.50634765625,69101400
2019-09-04,264.6732746057014,265.5039182477998,263.9238602297381,265.4858703613281,46887300
2019-09-05,267.96876695252837,269.81064296202624,265.44969579769,268.89874267578125,83258100
2019-09-06,269.2147237052525,269.7474254993275,268.53755620454444,269.1063537597656,49584300
2019-09-09,270.0906013596085,270.18086834097136,268.3028687534425,269.24188232421875,51260300
2019-09-10,268.48343727792104,269.24188935174453,267.2284341315708,269.1786804199219,57947100
2019-09-11,269.4855997010253,271.1739997195606,268.8355177498976,271.0927429199219,68821100
2019-09-12,271.9956454793237,273.0881347966629,271.2372210938471,272.0317687988281,72908700
2019-09-13,272.47419270681183,272.82633309685326,271.4810080151809,271.8511962890625,62104800
2019-09-16,270.7225736719622,271.8963473751053,270.3704608488334,271.0115051269531,58191200
2019-09-17,270.8129115165538,271.7880208906066,270.64136015983695,271.69775390625,41475500
2019-09-18,271.30948262871954,271.9686024312111,269.27797956454594,271.8602600097656,73375800
2019-09-19,272.2484746882701,273.2416593963996,271.5080981282079,271.8421630859375,76560500
2019-09-20,272.44453398766126,272.72574806029104,269.7687235406922,270.557861328125,89565000
2019-09-23,269.89569132762455,271.21093939721106,269.64171563544,270.4943542480469,43476800
2019-09-24,271.582733535712,271.9727625422939,267.4102536031992,268.3717346191406,94869400
2019-09-25,268.45341435241266,270.40358741300247,266.97490242905855,269.9591369628906,71854000
2019-09-26,269.9681805505696,270.17678656371356,267.9907970655747,269.396728515625,56179700
2019-09-27,270.1496445739282,270.258515016911,266.394430888546,267.94549560546875,84746600
2019-09-30,268.4624127579998,269.8955546492936,268.41707085357206,269.18804931640625,51662400
2019-10-01,270.06800612770223,270.72109036382295,265.76855105398255,265.9862365722656,88242400
2019-10-02,264.4079159140389,264.4169953695027,259.9996188362365,261.2876281738281,122539500
2019-10-03,261.06090402575535,263.45555541593865,258.34880381994094,263.4283447265625,85278800
2019-10-04,264.0813577711008,267.2469870674191,264.026908725754,266.9930114746094,65091200
2019-10-07,266.19486160761295,267.81850652842235,265.5599086250279,265.8410949707031,59610500
2019-10-08,263.9907492254181,264.7254656083408,261.677729624761,261.7140197753906,95708100
2019-10-09,263.72764914999317,265.13358083305707,263.1017756443016,264.1993103027344,62359400
2019-10-10,264.1176953902786,266.8660857836884,263.9544312515663,265.9862365722656,55296300
2019-10-11,268.73454237201105,270.97498072998906,268.6166478742334,268.7436218261719,98720400
2019-10-14,268.42620754255415,269.0974506367518,268.0996792923519,268.4443664550781,40394800
2019-10-15,269.4874853651235,271.8458464973218,269.3695631563232,271.10205078125,46754500
2019-10-16,270.63938477659065,271.35596965464424,270.2312245406846,270.6665954589844,48928200
2019-10-17,271.82763155922663,272.3355827530061,270.77543903460804,271.4648132324219,45736600
2019-10-18,270.92975667791666,271.57376153444164,269.42403373913845,270.27667236328125,64304000
2019-10-21,271.5918531611871,272.30841046123777,271.15645449887944,272.1088562011719,39048600
2019-10-22,272.6440336093649,272.93429940069217,271.12925918317654,271.219970703125,48594700
2019-10-23,270.965950615548,272.0634850874928,270.75731692201106,272.0090637207031,34352200
2019-10-24,272.9434334419132,273.0885663666014,271.62818534280314,272.45361328125,35453100
2019-10-25,271.8820987429654,274.1134858073228,271.82767736883653,273.5692443847656,45205400
2019-10-28,274.7847388004007,275.6101666626339,274.75752810961376,275.11126708984375,42147000
2019-10-29,274.8390967416614,275.9547901689378,274.7120950931229,275.0295715332031,44284900
2019-10-30,275.22916703094626,276.24506964645207,273.92299861636155,275.8731994628906,49643900
2019-10-31,275.864092158819,275.864092158819,273.68715424802167,275.138427734375,69053800
2019-11-01,276.58064197385863,277.73259776958525,276.41735019832123,277.687255859375,71141500
2019-11-04,279.23837720396307,279.374430643672,278.43108065957426,278.802978515625,60606900
2019-11-05,279.00251914201027,279.30186437599883,278.2043020930648,278.49456787109375,42933200
2019-11-06,278.4946046311865,278.8302123707764,277.61475540627197,278.55810546875,46487100
2019-11-07,279.89139471405895,280.8710069278483,279.0659671347833,279.5376281738281,54272300
2019-11-08,279.19298934454866,280.2814721535745,278.4945632788722,280.22705078125,49032100
2019-11-11,278.84833556176477,279.864238107545,278.7122544469131,279.69189453125,35797300
2019-11-12,280.05463769906544,281.17938268963474,279.5103964296329,280.2814025878906,46484600
2019-11-13,279.29278899604503,280.77130091310977,279.0660240438884,280.3721923828125,53917700
2019-11-14,280.090987886083,280.8619942096514,279.45603498872856,280.78033447265625,51219900
2019-11-15,282.11374103249324,282.85753674364037,281.4243943784293,282.81219482421875,62023600
2019-11-18,282.5762710973889,283.25656578539156,282.1227413053871,283.0207214355469,49228000
2019-11-19,283.61947336896316,283.6285528256652,282.2951737101685,282.9391784667969,67804700
2019-11-20,282.3495416770167,282.86657234836355,280.3358680402715,281.8869323730469,79406200
2019-11-21,281.9959026614513,282.10474543475334,280.63531263262547,281.4335021972656,54664700
2019-11-22,282.1772178522817,282.31327128023827,281.05247260615073,282.0592956542969,44850200
2019-11-25,282.98453205746335,284.2453308105469,282.98453205746335,284.2453308105469,48647200
2019-11-26,284.2815982160428,285.07073576578375,283.9641217688007,284.8893127441406,37569000
2019-11-27,285.37004499703744,286.1592102050781,285.15235952241426,286.1592102050781,44444600
2019-11-29,285.59686381058185,285.8417876970087,284.87122697075444,285.0979919433594,36592700
2019-12-02,285.3518958206147,285.4153966404745,282.24976727728045,282.67608642578125,75767800
2019-12-03,279.9639862341054,280.8619942096514,278.5852653796921,280.78033447265625,73941700
2019-12-04,281.82347080730165,283.1114801298138,281.4787836789131,282.5128173828125,49080000
2019-12-05,283.21122387869605,283.2293551051219,281.71455342008073,283.0207214355469,40709000
2019-12-06,284.9256316357635,286.0050350565463,284.9165521793852,285.6059265136719,48927000
2019-12-09,285.21586750080536,285.88708285190785,284.63533597889335,284.7079162597656,34838500
2019-12-10,284.6535580640139,285.31569410664116,283.73741866322825,284.3905029296875,52649800
2019-12-11,284.84392633852576,285.4516684529647,284.3087644939141,285.19769287109375,53429100
2019-12-12,285.2066901830859,288.435819542235,284.9708735543326,287.65576171875,96389600
2019-12-13,287.4199371555929,289.05266085196234,286.64893105019,287.828125,81503900
2019-12-16,289.5515664116201,290.39512519551226,287.76465789365096,289.8055419921875,82749700
2019-12-17,290.1865865771561,290.4859041346796,289.78747804627915,289.8691101074219,61097700
2019-12-18,290.2591048310666,290.4858697567159,289.8327856635954,289.88720703125,48133000
2019-12-19,290.07772911648044,291.14808077783215,289.823753465592,291.07550048828125,85310500
2019-12-20,292.10543451333706,293.48183740439526,291.13013011229833,292.3515625,147142100
2019-12-23,293.1354754488179,293.19016437902224,292.6523713537724,292.7982177734375,52990000
2019-12-24,293.0260371698532,293.07160199650855,292.5064646226813,292.8072814941406,20270000
2019-12-26,293.1901906102919,294.3751824445798,293.1810943326841,294.3660583496094,30911200
2019-12-27,295.0952322086851,295.1499211381323,293.7644218965359,294.2930908203125,42528800
2019-12-30,294.3752190438764,294.5119413986182,292.1875500985432,292.670654296875,49729100
2019-12-31,292.1693441370268,293.62778090007464,291.82296227634913,293.38165283203125,57077300
2020-01-02,294.9129966046256,296.1435533670269,293.9923531023892,296.12530517578125,59151200
2020-01-03,292.74350507040344,295.0040826655969,292.6888161446402,293.8829040527344,77709700
2020-01-06,292.1328118215423,295.08615327203825,292.0143098616565,295.0041198730469,55653900
2020-01-07,294.43903377463585,294.9130417417363,293.7280496413541,294.1747131347656,40496400
2020-01-08,294.3660894233574,296.95480128822834,294.1199891894408,295.74249267578125,68296000
2020-01-09,297.3011671355,297.8207398631898,296.7177813744384,297.747802734375,48473300
2020-01-10,298.3311461832845,298.48608887965315,296.42607426931494,296.89093017578125,53029300
2020-01-13,297.510801872737,298.94186605271307,297.082386683004,298.9327697753906,47086800
2020-01-14,298.4952101168568,299.5434516916106,297.9209485381816,298.47698974609375,62832800
2020-01-15,298.38593822376356,299.90816033518473,298.30390480015734,299.151611328125,72056600
2020-01-16,300.52792945323296,301.6399841308594,300.30004962435345,301.6399841308594,54050300
2020-01-17,302.35097758583424,302.7884890679203,301.5761805798231,302.578857421875,95846000
2020-01-21,301.6217259743135,302.78846954692693,301.5488166711206,301.986328125,77742400
2020-01-22,302.84318902456715,303.49038781097767,301.8678844320141,302.0228271484375,48914900
2020-01-23,301.37567931823935,302.77942705597485,300.2636244798141,302.3692321777344,51963000
2020-01-24,303.0254945486543,303.1075279519649,298.39496067890184,299.6802062988281,87578400
2020-01-27,294.4481411214826,296.3532135264237,294.1108833593813,294.8765563964844,84062500
2020-01-28,296.298487210109,298.84163406721996,294.9676767051918,297.9665832519531,63834000
2020-01-29,299.32480337785205,299.55268327227856,297.5199845997412,297.72052001953125,53888900
2020-01-30,295.66030404986134,298.89621334965136,294.9128795742361,298.6865539550781,75491800
2020-01-31,298.0668193889295,298.22178991387807,292.3516032332454,293.26312255859375,113845600
2020-02-03,294.73972960780577,297.30109625380913,294.6212276647578,295.44158935546875,69083000
2020-02-04,299.04215432222543,300.81050405404096,298.7231169921296,299.9445495605469,62573200
2020-02-05,302.8705625667215,303.6180152040548,301.4121536768775,303.4083557128906,65951100
2020-02-06,304.3654472195234,304.62067153969036,303.35364621707834,304.42926025390625,50359700
2020-02-07,303.3719308599242,304.4383931119409,302.25987594185665,302.8067932128906,64139400
2020-02-10,301.9226265793127,305.13116533874893,301.88615800893024,305.0673522949219,42070000
2020-02-11,306.41630901268127,307.20020220152,305.06725053223005,305.595947265625,54864500
2020-02-12,307.02712038790895,307.7745731014097,306.6625181282939,307.56494140625,43992700
2020-02-13,306.1429208622096,308.202963799749,305.86947614367216,307.23675537109375,54501900
2020-02-14,307.64690946641167,307.8474448392001,306.4528213248784,307.72894287109375,64582200
2020-02-18,306.73549971180194,307.7928658900397,305.5505074246547,306.93603515625,57226200
2020-02-19,307.9021483533661,309.077988360176,307.6195795625174,308.4034729003906,48814700
2020-02-20,307.85655491074664,308.67694462905206,304.1557883522253,307.136474609375,74163400
2020-02-21,305.78745621324725,306.0973695137125,303.15315143324005,303.9735412597656,113788200
2020-02-24,294.5484154937722,304.04643281297626,292.81650624331786,293.8921203613281,161088400
2020-02-25,295.2776038121276,295.8883062471929,284.11149089171784,284.9865417480469,218913200
2020-02-26,286.3810972156628,289.9633610159589,283.2090281846531,283.938232421875,194773800
2020-02-27,278.43272007694435,283.99299421889395,271.1861572265625,271.1861572265625,284353500
2020-02-28,263.15560884540804,271.5324726677233,260.2752047841163,270.04669189453125,384975800
2020-03-02,271.8241810091955,281.80532914475464,268.40598340350584,281.74151611328125,238703600
2020-03-03,282.1152700822015,286.07126116142535,271.24084970802795,273.6745910644531,300139100
2020-03-04,279.03434596352906,285.39676211227726,276.4911987598748,285.177978515625,176613400
2020-03-05,277.9950742443368,281.1762666483222,273.46482370799674,275.6980285644531,186366800
2020-03-06,267.2118873410211,272.3437456449538,264.5502664620457,271.1405334472656,228667200
2020-03-09,250.94124687205388,259.04466663052983,249.2549584564978,249.9659423828125,309417300
2020-03-10,259.4548490211814,262.9915202948296,249.3005113667445,262.900390625,276444100
2020-03-11,255.8634682272535,256.9937432117131,246.9123423892593,250.08441162109375,255316300
2020-03-12,233.34892983989002,243.0657284595874,225.76508294392715,226.15704345703125,392220700
2020-03-13,239.8115967480577,247.45925662714072,226.53076847464146,245.49037170410156,329566100
2020-03-16,219.84022288446778,234.16930770515287,216.3582263151674,218.62791442871094,297240000
2020-03-17,223.35868442017195,233.50391264622428,216.0938883539165,230.4320831298828,262070500
2020-03-18,215.34645080566406,226.39406110097966,207.8446502974257,218.7646484375,327597100
2020-03-19,218.08099810602204,225.49165465544974,211.6730183757266,219.22950744628906,289322000
2020-03-20,222.3707310405341,224.14947908525951,209.50691583930976,209.781982421875,347158800
2020-03-23,209.22269612416616,210.58883736917826,200.11807712080454,204.41824340820312,326025200
2020-03-24,214.93488557553914,223.81028619851725,214.3664247760725,222.93923950195312,235494500
2020-03-25,224.5162352253458,235.04201992086357,219.82181757105965,226.27664184570312,299430300
2020-03-26,228.77974835482536,240.9558914934752,228.34881392408727,239.48890686035156,257632800
2020-03-27,232.21803399813555,239.13129805518238,230.18256074726233,232.35556030273438,224341200
2020-03-30,234.44605962945386,240.61665407010992,232.45643301160396,239.9014892578125,171369500
2020-03-31,238.90206639274638,241.44181196172076,234.92281361805342,236.3256378173828,194881100
2020-04-01,227.36772539626958,236.24312431481496,223.62685616519354,225.68983459472656,189554600
2020-04-02,224.80962736839078,231.67704405266247,224.2594942177443,230.897705078125,177660400
2020-04-03,229.9166755402143,232.2638985790031,224.83716977069236,227.560302734375,135561200
2020-04-06,236.40819703837275,244.80681626495058,227.5419743229143,242.8446807861328,188061200
2020-04-07,251.4174604431951,252.16930817093797,242.8721667882083,243.0922088623047,201427200
2020-04-08,245.68700700539043,253.05872554058368,243.202271556666,251.25247192382812,153774500
2020-04-09,254.50740840247016,257.82653581519105,252.5728060191188,255.07589721679688,189999200
2020-04-13,254.10397034489313,254.44321124594032,248.85024130979565,252.74697875976562,114839100
2020-04-14,257.6247736197147,261.21892505517496,252.60944238232008,260.2012023925781,134143400
2020-04-15,254.4981997482188,260.3387165438089,252.5635698315606,254.6724090576172,121775000
2020-04-16,255.94678796153286,256.75364602376106,252.83858245014113,255.9009552001953,131798300
2020-04-17,261.658962878332,263.4193550866855,258.9266530783905,262.8142395019531,146684800
2020-04-20,259.1192277447229,262.95180422099605,257.9639789331066,258.18402099609375,100109300
2020-04-21,253.72798241574282,254.92909188820968,249.4094613850949,250.34469604492188,126385700
2020-04-22,255.2132958945593,257.6430198449541,253.8929877892639,255.9009552001953,92951600
2020-04-23,257.17550907621705,260.3387543846184,255.58014778029658,255.88270568847656,104709700
2020-04-24,257.39560066112443,260.11873398584896,255.3509492350438,259.44940185546875,85063200
2020-04-27,261.4205849434391,264.30874873794517,260.96214535761493,263.1901550292969,77896600
2020-04-28,266.8303148734214,267.1787336293906,261.6774555396394,261.98004150390625,105270000
2020-04-29,267.2978754969445,270.36942737195216,266.27097494933463,268.8382263183594,118745600
2020-04-30,267.4628878219718,268.93907823852754,264.60222850800403,266.33514404296875,122901700
2020-05-01,261.5947967015309,266.5001059124838,258.1198167734185,259.2842712402344,125180000
2020-05-04,257.4046969992286,260.30203907180845,255.92853469244014,259.9994812011719,80873200
2020-05-05,262.81434034545913,265.20738229155137,260.1278622774751,262.4017333984375,79569900
2020-05-06,264.09793589455825,264.4830095523587,260.192020908388,260.6229553222656,73632600
2020-05-07,263.8320105300923,265.6932743331002,263.2635498583758,263.767822265625,75250400
2020-05-08,266.89443979354115,268.5998501465137,265.76666797978606,268.1322326660156,76452400
2020-05-11,266.20667159721637,269.5624524238782,265.7849150505331,268.1871337890625,79514200
2020-05-12,269.36997290557235,269.78255179515514,262.7042425975372,262.841796875,95870800
2020-05-13,262.2824804769914,263.31855852406073,255.77263209509584,258.1932067871094,144721100
2020-05-14,255.76356766017756,261.41152119733994,250.29894526780333,261.2831726074219,121977900
2020-05-15,258.8992207520091,262.5300551877956,257.95483612918537,262.4842224121094,111146300
2020-05-18,268.6914444443786,272.0839087534759,268.37055910186746,270.4793701171875,119703800
2020-05-19,269.88340997902395,271.58879193513707,267.6829053984864,267.70123291015625,95189300
2020-05-20,271.2312398155431,273.1108311782877,271.00201999174817,272.24896240234375,85861700
2020-05-21,272.1206583812847,272.92751677002803,269.278326504917,270.3694152832031,78293900
2020-05-22,270.08516244349306,271.0570523361643,268.8473696991475,270.8828430175781,63958200
2020-05-26,276.833326122004,277.07172366444183,270.90111666487996,274.22021484375,88951400
2020-05-27,277.00761167218025,278.33709805129075,272.1939946167621,278.3004150390625,104817400
2020-05-28,279.3272767982314,281.3352447299404,277.1175942986496,277.78692626953125,90405200
2020-05-29,277.3193091660714,279.61150744849493,274.5778489741923,279.02471923828125,119090800
2020-06-01,278.38289544316814,280.7576095309241,277.86944526100126,280.1524658203125,55758300
2020-06-02,281.06940446353366,282.5180897682759,279.7399459537755,282.47222900390625,74267200
2020-06-03,284.45263612777273,287.18494662104723,284.1775835194625,286.23138427734375,92567600
2020-06-04,285.2503028822557,286.98321817364206,283.3890390401753,285.4795227050781,75794400
2020-06-05,290.8616625425781,294.565835177491,290.7974742690629,292.7962646484375,150524700
2020-06-08,293.60307791418927,296.52792499363557,293.0621225082108,296.33538818359375,73641200
2020-06-09,293.67650345846687,296.4088145420949,292.81463445829365,294.12579345703125,77479200
2020-06-10,294.7033572907335,295.59273133209695,291.76933233464445,292.4844970703125,95000800
2020-06-11,285.57112869722124,286.2037774527666,275.0728808184363,275.62298583984375,209243600
2020-06-12,282.6188812960742,283.38905659074294,273.7801789307393,278.9238586425781,194678900
2020-06-15,273.24841147874247,282.65560386034076,272.07480686820895,281.52783203125,135782700
2020-06-16,289.25711767246935,289.4038217313861,282.0962919334156,286.9465637207031,137627500
2020-06-17,287.96425988813667,288.2576679504427,285.0210574809537,285.75457763671875,83398900
2020-06-18,284.2417880969982,286.3414217497539,283.7833484028866,285.8646545410156,80828700
2020-06-19,289.3235800973279,289.5169641791191,282.28778324973854,284.2309265136719,135549600
2020-06-22,283.6323128106449,286.45030759053503,282.490388367676,286.0543212890625,74649400
2020-06-23,288.69736494870455,289.6274972240298,286.9660418676936,287.3712463378906,68471200
2020-06-24,285.3360276763805,285.95305250280444,278.20816137818287,280.040771484375,132813500
2020-06-25,279.469847494696,283.31007226818923,277.4530430466422,283.0429992675781,89468000
2020-06-26,281.9470509652658,282.1588713157659,275.7400992165521,276.32025146484375,127961000
2020-06-29,277.5727234684733,280.51963173893165,275.2888463730119,280.3815002441406,79773300
2020-06-30,279.9486629348006,285.667559621828,279.7921232790596,283.9730529785156,113394800
2020-07-01,285.087337333443,287.2238644355757,284.62688035991766,285.9621887207031,72396500
2020-07-02,289.38806675534465,290.7326217108491,286.8739889973159,287.53704833984375,69344200
2020-07-06,291.3495847273951,292.5559799310515,290.6036465664798,291.9757995605469,61713800
2020-07-07,290.43791531370204,292.408657022588,288.5868688394488,288.9644470214844,82910000
2020-07-08,289.728779659392,291.2851267804882,287.9698584105039,291.17462158203125,54638600
2020-07-09,291.7823777440841,292.0218243686505,286.10954433852584,289.5169372558594,83354200
2020-07-10,289.45266781541727,292.74033970667824,288.0252614165085,292.4732666015625,57550400
2020-07-13,294.81219454195264,297.18814022544717,289.2867107064114,289.9405517578125,102997500
2020-07-14,288.52246610391046,294.4715932767716,287.3252886428625,293.6980285644531,93657000
2020-07-15,296.91198050758385,297.4921610086868,294.0202961383002,296.3962707519531,87196500
2020-07-16,294.4991602617193,295.87131342816184,293.85450907927094,295.4200744628906,54622500
2020-07-17,296.42383888823116,297.0592718738817,294.4530691984586,296.2764892578125,62774900
2020-07-20,296.0094731698983,299.4168672808463,295.26353484413016,298.6709289550781,56308800
2020-07-21,300.632423503006,301.0744442907489,298.3209200855165,299.3063049316406,57292200
2020-07-22,298.94720120561465,301.3231758826921,298.83669598418305,301.0100402832031,57792900
2020-07-23,300.65081332964456,301.35071700630476,296.05546117826077,297.41839599609375,75738000
2020-07-24,295.5674004213925,296.5251308789289,294.00183516323403,295.5029296875,73766600
2020-07-27,296.19358696402725,297.8328128298591,295.4015862760953,297.6578369140625,48293000
2020-07-28,296.9303522871835,298.04467867981947,295.47532024869815,295.77001953125,57495000
2020-07-29,296.64485042658015,299.9693649980808,296.60800599281623,299.4075927734375,48454200
2020-07-30,296.4422441472383,298.7537475391664,294.36099738513786,298.3393249511719,61861700
2020-07-31,300.12596755695097,300.798245119707,295.9173824216007,300.6969299316406,84986800
2020-08-03,302.3544618184026,303.5516386603409,301.81112598373454,302.78729248046875,53077900
2020-08-04,301.93091720834786,303.9569396972656,301.93091720834786,303.9569396972656,41917900
2020-08-05,305.2554171505095,306.10267054186585,304.98834417548517,305.84478759765625,42697700
2020-08-06,305.264638297825,308.00894452980793,304.942312718452,307.88922119140625,43679400
2020-08-07,306.9222424636981,308.39571060773704,306.0197365507583,308.1102294921875,57308300
2020-08-10,308.56154419446693,309.2153854806249,306.6276185368531,309.0312194824219,44282100
2020-08-11,310.2099438612299,310.84537688701096,305.7527226498275,306.480224609375,69601100
2020-08-12,308.911406789461,311.5267992817978,308.88378049251634,310.75323486328125,53774400
2020-08-13,309.9888955675153,311.4992082489788,309.2705836615696,310.1914978027344,41816100
2020-08-14,309.80472777793506,310.734860048338,309.0771977415584,310.2007141113281,47260400
2020-08-17,311.2137530113555,311.58211307766084,310.2099598864431,311.1861267089844,35481000
2020-08-18,311.58207682428633,312.281980541681,309.98888529540005,311.8583679199219,38733900
2020-08-19,312.23591780968894,312.7516274630557,309.9981032669653,310.55987548828125,68054200
2020-08-20,308.8377131218765,312.0056596078708,308.7087997728297,311.52679443359375,42207800
2020-08-21,311.1953645031958,312.8529989583211,310.85460261366353,312.6319885253906,55106600
2020-08-24,315.0631784958775,315.8735875319697,312.60435318835533,315.7999267578125,48588700
2020-08-25,316.3616627587458,316.9878776871024,315.2013018413242,316.9049987792969,38463400
2020-08-26,317.4943261404444,320.34913711570266,316.9509902417963,320.08209228515625,50790200
2020-08-27,320.9477683119042,322.22782424225835,319.12434835411756,320.781982421875,58034100
2020-08-28,321.80420702373715,322.9829758804368,320.61622003326073,322.8540344238281,48588900
2020-08-31,322.64226783208227,323.51711938437126,321.4542807471516,321.68450927734375,66099200
2020-09-01,322.5132660887835,324.81555096041706,321.6199784344271,324.7142639160156,54908700
2020-09-02,326.62058140555735,330.3778981673585,325.47862893248646,329.41094970703125,69540000
2020-09-03,327.7256853866652,328.1953605553692,315.4959476689743,318.07452392578125,148011100
2020-09-04,318.7560834008521,320.3216209085487,308.3865789911979,315.4776306152344,139156300
2020-09-08,310.0809258509965,315.54196689159204,306.5538378154059,306.85772705078125,114465300
2020-09-09,310.8546436252173,315.3763366892966,309.98898184326697,312.9175109863281,91462300
2020-09-10,314.78688177765224,315.4407229555937,306.5262807206502,307.4840393066406,90569500
2020-09-11,309.2614431412323,310.32048895230275,304.8226295252226,307.640625,84680200
2020-09-14,310.79930858274395,313.46076397555305,307.78792941912315,311.6925964355469,65605700
2020-09-15,314.14218543935834,314.9710024350509,311.70176891157143,313.267333984375,52920900
2020-09-16,314.50146223868563,315.9288682104032,311.7479092776505,312.0242004394531,82096000
2020-09-17,307.1801930827134,310.99279204056324,306.65526515012664,309.2798767089844,91523300
2020-09-18,310.08326217502207,310.19420971929947,303.24122418442806,305.7191467285156,105877900
2020-09-21,301.142417821237,302.4645898682485,297.4717524188794,302.316650390625,99450800
2020-09-22,303.79599750028683,305.95030428150574,301.29030979270976,305.3955383300781,63612100
2020-09-23,305.95029107636867,306.2276881483939,297.8138181951708,298.3131103515625,93112200
2020-09-24,297.0002185553226,302.1594777085532,295.68727323191223,299.1083068847656,76681300
2020-09-25,298.257653382287,304.729857674503,297.3885547651494,303.9439697265625,71069400
2020-09-28,308.0953544774506,309.70415018624124,307.1060252515909,308.9922180175781,64584600
2020-09-29,308.78878394674337,309.5284529495285,306.61596745328694,307.3094177246094,51304000
2020-09-30,307.97516755399596,312.78310129067506,307.78100935569034,309.63946533203125,104081100
2020-10-01,312.22833451482296,313.1991537202758,309.75041203082435,311.6273498535156,88698700
2020-10-02,306.6900399805022,311.5996670640401,306.2184846303253,308.6686706542969,89431100
2020-10-05,310.7213303896552,314.32726772474626,310.6751116381009,314.1423645019531,45713100
2020-10-06,314.28097349200937,316.37057974539914,309.16793362544905,309.67645263671875,90128900
2020-10-07,312.62593551915137,315.87129250041943,312.5981986311307,315.06689453125,56999600
2020-10-08,316.9992288068096,317.92382913687663,316.08385529278047,317.8591003417969,45242500
2020-10-09,319.50488950315776,321.15993200343445,318.88542307998716,320.6976318359375,59528600
2020-10-12,323.23107167134015,327.3270449402805,322.74103455582997,325.85693359375,80388500
2020-10-13,325.71829333157706,325.89396970025575,322.76881520469266,323.73040771484375,73255500
2020-10-14,324.30366960004284,325.39469156684834,320.96587488382295,321.6962890625,57727900
2020-10-15,317.79443172197927,321.7794576418191,317.2581758442864,321.2986755371094,60357700
2020-10-16,322.6486204375523,324.30366342738694,320.9288768497177,321.10455322265625,89501900
2020-10-19,322.36195837394564,322.99067994136914,315.3257621196153,316.2226257324219,68425600
2020-10-20,317.5633049958053,320.7254513716909,316.8051539703146,317.4893493652344,60051900
2020-10-21,317.443073902537,319.6066638803036,316.5832022185799,316.8883361816406,63575000
2020-10-22,317.1010319977672,319.2091203575822,314.9652067470299,318.6266174316406,55399300
2020-10-23,319.8470279304944,319.9025017003484,317.25815794875194,319.7083435058594,49143900
2020-10-26,316.33359795190205,317.1195140807674,310.31443920384794,313.8002014160156,91473000
2020-10-27,314.142337779827,314.4751804824875,312.5057765086921,312.71844482421875,65994100
2020-10-28,307.05985871686283,312.7461466489848,301.5399921174108,302.030029296875,127094300
2020-10-29,302.26117045534187,308.2618190207296,300.57839067530114,305.0997009277344,90597700
2020-10-30,303.52789396877716,304.8315842442729,298.27616915749184,301.9190979003906,120287300
2020-11-02,305.3031311035156,307.3002435800331,302.566292996373,305.3031311035156,86068300
2020-11-03,308.5299804346644,312.7461569674992,305.3863439975958,310.69354248046875,93294200
2020-11-04,315.15934752702685,321.70553558783416,313.9851149209246,317.6372985839844,126959700
2020-11-05,322.9075830131213,325.6351667328219,322.55623018505656,323.8321838378906,82039700
2020-11-06,323.5454798982403,325.0063646417054,321.43739166729375,323.7581481933594,74973000
2020-11-09,336.52688050400957,336.90597013486416,327.3640851994297,327.8263854980469,172304200
2020-11-10,326.8370947712311,328.39967222282814,324.0818027239641,327.34564208984375,85552000
2020-11-11,329.5276225136965,330.60016251209254,328.2886611922482,329.77728271484375,58649000
2020-11-12,328.7694850499286,329.82354332955566,324.7752317067129,326.57818603515625,67546200
2020-11-13,328.48279119885393,331.83909534174575,327.9650172049905,331.09942626953125,62892200
2020-11-16,333.76234079790987,335.4266106214588,332.4771323966517,335.2324523925781,74541100
2020-11-17,332.8283977244911,334.63137974023823,331.32129460037004,333.42938232421875,66111000
2020-11-18,333.6976230414402,334.24313403742127,329.3797256027603,329.4167175292969,70591300
2020-11-19,328.7879360767462,331.1733928980095,327.44725409515723,330.8035583496094,59940900
2020-11-20,330.54466445649757,330.74807768636424,328.46431342145667,328.53826904296875,70417300
2020-11-23,330.34126910985094,331.7651617960009,328.1129784945893,330.5076904296875,63230600
2020-11-24,333.0504387195171,336.37900716739796,332.1998218040776,335.83349609375,62415900
2020-11-25,335.75017614636334,335.77791303204526,334.22459100072433,335.31561279296875,45330900
2020-11-27,336.4067085508926,336.721069396595,335.2417026629686,336.2495422363281,28514100
2020-11-30,335.47282708749947,335.74096916518056,332.08881368370197,334.7608947753906,83872700
2020-12-01,338.00621842500254,339.95711197569057,337.4144605490259,338.4222717285156,74231400
2020-12-02,337.3127825968703,339.2914131198718,336.73953476512753,339.1342468261719,45927000
2020-12-03,339.03255404637883,340.42871003443537,337.94153206913154,339.04180908203125,62882000
2020-12-04,339.6242931462519,341.9635314941406,339.53182744457604,341.9635314941406,50749900
2020-12-07,341.1960744141505,341.75084037057263,339.99410502237635,341.26080322265625,48944300
2020-12-08,339.9941774018219,342.82345334365795,339.94795865251774,342.25946044921875,42458900
2020-12-09,342.9157744265064,343.0729406811119,338.35750157794257,339.18963623046875,74098300
2020-12-10,337.82129446332254,340.1235407764272,336.952167699225,339.0787658691406,57735400
2020-12-11,337.3868084880486,339.08807048436074,335.8704779286169,338.6812438964844,57698600
2020-12-14,340.8447147774003,341.91722644158915,336.98911858351033,337.164794921875,69216200
2020-12-15,339.6982365511047,341.7231140136719,338.329845795208,341.7231140136719,63865300
2020-12-16,341.9358445543657,343.17480613140845,341.0574625849894,342.25946044921875,58420500
2020-12-17,343.895879454076,344.37666151029305,343.07297154354643,344.1732482910156,64119500
2020-12-18,344.4612007715748,344.6283315180656,340.79344881476123,342.7991027832031,136542300
2020-12-21,338.8898932592316,351.4159127548199,336.15997816972384,341.5733642578125,96386700
2020-12-22,341.8983673411588,342.0097878229692,339.87415302334546,340.9976806640625,47949000
2020-12-23,341.9633643931626,343.20760697353194,340.979112376798,341.3041076660156,46201400
2020-12-24,341.7776869993081,342.6598131310871,341.19272941054123,342.6319580078125,26457900
2020-12-28,345.1761753962295,345.9654417210335,344.5540681584186,345.5754699707031,39000400
2020-12-29,347.0981859364546,347.2746111341923,344.33112134700883,344.9161071777344,53680500
2020-12-30,345.7332900123292,346.4389909289521,345.0183229457008,345.4082946777344,49455300
2020-12-31,345.2132342407314,347.8874388872676,344.70254763729105,347.1631774902344,78520700
2021-01-04,348.4910332362678,348.6210426946345,338.7506384714175,342.43695068359375,110210800
2021-01-05,341.7962685644844,345.8818471316903,341.7498244688002,344.7954406738281,66426200
2021-01-06,343.291214067815,350.04173174075373,342.74337775337597,346.8568115234375,107997700
2021-01-07,349.2245069915542,352.7529537930365,349.04808181779595,352.0101318359375,68766800
2021-01-08,353.3937945707503,354.2294766991023,350.1531920751301,354.01593017578125,71677200
2021-01-11,350.84951439553026,353.3844152987946,350.7287994312137,351.6294860839844,51034700
2021-01-12,351.8152452148604,352.7159036317569,349.4660070637659,351.70379638671875,52547700
2021-01-13,351.62941645625875,353.6443358349037,350.8494449222503,352.65081787109375,45303600
2021-01-14,353.39375334288167,353.8951738961369,351.08169311224,351.41595458984375,49989100
2021-01-15,349.80031300572944,350.5988454547158,346.9961266104406,348.85321044921875,107160000
2021-01-19,351.3045005009363,352.13091630295105,349.8281224423444,351.59234619140625,51233300
2021-01-20,353.8764823240062,357.2935370131807,353.4865107131989,356.4578552246094,61836100
2021-01-21,357.0150334029827,357.44218304043847,355.86365062010475,356.78289794921875,47840100
2021-01-22,354.9350642448892,356.6807271719311,354.5543587480902,355.5200500488281,52860500
2021-01-25,356.25365943655754,357.27503278883,351.4159360582794,356.9222106933594,70402000
2021-01-26,357.86925374578055,358.2778143535909,356.1328853310083,356.3650207519531,42665300
2021-01-27,353.05022197979747,353.14308184233016,345.4269004912862,347.6553955078125,123351100
2021-01-28,349.4660278006509,354.6380131608825,349.0296402961442,350.6452941894531,94198100
2021-01-29,348.7881167338835,349.75380801800657,341.9540352154757,343.62542724609375,126765100
2021-02-01,347.01453605615757,350.37585180595204,343.9132107970422,349.3451843261719,75817600
2021-02-02,352.52090191367535,355.83580306474755,349.42887007201125,354.2851257324219,64450700
2021-02-03,355.11149587959494,356.281467508707,353.2915620518551,354.56365966796875,52427100
2021-02-04,355.59439688401244,358.64001317221204,354.6751494739212,358.5935974121094,47142600
2021-02-05,360.4598874996903,360.71058354923707,358.54709392712255,360.0048828125,48669800
2021-02-08,361.45350816726585,362.6513351955174,360.5992654572833,362.60491943359375,38365200
2021-02-09,361.76912302259905,362.95768361802595,361.3605907389764,362.3634033203125,35551100
2021-02-10,364.09983025590975,364.24840035419544,359.8099713889872,362.2055969238281,59154400
2021-02-11,363.2827449986079,363.70060021262947,360.3671379983436,362.7906188964844,42913300
2021-02-12,361.9920325190132,364.82407372216704,361.91773330512245,364.5826721191406,50593300
2021-02-16,365.8083200461877,366.0033342269587,363.55197027023985,364.2669372558594,50972400
2021-02-17,362.5212660866274,364.60119044464864,361.5091306885375,364.3504943847656,52290600
2021-02-18,361.7505784893111,363.54265727343494,360.0327705772848,362.7998352050781,59712800
2021-02-19,364.05341301185115,364.34125872083973,361.71346939446187,362.1591796875,83241000
2021-02-22,359.4013902770424,361.7784550408201,359.1042500973584,359.37353515625,67414200
2021-02-23,357.17294188013483,361.15639469065013,353.0316528102948,359.80999755859375,107284100
2021-02-24,358.7235110381606,364.2019298681405,357.7392590796617,363.7747802734375,72433900
2021-02-25,362.5120335653563,363.8769912428288,353.57017085547034,355.0093994140625,146670500
2021-02-26,356.88507715052293,358.0271655270358,351.2024053803291,353.18017578125,152701600
2021-03-01,358.03642977075657,362.9855734404292,353.37516012939244,361.7413024902344,105348800
2021-03-02,361.9641644974679,362.19629994312015,358.41712808705853,358.9185485839844,79595300
2021-03-03,358.22218274333903,359.18784590388924,354.0623048857202,354.1644592285156,119940200
2021-03-04,353.97867561907805,356.5600204671109,345.30609935501286,349.78167724609375,183433000
2021-03-05,353.2730320198999,357.265779064072,346.01185613057277,356.2165222167969,152039600
2021-03-08,357.17293919990277,359.97712560372787,354.1644724397162,354.4430236816406,123149200
2021-03-09,358.2778580660894,362.04773549523804,357.7764375613555,359.5035400390625,113633600
2021-03-10,361.84345682354007,363.431255369481,360.4320834867978,361.7413024902344,109899400
2021-03-11,364.2019950148293,367.37759240388004,363.7469902205475,365.4090881347656,86245000
2021-03-12,364.0533342174548,366.0403986280399,363.2455075098559,365.901123046875,64653600
2021-03-15,366.15186917399524,368.343242519141,364.0162344057818,368.083251953125,73427200
2021-03-16,368.6960999272851,369.40177242737843,366.84828247321997,367.6189880371094,73722500
2021-03-17,366.3375684287189,369.67102984650717,365.19545189698175,368.87249755859375,97959300
2021-03-18,366.2911796002453,368.37110416522074,362.8277084837041,363.50555419921875,115349100
2021-03-19,363.20554373191754,364.7799210991891,360.662312193328,362.8329162597656,113624500
2021-03-22,363.3452527508921,367.10885537239466,363.2893600550484,365.7301025390625,73778600
2021-03-23,365.09668084256,366.5406230570263,362.0690362260645,362.8515625,90686600
2021-03-24,364.2489071923662,365.8791772373448,360.9604207531097,361.0069885253906,97588600
2021-03-25,359.5723827433269,363.82969504622673,357.63467436503356,363.0378723144531,116128600
2021-03-26,364.18373344592686,369.28881849367565,363.5875351124933,368.88824462890625,114409100
2021-03-29,367.4163152580118,369.60554090899944,365.93510175704296,368.701904296875,108107600
2021-03-30,367.4350274245717,368.3945569028789,366.1307883102693,367.72381591796875,76262200
2021-03-31,368.2920058783888,370.77001997622074,368.26405952663214,369.2142639160156,112734200
2021-04-01,371.1425953951237,373.257306623369,370.9376460344491,373.2013854980469,99682900
2021-04-05,375.8564897892532,379.09840904135075,375.7819756542243,378.5580749511719,91684800
2021-04-06,377.9990859414913,379.3778104361055,377.66370131465686,378.3344421386719,62021000
2021-04-07,378.16681558663885,379.1170200378233,377.7103490017058,378.7723388671875,55836300
2021-04-08,380.0206514166771,380.626174688792,379.089068404298,380.5702819824219,57863100
2021-04-09,380.44924276681104,383.5048342531352,380.3281324128653,383.3371276855469,61104600
2021-04-12,382.74090909191403,383.74700629608895,382.1353857837753,383.47686767578125,56704900
2021-04-13,383.37434940887186,385.2375154018544,382.9923969687516,384.61334228515625,56551000
2021-04-14,384.58539585907903,385.63808919365846,382.7595011466084,383.2998352050781,61659900
2021-04-15,385.433112724498,387.687555926274,385.38654494981597,387.4173889160156,60229800
2021-04-16,388.70301638087244,389.3178645876654,387.28702042046496,388.71234130859375,82037300
2021-04-19,387.7807610260529,388.2279026853113,385.4797498055928,386.8025817871094,78498500
2021-04-20,385.59152639170094,386.6907875184191,382.4986639809094,383.9705810546875,81851800
2021-04-21,383.3557132219947,387.80867863656937,383.2159530341772,387.6037292480469,66793000
2021-04-22,387.43607511013636,388.2651692129653,383.00173084573123,384.063720703125,97582800
2021-04-23,384.6227439417052,389.6346660114109,384.54822979616995,388.22796630859375,73209200
2021-04-26,388.87997690212677,389.60661044348035,388.29307511302295,389.038330078125,52182400
2021-04-27,389.3365118024942,389.5321647196547,387.81802682554365,388.9545593261719,51303100
2021-04-28,389.2246648182536,390.342575715046,388.3769209336228,388.84271240234375,51238900
2021-04-29,391.56296041556226,391.9355879172904,387.9484139465216,391.32073974609375,78544300
2021-04-30,389.05698052139843,389.9047243925387,387.85523059091884,388.7495422363281,85527000
2021-05-03,390.73374974104564,391.1157020837514,389.0941834175487,389.5879211425781,68128300
2021-05-04,387.6037024349062,388.0974402326931,383.5047433776642,387.1844787597656,101591200
2021-05-05,388.8240877515174,389.0569834839452,386.7466475835862,387.30560302734375,60162200
2021-05-06,387.38015025282107,390.52890537303807,385.3772524687335,390.39849853515625,74321400
2021-05-07,391.16236490015007,393.89189602548134,390.48229913565626,393.2397766113281,67733800
2021-05-10,393.59381081117,393.81738162988034,389.2246843410474,389.3457946777344,81852400
2021-05-11,384.836989107153,386.85850853881635,382.00496848744234,385.87103271484375,116888000
2021-05-12,383.09488503627756,384.3618242624742,376.3595297518344,377.6730651855469,134811000
2021-05-13,379.21952621514686,384.13828367571983,379.17293000396353,382.20989990234375,106394000
2021-05-14,384.93936652675745,388.92654024691893,384.91142017662577,388.07879638671875,82201600
2021-05-17,386.97028771615726,387.90187074432333,385.0791468765085,387.09136962890625,65129200
2021-05-18,387.3521831986254,387.59440386559174,383.597905008926,383.75628662109375,59810200
2021-05-19,379.0797117393857,382.92712508894346,377.5984699667049,382.7501220703125,106467100
2021-05-20,383.62587868681237,388.1254406224363,383.5047967743601,386.8677978515625,78022200
2021-05-21,388.34903495141754,389.5880563714277,386.09461981296676,386.55108642578125,76578700
2021-05-24,388.7868558465473,391.5629834929008,388.54463516280316,390.4916687011719,51376700
2021-05-25,391.5722490957163,391.9262551656702,389.0476672600288,389.625244140625,57451400
2021-05-26,390.21217056143115,390.90153289083105,389.1781270673312,390.39849853515625,43088600
2021-05-27,391.42316045586614,391.9355196277636,390.32387113726895,390.6033630371094,56707700
2021-05-28,392.16855054454425,392.42939268320663,391.0692892765859,391.30218505859375,58520200
2021-06-01,393.65898211112926,393.7987138563774,390.51955237272466,390.9573974609375,54216600
2021-06-02,391.60953690489885,392.4107130596126,390.6034397848831,391.572265625,49097100
2021-06-03,389.26197808041053,391.2555509981351,387.7993858877597,390.1190185546875,58138800
2021-06-04,391.9635773504691,393.985125124761,390.1842502722685,393.68701171875,55938800
2021-06-07,393.6776507018846,393.85465374362394,392.3734402072181,393.3050231933594,51555000
2021-06-08,394.1620257580678,394.2551897336642,391.5629299457471,393.3888244628906,47134300
2021-06-09,394.22723105049744,394.301773600504,392.57833960967673,392.8019104003906,48436300
2021-06-10,394.0222844350054,395.57804034366546,392.7087491710795,394.6278076171875,51020100
2021-06-11,395.1775077811149,395.3917536695252,393.89191873202867,395.27996826171875,45570800
2021-06-14,395.3917787091995,396.26746903201445,394.1527857880061,396.1650085449219,42358500
2021-06-15,396.31410594008616,396.35134879576736,394.56272511460134,395.43841552734375,51508500
2021-06-16,395.5780452993392,395.8016160944157,391.19029786804174,393.2304382324219,80386100
2021-06-17,392.8205121317797,394.0781261051391,390.631286975379,393.0999755859375,90949700
2021-06-18,389.82512979232945,390.5167474088944,387.5913771677302,387.7969970703125,118676300
2021-06-21,389.5541254102761,393.53566194360144,388.74100113745214,393.3487243652344,72822000
2021-06-22,393.339353041914,396.28343417143736,392.61966911686017,395.45159912109375,57700300
2021-06-23,395.5264348867474,396.33020373335535,394.8908927490569,394.9750061035156,49445400
2021-06-24,397.1152589733079,397.73209014648296,396.8628904252522,397.3115234375,45110300
2021-06-25,398.05932039498094,399.17153351985286,397.7321938542527,398.722900390625,58129500
2021-06-28,399.2462335097463,399.69483801915226,398.04990728021846,399.526611328125,53159600
2021-06-29,399.9097733050363,400.545315311481,399.20880030663477,399.7415466308594,35970500
2021-06-30,399.2835916114196,400.7509687229313,399.2555538300446,400.0780334472656,64827900
2021-07-01,400.83506919032,402.4519905914438,400.76963819499144,402.2930908203125,53441000
2021-07-02,403.45206040174946,405.72320623377107,402.3772122424309,405.3680419921875,57697700
2021-07-06,405.4240804253988,405.6390557421083,401.90053315862076,404.629638671875,68710400
2021-07-07,405.31193822358387,406.34003766118167,403.30248799530796,406.05963134765625,63549500
2021-07-08,400.7510054866028,403.5081778396305,399.57336151548776,402.7511291503906,97595200
2021-07-09,404.2557870176814,407.3494121346729,402.55475241821676,407.0503234863281,76238600
2021-07-12,406.9662269112006,408.76073035250516,406.536304788165,408.50836181640625,52889600
2021-07-13,407.72331850573784,409.2187334442086,406.854118733952,407.1158142089844,52911300
2021-07-14,408.8074721795963,409.29349840963926,406.4802508086064,407.7232971191406,64130400
2021-07-15,406.3868250791765,407.059760411339,404.4334500856128,406.33074951171875,55126400
2021-07-16,407.5084154784258,407.5551356129404,402.7511477644121,403.1436767578125,75874700
2021-07-19,398.33022241023,403.20899534087897,394.38608009064285,397.1899719238281,147987000
2021-07-20,397.85354923473506,404.152978910122,397.05910751566546,402.8818664550781,99608200
2021-07-21,404.0782727663207,406.28401626491234,402.83522636423976,406.143798828125,64724400
2021-07-22,406.32126653921614,407.2372147246419,405.33991589406435,406.99420166015625,47878500
2021-07-23,408.91963853760046,411.5179109011736,408.2373763394922,411.18145751953125,63766600
2021-07-26,410.59261588453984,412.20018185039044,410.5458957579973,412.1908264160156,43719200
2021-07-27,411.1533566719681,411.18139444947093,407.489592116502,410.31219482421875,67397100
2021-07-28,410.93845431834467,411.51792083805464,408.7233839343774,410.1440124511719,52472400
2021-07-29,411.06927031045103,412.91982079238494,411.05991487644866,411.8450012207031,47435300
2021-07-30,409.2841865056366,411.29363706752343,409.15332449973266,409.844970703125,68951200
2021-08-02,411.5553422417352,412.1067710167303,408.6299431376853,408.985107421875,58783300
2021-08-03,409.7794757496443,412.43382344600275,407.59244339115173,412.31231689453125,58053900
2021-08-04,411.0319645301903,412.2843664783354,410.0506135217893,410.2842712402344,46732200
2021-08-05,411.4431679198543,412.96662067268136,411.1253968736616,412.88250732421875,38969700
2021-08-06,413.2002671340216,413.9853535543252,412.9198607907698,413.56475830078125,46930000
2021-08-09,413.5366870620658,413.85445807390835,412.46186747322616,413.228271484375,41222600
2021-08-10,413.676878576167,414.4526380263717,412.9946164227404,413.7423095703125,43339300
2021-08-11,414.8077484339359,414.86382398659487,413.6861803354337,414.7703552246094,44034300
2021-08-12,414.6208676326382,416.1536756754447,413.7236301446858,416.0134582519531,38909400
2021-08-13,416.4620942233985,416.7892206760995,415.9760965228515,416.7705383300781,39470300
2021-08-16,415.4713605109986,417.88269503110484,413.91987021373245,417.7518615722656,73740000
2021-08-17,415.2003672937734,415.87330259419554,412.03198379117543,415.0134582519531,92673900
2021-08-18,414.00400272308775,415.56484852636714,410.2281152693712,410.4710998535156,89351900
2021-08-19,407.75142884529197,412.3031054700773,407.61123990919793,411.10675048828125,92812200
2021-08-20,411.45252871527185,414.7050256555393,410.96650244315384,414.3778991699219,72008700
2021-08-23,416.0602493564847,418.92957275106846,414.4526832434195,418.0229797363281,54973000
2021-08-24,418.6865234375,419.21926979163254,418.1724879522138,418.6865234375,38744700
2021-08-25,418.87347636542324,420.0791294982954,418.49960124676494,419.5650939941406,40529700
2021-08-26,419.2846465858296,419.5183042507706,416.9948185830064,417.0882873535156,57829600
2021-08-27,417.8921060042868,421.19135148689224,417.83603043980827,420.8175048828125,77235100
2021-08-30,421.4904164695936,423.4531466839395,421.2474033554113,422.6680603027344,48357400
2021-08-31,422.57458594782264,422.9110393113264,421.44369077915854,422.0418395996094,59300200
2021-09-01,422.97638055966155,423.4904159301691,422.03239461901586,422.26605224609375,48721400
2021-09-02,423.68684470342555,424.369106938718,422.36901184150173,423.5653381347656,42501000
2021-09-03,422.43439243098885,423.9765273755303,422.0324795543075,423.46246337890625,47170500
2021-09-07,423.1167138270563,423.21018261431715,421.2754899564276,421.94842529296875,51671500
2021-09-08,421.41564382630884,422.1446546206983,419.51831615140816,421.434326171875,56181900
2021-09-09,421.23805907529504,422.98581388405796,419.38748005990004,419.6304931640625,57970400
2021-09-10,421.5558370150139,421.9764037145198,416.2003928599835,416.3218994140625,89948200
2021-09-13,419.3127250750678,419.57442052650157,415.07882068151736,417.3873596191406,83738600
2021-09-14,418.8267538323482,419.032373751366,414.24706856986353,415.1349792480469,78197100
2021-09-15,415.5555116773011,419.0977701394543,414.4526542585058,418.6024169921875,78792200
2021-09-16,418.0790927362773,419.05108831666365,414.99479371388514,417.93890380859375,77786700
2021-09-17,417.168134146106,417.59004823430996,413.51137369740354,413.86767578125,118425000
2021-09-20,407.75436793021106,409.3295710757895,402.10984707082173,406.9667663574219,166445500
2021-09-21,409.30147394535885,410.59540113058426,406.0572991890718,406.5823669433594,92526100
2021-09-22,408.851302198654,412.58305938264414,406.69477650086463,410.54840087890625,102350100
2021-09-23,412.4143728690153,417.14001100580157,412.17996661282217,415.5366516113281,76396000
2021-09-24,413.90516505538227,416.9337039803391,413.6895010133059,416.2210998535156,62094800
2021-09-27,415.18971469523467,416.3523605127942,414.33647253059087,415.03033447265625,61371100
2021-09-28,412.26433994291904,412.59251441684535,405.93537117136833,406.6667175292969,130436300
2021-09-29,408.045029638689,409.77964162679973,406.7886155612909,407.3511962890625,82329200
2021-09-30,408.82324196639286,409.5264607159928,402.03484612674845,402.3724060058594,140506000
2021-10-01,404.0976889255961,408.8326843876151,400.58159468725086,407.1543273925781,129240100
2021-10-04,405.9916570765266,406.89176913571015,399.76581284989487,401.90362548828125,128570000
2021-10-05,403.4037658375677,408.3262970264828,402.6068074886927,406.08538818359375,90682500
2021-10-06,402.4942384202276,407.97934991567206,400.8721656243834,407.7730712890625,113032200
2021-10-07,411.0454050378357,414.1301704422201,410.86725401277494,411.2985534667969,72437500
2021-10-08,412.06737716353257,412.4518067836504,409.92020825664594,410.54840087890625,74557400
2021-10-11,409.89216791478833,412.79881127574237,407.5105922896659,407.57623291015625,65233300
2021-10-12,408.4950240548549,408.89819586614095,405.785274549618,406.5728759765625,71181200
2021-10-13,407.59495963247764,408.8513737107969,404.62270437794365,408.03564453125,72974000
2021-10-14,411.69235787459854,415.0490712799511,411.2235453911505,414.8990478515625,70236800
2021-10-15,417.00876339160925,418.42458644967,416.38992739167634,418.05889892578125,66260200
2021-10-18,416.2773855665458,419.6340705825797,415.6210366001597,419.2965393066406,62213200
2021-10-19,420.9186558175996,422.59698407803893,420.30917663549167,422.5313720703125,46996800
2021-10-20,422.99082000892685,424.491025906163,422.87830957409244,424.19097900390625,49571600
2021-10-21,423.5907875561012,425.52229254631413,423.15948811730703,425.2972717285156,41305400
2021-10-22,424.86601382430814,426.30996431243693,422.91573783259383,424.85662841796875,58845100
2021-10-25,425.9442973142117,427.46324528395957,424.1722008875209,427.13507080078125,45214500
2021-10-26,428.68217522735085,429.89169091412384,427.1444564431734,427.5195007324219,56075100
2021-10-27,427.9788747791164,428.64458041154234,425.550401234135,425.62542724609375,72438000
2021-10-28,427.05064707991323,429.8072666921166,427.04129028806375,429.7322692871094,51437900
2021-10-29,427.435131798945,430.89497056169455,427.14447031928165,430.60430908203125,70162400
2021-11-01,431.5887642564896,431.96383713747196,429.61977470154915,431.3450012207031,48433600
2021-11-02,431.5137556913935,433.3983909976397,431.3824744636354,433.0889587402344,48908400
2021-11-03,432.5263728629684,436.1362346004919,432.0856879971298,435.7330627441406,52509800
2021-11-04,436.3331934985726,437.8709123645309,435.9862767972165,437.7865295410156,52847100
2021-11-05,440.00854694027856,441.2930882853114,437.79576623783544,439.3053283691406,66390600
2021-11-08,440.4024093790137,440.89934941159646,438.99597208520896,439.680419921875,50405200
2021-11-09,440.04604504613957,440.28045122858373,436.82061368658503,438.22705078125,51149100
2021-11-10,436.53939698466087,438.2271390064617,433.2202253751318,434.70166015625,69429700
2021-11-11,436.1924366753276,436.26746268516337,434.82351244323235,434.8422546386719,34848500
2021-11-12,436.1081050332003,438.67718819768925,435.161094692695,438.1239929199219,53466700
2021-11-15,439.40859470618256,439.56797493267015,437.14891501750157,438.2740478515625,46980500
2021-11-16,438.0115818851338,441.1432464437642,437.9365844635233,440.00872802734375,48857500
2021-11-17,439.74610202390977,439.9242530537252,438.32092239942926,438.93975830078125,47858300
2021-11-18,439.97120828973823,440.69319795520033,437.2521011266173,440.4306640625,50625600
2021-11-19,440.31806790988196,441.5651251990252,439.27731788187225,439.64300537109375,57315600
2021-11-22,441.518225650883,444.00292604113224,438.1990253218852,438.4053039550781,72762000
2021-11-23,438.07713594296996,439.83987544998917,435.4799250989726,438.98663330078125,73206500
2021-11-24,436.98951426235885,440.2805872370219,436.17378507370955,440.15869140625,61858800
2021-11-26,433.50149668510204,434.96418925297854,429.2165439866492,430.3417053222656,112669600
2021-11-29,435.1236348523177,437.4583119148909,432.92959581507233,435.6205749511719,86268800
2021-11-30,433.18271599479897,435.0860934508205,426.9006175423312,427.1444091796875,148559600
2021-12-01,432.84521097923056,435.6862135337651,422.2031616971008,422.4000549316406,131939200
2021-12-02,422.61580705905556,430.43559761503457,422.22199189385464,428.8697509765625,127637800
2021-12-03,430.5292831950463,431.5887754076615,420.91862695944747,425.137939453125,137331600
2021-12-06,427.6788877462588,432.0482235973753,425.2691846744251,430.1729736328125,98977500
2021-12-07,435.4425314547833,439.6337173289039,430.04180103603704,439.0711364746094,95484700
2021-12-08,439.46481188962696,440.68371284123066,437.71142925167635,440.233642578125,72238800
2021-12-09,438.9490658157996,440.3367608885662,437.06445933338574,437.2613525390625,61272600
2021-12-10,439.9617388281514,441.52755637554407,437.4113979747184,441.3775329589844,77159800
2021-12-13,440.86187964178026,441.20879629669554,437.1863772299923,437.4676818847656,87724700
2021-12-14,434.2047373052017,436.6894377150197,431.5418858646757,434.4578857421875,97264100
2021-12-15,434.51416709666717,441.49007040259744,432.00131048296834,441.2463073730469,116899300
2021-12-16,443.09351636782804,443.3747924623618,435.8081507648726,437.3552551269531,116568600
2021-12-17,434.28120719660683,437.2827414785998,430.9974086651927,432.7004699707031,135511600
2021-12-20,427.62890570329984,428.4945351603184,424.4862394814665,428.099365234375,107134800
2021-12-21,431.5149548202637,435.8431890265247,429.3508520744213,435.7020568847656,69806300
2021-12-22,435.44794347232624,440.17134685592566,435.25032979357655,440.0584411621094,58890200
2021-12-23,441.0558636062711,444.29262786782226,440.95237627994055,442.79656982421875,56439700
2021-12-27,444.1702284294298,449.1100532638039,444.12319396445406,449.0630187988281,56808600
2021-12-28,449.4958929694086,450.5214913868531,447.93396375035627,448.69610595703125,47274600
2021-12-29,448.7996209971791,450.28626060152465,447.8022490075834,449.27008056640625,54503000
2021-12-30,449.69343150623797,450.7002217741406,447.56697399413,448.02801513671875,55329000
2021-12-31,447.5387725895835,448.68666632067624,446.6260799179109,446.89892578125,65237400
2022-01-03,448.15975083339737,449.61819265083415,445.8545162929149,449.4864501953125,72668200
2022-01-04,450.9072238974489,451.62233155714586,447.4822648058163,449.33587646484375,71178700
2022-01-05,448.969002462942,449.74056308734737,440.6136354927347,440.7077331542969,104538900
2022-01-06,440.2466361867598,443.0035221624816,437.9319546066855,440.2936706542969,86858900
2022-01-07,440.3031029677847,441.47925183914367,437.1980527186537,438.552978515625,85111600
2022-01-10,435.36328278709937,438.2236562011222,429.62367048499374,438.00726318359375,119362000
2022-01-11,437.7437907456816,442.0908322693714,434.75164626994354,441.9967346191406,74303100
2022-01-12,443.7280116585806,445.2429062617321,441.2345819172256,443.1916809082031,67605400
2022-01-13,444.29258772329274,444.9418241930247,436.05954567988096,437.08514404296875,91173100
2022-01-14,433.9424425259686,437.6120209390258,432.7286489573756,437.2638854980469,95890900
2022-01-18,432.5780978764357,432.7851012078921,428.40983354006795,429.5201110839844,109709100
2022-01-19,431.0632797435182,432.45582165960354,424.7873365975809,425.0602111816406,109357600
2022-01-20,426.94202425230395,431.6372011815895,418.2385229314581,420.3555908203125,122379700
2022-01-21,419.23594498974285,421.58824292541317,412.07556385655806,412.1037902832031,202271200
2022-01-24,406.5052754832323,414.36195566976323,395.90112761933347,413.8538513183594,251783900
2022-01-25,407.47441758472695,413.7409421509055,401.9135823339121,408.8011169433594,167997300
2022-01-26,414.6818552495206,417.80571346524874,403.5225401054795,407.7755126953125,186391100
2022-01-27,412.3672026513168,415.50045053402,404.0777079047049,405.7619323730469,149878300
2022-01-28,407.11686454826264,415.886237349482,402.54401155859085,415.8392028808594,164457400
2022-01-31,415.1711072435179,423.67702338927,413.82559991033423,423.3288879394531,152251400
2022-02-01,424.05336552481776,426.82908804425705,420.53433767425685,426.18927001953125,123155400
2022-02-02,428.58867006151223,431.05387362428513,426.28340667304684,430.3293762207031,117361000
2022-02-03,424.3074813838875,426.20812763649417,419.37704575360794,420.2144775390625,118024400
2022-02-04,419.97932468063993,426.0294287351917,417.60818972725326,422.19049072265625,118454400
2022-02-07,422.95248633834746,424.3450280068108,419.50871953612705,420.8354187011719,84472900
2022-02-08,420.33680377789557,425.2201762493433,418.91600673505786,424.2980651855469,81012000
2022-02-09,428.3252089130967,430.8280572528607,428.1276239352286,430.5081481933594,92589900
2022-02-10,424.67441942143387,430.66806944150386,420.7790293131962,422.7737731933594,140103700
2022-02-11,422.85840063128,424.9284051506269,413.00697779975184,414.4371643066406,153214600
2022-02-14,413.9291560964369,415.50989334254666,409.61973040303707,413.0823059082031,123006300
2022-02-15,417.5140448697904,419.9133771021189,416.99652213320917,419.7440185546875,88482700
2022-02-16,417.70221089727113,421.588211390658,415.82979106919817,420.2144775390625,84863600
2022-02-17,417.0341632264874,420.186247943638,410.63592485416507,411.23809814453125,102259100
2022-02-18,411.4921744012356,412.7436129970205,406.3077292195654,408.5753479003906,132642900
2022-02-22,406.37349056748224,409.7701941226827,400.69972185210696,404.1905517578125,124391800
2022-02-23,407.0980794779474,407.6626367061376,396.45628627766916,397.0208435058594,132578000
2022-02-24,386.7365259239518,403.4284488931798,386.3790008159794,402.99560546875,213942900
2022-02-25,404.2282639234101,411.97203889724267,402.5816554040874,411.8873596191406,121804500
2022-02-28,406.5052626502716,412.3107459178309,405.25385292778066,410.83349609375,145615000
2022-03-01,409.3374953713261,411.3416578546236,401.8759843184385,404.5764465332031,137785900
2022-03-02,406.82521187285215,413.7409734291532,406.07248803205465,412.01910400390625,117726500
2022-03-03,414.44664922565886,415.0488225356622,408.1707060110163,409.9678649902344,105501700
2022-03-04,406.2417947777143,407.76607902539786,402.600442693899,406.6369934082031,113978200
2022-03-07,406.05356074725825,406.759249958647,394.5837564676544,394.6496276855469,137896600
2022-03-08,394.82854721626717,401.9701211696944,390.59441041833645,391.65765380859375,164772700
2022-03-09,400.02238799071915,404.13420015154503,397.8394486342406,402.15826416015625,116990800
2022-03-10,397.55714383339716,401.23614110856755,395.60004466085365,400.34228515625,93972700
2022-03-11,402.82621713239433,403.4378087082755,394.743726780533,395.2518310546875,95636300
2022-03-14,396.0234704863825,399.46720926881693,391.22477713105775,392.36328125,95729200
2022-03-15,394.96955062340055,401.6218547157255,393.6993329697204,400.991455078125,106219100
2022-03-16,404.4917908123016,409.93969260401786,399.70248655331574,409.88323974609375,144954800
2022-03-17,407.9731146505722,415.0111999511719,407.5967527483876,415.0111999511719,102676900
2022-03-18,413.4028912886427,419.87763507524926,412.66669551110175,419.5567321777344,106345500
2022-03-21,419.3867810928451,421.38772166865976,415.93231566706595,419.4339904785156,88349800
2022-03-22,420.8214989932451,425.2764356419781,420.8214989932451,424.342041015625,74650400
2022-03-23,421.81246957458256,423.30372739490633,418.79216338171153,418.8771057128906,79426100
2022-03-24,420.8969665486931,425.200884406194,419.7832397355188,425.1914367675781,64736900
2022-03-25,425.8238364518409,427.5416361124458,423.2471369609336,427.2679138183594,77101300
2022-03-28,426.6733001787727,430.3070983886719,424.7856157896072,430.3070983886719,68529800
2022-03-29,434.18626321308204,436.12115693733773,431.5057549157547,435.6303405761719,86581500
2022-03-30,434.48834654789084,435.3000658769964,430.8356815763662,432.9404602050781,79666900
2022-03-31,432.17589947274035,432.9970375414447,425.823831381212,426.2768859863281,121699900
2022-04-01,427.85300771241987,427.9945782493482,423.9172027669551,427.48492431640625,89048800
2022-04-04,427.68317979634264,431.25090181901925,426.86204176947047,431.1470642089844,59601000
2022-04-05,429.6558732347616,432.1192876988634,424.5591308094842,425.701171875,74214500
2022-04-06,421.7936427720497,423.71906006741074,418.5656898647818,421.44439697265625,106898000
2022-04-07,420.56664291276263,425.38024389891154,418.6223302828864,423.56805419921875,78097200
2022-04-08,422.8129253472982,425.3235486630253,420.8969271331609,422.4353942871094,79272700
2022-04-11,419.16969873165914,420.0097320215141,414.7147916975716,415.21502685546875,89770500
2022-04-12,418.19761946757274,420.71769099701174,412.12872059672054,413.6766357421875,84363600
2022-04-13,413.4311571589825,419.16970449840653,413.25182485427155,418.4146423339844,74070400
2022-04-14,418.64116191799894,419.7549175134308,413.1008132674667,413.20465087890625,97869500
2022-04-18,412.2797123367979,415.05461073103595,411.1470901663332,413.37457275390625,66002500
2022-04-19,413.27073740895713,420.76484688177004,413.1008527235854,420.04754638671875,77821000
2022-04-20,421.8219041129893,422.43539568830266,418.5750851378038,419.7359924316406,65224400
2022-04-21,423.3509483444846,424.7383973991878,412.55339229515056,413.45947265625,85417300
2022-04-22,412.37409241070765,413.4783716367902,401.5482213990768,402.1145324707031,132471800
2022-04-25,399.87766866932645,404.61574651272133,395.3188943584106,404.44586181640625,119647700
2022-04-26,401.91623033602906,402.1144578967915,392.70435190748356,392.732666015625,103996300
2022-04-27,393.8087220181219,399.1697677643689,391.7039722839688,393.8370361328125,122030000
2022-04-28,398.57509707971343,405.51234242525084,394.14847523083597,403.78509521484375,105449100
2022-04-29,399.80207204922027,401.95403088704296,388.11730223189977,388.8629455566406,145491100
2022-05-02,388.92901145512707,392.5628092111438,382.2749075321882,391.20367431640625,158312500
2022-05-03,391.7039501067172,395.4037953011167,390.1465874755705,392.99700927734375,100028200
2022-05-04,393.65766562044956,405.53121582781534,390.47692222902697,404.96490478515625,144247900
2022-05-05,400.7082377196595,401.1329782769947,386.44679436485006,390.5713806152344,172929100
2022-05-06,388.01353835630266,391.50573725161655,382.9451102963641,388.24005126953125,151770800
2022-05-09,382.3504814055953,383.5869123846669,374.23343271582064,375.8096618652344,155586100
2022-05-10,381.77478247387813,383.2754883521144,372.64784309050333,376.67803955078125,132497200
2022-05-11,375.7152782695393,381.35001745771194,369.94838734516037,370.69403076171875,142361000
2022-05-12,367.5037946408941,373.57269244374504,363.5207798183708,370.3070068359375,125090800
2022-05-13,374.43168009743755,380.5383410827449,373.3934477808123,379.16033935546875,104174400
2022-05-16,377.5180173546355,381.2839385536254,375.27166828724563,377.621826171875,78622400
2022-05-17,383.70013247510735,385.62557844782094,379.9719446127917,385.3896179199219,83029700
2022-05-18,380.8403727574415,381.1235139294289,368.6176032998475,369.8540344238281,117674500
2022-05-19,366.7959211904098,372.0059481432004,365.3707103676318,367.5887451171875,98510700
2022-05-20,371.16591037827914,374.7336324078952,359.1696852051724,367.74920654296875,131432200
2022-05-23,370.7694822124612,375.39433157969796,368.457086332618,374.62982177734375,76414900
2022-05-24,370.5146628553773,372.9592105064328,365.2291411864955,371.7699890136719,91448800
2022-05-25,370.278726265349,377.01777330975807,369.8823286767236,375.0545654296875,91472900
2022-05-26,376.2816083941698,384.1815635422074,376.07396194375553,382.5487060546875,82168300
2022-05-27,385.0026951176574,392.0531978674875,384.8044963104918,391.93994140625,84768700
2022-05-31,390.3259001664865,393.07248421298215,387.00358624823434,389.74072265625,95937000
2022-06-01,391.8549734040455,392.8648626531449,384.07769419751776,386.58831787109375,86585800
2022-06-02,386.4278338799512,393.9974369297573,384.1814851394755,393.95025634765625,79609600
2022-06-03,389.2405486758481,390.7884638335638,386.5128594774759,387.4850158691406,71874300
2022-06-06,391.48684319664267,393.21406164588547,387.4943805595861,388.6647644042969,57508900
2022-06-07,385.1819749982957,392.8459684053957,384.7194727728496,392.3929138183594,59272400
2022-06-08,390.6845434619145,392.46841881070924,387.333915614858,388.1267395019531,64350000
2022-06-09,386.352312221375,388.6175274447086,378.8959655761719,378.8959655761719,86289800
2022-06-10,372.70440234363315,373.55385453962793,367.86248738155257,367.90966796875,132893900
2022-06-13,358.5184668650851,360.3683895194282,352.3362831480851,353.9408264160156,170004900
2022-06-14,355.68689685396777,356.71568127410126,349.7784361620524,352.8742370605469,104011800
2022-06-15,356.1682429235863,362.3409783554577,351.22251951050276,357.9049377441406,125666800
2022-06-16,349.70293778443306,350.1087829653544,343.63401132773026,346.0596923828125,134473300
2022-06-17,346.474006989018,350.14245020385545,343.30795986691686,346.8057556152344,111113900
2022-06-21,352.521725834006,356.92005638665404,352.44587608946637,355.5361022949219,76811900
2022-06-22,351.31777542093766,358.9959259866764,350.90068869887415,354.8914489746094,90059400
2022-06-23,357.0243321478926,359.1002487608876,353.46963484148904,358.370361328125,79292100
2022-06-24,361.5364704588315,369.77389274834877,361.5080340326159,369.764404296875,98050300
2022-06-27,370.68380190795756,370.9776545538821,367.2618273862305,368.3519287109375,66009600
2022-06-28,369.9064903475498,372.68388643941586,360.7116632691244,360.8254089355469,86548900
2022-06-29,361.3753394353569,362.3611548271313,358.7116881165058,360.53167724609375,65676000
2022-06-30,356.64510092174794,360.8349164010324,353.1567653026987,357.6025085449219,112508300
2022-07-01,356.94854012954494,361.8208599109863,354.3322732319177,361.3847961425781,74839700
2022-07-05,356.3039239194396,362.08623764291843,353.4791138897527,362.0672607421875,81438000
2022-07-06,362.2094581257224,365.7736442291068,359.8302001680812,363.29010009765625,70426200
2022-07-07,365.06266665246835,369.52735833895935,363.3090102076316,368.7311096191406,64525900
2022-07-08,367.10071569720793,370.2952282014979,365.5745794315864,368.4278259277344,72397800
2022-07-11,365.7546798643806,366.72154716840924,363.52706364959664,364.21905517578125,58366900
2022-07-12,363.6691716276499,366.04845792183517,359.25186497173377,360.99603271484375,62219200
2022-07-13,355.56449960571507,362.02931552702955,355.1474128412304,359.1002197265625,84224600
2022-07-14,354.15204931462455,359.30873165299323,351.71591915630887,358.2281188964844,89704800
2022-07-15,362.62649570213034,365.1858892356065,360.7211976903377,365.0721435546875,79060400
2022-07-18,368.1529146526756,368.82592927824663,360.83497625525047,362.05780029296875,63203600
2022-07-19,365.97264856832055,372.4090283274704,365.31861090466685,371.84027099609375,78506000
2022-07-20,372.02988023942527,375.62250240338216,370.6648741646818,374.2100830078125,71843800
2022-07-21,373.63182056702766,378.0680753048155,371.2335862430008,378.02069091796875,64903900
2022-07-22,378.1439748043947,379.33833343517273,372.29530007355766,374.513427734375,72197300
2022-07-25,375.1390938870878,375.8215969964553,372.73137056679104,374.9684753417969,53631500
2022-07-26,373.3286021714744,373.53714561288416,369.64121046025514,370.5322570800781,52946400
2022-07-27,373.82147154826214,381.89776315262577,373.52761885571124,380.1535949707031,82342100
2022-07-28,380.95927437369363,385.61353235014826,377.4140367716771,384.92156982421875,73966600
2022-07-29,386.35290637404563,391.5190777399874,385.5850941133151,390.5332336425781,87003700
2022-08-01,387.8411455020427,391.8792906615118,387.13020608259814,389.37677001953125,69997500
2022-08-02,387.8127450392465,391.4906766053588,385.63254218875403,386.8079528808594,63435400
2022-08-03,388.931285023342,394.0310955881913,388.6469207989162,392.86517333984375,67820600
2022-08-04,392.78938953675487,393.47189271815853,390.9599118866752,392.5998229980469,45656600
2022-08-05,388.3246478205913,392.58079648264055,388.26777497334547,391.93621826171875,56814900
2022-08-08,393.62347746477167,395.87004150956847,390.3815808280443,391.4811706542969,53886100
2022-08-09,390.75132095945645,391.2537170647009,388.8554822335221,389.9266357421875,44931800
2022-08-10,396.9695421524168,398.2587271146081,395.016831206207,398.11651611328125,68665700
2022-08-11,400.96027328871617,402.81821547163327,397.3771404047959,398.11651611328125,59489700
2022-08-12,400.050395788599,404.9606110010774,399.10247645360926,404.8563537597656,61694500
2022-08-15,402.64764150057266,407.04600061972724,402.5907686609456,406.5246276855469,54048300
2022-08-16,405.4535207281274,409.2451978170758,404.64778356108576,407.3209228515625,59289000
2022-08-17,403.7282975362389,407.1313242254354,402.42965277199465,404.42974853515625,63563400
2022-08-18,404.6288399076743,406.2876987703884,403.3396834770453,405.605224609375,49023200
2022-08-19,402.8467811218481,403.1121973862413,399.282595061536,400.1546936035156,68016900
2022-08-22,395.329701995395,395.5003494416631,390.92188337608326,391.8224182128906,77695600
2022-08-23,391.3958862975145,393.7846615275958,390.32473282411485,390.8745422363281,49105200
2022-08-24,390.64695191540625,393.4907094010359,389.96447788992435,392.125732421875,49177800
2022-08-25,393.614017515164,397.7090360070508,392.52391605971974,397.6616516113281,50942300
2022-08-26,397.5479234905298,398.0882155528186,384.1443295439162,384.2012023925781,103087000
2022-08-29,381.2531682301508,384.70357956798847,380.30524889484775,381.6607666015625,65370800
2022-08-30,382.81725710753153,383.05423695854176,375.3760840001701,377.4709777832031,85652400
2022-08-31,379.10137171228644,380.3431437236325,374.4660612189248,374.5987548828125,76029700
2022-09-01,372.4279555626427,376.1153458831206,369.7263802950117,375.77410888671875,78740100
2022-09-02,379.4331384469464,380.64647400085363,370.0013297859772,371.8118591308594,99632100
2022-09-06,372.6555302445026,373.5939611226999,368.1908383071308,370.4089660644531,76637400
2022-09-07,370.0961115930664,377.8311362647998,369.8781086762223,377.0633239746094,70964200
2022-09-08,374.7978759378246,379.98296742981955,373.5939997520912,379.5279846191406,80821700
2022-09-09,381.7649972904449,386.28659071940456,381.4995810521483,385.4239807128906,76706900
2022-09-12,387.49046061347366,390.2868341942052,387.1871194866291,389.56640625,69256300
2022-09-13,380.9024232007864,382.1062993004574,371.5085678123265,372.6271057128906,122947100
2022-09-14,373.92568555402255,375.56559617352946,370.7501504689949,374.0489196777344,85023700
2022-09-15,372.4943332407687,375.3380909362644,368.53203779447915,369.80224609375,87633800
2022-09-16,365.6295206827052,367.63783250475103,363.6973120856197,366.9810791015625,103084800
2022-09-19,363.84008189633505,369.82696533203125,363.76392058262684,369.82696533203125,73278500
2022-09-20,366.50513850212155,367.51405803281153,362.8311539935767,365.5818786621094,77274900
2022-09-21,367.504555601014,370.55036925173334,359.1952455228189,359.20477294921875,106746600
2022-09-22,358.4337956869669,360.07091552367,355.44511739669144,356.1875305175781,89472600
2022-09-23,352.722940486398,352.7610211494688,345.78424282582023,350.2196960449219,122346900
2022-09-26,348.753848761664,352.37072699861113,345.53671576875286,346.7550354003906,92581200
2022-09-27,350.2862401271678,352.5515599107997,343.48078239742836,345.8698425292969,108294100
2022-09-28,346.8217084645166,354.3600529595543,345.127482081543,352.67535400390625,110802200
2022-09-29,349.13459770031216,349.42013004160674,342.3672197883283,345.3083190917969,112952300
2022-09-30,344.36600021604005,348.2779675279083,339.8353891876637,339.9686279296875,153711200
2022-10-03,343.6806881754969,350.7907337489844,341.90080218718504,348.9442138671875,89756500
2022-10-04,354.45522944852485,359.78538917158465,348.9061712798272,359.7568359375,103602800
2022-10-05,355.3974984990643,361.1749817964111,353.0750722691506,358.919189453125,88065700
2022-10-06,357.52010776378955,360.4707348086878,354.7217743328191,355.21673583984375,82333500
2022-10-07,351.19051769873397,355.30235769557754,343.547458861724,345.3083190917969,107789500
2022-10-10,346.42192984075376,346.65988314467035,340.43504562807703,342.6717834472656,76042800
2022-10-11,340.97758511374974,345.5367789247286,338.5694986420496,340.5016784667969,92482800
2022-10-12,340.91094386553914,342.4814298234217,339.13102879643657,339.3785095214844,76991800
2022-10-13,332.3826842498608,349.8008834901985,331.3356839052994,348.3350830078125,147254500
2022-10-14,350.79069404097305,352.41831529855494,339.7591840858435,340.39691162109375,123737000
2022-10-17,346.46954168027236,350.24824134925336,340.06382821256403,349.1441345214844,93168200
2022-10-18,357.0536821558411,357.35826934412756,349.81036876588746,353.2464294433594,97162900
2022-10-19,351.2095432352664,353.93174409065676,347.93530350478727,350.7431640625,79746900
2022-10-20,350.29577817467606,354.71220495349155,347.0405645534775,347.8020324707031,88283100
2022-10-21,347.5260110650035,356.7395553428867,346.0221590756883,356.254150390625,131038400
2022-10-24,357.77707959447656,361.74612439325887,355.13101099924324,360.61346435546875,85436900
2022-10-25,360.53735873384517,366.6860643599622,360.4231457883191,366.3719787597656,78846300
2022-10-26,363.23094435236135,368.9037428227225,362.97396524839513,363.6116638183594,104087300
2022-10-27,364.61105138754175,366.44804370025827,361.0512506396155,361.6699523925781,81971800
2022-10-28,361.5653278346015,370.75032073120525,361.38448097673046,370.2744140625,100302000
2022-10-31,367.81871998807645,369.68426585196175,366.6955873080766,367.59979248046875,96631300
2022-11-01,371.34045662683894,371.5784099530066,364.82052968043666,365.9912414550781,85407600
2022-11-02,365.40111675587,369.90320408108596,356.7015583770088,356.8062438964844,126990400
2022-11-03,353.5700586148132,356.1685191668986,351.01920615203176,353.1322326660156,87100100
2022-11-04,358.8335775577456,360.61346359996287,352.170885136249,358.21490478515625,103505200
2022-11-07,359.50933724612685,362.231537963315,357.4343915475703,361.64141845703125,68286900
2022-11-08,362.74552365571884,366.5623039769019,359.5188919325988,363.5926513671875,84641100
2022-11-09,361.62234147920316,362.77405623568103,355.60687575970667,356.1018371582031,78495500
2022-11-10,369.35108918360226,376.00428299719744,367.0572450041489,375.671142578125,141455800
2022-11-11,376.5278212790889,380.106648595616,374.64322048105964,379.30712890625,93839900
2022-11-14,377.54630613796775,380.89667884378287,375.8044713523552,376.08050537109375,71903500
2022-11-15,381.8198514474499,382.9239582221826,375.4807721813481,379.28802490234375,93194500
2022-11-16,377.6604299906343,378.61224316456577,375.76633106956126,376.39453125,68508500
2022-11-17,371.6449756187588,375.9186366580597,371.3404174691277,375.2428283691406,74496300
2022-11-18,378.57415608736795,378.64078997970154,374.10065167393867,376.9465637207031,92922500
2022-11-21,375.6235052961584,376.7466376918826,373.7389050539046,375.5758972167969,51243200
2022-11-22,377.51758689522217,380.7918258701002,376.10889322792866,380.6300048828125,60429000
2022-11-23,380.29695819857307,383.51409151080327,380.06853232216565,383.0286865234375,68261600
2022-11-25,382.4671170422372,383.4950916496888,382.19111210524926,382.9430236816406,30545400
2022-11-28,379.8590951809206,381.4962149118125,376.0708685003482,376.83233642578125,67881600
2022-11-29,376.96558433179973,378.1553507626501,374.34809818392904,376.18511962890625,52310000
2022-11-30,376.4325522787015,388.03515625,374.51942770651925,388.03515625,144566700
2022-12-01,389.0726695441886,390.24341023181614,385.2463909544575,387.7496643066406,76398200
2022-12-02,382.86679385886526,388.20645105003473,382.76210836744406,387.30224609375,85342700
2022-12-05,384.48494250767516,385.4177008262784,378.98346353454565,380.33502197265625,77289800
2022-12-06,380.17319983401165,380.7157112233438,372.76809510416285,374.8525390625,77972200
2022-12-07,374.0054742055746,376.5753814167961,373.0822142567911,374.2148742675781,65927900
2022-12-08,376.0994521400108,378.212449392276,374.3195371968257,377.14642333984375,60737900
2022-12-09,375.9090843451082,378.45993659247966,374.205330689029,374.3290710449219,81447700
2022-12-12,375.1189991811709,379.7257995605469,374.45274752414025,379.7257995605469,75405800
2022-12-13,390.45280046353844,390.70977956297014,379.8400894083029,382.600341796875,123782500
2022-12-14,382.2577044665144,385.9602719426471,377.2131058725146,380.1542053222656,108111300
2022-12-15,375.2999009475401,376.2041350287874,369.19880442028864,370.8549499511719,117705900
2022-12-16,368.302907769073,369.6415593936089,364.34432159505855,366.4765930175781,119858000
2022-12-19,366.6678340994925,367.00250429400353,361.70523742151596,363.3689880371094,79878100
2022-12-20,362.61364283927566,365.482194633709,361.2941043449694,363.8662414550781,74427200
2022-12-21,366.45747677877307,370.43520527298585,365.9220161334383,369.3069152832031,78167400
2022-12-22,366.2662256920997,369.28777027212345,358.34902428686854,364.038330078125,100120900
2022-12-23,363.01521636298173,366.2758070046261,361.4662030943732,366.13238525390625,59857300
2022-12-27,366.01764723973866,366.3618594408892,363.0152157544233,364.68853759765625,51638200
2022-12-28,364.6216127041186,366.59137848650926,359.9267751898031,360.15625,70911500
2022-12-29,362.9961017998292,367.5092910145083,362.47018314198056,366.63916015625,66970900
2022-12-30,363.961883087202,365.8168531569802,361.84869548769285,365.6734313964844,84022200
2023-01-03,367.52841345608357,369.49815002254616,361.274962367188,364.13397216796875,74850700
2023-01-04,366.3905568832152,368.9722652057651,363.34989894273167,366.9451599121094,85934100
2023-01-05,364.9945470716449,365.10928447945327,362.1642506841692,362.757080078125,76970500
2023-01-06,365.8455090657922,372.19458418736764,362.7857380848977,371.0758361816406,104189600
2023-01-09,373.26550947515705,376.44961824670435,370.6838304181261,370.865478515625,73978100
2023-01-10,370.28219867133123,373.53321794947027,369.3451279864,373.4662780761719,65358100
2023-01-11,375.04405606095594,378.26639143115705,374.231293835196,378.18988037109375,68881100
2023-01-12,379.2895306207411,381.02976337180365,375.2257485082276,379.5668029785156,90157700
2023-01-13,376.37315440820146,381.6130534140989,376.10542404617286,381.0393371582031,63903900
2023-01-17,381.0202202604648,382.6935423019026,379.6624261074559,380.34130859375,62677300
2023-01-18,381.526947386791,382.58829750949707,374.1356353327088,374.33642578125,99632300
2023-01-19,372.2996913775432,373.94432859689834,370.29172884426185,371.61126708984375,86958900
2023-01-20,373.00734634342695,378.68708106087394,371.36270886328373,378.5340881347656,91806400
2023-01-23,379.3373059432333,385.0074698849866,378.3811219727352,383.07598876953125,84178800
2023-01-24,381.4026252152029,383.57315208650715,380.21696655885887,382.664794921875,59524900
2023-01-25,378.6010846087599,383.14295882633485,376.31579073268307,382.80828857421875,84800300
2023-01-26,385.466459007332,387.1780365308271,382.5022827834098,387.0154724121094,72287400
2023-01-27,385.97318218490153,390.2760095744735,385.762820567528,387.9046630859375,68346200
2023-01-30,385.1508780562935,387.37880296998725,382.7413050405992,383.0377197265625,74202000
2023-01-31,383.553997217556,388.7173836975877,383.2097558893338,388.6695861816406,86811800
2023-02-01,387.45528923844535,395.54462644508357,384.7206171548962,392.80035400390625,101459200
2023-02-02,396.6824246845757,399.98127069479483,394.78919930515946,398.518310546875,101654500
2023-02-03,393.5556701552829,398.69994345136115,393.0775782754304,394.2823791503906,94736800
2023-02-06,391.8346679352162,393.268944002585,390.2187145648804,391.8728942871094,60295300
2023-02-07,390.9548967397829,398.241013206568,389.7118693730586,396.99798583984375,90990700
2023-02-08,395.02826801613645,396.3669196696717,391.9684677962696,392.65692138671875,76227500
2023-02-09,396.25217230001425,396.40516522520073,388.028984948847,389.2528991699219,78694900
2023-02-10,388.07678232835883,390.54375312300726,387.26404936045475,390.1612854003906,70769700
2023-02-13,390.81149214644563,394.875273798094,390.3525133608386,394.74139404296875,64913500
2023-02-14,393.22104214899304,396.864100329501,390.6106788806823,394.5597229003906,88389300
2023-02-15,392.3701118499811,395.9175463340548,391.52866525765285,395.841064453125,61555700
2023-02-16,390.8784407346895,394.8179138959173,390.25692701019995,390.3907775878906,76431500
2023-02-17,388.26803395095567,389.6545122847336,386.34609496505783,389.41546630859375,89257800
2023-02-21,385.39950609313314,386.4513142893378,381.34529542458307,381.60345458984375,82655900
2023-02-22,382.01461731866567,383.5540887169433,379.62415734279705,381.07757568359375,83742300
2023-02-23,383.965204449082,384.577176151522,378.88787027584414,383.1046447753906,96242400
2023-02-24,378.09430903342667,379.84411300157524,376.3923025955011,379.0122375488281,108194400
2023-02-27,382.3492272761536,383.707021167783,379.3659383654355,380.3030090332031,80444700
2023-02-28,379.82489935060727,381.78506445797404,378.79220451109035,378.89739990234375,96438600
2023-03-01,378.0847173960627,379.30863174384257,376.1436650512144,377.4440612792969,99706800
2023-03-02,375.47425838003477,381.22093252105213,375.13958820432623,380.3794860839844,85127800
2023-03-03,382.1962358283126,386.7285670881584,381.54603781817946,386.4799499511719,90120000
2023-03-06,387.3022850157021,389.59714976739536,386.3078747490803,386.7477111816406,72795900
2023-03-07,386.69989002886615,386.9389359941927,380.2073934400801,380.8193359375,108310600
2023-03-08,380.9341111603913,382.19625170885286,379.212962662717,381.4408874511719,74746600
2023-03-09,382.2249901315046,383.88877016600645,373.4185434936177,374.4034118652344,111945300
2023-03-10,373.8583166785041,375.9332484862883,367.48058669730784,369.00091552734375,189253000
2023-03-13,365.0805347641921,373.28460811867615,363.9713580532645,368.4749755859375,157790000
2023-03-14,373.3898621469937,376.2106166958166,370.09101558517847,374.56597900390625,149752400
2023-03-15,368.98178810972763,372.4240265155613,366.8972852061237,372.2232360839844,172996900
2023-03-16,369.87107021323396,379.0982391870772,369.36429390384325,378.7539978027344,143254200
2023-03-17,377.4256197444262,378.55821591341066,372.94318572096427,374.3253479003906,140553400
2023-03-20,375.1028314855244,378.3374942216171,374.4021719427654,377.92474365234375,93055800
2023-03-21,381.28412015653794,383.36697102971766,379.69079357481445,382.8870544433594,91524200
2023-03-22,382.71422655200143,386.32317875052854,376.3217351915629,376.360107421875,111746600
2023-03-23,379.22048781510506,383.25179889041164,374.6708879123496,377.37762451171875,119351300
2023-03-24,376.1010222149094,379.9403548581303,373.75902695920195,379.8539733886719,107682400
2023-03-27,382.1288028794633,382.8966870426311,379.6716321408978,380.56427001953125,74010400
2023-03-28,379.87320774489075,380.5642888800985,377.8767674052834,379.7100524902344,62871700
2023-03-29,383.8660888939379,385.4690232440617,382.6662973806607,385.22906494140625,77497900
2023-03-30,387.8589998974814,388.10856590647154,385.62260139743574,387.48468017578125,69840000
2023-03-31,388.4060544634671,393.24362134845586,388.30045759381215,392.9460754394531,112062600
2023-04-03,392.42779542260035,394.84656445369103,392.03426030988214,394.4434509277344,67391100
2023-04-04,395.0865256835199,395.3744932102715,390.8824517022873,392.2550354003906,66601500
2023-04-05,391.52554275858984,392.2838191469049,389.577082640603,391.2279968261719,65200200
2023-04-06,390.43131081559227,393.03247968178334,389.3850962213968,392.7541198730469,63743300
2023-04-10,390.27775752337686,393.23406013832266,389.66347951634174,393.1572570800781,63681000
2023-04-11,393.7811965721071,394.66422675434245,392.4950235384784,393.26287841796875,59297900
2023-04-12,395.32645103436823,395.61441853712375,391.0743974655557,391.6598815917969,86420400
2023-04-13,392.7444905245143,397.21731616818573,391.60228682213693,396.8621826171875,85814800
2023-04-14,396.2287697684171,398.4171884519207,393.5892282764297,395.892822265625,78161500
2023-04-17,395.80643975007484,397.3325711300684,394.5778543396015,397.3133850097656,66436400
2023-04-18,398.8874459715307,399.02183667204184,396.1999248791392,397.5724792480469,63560000
2023-04-19,395.6624782963843,398.4075874340768,395.60489064257166,397.50537109375,55227300
2023-04-20,394.6929585087422,397.0829628319808,393.79071305675006,395.3360595703125,75840400
2023-04-21,395.6335807728495,396.10388958631245,393.69472858849934,395.6431884765625,73457400
2023-04-24,395.44166194381876,396.4782981802782,394.1075090570705,396.05596923828125,64332100
2023-04-25,394.088292257947,394.6450119030647,389.7114553215701,389.76904296875,97766700
2023-04-26,390.3833857943013,391.4583943618871,387.56147365849546,388.1181640625,80447000
2023-04-27,390.65211692803183,396.11357024267807,390.40255091976803,395.8448181152344,92968400
2023-04-28,394.9617574024191,399.23302689490464,394.9041697532796,399.2234191894531,89433100
2023-05-01,398.7819109693187,400.8455465437123,398.58993260769745,398.8203125,62122300
2023-05-02,398.1099974743272,398.1580067083917,391.43917444922255,394.3378601074219,103998500
2023-05-03,394.83694265774216,397.2461331896153,391.3911452329056,391.631103515625,91531800
2023-05-04,390.5848655498766,390.9112052798367,387.52299570222164,388.857177734375,94901900
2023-05-05,392.48538864162396,397.1021838881152,392.22624422840113,396.05596923828125,87891800
2023-05-08,396.3823017131118,396.64144612156804,394.76018132750204,396.1615295410156,50046800
2023-05-09,394.61623373049684,395.53766541370464,394.1939047732381,394.42425537109375,49220100
2023-05-10,397.25577792419296,397.88927136463667,392.44700411687967,396.26715087890625,96142900
2023-05-11,395.4033173680311,395.8640185793233,393.5028369960926,395.5760803222656,70157100
2023-05-12,396.8142810526254,397.0254455424627,392.63900049417026,395.0577697753906,70481500
2023-05-15,395.66240845072787,396.8237983199805,393.75234992228525,396.4206848144531,54289400
2023-05-16,395.31692397910456,396.2383850257728,393.7619987390595,393.7716064453125,57705500
2023-05-17,395.78721992832476,399.1562144912637,394.14591338269895,398.5515441894531,87287000
2023-05-18,398.2347147194217,402.81313697822594,398.013971871239,402.39080810546875,97177200
2023-05-19,403.29314851307697,403.8210450825171,400.5864117249465,401.8053894042969,103793300
2023-05-22,401.8245977682805,403.50430592203884,400.58640469895295,401.96856689453125,60745400
2023-05-23,400.32722839371974,401.9013689419868,397.0638012887145,397.45733642578125,86383500
2023-05-24,395.85447559408595,396.2384030684528,393.41649072958387,394.577880859375,89213700
2023-05-25,398.0811934806872,399.4441694496832,395.84479511708275,397.99481201171875,90961600
2023-05-26,398.6475192492727,403.86901432087706,398.5707454798897,403.1491394042969,93830000
2023-05-30,405.0783704702366,405.60626696953454,401.9205113036728,403.30267333984375,72216000
2023-05-31,401.4790359496369,402.3812815149699,399.50178187032054,401.0663146972656,110811800
2023-06-01,401.29664281865877,405.93265339027886,400.04887142591303,404.8768310546875,88865000
2023-06-02,407.44919955900986,411.5188830151562,406.92130300774403,410.7318420410156,91426200
2023-06-05,411.0773899248413,412.3635629860605,409.2441048720611,409.9447937011719,65460200
2023-06-06,409.53201283462573,411.36526832885664,408.87930404707026,410.8373718261719,64022200
2023-06-07,411.2309384070294,412.3635345526036,408.9945106484148,409.4168395996094,85373300
2023-06-08,409.4840283285931,412.344341762355,408.71617349799953,411.8932189941406,61952800
2023-06-09,412.689850828952,414.63831094166113,411.6436362158996,412.63226318359375,85742800
2023-06-12,413.61131547404943,416.45241340725585,412.8914406087862,416.3756103515625,76104300
2023-06-13,417.8346155400201,419.76386044542505,417.1723282571571,419.12078857421875,95899700
2023-06-14,419.45674831132544,421.42439480568777,416.1741056268984,419.6199035644531,100612100
2023-06-15,418.8040012480244,426.0699454976172,418.7080413628314,424.8221740722656,110303100
2023-06-16,426.80488011436864,427.3732818174655,422.90312715218045,423.37518310546875,114165800
2023-06-20,421.4387558395076,422.32506614292663,419.1073181445954,421.1786193847656,76160400
2023-06-21,420.1959468611093,420.99555478179644,418.4329109170005,419.0205993652344,76982300
2023-06-22,418.06681362984074,420.6390713007603,417.72961825633774,420.5331115722656,70637200
2023-06-23,417.08410091737835,419.1361444036858,416.6409458444642,417.3538513183594,92074500
2023-06-26,416.7854848977608,418.70263864501453,415.4078319979814,415.648681640625,72823600
2023-06-27,416.5253768197751,420.82212620155866,416.0725783167209,420.20556640625,72813700
2023-06-28,419.126500621765,421.4290371213432,418.5099408774898,420.41748046875,75636000
2023-06-29,420.0033140302923,422.23840620353093,419.59870301653166,422.0746154785156,67882300
2023-06-30,425.2827088718478,428.0380149404403,424.9647708481831,427.05535888671875,104964000
2023-07-03,426.70850932168867,427.82602579498047,426.4291155030701,427.5466613769531,32793400
2023-07-05,425.7354497315169,427.6429894132442,425.7258063379871,426.9107971191406,58418400
2023-07-06,423.3366648166022,423.9917688689175,421.063028622468,423.56787109375,80658300
2023-07-07,422.5755319557256,426.438769743823,422.2575939538954,422.4984436035156,86134200
2023-07-10,422.14203044995077,423.74127580161087,421.5736287515659,423.56787109375,62443500
2023-07-11,424.32890870557475,426.7566624993896,423.3558667490492,426.26531982421875,64463800
2023-07-12,430.0515200243212,431.1016209821125,428.62567949600117,429.6950378417969,91924500
2023-07-13,431.50613234422906,433.89537093200397,431.07262070974014,433.1053771972656,72425200
2023-07-14,433.991813962652,434.83958003816,432.07463074719146,432.8357238769531,69815800
2023-07-17,432.6911892645716,435.3886934056767,432.6430016974079,434.3385925292969,52680200
2023-07-18,434.0110663595222,438.2114701147798,433.5775252322227,437.5660095214844,80668200
2023-07-19,438.3559839057652,439.7239933832524,437.48890168977437,438.5390319824219,65891700
2023-07-20,437.54669956463533,438.4426530927784,434.9166111362342,435.6295166015625,70591600
2023-07-21,437.3443647158895,437.54669956463533,435.6199026091853,435.6295166015625,71275600
2023-07-24,436.77598531715506,438.38487379289774,435.7451418375123,437.57562255859375,54023400
2023-07-25,437.3059083742901,440.02267010001805,437.2577208036124,438.770263671875,55191200
2023-07-26,437.83576473919794,440.263518637083,436.7856637889011,438.83770751953125,71052900
2023-07-27,442.2192452897237,442.62388566589414,435.0226560753175,435.9282531738281,92194400
2023-07-28,439.1941936182639,441.024645224626,435.9282579906258,440.1961364746094,80011800
2023-07-31,440.6681140687776,441.39066294813205,439.3578768125751,441.0342102050781,62040400
2023-08-01,439.5698819163366,440.51402315707037,438.81843216166044,439.772216796875,55291500
2023-08-02,436.6604008783812,436.9205079074881,432.90315234388123,433.65460205078125,93933400
2023-08-03,431.6410971149184,434.29044314301314,430.995607146359,432.41180419921875,64276100
2023-08-04,434.2230076857938,436.32320952695244,429.9358722590493,430.45611572265625,100128900
2023-08-07,432.28655130575453,434.3674956833761,431.5929031798807,434.2133483886719,58357500
2023-08-08,431.67964426037906,434.2037733620173,428.9724964679823,432.32513427734375,71361300
2023-08-09,432.59488283321724,432.7586735355105,428.6738433785323,429.4349365234375,78789600
2023-08-10,431.7856284811605,435.16716703483127,428.42337671620794,429.5890808105469,93005500
2023-08-11,427.72008989099777,430.3501787286785,427.1227874459535,429.3385925292969,68690900
2023-08-14,428.4233330175674,431.70849609375,428.11503843544807,431.70849609375,47867400
2023-08-15,429.9358583347008,430.29234049304716,426.1111649328765,426.6795959472656,75707500
2023-08-16,426.26534575201464,427.9223925566891,423.44259484772283,423.548583984375,80107200
2023-08-17,425.01294414487614,425.27305119137833,419.8009540161682,420.3211975097656,95711300
2023-08-18,417.5080258452247,421.5543115245304,417.1612164787308,420.5234680175781,98852000
2023-08-21,421.5350602162778,424.00135836533855,419.3867000805202,423.2595520019531,68719000
2023-08-22,425.0321333206804,425.0321333206804,421.5542789285874,422.113037109375,64994200
2023-08-23,423.17286834168584,427.4311034249485,423.0283644204359,426.81451416015625,68441000
2023-08-24,428.4137904461063,428.924390605147,420.87036180525274,420.8992919921875,88517300
2023-08-25,422.62369316256587,425.1477928046301,419.0783933508206,423.8664855957031,102325100
2023-08-28,426.0534267072631,427.17097271429145,423.8665222680011,426.5544128417969,61595400
2023-08-29,426.44835885508,432.9994865828607,426.26531078000176,432.7200927734375,83081900
2023-08-30,433.05734340842935,435.1382880533624,432.3540517986095,434.50244140625,69053900
2023-08-31,435.1189529964718,436.2557562391773,433.6834985527266,433.8665466308594,66084600
2023-09-01,436.5833515582069,437.06505085275637,433.2210704898494,434.6758117675781,58944100
2023-09-05,434.23266409054196,434.55057269413254,432.72976461783867,432.79718017578125,55166200
2023-09-06,431.98789706191957,432.09388618903915,427.5659013158959,429.8876953125,70758500
2023-09-07,426.89156794336543,429.24226303585164,426.5447585365695,428.5679016113281,70355400
2023-09-08,428.6159849900901,430.74508743408427,428.2595322506645,429.2132873535156,61659700
2023-09-11,431.8337979292306,432.3443980335229,430.1285929169173,432.0361328125,60180100
2023-09-12,430.59102153155527,432.11317840274216,429.0881220484013,429.6661376953125,67565400
2023-09-13,429.88768993651144,431.32314432701645,428.78940150844926,430.1670837402344,60199300
2023-09-14,432.63339669886733,434.56980780447236,431.33280276784916,433.87615966796875,83430800
2023-09-15,432.2935551441486,432.6222625307114,428.2136712808251,428.6487121582031,111848900
2023-09-18,428.3393572391215,430.1956202798295,427.8656361967372,428.9001159667969,55752200
2023-09-19,427.9816479077142,428.57140936349316,425.33263382268484,428.0106506347656,66514600
2023-09-20,429.26740761407626,429.6831231095965,423.8726655634097,424.0757141113281,82562600
2023-09-21,421.233389771168,421.49441429318694,416.91180676973505,417.0664978027344,104095800
2023-09-22,418.0912582939372,419.6864669998817,415.7129170916107,416.128662109375,100829700
2023-09-25,414.92017485715184,417.9172211836111,414.485104517223,417.8785705566406,70874500
2023-09-26,414.84288124552415,415.54865360911657,410.90801075336816,411.7394714355469,96168400
2023-09-27,412.9092856337623,413.4700443597365,408.26867230252077,411.90380859375,104705800
2023-09-28,411.3527676631777,415.96437838949197,410.7630061946947,414.29180908203125,92258300
2023-09-29,417.3371969608053,417.5112133076614,411.7684378270295,413.28631591796875,115111300
2023-10-02,412.454856073705,414.3691244055631,410.36657139466814,413.1219482421875,83798600
2023-10-03,410.94664397430034,413.1799422139496,406.22867088652805,407.59185791015625,103760600
2023-10-04,408.0559363281981,411.30435944495287,406.59606370497346,410.5599365234375,87453000
2023-10-05,410.26981619039924,411.2462902576942,407.1857619910919,410.4051818847656,70142700
2023-10-06,407.9592644123595,416.81512702154566,406.6347574601129,415.2779235839844,113273300
2023-10-09,413.3829806224,418.5070215863633,412.8319288458573,417.9366149902344,80374400
2023-10-10,418.56502711101643,422.70291641435927,418.16863686530417,420.1119079589844,78607300
2023-10-11,421.1754403750916,422.084202370424,418.79709861853365,421.8328552246094,62451700
2023-10-12,422.4418474172078,422.81888280363904,416.91176888328704,419.2610778808594,81154200
2023-10-13,420.75965970754623,421.95850789546967,415.60664534568787,417.1728515625,95143100
2023-10-16,419.4157523775379,422.62552450947527,419.17405320201783,421.5620422363281,75433200
2023-10-17,418.4392848901998,423.5923279162561,418.0912522340032,421.5426940917969,75324700
2023-10-18,419.77352121429993,420.73064064200355,414.8428514424272,415.9256591796875,93559800
2023-10-19,416.64108906158174,418.44899434083845,411.5944086302288,412.2711486816406,121323000
2023-10-20,411.83610400929126,412.37750784711915,407.0987761718527,407.20513916015625,123919900
2023-10-23,405.67760643648245,410.35692908932583,403.92770652261123,406.4993896484375,92035100
2023-10-24,408.61670687631084,410.71466914656554,406.7701212432729,409.5641784667969,78564200
2023-10-25,407.88192884542195,407.91093157015536,403.17360349885,403.6860046386719,94223200
2023-10-26,402.6225515026816,403.47330792914914,397.9335809780985,398.8520202636719,115156800
2023-10-27,400.43756406837696,400.83395429205797,395.6229054415524,397.0440979003906,107367700
2023-10-30,399.8284803456642,402.8448816266276,398.5329761803426,401.79107666015625,86562700
2023-10-31,402.361504611754,404.63348310254605,400.45691364342605,404.314453125,79665200
2023-11-01,405.28129461149234,409.4385097088223,404.74953858461424,408.62640380859375,98068100
2023-11-02,412.416134207257,416.61205795996426,412.3968088942919,416.4573669433594,94938900
2023-11-03,418.75840416588386,421.80380835994043,418.63271585397734,420.2569274902344,100167800
2023-11-06,421.01096687249964,421.6683815579989,419.2803924905788,421.2236633300781,67831700
2023-11-07,421.22369728667144,423.0606052933152,420.0828841514639,422.4225158691406,64256100
2023-11-08,423.02196085453033,423.5440394282341,420.43095231056213,422.73193359375,61746000
2023-11-09,423.8727133946502,423.9113935278032,419.0097266771128,419.43511962890625,83174400
2023-11-10,421.50413223667414,426.28975929301595,419.4254952530958,425.9803771972656,89462200
2023-11-13,424.64616313137293,426.6764127794683,423.86306009469695,425.57427978515625,52236100
2023-11-14,431.50076562505876,435.1165763059157,431.2783917339626,433.83074951171875,97176900
2023-11-15,435.16492211328534,436.3927730128096,433.8984205823122,434.74920654296875,77327600
2023-11-16,434.3045010394223,435.60000533429076,433.2410185572766,435.2809753417969,66665800
2023-11-17,435.2906012114316,436.43144390959674,434.37216191303287,435.8223571777344,83133200
2023-11-20,435.57099160312566,440.0182630951851,435.5613141930735,439.1771545410156,69936200
2023-11-21,438.13299304399567,439.0514618608499,436.9534996970191,438.2200012207031,49244600
2023-11-22,439.8732451207241,441.22675482120695,438.8194400859089,439.9118957519531,59394900
2023-11-24,439.96027278304024,440.3759883694041,439.63156537724313,440.1826171875,29737400
2023-11-27,439.55417048077294,440.36627627306393,439.00308920962266,439.38983154296875,50506000
2023-11-28,439.00310690168646,441.1203943936042,438.4423777026132,439.82489013671875,62115000
2023-11-29,441.97117519611106,443.10234049536746,439.1191421839662,439.5155029296875,63146000
2023-11-30,440.3565962233876,441.5940948885885,438.2876370073433,441.24603271484375,79752700
2023-12-01,440.6369649429203,444.38814123082403,440.0472330596215,443.8564147949219,89183400
2023-12-04,440.4726232624604,443.8757373404589,439.2544498661346,441.52642822265625,72430900
2023-12-05,440.14391844231596,442.3965419933345,439.7668535301099,441.4394226074219,69793500
2023-12-06,443.57606849081975,443.60507121667763,439.225482586349,439.6605529785156,69124700
2023-12-07,441.7391409339485,443.66305717468333,441.13973162302386,443.01531982421875,66995400
2023-12-08,442.27087844484373,445.451648340426,442.02917923250493,444.919921875,83194400
2023-12-11,444.4268307846884,446.8244975103325,444.2141343049595,446.65045166015625,65002200
2023-12-12,446.3024402574832,448.7871152745883,445.30664066950123,448.6904296875,68327600
2023-12-13,449.06747102737427,455.12930631637573,448.70976090431213,454.8779296875,93278000
2023-12-14,456.8115200961749,458.00069086527446,453.66943027540754,456.3377990722656,119026000
2023-12-15,455.7417439978948,456.91633245678577,453.74207009746453,455.58642578125,141553700
2023-12-18,457.18810894495897,459.12954211953263,456.13003141968665,458.14910888671875,70375300
2023-12-19,458.6927967648818,461.01282407792627,458.61515245736496,460.9351501464844,55761800
2023-12-20,460.0808576886502,461.96405036999886,454.1206728290634,454.54779052734375,102921000
2023-12-21,457.52788134560456,459.1295875723286,455.1108062836296,458.8577880859375,86667500
2023-12-22,459.98377994700513,461.4592882220052,457.8870580411275,459.7799377441406,67160400
2023-12-26,460.1876248035588,462.62410332069675,460.1099508863103,461.7213439941406,55387000
2023-12-27,461.5175089754055,462.7017844285322,460.98362668768385,462.5561828613281,68000300
2023-12-28,462.9153345190397,463.5656980482324,462.31349497002446,462.73089599609375,77158100
2023-12-29,462.5367654374911,463.06096072132885,459.4401769650659,461.3913269042969,122283100
2024-01-02,458.333531951908,459.7993234289346,456.71242227128295,458.8091735839844,123623700
2024-01-03,456.6542157231931,457.3919698393569,454.4604162904711,455.062255859375,103585900
2024-01-04,454.5865863632777,457.16869615612853,453.37319057475315,453.5964660644531,84232200
2024-01-05,453.8003122508208,456.66393818647634,452.7713549830218,454.2177429199219,86118900
2024-01-08,454.71278328613425,460.84771948944723,454.5865853845721,460.7021179199219,74879100
2024-01-09,458.05208481523704,461.02247554943773,457.54732279548995,460.00323486328125,65931400
2024-01-10,460.275022232607,463.4686883884697,459.99350610212235,462.604736328125,67310600
2024-01-11,463.6045886611641,464.11906733105025,458.43068164604205,462.4009094238281,77940700
2024-01-12,463.847256832393,464.5850109920546,461.31370050606375,462.7212219238281,58026400
2024-01-16,461.34278348918724,462.6532272077025,459.2071951071508,461.0224304199219,85014900
2024-01-17,458.00353981867966,458.94513616011074,456.110630489601,458.45977783203125,68843900
2024-01-18,460.12935459709723,463.09002818161,458.58591886010277,462.5367126464844,91856200
2024-01-19,463.66277131466796,468.5843115147551,462.5852901238366,468.30279541015625,110834500
2024-01-22,469.83656769535,471.0111265282756,468.6425755704272,469.29296875,75844900
2024-01-23,469.83653570981716,470.90430023582877,468.7493378931313,470.66162109375,49945300
2024-01-24,473.52526505734005,474.45714470411593,470.6810725123754,471.1761474609375,81765000
2024-01-25,473.30196574868353,474.0105994997861,471.1761237432126,473.7388000488281,72525000
2024-01-26,473.3117458196852,474.7969411657135,472.2925051479898,473.13702392578125,76641600
2024-01-29,473.4476564539632,477.0296033689382,472.90405748370506,476.88397216796875,61322800
2024-01-30,476.1947226231299,477.2236798269538,475.7578883130134,476.51507568359375,58618400
2024-01-31,474.31155855924624,474.75807991768903,468.7202212489611,468.7396545410156,126011100
2024-02-01,470.4384512454217,474.9037541058598,469.63273977415656,474.8746337890625,91891600
2024-02-02,475.31139921660196,481.5239798187347,474.971642466127,479.873779296875,99228200
2024-02-05,479.24278207992484,479.9028622372628,475.8743943997294,478.1264343261719,75757100
2024-02-06,479.06809742412736,479.8446885622171,477.64114268330553,479.5146484375,55918600
2024-02-07,481.756982255993,483.93137810723994,480.854193242822,483.51397705078125,70556500
2024-02-08,483.51398020972,484.10610316011065,482.69858176017516,483.7275390625,52343600
2024-02-09,484.2322866772762,486.9599980744067,483.8925299274153,486.523193359375,63979400
2024-02-12,486.4940393494017,488.7557959365899,485.59125041968997,486.3096008300781,56502300
2024-02-13,480.04846760997253,482.5334996770295,476.35003982173856,479.61163330078125,113099200
2024-02-14,482.2423099561509,484.4555426281319,479.9222830533005,483.9701843261719,68387800
2024-02-15,484.66912826614583,487.49391729462275,484.1934569596569,487.3094787597656,61683000
2024-02-16,487.0085316428908,488.14425347916483,484.1449058140717,484.8826599121094,75532900
2024-02-20,483.14507545774694,483.8148722929186,479.970842787005,482.21319580078125,71736700
2024-02-21,480.9124325062878,482.80531210783914,479.10688422021883,482.6499938964844,59293400
2024-02-22,489.25088043870596,493.5996718242251,488.2898508655614,492.638671875,76402500
2024-02-23,494.3568250348437,495.1916567031526,492.25038663284334,492.9784240722656,61321800
2024-02-26,493.41526570907337,493.8521000550051,491.0467146922128,491.17291259765625,50386700
2024-02-27,491.86211180789684,492.30863314805396,489.9692025931845,492.0853576660156,48854500
2024-02-28,490.5322390639573,492.01743437576624,490.17307863790023,491.4350280761719,56506600
2024-02-29,493.19203416880555,494.8131144463538,490.5516835957709,493.20172119140625,83924800
2024-03-01,494.075392019808,498.2591489639279,493.6676779750869,497.83203125,76844800
2024-03-04,497.03604251314806,499.1424809176813,497.00689257657365,497.298095703125,49799300
2024-03-05,495.29842384541166,495.7449748064334,490.1245174506037,492.3280334472656,72855600
2024-03-06,495.5993458504527,497.0748540345267,493.53174438668293,494.8227844238281,68382400
2024-03-07,498.1135085613306,500.78297909459656,494.88100583529064,499.7345886230469,58652100
2024-03-08,500.3656691875528,503.0447976060077,496.1624491386697,496.73516845703125,86532500
2024-03-11,495.5314219659159,496.89041928478855,493.6093924281333,496.3079833984375,62557200
2024-03-12,498.4145303039695,502.22944004596746,495.9003478364412,501.64703369140625,73114400
2024-03-13,501.9672268025058,502.1419486738022,499.4239541516855,500.860595703125,55104100
2024-03-14,501.8313823905043,501.98673024081194,496.832226949847,499.8705749511719,110171800
2024-03-15,496.80813351794416,498.2590153922283,494.7730358188075,496.4381103515625,107646300
2024-03-18,500.498619372016,501.93972478311895,498.9795987021718,499.3885498046875,88893300
2024-03-19,498.6972103635703,502.44605736767124,497.6942371868493,502.1636962890625,60755300
2024-03-20,502.2221673565908,506.9447474953313,501.55028937128384,506.80841064453125,69594600
2024-03-21,509.6418984195912,510.342957334889,508.200733818281,508.483154296875,60256100
2024-03-22,508.39551924735605,508.8823855528386,507.2854498071945,507.5191955566406,79070800
2024-03-25,506.14624650613894,507.2660628859731,505.961234915521,506.1170654296875,48512100
2024-03-26,507.5386980888141,507.87954020766836,504.7830772199743,505.1822814941406,65463700
2024-03-27,508.00612262936903,509.46672172053235,505.8444050698442,509.427734375,82999800
2024-03-28,509.4666590943707,510.8298490860622,509.0479612048705,509.330322265625,96294900
2024-04-01,510.07035956686866,510.605900605306,507.2854391895369,508.4441833496094,62477500
2024-04-02,504.6271505881794,505.3477031709063,502.91337177957564,505.21142578125,74230300
2024-04-03,504.1208688391064,507.266065898289,504.0721940901131,505.7664794921875,59155800
2024-04-04,509.76853565111946,510.1093183056524,499.2911628340767,499.593017578125,96858100
2024-04-05,500.94656541967566,506.7694681704287,500.50837380151097,504.812255859375,74546500
2024-04-08,505.51336185898396,506.5162756490336,504.2864491311744,505.0946044921875,48401800
2024-04-09,506.8278303713481,507.0712635271461,500.8393509659492,505.6788330078125,68049200
2024-04-10,499.9922448100833,502.6018412987628,498.6388015333815,500.6154479980469,82652800
2024-04-11,502.1344572387197,505.8346295064768,498.6290433917763,504.3935241699219,70099000
2024-04-12,500.8588329878134,502.270757144988,495.70777921046096,497.4313049316406,92561100
2024-04-15,501.5989207934361,501.7644387082916,490.3522904966187,491.199462890625,92101400
2024-04-16,491.67664724734783,493.1956680530175,489.01834597944224,490.3036804199219,73484000
2024-04-17,492.7574157801548,492.9229634124424,486.00945537176443,487.4018859863281,75910300
2024-04-18,488.794360179131,490.8878795783521,485.46418121059236,486.3989562988281,74548100
2024-04-19,486.3210167619427,487.31421332567436,480.8875721611567,482.1534423828125,102212600
2024-04-22,484.7533503648902,489.18385210193054,482.41639776348796,486.5937194824219,67961000
2024-04-23,488.59963980175917,492.79642576333276,486.40874101697625,492.36798095703125,64633600
2024-04-24,493.25400289949073,494.04272395926796,489.91410708182036,492.13421630859375,55928100
2024-04-25,486.0678327855915,491.02412816029823,484.42222231211605,490.2646179199219,69122400
2024-04-26,493.04956028124485,496.48683553540934,492.41663996726425,494.9093933105469,64306100
2024-04-29,496.6913201679961,497.33398732987405,493.9259228058318,496.662109375,46415400
2024-04-30,495.20145909113546,496.1751917116098,488.7943115234375,488.7943115234375,77483600
2024-05-01,488.2101273744075,494.84124497607075,486.7397814235659,487.2071838378906,80242800
2024-05-02,490.9073316662554,492.6016467604268,486.4281553313073,491.76422119140625,62550200
2024-05-03,497.7332427499149,499.0867158383158,495.201531622673,497.8598327636719,72756700
2024-05-06,500.2552260399176,503.0400875844757,499.81703439349593,503.00115966796875,47264700
2024-05-07,503.9651034446084,504.9485829994704,502.8842743906612,503.55615234375,52561300
2024-05-08,501.72550045922026,504.14033844049237,501.6086572944442,503.60479736328125,42047200
2024-05-09,503.7898378767789,506.5455181068331,503.1374535973279,506.50653076171875,43643700
2024-05-10,508.1034888313709,508.91170366265516,505.9418306327187,507.15899658203125,52233200
2024-05-13,508.8336415908161,508.94073789979245,506.0877088695995,507.2269592285156,36716400
2024-05-14,507.42181386177714,510.0703976103099,506.88627278339663,509.5542907714844,57535900
2024-05-15,512.01781913004,516.1561825946173,511.3848691803367,515.8640747070312,59504900
2024-05-16,515.9614786446474,517.558414507879,514.6566506998298,514.802734375,50244800
2024-05-17,514.9195214966393,515.6108930215729,513.4686694664939,515.542724609375,59187600
2024-05-20,515.6595382886503,517.5972564963745,515.2700215074756,516.1366577148438,37764200
2024-05-21,515.3772058901883,517.5583573493641,515.1727006539206,517.4025268554688,33437000
2024-05-22,516.7112486575287,517.4220544657823,513.741316563043,515.9127807617188,48390000
2024-05-23,518.9605990872589,519.0676954201629,510.93699174891134,512.1444702148438,57211200
2024-05-24,513.9847589456947,516.3412347653415,513.0402667962413,515.5330200195312,41291100
2024-05-28,516.3412489766735,516.5749353115505,513.2642204156563,515.893310546875,36269600
2024-05-29,511.871810616093,513.4589997088932,511.56995584928654,512.28076171875,45190300
2024-05-30,510.74218656340605,511.404317527227,507.63597753153255,508.88232421875,46377600
2024-05-31,509.8367164200918,513.6439850215788,504.7440541264526,513.5173950195312,90785800
2024-06-03,515.1240197883811,515.4063808363203,508.8726139393969,513.93603515625,46835700
2024-06-04,512.631323194632,515.2506664560023,511.17072418863216,514.5106201171875,34632700
2024-06-05,516.8281493311971,520.6451650598835,514.84169649016,520.6256713867188,47610400
2024-06-06,520.9275073614583,521.3559521321091,518.6879340097541,520.6159057617188,30808500
2024-06-07,519.6421901069427,522.7873872843439,518.55161418802,519.9830322265625,43224500
2024-06-10,519.1747616812378,521.9109480214009,518.5807990347079,521.589599609375,35686100
2024-06-11,520.0414093421914,522.9041857425336,518.0744503489441,522.8457641601562,36383400
2024-06-12,527.4029415427591,529.8275268910288,526.1078601787983,527.1400146484375,63251300
2024-06-13,528.8829186945259,529.0581834417079,525.4164327979901,528.2012939453125,44760900
2024-06-14,526.6725890295746,528.551886156822,525.6696157422205,528.522705078125,40089900
2024-06-17,527.8410283318889,534.1216160104203,527.3833430672393,532.7291259765625,55839500
2024-06-18,532.7876213507444,534.2092926573293,532.3689233717765,534.0827026367188,41376400
2024-06-20,535.0077463215187,535.6698774866474,530.8596351285086,532.6318359375,70328200
2024-06-21,531.8102827682807,533.0313753907063,530.4621917432297,531.917724609375,64338600
2024-06-24,531.7417933525489,534.3011982327657,530.0713174980777,530.1885375976562,45528700
2024-06-25,531.4097461795637,532.5917853363576,529.8956032092343,532.2303466796875,37936200
2024-06-26,531.1166742934914,533.6076912884868,530.4719636310322,532.8945922851562,38550600
2024-06-27,532.7577451835803,534.3110010096894,532.0153114364416,533.734619140625,35041500
2024-06-28,534.5064116818106,537.5543137581463,530.3938098387125,531.6343994140625,76144500
2024-07-01,533.0117876323043,533.2560061424955,529.9737236752046,532.728515625,40297800
2024-07-02,531.1264605772033,536.3136596679688,531.0776287968915,536.3136596679688,40434800
2024-07-03,536.000949362856,539.068347757372,535.9618958708759,538.7069091796875,32789900
2024-07-05,539.0097918869257,542.2139076372644,538.3747999305978,541.8134155273438,41488400
2024-07-08,542.5949943367658,543.3862600338458,541.3739016175886,542.438720703125,36110500
2024-07-09,543.396013525926,544.2947210316149,542.6731362089374,542.9661865234375,27289700
2024-07-10,544.1872136667199,548.6808102777995,543.894163387503,548.3389282226562,38701200
2024-07-11,548.4561564855596,549.3255886798729,542.9759074999535,543.61083984375,53054200
2024-07-12,544.7343252522627,550.6346235261244,544.2654447499774,547.0397338867188,53084400
2024-07-15,549.0325654558818,551.7775792240066,546.6880438244344,548.5441284179688,40584300
2024-07-16,549.8530882979716,552.090108393895,549.1008762046278,551.7970581054688,36475300
2024-07-17,545.8772131422685,547.5476892504238,543.7378565645935,544.0602416992188,57119000
2024-07-18,545.593898977862,546.580551242634,537.7007404833427,539.879150390625,56270400
2024-07-19,539.6447995873152,541.2664440605769,535.2390876445896,536.2941284179688,65509100
2024-07-22,540.2113152231016,542.4288382548532,538.2771238069361,541.8231811523438,43346700
2024-07-23,541.7157629327536,543.8648979607326,540.4849516029554,540.973388671875,34439600
2024-07-24,536.1670544374522,536.4698829953903,527.7952370228695,528.7135009765625,74515300
2024-07-25,528.8307523766035,534.7994982405838,525.0209792890996,525.958740234375,61158300
2024-07-26,529.7392217162956,534.5356464631268,528.9674531548811,531.8492431640625,53763800
2024-07-29,533.3927359573876,534.3988851266782,530.169004207153,532.161865234375,39515800
2024-07-30,533.6273139750385,534.6823548134623,526.0663171509535,529.4658203125,46853600
2024-07-31,536.2843860163032,540.6998765356994,534.9167978932154,538.0720825195312,65663400
2024-08-01,539.7913062018092,542.0381046138815,526.9551667505608,530.452392578125,76428700
2024-08-02,523.3603002519518,524.5716145988897,516.3756265717791,520.5762329101562,82789100
2024-08-05,499.80791295578933,511.47179289103417,498.46957030548145,505.4151611328125,146267400
2024-08-06,507.2124748611044,517.4989864003181,505.8937188490462,510.07476806640625,84826300
2024-08-07,516.2486605015515,519.2965627450678,506.0696484137689,506.66552734375,70698300
2024-08-08,511.7941139882875,519.0034500456989,509.77203694963987,518.3782958984375,63276600
2024-08-09,517.5576710131196,522.1489912653111,516.3365783728381,520.6641235351562,45619600
2024-08-12,521.8559471668351,523.3407552909962,518.6713279832952,520.9376831054688,42542100
2024-08-13,524.1222955084382,529.7393216479126,523.878076980635,529.5048217773438,52333100
2024-08-14,530.2960824274743,532.3573320967027,527.6292352085552,531.17529296875,42446900
2024-08-15,536.7922766972661,540.5629961238054,536.1866195717042,540.2797241210938,60846800
2024-08-16,538.667786928332,542.1845687274085,538.51151333941,541.490966796875,44430700
2024-08-19,541.901367537868,546.6685180664062,541.0514918139045,546.6685180664062,39121800
2024-08-20,546.2192073450451,547.8701270511177,544.4412892289927,545.7796020507812,33732300
2024-08-21,546.8247712917706,549.1106230342316,541.9012882335657,547.6550903320312,41514600
2024-08-22,549.5502804647684,550.1559376249218,542.1455582382872,543.3568725585938,56121500
2024-08-23,546.5903394303513,550.0680084955276,544.4020915801096,549.1301879882812,50639400
2024-08-26,550.1559102385648,550.8690092024209,546.1214157161334,547.8211669921875,35788600
2024-08-27,546.5512279111676,549.0618012606642,545.4083020191189,548.5733642578125,32693900
2024-08-28,548.2315309438809,548.661357929549,542.204174863817,545.3887939453125,41066000
2024-08-29,547.3522554939839,550.6443160255352,544.294635177053,545.4375610351562,38715200
2024-08-30,547.8016709409602,551.1523417216108,544.2556134288437,550.6443481445312,62700100
2024-09-03,547.5086116923438,547.8407751289367,536.8021094517958,539.3126831054688,60600100
2024-09-04,537.4760237850145,541.6081812415587,536.7531466494503,538.2086791992188,47224900
2024-09-05,538.1501466111926,540.9928237930679,534.4477558926965,536.8997192382812,44264300
2024-09-06,537.2221175565589,538.8437022454943,526.9649400293706,527.8636474609375,68493800
2024-09-09,532.0544335310877,535.043665505135,530.1299607989381,533.773681640625,40445800
2024-09-10,535.678706144088,536.450474898389,530.8138918516801,536.0987548828125,36394600
2024-09-11,536.0107592184578,542.5167136236998,527.4728902611638,541.5984497070312,75248600
2024-09-12,542.1748597619055,546.4633510224045,539.9573366553728,546.1605224609375,51819600
2024-09-13,546.7662020730168,550.0094311099382,546.5122052774053,549.0130004882812,39310500
2024-09-16,548.7491943236346,550.0875069413107,546.9517795427174,549.8237915039062,36656100
2024-09-17,552.031423916307,553.477237850398,547.8210997398118,550.0484008789062,49321000
2024-09-18,550.702966140304,555.5385046014119,547.8602888957543,548.4171142578125,59044900
2024-09-19,557.8049085738365,559.6316584337985,554.9426745171918,557.7755737304688,75315500
2024-09-20,556.4096197933483,557.8500005367814,553.7933228326182,556.8113403320312,77503100
2024-09-23,557.8794446150124,558.8495067502496,556.6643550711399,558.2027587890625,44116900
2024-09-24,558.9964868304339,559.8587776289324,556.1744550910837,559.7999877929688,46805700
2024-09-25,559.6431398003925,560.3780425284191,557.4579883539482,558.5652465820312,38428600
2024-09-26,562.817932214862,563.1413061737785,558.4281322177342,560.77978515625,48336000
2024-09-27,561.8479471107624,562.6611965458859,558.9377006949258,559.966552734375,42100900
2024-09-30,558.937595094156,562.8179029799776,556.6447321030395,562.2103881835938,63557400
2024-10-01,561.857759819067,562.5044480240527,554.6066943100618,557.1739501953125,72668800
2024-10-02,556.2821816369686,558.4280999557304,553.8912957466886,557.4089965820312,38097800
2024-10-03,555.9392527365582,558.3301388916863,554.106899883147,556.3900146484375,40846500
2024-10-04,560.828843806913,561.8185225581165,556.6643942780399,561.4461669921875,42939100
2024-10-07,559.7999074826037,560.446655391967,555.2239297880301,556.370361328125,49964700
2024-10-08,558.9376197622599,562.230029540932,558.0655806170524,561.6322631835938,37398700
2024-10-09,561.6225357741174,566.0809942856702,561.0248291372598,565.5224609375,37912200
2024-10-10,564.1799758679994,565.9535388259317,562.9257131010544,564.53271484375,44138100
2024-10-11,564.4542980317323,568.6481717987969,564.3171018304082,567.9132690429688,42268000
2024-10-14,569.5202272995722,573.4887501402064,569.0401003876937,572.557861328125,36217200
2024-10-15,572.8223653188406,573.1261226985413,566.894102569196,568.1091918945312,54203600
2024-10-16,568.1093193754714,571.097912292803,567.3058184280349,570.5785522460938,30725400
2024-10-17,574.1158386665669,574.3216329805343,570.4413246734956,570.6275024414062,34393700
2024-10-18,572.3129579783322,573.6063941876963,570.852960533333,572.822509765625,37416800
2024-10-21,572.0972566282711,573.0771269383695,568.9126781204517,571.8817138671875,36439000
2024-10-22,569.3536172092114,572.7341816541917,568.6971208640092,571.5779418945312,34183800
2024-10-23,569.5594196255329,570.0003732214365,562.8570804647936,566.355224609375,49314600
2024-10-24,568.3052337104026,568.3836400907534,564.9639018539431,567.5801391601562,34979900
2024-10-25,569.8044663478088,572.6950960929863,566.4435179318251,567.3841552734375,47268200
2024-10-28,570.8528344834444,570.9802224021391,568.834304134212,569.1380615234375,30174700
2024-10-29,568.1778099310847,571.1762108700161,566.7864107519835,570.0592041015625,42899700
2024-10-30,569.588797638648,571.5779630983764,567.6290569957021,568.3345947265625,41435800
2024-10-31,563.9742291931302,564.0428273008541,556.9975564307639,557.1935424804688,60182500
2024-11-01,559.8195584319851,563.9643910438907,559.1336371976272,559.545166015625,45667500
2024-11-04,559.6822611574623,560.9756970155746,556.4585096866238,558.33984375,38217000
2024-11-05,559.251198693126,565.1304208425688,559.0356559214524,565.0912475585938,39478300
2024-11-06,577.3397109306703,580.014738259286,573.6064067155438,579.1426391601562,68182000
2024-11-07,581.1416251858423,584.6397701216673,581.063218798349,583.6206665039062,47233200
2024-11-08,584.1692026206582,587.5693833270485,584.1692026206582,586.1485595703125,46444900
2024-11-11,587.7360663213191,588.0888053142032,584.9826328704219,586.7072143554688,37586800
2024-11-12,586.6287817012992,587.2264882691159,582.4055428293386,584.8846435546875,43006100
2024-11-13,585.3451927424278,587.1677373847895,582.9837313260188,585.1688232421875,47388600
2024-11-14,585.2961219646461,585.7762488320935,580.7201445096133,581.406005859375,38904100
2024-11-15,577.8491633593196,578.3195418358689,572.1071369723535,573.9591064453125,75988800
2024-11-18,574.4195885423085,577.6237838402152,573.5573576252949,576.310791015625,37001700
2024-11-19,572.9400384688264,579.142574989824,572.2737337790142,578.41748046875,49412000
2024-11-20,578.495884693383,578.8976052377521,572.8616299600318,578.6134643554688,50032600
2024-11-21,581.4550801704302,583.1404284379229,575.6248397212988,581.7196044921875,46750300
2024-11-22,581.7098478799927,584.1497754660484,581.2101642027249,583.5226440429688,38226400
2024-11-25,587.451946771504,588.7649396726674,583.2188992835091,585.5020141601562,42441400
2024-11-26,586.746407902425,589.2255088244219,586.0311216188419,588.5592041015625,45621300
2024-11-27,588.3730114334577,588.755115442667,585.2570306878304,586.7758178710938,34000200
2024-11-29,587.5890586237147,591.2047827973582,587.3147260107087,590.4208984375,30177400
2024-12-02,590.8323780737772,592.1552388895445,590.3424429138348,591.4791259765625,31746000
2024-12-03,591.2440480710218,591.9985076527607,590.2151960547985,591.7535400390625,26906600
2024-12-04,593.438872844782,595.6729460981672,592.7725681970518,595.427978515625,42787600
2024-12-05,595.4279904670244,596.2314913306755,594.0953811448159,594.4481201171875,28762200
2024-12-06,595.212464951605,596.8096584526629,594.800936138575,595.5750122070312,31241500
2024-12-09,595.4574149257465,595.6239761392873,591.9200973185369,592.5079956054688,34742700
2024-12-10,593.1842290759141,593.6055662349224,590.0094580682774,590.6659545898438,37234500
2024-12-11,593.5859415432025,596.1825623151827,593.3115491139272,595.2321166992188,28677700
2024-12-12,594.3698085144841,594.9380902901107,592.1651000976562,592.1651000976562,31543800
2024-12-13,594.1934038090473,594.9086900260288,590.6756429397628,592.0474853515625,35904700
2024-12-16,593.8014244521054,595.54562235978,593.0273484159295,594.5755004882812,43695200
2024-12-17,592.0279524011855,592.9882063411098,590.7541327283874,592.1259155273438,55773500
2024-12-18,591.822113059209,594.2031909866316,574.0962907751041,574.4784545898438,108248700
2024-12-19,579.456129686489,581.0631314525076,574.057034359764,574.302001953125,85919500
2024-12-20,571.9778279294948,585.7225012446567,571.132257605004,581.199951171875,125716700
2024-12-23,580.9443919924163,585.2801382457641,577.7687172457148,584.680419921875,57635800
2024-12-24,586.0272849416975,591.2184422848073,585.4471892507113,591.1790771484375,33160100
2024-12-26,589.4093887705021,592.3392110668057,588.0133066034633,591.2184448242188,41219100
2024-12-27,587.4823184826345,587.7183292627742,580.8164691334702,584.9949340820312,64969300
2024-12-30,577.9948725430215,581.7800467977985,574.5734057798932,578.3192749023438,56578800
2024-12-31,579.9808236627084,580.698577374324,574.5832389413312,576.21533203125,57052700
2025-01-02,579.4695486945864,581.180251846637,570.7291685588775,574.7994995117188,50204000
2025-01-03,577.6408633877121,582.6254735449975,576.5593423217554,581.9864501953125,37888500
2025-01-06,586.2338281568046,589.6060884935793,583.6087253809885,585.339111328125,47679400
2025-01-07,587.3644406233403,587.6889029930588,576.9035745975999,578.722412109375,60393100
2025-01-08,578.7911287868388,580.6394897953063,575.3500401020275,579.5678100585938,47304700
2025-01-10,576.0185903209236,576.0874192959229,568.8119506064235,570.7192993164062,73105000
2025-01-13,566.0788468496604,571.9581742427216,565.6658729466735,571.604248046875,47910100
2025-01-14,574.5242054496483,575.1534475548353,568.6153544470202,572.3907470703125,48420600
2025-01-15,580.3937768602567,583.9430001285099,579.2827918470954,582.8025512695312,56900200
2025-01-16,584.1691475266347,584.346110636513,580.9836915331506,581.6817626953125,43319700
2025-01-17,586.9121689712896,589.2717368825727,585.5848557638515,587.521728515625,58070600
2025-01-21,590.5597127423754,592.9094994878243,588.5933760531964,592.899658203125,42532900
2025-01-22,595.7212772630847,597.5893209036658,595.170705454465,596.2325439453125,48196000
2025-01-23,595.6033506126263,599.4868774414062,595.3280946897063,599.4868774414062,41152100
2025-01-24,599.5458113037603,600.4995156835615,596.5864653530726,597.7367553710938,34604700
2025-01-27,584.7983708814467,589.5962372876534,584.6312490621345,589.2816162109375,70361100
2025-01-28,590.5105293609671,595.1805787054238,587.1972570477369,594.3449096679688,44433300
2025-01-29,593.5583059073574,593.9614384934404,589.1340487911447,591.6804809570312,37177400
2025-01-30,593.7944224804594,596.389941511758,590.6089063826978,594.856201171875,39281300
2025-01-31,597.2746959271392,599.6933113603776,590.9332488823969,591.6903076171875,66566900
2025-02-03,582.6943020815504,590.1860392450765,580.5510025263411,587.70849609375,65857200
2025-02-04,587.767535135661,592.1622687341741,587.2268045597665,591.6510620117188,33457800
2025-02-05,590.5301667443101,594.1973649569587,588.5048426365228,594.0498657226562,30653100
2025-02-06,595.7901006731433,596.2423796576439,592.4866698522919,596.1145629882812,35771500
2025-02-07,596.6750666805723,597.8941858585465,589.9501686239648,590.6580810546875,50788500
2025-02-10,593.8631663388722,595.3083949100401,592.5948408497425,594.6693115234375,26048700
2025-02-11,592.408088766588,595.6623736678141,592.2901133629294,595.1216430664062,30056700
2025-02-12,589.1145136580423,594.3744405625547,588.4361250659014,593.2044677734375,45076100
2025-02-13,594.3055902381474,599.6737110792319,593.047165943141,599.4672241210938,40921300
2025-02-14,599.6736949390985,600.7060096863363,598.8183432907158,599.437744140625,26910400
2025-02-18,600.5978525430173,601.1975708007812,598.1399318067746,601.1975708007812,26749000
2025-02-19,599.8112758662747,602.9082197102092,599.3000091966954,602.61328125,31011100
2025-02-20,601.2467721645895,601.3844301402796,596.8028918726411,600.1063232421875,36554000
2025-02-21,599.8899930676969,600.0276510429451,589.3799206723878,589.842041015625,76519800
2025-02-24,591.8869960824046,592.8800056614799,586.4500466079941,587.157958984375,50737200
2025-02-25,587.098968367302,587.8265033006376,579.6366946428752,584.2379150390625,58266500
2025-02-26,585.8994552001853,589.488043359785,581.8979531727184,584.5328369140625,43321600
2025-02-27,586.8039490929929,587.9542991571739,574.809344386224,575.2025756835938,74196700
2025-02-28,575.7040488167072,584.7098443771037,572.6365684069419,584.178955078125,88744100
2025-03-03,586.1452445030724,587.2857532860544,570.1392964764723,573.9441528320312,74249200
2025-03-04,569.9525786591505,575.5369680083471,562.6181207422406,567.1505126953125,109648200
2025-03-05,566.9833166199888,575.035467216836,563.434093538414,573.24609375,71230500
2025-03-06,565.7937090893346,570.4047711019521,560.523941077153,563.0703735351562,80094900
2025-03-07,561.2907328755356,567.6714847046253,556.1094174114145,566.2261962890625,81158800
2025-03-10,558.0365509948175,559.9536812738498,546.2385307775894,551.14453125,99326600
2025-03-11,549.9843938775969,554.5266268117218,542.728606721458,546.5629272460938,88102100
2025-03-12,552.7077615834074,553.6319422779778,544.3705127696392,549.4633178710938,69588200
2025-03-13,549.0896792735167,549.6992388466521,540.4279685563406,542.138671875,74079400
2025-03-14,546.7496748611676,554.3397648685512,542.2074423986709,553.3369140625,62660300
2025-03-17,553.3172227764923,560.1207900872192,552.8846263579363,557.6038818359375,49008700
2025-03-18,555.2933708486255,555.5096990502625,549.6499951496645,551.5770263671875,66041400
2025-03-19,553.3566169353411,561.3399385264869,552.1768030039566,557.584228515625,66556000
2025-03-20,553.8481847501696,560.9663132490421,553.1304311253591,555.9718017578125,62958200
2025-03-21,551.5205297947124,557.0526817242638,550.2878724028328,556.1552734375,83763000
2025-03-24,562.880651498493,567.1703352751009,562.2890000340255,566.1151733398438,58766800
2025-03-25,567.3181993393742,568.4127846067184,565.73055113845,567.4760131835938,38355700
2025-03-26,567.2098236237739,568.3340217234003,559.3208155225726,560.701416015625,51848300
2025-03-27,559.3109298319079,562.9793497998379,557.1020172521603,559.2123413085938,42164200
2025-03-28,557.6838635858104,558.413587192946,547.3689639965595,547.9507446289062,71662700
2025-03-31,542.201606334121,552.93066066187,539.2826520783074,551.6289672851562,95328200
2025-04-01,549.7159501655996,555.1297722698289,545.998235889195,553.1870727539062,54609600
2025-04-02,547.3491617248258,559.5475341360295,547.1125011420022,556.6878051757812,76014500
2025-04-03,537.5470145495102,540.3673198616506,529.2537231445312,529.2537231445312,125986000
2025-04-04,516.4045547647906,518.574043873056,498.0527654446422,498.26971435546875,217965100
2025-04-07,482.4029468413161,515.9114867336431,475.1154617622772,497.3822021484375,256611400
2025-04-08,514.6196468974629,517.6963548854247,482.3733480760591,489.591796875,165816600
2025-04-09,486.59399925019795,541.0084228515625,486.20939567811143,541.0084228515625,241867300
2025-04-10,524.7866027854379,526.0981670837639,502.25365007002944,517.3019409179688,162331200
2025-04-11,515.7536352571723,528.9874258955272,512.8544231608307,526.531982421875,97866300
2025-04-14,536.5017912856171,536.7286411738348,526.453165817952,531.6401977539062,68034000
2025-04-15,532.1825399641931,535.6931457102869,529.3622343758641,530.151123046875,56892900
2025-04-16,524.3034408726064,530.4273047249436,513.0714517926509,518.366943359375,83484800
2025-04-17,520.3194821276195,523.800475242003,516.6411916080497,519.1065063476562,79868100
2025-04-21,513.9293312369678,514.4618777265953,501.4055507612705,506.7503662109375,69368100
2025-04-22,512.9235348557764,521.9564215250564,511.9867032226325,519.9348754882812,75948100
2025-04-23,532.9319549297188,537.8625838932508,526.4728430251603,527.991455078125,90590700
2025-04-24,529.2734571828396,539.8348871004667,528.0211182344198,539.1051635742188,64150400
2025-04-25,539.0656730072541,543.4045902561826,536.1467190777879,543.0003051757812,61119600
2025-04-28,543.7399439376,545.8699492792146,537.4583271221219,543.2073974609375,47613800
2025-04-29,541.2943585019403,547.7436606136026,540.9393676118534,546.6293334960938,47775100
2025-04-30,539.9729835885655,548.7988227140515,534.0069337400583,546.8462524414062,93101500
2025-05-01,552.5952816524762,556.2439589647481,550.1200963901105,550.7216186523438,63186100
2025-05-02,556.894803218062,560.4941864598073,554.5774316657111,558.8966674804688,60717300
2025-05-05,554.7648727126054,558.788283367358,553.9069479669498,555.6918334960938,38659200
2025-05-06,550.1891944565425,555.533979770925,549.2326812616892,551.047119140625,48264700
2025-05-07,552.3784371058738,555.9975022415719,548.3254139860352,553.3645629882812,55588000
2025-05-08,557.3977713110521,562.3974366423718,553.9069074354913,557.2202758789062,65130800
2025-05-09,558.6205786168767,559.6264462916283,554.9522191721212,556.5103149414062,37603400
2025-05-12,573.4026196086874,574.9114211824733,569.0340889310521,574.9015502929688,78993600
2025-05-13,575.3157161654024,580.907093658496,574.7536773375426,578.6981811523438,67947200
2025-05-14,579.6546629482465,580.8084133986617,577.4161378946785,579.437744140625,66283500
2025-05-15,577.4358426248243,582.770756919371,576.9822030720642,582.2678833007812,71268100
2025-05-16,583.0469103495059,586.2518193704545,581.1042713102905,585.9559936523438,76052100
2025-05-19,579.9405744991373,587.2773530559552,579.9405744991373,586.596923828125,68168500
2025-05-20,584.8614155899625,585.8080578995526,581.419785763877,584.6246948242188,60614500
2025-05-21,580.2759146876367,584.3584902721909,573.7477661832594,574.7733154296875,95197700
2025-05-22,574.5760350084579,578.4811148637216,573.3433777523152,575.0001220703125,70860400
2025-05-23,567.988738706783,573.7378691727489,567.6140060747297,571.0753173828125,76029000
2025-05-27,577.9387671986972,583.1060568711622,570.4047514802384,582.9483032226562,72588500
2025-05-28,583.3526236048898,584.545857588394,578.8460211072919,579.5757446289062,68445500
2025-05-29,584.8318350718904,584.9699071457442,577.9388245287198,581.8635864257812,69973300
2025-05-30,580.7591289651484,582.9286180198035,575.1480700909575,581.2127685546875,90601200
2025-06-02,579.6053591727813,584.5655410710423,576.9428072484826,584.4866943359375,61630500
2025-06-03,584.121791379625,588.7960181097066,583.6385391723649,587.8197631835938,63606200
2025-06-04,588.6776647088699,589.6539195966438,587.2280285207049,587.6619262695312,57314200
2025-06-05,589.3384339818148,590.6894216670538,582.8497086239531,584.8219604492188,92278700
2025-06-06,590.3540722792903,592.4940086999786,588.5790577947733,590.8274536132812,66588700
2025-06-09,591.3993476813894,592.9081490758875,590.1864321834666,591.3599243164062,53016400
2025-06-10,591.8924637491524,595.0973729509094,590.7781968461302,594.7128295898438,66247000
2025-06-11,595.807477097167,596.6654019118176,590.9557539749433,593.0167236328125,73658200
2025-06-12,591.6854337777163,595.37353515625,591.2022416981604,595.37353515625,64129000
2025-06-13,590.1963519379123,593.499849631983,587.218232455665,588.7171630859375,89506000
2025-06-16,592.0699627819344,596.0637602908375,591.892407169678,594.3182983398438,79984100
2025-06-17,591.8826784891205,593.401290785268,588.480531921813,589.2398681640625,82209400
2025-06-18,590.1371879149127,592.8785866278505,588.1944885876793,589.1510620117188,76605000
2025-06-20,591.8225009850784,592.8906824249698,586.3629740326184,587.7674560546875,94051400
2025-06-23,588.5189525073708,593.9586781700418,585.403509483969,593.572998046875,87426000
2025-06-24,597.7072083922786,601.1885919192599,596.7972471416377,600.13037109375,67735300
2025-06-25,601.247995602986,601.940336500435,598.903972841808,600.4666748046875,62114800
2025-06-26,602.3161684365299,605.5997923429508,601.7029677445283,605.1646118164062,78548400
2025-06-27,606.1636033457827,609.6351477759472,604.1360808658505,608.1713256835938,86258400
2025-06-30,610.6142201701539,612.4340220516922,608.2998373553096,611.0790405273438,92502500
2025-07-01,609.6054458188352,612.0484090785977,608.7746849801475,610.88134765625,70030100
2025-07-02,610.4757907292374,613.6901746824169,609.8526899336259,613.650634765625,66510400
2025-07-03,615.6287169448548,619.4167617045248,615.6089168033244,618.487060546875,51065800
2025-07-07,616.5286747873084,617.1913758193931,611.0988485499288,613.8780517578125,74814500
2025-07-08,614.5406899285775,615.2923708557059,612.7307881009865,613.5418090820312,59024600
2025-07-09,615.945166968477,617.8737488887257,614.1055045789822,617.2210083007812,66113300
2025-07-10,617.3594891460615,620.0002120765442,616.1825277796053,618.9617309570312,57529000
2025-07-11,615.9154666088177,618.0122289852302,614.7187654701638,616.7858276367188,63670200
2025-07-14,616.3308265898004,618.3089087938923,614.9857451789246,617.9627685546875,51898500
2025-07-15,620.6431287961128,620.9793689858044,615.242942324076,615.3220825195312,74317300
2025-07-16,616.9045519994012,617.883693134462,611.2769051241828,617.3792724609375,88987500
2025-07-17,617.5573456006476,621.5135103761386,617.3397251475282,621.1574096679688,68885700
2025-07-18,622.4035753929759,622.5716954836944,619.5947323692288,620.7024536132812,65621600
2025-07-21,621.87939453125,624.6189973413707,621.4541141003111,621.87939453125,63375000
2025-07-22,622.2058050575365,622.828905853138,619.3277216791315,621.9684448242188,60046300
2025-07-23,624.6289433239532,627.2598266601562,622.8288811376781,627.2598266601562,70511000
2025-07-24,627.6454884244192,629.1785504969665,627.0421878119985,627.4674682617188,71307100
2025-07-25,628.1301809903662,630.5928838363332,627.8829206987424,630.1181030273438,56865400
2025-07-28,630.4939604147171,631.0478210681617,628.5752180855901,629.9598999023438,54917100
2025-07-29,631.3544434316219,631.670943868378,627.388438817005,628.29833984375,60556300
2025-07-30,628.9509803708415,630.6917023127537,624.6189756546709,627.5070190429688,80418900
2025-07-31,632.4522656090571,632.8379457731452,623.8574957354674,625.1531372070312,103385200
2025-08-01,619.4364414435403,619.476041722763,612.5032535330552,614.9066162109375,140103600
2025-08-04,618.813325728958,624.3024917393647,618.7243458354196,624.2530517578125,73218000
2025-08-05,624.8663405650735,625.6773616222941,620.1683946955434,621.0881958007812,68051400
2025-08-06,622.1562946160922,626.4981995520814,621.2463937026511,625.845458984375,64357500
2025-08-07,629.2675537310744,629.9994345491891,622.2156852544556,625.3212890625,74205800
2025-08-08,627.1114011688534,630.6620853000642,626.7949007710238,630.1972045898438,64051600
2025-08-11,630.4742118551501,631.947873553624,627.70484826023,628.9510498046875,58742300
2025-08-12,631.2951060550639,635.8051316570012,629.8115442075018,635.6469116210938,64730800
2025-08-13,637.8424936799373,639.10849531226,635.6369512596368,637.82275390625,60092800
2025-08-14,635.7457174616427,638.5447207235369,635.300697252298,637.882080078125,59327500
2025-08-15,638.9106535836406,639.0095939138803,635.4787099260534,636.3886108398438,68592500
2025-08-18,635.8150025688236,636.9425240091701,635.1424618060598,636.2501831054688,43804900
2025-08-19,636.0721245937336,637.0512656505922,631.4829592777961,632.7984008789062,69750700
2025-08-20,632.3928448945792,632.649944849085,626.0135183173757,631.116943359375,88890300
2025-08-21,629.3071240874224,630.9785456585483,626.864161086776,628.5850830078125,54805800
2025-08-22,630.7709103705197,639.4151205943501,630.2664897119097,638.2381591796875,84083200
2025-08-25,636.9820621561176,638.218363635622,635.3105801411765,635.4292602539062,51274300
2025-08-26,635.1622594491828,638.4359833484747,634.5391586749303,638.0897827148438,51581600
2025-08-27,637.5062787617181,640.2755819843173,637.3578984386413,639.543701171875,48341100
2025-08-28,640.1470117905141,642.362454403162,638.2678697444891,641.80859375,61519500
2025-08-29,640.374480883152,640.7404816664739,636.0919759234915,637.9810180664062,74522200
2025-09-02,630.5136938017484,633.4709169972102,627.9619508913343,633.2533569335938,81983500
2025-09-03,635.6270824559713,637.1502445176759,633.4413400681225,636.6853637695312,70820900
2025-09-04,637.3579030521721,642.0361089027498,636.4579021356687,642.0064086914062,65219200
2025-09-05,644.3404359625918,645.062476969223,636.2797877246134,640.1469116210938,85178900
2025-09-08,641.5119451283233,642.7186068708459,640.1371632720919,641.7196655273438,63133100
2025-09-09,641.8580441132016,643.7273464852004,640.1272219983028,643.2031860351562,66133900
2025-09-10,646.4570213518696,647.3768223058731,643.4997982019892,645.0625,78034500
2025-09-11,647.0109525903231,651.1154976382888,646.4274520986086,650.4231567382812,69934400
2025-09-12,650.393364548417,651.8868261792371,649.7010841125947,650.2054443359375,72780100
2025-09-15,652.4111340519337,653.795755474802,652.1144337731963,653.6671752929688,63772400
2025-09-16,654.2210123755038,654.5276730798186,651.9858301119879,652.7671508789062,61169000
2025-09-17,652.7770367516476,654.4682584259048,647.1295902463727,651.9561157226562,101952200
2025-09-18,654.6364399867887,657.603563340362,653.0341982051615,655.0023803710938,90459200
2025-09-19,656.8877828567474,659.0895125014193,654.9438659954435,658.2465209960938,97945600
2025-09-22,656.7588293222589,661.8069717744121,656.7290467709187,661.3607177734375,69452200
2025-09-23,661.2417286303936,661.8566899635472,656.540685502851,657.7606201171875,81708900
2025-09-24,659.0498612769777,659.1490153831234,654.2496039734066,655.6678466796875,68082200
2025-09-25,652.5338627083877,653.9917550046746,649.0328388399253,652.6429443359375,89622100
2025-09-26,654.0910020825955,656.9274877414105,652.4743904900326,656.3820190429688,69179200
2025-09-29,658.9010899003678,659.8135740530697,656.4216318338509,658.2266845703125,73499000
2025-09-30,657.4828203674869,661.1722852976668,656.173659297658,660.7061157226562,86288000
2025-10-01,657.7208749627936,663.8699431635192,657.611793334362,662.95751953125,72545400
2025-10-02,664.9410037342527,665.0600128657511,661.3011766397112,663.7210693359375,56896000
2025-10-03,664.4848020775174,667.1527012490268,662.6698219114437,663.7112426757812,70494400
2025-10-06,666.1014192164715,666.9841207809839,663.9591941673339,666.0914916992188,54623300
2025-10-07,667.0138297258598,667.4601442579947,662.1838505424819,663.6219482421875,72020100
2025-10-08,664.7426772273783,667.6783772359653,663.919480237528,667.5791625976562,60702200
2025-10-09,667.9957845708525,668.4023890582872,663.7112737749407,665.6452026367188,66501900
2025-10-10,666.6071968358344,668.4122493878771,647.4757221413303,647.6542358398438,159422600
2025-10-13,655.2216030747315,659.664772492732,654.3488290056752,657.5919189453125,79560500
2025-10-14,651.7701536094826,660.3590300864076,647.8030207789583,656.78857421875,88779600
2025-10-15,661.3409343998026,664.7228887516702,653.5157497881946,659.7044677734375,81702600
2025-10-16,661.3408828539109,663.215367636124,651.7106461582608,655.211669921875,110563300
2025-10-17,654.0810128478913,660.2895852935891,652.7322022395391,658.9308471679688,96500900
2025-10-20,661.8367798071084,666.6866142382812,661.7872027532737,665.7840576171875,60493400
2025-10-21,665.9228395283285,667.4600912091562,664.4748144266518,665.7740478515625,56249000
2025-10-22,666.4783066993808,666.4783066993808,657.8497808005621,662.3128051757812,80564000
2025-10-23,662.6301900162397,667.1825015615415,662.3128121266341,666.2402954101562,65604500
2025-10-24,670.9016937183009,672.8951271271609,670.0983517375236,671.6851806640625,74356500
2025-10-27,677.1201116013259,679.9070199177999,676.5151383891614,679.6094970703125,63339800
2025-10-28,681.4046232640447,683.2493254549719,679.2028936555786,681.41455078125,61738100
2025-10-29,683.0608492697363,684.0328379014793,677.2589421639235,681.7418212890625,85657100
2025-10-30,678.2805222142791,680.303738053287,674.2439575195312,674.2439575195312,76335800
2025-10-31,679.4111219213156,679.4508319897004,673.6587916341136,676.4556274414062,87164100
2025-11-03,680.0359699637585,680.1649066224819,674.3530715971103,677.7251586914062,57315000
2025-11-04,670.5545580097922,674.3729598389511,669.0371611161902,669.6917114257812,78427000
2025-11-05,669.4337786331213,675.2654684624238,668.6304366940664,672.012451171875,74402400
2025-11-06,670.9115428502156,671.8140994484131,663.2252231578799,664.8021850585938,85035300
2025-11-07,662.4218719882706,665.5658682287408,655.7769731606511,665.4567260742188,100592400
2025-11-10,671.6752576501947,676.57466917413,669.4834554774103,675.8407592773438,75842900
2025-11-11,674.3629519753922,677.9532020666294,673.1529450781785,677.3878784179688,58953400
2025-11-12,679.1631581075335,679.3318048264125,675.3547447293747,677.7647705078125,62312500
2025-11-13,674.9084518036677,675.2654792192372,665.010475070097,666.5179443359375,103457800
2025-11-14,659.9127671356764,670.1082678298286,657.8201189320223,666.408935546875,96846700
2025-11-17,664.1972328051172,668.1742931923078,656.7290761218832,660.2003173828125,90456100
2025-11-18,656.6596720569411,659.6548768721069,650.4709542015795,654.6563110351562,114467500
2025-11-19,655.3505889035424,661.8566848395906,653.3372397764296,657.1853637695312,94703000
2025-11-20,667.3808213360044,670.0090710879778,646.5335791707308,647.1683349609375,165293500
2025-11-21,649.667590792559,659.0895314498267,645.5020891320908,653.6149291992188,123956200
2025-11-24,657.2447591605586,664.5541959227929,656.1538219404428,663.235107421875,80437900
2025-11-25,663.135941149376,670.6536740212097,659.020017057554,669.4734497070312,81077100
2025-11-26,672.0620713400136,676.0986363282427,671.1595147067713,674.09521484375,71879600
2025-11-28,675.2654787466182,678.0523870500939,674.9084513312986,677.7747192382812,49212000
2025-12-01,673.2323336611282,677.3779800628074,673.1629015749381,674.6803588867188,61201200
2025-12-02,676.316803165018,678.2012155152329,673.7481184984898,675.9300537109375,62953800
2025-12-03,674.9779023816353,679.2822075879724,674.105128319461,678.2706298828125,57238500
2025-12-04,679.6689755171525,679.7384076011712,675.7415530139849,678.7664794921875,61970300
2025-12-05,679.8375623637357,682.7336127271673,678.9549213715281,680.0557861328125,79241000
2025-12-08,680.9484564225444,680.9980334759979,675.9696853695019,678.0127563476562,55231500
2025-12-09,677.5366323782647,679.7582167824522,676.9812362772177,677.427490234375,58310100
2025-12-10,676.9515664343469,683.3088703732143,675.711837383319,681.92041015625,85671300
2025-12-11,679.51034738166,683.5865617528303,676.5647198382891,683.5072021484375,86173700
2025-12-12,682.5153843270051,683.2195721462687,673.5893360954813,676.1580810546875,113160300
2025-12-15,680.1053789946951,680.1252340287925,673.6687159286942,675.1365356445312,90811000
2025-12-16,673.6488975485244,675.4837328267965,669.4338188610296,673.2918701171875,122030600
2025-12-17,674.3034691132465,674.8489377460819,665.6848710067972,665.8832397460938,110625200
2025-12-18,672.0322187932205,675.1464323222394,669.3544527925658,670.9114990234375,108650100
2025-12-19,673.0134542661981,677.4896664833268,672.8940327515619,676.9923095703125,103599500
2025-12-22,680.3245900087294,681.7370666700199,676.9923229108747,681.2098999023438,69556700
2025-12-23,680.3046207584179,684.562024812114,680.2548972126992,684.3233032226562,64840000
2025-12-24,684.313382495532,687.1781631452748,684.164151137988,686.7305297851562,39445600
2025-12-26,686.989161229118,688.0037280321676,685.6264081645946,686.660888671875,41613300
2025-12-29,683.9055083361335,685.5567672531378,682.4433081832867,684.2138671875,62559500
2025-12-30,683.8160334465714,684.9201512250444,682.9506372729019,683.3783569335938,47160700
2025-12-31,683.5076844111845,683.726492314561,678.1063955310838,678.3152465820312,74144800
2026-01-02,682.0852055985325,683.2390468658663,676.2263268834449,679.55859375,89377200
2026-01-05,682.910778712987,685.7855161168121,682.7516512212146,684.0845336914062,71927200
2026-01-06,684.2934596862484,688.6602678554459,684.1442890432024,688.1529541015625,69273800
2026-01-07,688.5309418430683,690.2916046822218,685.6761181181482,685.9347534179688,75588300
2026-01-08,685.1787573638412,686.9692300361542,683.8557710289468,685.8651123046875,64019200
2026-01-09,686.9791831428475,691.6344363504869,685.5368360184962,690.4010009765625,80125500
2026-01-12,687.0289310253164,692.410366767912,686.979207477028,691.4852294921875,63976000
2026-01-13,691.813478661017,692.4103433578374,687.6953490317495,690.1026000976562,78309700
2026-01-14,687.3472637531122,688.0634285762314,682.4134612479594,686.7106323242188,94676700
2026-01-15,690.8983886882239,691.7737417111902,687.5959315038539,688.5806884765625,77862000
2026-01-16,689.9931507530615,690.5800586110835,686.4519720383781,688.0037231445312,79289200
2026-01-20,677.8874730475171,681.1501633341576,672.9934983300664,673.9981689453125,111623300
2026-01-21,676.0572511802958,685.0991655259935,674.5452667925615,681.77685546875,127844500
2026-01-22,686.2033478813381,687.476610793547,683.2888434897402,685.3379516601562,77112200
2026-01-23,684.5123006998919,687.3074439470811,683.5274830754288,685.5865478515625,63059600
2026-01-26,686.8399050563427,690.4606777697717,686.272910918868,689.0680541992188,60473800
2026-01-27,690.5104039402848,692.8480177488461,689.9036431059924,691.8134765625,55506100
2026-01-28,693.3652237572153,694.1510864943795,690.271678492269,691.7438354492188,61172200
2026-01-29,692.7087686795362,693.375209936545,681.2098793986574,690.3711547851562,97486200
2026-01-30,688.1330315570439,690.5402826440542,683.487735152998,688.3120727539062,101835100
2026-02-02,685.9348095869553,693.2459322689688,685.7756213682558,691.7339477539062,79286500
2026-02-03,692.529690413304,693.2757257351432,680.4140840721383,685.885009765625,107904600
2026-02-04,686.7006659106327,687.7948875474046,678.1561081391175,682.5626831054688,105204600
2026-02-05,677.3404209861714,680.0758839506523,672.2176206040476,674.0379638671875,113610800
2026-02-06,677.8576866055596,688.6503070282812,677.2508650473027,686.96923828125,89127600
2026-02-09,685.7755944360715,692.1915108078678,684.7013472083629,690.2816772460938,73885200
2026-02-10,691.276360737094,692.8579216647231,688.0037135108784,688.4613037109375,65185700
2026-02-11,692.7087599208829,693.4547952732178,685.5368515439336,688.3021850585938,76353900
2026-02-12,690.5701102294341,691.6742279947084,676.7734344520502,677.668701171875,118829000
2026-02-13,678.0864377658819,682.6522007204912,673.9384983110481,678.1461181640625,96267500
2026-02-17,676.5446598627462,681.31927396984,672.2077222570326,679.2402954101562,81354700
2026-02-18,680.4041503420104,685.507036973797,679.2204384959671,682.662109375,73570300
2026-02-19,680.225062656192,682.5526587813481,677.9471293624403,680.8616333007812,58649400
2026-02-20,678.7131823752115,686.4122580979458,678.126274472082,685.7855834960938,100034000
2026-02-23,684.1940214696967,686.3525334522094,676.7734345413753,678.7827758789062,90558100
2026-02-24,678.295350173768,684.7112054782021,676.4053697086953,683.7164916992188,73798700
2026-02-25,686.53156929616,690.0130676270821,686.4519751919497,689.4859008789062,56369500
2026-02-26,689.615191050754,689.6350440416309,680.7323436648176,685.6561889648438,71671000
2026-02-27,679.4790749097389,683.2291046432514,678.0367277603054,682.3637084960938,83308900
2026-03-02,675.1123137702438,684.9798583327654,674.4359156260907,682.751708984375,87477200
2026-03-03,671.4915420947397,679.0016196644848,666.1200629162043,676.7337036132812,105003100
2026-03-04,678.026741603972,683.4579005621853,676.0273572426378,681.5082397460938,79182200
2026-03-05,678.474445192334,681.9062201445739,672.0386149612469,677.70849609375,106606500
2026-03-06,669.8502072585248,672.5359467168151,666.2195382406165,668.82568359375,100687000
2026-03-09,662.8673651303956,676.3258117079225,658.888509802078,674.6845703125,102667700
2026-03-10,674.1374043547928,679.7476047325034,671.1930903760745,673.6002807617188,81505300
2026-03-11,673.9982140650914,676.4849986405864,669.7806371390539,672.7548217773438,68441700
2026-03-12,667.6120785283837,668.0995392824933,662.3500644519811,662.5390625,108882200
2026-03-13,665.7321452917186,668.7859240392634,657.863924887251,658.7890014648438,97200200
2026-03-16,664.8468199428278,668.5173163233716,663.5934708305671,665.493408203125,82023100
2026-03-17,668.8355969918504,670.8747480492216,666.1598145596139,667.2440185546875,87128000
2026-03-18,664.8268919718373,666.1796881508768,657.6948111200146,657.9335327148438,82062600
2026-03-19,653.4971375917409,659.4753776238247,651.7066647804095,656.3121948242188,111272500
2026-03-20,654.8230422006715,655.0025723674255,643.063298812559,646.9034423828125,163617500
2026-03-23,656.3790129905765,660.9173090129275,652.2596206790361,653.6959228515625,134802700
2026-03-24,649.6463809650626,655.3417305137531,648.2100787416998,651.5015869140625,96457500
2026-03-25,656.9774239230809,659.1917509309695,652.5588148295345,655.1322021484375,90653800
2026-03-26,650.3844333840033,653.1672421520028,643.1630473705688,643.432373046875,96494400
2026-03-27,640.8489947137006,641.0085567819559,631.4831091918358,632.4606323242188,103649400
2026-03-30,638.4651675144013,638.7245091624994,627.6630399662237,630.3460693359375,99275900
2026-03-31,637.2981538716512,649.865752001465,636.3405988140365,648.6688842773438,152534100
2026-04-01,652.219751792706,656.8278752918841,651.3220400966815,653.5562744140625,97841500
2026-04-02,644.7589215344626,656.5086804928782,643.4522901873171,654.144775390625,68358700
2026-04-06,654.1746977251443,658.0247645183308,653.8356054757206,657.23681640625,39105800
2026-04-07,654.9626585699763,657.9150134208243,649.386996170508,657.5260009765625,69980400
2026-04-08,674.6519776493207,675.3402070755335,669.734652974974,674.27294921875,93606100
2026-04-09,673.1059235004034,679.4096297331154,672.0386657215836,678.162841796875,57134400
2026-04-10,679.5692561407437,680.2774536083281,676.7066358948267,677.7140502929688,42253500
2026-04-13,675.669302461078,684.536473353906,674.8414790590384,684.3369750976562,54185800
2026-04-14,685.9229138241225,692.7952238870419,685.8929616905456,692.675537109375,63480500
2026-04-15,693.4734516118131,698.480571570673,692.4161778504387,698.1414184570312,58240400
2026-04-16,699.2585607342904,700.9741726960574,696.7350934539525,699.8569946289062,49972400
2026-04-17,704.3255249385737,710.5594650064761,703.9464965121796,708.3152465820312,70661900
2026-04-20,706.9587079747221,708.0857482546458,704.3254772575062,706.8988037109375,43546800
2026-04-21,708.4548936431559,709.4523240430285,700.8345107773317,702.2708129882812,58941400
2026-04-22,707.3278031045794,709.6218808832724,706.4001392457644,709.3825073242188,42518500
2026-04-23,707.6768673789517,710.5295037064266,700.4754491270062,706.6295776367188,56174000
2026-04-24,708.9236633096505,712.6340752101273,707.1881441382454,712.10546875,45182000
2026-04-27,711.3374146094498,713.7911152864904,710.4696550399041,713.332275390625,33135900
2026-04-28,709.9908768700561,711.0481506026886,707.4274735730012,709.8612060546875,43117400
2026-04-29,709.1729992133655,710.3699278433978,706.5497524472755,709.7515258789062,41859200
2026-04-30,712.7936806635566,717.9403946619685,708.6244289610544,716.8132934570312,67240900
2026-05-01,719.3966516418469,723.0073446973263,718.6186267345964,718.7982177734375,43049800
2026-05-04,718.2196821209096,720.2644021704073,713.152718877996,716.1649780273438,51950600
2026-05-05,719.9153564929043,723.1769124909786,719.6360467603954,721.9102172851562,36933200
2026-05-06,726.288861980811,732.7023927493656,725.9497697512824,731.9443359375,53288900
2026-05-07,733.161188473549,734.238430329629,727.8748196364371,729.7001342773438,51724600
2026-05-08,733.0415191543954,736.1834492768152,732.6824588199246,735.724609375,47227100
2026-05-11,734.5576163199453,738.8864300819614,734.5576163199453,737.4002685546875,44024000
2026-05-12,734.9964788307154,736.9414802248905,729.9494836014034,736.2831420898438,54185300
2026-05-13,736.5723674930287,741.9983910774667,733.5800764180441,740.4025268554688,44200200
2026-05-14,741.7391534739264,747.6040491923611,741.649357949993,746.2474975585938,45307600
2026-05-15,739.8838927249178,741.5496453663399,736.0637780312098,737.2706298828125,60410800
2026-05-18,737.9289136337939,739.5147938000424,731.5054597381557,736.751953125,47843900
2026-05-19,732.8919551385734,735.7545755811656,729.650306265128,731.8446044921875,54255900
2026-05-20,733.8195334397973,739.9636778498481,732.0042028263388,739.3452758789062,45768000
2026-05-21,736.7419902854853,742.9559620700644,735.1361419849363,740.8114624023438,43332200
2026-05-22,744.3224328967863,747.015507083493,742.566945697205,743.7239990234375,41762000
2026-05-26,748.0827892360243,750.1973368284331,746.4469887578754,748.6613159179688,41123600
2026-05-27,748.9505199197505,749.4492351039673,746.2973210478585,748.5316162109375,42106300
2026-05-28,748.3221518516883,753.2095851254732,747.3047533704411,752.6609497070312,41562600
2026-05-29,753.9576670103595,756.1320579864754,752.7507543048832,754.5361328125,55075700
2026-06-01,753.4189990020213,758.3264003155792,752.7507376917755,756.5908203125,43634900
2026-06-02,755.0847737682097,758.4461093852723,754.805464031348,757.6182250976562,31581900
2026-06-03,756.2018667594974,756.8501599793441,751.6336185743088,752.3018798828125,51402500
2026-06-04,750.1673635570705,756.3614281257201,749.5389775481502,755.1445922851562,49923000
2026-06-05,750.3768677170906,750.8855669656407,733.6400171295905,735.65478515625,93989400
2026-06-08,741.4498108327123,743.4247643242134,736.2931129658897,737.3204345703125,49319100
2026-06-09,741.7191759970133,744.9807928982774,720.7332622187009,735.1560668945312,87683500
2026-06-10,731.5054857614351,736.4826536495077,723.4661992814284,723.56591796875,60341300
2026-06-11,726.8873842592473,738.0984921563339,722.5485255148498,735.8642578125,86330500
2026-06-12,738.8066884479139,742.5270843334097,733.1412911200548,739.843994140625,57079500
2026-06-15,749.9179969688896,754.7356026867302,749.8282623277308,752.890380859375,60176400
2026-06-16,752.6111046530555,753.4988323298886,747.9531216783239,748.4019775390625,67093100
2026-06-17,749.3594421826946,750.217278570044,737.3204502885575,739.0560302734375,85945200
2026-06-18,747.760009765625,748.22998046875,743.8599853515625,746.739990234375,80875700
2026-06-22,747.7000122070312,750.1799926757812,743.1300048828125,744.3900146484375,46628100
2026-06-23,733.8099975585938,739.6300048828125,732.2999877929688,733.5800170898438,66846800
2026-06-24,735.1699829101562,739.9500122070312,730.8400268554688,733.239990234375,57439500
2026-06-25,738.9099731445312,739.3699951171875,729.5999755859375,734.2999877929688,53934400
2026-06-26,728.9500122070312,736.530029296875,716.5800170898438,728.989990234375,71034000
2026-06-29,736.530029296875,741.5599975585938,732.0900268554688,741.0,58035200
2026-06-30,741.2899780273438,748.02001953125,740.8900146484375,746.77001953125,55626000
2026-07-01,745.0,749.4400024414062,742.3800048828125,745.760009765625,47100900
