date,open,high,low,close,volume
2007-07-02,46.998890621751755,47.309226942180146,46.998890621751755,47.264892578125,2811700
2007-07-03,47.2427361784607,47.292609178437175,46.94348549472598,46.97673416137695,1387500
2007-07-05,46.72178152060176,46.782740180699065,46.3948252782211,46.45024108886719,4586800
2007-07-06,46.29508183653264,46.30062468678707,46.15099732560913,46.26183319091797,1437800
2007-07-09,46.477970166145,46.51121882057497,46.372677123173986,46.42809295654297,795400
2007-07-10,46.81596208142262,47.21495819091796,46.788252080451635,47.21495819091797,2258000
2007-07-11,47.076468075667286,47.1540510896068,46.72734451293945,46.72734451293945,1191300
2007-07-12,46.854788879828,46.87141320176619,46.47795541339127,46.566619873046875,1941200
2007-07-13,46.79935384185404,46.85477386783274,46.51673200354367,46.69406509399414,725900
2007-07-16,46.83815864756055,47.16511913643865,46.83815864756055,47.14295196533203,952000
2007-07-17,47.026603818764826,47.15405983904759,46.827103395058124,47.04322814941406,734200
2007-07-18,47.06536930745148,47.40341127025385,46.998867793669575,47.22053527832031,1836800
2007-07-19,47.04879038338981,47.248290889278024,46.99337451574524,47.20949935913086,1021000
2007-07-20,47.31476688595764,47.70268624031975,47.281518225968064,47.63618469238281,1459900
2007-07-23,47.48655358936256,47.641719614093724,47.48655358936256,47.55859375,777900
2007-07-24,47.66391408278427,47.74703999447131,47.50320511431185,47.73595428466797,1351600
2007-07-25,47.697140300847465,47.87447352257835,47.65834879071751,47.83013916015625,881100
2007-07-26,48.06842853632405,48.46742932114987,48.018555552199466,48.2291374206543,2866400
2007-07-27,48.24020457119133,48.522826495113854,48.12936871361377,48.36766052246094,5367800
2007-07-30,48.31780614081883,48.41201348502568,48.16264010848818,48.2291374206543,1803900
2007-07-31,48.284554173644544,48.628139128870444,48.18480397554395,48.57826614379883,2467600
2007-08-01,48.54540154954393,48.70117341341723,48.45082213693661,48.47307586669922,2154700
2007-08-02,48.51761496332082,48.65113318449533,48.395221492049295,48.59550094604492,2079400
2007-08-03,48.55653610158641,48.91815185546875,48.55653610158641,48.91815185546875,1577600
2007-08-06,48.79026178683169,48.80139079166849,48.49540682573224,48.56216812133789,1298400
2007-08-07,48.64003383857106,48.79580588537674,48.356303756477885,48.5232048034668,1890800
2007-08-08,48.33960239489318,48.33960239489318,47.76658211858773,47.9334831237793,6453000
2007-08-09,48.261674397456446,48.32287109648017,47.68865461974805,48.00019836425781,2637500
2007-08-10,48.11706290484303,48.23389189555992,47.83333717501701,47.88896942138672,1496400
2007-08-13,47.7999555504279,48.06699628150854,47.788830798680905,48.028053283691406,1312600
2007-08-14,47.85557905408204,48.27839169917624,47.85001880145871,48.15599822998047,1314700
2007-08-15,48.20604596095011,48.261678170466766,47.98351287841797,47.98351287841797,1101700
2007-08-16,48.3284721649081,48.73459138999655,48.2672754195712,48.47867965698242,2410200
2007-08-17,48.06695554959417,48.35068529009707,47.872240725509755,48.2839241027832,2114400
2007-08-20,48.378528806200706,48.55099000647868,48.30620732580259,48.311767578125,1048700
2007-08-21,48.45638379831052,48.62884913277423,48.42856982108165,48.5453987121582,1517200
2007-08-22,48.428605378076625,48.57324835258105,48.29508290927094,48.46754837036133,1137800
2007-08-23,48.45086637968385,48.77910388783012,48.417487876792954,48.634456634521484,1618800
2007-08-24,48.829157368800026,49.001622820416515,48.71232839836358,48.87366485595703,1614600
2007-08-27,49.11288457637794,49.22415328811384,49.04056309710011,49.129573822021484,1585400
2007-08-28,49.19633870721704,49.3687999176474,49.11288822832672,49.21302795410156,1298900
2007-08-29,49.22970954879331,49.38548148812619,49.04612361713213,49.07950210571289,2686700
2007-08-30,49.296473268049134,49.49118820208055,49.21858729443657,49.407737731933594,1806800
2007-08-31,49.28533412170397,49.624696184446954,49.25752013369643,49.44667053222656,2763200
2007-09-04,49.620983665362296,49.78856294765347,49.26905907508036,49.470157623291016,931000
2007-09-05,49.58185147923569,49.91142685208986,49.55950673605208,49.866737365722656,1271500
2007-09-06,49.88909534984402,49.98964458994476,49.68799686964254,49.73827362060547,1768400
2007-09-07,50.134880825988816,50.553835261860584,50.10136583490304,50.442115783691406,2852200
2007-09-10,50.55385352753021,50.98397836189782,50.55385352753021,50.83315658569336,2495200
2007-09-11,50.76613917768622,50.9839952944607,50.66558987288047,50.794071197509766,3925400
2007-09-12,50.77729677047482,50.79964152652242,50.50916395973001,50.6041259765625,4458300
2007-09-13,50.44212700185864,50.45888450112833,50.03992997208242,50.151649475097656,2020600
2007-09-14,50.59853103857718,50.60411402990121,50.06226980551501,50.224266052246094,1357200
2007-09-17,50.17398904534276,50.49239428405494,50.14047405026529,50.46446228027344,1285400
2007-09-18,50.1628144750051,50.408598187419756,49.71592802399201,50.08460998535156,3132800
2007-09-19,49.553910759059605,49.72149417251558,49.36398686817786,49.62094497680664,3854700
2007-09-20,49.257869974398,49.319316966267465,48.65457456067502,48.6825065612793,5903200
2007-09-21,48.92271591455875,49.22994666632891,48.92271591455875,49.095882415771484,2217600
2007-09-24,49.17409528418874,49.31374681198063,49.10706527841753,49.23554229736328,1943600
2007-09-25,49.43661611125174,49.503650345320345,49.06235122680664,49.06235122680664,2513500
2007-09-26,48.94505561000775,49.229941580281896,48.838919114126064,49.107051849365234,2646400
2007-09-27,49.2913716762959,49.593019301830665,49.241099202952,49.44778060913086,1802900
2007-09-28,49.80532020483922,49.90028221572747,49.280229125155195,49.559532165527344,1254700
2007-10-01,49.736188694956766,49.898817400102054,49.590382911298185,49.842735290527344,1399400
2007-10-02,49.7698008279724,50.11748999090404,49.73054594493667,49.999725341796875,887800
2007-10-03,50.09509667703829,50.151174513442314,49.75862538014952,49.85395812988281,1164600
2007-10-04,49.91564573092832,50.08948830974924,49.85956789374073,50.04462432861328,1128700
2007-10-05,49.52308665429747,49.59599168492816,49.18661539115843,49.506263732910156,2184700
2007-10-08,49.22024771743253,49.62962389878239,49.22024771743253,49.46699523925781,280100
2007-10-09,49.43898841973607,49.551144118436184,49.225886602353945,49.405338287353516,901000
2007-10-10,49.33804735371554,49.59039981898344,49.23149644335251,49.433380126953125,855500
2007-10-11,49.08003684146355,49.399685002965306,49.04078195420762,49.38286209106445,1533400
2007-10-12,49.0800672495608,49.450188654539744,49.0576395387722,49.141754150390625,1133900
2007-10-15,49.057629005948066,49.192216634105634,49.01276503707436,49.15296173095703,553300
2007-10-16,49.15294256026166,49.33800315084046,49.09125569673539,49.16976547241211,855500
2007-10-17,49.22022505538552,49.88195324050063,49.22022505538552,49.70811080932617,2377000
2007-10-18,49.97169630631603,50.100674833637434,49.921223285457195,49.98291015625,1374100
2007-10-19,50.2633360575964,50.80730011903255,50.252122200391554,50.728790283203125,2561800
2007-10-22,50.79605042317521,50.835305313394024,50.51004806388835,50.7343635559082,1866500
2007-10-23,50.61658068659265,50.76238206729137,50.526852810660564,50.667049407958984,1046600
2007-10-24,50.8689622061527,51.25029734200633,50.78484334353764,51.04280471801758,2829300
2007-10-25,51.06524731290541,51.13254327267629,50.863363712056746,50.86897277832031,3062200
2007-10-26,50.678285654430674,51.03157966571619,50.66145846283048,50.75118637084961,1366500
2007-10-29,50.75121612634849,51.02600051845475,50.74000227050247,50.94749069213867,881000
2007-10-30,50.88015201396171,51.03717152159143,50.70630532040535,50.91940689086914,1439600
2007-10-31,50.75119428678942,50.86334991084472,50.330604278887854,50.45958709716797,2498500
2007-11-01,50.670244867512864,51.26166230065718,50.670244867512864,51.11521530151367,2563400
2007-11-02,50.94623529848432,51.560183341239565,50.811055773318245,51.27855682373047,1927700
2007-11-05,51.3461459503921,51.47569173494428,51.14337452499971,51.25602340698242,1021500
2007-11-06,51.03071315787215,51.34050397953783,50.9631255584387,51.008182525634766,575800
2007-11-07,50.99688478855783,51.120801033224176,50.87296854389149,51.098270416259766,1456100
2007-11-08,51.05887752248856,51.22222138325058,50.93496119382229,51.008182525634766,2179600
2007-11-09,51.27855826023981,51.58834485981036,51.21660008086975,51.44190216064453,887200
2007-11-12,51.81367796933043,51.81367796933043,51.45319614472031,51.6278076171875,460600
2007-11-13,51.49260375440174,51.53203130439854,51.351790461944546,51.436279296875,1116600
2007-11-14,51.22788880728515,51.5433135952386,51.21099189489658,51.492618560791016,684400
2007-11-15,51.599618815350446,52.13470756197692,51.53202689373519,51.97699737548828,1312900
2007-11-16,51.971364911746484,52.21356393185594,51.937571098752734,52.05022430419922,1333800
2007-11-19,52.1234273228273,52.61908836053021,52.050205988013566,52.38815689086914,1343900
2007-11-20,52.433210467791824,52.54586362630827,52.26987090818052,52.33182907104492,1367800
2007-11-21,52.60779957046727,52.709185221672925,52.517677081717004,52.63595962524414,1297800
2007-11-23,52.6303611027373,52.83313252423731,52.557135463302714,52.793704986572266,437400
2007-11-26,53.06971071869387,54.27507207589442,53.013386265019896,53.83573532104492,4427000
2007-11-27,53.48652892772938,53.64987288841775,52.94017257925345,53.323184967041016,3100300
2007-11-28,53.261234919465174,53.334460604563816,52.85569182356557,52.962711334228516,2088100
2007-11-29,53.40763636966011,53.74558722845936,53.317518146043525,53.41889953613281,1594500
2007-11-30,52.87818644666618,53.16544666009583,52.79933137588612,53.159812927246094,1952100
2007-12-03,53.58734800980892,53.77961797255557,53.315903240349144,53.58169174194336,1272700
2007-12-04,53.666525214586464,53.75700393941118,53.242395675452954,53.57604217529297,1721200
2007-12-05,53.28198988723598,53.4233664240565,52.90875375908442,52.93703079223633,1866000
2007-12-06,52.77302225244718,52.78433047461787,52.3319282418243,52.473304748535156,2270200
2007-12-07,52.12831088160424,52.22444580643335,51.675904636755035,51.8851432800293,2171000
2007-12-10,51.82295879591997,51.8512358158695,51.319658904984415,51.574134826660156,2242500
2007-12-11,51.87387218675969,52.7221312670234,51.78904541583956,52.58640670776367,2892400
2007-12-12,51.715493215750044,52.39410262706325,51.61370201977636,52.043487548828125,2225400
2007-12-13,51.80600661059773,51.9247623565417,51.40449785589139,51.47801208496094,1222100
2007-12-14,51.342307950253584,51.41582220237792,51.17831063600404,51.240516662597656,1354900
2007-12-17,51.50062876510943,51.766417262613466,51.421458274082894,51.69855499267578,2046200
2007-12-18,51.79468030172185,52.19619326413272,51.77206386376696,52.032196044921875,1417100
2007-12-19,52.25272852887061,52.90871290972627,51.95866314322076,52.72209930419922,2252400
2007-12-20,52.73906173704153,53.08402055231123,52.60333726533587,52.60899353027344,1659400
2007-12-21,52.53552892819704,52.54683715427914,51.83430242041469,51.8399543762207,1767600
2007-12-24,51.58546683136404,51.726843355539245,51.50629632298345,51.59677505493164,550300
2007-12-26,51.472353600365516,51.817312601359355,51.053880373467614,51.14436340332031,674700
2007-12-27,51.59971542402128,51.75869706400846,51.38964012327148,51.7019157409668,468600
2007-12-28,52.03692132670907,52.564955717418634,51.951753651083415,52.5081787109375,1967800
2007-12-31,52.678502436774785,52.96239176168244,52.576302106535735,52.82612609863281,1647600
2008-01-02,52.9453562991211,53.785670562464205,52.916965635406775,53.586944580078125,2959600
2008-01-03,53.371193154737234,53.586947482507874,53.18382516041132,53.51313781738281,1256700
2008-01-04,53.655115765362964,53.81977219599451,53.484780331796536,53.5245246887207,2420200
2008-01-07,53.47336257829457,53.81402870538246,53.388194963571394,53.75725173950195,1315500
2008-01-08,53.620991700468885,53.77428995738074,53.331423513185094,53.694801330566406,1604800
2008-01-09,53.81975070284194,54.10931909154046,53.723229350545196,53.79703903198242,2203500
2008-01-10,53.86514601881367,53.91056500509317,52.97940864336996,53.070255279541016,2681800
2008-01-11,53.098678108277966,53.530191263131115,53.03054741611785,53.48476791381836,1872900
2008-01-14,53.48473809081121,53.683464050292976,53.37118411265586,53.68346405029297,906100
2008-01-15,54.02984059081748,54.296693027133855,53.97873823880176,54.28533935546875,1435300
2008-01-16,54.325075415082836,54.44430844251478,53.78568729120379,53.89356231689453,3505100
2008-01-17,53.91626472220945,54.671411431303014,53.899232054333424,54.591922760009766,2940500
2008-01-18,54.25125182410549,54.37615948858046,54.06388382968202,54.21718215942383,2676800
2008-01-22,54.73949532731894,54.858728222937536,54.10926121347521,54.79627227783203,5423500
2008-01-23,55.63094143553633,55.73314174266567,54.43860307509189,54.67139434814453,7636600
2008-01-24,54.251253861814035,54.36480786353183,53.564237856456614,53.57559585571289,5676700
2008-01-25,53.479109373960824,54.50678805422047,53.44503968579592,54.478397369384766,4371100
2008-01-28,54.325062445543765,54.50675144375064,54.14337344733689,54.27396011352539,1633500
2008-01-29,54.09794606283518,54.12065772738583,53.70050276271642,53.904903411865234,3100200
2008-01-30,53.76295515295312,53.80837414720241,53.138395249198965,53.55287551879883,3468000
2008-01-31,54.109341159185334,54.18315087072469,53.72892593190236,53.933326721191406,11441000
2008-02-01,54.12643195350227,54.354333588994706,53.87573971977437,54.257476806640625,4163700
2008-02-04,53.778876849840486,53.93271228380066,53.63074015150963,53.69911193847656,1729600
2008-02-05,54.360048233606065,54.47399691126802,53.9954029019883,54.10935592651367,2594600
2008-02-06,53.915591034730674,54.040937079186385,53.76176001908206,53.9440803527832,1339800
2008-02-07,53.85867254380729,53.85867254380729,52.44568958046866,52.78184127807617,5419700
2008-02-08,53.12934802221172,53.40283076111097,53.038185660291745,53.38573455810547,2832800
2008-02-11,53.71620636574257,53.95550111127087,53.40284544093985,53.60795211791992,2960200
2008-02-12,53.169289143080434,53.35730846188103,52.964177949273505,53.288936614990234,2897700
2008-02-13,52.947044967835076,53.2262221855468,52.645077152187,52.7248420715332,3697500
2008-02-14,52.30319872949248,52.47412160173855,51.65368225186595,51.949951171875,7505000
2008-02-15,52.19498477964852,52.45707019666346,52.10952110419812,52.34881591796875,3687800
2008-02-19,51.92718582743538,52.24624548820723,51.642309888357126,51.818931579589844,2911600
2008-02-20,51.63094823625426,52.17790985107422,51.596760146858664,52.17790985107422,2550100
2008-02-21,52.46273056765855,52.90143740540722,52.445638714440534,52.73051452636719,4197200
2008-02-22,52.69635005756052,52.90146108169487,52.34310667466616,52.428565979003906,1959700
2008-02-25,52.388686754288926,52.49694100894632,51.64801187419583,51.89300537109375,3460900
2008-02-26,51.82459728594132,52.041101296785264,51.69355687172441,51.91006088256836,2618900
2008-02-27,52.09248511629993,52.17225013978467,51.625288115803116,51.955745697021484,2494400
2008-02-28,52.610916027024864,52.89579212683816,52.52545667457233,52.878700256347656,3410900
2008-02-29,53.35728307680427,53.818780869876534,53.28321252452909,53.687740325927734,3822000
2008-03-03,53.56649451465421,53.86958170648669,53.326312705614384,53.549339294433594,2036900
2008-03-04,53.72090464221975,53.82384033498759,52.91457432170901,53.02894973754883,3401100
2008-03-05,53.21764210278734,53.21764210278734,52.32553599992405,52.394161224365234,3871200
2008-03-06,52.508551618806955,52.863108864841664,52.42277114733352,52.67439270019531,1342600
2008-03-07,53.34922828004322,53.38353874652678,52.46283675006707,52.7430534362793,3601300
2008-03-10,53.01752073994685,53.829566723294874,52.960335201946286,53.52075958251953,3579000
2008-03-11,53.183342390104535,53.20049760892852,52.73156938817995,53.06325149536133,3309200
2008-03-12,53.25768210752304,54.14407287559727,53.16618615455307,54.08688735961914,4752900
2008-03-13,54.34421559949519,54.43571590068508,53.33201860468539,53.6636962890625,5763500
2008-03-14,54.10979582116032,54.79031129819586,54.10979582116032,54.32710266113281,6174800
2008-03-17,54.66448762378158,55.076230476863294,54.50436637268911,54.74455261230469,3329300
2008-03-18,54.49861803737119,54.99042121968589,54.29846223112334,54.532928466796875,4022300
2008-03-19,54.39570444456206,55.73958395205141,54.39570444456206,55.43649673461914,5206400
2008-03-20,55.47082906741211,55.89972723030448,55.39648828984942,55.57376480102539,3905900
2008-03-24,55.17344167495405,55.17344167495405,54.44145207631949,54.49864196777344,5596200
2008-03-25,54.544393959635116,54.7960155490497,54.48720842467089,54.72739028930664,2038200
2008-03-26,54.773134249657254,55.01331608704964,54.45861166154137,54.49864196777344,1652000
2008-03-27,54.12119456107616,54.532937232263755,54.06400904851676,54.115474700927734,2405700
2008-03-28,54.3784947530091,54.64727127943881,54.184063269277296,54.64155578613281,1745500
2008-03-31,54.96182451508359,55.081915377177204,54.710203072807026,54.83601379394531,2546300
2008-04-01,54.44894372710819,54.47191606815518,53.85742018510761,53.943565368652344,3821800
2008-04-02,53.97802489564318,54.47766348465931,53.97802489564318,54.05842590332031,3794200
2008-04-03,54.27093221192929,54.368561408786256,54.052701469273565,54.17904281616211,2839100
2008-04-04,54.65568062564098,54.8796554338256,54.55230730020767,54.672908782958984,1745200
2008-04-07,54.339817157072616,54.431702117030476,53.92632388344988,54.38575744628906,2231800
2008-04-08,54.66142487511181,54.69588118979186,54.13307426956648,54.19624710083008,1305200
2008-04-09,54.30536984377541,54.925609907033,54.2996300446622,54.759063720703125,2883600
2008-04-10,54.73611947102904,54.845237051545254,54.31114189766698,54.5753173828125,1846500
2008-04-11,54.902670568162684,55.086445025351644,54.82801370108015,54.94287109375,1987700
2008-04-14,54.7533318516111,54.96007858585162,54.55232929930144,54.621246337890625,3195300
2008-04-15,54.2249688788075,54.316858242995494,53.926337208248604,53.943565368652344,2821600
2008-04-16,53.86891995600449,54.018233632146035,53.08213353922355,53.415225982666016,4691100
2008-04-17,53.39796057548328,53.51281784341063,52.97297904479947,53.323299407958984,2020000
2008-04-18,52.835199068649665,53.34057765630405,52.731825677819444,53.27740478515625,2199700
2008-04-21,53.07065015442635,53.57028444368727,53.00747729783729,53.48988342285156,2805800
2008-04-22,53.35777002439286,53.794231228969174,53.35777002439286,53.67362976074219,1799700
2008-04-23,53.461133336269455,53.771253242622535,53.13952945480298,53.4955940246582,1221100
2008-04-24,52.98450248035783,53.09935982432966,52.72606688413101,53.04193115234375,3213600
2008-04-25,52.91557059233635,52.97874342824709,52.54802193696053,52.73179626464844,1742000
2008-04-28,52.56528695778413,53.03620927657127,52.49637427502858,52.892635345458984,1883900
2008-04-29,53.053400729178975,53.32906441400125,52.92131525762764,53.09360122680664,1269100
2008-04-30,53.076356861020045,53.52430637823862,52.749008799858444,53.47262191772461,2827500
2008-05-01,53.856468479395275,53.97750667265405,53.245508135824174,53.47605895996094,3226500
2008-05-02,52.899782627775664,53.262902281278386,52.76145363460289,52.80179977416992,2730800
2008-05-05,52.945893757966395,52.951658748590084,52.530902381048655,52.80179977416992,1309300
2008-05-06,53.03228642081571,53.07263251123087,52.329107932956546,52.42132568359375,4037500
2008-05-07,52.29456358794932,52.698024775724356,52.231161915956505,52.646148681640625,3876200
2008-05-08,52.70374166801558,53.14178358717518,52.69221170323115,53.11873245239258,2829500
2008-05-09,53.44728459567304,53.52797678752985,53.14756697100946,53.31471633911133,2064300
2008-05-12,53.464559726736375,53.69511066441025,53.228243806337474,53.2340087890625,1947400
2008-05-13,52.928548082053084,53.055351359368906,52.62883044523481,52.651885986328125,2123300
2008-05-14,53.026500604825074,53.03226558616067,52.28874129999289,52.67491149902344,2600900
2008-05-15,52.5481698639079,53.21676776566854,52.5020587539801,53.15336608886719,2164300
2008-05-16,52.9573702715153,53.53951065791359,52.89973361088273,52.9343147277832,1902600
2008-05-19,53.176412511226474,53.176412511226474,52.623092479313414,53.00349807739258,1348200
2008-05-20,53.28014373779297,53.314724854856635,52.96890049203393,53.28014373779297,1466000
2008-05-21,53.05536391095592,53.41271388895541,52.94585116420337,53.29167556762695,1762100
2008-05-22,52.9861904461594,52.9861904461594,52.35793897649864,52.663421630859375,2855900
2008-05-23,52.928525467484,53.1994224628418,52.85359389159775,52.89393997192383,1802000
2008-05-27,52.669196452495854,52.77294422793648,52.438649749202455,52.5366325378418,1985800
2008-05-28,52.18502945841348,52.2541960897604,51.95447841798577,52.06975173950195,3250700
2008-05-29,51.879561755530865,51.931433441549736,51.378113470367275,51.69512176513672,3302400
2008-05-30,51.948687658968076,52.12736693528251,51.9083415767151,52.0351448059082,2514600
2008-06-02,52.05081325657581,52.43260175365608,51.84256338057468,52.235923767089844,3076400
2008-06-03,52.09708072547163,52.87801986450474,51.95246302022581,52.61191940307617,2447700
2008-06-04,52.86645640889717,52.86645640889717,52.004535983901036,52.143367767333984,2813000
2008-06-05,51.95826943332925,52.079747823986736,51.74423355642767,51.83100509643555,2632200
2008-06-06,52.316884663466325,52.69288703848132,52.18383447801658,52.50199508666992,3864800
2008-06-09,52.34002401803936,52.86642999108871,52.17226700742037,52.50199508666992,1812000
2008-06-10,52.43837346349314,52.47308029561094,51.88882361246616,52.16070556640625,1935300
2008-06-11,52.09127591877633,52.478850136442325,51.89459363256753,52.03921127319336,2265400
2008-06-12,51.807797460220236,51.854076142363084,51.37973068384404,51.51856231689453,4413100
2008-06-13,51.46653759212046,51.796265706301284,51.298780563729366,51.40869140625,1983600
2008-06-16,51.54750652550722,51.58799928390717,51.26405721670752,51.42024230957031,1756800
2008-06-17,51.570666076884926,51.64007973940222,51.24671946940581,51.52438735961914,1712200
2008-06-18,51.65164414556836,52.04500435860101,51.53594736915832,51.95823287963867,2590000
2008-06-19,51.784702914017764,51.91775313692521,51.50125346411462,51.65165710449219,1700500
2008-06-20,52.027642350079574,52.102841932286935,51.883024713494635,51.95243835449219,4580900
2008-06-23,52.10867574861105,52.3111397431688,51.964057979157786,52.06239700317383,1594100
2008-06-24,52.282148201969065,52.53089062690029,52.143316554889324,52.4094123840332,3118400
2008-06-25,52.438372612974824,52.50200474641305,51.95245490429943,52.432586669921875,3251600
2008-06-26,52.64085894022902,52.895387582552345,52.51938056458834,52.78547668457031,4052300
2008-06-27,53.063176389004575,53.47389049863789,52.90120071135601,53.40447235107422,4144800
2008-06-30,53.456486112970794,53.69365683432832,53.26558969916334,53.41598892211914,3743000
2008-07-01,53.811893367563925,53.85833461620324,53.2255288641192,53.289390563964844,3805100
2008-07-02,53.388097946631255,53.631931174168166,53.33584986757539,53.56806945800781,2413700
2008-07-03,53.242979334157155,53.58551089397431,53.14428552665135,53.45198059082031,1405100
2008-07-07,53.45199409950308,54.07899802795246,53.16752181743735,53.69582748413086,3528400
2008-07-08,53.70161278227285,54.07316953258411,53.65516708115749,54.04413986206055,2176600
2008-07-09,53.957043133927556,54.363431820583045,53.9454294975634,54.28215408325195,1582000
2008-07-10,54.18348020901458,54.43312033082169,53.95706293915536,54.2763671875,2723600
2008-07-11,54.2937466400495,54.42147002505929,53.33002329468099,53.50419235229492,5466000
2008-07-14,53.63198604610869,54.14288029809744,53.57973791359674,53.974517822265625,4135400
2008-07-15,54.032505972559676,54.24150710281355,53.81769802499213,53.957035064697266,4541400
2008-07-16,53.45778116342276,53.55066813924601,52.952694113971006,52.98172378540039,3435900
2008-07-17,52.981759788317376,53.18495433848274,52.57536625867766,52.70889663696289,5899900
2008-07-18,52.69146210271823,52.946904692149964,52.42440586917612,52.5114860534668,3475200
2008-07-21,52.5114504301231,52.772704093685086,52.39534064363183,52.71464920043945,3657200
2008-07-22,52.62182702036232,52.69149564144716,52.26768594780731,52.45346450805664,2675200
2008-07-23,52.37795240616806,52.4650370068889,52.10508939091929,52.34892272949219,2871900
2008-07-24,52.453416600961816,52.975919708606575,52.453416600961816,52.85980987548828,2613300
2008-07-25,52.56953575993916,52.73789370485041,52.25022704516274,52.331504821777344,3765300
2008-07-28,52.801750529622915,53.10364318262043,52.65661102357194,52.85980987548828,1275900
2008-07-29,52.63338361876085,52.82496436778309,52.43018480151941,52.64499282836914,1349100
2008-07-30,52.30247830138725,52.99915069493481,52.267646231967284,52.69725799560547,1667500
2008-07-31,53.24877530489359,53.44036048934808,52.98752157264503,53.21974563598633,3898700
2008-08-01,53.005335002342655,53.349107159321925,52.92376179745244,53.33745574951172,1804800
2008-08-04,53.0752443216236,53.39571361049481,53.02863424402873,53.215087890625,2029900
2008-08-05,53.226736485617806,53.372403528241506,52.80139121058361,52.818870544433594,2191200
2008-08-06,52.6790020759053,52.6790020759053,52.33522573525205,52.60325241088867,3139500
2008-08-07,52.80719197614529,53.54718272378751,52.69066017033559,53.459781646728516,2765600
2008-08-08,53.54139013966778,53.65209854004206,53.33745712219388,53.60548400878906,1035400
2008-08-11,53.47729404383623,53.47729404383623,52.789745295405254,53.092735290527344,3939400
2008-08-12,53.494783618846164,53.62297137628385,53.43068974012732,53.5880126953125,1315000
2008-08-13,53.78025868272196,53.809389415752825,53.29081524651994,53.40152359008789,1940300
2008-08-14,53.75696377457572,53.95506880813606,53.64625540558312,53.74530792236328,2605300
2008-08-15,53.995890236043415,54.30470383783046,53.93762427360571,54.21147918701172,1964900
2008-08-18,54.234754721018575,54.50278154769988,54.16483293976917,54.42703628540039,1262200
2008-08-19,54.44454075224238,54.49697877833203,54.124071330336456,54.21730041503906,1944700
2008-08-20,54.4095381094644,54.60181962296922,54.27552695428531,54.368751525878906,2500000
2008-08-21,54.55520901689811,54.55520901689811,54.042462722945174,54.26970291137695,2267000
2008-08-22,54.25223198832445,54.28719065491477,53.97837724561976,54.2347526550293,1990000
2008-08-25,54.840735706985086,54.963095502503606,54.683412794599974,54.776641845703125,2028300
2008-08-26,54.74752359697527,54.88736277149605,54.60185649360569,54.82326889038086,1270900
2008-08-27,54.4736746194271,54.93981117875728,54.44454386284877,54.91650390625,1555300
2008-08-28,54.7183464750874,55.009680434949466,54.59015882148354,54.922279357910156,1886500
2008-08-29,54.7824775290466,54.86405518963458,54.48531986463249,54.67759704589844,1739100
2008-09-02,54.37349443010503,55.2097399756127,54.29162014966556,55.18634796142578,2916000
2008-09-03,55.127852708168824,55.49042215029629,55.12200805217686,55.42024612426758,2105000
2008-09-04,55.554722198351804,55.882201238345814,55.44361132625357,55.86465835571289,3049800
2008-09-05,56.15127238386879,56.320861229615986,55.79455624948597,55.83549118041992,4167800
2008-09-08,55.49626646352417,56.069355010986335,55.29743663777367,56.06935501098633,5426200
2008-09-09,56.04015183385061,56.65417564445037,55.87056303047398,56.62493896484375,3890200
2008-09-10,56.127873948785236,56.525529398661654,56.03430586101573,56.274070739746094,2407900
2008-09-11,56.601517071494094,56.64245197059643,56.13953494644234,56.24479675292969,3592000
2008-09-12,56.26236529246259,56.33254134930227,55.40857667798459,55.51968765258789,4138200
2008-09-15,56.30327673467128,57.408523515029756,56.18047203258362,57.320804595947266,5889900
2008-09-16,58.89391185277069,58.98163081536828,57.2565105510935,57.309139251708984,6684400
2008-09-17,57.847092892086536,58.11609420893167,57.15119982995793,57.59563446044922,4371300
2008-09-18,57.27992139943715,57.5957071162389,56.677591119112414,56.75361633300781,4188300
2008-09-19,54.88808094190689,55.56643120529823,54.79451292678062,54.95240783691406,7169200
2008-09-22,54.344215204212716,54.9465446472168,54.15123456861897,54.9465446472168,4726300
2008-09-23,54.741925475721374,55.02846993001943,54.461225680592335,54.73607635498047,2236000
2008-09-24,54.95243424840339,55.40856738745142,54.73606145560621,54.975826263427734,1014900
2008-09-25,55.315026520312486,55.315026520312486,54.4729358733163,54.864742279052734,1881200
2008-09-26,55.010923868775116,55.4319713064919,55.010923868775116,55.26238250732422,1992800
2008-09-29,55.654186217090384,57.26819983277479,55.64834155852889,56.87054443359375,4799800
2008-09-30,56.74775408631793,56.89395089575458,55.32087179851303,55.48461151123047,1358100
2008-10-01,56.33515215153364,56.83961138490224,55.69577752890328,56.182640075683594,1767800
2008-10-02,56.646026047220545,56.81026771849903,56.35273606986613,56.63429641723633,931900
2008-10-03,57.12117757213023,57.361677599334236,56.01254136559617,57.132911682128906,1903100
2008-10-06,57.91889778458169,58.575868880400776,57.84851106109177,58.17112731933594,2906200
2008-10-07,57.67251943097192,58.46440117906177,57.473084468967045,57.995140075683594,1972000
2008-10-08,58.47029148644791,58.62280353145144,56.710551579522615,57.16221618652344,3386300
2008-10-09,57.115254970079384,57.30882282912034,56.44068756211184,56.681182861328125,1785400
2008-10-10,56.66947437227744,56.845450100936866,56.02423749260734,56.28232955932617,2200000
2008-10-13,55.78964467979179,56.282369912916685,55.291052391438676,55.56087875366211,1532100
2008-10-14,55.285173375172455,55.877620517992575,55.0798712391212,55.20305252075195,2100000
2008-10-15,55.208905062112066,55.74855752794737,54.798296422694094,55.730960845947266,1449500
2008-10-16,55.71925497900768,55.883496727910845,55.24412642321609,55.44356155395508,1063200
2008-10-17,55.543281974101646,55.666463282185205,54.5636896141482,55.062286376953125,1691800
2008-10-20,54.81001766732102,55.68988736287819,54.76309020949828,55.50218200683594,1146800
2008-10-21,55.77788147899309,56.30580429290304,55.57257940559742,55.79548263549805,1243700
2008-10-22,56.38211141022081,57.18572371901749,56.22373219115998,56.92763137817383,1069800
2008-10-23,57.45549528951284,58.00688178800233,56.79266166119506,57.349910736083984,1802000
2008-10-24,57.96582953556011,58.100744890971896,56.57563346562045,56.7398796081543,1495400
2008-10-27,57.34991209656144,57.60800867223224,56.48177639244028,56.78093338012695,1534100
2008-10-28,56.41725993546123,56.83959821673977,55.813083301229376,55.953861236572266,1505500
2008-10-29,56.17673761276048,56.31751996723157,55.39072293891335,55.67228317260742,1745800
2008-10-30,55.43176754042767,55.60774319573411,55.02116364504175,55.167808532714844,1326000
2008-10-31,55.513913697998895,55.67815533123724,54.346621111555926,54.452205657958984,2282500
2008-11-03,54.60532442833314,54.83500565048836,54.3874197718352,54.59943389892578,1111600
2008-11-04,54.74667569580152,55.777298365887745,54.52877099944631,55.624176025390625,1608800
2008-11-05,55.88328948226046,56.342651879347926,55.594716475169584,56.28376007080078,1931700
2008-11-06,55.7125576335326,55.97757778544938,55.24730422711842,55.87745666503906,919700
2008-11-07,55.665378222377456,55.665378222377456,55.09412280499339,55.51226043701172,1277100
2008-11-10,55.24143633606223,56.00703987577669,55.17076337369776,55.78324890136719,1352100
2008-11-11,56.07176760793816,56.4251230887652,55.92453578316367,55.94809341430664,696000
2008-11-12,56.28969068225713,56.57826389483466,56.04234221433353,56.30735778808594,1199400
2008-11-13,55.89505626720645,56.095289263769146,54.917435420960345,54.95866012573242,1631900
2008-11-14,56.0128606946329,56.21898429518459,55.824404189391714,56.048194885253906,1059300
2008-11-17,56.348599087938425,56.55472287176719,56.11891765836331,56.29559326171875,490300
2008-11-18,56.760764411659046,57.12590065191844,56.51341622946154,57.019893646240234,924800
2008-11-19,57.402757180264935,58.52172019315339,57.24963479075564,58.48049545288086,2090400
2008-11-20,59.9645704069305,61.50756136778939,59.540542082226786,61.501670837402344,5459800
2008-11-21,60.80674332631823,61.23666222948928,59.74667239600514,60.612396240234375,3249300
2008-11-24,60.158916288034234,60.241365739198486,59.481649087906646,59.664215087890625,1587300
2008-11-25,61.219005194140834,61.525249977126364,60.471069327176494,61.41924285888672,2632700
2008-11-26,61.67246027336124,62.202495679240876,61.3014332426664,61.501670837402344,2577600
2008-11-28,61.9846055479669,62.408633972283646,61.80203950150356,62.26140213012695,986400
2008-12-01,63.670746579482355,65.2425741346625,63.30437963974957,64.645751953125,4031600
2008-12-02,64.14937091494068,65.21892412766582,63.93073647736741,64.8939208984375,3289300
2008-12-03,65.15976882415126,65.47886137780831,64.14931132505099,65.07704162597656,2951000
2008-12-04,65.66797479668215,66.47161457002238,65.21888542968871,66.35934448242188,2825400
2008-12-05,66.15254115432141,66.77300003763595,65.24844727336944,65.28390502929688,4557600
2008-12-08,65.28388128169858,65.73888099120121,64.8170608217544,65.14205932617188,2119500
2008-12-09,65.34296235938567,66.49523740984712,65.14796057906305,66.43023681640625,2055500
2008-12-10,65.809841521353,66.270751953125,65.66211358766716,66.270751953125,2414900
2008-12-11,66.28845169165061,66.43617956540554,65.5143590758297,66.40072631835938,2416900
2008-12-12,66.50118019052148,66.51299643677122,65.20117219649981,66.40072631835938,2547100
2008-12-15,66.38886481113101,67.3284158557852,66.21159417642049,67.15705108642578,1707700
2008-12-16,68.81754302978516,69.07754549571959,67.34617486491214,68.81754302978516,4015100
2008-12-17,71.36435887152327,71.5770873095891,70.47208601505916,70.684814453125,6407500
2008-12-18,71.34661025006127,72.77070827079955,71.17524547734001,72.16797637939453,4442000
2008-12-19,71.76031042751221,72.67622075717215,71.66576240188904,72.24485778808594,2668500
2008-12-22,72.3216365079516,72.3216365079516,71.34072605545266,71.68936157226562,2221400
2008-12-23,70.9920557799914,71.7956951980154,70.85023838513237,71.59478759765625,1746400
2008-12-24,71.34071591007125,71.68935137730467,71.27571531307943,71.44116973876953,717200
2008-12-26,71.84888100967581,72.07343012087422,71.61842603324149,71.67752075195312,454400
2008-12-29,71.99472626766496,72.3386039993341,71.5085560179732,71.59156036376953,1416000
2008-12-30,71.43744366239484,72.28527807229916,71.18843049894319,72.27342224121094,2590500
2008-12-31,71.98292515052803,72.33272879889677,70.46512055227782,70.76156616210938,2738000
2009-01-02,71.17657158435405,71.41372438304369,68.98287200927734,68.98287200927734,3464200
2009-01-05,68.53823675294808,68.87025897322356,66.75956276529335,67.20423126220703,5395200
2009-01-06,66.17853185795448,67.15087327691398,65.81093760506906,66.52833557128906,4109300
2009-01-07,66.38009583882716,66.80697821132777,66.04807822617146,66.78919219970703,2565600
2009-01-08,66.78322642202106,66.94923513985661,66.39784645653235,66.73579406738281,2603600
2009-01-09,66.08362718985428,67.20419076495284,65.97097645769756,66.83660125732422,2727900
2009-01-12,66.14885152152085,67.61922325477707,66.14885152152085,67.53028869628906,2462800
2009-01-13,67.29309348404054,67.63697117071963,66.97293196782864,67.60139465332031,1767400
2009-01-14,67.97497338060293,68.79909174303558,67.97497338060293,68.7160873413086,2494800
2009-01-15,68.89392319715333,69.32080538393231,68.52633372118156,68.82870483398438,2827200
2009-01-16,67.2456484148031,68.82866517582987,67.21007642753388,67.76739501953125,2994800
2009-01-20,66.57577034191509,67.96313393192453,66.54019830834625,67.75562286376953,3268300
2009-01-21,66.36227045425811,67.02037963417146,65.4551482125932,65.61522674560547,2838100
2009-01-22,65.57377152300867,65.67456195016548,63.96110659489454,64.3524169921875,4016600
2009-01-23,63.984815961946346,64.22197334196959,63.25556233337082,63.848453521728516,2676200
2009-01-26,63.69427319361983,63.92550029591014,63.02430806690674,63.291107177734375,2240900
2009-01-27,63.91368375187736,64.97495519500475,63.81288879340355,64.77930450439453,3420800
2009-01-28,64.80890732671006,65.10535279727175,62.68043101930856,63.16067123413086,4348100
2009-01-29,62.58555234113593,63.030220447819026,61.45906342292374,61.70807647705078,3724400
2009-01-30,61.98675048129341,62.17647540389661,61.32864116652005,61.51243591308594,2630000
2009-02-02,61.842406327334494,62.82931869312983,61.46785770795059,62.65690612792969,2700200
2009-02-03,62.0088507294125,62.323947701901396,61.08733677874763,61.16462326049805,2846400
2009-02-04,61.08737277489319,61.15871732491234,60.41556193835646,60.95063018798828,2305400
2009-02-05,61.378649242425276,61.75914419462813,60.76629032046936,61.00410079956055,2279500
2009-02-06,60.790099408123375,61.15275953274232,60.58201684543865,60.813880920410156,1667500
2009-02-09,60.457170711989704,61.039801920313145,60.082617542207565,61.01007843017578,2257300
2009-02-10,61.89592214545632,62.40126686805278,61.503533949834924,62.33586883544922,3782800
2009-02-11,62.84715090259168,63.316825551927906,62.740136368111784,63.144412994384766,2774200
2009-02-12,63.0076747708191,63.12657779281241,62.27046151971008,62.549888610839844,1818400
2009-02-13,61.8007750171954,61.8007750171954,60.77819743096991,60.88521194458008,2466800
2009-02-17,62.15750586222176,62.81742807581405,62.038598302737796,62.78175354003906,2813900
2009-02-18,63.055238343243836,63.352500458059595,62.008878964911496,62.24668502807617,2768600
2009-02-19,61.05169656368114,61.86619188162585,60.77821595352321,61.18843460083008,3219400
2009-02-20,61.991060702471785,62.52019162142619,61.41437581194035,61.78297805786133,4272000
2009-02-23,61.592723525098776,62.353713989257805,61.33707786580839,62.35371398925781,2688700
2009-02-24,62.8411918637086,63.42382744325643,62.288284301757805,62.28828430175781,4197100
2009-02-25,62.567740281782,62.716371366806285,61.25384203447061,61.568939208984375,3908100
2009-02-26,61.15867074025674,61.3905346813822,60.6295448709338,60.920860290527344,2611100
2009-02-27,60.98035258146912,61.24194470483358,60.1717992327609,60.57012939453125,3267700
2009-03-02,60.940981807474216,61.57292556762696,60.863476181336985,61.57292556762695,3302000
2009-03-03,60.9469603585373,61.745832519392664,60.69656345057282,61.16157913208008,3084900
2009-03-04,60.50570927877909,60.95880287690624,60.308975278881555,60.88130187988281,3178400
2009-03-05,62.014091538140846,62.86066308596648,61.66831366201993,62.57449722290039,4562400
2009-03-06,62.15713882446289,63.176596414195046,62.055785728435076,62.15713882446289,3125900
2009-03-09,62.306209519377575,62.330057049497846,61.47752717861606,61.79349899291992,2070500
2009-03-10,61.06614227021261,61.25691789095204,60.51766292914293,60.60708999633789,2602600
2009-03-11,60.386486341783616,61.26286315917969,60.17186326207649,61.26286315917969,3101500
2009-03-12,61.20330135143514,61.98428880992136,60.99463655244668,61.5550422668457,3558900
2009-03-13,61.25692041872623,61.93059586228831,61.00652825900755,61.244998931884766,2504000
2009-03-16,60.106302756559785,60.48189099068359,59.91552713071837,60.27919387817383,3265600
2009-03-17,60.64286226516302,61.00652902245053,59.84994920101484,59.951297760009766,3076200
2009-03-18,60.28519873378487,64.42861186515111,60.15403954715983,62.2227668762207,8578800
2009-03-19,62.96792969758077,62.99177721482434,62.13328478785129,62.30021286010742,3650900
2009-03-20,62.3717965927624,62.598341333479,61.87100749689961,61.954471588134766,3479700
2009-03-23,62.17502114006984,62.25252216517732,61.38807120997004,61.417877197265625,2097000
2009-03-24,60.923017066124316,62.69365441549766,60.76801056642412,62.00209045410156,5477100
2009-03-25,61.57881145632384,61.83516645181112,60.99455894970868,61.167449951171875,2549600
2009-03-26,61.07203937709912,62.037837924831216,60.90511145766121,61.87687301635742,2385300
2009-03-27,62.09156557807689,62.556580889128014,61.73982031173708,62.335994720458984,1853900
2009-03-30,62.86066308596648,63.11701839405307,61.96640101800657,62.57449722290039,2300100
2009-03-31,62.62215924660406,63.07525306217874,62.598311724894906,63.0215950012207,1094600
2009-04-01,63.447281567602104,63.710346720292094,63.09452858164772,63.59675216674805,2383400
2009-04-02,63.30979408254934,63.41741314309481,62.682015469120294,62.81953048706055,1766300
2009-04-03,62.72385858350289,62.87332921641203,61.378622887320624,61.5340690612793,3316800
2009-04-06,61.90476159985606,61.9346529913484,61.11555679304287,61.2710075378418,1418100
2009-04-07,61.306824648096054,61.767191809736545,61.27095318553335,61.42639923095703,1312600
2009-04-08,61.62375087941774,62.09607861549139,61.55200333520398,61.970523834228516,1007800
2009-04-09,61.264969528333125,61.68946520274689,60.972008624310774,61.19322204589844,1088800
2009-04-13,61.55793921032119,61.886776183190825,61.54000347752436,61.75524139404297,946600
2009-04-14,61.73139007889219,62.305356935637576,61.5400677933104,62.078163146972656,1336000
2009-04-15,62.25750488812035,62.359148382793585,61.51015174144968,61.970523834228516,1152500
2009-04-16,61.49221458467086,61.85094317454452,61.45036299187696,61.48025894165039,1055600
2009-04-17,61.26503681379868,61.40852737478155,60.60736680102098,60.804664611816406,2582800
2009-04-20,61.36062579576971,61.820997473525416,61.253006857207886,61.72533416748047,1714400
2009-04-21,62.203696982266706,62.30533591436553,61.11555099487305,61.11555099487305,909100
2009-04-22,61.2530415867386,61.31880900656424,60.451881471015426,60.744842529296875,2278100
2009-04-23,60.59538583095628,60.8345397249723,60.35025639666368,60.73887634277344,1688300
2009-04-24,60.26051729187657,60.37411631263117,59.84797732090616,60.12898254394531,2830000
2009-04-27,60.428001965026404,60.49974952838015,59.82413918421014,60.38615036010742,2294600
2009-04-28,60.68508381544683,60.732915518135925,59.24418456194297,59.399635314941406,2332500
2009-04-29,59.59098129224403,59.83611544502185,58.68220138670305,58.8735237121582,3752600
2009-04-30,58.58048675362894,58.80768029626614,58.22773396320264,58.64027404785156,2778100
2009-05-01,58.2427269350247,58.34467459414052,57.912890890429985,58.23672866821289,2772200
2009-05-04,58.38659493336208,58.66245545150558,58.04476727225684,58.42857360839844,2246700
2009-05-05,58.44660316290214,58.668493209093505,58.02681612992984,58.35664749145508,1369000
2009-05-06,58.24266980382879,58.770402382181736,58.170704398690084,58.21868133544922,2045900
2009-05-07,57.53508613782142,57.9908537874187,56.569571009185736,56.797454833984375,5755200
2009-05-08,56.98335525063948,57.205245365321296,56.75547144459049,56.93538284301758,2193400
2009-05-11,57.60107249865953,57.84094836225531,57.44514952705122,57.744998931884766,2167400
2009-05-12,57.678965766896496,58.18270999504977,57.4510821268272,57.95482635498047,2304800
2009-05-13,58.386673956342435,58.72850208009224,58.31470845516509,58.58457565307617,1917500
2009-05-14,58.53057610661524,58.92038106947043,58.35066929129981,58.812435150146484,1704600
2009-05-15,58.77047561305772,58.800462379730284,58.44663774941457,58.794464111328125,2306600
2009-05-18,58.77646596482995,58.83643491475961,57.79296054490322,57.882911682128906,2234700
2009-05-19,57.685021911934044,57.85293682314214,57.397164510335756,57.57707595825195,1624300
2009-05-20,57.52905508249324,58.26668596592467,57.469086170707804,58.18272399902344,2825700
2009-05-21,58.50059941426753,58.554570091325296,56.58156117681281,56.7194938659668,4771700
2009-05-22,56.263760826301535,56.665558064142274,55.98190156009255,56.089847564697266,4483400
2009-05-26,56.40167393215206,56.43165612692862,55.24425506591797,55.24425506591797,3633100
2009-05-27,55.31618837879532,55.520088248043585,54.20074880236733,54.26671600341797,7490200
2009-05-28,55.03431233618077,55.16025300858391,54.11078095768139,55.05230712890625,9824300
2009-05-29,54.99236495522188,56.509606399017535,54.9563844999502,56.4736213684082,4746700
2009-06-01,55.55604383204903,55.580110246436,54.49113138907087,54.803985595703125,6987000
2009-06-02,55.1168684037692,55.2131295130533,54.61750041564194,55.098819732666016,5063600
2009-06-03,55.327483074534236,55.718554722854414,54.94844694227561,55.616275787353516,6727200
2009-06-04,55.00859682544408,55.183075042528266,54.29263527778887,54.46711349487305,5438600
2009-06-05,54.09410259072914,54.68973204046879,53.87750922896856,54.05198287963867,8439600
2009-06-08,54.394885833958284,54.58741261375931,53.83535416294273,53.91356658935547,4084000
2009-06-09,54.26252864028072,54.3347233215849,53.69697915565932,53.907554626464844,6046300
2009-06-10,53.46839308218691,53.805314075351916,52.68023205859837,53.05927276611328,12142000
2009-06-11,52.80051478279057,53.85940965190837,52.75839969811202,53.648834228515625,10692800
2009-06-12,53.7992499304444,54.53927743402287,53.7992499304444,54.130157470703125,6606800
2009-06-15,54.473121564890015,54.840126613115494,54.43702421267193,54.617515563964844,4518700
2009-06-16,54.725812304325416,55.61023415679948,54.62955116817855,55.568119049072266,5376000
2009-06-17,55.62228471946922,56.15173722095198,55.255279541015625,55.255279541015625,7197200
2009-06-18,54.90027223316982,55.09881678508596,54.21439522673315,54.41895294189453,6794000
2009-06-19,54.3467909006436,55.17104459996207,54.274591586530946,55.16503143310547,4750700
2009-06-22,55.616235964703804,55.89901071701834,55.38760722528295,55.70046615600586,3952300
2009-06-23,55.81478287446815,56.44049622350216,55.70047308074777,56.356266021728516,5356900
2009-06-24,56.34426678815588,56.5969575355773,55.74863728631844,55.79075241088867,6550400
2009-06-25,56.08556396399917,56.85567179997882,55.75465610156818,56.81355667114258,7140000
2009-06-26,56.927828041999895,57.09628842983642,56.681150623952625,56.90977478027344,4050400
2009-06-29,57.198507406846126,57.37900311351625,56.903702036801654,56.99394989013672,4334900
2009-06-30,56.669115271969446,57.222629243034426,56.44048654333756,56.89773941040039,3743700
2009-07-01,56.38650469787024,56.790902638795885,56.277859993820286,56.78487014770508,3379900
2009-07-02,56.93579315443858,57.104795086719825,56.73661033212541,56.917686462402344,2645100
2009-07-06,56.766789587726244,56.911647724802656,56.368423954569664,56.80904006958008,1886700
2009-07-07,56.507221732681465,57.2677300310252,56.50118463683449,57.189266204833984,2592400
2009-07-08,57.412642228391164,58.432691268637356,57.27381653388253,58.245582580566406,7912900
2009-07-09,57.551456451416016,57.78082021454648,57.008232545262665,57.551456451416016,5241400
2009-07-10,57.71443003634102,58.14297209145122,57.59974814660779,58.08261489868164,3981900
2009-07-13,58.13691862801129,58.305920562183836,57.67819580314484,57.75666427612305,2604300
2009-07-14,57.195336032119,57.41865805175508,56.555537049889985,56.79697036743164,3629100
2009-07-15,55.927807378877915,56.133022670735784,55.33025898326575,55.33629608154297,4664200
2009-07-16,56.01835412552639,56.24168076522772,55.83124547912879,55.93385314941406,4225200
2009-07-17,55.46908243936795,55.746729084797686,55.070716857910156,55.070716857910156,3845700
2009-07-20,54.835307160726956,55.82517916716836,54.80513088788198,55.36042404174805,4436500
2009-07-21,55.19748392191781,56.55554125345173,55.10091335069792,56.46500778198242,3895300
2009-07-22,56.37448412229269,56.45294801928441,55.74675913148184,55.958011627197266,1986700
2009-07-23,55.98817828328947,56.01232207736518,54.6663343386309,54.93191146850586,3818800
2009-07-24,54.925862054869235,55.197471618652344,54.787036421296804,55.197471618652344,1765300
2009-07-27,54.461109235714055,54.720649219314964,54.28607021375465,54.563716888427734,2755900
2009-07-28,54.75684981013101,55.420787755769794,54.58181082906112,55.046566009521484,3324800
2009-07-29,55.63205720734785,55.704488581933035,54.88965518891859,55.34837341308594,2910200
2009-07-30,55.25179101398117,56.22355654124629,55.06468242592171,56.133018493652344,4040700
2009-07-31,56.646114008303385,57.25573251749619,56.30207279122639,57.22555160522461,5697000
2009-08-03,56.81250095144822,56.84884083939616,56.085767878876055,56.35829162597656,4029300
2009-08-04,56.70348408156014,56.75799159705667,55.51648440040603,55.910133361816406,3832200
2009-08-05,55.29844871033537,56.17053176014339,55.03198248324747,55.07437515258789,4458300
2009-08-06,55.050133123730745,55.64968772524751,54.759437323340585,55.2620964050293,3228500
2009-08-07,54.7594528822323,55.0683163915698,54.6383322929198,54.80184555053711,3543200
2009-08-10,54.81395712343126,55.49829719123083,54.7533968323749,55.48618698120117,3150100
2009-08-11,55.952530415274936,56.2432264062446,55.71028452620955,56.12815856933594,3677800
2009-08-12,56.29162836134154,56.36430345800343,55.16518977557073,55.528560638427734,4729200
2009-08-13,55.59523830485873,56.41281438748307,55.413552677405576,56.315914154052734,3922300
2009-08-14,56.50363862573856,57.04868608799977,56.449131107238884,56.53391647338867,4410400
2009-08-17,56.89724386438201,57.38173529819431,56.84879841736298,57.369625091552734,3569700
2009-08-18,57.32722145500544,57.39383450945162,56.93357281800389,57.03652572631836,2557900
2009-08-19,57.636142613748035,57.75726789043039,57.175880423725694,57.50896453857422,3518200
2009-08-20,57.763302433519,58.06005580226275,57.39993595922332,57.9813232421875,3282700
2009-08-21,57.920750258017044,57.975257758483615,56.77614357321733,56.78825378417969,6258300
2009-08-24,56.61864331042902,57.81775665283204,56.600475696528406,57.81775665283203,4460200
2009-08-25,57.7572525138933,58.19328953249437,57.47867138237499,58.14484405517578,3359700
2009-08-26,58.24779118591346,58.471869400227675,58.08427789794996,58.41130447387695,3225800
2009-08-27,58.24779677564547,58.514267691703886,57.975273062735255,58.18117904663086,2514000
2009-08-28,57.7996269986837,58.44763183593749,57.720894459472134,58.4476318359375,2072500
2009-08-31,58.35678679436851,58.659592867556206,57.99342043063408,58.502132415771484,2899800
2009-09-01,58.21477902915408,58.6765130780296,57.80164954019935,58.36058807373047,3304200
2009-09-02,58.6157501401372,59.33265105894815,58.46993648414551,59.21113967895508,4345000
2009-09-03,58.83439654558851,59.00451229019031,58.65821335024466,58.84654998779297,2703800
2009-09-04,58.59148433675473,58.688688866072845,57.753071516047065,57.84420394897461,3643000
2009-09-08,57.40069792999579,57.94141114240003,57.32779105909633,57.43714904785156,2468900
2009-09-09,57.04224539756954,57.37031936645508,56.81745268689205,57.37031936645508,3182400
2009-09-10,57.67402796752634,58.75545321823008,57.66187915316038,58.4273796081543,4417300
2009-09-11,58.822315553663174,59.34480292649826,58.68865534640042,58.74940872192383,4826200
2009-09-14,58.336290996691154,58.73119496969294,58.11150299858448,58.16617965698242,2119500
2009-09-15,57.83204101625918,58.184412563683495,57.7591341606609,57.868492126464844,2187900
2009-09-16,57.92317810611145,58.29377990342019,57.473597345594584,57.97178268432617,3732300
2009-09-17,58.135816940908704,58.76766249740242,57.8198918450682,58.70083236694336,2832000
2009-09-18,58.44559163289751,58.64608178744822,58.12359482205161,58.17827606201172,2813300
2009-09-21,58.38487193878155,58.62181329968031,57.93529148927935,58.31196975708008,3050200
2009-09-22,58.11142918570096,58.54886043800667,58.0263736238838,58.43342590332031,2068000
2009-09-23,58.28766791825743,58.676495007505196,57.83808283022727,58.60966491699219,5712000
2009-09-24,58.62791082101275,58.98635903533995,58.42742047985373,58.7797966003418,4658400
2009-09-25,59.15037178558148,59.57564992319167,58.791919096580834,59.52705001831055,3854500
2009-09-28,59.733587035001335,60.10418838429891,59.60600364781101,60.04950714111328,4263300
2009-09-29,59.73362936364321,60.25004000207291,59.63034816299435,59.994873046875,3123200
2009-09-30,59.87945422372205,60.225753650256344,59.75794744202766,59.94021224975586,2744800
2009-10-01,60.31010559699664,60.980487819556586,60.212597738089976,60.76108932495117,5754400
2009-10-02,61.114569633153856,61.13285206742356,60.261353719897265,60.34058380126953,4827700
2009-10-05,60.62094933267234,60.73674432847229,60.194338882156714,60.34669876098633,2910100
2009-10-06,60.1882594070262,60.21263755028462,59.712897237625626,59.74946212768555,3936200
2009-10-07,60.13333787209664,60.53556979615615,60.090677333149415,60.45024871826172,3591000
2009-10-08,60.76721434229926,60.79768817834214,59.5300528532932,59.816490173339844,5871600
2009-10-09,59.49348042712578,59.548327745463894,58.20146712697612,58.44524383544922,8135900
2009-10-12,58.52441445365062,58.70724797610839,58.26235555127428,58.53660583496094,1939700
2009-10-13,58.88401110903706,59.02417950678553,58.66461264767703,58.84135055541992,2886500
2009-10-14,58.20756781226302,58.5671348845972,57.83580934615059,57.969886779785156,5421000
2009-10-15,57.63467486651432,58.15269734564185,57.51278886542063,57.70171356201172,3736900
2009-10-16,58.01254289524045,58.219750076984624,57.7322013054168,58.17099380493164,3716800
2009-10-19,58.2563237815627,58.63417797273421,58.128342035275914,58.628082275390625,3163800
2009-10-20,59.12777904275252,59.26795208066648,58.83525088050358,58.944950103759766,2912400
2009-10-21,58.603683088560174,58.634152262608374,58.20754662871208,58.59149169921875,3355200
2009-10-22,58.12835379642467,58.402604436518295,58.09788460285138,58.305091857910156,2572200
2009-10-23,57.8235999629214,58.152697747733356,57.81750891758163,57.86626052856445,2996200
2009-10-26,57.55545433787328,57.59811490685855,57.013053682352044,57.11665725708008,4127400
2009-10-27,57.26906343467999,57.963824491540436,57.238589582324494,57.896785736083984,4476300
2009-10-28,57.98206906279383,58.384301332749956,57.87236977550162,58.17099380493164,4585400
2009-10-29,57.787064940966715,57.93332914877076,57.256850794400975,57.53719711303711,4645300
2009-10-30,57.957719757756145,58.51231216651858,57.817551217944676,58.37213897705078,5118000
2009-11-02,58.395343579754126,58.43814178034371,57.96124621244432,58.114097595214844,3463800
2009-11-03,58.254668855869404,58.303582376394836,57.47207118606278,57.53321075439453,4470700
2009-11-04,57.2336986371579,57.51494475191506,56.73846142037423,57.007476806640625,5349500
2009-11-05,56.78125964077953,57.007476806640625,56.73846142037423,57.007476806640625,2852000
2009-11-06,57.09305222186843,57.1358504265125,56.53056019950231,57.06248474121094,3381100
2009-11-09,57.031865025958986,57.28865403963718,56.940153331173754,57.12969207763672,1697800
2009-11-10,57.50269908841693,57.53326656991262,56.80569707101287,57.02579879760742,2549900
2009-11-11,57.24589036846202,57.569939173936305,57.15418328306243,57.26423645019531,1771100
2009-11-12,57.007430804811044,57.22142173415877,56.52442004162481,57.160282135009766,3431300
2009-11-13,57.368185881653275,57.508806550863156,57.13584877915193,57.42321014404297,1594200
2009-11-16,57.869543249936875,58.35866495038973,57.79005753343043,58.095760345458984,5175700
2009-11-17,58.077421716715,58.572663467988534,57.96736851250476,58.4075813293457,3174400
2009-11-18,58.352539233167285,58.4075634861353,57.92455260769522,58.06517791748047,2413600
2009-11-19,58.23025658892505,58.584872886719076,58.0284963257317,58.16911697387695,2969800
2009-11-20,58.08352815212011,58.30974988840916,57.83284963369272,58.156898498535156,4136300
2009-11-23,57.80226543627459,58.14465095787431,57.6799815609512,58.08351135253906,3219300
2009-11-24,58.15074921302131,58.51147604365014,58.07737890940882,58.45033645629883,2895200
2009-11-25,58.383142493364836,58.83558617458585,58.06521350826287,58.719417572021484,2789300
2009-11-27,58.93951034545898,59.03733283172624,58.74997140671035,58.939510345458984,2249100
2009-11-30,58.817223093588815,59.1412720142744,58.694943826479005,59.08012771606445,3115800
2009-12-01,58.73480140330854,58.839070497598286,58.38518968517366,58.42198944091797,3979100
2009-12-02,58.44653078812595,58.85747703886598,58.26252262952977,58.471065521240234,2193900
2009-12-03,57.91902723877959,58.17049998377439,57.80248846356326,57.86382293701172,3947300
2009-12-04,57.21980431060451,57.44061216004024,56.9867314382092,57.25046920776367,6108100
2009-12-07,57.20751978694955,57.49579688677791,57.097115890834836,57.324058532714844,2774200
2009-12-08,57.68594711264288,57.882220210704695,57.26886619432155,57.409934997558594,2378600
2009-12-09,57.46514117752114,57.68594900502423,56.845652290386354,57.14619445800781,3494300
2009-12-10,56.851787629029346,56.91925694798555,56.39790226886579,56.489906311035156,4446300
2009-12-11,56.33042615648776,56.58803837939808,56.005349302277416,56.4837646484375,3053400
2009-12-14,56.6432354111618,56.73523943804625,56.45923203691208,56.551231384277344,2380400
2009-12-15,56.16482410069184,56.4285665008658,56.115754658910745,56.29976272583008,2993900
2009-12-16,56.38565361844028,56.58192678161299,56.03604190030385,56.23231506347656,3301600
2009-12-17,56.73531112357343,57.18306212440457,56.545172659418135,57.15852737426758,4428900
2009-12-18,57.16460064858066,57.34860875167764,56.827258698930116,56.91312789916992,3789500
2009-12-21,56.465373327326105,56.551242521457525,55.90108871459961,55.90108871459961,3524000
2009-12-22,55.6925267233211,55.73546130199507,55.459449285218334,55.588253021240234,3078800
2009-12-23,55.79068605617997,56.05442849540147,55.50854374344632,55.600547790527344,2336000
2009-12-24,55.40428718660239,55.42268706427006,54.999471159828595,55.02400588989258,1698900
2009-12-28,54.870674133300774,54.97494323934725,54.77253988041053,54.87067413330078,3170900
2009-12-29,54.943306977654665,55.3310969357682,54.90637124625215,55.23261260986328,2617000
2009-12-30,55.349546372605246,55.69425315366212,55.31261534814739,55.59576416015625,1919100
2009-12-31,55.25107022291216,55.46650905770884,54.81403581626337,55.33108901977539,3242400
2010-01-04,55.300318239861056,55.460360553559646,55.14028062237755,55.28185272216797,2829100
2010-01-05,55.42959570417153,55.786606731592684,55.39881670529335,55.638877868652344,2841600
2010-01-06,55.50346302737261,55.55886429134035,54.85714625585778,54.89407730102539,4099600
2010-01-07,54.91863722838831,55.17716364355656,54.857083990902204,54.98634719848633,2793200
2010-01-08,55.09719680114824,55.12797110077248,54.635540040845974,54.96177673339844,2910700
2010-01-11,54.77710608957598,55.00485842342799,54.64168603681073,54.66015625,2181300
2010-01-12,55.49727986286406,55.638851920761645,55.30030187585231,55.59576416015625,4321200
2010-01-13,55.355696190864386,55.571134966967655,54.918661903279734,54.94943618774414,4755000
2010-01-14,55.2080134638802,55.71891021728515,55.11568114104706,55.718910217285156,4188800
2010-01-15,56.03280057366439,56.217465095207366,56.00202628421647,56.06357955932617,4142800
2010-01-19,55.84196923263627,56.088186964124134,55.657304759967225,55.90352249145508,2496000
2010-01-20,56.211314402433224,56.48830651831483,56.18053541346221,56.46984100341797,2800500
2010-01-21,56.35284408032602,56.86989685017065,56.29744288572242,56.72832489013672,4363100
2010-01-22,56.68526026457624,56.82068025534619,56.48828701333253,56.62986373901367,3666900
2010-01-25,56.34671945993426,56.580623746800576,56.315940479145986,56.371341705322266,2419500
2010-01-26,56.64220144870002,56.69760269877746,56.20516697099747,56.38983154296875,3138100
2010-01-27,56.475997643770256,56.685279740528856,56.24209329511988,56.35904312133789,3325700
2010-01-28,56.094345713514144,56.4452044965903,56.05125795756491,56.32825469970703,3058200
2010-01-29,56.266724905559514,56.85148822255324,56.16823588161123,56.820709228515625,4930600
2010-02-01,56.65084797503892,56.66320495911208,56.24315704398768,56.304927825927734,3598500
2010-02-02,56.32344575848922,56.490227303014635,56.23696574091197,56.46552276611328,3047500
2010-02-03,56.09488306891368,56.1937200577687,55.76131530073851,55.810733795166016,5343700
2010-02-04,56.20605675641707,56.71876289027187,56.150464500189926,56.694053649902344,6095000
2010-02-05,56.44077363238291,57.08937330587762,56.34193670339085,56.81758117675781,6875800
2010-02-08,56.74959431219929,56.92255411037019,56.61369598140758,56.891666412353516,3386000
2010-02-09,56.66936442821467,56.965870704585306,56.29873511735691,56.32344436645508,4790000
2010-02-10,56.40987911819713,56.582839010292645,55.71803483701146,55.78598403930664,5068000
2010-02-11,55.71807581323612,55.76749430812211,55.21154802267242,55.48334503173828,5087500
2010-02-12,55.786002730069384,55.85395195513054,55.563624304924716,55.71187973022461,2833800
2010-02-16,55.42776113193714,55.86633973648149,55.42776113193714,55.81692123413086,2440900
2010-02-17,55.54507645336843,55.650087146020574,55.02619676299053,55.180625915527344,4368200
2010-02-18,55.2609394681264,55.285648703474585,54.674110445222595,54.95825958251953,5121800
2010-02-19,55.12504079177398,55.29182695145189,54.91501936142964,55.2547607421875,3502500
2010-02-22,55.050935286791855,55.17447678943907,54.92738907133841,55.02622604370117,3382600
2010-02-23,55.18683772566181,55.928100996432754,55.16213319149573,55.88486099243164,5474500
2010-02-24,55.93428719199817,56.13813026019557,55.7057301606161,56.02076721191406,4423200
2010-02-25,56.32339832178662,56.39134752305591,56.15043843230243,56.335750579833984,3707700
2010-02-26,56.49640150447846,56.86703079635842,56.46551847929263,56.626121520996094,4349100
2010-03-01,56.595155505035514,56.7190891320953,56.36587309443362,56.601348876953125,2415200
2010-03-02,56.316250544085754,56.56412231818581,56.20470848212877,56.52694320678711,2260600
2010-03-03,56.39684138595259,56.440218614756056,56.204738177454395,56.38444519042969,2156100
2010-03-04,56.365810076887676,56.811978199906136,56.28525378213806,56.681846618652344,2374700
2010-03-05,56.28528925059803,56.31007690947018,55.84531894308296,55.93826675415039,3823200
2010-03-08,55.70901958200524,55.75239682676062,55.585081220014814,55.64705276489258,2850400
2010-03-09,55.75855537389751,55.770946837423985,55.399141470726846,55.65940475463867,2573700
2010-03-10,55.45493231096561,55.58506400492904,55.26903191720227,55.51689910888672,3216200
2010-03-11,55.39294634141932,55.85770425661934,55.38055487722926,55.72137451171875,2621000
2010-03-12,55.62843766987257,56.17375680325029,55.60365473450388,56.06841278076172,3099100
2010-03-15,55.987862417446415,56.062225421085806,55.801961999994276,55.99406051635742,1936800
2010-03-16,56.11799256285892,56.44642087951896,56.10560109314674,56.44022750854492,3932600
2010-03-17,56.582696045644,56.681846618652344,56.43397491389103,56.681846618652344,3481200
2010-03-18,56.65093306325065,56.68811693938561,56.39686766978385,56.49601364135742,2750300
2010-03-19,56.551727294921875,56.75002375615955,56.31005363053097,56.551727294921875,2976300
2010-03-22,56.60752947181429,56.694283929481905,56.52697311191246,56.61372756958008,2452300
2010-03-23,56.43399868674319,56.5889179765089,56.33485279972913,56.34724426269531,2910000
2010-03-24,55.67183482689795,55.92590491912645,55.18848704221106,55.31861877441406,8049300
2010-03-25,55.23183158480565,55.299996460519594,54.76088027884305,54.965370178222656,8268400
2010-03-26,54.866238826254836,55.225652861191115,54.83525306443625,55.120304107666016,4110700
2010-03-29,55.01493183177499,55.05830903938875,54.72368284018496,54.90958786010742,3245100
2010-03-30,54.853839919476904,55.12030138355205,54.69892057356724,55.08312225341797,3254600
2010-03-31,55.28763072466993,55.473531149504986,55.120315141777525,55.46113967895508,4263900
2010-04-01,55.213558354600984,55.37527564269332,55.002085916250486,55.32551574707031,2912400
2010-04-05,54.7222314681868,54.821746580736786,54.36770027874796,54.4050178527832,5652000
2010-04-06,54.610266947543394,54.64136334010051,54.330370942324905,54.492088317871094,3584600
2010-04-07,54.39256854821259,55.3068869581992,54.29927462504448,55.18871307373047,6389900
2010-04-08,55.288182760826466,55.437457660651056,55.0331716713496,55.21354293823242,3797600
2010-04-09,55.11402610092536,55.39391712202822,54.989631146071495,55.34416198730469,2311300
2010-04-12,55.46235024655771,55.704923793589124,55.412590353483424,55.636505126953125,2939600
2010-04-13,55.910200808886536,55.94751837003679,55.68006477593843,55.81690216064453,3090900
2010-04-14,55.8293474576604,55.89776615362423,55.42505645751953,55.42505645751953,3570100
2010-04-15,55.26330222943693,55.66759295978178,55.15756604091452,55.48721694946289,3698000
2010-04-16,55.60543954586258,55.972408283434255,55.50591970460213,55.89155197143555,8303900
2010-04-19,55.897769727840334,55.997284817644896,55.680071274744435,55.75471115112305,3211500
2010-04-20,55.88529380414095,55.97237123492307,55.75467765796778,55.953712463378906,2285000
2010-04-21,56.146532709902665,56.49484721942263,56.14031628223177,56.41398620605469,4162200
2010-04-22,56.53839289662384,56.65656672665156,56.18386191581025,56.24605941772461,2841400
2010-04-23,56.10924036888261,56.20253902487037,55.897767844319326,56.04704284667969,4776000
2010-04-26,56.29584262866843,56.38292011647906,55.941311501048794,56.10924530029297,4753900
2010-04-27,56.507301318636635,57.17282466681263,56.414002677321754,56.89915466308594,13199200
2010-04-28,56.681439702206724,56.8182770368005,56.27715361682555,56.41398620605469,8379500
2010-04-29,56.5135455651951,56.73746049761789,56.30206824218783,56.65038299560547,4067200
2010-04-30,56.77474278898404,57.32830859863985,56.66900656587339,57.303428649902344,6924800
2010-05-03,57.05998426069497,57.43447457108113,56.97260334700162,57.22850799560547,4211800
2010-05-04,57.927588476321056,58.33953138696923,57.77155036081591,58.25838851928711,11054800
2010-05-05,58.70778936463378,59.20087046765801,58.26464161019824,58.6016845703125,12219100
2010-05-06,58.77021578027667,62.41526496873556,58.53303472577512,60.41173553466797,19578200
2010-05-07,59.84370641085231,61.22308209053528,59.46297321850736,59.656463623046875,18740600
2010-05-10,58.14609127135657,58.63292981182122,58.10239599330086,58.42071533203125,10240100
2010-05-11,58.657857942831185,58.68281985401282,58.039943498201026,58.27088165283203,7729100
2010-05-12,58.133534809495615,58.20843478685633,57.80273490948328,57.827701568603516,5530800
2010-05-13,58.208457946777344,58.389462725989574,57.5468531216107,58.208457946777344,6849700
2010-05-14,58.74522161140622,59.60655015060577,58.726493040678434,59.219573974609375,9796500
2010-05-17,59.119704347857315,59.737613767797995,58.963666278848784,59.00111389160156,6302200
2010-05-18,59.23205375227233,60.02472507174329,59.15091090629769,59.9061393737793,9904100
2010-05-19,59.881193083085314,60.511583686980025,59.87495022467778,60.10588836669922,14121200
2010-05-20,61.11078945874266,61.52272773971783,60.873608399420156,61.37293243408203,17666900
2010-05-21,62.171825701380406,62.259206663113055,61.07955891781702,61.435325622558594,18670600
2010-05-24,61.62881407497948,61.70995694438429,61.10452828146601,61.223114013671875,7721100
2010-05-25,62.196790848050206,62.34658609850964,61.41660030746228,61.522705078125,12952700
2010-05-26,61.304255685053214,61.416603318882785,60.79245085580858,61.34794616699219,12644800
2010-05-27,60.43667374151186,60.53653564222724,59.843726146491164,59.95607376098633,7653200
2010-05-28,60.22449291845087,60.40549777356735,59.93114038643131,60.230735778808594,5805500
2010-06-01,60.89206443169872,60.92963899795913,60.278319440508966,60.65407943725586,5536200
2010-06-02,60.74175417047333,60.86701068305561,60.009021489544715,60.077911376953125,5656400
2010-06-03,59.62698307114554,60.06537359211842,59.55809320039332,59.63951110839844,8499500
2010-06-04,60.71046301332861,61.34299068618472,60.560155150230095,61.24279022216797,7479600
2010-06-07,61.07370117429504,61.743808268919594,60.95471341001178,61.71249771118164,5288200
2010-06-08,61.330432354095976,61.693668981829056,61.22396792880924,61.40558624267578,5510800
2010-06-09,61.12379340689572,61.44945564273104,60.87954911904353,61.336727142333984,5598000
2010-06-10,60.87326533823977,60.92963195916632,60.17810727444355,60.24073791503906,6075100
2010-06-11,60.804384639165,61.25529856248973,60.5037785423137,61.00479507446289,6266700
2010-06-14,60.322153478781274,60.773067352097016,60.259527613720145,60.691654205322266,5310400
2010-06-15,60.81691833973222,60.90459552430999,60.15307543420103,60.441158294677734,4920100
2010-06-16,60.867001411381956,60.885788690895644,60.36598499346583,60.78558349609375,4011100
2010-06-17,60.841925976241846,61.51829643869347,60.79182339871696,61.280311584472656,5650900
2010-06-18,61.30541228918904,61.44319209941914,61.105006595594894,61.18016052246094,4171700
2010-06-21,60.409837345279755,61.09247225088183,60.37852679830028,61.00479507446289,5740900
2010-06-22,61.17386493651548,61.75003041105551,61.0110339013468,61.73124313354492,5658900
2010-06-23,61.756282231257096,62.3574988830722,61.73123094017581,62.15082931518555,9137800
2010-06-24,62.21969652440195,62.369999438137114,61.593428809454686,61.78131103515625,6184600
2010-06-25,61.574671153366154,62.20720318749575,61.47447075537146,62.0318489074707,5148300
2010-06-28,62.37630718828446,62.62681540551589,62.26357872943266,62.61429214477539,5436000
2010-06-29,62.827223457329026,63.33449915278825,62.72702303338325,63.29692459106445,7334200
2010-06-30,63.50985326458121,63.747833433539,63.12782932359196,63.722782135009766,7205700
2010-07-01,63.80443945779249,64.48916026460907,63.685083355538254,63.82328414916992,12893400
2010-07-02,63.515513232534055,63.72281454338944,62.918741959932895,63.31449508666992,6297600
2010-07-06,63.33961195502594,63.917538424946756,63.28307306522401,63.83587646484375,6620400
2010-07-07,63.735398511800526,63.76680955516095,63.03183235733718,63.08837127685547,5727800
2010-07-08,62.70520412185667,62.91878875655951,62.53559688215064,62.68635940551758,6260600
2010-07-09,62.44128950035105,62.592051832957225,62.30308869852532,62.328216552734375,4286000
2010-07-12,62.39733267950482,62.71770211795391,62.21515928506255,62.303104400634766,4062100
2010-07-13,62.09581388259344,62.12094174748025,61.67493292920224,61.769161224365234,5842500
2010-07-14,62.01410978189955,62.497807672543416,61.80680863191778,62.39101791381836,5417300
2010-07-15,62.65487587888079,63.18882965904866,62.629748021941886,63.012939453125,6996100
2010-07-16,63.01292335700952,63.52803231105518,62.98779550648931,63.320735931396484,7512400
2010-07-19,63.16993590425246,63.289291933853505,62.80559424322207,62.93122863769531,4305800
2010-07-20,63.239069348015086,63.383553290639085,62.931261565647816,63.025489807128906,5076600
2010-07-21,63.100870486980185,64.25044452421801,63.075747428291436,64.09339904785156,7894200
2010-07-22,63.76671780216487,63.77299616768124,63.33327094926353,63.352115631103516,5759700
2010-07-23,63.32078332366448,63.427573173816356,62.62350052595348,62.68003463745117,6259100
2010-07-26,62.58578464800081,62.69885762448249,62.1900316266396,62.57322311401367,4856400
2010-07-27,62.05178900326078,62.30306264763769,61.91987141830828,61.97012710571289,5328000
2010-07-28,61.8696436279618,62.30937390205756,61.731442821607374,62.171173095703125,5507200
2010-07-29,61.62463042621117,62.20255650201026,61.511557516368164,62.152305603027344,6305500
2010-07-30,62.94382169420034,63.20137856234189,62.723958997401056,63.11971664428711,7683200
2010-08-02,62.54243464097292,62.59915639996658,62.2336311340332,62.2336311340332,5769200
2010-08-03,62.517218515927716,62.80712114833035,62.34706287427022,62.59284591674805,4363500
2010-08-04,62.70626735501518,62.71257083871959,62.11386489868164,62.11386489868164,3820400
2010-08-05,62.605442504218885,62.69997554478812,62.29033557442157,62.40377426147461,3704200
2010-08-06,62.88910008737873,63.15378900050617,62.70003383048505,63.08446502685547,6042400
2010-08-09,62.857567448890194,63.008822329557724,62.775641327976786,62.85126876831055,2578500
2010-08-10,63.05924996848995,63.65795652049964,62.68742578840487,62.98362731933594,11251000
2010-08-11,63.21679348513935,63.89742606792329,63.21679348513935,63.828102111816406,6778300
2010-08-12,64.01714041189253,64.24401784057748,63.56968904091701,63.6705207824707,7590100
2010-08-13,64.04234974514013,64.56542372184248,63.95412016795412,64.46459197998047,7843600
2010-08-16,65.67461287175625,66.10315866570541,65.58638327960368,66.07794952392578,7976200
2010-08-17,66.07791828622369,66.08422177072673,65.54223749906325,65.69979095458984,6756800
2010-08-18,66.17251380122671,66.58215413400805,65.85110310219467,65.87631225585938,7721600
2010-08-19,66.04016144465389,67.18715135423794,65.94562833176678,66.90355682373047,13128500
2010-08-20,67.06108469551627,67.32577346358586,66.70185804265498,66.8279037475586,7040300
2010-08-23,66.58213742018158,66.92245369699543,66.33005075496911,66.84052276611328,6360100
2010-08-24,67.45811794178712,68.1450490039007,67.22493699350393,67.91187286376953,9812100
2010-08-25,68.56728893310346,68.90760028083928,67.47701653693748,67.69129180908203,13299800
2010-08-26,67.78582767920037,68.37192698990282,67.61567198622639,68.32781219482422,7039900
2010-08-27,67.9181758437545,68.27109903217375,66.29852569409759,66.39305877685547,13514000
2010-08-30,66.93507896533734,67.68503573090628,66.68929570417951,67.66613006591797,5535300
2010-08-31,68.20176803537788,68.4727602802304,67.82364055162252,68.4160385131836,8397000
2010-09-01,67.64620920428501,67.66517593819903,66.42627640197247,67.00148010253906,12480700
2010-09-02,66.4957864312577,66.55899921352108,65.99011793035818,66.29351806640625,8167600
2010-09-03,64.92817438531988,65.69932363635931,64.91552990639308,65.47177124023438,9210700
2010-09-07,66.42626138871721,66.86240454343134,66.24927715853136,66.81183624267578,6018400
2010-09-08,66.4261851648958,66.50203752898881,65.96476321174259,66.28080749511719,6698400
2010-09-09,65.54765662477466,65.63614873847196,64.87764352893551,64.97245788574219,8588900
2010-09-10,64.63113083405045,64.91556908966673,64.37829414991452,64.67537689208984,6910300
2010-09-13,64.3466880136785,65.13679958151612,64.32772128518543,64.99141693115234,7054800
2010-09-14,65.124135910325,65.6234868527849,65.08621210942778,65.6171646118164,5978100
2010-09-15,64.94717328573422,65.26954016765981,64.56159844052831,64.64376831054688,7919100
2010-09-16,64.17596425449806,64.35927055423623,63.746143750187095,64.00530242919922,17116200
2010-09-17,64.36560949336778,64.57419997365672,64.04324282587173,64.26447296142578,9203600
2010-09-20,64.56792858641347,64.7575524994635,64.2771680617695,64.63745880126953,5277800
2010-09-21,64.89657715630676,65.74989635080534,64.63742317125384,65.53498840332031,12664000
2010-09-22,66.08492470369924,66.41360895047261,65.64245939088174,66.12284851074219,8229400
2010-09-23,66.62853702819686,66.66013860048074,65.88898886436435,66.31249237060547,7412200
2010-09-24,65.71196393953447,65.8067782425956,65.42120361328125,65.42120361328125,8942500
2010-09-27,66.07227155112345,66.65379235428958,66.04066999021963,66.5589828491211,7061600
2010-09-28,66.60950930980772,67.20367426524533,66.58422518165565,67.01404571533203,8262900
2010-09-29,67.10891514848585,67.17212310959076,66.59060215149233,66.7359848022461,5507100
2010-09-30,66.6222041146339,66.74229778601263,65.75624015543995,66.69173431396484,10618400
2010-10-01,66.12836548574245,66.70570932440539,65.96975384956298,66.36945343017578,9368400
2010-10-04,66.37573510394122,66.57241179378923,66.24250203916306,66.54068756103516,4422700
2010-10-05,66.44555039455102,66.49630241008917,65.93799151564788,66.1410140991211,8491800
2010-10-06,66.55341306959755,67.31474663887225,66.52803463856296,66.9721450805664,6476100
2010-10-07,66.72471092522152,66.85794405681756,66.40748780034309,66.41383361816406,5780700
2010-10-08,66.53439275773552,66.90871379371087,66.12200164794922,66.12200164794922,6128700
2010-10-11,66.05219018453,66.25521276235736,65.94433549890549,66.1346664428711,1474200
2010-10-12,66.24255506222151,66.46461034792661,65.46218381195251,65.48121643066406,6122400
2010-10-13,64.93556919309535,65.42409548971283,64.7388924152169,65.37968444824219,8168400
2010-10-14,65.53194710308986,65.76034811718156,64.37725523871086,64.40263366699219,10945000
2010-10-15,63.82532388228902,64.11082774264509,63.37486739908884,63.6159553527832,12694700
2010-10-18,64.20594458349034,64.36455611145394,63.93947837821701,64.12981414794922,5592200
2010-10-19,63.81264010836533,64.7706509880249,63.79360748486054,64.51687622070312,8017500
2010-10-20,64.31378594456852,64.8911292263354,64.21227227191947,64.65638732910156,5515800
2010-10-21,64.51683815791367,64.65641710185976,63.882391933024564,63.88873291015625,6836100
2010-10-22,63.72377616226158,64.37725495620731,63.70474355124417,64.32015228271484,4770700
2010-10-25,64.78965411320905,64.89750881620175,64.42801993695527,64.504150390625,5632300
2010-10-26,63.99024858569586,64.11713589837633,63.47634867676703,63.5080680847168,8432000
2010-10-27,63.24164346767833,63.55252097676305,62.94979858398437,62.949798583984375,9245200
2010-10-28,63.17812773695973,63.3367392216335,62.91166160441301,63.12102508544922,8052600
2010-10-29,63.330400561572475,63.73644562097453,63.20351329567393,63.71106719970703,6753800
2010-11-01,64.15597184607958,64.16233302941062,63.32219552252491,63.43675994873047,5921000
2010-11-02,63.93959503371105,64.34056825313169,63.91413572290969,64.27056121826172,6537400
2010-11-03,64.7478821065812,65.09157050209024,62.64753607791856,62.95940399169922,25541800
2010-11-04,63.11853493450765,63.56406548007253,63.06125514120313,63.449501037597656,13246500
2010-11-05,62.596615957392416,62.883029421169,62.36112594604493,62.36112594604492,12435000
2010-11-08,62.74941473637629,62.95945046545417,62.25933622439624,62.64121627807617,6795200
2010-11-09,62.68571151988581,62.70480477672143,61.22183851074282,61.26002502441406,15061700
2010-11-10,61.32370687232416,61.571929068794766,60.46447581870538,61.34280014038086,18540400
2010-11-11,61.38735100588799,61.50191546690008,61.19004743364864,61.310977935791016,3368100
2010-11-12,61.23460687494369,61.57193425466801,60.98001861572266,60.980018615722656,11739500
2010-11-15,60.67449585077509,60.92271798330966,59.707061767578125,59.707061767578125,14978700
2010-11-16,60.40722523119016,61.26009065599937,59.82167054432944,61.19007873535156,19901300
2010-11-17,60.97365649651522,61.584665395773605,60.68087684657851,60.852725982666016,9915600
2010-11-18,60.8972634922693,61.10093307495117,60.337173353860635,61.10093307495117,12424800
2010-11-19,61.15819505187373,61.4764289855957,60.967257605159226,61.4764289855957,8359500
2010-11-22,61.97285668602778,62.1319735981617,61.2536451354303,61.737361907958984,10413500
2010-11-23,62.16381040968608,62.342020621188766,61.89012905463151,62.042884826660156,9566900
2010-11-24,61.61647986116742,61.7310443220554,60.83362675832169,60.93545913696289,11467600
2010-11-26,61.55923087380414,61.81381923164819,61.45103239987785,61.7819938659668,4848900
2010-11-29,62.093824766660745,62.34204693113333,61.794683990022975,62.31022644042969,8950000
2010-11-30,63.143986678200214,63.18217320249745,62.443872882847764,62.63481521606445,11947600
2010-12-01,61.72790200230049,62.021691738039635,61.24250793457032,61.24250793457031,15441200
2010-12-02,61.287219475765404,61.65765194612113,61.01258917846042,61.08284378051758,9318700
2010-12-03,61.49158567614634,61.52352135313241,60.57828086312696,60.60382843017578,10194800
2010-12-06,61.006215250221324,61.472450002017744,60.87209412585026,61.459678649902344,7001800
2010-12-07,60.49523570454904,60.62296862651038,59.498905269694454,60.14396286010742,18533100
2010-12-08,59.85660262644315,59.90769777954234,58.82833581565638,59.56281280517578,19275900
2010-12-09,59.78001613379771,60.20792747997406,59.22437165741267,59.856658935546875,17477100
2010-12-10,59.58194104276771,59.9459852905769,59.48613889909172,59.49252700805664,7078500
2010-12-13,59.428666679784385,60.05456498746243,59.11571265324542,59.716068267822266,12399900
2010-12-14,59.01351459144415,59.40948959458873,58.400387761966414,58.84745788574219,23516400
2010-12-15,58.809158603770236,58.91134400642873,57.7808921032976,58.08106994628906,26084000
2010-12-16,58.13858203179228,58.48985521613984,57.84479212883949,58.48346710205078,17939000
2010-12-17,58.681416706099235,59.888511232368465,58.66864535891181,59.55001449584961,16849700
2010-12-20,59.87574838962763,60.18231436537091,59.16681913887837,59.48615646362305,13703500
2010-12-21,59.47978604876899,59.90131378173828,59.07103454130307,59.90131378173828,8985100
2010-12-22,59.69693149609648,59.74802664711458,59.352046535776985,59.47339630126953,6440900
2010-12-23,59.51172713499549,59.543662828946786,59.09658747714246,59.35205841064453,7091800
2010-12-27,59.243439996513395,59.95875222153942,58.94965035084927,59.88211441040039,5285900
2010-12-28,59.555311194379165,59.64503149127097,58.51711290113039,58.709373474121094,13972100
2010-12-29,58.80547883185032,59.933392054457464,58.61962832724875,59.70268630981445,13115400
2010-12-30,59.523252684440564,59.779598427368285,59.22205169259299,59.657833099365234,7029900
2010-12-31,59.926998344750444,60.68962068996006,59.88213820679694,60.31792449951172,8516000
2011-01-03,59.72832211928392,60.43967915982651,59.56810665770925,59.86290740966797,13799400
2011-01-04,59.862912704046416,60.09361849088113,59.542481752557606,59.93340301513672,10466900
2011-01-05,59.27333023894553,59.401505583884166,58.44021249909703,58.613243103027344,17568000
2011-01-06,58.664484679031986,59.0361856642998,58.42095897629812,58.86956024169922,9317500
2011-01-07,58.64524943670942,59.36301133685206,58.337633701372404,59.183570861816406,12694600
2011-01-10,59.331009163981,59.59376005934813,59.074663368688874,59.5040397644043,8295200
2011-01-11,59.27330025779352,59.34379543950509,58.76061380553041,59.1707649230957,9495400
2011-01-12,58.79268378140935,59.068254661688314,58.606833198022194,58.709373474121094,9522900
2011-01-13,58.71577428981988,59.45276162922668,58.606824041140094,59.23487091064453,14502400
2011-01-14,59.45915448983914,59.53605966274391,58.80547763300418,58.85674285888672,8960700
2011-01-18,58.50429444334918,58.77345531852959,58.145413276441964,58.581199645996094,10663600
2011-01-19,58.58122198521955,59.004188537597656,58.54917691621605,59.004188537597656,8886900
2011-01-20,58.638843989642176,58.709339165917264,57.927487130420175,58.190242767333984,14203400
2011-01-21,58.11976454193215,58.651676177978516,58.004409209782374,58.651676177978516,9085600
2011-01-24,58.87596996420183,58.89519503414895,58.561944190441906,58.67729949951172,7700200
2011-01-25,58.92084992058667,59.53607681288703,58.52351374686845,59.23487091064453,13438100
2011-01-26,59.10025810150866,59.125893152481005,58.247910991875735,58.33763122558594,13322900
2011-01-27,58.363305008398925,58.735006160092226,58.10695921794185,58.600425720214844,10868700
2011-01-28,58.19666297559288,59.138730676451154,58.17102791489201,58.90802001953125,11993200
2011-01-31,58.74135403438725,58.946429472021514,58.35042821743067,58.459373474121094,8647600
2011-02-01,58.234355876895904,58.42085583998166,57.97067505563231,58.170040130615234,11508400
2011-02-02,58.45942897575844,58.5237397964123,57.816310956017645,58.18288803100586,13624600
2011-02-03,57.85483200841698,58.24713395590569,57.69405268261326,57.70048522949219,12785800
2011-02-04,57.559086745728536,57.65555547019843,57.08960823683006,57.115333557128906,17172200
2011-02-07,57.0445861282385,57.43046099889309,56.96098252311816,57.411163330078125,8554800
2011-02-08,57.43685171425415,57.584770973767164,56.825891739595306,56.88376998901367,10454200
2011-02-09,57.03816495416766,57.661990505066264,56.68444791811071,57.3790168762207,13078600
2011-02-10,57.173177258480045,57.32752416704514,56.71013162618499,56.7165641784668,10486800
2011-02-11,57.25677671677533,57.578335615471445,57.07027196673965,57.53331756591797,11333400
2011-02-14,57.436856691209236,57.83559154595184,57.436856691209236,57.5719108581543,8033500
2011-02-15,57.59765874941578,57.86133954061652,57.475469639939185,57.82918167114258,7298000
2011-02-16,57.797040668714615,58.086441927460434,57.456183864201144,57.6426887512207,8446300
2011-02-17,57.89344541902962,57.99634659237561,57.66192759219714,57.732666015625,6732500
2011-02-18,57.50757519501058,57.591183624077345,57.28891756397002,57.55259323120117,6080700
2011-02-22,57.82272336947482,58.48513391402337,57.69409686636869,58.414390563964844,11905700
2011-02-23,58.58803465387649,58.87744062786751,58.35651183732358,58.626625061035156,14522600
2011-02-24,58.92884089711084,59.19252136525333,58.80665193733875,58.99958419799805,12110900
2011-02-25,58.9996547147358,59.34693908691406,58.93534388431801,59.34693908691406,6841700
2011-02-28,59.35977672376093,59.50125852255799,59.2182900183643,59.42408752441406,9682500
2011-03-01,59.04796882575058,59.61574092794457,59.015712179668625,59.59638595581055,8048700
2011-03-02,59.254388224334846,59.35116793908974,58.67371978064704,58.68016815185547,8526400
2011-03-03,58.40919021785947,58.570488105315135,58.054337818909524,58.10594940185547,10607600
2011-03-04,58.131792398802716,58.61568635038391,58.06727418974332,58.58987808227539,9316200
2011-03-07,58.08014645216409,58.622109963157826,57.97046506006082,58.215641021728516,7522300
2011-03-08,58.13819604199306,58.28658730384986,57.84140859585985,57.86076354980469,8498700
2011-03-09,58.125303810601764,58.596295803379526,57.97045921838779,58.422096252441406,8904800
2011-03-10,58.62858094794347,59.422164109581054,58.480184667293116,59.402809143066406,13385800
2011-03-11,59.38346827247672,59.409276541429996,58.925382574009966,59.067325592041016,8407600
2011-03-14,59.0221451260926,59.306026156878715,58.918912080408525,59.041500091552734,6765200
2011-03-15,59.87382249107244,60.03512049894448,59.58993642204178,59.92543411254883,14893800
2011-03-16,60.24150440743222,61.25445439943468,60.05439836783708,60.60280990600586,24294200
2011-03-17,60.15765680765498,60.39637944554364,59.84796763017747,60.138301849365234,10528500
2011-03-18,59.84156252099491,60.31255488244481,59.802852573246184,60.29964828491211,7260900
2011-03-21,60.08670504642704,60.118966602434796,59.72539924676745,59.944766998291016,10542900
2011-03-22,59.88022162430636,60.189915710608304,59.83505841613946,60.144752502441406,6904700
2011-03-23,60.551242272904865,60.57059723702452,59.95766706859842,60.06734848022461,8358000
2011-03-24,59.84803039111571,59.925450305462796,59.6093075028851,59.615760803222656,9477600
2011-03-25,59.912472603245405,59.97699075747508,59.37050927839293,59.467288970947266,6447200
2011-03-28,59.43507757584936,59.78993015530976,59.357652778413794,59.551212310791016,3996800
2011-03-29,59.344746100084876,59.68024368248789,59.08021508964812,59.093116760253906,6487200
2011-03-30,59.17698810727269,59.56410217285156,59.07375506449304,59.56410217285156,5048300
2011-03-31,59.78988649435184,59.822148033663844,59.105985178231506,59.44148254394531,9654300
2011-04-01,59.28338542766649,59.782270758474304,59.23155177318196,59.73044204711914,7860400
2011-04-04,59.736958689907645,59.98316624671783,59.69160544677936,59.79527282714844,4469100
2011-04-05,59.711050702329594,59.85358594498189,59.39357303648648,59.55554962158203,9951600
2011-04-06,59.458375448699705,59.47133634644482,58.66145324707031,58.66145324707031,9090900
2011-04-07,58.65496559450666,58.80398624146867,58.39580204590908,58.544822692871094,9265100
2011-04-08,58.266230614614756,58.51891374927173,58.214396909266085,58.23383331298828,7605700
2011-04-11,58.20144135501307,58.4541244914089,58.084817988743126,58.285667419433594,5734000
2011-04-12,58.706786102095045,59.11496526280781,58.674388812124576,58.91411590576172,7686500
2011-04-13,58.66144626838495,59.28343582153321,58.59665661676955,59.2834358215332,7959300
2011-04-14,59.30931097368322,59.45832657332058,59.10198126839594,59.238040924072266,7609600
2011-04-15,59.77584577949788,60.06740168190997,59.65274198183638,60.04148483276367,10222900
2011-04-18,59.60091490557561,60.32009148410618,59.25104481792824,60.17755126953125,12036700
2011-04-19,60.16456806117968,60.43668746948242,60.0997784320312,60.43668746948242,5295100
2011-04-20,60.300626122220486,60.42372987444049,60.00258988175306,60.047943115234375,6754100
2011-04-21,60.18405978671366,60.404350660104384,59.97024936513523,59.99616622924805,3365600
2011-04-25,60.015574333349676,60.23586510283346,59.93134827206315,60.222904205322266,3626900
2011-04-26,60.43022053180716,60.81896827985991,60.37191133547902,60.806007385253906,7506300
2011-04-27,60.54035611990805,60.624582145281586,60.093299265938725,60.18400573730469,8869300
2011-04-28,60.39786309157666,60.644065856933594,60.23588641730967,60.644065856933594,8110200
2011-04-29,60.55976699208959,60.8513226781578,60.48201650234413,60.831886291503906,5900000
2011-05-02,60.721283773785025,60.95552830112513,60.623681060013276,60.929500579833984,5285100
2011-05-03,61.13773025849165,61.27437210083008,60.890474300586106,61.27437210083008,6486600
2011-05-04,61.365486903214496,61.63226746740454,61.33945916785818,61.54767608642578,7406300
2011-05-05,61.76236486691462,62.22434572823244,61.69078987783778,62.13325119018555,9600000
2011-05-06,61.495629848034234,62.13329203352998,61.391518899383264,61.860008239746094,9451500
2011-05-09,61.74938602606853,61.944586582904265,61.71034194327529,61.7949333190918,3731200
2011-05-10,61.6192459755945,61.74287646714958,61.35247039794922,61.35247039794922,5458300
2011-05-11,61.37199095026922,61.87301117040184,61.280896364790564,61.70383834838867,6078700
2011-05-12,61.78192277451708,61.88603371937019,61.105221490104206,61.313438415527344,8015800
2011-05-13,61.58669376593881,62.13326108122866,61.50861059334849,61.866485595703125,8380000
2011-05-16,61.83395490112462,62.3284717739026,61.65827395336836,62.21134948730469,6053600
2011-05-17,62.48466636536807,62.85555297592931,62.45213541331271,62.84904479980469,9826900
2011-05-18,62.640809749494736,62.71889294758534,61.99663949916514,62.01615905761719,7707600
2011-05-19,61.46309478917883,62.02267873524176,61.46309478917883,61.990142822265625,8052400
2011-05-20,61.82745001093997,62.081219115609315,61.632249499100865,62.02265548706055,5602300
2011-05-23,62.28945620503447,62.5887677251624,62.19835664611606,62.32198715209961,6300000
2011-05-24,62.23082868013589,62.556167602539055,62.11370646949963,62.55616760253906,5549100
2011-05-25,62.56270092062032,62.647287287308025,62.165786878590396,62.263389587402344,5664500
2011-05-26,62.445554141190144,62.822948486114896,62.39349872169472,62.79692077636719,8307900
2011-05-27,62.54973987240395,62.79700094854343,62.38707020201087,62.770973205566406,5390600
2011-05-31,62.58224945433251,62.95964412224541,62.523685816209756,62.91409683227539,7003900
2011-06-01,63.29416897628677,63.81661562606114,63.27457809884382,63.76436996459961,12746400
2011-06-02,63.013374686921,63.28766200506183,62.54970550537109,62.549705505371094,15738700
2011-06-03,63.07213083355058,63.08518975738372,62.41254307551836,62.90886688232422,10644100
2011-06-06,62.34728297577583,62.68687004435423,62.17748695027466,62.43217849731445,8776900
2011-06-07,62.19047096945942,62.732503191276066,62.11863447336007,62.719444274902344,7399200
2011-06-08,62.86319343787005,63.24196226066943,62.804415786924075,63.209312438964844,7401800
2011-06-09,63.41171929662077,63.561924327891084,62.64764518093997,62.95458221435547,9963000
2011-06-10,63.287669910731026,63.601134052874386,63.215833340151775,63.437870025634766,7710800
2011-06-13,63.17662771270761,63.5358104583046,63.111323117804844,63.117855072021484,5540000
2011-06-14,62.52356830708161,62.62805963902747,62.12520382327468,62.164390563964844,8672400
2011-06-15,62.288452532845895,63.30722284005011,62.281925563014,63.294158935546875,12979100
2011-06-16,63.41172796332117,63.69254220435557,63.215814179468616,63.58152389526367,10961200
2011-06-17,63.254982212841554,63.44436898382852,63.11130914640867,63.281105041503906,9622900
2011-06-20,63.56192870355529,63.58151958236952,63.0786637748401,63.35947799682617,6613800
2011-06-21,63.15048795809461,63.36599754771044,62.86967379107333,63.078651428222656,7894900
2011-06-22,63.32030081094641,63.38560540584916,62.96112304777063,63.117855072021484,5503700
2011-06-23,63.5031491774754,63.829677101028224,63.44437654279783,63.60110855102539,8586800
2011-06-24,63.58146457989316,63.796974025260525,63.33330535888672,63.33330535888672,7960900
2011-06-27,63.2484514747817,63.26151538057383,62.399481947841,62.464786529541016,9331300
2011-06-28,62.35376292823755,62.484372080506276,61.85743918126077,61.9619255065918,12634300
2011-06-29,62.00770512829468,62.17096923340596,61.40036245798371,61.550567626953125,11084900
2011-06-30,61.53744178241779,61.58968245261013,60.825608467233266,61.45254135131836,11555600
2011-07-01,61.681932280297225,61.74746473418714,61.177365381545364,61.35429000854492,6637200
2011-07-05,61.622926905375024,61.70811205177321,61.39357843474782,61.49186706542969,4615600
2011-07-06,61.721222778972226,61.89159307796137,61.49186930058659,61.8064079284668,5652700
2011-07-07,61.48534617643204,61.68848277274485,61.30186731532059,61.622955322265625,6823700
2011-07-08,62.14714861868623,62.65172023198705,62.14059937653432,62.49445343017578,12129300
2011-07-11,62.93352003951715,63.43153762817383,62.74348694648469,63.43153762817383,9760800
2011-07-12,63.75917971471036,63.76572895970035,63.27426561657388,63.64777755737305,9083900
2011-07-13,63.37253643063544,63.84434186979439,62.97936689781027,63.824684143066406,13112200
2011-07-14,63.31357655049398,64.15233972989596,62.91385269165039,62.91385269165039,11471500
2011-07-15,62.44201337498173,63.03831921924687,62.40924717499586,63.01866149902344,7086200
2011-07-18,62.946623368732396,63.018705058989646,62.38307833549773,62.4092903137207,8206500
2011-07-19,62.46173006694979,63.73953308208234,62.36343637361077,63.70677185058594,15249400
2011-07-20,63.37907206267729,63.45770294650081,62.82208163810567,62.9531364440918,9673300
2011-07-21,62.40926827992579,62.81554629980853,62.18647404282427,62.46824645996094,11099200
2011-07-22,62.70415311108651,62.966262818357286,62.599305228640446,62.94005584716797,4974500
2011-07-25,62.23233736181313,62.94004545318588,62.14059797953386,62.25199508666992,10869400
2011-07-26,62.448561471994054,62.82207311775881,62.40924103599481,62.67790985107422,7682800
2011-07-27,62.47478305048243,62.802425097106116,62.3175162679409,62.684478759765625,11224200
2011-07-28,62.97936926458587,63.11042411397871,62.71725456637816,62.92039108276367,7081600
2011-07-29,63.49045603372518,64.56512121898407,63.418374405495186,64.16539764404297,19582400
2011-08-01,64.03064749512055,65.0497223451612,64.00434823916342,64.81303405761719,14348200
2011-08-02,65.233788320554,66.77883267782471,65.01682330011894,66.75910949707031,20850600
2011-08-03,66.77886454107771,67.99517642328429,66.64079719385033,66.89063262939453,21179700
2011-08-04,67.311378664211,69.39555004909228,67.2390569906878,69.2706298828125,34076600
2011-08-05,68.00829067091149,69.36266914577251,67.24562763562452,67.27192687988281,41677700
2011-08-08,67.83738685227479,69.55337464608574,67.68616736540254,69.39558410644531,38259500
2011-08-09,69.0405431952692,71.90709689821898,67.7190344200482,69.60596466064453,39881400
2011-08-10,70.76310877446075,71.70986202166928,70.3094603568989,71.67698669433594,46221000
2011-08-11,70.57243429583654,70.8814442771917,67.85052405847209,68.0609130859375,37790100
2011-08-12,68.6657943066081,69.4679041392042,68.42252992614301,69.40872955322266,15590800
2011-08-15,68.99454814605593,69.34958071989324,68.68553803460092,68.70526123046875,10051700
2011-08-16,68.81041438279546,70.11219464001756,68.79068618344567,69.84263610839844,15993200
2011-08-17,69.90185326585087,71.07214308753021,69.54024460586122,71.06556701660156,15906600
2011-08-18,72.38045732988695,73.7282651539374,71.8479112705051,72.52510070800781,27274600
2011-08-19,72.74863373265855,73.24830943335647,72.47249914124743,73.11023712158203,15708400
2011-08-22,72.62372121790652,73.14969622321051,72.57769878114763,72.92615509033203,13157700
2011-08-23,72.16347603960418,73.0905005744294,71.8939125477043,71.92021179199219,16017800
2011-08-24,71.85447026496279,71.93336800230159,69.790027123912,69.87549591064453,14621600
2011-08-25,70.14511369005994,70.94064768015257,69.92814850656048,70.63163757324219,10565900
2011-08-26,71.46000271906607,71.84132930197805,70.56584828783357,71.32850646972656,11504800
2011-08-29,70.15163463386357,70.6118639382395,70.08588902354373,70.34230041503906,6764300
2011-08-30,71.2890624216507,71.76243890253151,71.1707183014305,71.47315216064453,9508700
2011-08-31,71.53890335682269,71.63752430070652,70.36861419677734,70.36861419677734,12186000
2011-09-01,70.87113025643005,71.8669016984021,69.95449466806872,71.86030578613281,10686600
2011-09-02,73.45618450497317,74.24093214278875,72.97478849865507,74.19477081298828,16557100
2011-09-06,75.45429271681328,75.7906137366451,74.77505979743958,74.96630096435547,14016200
2011-09-07,74.04309106814527,74.1024442211435,73.40342336684871,73.53531646728516,11524300
2011-09-08,74.05628682358687,74.27390164624188,73.42320997031243,74.19477081298828,11480900
2011-09-09,74.21452088283114,75.29601873213586,73.99690112467454,74.98607635498047,11492700
2011-09-12,74.89373477102984,75.34216096313078,74.58379247235953,75.06519317626953,7602200
2011-09-13,74.78168061395968,74.90697277585552,73.93098894589417,73.99693298339844,9282400
2011-09-14,73.8386503657972,74.74868996202835,73.73973181526618,74.62339782714844,11948500
2011-09-15,73.84525894117904,74.18157502697014,73.48255920410156,73.48255920410156,8884000
2011-09-16,73.40340419421338,74.24749969170334,73.36383879002042,74.01669311523438,10053500
2011-09-19,75.30924670425028,75.96210633573561,75.2564944868359,75.42794799804688,13033500
2011-09-20,75.42130143733614,75.75102645100276,75.21027762983768,75.74443054199219,6360600
2011-09-21,75.59277757466455,78.33609292906013,75.30921377631314,78.2503662109375,18687100
2011-09-22,80.06387635708424,81.68612375513145,79.94517508253408,81.19153594970703,25041400
2011-09-23,81.19151524744194,81.34978189608476,79.6813735961914,79.6813735961914,15173800
2011-09-26,79.21316458256089,79.50991517786316,78.19761060995302,78.40203857421875,15110100
2011-09-27,76.99081937559919,77.35351903824514,76.66769015055499,77.20184326171875,13589600
2011-09-28,77.08977982094564,77.2282638498018,76.33800650360692,77.17550659179688,12642600
2011-09-29,77.55793925520227,78.35587340200408,77.21502233005415,77.70960998535156,12341800
2011-09-30,79.14720000526142,79.73411523199461,78.46796719681014,79.66157531738281,13546400
2011-10-03,80.57788789643216,81.8538589477539,80.06882402554425,81.8538589477539,15882000
2011-10-04,82.2241329607847,82.66047291695655,80.77626733442827,80.81593322753906,17301400
2011-10-05,80.43245508158634,80.51178683880048,79.77133020356172,80.23411560058594,14275000
2011-10-06,79.75810430428271,80.00272232321561,78.7531967163086,78.7531967163086,9681600
2011-10-07,77.847497795354,78.70696263361872,77.25248406455424,78.17144775390625,11564600
2011-10-10,77.23261063177152,77.29211449565449,76.55826545298831,77.06732940673828,3567600
2011-10-11,77.54338160054714,77.58966016654004,76.62441790155574,76.80953216552734,7520200
2011-10-12,75.83101242134819,76.10868867033116,75.02444440358065,75.69217681884766,14033400
2011-10-13,76.04923346842885,77.05414663035263,76.00295490465507,76.44590759277344,11263300
2011-10-14,75.28891127227047,75.7715347293674,75.11040974615608,75.33518981933594,8411000
2011-10-17,75.56660712652399,76.67068492324601,75.51371590364298,76.63762664794922,9664000
2011-10-18,76.7830265548683,77.23259157780633,75.56655945984859,76.16156768798828,12495600
2011-10-19,75.72525542280721,76.51860337711048,75.47402974754061,76.1351547241211,6629300
2011-10-20,75.67236965564273,76.47233032955143,75.41453129975412,75.59303283691406,7832100
2011-10-21,75.27570674904003,75.50048686927195,74.79308319091797,74.79308319091797,9906300
2011-10-24,75.32195723167882,75.4211269717532,74.74016915734902,74.91867065429688,6344500
2011-10-25,74.9583436363312,76.92188550874975,74.9385106952333,76.82271575927734,11791200
2011-10-26,76.28717131232352,76.82929331185548,75.41448699493108,75.48059844970703,12747000
2011-10-27,74.3897585192453,74.60793090864681,72.6047236190082,72.92206573486328,19471400
2011-10-28,73.31874418479717,74.019534886021,73.22618711271033,73.68897247314453,10127900
2011-10-31,75.11040880459623,76.61116027832031,75.01123904956103,76.61116027832031,15242100
2011-11-01,78.68516256895171,79.20217319338012,77.66439579842569,79.1756591796875,24400600
2011-11-02,77.30647717699868,78.4531844408111,77.16728237451831,78.18804931640625,13181100
2011-11-03,77.11426544189453,77.78373058958073,76.88227407102286,77.11426544189453,8386700
2011-11-04,76.70330549882503,77.58487770488489,76.57736516737869,77.20706176757812,7583700
2011-11-07,77.31311744165973,78.4465653217589,77.10101032474701,77.69756317138672,9279700
2011-11-08,77.38601231752943,77.90965275076162,76.55746828843382,76.70329284667969,7539400
2011-11-09,78.38689442650183,78.96355783061702,77.59811889752513,78.29409790039062,13004500
2011-11-10,77.40594560362312,77.95610040116638,76.3652938460825,77.12755584716797,11644600
2011-11-11,76.77623197090718,77.00159359824465,76.55749505705619,76.65692138671875,2483900
2011-11-14,77.14740077478301,77.94943088730516,77.02809021755472,77.88977813720703,9252600
2011-11-15,78.01573622530204,78.51949262061355,77.36616026808913,77.78374481201172,7587500
2011-11-16,78.18805442581848,78.49958783807479,77.67104368081107,78.49295806884766,7470000
2011-11-17,78.24110063295281,79.64631367049051,78.24110063295281,79.12267303466797,9907900
2011-11-18,78.99670929922534,79.24196017468105,78.42667055078486,79.1027603149414,6792600
2011-11-21,79.7920960207792,80.02409237612706,79.48056773848576,79.5733642578125,7345600
2011-11-22,79.7722517277653,80.47486079931522,79.44083397646004,80.46160125732422,7866300
2011-11-23,80.30911097328001,81.56186902985785,80.222939165379,81.25033569335938,10129300
2011-11-25,80.73333850979748,80.7797367767616,80.03072967958559,80.07050323486328,4311900
2011-11-28,78.6321408438411,80.302488441135,78.59900211684257,80.03072357177734,7661900
2011-11-29,79.56013534641932,80.15005847079473,78.93044371474807,79.37454223632812,8952800
2011-11-30,78.43992100296326,78.5857455669867,77.72406277680615,78.13501739501953,11806800
2011-12-01,77.27119275405465,77.9024370289318,76.94560397529186,77.74296569824219,9647200
2011-12-02,77.49046077065937,78.85926677513822,77.45058914009573,78.83268737792969,7764900
2011-12-05,77.7429440505705,78.95892464855449,77.66320587267785,78.67320251464844,7862800
2011-12-06,78.28123119673803,78.60017911744096,77.59018159313607,77.92241668701172,8506300
2011-12-07,77.962282653883,78.56694784445021,77.64333475646495,78.20149230957031,6588300
2011-12-08,78.22142975902504,79.29122714560928,78.0154456271565,79.17826843261719,8800500
2011-12-09,79.11849705750811,79.15836366265822,77.49718752130673,77.55034637451172,9855100
2011-12-12,78.34767753429942,78.733066367071,78.14833446222401,78.41412353515625,5734600
2011-12-13,77.92907581500462,79.49058000294,77.84934262365005,79.14505767822266,8901800
2011-12-14,79.59687309850172,80.66002423406454,79.39753004267547,80.64009094238281,11247700
2011-12-15,80.17496980572852,80.61351746351737,79.98227285611505,80.3410873413086,5438700
2011-12-16,80.6533508030129,81.47729708988767,80.59355094821701,81.2779541015625,9321900
2011-12-19,81.27800663257075,82.40760411114584,81.23814003694055,82.30793762207031,7845100
2011-12-20,81.50389127185689,81.51053232170322,80.14172576681005,80.25468444824219,13945400
2011-12-21,80.15503577841298,80.28793285576795,79.11846392256992,79.13839721679688,11600100
2011-12-22,79.73639293321581,80.01546909180126,79.30448645759357,79.4706039428711,5247400
2011-12-23,78.7796034438515,78.87927501072103,78.23473795707207,78.58690643310547,5409700
2011-12-27,78.62016818337212,78.96013641357422,78.40685268985916,78.96013641357422,4270300
2011-12-28,79.1534805585387,80.69335721364301,78.96016253392926,80.4200439453125,8302300
2011-12-29,80.3133779285735,80.72000637685001,80.03339715604376,80.56668853759766,4305000
2011-12-30,80.7333882789934,81.16668714206214,80.58673280972278,80.82671356201172,5948800
2012-01-03,79.60674341072975,80.12669956243161,79.28010520263228,79.61341094970703,9076900
2012-01-04,79.50014268517353,79.51347268641894,78.44689458219095,78.66687774658203,8417100
2012-01-05,78.77352148772601,79.39347071475925,78.37355539289534,78.5268783569336,6465800
2012-01-06,78.49352314351351,79.30012264364672,78.46685806675167,79.14680480957031,7348500
2012-01-09,78.9734778910793,79.68675210709995,78.86015513849728,79.00680541992188,5582400
2012-01-10,78.48020613450147,79.24014314751224,78.44687351157265,78.87350463867188,8932500
2012-01-11,79.3534867445485,80.03342869240258,79.31349165521755,79.90010833740234,8634500
2012-01-12,79.9600738083061,80.12006428297096,79.48678009723783,79.78675842285156,7205400
2012-01-13,80.72664954159576,81.08662035257173,80.53333160130263,80.57999420166016,9819000
2012-01-17,80.62669517922446,81.07999140667826,80.54670501816136,80.95333862304688,5449900
2012-01-18,81.01332425087028,81.0666544108719,79.93341648297937,79.9734115600586,5804000
2012-01-19,79.54678395224956,79.7001018116961,78.6068589127738,78.87350463867188,8625700
2012-01-20,78.46686356710977,78.63351649417078,77.97357232704539,77.98023986816406,6548200
2012-01-23,77.41365651962988,77.75363009348838,77.02702539095847,77.48698425292969,7274800
2012-01-24,77.80024305599086,77.80024305599086,77.18029403403558,77.62692260742188,5776500
2012-01-25,77.36695703062863,79.0134888445834,77.25363425526464,77.4402847290039,12867600
2012-01-26,77.76025117782929,78.46685791015625,77.72025101984467,78.46685791015625,7638500
2012-01-27,78.54687091199342,78.88017681749878,78.00024943039843,78.7135238647461,5165300
2012-01-30,79.88672633347153,80.25336472316629,79.55342055587357,79.64008331298828,8388400
2012-01-31,79.50011031762496,80.60002060591911,79.45344770349581,80.56002044677734,7998300
2012-02-01,80.01812456513315,80.11835705601196,79.39000571379307,79.63724517822266,7925200
2012-02-02,79.49021875526822,79.83769062555835,79.27639187279546,79.60381317138672,5596900
2012-02-03,77.81966215027846,78.04685598568881,77.49224098839743,77.8931655883789,12467400
2012-02-06,77.97342646732194,78.7151399745557,77.73954888908388,78.66836547851562,6180600
2012-02-07,77.92666478711176,78.1003957449537,77.35868211573764,77.69278717041016,8794800
2012-02-08,77.64596790821007,78.04021429644315,77.49896605124472,77.75288391113281,7613400
2012-02-09,77.41876343120758,77.53904136121395,76.59018496784962,77.17152404785156,11477700
2012-02-10,78.04692510545297,78.4010755673792,77.85982203492907,78.17388153076172,7193100
2012-02-13,77.91325213886715,78.42777647688906,77.79965771027784,78.27408599853516,6422900
2012-02-14,78.4745504757248,79.035844188658,78.3342270474915,78.6883773803711,8271200
2012-02-15,78.6215610359379,79.02916429015444,78.50796150479201,78.54805755615234,6846100
2012-02-16,78.3609298875093,78.5814402574783,77.59917142582927,77.91991424560547,9036200
2012-02-17,77.41877529123246,77.91993256002706,77.35195534166692,77.89988708496094,6338000
2012-02-21,77.35863299656701,77.45886546893347,76.81070125873705,77.03789520263672,8338300
2012-02-22,77.43883572126862,78.02018010063217,77.38537771207824,78.0068130493164,7736800
2012-02-23,77.60588817646128,78.32755600642231,77.4655647258638,78.0068130493164,5163900
2012-02-24,78.3342264298097,78.5680988083544,78.14712342893844,78.51464080810547,5676900
2012-02-27,79.18285046766566,79.41672284606432,78.92893261369504,79.20957946777344,8180700
2012-02-28,79.43015547702736,79.6105700041706,78.80871973102776,78.94904327392578,6615700
2012-02-29,79.09597604686063,79.12938346966997,78.15379801782944,78.46785736083984,14235000
2012-03-01,77.80287330162756,78.14443852685028,77.38094339493368,77.72920227050781,12265600
2012-03-02,78.09082013601129,78.68018809417447,78.05733657180471,78.45917510986328,6669600
2012-03-05,78.33194266752561,78.65341663922413,77.83634185791016,77.83634185791016,6921900
2012-03-06,78.66009520027477,79.10212118786957,78.65340155293869,78.78064727783203,6299700
2012-03-07,78.66677355154988,78.76723444173102,78.23144643386699,78.29842376708984,5567500
2012-03-08,77.90327758632998,78.07071069712501,77.44785932058134,77.51483154296875,7982100
2012-03-09,77.34745599349883,77.68232246429372,76.95231601059615,77.66893005371094,6975600
2012-03-12,77.90325167460325,78.03719607482627,77.60187421927583,77.65544891357422,5280000
2012-03-13,77.20003094976562,77.29379816168608,76.27580232326234,76.28919982910156,14413600
2012-03-14,75.47882598798019,75.51231464587455,74.30679449680252,74.36707305908203,24515300
2012-03-15,74.27334157372378,74.83591446882215,74.25994406118112,74.48095703125,14154000
2012-03-16,74.00540661358887,74.63495650403263,73.80448491376394,74.62825775146484,13427200
2012-03-19,74.58142094384581,74.66179069338064,73.46296875517024,73.73755645751953,14011400
2012-03-20,73.95859369231775,74.25327776093735,73.57014743998388,74.03226470947266,9443800
2012-03-21,74.24655613402925,74.93637989159745,74.21306746030771,74.8694076538086,10242000
2012-03-22,75.20428921243514,75.25786905740003,74.92300269085236,75.11052703857422,8009800
2012-03-23,75.47216064323689,75.94097137163295,75.45206948482759,75.82041931152344,8465300
2012-03-26,75.56587239542074,75.68642437513634,74.8760491652454,75.43192291259766,8118600
2012-03-27,75.53238537239126,76.14853767768308,75.47880557810926,75.97441101074219,6972300
2012-03-28,75.62617500030665,76.3093048520693,75.5792939406486,75.86727905273438,7886000
2012-03-29,76.36293633950244,76.47679480589593,76.06825736380887,76.43660736083984,7692900
2012-03-30,76.4901301119647,76.53031241736724,75.1372730303391,75.14396667480469,9467500
2012-04-02,75.87592419881526,76.07736675469657,75.33874746506307,75.56033325195312,8944000
2012-04-03,75.88257479850921,76.17130614709859,74.24419178577944,74.25090789794922,14774300
2012-04-04,75.05002064431791,75.28503868210466,74.80829673392974,75.2716064453125,10095600
2012-04-05,75.87585932886196,75.92286186866325,75.42597714463639,75.8154296875,6364100
2012-04-09,77.58140339328615,77.73583814467572,77.37996096994173,77.58811950683594,14374600
2012-04-10,77.85666679307798,78.75643604817242,77.74251852965959,78.46770477294922,14421300
2012-04-11,77.69555405631422,77.93056680871993,77.45382519015585,77.5276870727539,8713000
2012-04-12,77.66876943142896,77.72248814733317,77.09802216291813,77.20545959472656,9008500
2012-04-13,77.99099060096046,78.49459148070463,77.97084738543357,78.45429992675781,8607700
2012-04-16,78.36027687790198,78.96459881965562,78.27298792299553,78.34013366699219,7735000
2012-04-17,78.2461645595705,78.44760700702709,78.05815434082128,78.29316711425781,5398600
2012-04-18,78.59529282276974,78.64229535475413,78.3804233732851,78.52143096923828,4074400
2012-04-19,78.72962847424236,78.877352264177,78.57518856943034,78.5953369140625,5374300
2012-04-20,78.26633729595592,78.64907399214776,78.1119024678396,78.6087875366211,5043300
2012-04-23,79.30710787741224,79.50855038241909,79.09223826275625,79.17952728271484,5170100
2012-04-24,78.9713279883766,79.07204918247119,78.61545087574942,78.62216186523438,4336600
2012-04-25,78.16555527769543,78.7765882040762,77.68209772725815,78.21926879882812,8859500
2012-04-26,78.84377345943126,78.87063279490383,78.28645377488797,78.68933868408203,5133000
2012-04-27,78.57517052676603,78.80347227412206,78.42073578031042,78.7564697265625,3112900
2012-04-30,78.94453946302596,79.06540397975805,78.68938331565704,78.77667236328125,4198400
2012-05-01,79.04114886864869,79.16903791929647,78.12574385779209,78.36805725097656,7214300
2012-05-02,78.89981386796839,78.9671220143007,78.61711657220332,78.92000579833984,3565700
2012-05-03,78.5094239597621,79.00078321337536,78.4555753854763,78.89981842041016,3522900
2012-05-04,79.07482793360612,79.55272250147668,79.02097935645037,79.5190658569336,6367300
2012-05-07,79.64021611916803,79.73444855389513,79.43828653887707,79.53252410888672,3228200
2012-05-08,79.88929582700017,80.44123109408555,79.86910388745683,79.95660400390625,6051600
2012-05-09,80.40081108259106,80.48158394490862,79.72099208206185,80.01042175292969,5828900
2012-05-10,79.43828779690625,79.8421469638839,79.04789847626121,79.77483367919922,6300000
2012-05-11,80.42770825938183,80.50174874106128,80.07097055780689,80.43444061279297,5234300
2012-05-14,81.35659303366229,81.64602266084516,81.17485540469896,81.55851745605469,8789400
2012-05-15,81.50468418180556,81.9354676613564,81.32295165402623,81.88835144042969,6766400
2012-05-16,81.43061789306007,82.23832569809997,81.25561265236507,82.1239013671875,6462300
2012-05-17,82.137351086564,83.65180689082091,82.13061873399991,83.57776641845703,14863400
2012-05-18,82.97203913737428,83.75956059056213,82.86434709997869,83.59801483154297,10137700
2012-05-21,83.39606460673825,83.76626196922366,83.20759974797735,83.42298889160156,9583500
2012-05-22,82.62199152163596,82.70949157841588,82.15755668771519,82.49410247802734,12475500
2012-05-23,83.1604631802434,83.813357671078,83.03257414226334,83.06623077392578,11744900
2012-05-24,82.94509804025944,83.32202777437075,82.62201174296226,82.7499008178711,10256200
2012-05-25,83.07968594236961,83.15372641987817,82.88448878669075,83.05949401855469,4723600
2012-05-29,83.05271071773099,83.335407748284,82.79020559860639,82.80366516113281,5874100
2012-05-30,84.35182040377666,85.02491185453621,84.33836083428477,84.90375518798828,17170800
2012-05-31,85.50285063529705,86.8826908810715,85.26053717618268,85.88651275634766,31174500
2012-06-01,86.92044891154272,87.93892281285378,86.69112761537242,87.92543029785156,23526000
2012-06-04,87.21722800416443,87.80402379668519,86.96767306560257,87.23072052001953,11681200
2012-06-05,86.69115691636478,86.7653503362936,86.05714229002339,86.06388854980469,12482800
2012-06-06,86.0369094863988,86.06388937989573,84.34396362304688,84.34396362304688,20806700
2012-06-07,84.07417269859882,84.8093555243578,83.89880595783784,84.47211456298828,18898200
2012-06-08,85.49056874665821,85.62546304924457,84.02019820656065,84.45186614990234,11239600
2012-06-11,84.1685910058766,85.12635400158294,84.15509848712685,84.8363265991211,10693800
2012-06-12,84.2899954442607,84.73515077791967,83.97298815959324,84.0606689453125,10921700
2012-06-13,84.20903846666913,85.173547494924,83.89203124714741,84.89026641845703,11100000
2012-06-14,84.95096905980368,85.17354925844494,84.43836666678916,84.7823486328125,7688200
2012-06-15,85.37591591399826,85.55802375379957,85.07914224599348,85.25450897216797,6421400
2012-06-18,85.76037117908194,85.88851923574482,85.16008272379732,85.7131576538086,6698400
2012-06-19,85.17351452699799,85.23422053182183,84.53275922406894,84.59346008300781,8227900
2012-06-20,84.02016898343244,85.32866487613973,83.69641556558724,85.01165771484375,13720300
2012-06-21,84.95099247847786,85.82782099890457,84.91052521152811,85.4636001586914,9776600
2012-06-22,84.91727019040378,85.13310418736087,84.31698172555784,84.32372283935547,7830400
2012-06-25,85.22750594604979,85.67266118133684,85.1667999186684,85.55125427246094,6113800
2012-06-26,85.05891470483552,85.62547704335911,84.94425401430888,85.21404266357422,5359700
2012-06-27,85.36241773113375,85.51755081435807,85.00494318887654,85.34893035888672,5860700
2012-06-28,85.86152615217557,85.98293306921991,85.51753902956871,85.5580062866211,5257800
2012-06-29,84.33046109080482,84.73514915343311,84.06066733375665,84.44512176513672,8881900
2012-07-02,84.79597199908403,85.98561803728761,84.74190116409738,85.31644439697266,7818500
2012-07-03,85.13388783563889,85.16768659945734,84.63369810432307,84.66073608398438,5773100
2012-07-05,84.72836338979815,85.38402048526473,84.6607709912589,85.09336853027344,5974700
2012-07-06,85.62056429646228,85.98556929982853,85.58000990396631,85.8841781616211,5818300
2012-07-09,86.10052144689377,86.69534185845637,85.91802142916586,86.64126586914062,5647000
2012-07-10,86.42492783945801,87.01975310249874,86.33029748524108,86.81697082519531,4288000
2012-07-11,86.91838206688527,87.51320750279271,86.69532252842,86.9251480102539,5960900
2012-07-12,87.22934386945677,87.57406673002488,87.12794751238992,87.54026794433594,6421000
2012-07-13,87.35100210779373,87.35776805290799,86.92517043716533,87.3104476928711,4175300
2012-07-16,88.07421715585383,88.28375508105653,87.60782096675824,87.71597290039062,5283500
2012-07-17,87.3712731092662,87.749805020852,86.95219709957833,87.02655029296875,5590900
2012-07-18,87.37122431501568,87.42530027218525,87.05353451285333,87.07382202148438,4011000
2012-07-19,86.83048421914644,87.26308155682922,86.59390319891021,86.85076141357422,5246300
2012-07-20,87.60102538275788,88.07417698416937,87.47935193443415,87.91194915771484,6365900
2012-07-23,88.75695298219867,88.84482776314287,88.21620334720764,88.40546417236328,6141100
2012-07-24,88.1080148331182,89.25033480842812,88.06069449501408,89.10163879394531,6748800
2012-07-25,88.97320717500943,89.36525018315379,88.87181087359492,89.33145141601562,5328000
2012-07-26,88.90558507511142,89.07456855017458,88.47974341749378,88.51354217529297,6606200
2012-07-27,87.79706351984696,87.87817229631388,85.81657676863068,86.843994140625,14685100
2012-07-30,86.78319455371613,87.51996038208038,86.68856417497153,87.49292755126953,6025300
2012-07-31,87.74300092717633,87.79032126327803,86.91160489996996,87.66864776611328,7448600
2012-08-01,87.06107535322435,87.88068545743658,86.80367525946149,87.23041534423828,7972000
2012-08-02,87.77910460630478,88.5242049501331,87.46752470666478,87.72491455078125,7972000
2012-08-03,86.59373996922376,86.72244008245877,85.8689646407275,86.30924987792969,9084800
2012-08-06,86.47854854392472,86.79690856556812,86.27534364795952,86.34307861328125,3673600
2012-08-07,85.32023264057437,85.43538255664542,84.96123280350305,85.232177734375,6613600
2012-08-08,85.45571059637336,85.61150044862812,84.69706579769853,84.77835083007812,7250700
2012-08-09,84.51416673367754,84.8731717124322,83.8232621197541,84.71737670898438,7553500
2012-08-10,85.48279148095567,85.56407650481681,85.07637669733867,85.14411163330078,4670500
2012-08-13,85.4218724208936,85.60475735219535,85.00190734863281,85.00190734863281,3543700
2012-08-14,83.96552224298868,84.27033726115639,83.82327730164853,83.85037231445312,7994000
2012-08-15,83.32877980351682,83.4507047442082,82.57014032174285,82.67174530029297,11191000
2012-08-16,82.78019164488424,82.9766267283012,81.6354512224313,81.96736145019531,13240000
2012-08-17,82.2315267964228,82.71922695234977,82.17733674179802,82.36699676513672,6341100
2012-08-20,82.33308818450132,82.76659805585454,82.29921812636469,82.53629302978516,4427100
2012-08-21,82.27888414505516,82.94269376157382,81.73022443803646,82.90205383300781,9532700
2012-08-22,83.66750010492908,84.3380901871369,83.4575201707398,84.27035522460938,11384400
2012-08-23,84.49387381579218,84.76481881364803,84.43291390439377,84.62257385253906,7139100
2012-08-24,84.98836565214904,85.04932557561752,84.44647554914322,84.54130554199219,5001400
2012-08-27,84.90028389702685,85.21187398592856,84.85286891268889,85.03575897216797,3906100
2012-08-28,85.1780613522411,85.5912515662644,85.06968121905831,85.23902130126953,3412600
2012-08-29,85.08317952711845,85.09672445159653,84.63611950165118,84.86642456054688,3762700
2012-08-30,85.5302800300952,85.64543520492148,85.16451002767835,85.30675506591797,3886400
2012-08-31,85.19832556403966,86.51240539550781,85.16446067047505,86.51240539550781,9192600
2012-09-04,86.15402901829715,86.63598050434427,86.04542278567668,86.42555236816406,6009300
2012-09-05,86.08615194459665,86.3373119567306,85.90287665603431,86.01827239990234,3466700
2012-09-06,85.2104833112884,85.2104833112884,84.54525658940004,84.58598327636719,6505100
2012-09-07,85.62456430113917,85.65171715495437,84.11761457709865,84.1922836303711,7335300
2012-09-10,83.96143899513883,84.3958740234375,83.83925381975021,84.3958740234375,4912100
2012-09-11,84.18545114814984,84.23975682805886,83.68992606088534,83.86641693115234,3523300
2012-09-12,82.96360871364068,83.09258341537546,82.59705312361153,82.82106018066406,7040900
2012-09-13,83.07898940625837,83.55415109706189,81.63992014730857,82.4952163696289,12280200
2012-09-14,81.2937594033902,81.35484942100179,80.13300245888875,80.30270385742188,16871600
2012-09-17,80.68956485214431,81.38873328302999,80.64204870185709,81.26654815673828,5573300
2012-09-18,81.93858465784923,82.0675593181793,81.42948069828097,81.6738510131836,5366200
2012-09-19,82.36625878200157,82.39341162409221,81.87073365575378,82.21013641357422,5903300
2012-09-20,82.90930533908654,83.03149053916452,82.12189363326469,82.41378021240234,4604200
2012-09-21,81.96577304940145,82.5699095958696,81.91146736055867,82.50881958007812,4144300
2012-09-24,82.98394705324756,83.2894073634893,82.93643088990166,83.15364837646484,3627400
2012-09-25,83.35736411046878,83.99543811583982,82.90256023505844,83.9750747680664,5893500
2012-09-26,84.55198642421124,84.91175240422322,84.47731742697779,84.87781524658203,7193400
2012-09-27,84.54526603661515,84.71496748977665,84.01579315249425,84.27374267578125,5147700
2012-09-28,84.68104778143203,85.01366126852355,84.0429684896053,84.32128143310547,7173400
2012-10-01,84.32803126123062,84.6681459278067,83.92669325600711,84.6341323852539,4842600
2012-10-02,84.28724099841284,84.70217622457479,84.21921389568335,84.51851654052734,3540100
2012-10-03,84.2531936645061,84.5524961893404,84.08994010084068,84.54569244384766,3800900
2012-10-04,83.98111422485768,84.21239490058441,83.37571052360721,83.49134826660156,6214800
2012-10-05,82.6954774759437,82.77030311564513,82.25332738400013,82.40978240966797,8340700
2012-10-08,82.97438238283624,83.17164433684381,82.77711523909034,83.10362243652344,1568400
2012-10-09,82.62741906633151,83.11038104295028,82.56619575647915,82.95392608642578,4752700
2012-10-10,82.62066229527947,83.64100639520598,82.48461849118466,83.53897094726562,5429800
2012-10-11,82.96075654433365,84.11714935302734,82.91314070566456,84.11714935302734,5194100
2012-10-12,84.39603243775059,84.87899452295504,84.1987653567961,84.32801055908203,4934900
2012-10-15,84.19875322027148,84.44363609996988,83.96067408438024,84.13753509521484,3036100
2012-10-16,83.6001902654405,83.62740006289664,82.94717069570792,82.97438049316406,5398700
2012-10-17,82.42338453712233,82.48460787390135,82.0152479876341,82.2057113647461,6932500
2012-10-18,82.38939527840465,82.66828666245289,81.53910844086647,81.70236206054688,8558600
2012-10-19,81.8587818744954,82.8587196586292,81.81796978199594,82.81110382080078,7616700
2012-10-22,82.60026440502185,82.87915578789382,82.26695341923957,82.28055572509766,6910600
2012-10-23,83.05597565263298,83.48452332553902,83.00155607675025,83.45731353759766,5760600
2012-10-24,82.89273205801653,83.18523082630206,82.63424682617188,82.63424682617188,6824500
2012-10-25,82.00846874227022,82.67509595106183,81.85201885993196,82.21253967285156,5292500
2012-10-26,82.60706657464624,83.43014359141854,82.49142362323646,83.42333984375,5889400
2012-10-31,83.45054498569081,84.1443767067189,83.41653143898591,83.91310119628906,5025600
2012-11-01,83.51173872690944,83.58656435599362,83.04238409597974,83.22604370117188,3659700
2012-11-02,82.49817581926483,83.1988108888833,82.47096603533242,83.16480255126953,3527800
2012-11-05,83.54575785515111,83.83825664576437,83.52535180762372,83.63418579101562,2935700
2012-11-06,83.36209131155776,83.57296070480403,82.83831191643145,82.8451156616211,4484600
2012-11-07,84.31439802788982,84.70893216620748,84.18515802306852,84.3484115600586,10071000
2012-11-08,84.20555492036561,85.61362884958874,83.96067204661065,85.60002136230469,8579500
2012-11-09,85.45722042110467,85.69530487060547,85.1511192570874,85.69530487060547,5036900
2012-11-12,85.60002754040914,85.96735187755289,85.56601919921609,85.8381118774414,2072200
2012-11-13,86.25307029043101,86.26667259183849,85.70208107328841,86.12382507324219,2863800
2012-11-14,85.5184265635652,86.2462716911215,85.4367971810377,86.20545959472656,4694600
2012-11-15,85.77689473353568,86.40270430568141,85.7088728565175,86.03538513183594,5549600
2012-11-16,85.95375991471676,86.51835138172095,85.89934033458066,85.96056365966797,4591100
2012-11-19,85.3415740014021,85.57965323699551,85.23274000359,85.47762298583984,3621600
2012-11-20,85.35520887479166,85.48444896429227,84.606952194705,84.62055969238281,4659300
2012-11-21,84.47765956978913,84.63410936761176,84.3620166704034,84.57289123535156,2422800
2012-11-23,84.55248766705114,84.65451789047235,84.42324246440201,84.49126434326172,987200
2012-11-26,85.13753748511407,85.38241536154294,84.85864086374525,84.89265441894531,2799000
2012-11-27,84.98788047653282,85.29398169395473,84.82462165015089,85.22595977783203,2544400
2012-11-28,85.68847501792895,85.84492483107877,85.08986998747872,85.10347747802734,3569700
2012-11-29,84.93341346907143,85.32794762804133,84.79736971274777,85.11707305908203,2761000
2012-11-30,85.35522440805738,85.39603652903843,84.8314446366773,84.8858642578125,3702300
2012-12-03,84.32348236709426,85.05275895543144,84.25532669714528,84.96415710449219,5427800
2012-12-04,85.20956844508576,85.47538455991165,85.08688608437669,85.4549331665039,2586300
2012-12-05,85.46854335746833,85.74798325596983,85.31178058517773,85.41401672363281,1978200
2012-12-06,85.78207910075832,85.93202477074958,85.54353153483903,85.59805297851562,2301200
2012-12-07,84.85513595963626,85.16865631991124,84.74608268652517,84.80742645263672,4020900
2012-12-10,85.16872351821645,85.25051353758226,84.88246625036165,85.18235778808594,2134300
2012-12-11,84.69154515999641,84.72562040141023,84.39847104412216,84.53478240966797,3777900
2012-12-12,84.39848433648355,84.74607993335361,83.53970803844499,83.55333709716797,7119700
2012-12-13,83.34891222631408,83.95550704562822,83.23985890151891,83.6147232055664,6381500
2012-12-14,83.96230501402201,84.31671783881414,83.88733217032505,84.24174499511719,3832800
2012-12-17,84.17357796858958,84.18720702927185,82.95357163962612,82.9808349609375,6870000
2012-12-18,82.74226797990683,83.00126167165926,81.71991707043503,82.13567352294922,12024200
2012-12-19,82.44918704675915,82.91265296217237,82.27879524256231,82.40829467773438,4880500
2012-12-20,82.66729303370803,82.90584053311542,82.21064422056453,82.42192840576172,4567900
2012-12-21,83.36254767339166,83.44433767324911,83.11718287376843,83.3216552734375,6087700
2012-12-24,83.15125332641105,83.205779986416,83.06265140386436,83.17169952392578,1071100
2012-12-26,83.30008881886967,83.47768784784124,83.20445977512928,83.47085571289062,2247800
2012-12-27,83.25230424201176,84.21543237218562,83.21815397775927,83.75094604492188,4262700
2012-12-28,84.11295231784081,84.24956376704162,83.86704754016512,84.22907257080078,3928200
2012-12-31,83.92854089112409,83.99684662756678,82.58972865355128,82.77415466308594,6423000
2013-01-02,81.80411990802999,81.89974888810319,81.56504745784699,81.6675033569336,7472700
2013-01-03,81.54462628633863,81.61976415590438,80.53368893264309,80.5610122680664,10004300
2013-01-04,80.36969951334133,80.90249116353444,80.16477724262559,80.87516784667969,9574600
2013-01-07,80.85472134045538,81.10062611664,80.60198442843435,80.90936279296875,4193100
2013-01-08,81.31238465079893,81.48315158633622,81.1621089137032,81.44216918945312,4380900
2013-01-09,81.45580893324453,81.65389915685594,81.19624512888754,81.36701202392578,3870300
2013-01-10,81.03232348228055,81.48998282513713,80.84789748694524,81.14161682128906,5602800
2013-01-11,80.95718034247221,81.87249375718517,80.84106008588259,81.86566162109375,4770700
2013-01-14,81.99544929052631,82.15938408324925,81.53779517133681,81.64025115966797,3064600
2013-01-15,82.38475666674643,82.44623022914172,81.94759396285595,82.01589965820312,5357800
2013-01-16,82.39843291797101,82.43258837846815,81.9749343915993,82.18668365478516,4286100
2013-01-17,81.51045559039086,81.66073129184726,81.11427514316803,81.36701202392578,7019200
2013-01-18,81.67444060440647,82.1116037077778,81.59930270744623,81.9954833984375,4660000
2013-01-22,81.66074537867317,82.17304615216197,81.54461990935705,82.15254974365234,3874100
2013-01-23,82.20035369451001,82.36429367312957,81.9339577434936,82.02958679199219,2848800
2013-01-24,81.87928474806809,81.94759044047925,81.46261324955262,81.74266815185547,4178900
2013-01-25,80.88887829416252,81.01183069243486,80.44488323310175,80.62248229980469,8750700
2013-01-28,79.93253977521722,80.41069005166483,79.91888072109717,80.32872009277344,6059900
2013-01-29,80.34247098439299,80.65668168184314,79.83016991458157,79.88481140136719,5553900
2013-01-30,79.69351464415335,79.89160492075497,79.34515383728926,79.74816131591797,9586800
2013-01-31,79.93939148217007,80.15114074691778,79.61152198910209,80.13748168945312,6789200
2013-02-01,80.59616612446152,80.67831295299466,79.07638712099173,79.096923828125,10928600
2013-02-04,79.81568255257916,80.2880473999386,79.69930447287037,80.11005401611328,9291900
2013-02-05,79.59665728230698,79.70619333653025,79.3159802835513,79.39813232421875,6676500
2013-02-06,79.76779498092912,80.07586118350005,79.44604460748295,80.04847717285156,5892000
2013-02-07,79.93892554143682,80.50028459284557,79.83624205023672,79.87046813964844,5951700
2013-02-08,79.95950668144793,80.2059576271382,79.56929355459961,80.17857360839844,5603400
2013-02-11,80.1306303469829,80.35653929786251,80.04163100536525,80.11693572998047,3679900
2013-02-12,79.88413939911014,80.11004823666934,79.72668272036191,79.91836547851562,4513700
2013-02-13,79.27498238645363,79.5967331005368,79.10383605593277,79.26813507080078,6586400
2013-02-14,79.6103817536813,80.12382044871264,79.40500418648136,79.98690032958984,7096000
2013-02-15,79.86363301564272,79.91839580806702,79.45972543085031,79.75409698486328,5861800
2013-02-19,80.0005592499344,80.02794326153789,79.302280011461,79.35704803466797,7383600
2013-02-20,79.19963202792881,79.66514998810068,79.11747995626254,79.59668731689453,9603900
2013-02-21,80.02793821152066,80.30861517255397,79.91840217201882,80.06216430664062,8297400
2013-02-22,80.0827096334065,80.32915528682369,80.01424699432643,80.11693572998047,5316900
2013-02-25,79.65141811355589,81.70517193800323,79.6103447084161,81.69148254394531,15948700
2013-02-26,81.28074681100553,81.92425290178778,81.18490014424192,81.21913146972656,9822100
2013-02-27,81.80102223474333,81.8352535580488,80.78099252043293,80.97952270507812,7459600
2013-02-28,81.0753741770336,81.2328309715731,80.76731312102376,81.13014221191406,6023400
2013-03-01,81.5307630777525,81.7846052790256,81.32494974504615,81.57192993164062,7786800
2013-03-04,81.4964456204367,81.6199356866827,81.13283743487418,81.13969421386719,4511400
2013-03-05,81.00254145487048,81.09172675118815,80.73498033173146,80.906494140625,6539300
2013-03-06,80.34392285326771,80.61148395574769,80.16554704021918,80.17240905761719,6514900
2013-03-07,79.86371312268324,79.9323176171311,79.5206854162565,79.55498504638672,8526700
2013-03-08,78.8071362198927,79.14330168932977,78.63562247754138,78.72480773925781,15423600
2013-03-11,78.97866112217744,79.05412759821039,78.71795684708731,78.80028533935547,5815800
2013-03-12,79.06786212420171,79.43833256182305,79.0541433231872,79.3697280883789,9264200
2013-03-13,79.06099221207158,79.40401977922554,78.91692126196915,79.28739166259766,7371500
2013-03-14,78.95805835071857,79.33539065096706,78.88259712485254,79.04724884033203,9352100
2013-03-15,79.12272076358889,79.50004785570711,79.10213995200586,79.417724609375,9673400
2013-03-18,80.15180598085594,80.18610558994939,79.68528837687448,80.02145385742188,9152200
2013-03-19,80.11752438263957,80.87904606352824,80.06263871114464,80.56346130371094,11986200
2013-03-20,80.0695039533779,80.26159857716095,79.63729104986604,79.66473388671875,8543900
2013-03-21,80.17239878766861,80.43995985587446,79.94599935020673,80.43309783935547,6119400
2013-03-22,80.47426171468946,80.61147063486212,80.11064813128081,80.49484252929688,6323800
2013-03-25,80.11063705023733,80.80355403988878,80.04203259964049,80.41936492919922,5839800
2013-03-26,80.17929149380791,80.89278969351881,80.11754378987226,80.51545715332031,5093200
2013-03-27,81.160315422257,81.48275690267147,81.0779869310238,81.20147705078125,7742900
2013-03-28,81.03684388256815,81.26323812554374,80.73497791301949,80.78986358642578,5826400
2013-04-01,80.80014282252057,81.41893327443293,80.77951734838061,81.39830780029297,6113800
2013-04-02,81.17829498904983,81.22642284447687,80.95828118630578,81.06829071044922,5438000
2013-04-03,81.34326925131148,82.01706418475113,81.302018320166,81.79705047607422,9527400
2013-04-04,82.22343799054028,82.78722947343479,82.1409360139589,82.77347564697266,9365700
2013-04-05,84.48541905919288,84.86357042109243,84.31353303024677,84.44416809082031,18626200
2013-04-08,84.34101189188492,84.47852382400102,83.72909821921387,83.7978515625,8020300
2013-04-09,83.9009912041293,84.04537481074624,83.4540865671468,83.59159851074219,7176100
2013-04-10,82.91093004468108,82.95906316133409,82.43652824248183,82.44340515136719,10765200
2013-04-11,82.62218798739474,82.84220192884878,82.42967644431572,82.6015625,7501800
2013-04-12,83.41969672326067,83.83909889212725,83.12405265742919,83.83222198486328,9253000
2013-04-15,83.96976204824476,84.58855280948826,83.79100435264306,84.56105041503906,12948400
2013-04-16,83.82535146483146,84.23787675786721,83.79784907922325,83.86660766601562,6553500
2013-04-17,84.08663547862984,84.93231168305381,84.08663547862984,84.42353057861328,9020900
2013-04-18,84.43727216060377,84.71916770243746,84.29288855827826,84.6297836303711,7009500
2013-04-19,84.5266953538237,84.55419775445417,84.31355306032424,84.45106506347656,5474300
2013-04-22,84.45788890664238,84.76728680438393,84.34100770430481,84.51289367675781,4519400
2013-04-23,84.74668943510636,85.11108697828031,84.14164725424818,84.21727752685547,8042900
2013-04-24,84.20351388586207,84.44415323494296,84.08663266567197,84.43040466308594,3673600
2013-04-25,84.05223806394702,84.1347452166999,83.94910543439177,84.06598663330078,4297800
2013-04-26,84.70545499334655,84.91859729163636,84.57482514434916,84.83609008789062,4898800
2013-04-29,84.96664647881099,85.06977907657595,84.40286088930993,84.52661895751953,4916000
2013-04-30,84.74661579954635,85.04225972316193,84.34096239479904,84.5747299194336,4477400
2013-05-01,85.06465585049946,85.61586259585644,85.04398651747057,85.44361114501953,10724600
2013-05-02,85.15425386953652,85.41607952874449,85.0991373814865,85.3333969116211,4171800
2013-05-03,84.16896703463826,84.18963637149177,83.25258788501343,83.32148742675781,11283600
2013-05-06,83.47305494694454,83.54195447661675,82.90117886294058,83.1147689819336,5121900
2013-05-07,82.81163155785094,83.0252217324465,82.7151711398595,82.79096221923828,5049200
2013-05-08,82.86672275847393,83.2525695694126,82.79782323188746,82.92184448242188,5732900
2013-05-09,83.03210081950621,83.59019390519614,82.66692854088451,82.70826721191406,7527000
2013-05-10,82.51534780719612,82.53601714306217,81.19934401894723,81.81945037841797,11689000
2013-05-13,81.22006576731863,81.4336613080658,81.04781418168126,81.1925048828125,8050800
2013-05-14,81.54385289392665,81.60586616272931,80.29675381019824,80.31053161621094,9236100
2013-05-15,80.97887424777744,81.10978706977365,80.21407716810242,80.84796142578125,14608600
2013-05-16,81.28204941527083,81.95038616476837,81.2544885408205,81.68856048583984,8458400
2013-05-17,81.2682595046109,81.40606386525555,80.59992806810507,80.65504455566406,7435500
2013-05-20,81.04777978540005,81.07534065820947,80.46901722649908,80.55858612060547,5839800
2013-05-21,80.56551184457713,81.21317948871801,80.21411713800056,81.1925048828125,7781800
2013-05-22,81.31648372149449,81.68166130775546,79.78689485635134,79.98670196533203,18361500
2013-05-23,80.71700252332032,80.77901050059724,79.76617148484556,80.36560821533203,9207100
2013-05-24,80.59995059114146,80.90310975587748,80.41391596645997,80.4759292602539,5357600
2013-05-28,79.98666409341206,80.11068532177786,78.42262356701174,78.4364013671875,13567500
2013-05-29,78.97387162500962,79.359713312699,78.86362813898481,79.31837463378906,11298600
2013-05-30,79.40792216050853,79.49060475278301,78.91183712025635,79.12542724609375,10011800
2013-05-31,79.21500596799822,79.24945310758969,77.97479329535771,78.85671997070312,18158800
2013-06-03,78.58393156410861,79.7649691143862,78.52867705115331,79.27459716796875,15564500
2013-06-04,78.70825400213803,79.07430594033436,78.50105747622945,78.54249572753906,7504300
2013-06-05,78.93621845448057,79.64760359753014,78.82570936423113,79.62688446044922,8056100
2013-06-06,79.34363173953598,80.66280505787503,79.01902345854457,79.57846069335938,8925200
2013-06-07,78.88781973708083,79.30912614291722,78.15571594238281,78.15571594238281,10459300
2013-06-10,77.83800222777357,78.1280857517498,77.6169894714906,77.78275299072266,7892600
2013-06-11,77.5410178746735,78.70824432373047,77.43742225913819,78.70824432373047,12841200
2013-06-12,78.04521847588974,78.61847223022649,77.54103023270376,77.58247375488281,10193200
2013-06-13,78.09357320675305,78.85330444932795,77.96925316565088,78.79804992675781,12506300
2013-06-14,78.80492723203137,79.1917034693596,78.61154174804688,78.61154174804688,6679100
2013-06-17,78.7496573897352,78.79110089205766,78.0451810825519,78.19712829589844,5982100
2013-06-18,77.94158485130666,78.5148383649673,77.85180025144211,78.23857116699219,5192700
2013-06-19,78.55630210982972,78.59083749680066,77.0920944430016,77.4305191040039,17138200
2013-06-20,76.4911666767797,76.80887201891571,75.47588804573796,76.1596450805664,27898500
2013-06-21,76.07679804546926,76.2563725323997,74.84741442515279,74.86813354492188,19781000
2013-06-24,74.47444820082205,75.55188449311599,74.42610183563858,75.17892456054688,24588900
2013-06-25,75.21343063440948,75.29630707423125,74.49513829626704,74.50894927978516,11078000
2013-06-26,75.28251743033452,75.31705280295404,74.61947937703252,74.99243927001953,13582200
2013-06-27,75.6555086057324,75.9524950172423,75.24801317163266,75.75910949707031,12026000
2013-06-28,75.28944020165709,76.30471922957766,75.08914659409679,76.27709197998047,12017000
2013-07-01,75.96005165817485,76.49307802283913,75.75237603061647,76.43077850341797,5500400
2013-07-02,76.49306305196258,76.70073863887562,76.31307789539858,76.3823013305664,5333900
2013-07-03,76.36155524873392,76.59692132893751,76.15388488769531,76.15388488769531,3839000
2013-07-05,74.26402502972168,74.41631973839779,73.49563284060783,73.55793762207031,14511900
2013-07-08,74.1186708334174,74.4578693995641,74.03559953334856,74.27096557617188,8044200
2013-07-09,74.40944462148646,74.49943988914308,74.11870286770142,74.3471450805664,4700400
2013-07-10,74.3401742359258,74.3401742359258,73.58562988230025,73.76560974121094,10792200
2013-07-11,74.38172703337952,74.67247396247994,74.0286858675034,74.63093566894531,10035500
2013-07-12,74.99779954347343,75.08779474811084,74.30555473935169,74.56861114501953,4730800
2013-07-15,74.62400489631706,74.98396993286372,74.5547761788111,74.96320343017578,4574800
2013-07-16,75.06011119064704,75.28855326444918,74.94934947677598,75.21932983398438,3650200
2013-07-17,75.58624549931584,75.70392590086387,75.21935643483607,75.35780334472656,5932000
2013-07-18,75.18472070903734,75.22625371392405,74.40248585568341,74.41632843017578,9066400
2013-07-19,74.97706482234115,75.60008646639136,74.93553180654146,75.5931625366211,8523800
2013-07-22,75.70393371582031,75.9323758939918,75.54471499974005,75.70393371582031,3972600
2013-07-23,75.22630979134854,75.4547520513368,74.98402494654897,75.38552856445312,5015500
2013-07-24,74.52016336754004,74.68630066212862,73.92483234040414,74.43016815185547,8853100
2013-07-25,74.0494423091935,74.4855547214545,73.93868058336923,74.4024887084961,6443400
2013-07-26,74.7901667999231,74.95630415748369,74.51326768304789,74.85939025878906,6795500
2013-07-29,74.52019856556753,74.63787898475955,74.11869507271159,74.3125228881836,6397800
2013-07-30,74.56166605019801,74.59628039314062,74.10478735551763,74.2847671508789,3635400
2013-07-31,73.4194526771727,74.70702791698709,73.27408196060097,74.55473327636719,10483100
2013-08-01,73.90244128942652,73.90244128942652,72.86840540007036,73.11824035644531,13568600
2013-08-02,73.569319904384,73.9857096675691,73.5485012104272,73.92324829101562,9568400
2013-08-05,73.69428168009465,73.73591909304758,73.24319029258815,73.3542251586914,6611800
2013-08-06,73.23622087754562,73.5693359375,73.10436206083888,73.5693359375,4589000
2013-08-07,73.68036279925775,74.21473404471656,73.68036279925775,74.1175765991211,7183400
2013-08-08,74.24252942402306,74.67279680377781,74.11067055877629,74.31886291503906,5510900
2013-08-09,73.9787808313591,74.44374939052706,73.89550604146874,74.43681335449219,3623400
2013-08-12,74.67972663193831,74.69360400234333,73.8885841517167,73.93022155761719,7562800
2013-08-13,73.09743835655871,73.11825705856484,72.72962716862345,72.86148071289062,11485600
2013-08-14,72.82678271602278,73.11825512577411,72.77820398106422,72.97251892089844,6431600
2013-08-15,72.24381627425565,72.61162736934055,71.95928526085714,71.98704528808594,11846300
2013-08-16,72.14663094755558,72.15357227535148,71.25139027042805,71.7371826171875,10175900
2013-08-19,71.43186516651731,71.48738522861805,70.93219519697969,71.11263275146484,9022000
2013-08-20,71.40413513597125,71.73030901949966,71.37637509325747,71.6609115600586,10050100
2013-08-21,71.32081304070473,71.61922670592458,70.86278584216012,70.87666320800781,13248800
2013-08-22,71.1056754035468,71.64004661520191,70.95299791450248,71.59840393066406,8751200
2013-08-23,71.48737927521631,72.44507644061758,71.30000040490218,72.37567901611328,17441200
2013-08-26,72.56303794506931,72.79205416492285,72.40342443039542,72.73653411865234,5879100
2013-08-27,73.0696433348406,73.73586795345818,72.89614717495012,73.652587890625,11573300
2013-08-28,73.15293360823192,73.26396841282492,72.82675993496183,73.05577087402344,7497900
2013-08-29,72.78512167342359,73.77752011860814,72.7226655847978,73.63872528076172,6672400
2013-08-30,73.57624624248258,74.03427862789933,73.38193139825088,73.55542755126953,8987600
2013-09-03,72.77543114067927,72.8310977240133,72.02395350030022,72.51798248291016,12084300
2013-09-04,72.67803088373817,72.81719736813331,72.33012263573816,72.35795593261719,4579600
2013-09-05,71.99612374647482,72.08657796734428,71.34205463180342,71.34901428222656,12290600
2013-09-06,71.84304146303724,72.23965658854982,71.53688055609499,71.7038803100586,9478400
2013-09-09,72.22579110536064,72.23274545161989,71.72480212430851,71.73871612548828,6874900
2013-09-10,71.48120319493923,71.90564620861049,71.2237492803392,71.23766326904297,8069000
2013-09-11,71.61338052278893,71.88474833459847,71.10543782218325,71.87083435058594,8962400
2013-09-12,72.26050668537705,72.36488017043098,71.71081128550524,71.7734375,6254400
2013-09-13,72.02393215847495,72.24659311717554,71.82910448319394,72.05176544189453,6106200
2013-09-16,72.59454463634924,72.6502112364984,71.56473376822672,71.57169342041016,8231600
2013-09-17,71.92653382859434,72.18398246558473,71.64820624304564,72.1631088256836,8795300
2013-09-18,72.10749877214113,73.44347116831649,71.65522206332263,73.0538101196289,19749200
2013-09-19,73.09553863538251,73.1233666287833,72.47626226335365,72.62238311767578,11627800
2013-09-20,72.84502348312107,73.18597204612209,72.67802371831162,73.00505828857422,8421000
2013-09-23,73.20679276366893,73.56862001717651,73.13721223296491,73.54078674316406,10242100
2013-09-24,73.74955704566447,74.34099974987599,73.6451835546492,74.33404541015625,11446600
2013-09-25,74.13228422843186,74.64718690812012,74.02791070059632,74.48715209960938,8130900
2013-09-26,74.09054106291669,74.18795494534079,73.88875364685005,73.96529388427734,5117100
2013-09-27,73.9583111442389,74.32709291380966,73.93047785671286,74.14617919921875,6460000
2013-09-30,74.21580302830647,74.38279753021142,73.88180871583708,74.0348892211914,8438800
2013-10-01,73.87996638321862,73.9706575312266,73.62183805380118,73.8102035522461,7592500
2013-10-02,73.90090853207478,74.28461215808458,73.78231116496768,73.92183685302734,5967200
2013-10-03,73.77531646048888,74.23576070670354,73.74043238514682,73.80322265625,6648900
2013-10-04,73.71950743821736,73.79624814942714,73.49626318448789,73.7474136352539,5545300
2013-10-07,74.08926569780182,74.20089050171231,73.9357895762703,74.04740905761719,5761100
2013-10-08,73.93580391845443,74.30555183864593,73.83115697512966,74.06835174560547,5904000
2013-10-09,73.8590453891113,73.90787990789016,73.46139135832249,73.475341796875,8439000
2013-10-10,73.11258857627297,73.62186219970637,72.9102725743047,73.59395599365234,9944100
2013-10-11,74.06144831281117,74.11028288893492,73.53821843038385,73.5730972290039,6500800
2013-10-14,73.52421463341314,73.69862448031327,72.78471858577775,72.98005676269531,4205600
2013-10-15,73.35678145348096,73.46142842439784,72.92424312422204,72.93122100830078,8291000
2013-10-16,72.88239797497215,73.85211643498542,72.74286688419193,73.84513854980469,14460200
2013-10-17,74.31252317129322,74.7311109376807,74.15206914040063,74.51483917236328,11303400
2013-10-18,74.72412749485251,74.98225588857385,74.6334363242519,74.67529296875,9487800
2013-10-21,74.5845963535556,74.59156891208686,74.27065557504469,74.4380874633789,6161600
2013-10-22,75.06600210151927,75.42877758816336,75.03809588542616,75.26831817626953,9708500
2013-10-23,75.39388548762103,75.85433002045163,75.37295715841346,75.56131744384766,9163100
2013-10-24,75.77061942081274,75.81247608366917,75.25436772950621,75.26831817626953,7631400
2013-10-25,75.43573843421416,75.65898280572019,75.4008596614397,75.54736328125,4429500
2013-10-28,75.35199774278068,75.61012079327361,75.28223490001405,75.2892074584961,6466400
2013-10-29,75.07992898289417,75.39386447865976,75.00318824880668,75.38688659667969,5270500
2013-10-30,75.29623426192119,75.49157247761076,74.79393295153814,74.93346405029297,10199300
2013-10-31,75.28229114710146,75.35205404199138,74.74510567905693,75.09392547607422,11452100
2013-11-01,74.82667687714925,74.847661348866,74.24608158771261,74.28105926513672,11349500
2013-11-04,74.47692535734386,74.61682540069086,74.30204763473785,74.35101318359375,4733200
2013-11-05,74.00123454283042,74.0292156100981,73.44162387116229,73.46260833740234,8753400
2013-11-06,73.40666988140806,73.54656991585966,73.23179216992146,73.49760437011719,5643000
2013-11-07,73.48361091758484,74.18312171037729,73.42764877331894,74.12016296386719,7893700
2013-11-08,72.72813484172868,72.8260659215456,72.32241731857647,72.33641052246094,16889900
2013-11-11,72.42031995837893,72.45529761751052,72.02159919374967,72.06356811523438,4927200
2013-11-12,72.19650951234944,72.46232169687046,72.17552504210354,72.39936828613281,4839500
2013-11-13,72.65821564111663,72.77713124033885,72.56727578783834,72.66520690917969,5782900
2013-11-14,72.96594978730391,73.53255700863961,72.8540308652209,73.11284637451172,8895500
2013-11-15,73.21075433857898,73.26671110946883,72.96592145146947,73.25971984863281,6344800
2013-11-18,73.20381786457868,73.7354476509724,73.20381786457868,73.70046997070312,5451300
2013-11-19,73.41366269054213,73.54657146185593,73.03593152221382,73.14085388183594,7251100
2013-11-20,73.04284899655745,73.33664198038291,71.8047183722422,71.8956527709961,14190900
2013-11-21,71.70685206237454,72.18251960963309,71.4620243550011,72.01463317871094,8903000
2013-11-22,72.3923966781235,72.84008332075129,72.38540541019033,72.68619537353516,7950700
2013-11-25,72.63719046536632,73.0429079630393,72.63719046536632,72.89601135253906,3755500
2013-11-26,73.09188425425894,73.39967072355131,73.08489298857069,73.16883087158203,6659200
2013-11-27,73.2247743470055,73.23876221165936,72.72112582998359,73.04290008544922,6063000
2013-11-29,72.80508821796015,73.1688315001033,72.7141483947913,73.06390380859375,5084400
2013-12-02,72.82536269698281,72.90253836278455,72.41843743234278,72.49561309814453,7527800
2013-12-03,72.7551819740542,72.93759762778397,72.58680117592695,72.76219940185547,5076900
2013-12-04,72.0886815163065,72.29916155963582,71.82909017656429,72.06763458251953,8502700
2013-12-05,71.8992785809197,72.15886465754764,71.7168628372418,71.86419677734375,7445700
2013-12-06,71.95538808677674,72.25707334002257,71.81507160501478,72.20796203613281,7352000
2013-12-09,72.19395751939628,72.42548461190553,72.14484619850636,72.37637329101562,5678800
2013-12-10,72.85343147104969,72.93060714719229,72.57981056571906,72.8955307006836,7040400
2013-12-11,72.64995620192413,72.80430216331715,72.27810742120586,72.33423614501953,8190900
2013-12-12,72.28514804229243,72.37635858593664,72.004509685912,72.06063842773438,6208600
2013-12-13,72.36230380270632,72.47456125544649,72.11674731574966,72.41141510009766,6471300
2013-12-16,72.67101600227132,72.74819167299738,72.07466292616778,72.14482116699219,6376400
2013-12-17,71.99041560717502,72.54467439189942,71.97638075794185,72.46749877929688,6014400
2013-12-18,72.14479085938417,72.76920804004958,71.88519958938288,72.10269165039062,12973200
2013-12-19,72.16586665766563,72.27110669315844,71.87821091750067,72.03256225585938,6708400
2013-12-20,72.76922408527554,73.16913186615707,72.4745563209901,73.14106750488281,12425700
2013-12-23,73.00076321107389,73.2533371518843,72.72714233398438,72.72714233398438,6378600
2013-12-24,72.42545948302053,72.50964723091757,72.12377423001793,72.14482116699219,4897000
2013-12-26,72.04274705184012,72.04978741706897,71.80342833631127,71.86677551269531,4645300
2013-12-27,71.84567827226121,72.01460948964113,71.5782033972241,71.66266632080078,4755000
2013-12-30,71.90195036160695,72.20462153279036,71.85267856026191,72.15534973144531,4491700
2013-12-31,72.00052438745328,72.18353631416068,71.21216986259714,71.6978530883789,7218600
2014-01-02,71.59926914226565,72.07087137041601,71.57815342611308,71.916015625,8580800
2014-01-03,71.66261629072339,72.11310280272117,71.62742522054337,71.916015625,4083800
2014-01-06,72.06386366682693,72.50027502257402,72.05682867173645,72.21871948242188,7796200
2014-01-07,72.37359255947345,72.49325194725425,72.19058060919153,72.40174865722656,4428100
2014-01-08,72.11315747136474,72.28209406910108,71.86679831244956,72.20466613769531,8513000
2014-01-09,72.47913010486101,72.64806121282281,72.15534324367462,72.62694549560547,6991100
2014-01-10,73.04226001957652,73.58425533715115,72.98595321157094,73.49275207519531,13197400
2014-01-13,73.56314139031636,74.00658772158987,73.53498530052083,73.85877227783203,9667400
2014-01-14,73.66168498993686,73.78838470885347,73.47867309145177,73.52090454101562,10343100
2014-01-15,73.2323264209012,73.5631538191122,73.15489850343795,73.44348907470703,7507500
2014-01-16,73.80244006707272,73.95729583380535,73.71093682774142,73.9361801147461,7137700
2014-01-17,73.80952206847684,74.27408426052554,73.76025023946823,74.24593353271484,7588600
2014-01-21,74.22481053928348,74.42893821717996,74.18961944530396,74.30223846435547,6436000
2014-01-22,74.16850400568006,74.43597887592432,74.0769953464763,74.11923217773438,4646700
2014-01-23,74.52749814369785,75.37920013520882,74.52749814369785,75.16803741455078,12960600
2014-01-24,75.44956650227282,75.66072914854992,75.308786034529,75.65369415283203,11122200
2014-01-27,75.47067327600553,75.73814807764683,75.1046494735226,75.12577056884766,9218200
2014-01-28,75.25250816391092,75.3088150024414,74.9991085947264,75.3088150024414,5661500
2014-01-29,75.57623391637766,76.12526408020994,75.30875382717073,75.92817687988281,11709400
2014-01-30,75.64663665721272,75.78741172285322,75.39323724288023,75.7099838256836,5956900
2014-01-31,76.16048469014719,76.30830551794222,75.91412559419798,76.216796875,14690900
2014-02-03,76.06578772259698,77.15959625555061,75.9387642056918,77.1454849243164,20780300
2014-02-04,76.58089240044231,76.68674616996478,76.19276909078839,76.32685089111328,9573500
2014-02-05,75.99521271733623,76.05872177747857,75.51534674400408,75.62120056152344,10312200
2014-02-06,75.48710774489042,75.52238875631065,75.1695463384203,75.29656982421875,5708700
2014-02-07,75.1272452739788,75.66356753011587,75.1131339390058,75.36012268066406,7039200
2014-02-10,75.23308965452536,75.59299056644132,75.2048616041839,75.57181549072266,4370500
2014-02-11,75.23309572412418,75.28955182936183,74.9155395540759,75.1343002319336,5904900
2014-02-12,74.922553095021,74.95078113278245,74.53442968968326,74.74613189697266,6723300
2014-02-13,75.2189457589294,75.31774659140036,75.01430188980935,75.16954803466797,6874600
2014-02-14,75.20481756108812,75.25421527426877,74.99310999948707,75.21187591552734,4989100
2014-02-18,75.2683721801087,75.64943738018279,75.24014413122362,75.38127899169922,4855800
2014-02-19,75.63531618324205,75.63531618324205,75.01431534061155,75.06371307373047,5522500
2014-02-20,75.02844225357185,75.24720291939634,74.5838625631688,74.8802490234375,5103200
2014-02-21,74.76728916813683,75.28244134986109,74.76728916813683,75.27538299560547,5250700
2014-02-24,75.29658691196362,75.32481495787465,74.92257472555352,75.08488464355469,3816700
2014-02-25,75.44478181903774,75.76233789813641,75.43066510479616,75.75527954101562,6225400
2014-02-26,75.72706341330505,76.15753173828125,75.677665673584,76.15753173828125,7203900
2014-02-27,76.41161881237879,76.6092098747427,76.28459521743733,76.57392883300781,5394700
2014-02-28,76.41159971133807,76.73621428749769,76.05875707847525,76.61624908447266,8462600
2014-03-03,77.02155179731557,77.23377352006723,76.8517776573278,77.1276626586914,11089400
2014-03-04,76.64664664745627,76.64664664745627,75.94632345858051,75.96754455566406,8068100
2014-03-05,75.93218807566309,76.24344528895234,75.83315267089374,76.13026428222656,4798500
2014-03-06,75.52185401068058,75.6704070256916,75.35207451036389,75.38037109375,7418200
2014-03-07,74.72956063127835,75.10448089008942,74.70126404987472,74.90641021728516,8270300
2014-03-10,74.94179632696971,75.06205277268863,74.82860998015985,75.01253509521484,3744300
2014-03-11,74.97012695297335,75.22478555487612,74.82864395522235,75.21063995361328,3815700
2014-03-12,75.63505733974122,75.8755756712204,75.53602196708009,75.73409271240234,6430500
2014-03-13,75.47944197405242,76.77398293909579,75.44407527593462,76.75276184082031,11815500
2014-03-14,77.08520875644592,77.09228425200158,76.62539869172085,76.76687622070312,9232800
2014-03-17,76.52638692369199,76.61127670545328,76.16561209748582,76.19390869140625,7381900
2014-03-18,76.17266628137101,76.50514442062614,76.11607310936547,76.46977233886719,4819500
2014-03-19,76.34244477846087,76.38489235841028,75.55723201217484,75.87556457519531,11557600
2014-03-20,75.755333650392,76.1373296437266,75.6845948509651,75.7411880493164,5224400
2014-03-21,75.98167811566702,76.6254079665828,75.95338152704115,76.5617446899414,8986200
2014-03-24,76.434433945303,77.17012386559296,76.36368975560009,77.10646057128906,7536400
2014-03-25,76.68907969165097,76.97911029181707,76.5193001531403,76.81640625,5032000
2014-03-26,76.78810228694127,77.44598304744824,76.73858461236641,77.41768646240234,7147200
2014-03-27,77.55916668444428,78.08971552918301,77.4035381597974,77.80675506591797,9772200
2014-03-28,77.71485673553434,77.73607784260102,77.12063875253631,77.36823272705078,6027000
2014-03-31,76.92255155141255,78.57079221248678,76.63959092423273,77.17721557617188,7488400
2014-04-01,76.77999855494247,76.85091932482064,76.4821226640015,76.51758575439453,9067300
2014-04-02,76.16297376793814,76.27645132440776,76.00694483324628,76.07786560058594,6887200
2014-04-03,76.25515730999454,76.55303313982587,76.19842395227568,76.41118621826172,4937400
2014-04-04,76.50342330442189,77.0849824234108,76.48923590027792,76.92185974121094,8977500
2014-04-07,77.03533500865072,77.51051022587386,77.02114760493441,77.38285064697266,7562500
2014-04-08,77.3261539634542,77.6382120842412,77.10629778430632,77.56729125976562,4213800
2014-04-09,77.21975335342509,77.55308710851357,77.0495423292413,77.18429565429688,5771500
2014-04-10,77.24811656914069,78.17010324716708,77.23393457280802,77.90059661865234,12706400
2014-04-11,78.39706886317744,78.5743736130731,78.10628647611101,78.53182220458984,10267000
2014-04-14,78.35451076429221,78.51053438571242,78.22685113883125,78.32614135742188,4142600
2014-04-15,78.44672966748745,79.08502797696545,78.26233117565765,78.81552124023438,7752000
2014-04-16,78.31902327816248,78.91476440429688,78.28356017788377,78.91476440429688,5523000
2014-04-17,78.98571405777683,79.0424474597952,77.8013143342476,78.04954528808594,8622500
2014-04-21,78.27646951880261,78.45377419301407,77.90057906431055,77.98568725585938,4316300
2014-04-22,77.77288713620828,78.3615342565232,77.73742405421889,78.24806213378906,5748700
2014-04-23,78.43957376196616,78.75872536908862,78.38992867786821,78.69489288330078,5748600
2014-04-24,78.33317290323932,78.87218042147465,78.33317290323932,78.84381103515625,6337800
2014-04-25,79.0708239096258,79.42543340565541,78.9502579795945,78.95735168457031,5976500
2014-04-28,78.8012905890257,78.92185647001818,78.40412984650493,78.5743408203125,7606000
2014-04-29,78.13459250025119,78.53175849724423,78.04239605302615,78.46792602539062,5235200
2014-04-30,78.52468071581363,78.90765939184803,78.28354358901794,78.79418182373047,7721400
2014-05-01,78.8290095857663,79.68214067069309,78.80057134053133,79.63948059082031,11556500
2014-05-02,79.29825967055764,80.40732449457974,79.1276355647179,80.13005828857422,12702100
2014-05-05,80.16562574254708,80.20116950134529,79.54710575978562,79.64663696289062,8043000
2014-05-06,79.70349531443567,80.12294737131361,79.6537297242291,79.96654510498047,6522600
2014-05-07,79.84569552751269,80.03054150611874,79.58265111369542,79.68218231201172,8199200
2014-05-08,79.86699064588156,80.16558954441035,79.24136544828282,79.34089660644531,10878800
2014-05-09,79.29114947875775,79.49021184140541,78.90013567328342,79.08497619628906,6000600
2014-05-12,78.92148341584367,79.00679277958437,78.58734061040865,78.76507568359375,4563800
2014-05-13,79.22717345667215,79.44756317138672,79.14896960486189,79.44756317138672,5501000
2014-05-14,80.07318112991865,80.49974952712604,80.02341554011679,80.30779266357422,8851400
2014-05-15,80.89073245995657,81.33862802131006,80.76276307443278,80.9476089477539,12627900
2014-05-16,80.76988123689789,81.0471473597316,80.63480092227192,80.7201156616211,5019200
2014-05-19,80.99740640891619,81.01873374422709,80.06607660672286,80.1229476928711,7403300
2014-05-20,80.05182369484459,80.67745421601816,80.04471277782022,80.30065155029297,6549800
2014-05-21,79.78171188696645,79.90968134277546,79.53288389623874,79.81015014648438,8224600
2014-05-22,79.81008014777557,79.90961125677129,79.47593767155907,79.69632720947266,6495700
2014-05-23,79.9949782569631,80.27224988813255,79.94521266655678,80.1229476928711,3835000
2014-05-27,80.22958214807618,80.6206013383229,79.90966130081395,80.5921630859375,6658300
2014-05-28,81.11826320403469,81.6443573520315,81.11115228440107,81.58748626708984,10361000
2014-05-29,81.66567862513489,81.89317920503223,81.13957912708844,81.15380096435547,10692000
2014-05-30,81.01870158574474,81.33151684358681,80.91205952747673,81.11823272705078,6518900
2014-06-02,80.57228223261042,81.02845890488405,80.22302315747544,80.5152587890625,11728200
2014-06-03,80.12320250771944,80.21586148754088,79.48170262189069,79.52446746826172,12694100
2014-06-04,79.65993217957202,79.70269704497254,79.31066765195071,79.50312042236328,7882000
2014-06-05,79.21091865160608,79.80965425463071,79.13251273409026,79.5387954711914,6915600
2014-06-06,79.92369576498056,80.12327792469398,79.46751884746551,79.5387954711914,7832800
2014-06-09,79.43896627696125,79.5743955990672,79.26077209021342,79.42471313476562,5162800
2014-06-10,79.14669723390064,79.31063277120735,78.99701483277389,79.13243865966797,5986000
2014-06-11,79.30350560570466,79.50308213219414,79.01126466473615,79.27499389648438,5569700
2014-06-12,79.33206589416362,80.08047832679183,79.11823066309509,79.9806900024414,9775900
2014-06-13,79.5244774056987,80.2728949390305,79.49596569187095,79.9378890991211,5412500
2014-06-16,79.98066233659135,80.28002720609031,79.90225647485772,80.1374740600586,5184600
2014-06-17,79.88089123488153,79.89514437733001,79.46035555696277,79.50312042236328,6668800
2014-06-18,79.68845436047027,80.37271948695401,79.51738400030747,80.11611938476562,11256500
2014-06-19,80.1945048071935,80.23014037792431,78.9328870537359,79.0896987915039,14215500
2014-06-20,79.09683244063166,79.68843841552734,79.04693828841484,79.68843841552734,7319100
2014-06-23,79.88804068417407,79.95931729051267,79.41048143984334,79.4389877319336,5821700
2014-06-24,79.9378906336597,80.29427890626803,79.70267306860536,80.244384765625,9698300
2014-06-25,80.61505408608421,80.80037757465625,80.32281842915846,80.45111846923828,5699300
2014-06-26,80.69347802899101,81.11401925817711,80.69347802899101,80.8360366821289,6628900
2014-06-27,81.02840601157705,81.12819425361921,80.66488859382267,80.71478271484375,7216500
2014-06-30,80.94290227817915,81.11397256346497,80.6078964337279,80.91439056396484,5593100
2014-07-01,80.39420045058819,80.56570655163353,80.17981373522103,80.23698425292969,8019200
2014-07-02,79.77245230862052,79.80103755635606,79.3008093511805,79.3794174194336,9382500
2014-07-03,78.87919548946932,79.22221306121504,78.8506102374839,79.09358215332031,6173900
2014-07-07,79.5151472303573,79.90103968652788,79.48656745026368,79.67236328125,5928900
2014-07-08,80.20837401125333,80.65143720737184,80.20837401125333,80.56568145751953,6352100
2014-07-09,80.50852926957057,80.85154141961229,80.30843248795311,80.63001251220703,6395200
2014-07-10,81.13739721497865,81.2231529877266,80.62287348265173,80.65145874023438,7196900
2014-07-11,81.00158316428231,81.23740734709996,80.95156034841898,81.16594696044922,4676500
2014-07-14,80.95158211543246,81.04448554992938,80.70146796886286,80.81580352783203,4743300
2014-07-15,80.63002116006749,81.08737437722911,80.39419687407091,80.65145874023438,7720000
2014-07-16,80.7514704202266,81.16594830256368,80.7085952779428,81.08019256591797,4615800
2014-07-17,81.6304536096368,82.21643754626602,81.4232146567696,82.10209655761719,10901000
2014-07-18,82.09493108917998,82.15210157111301,81.544680193787,81.8376693725586,6677900
2014-07-21,82.1878834590302,82.6309413278251,82.1878834590302,82.24504852294922,5724100
2014-07-22,82.24504576975465,82.50945530834072,81.93061884644399,82.41655731201172,5753200
2014-07-23,82.54515034514839,82.63090062482758,82.3021784978758,82.309326171875,3489600
2014-07-24,81.83768396182768,81.88056455696042,81.64474036600406,81.69476318359375,6609000
2014-07-25,82.42368351576094,82.66665542735626,82.29505806219072,82.65950775146484,7041800
2014-07-28,82.60229288884688,82.82382710587736,82.26642863142733,82.54512786865234,5138300
2014-07-29,82.80245412306276,82.94537496313382,82.48087405478205,82.84532928466797,6579300
2014-07-30,82.28789477221316,82.45225312197437,81.58756987387919,81.69476318359375,12251200
2014-07-31,81.13022515265725,81.88057294545246,81.08735000521024,81.4518051147461,18254000
2014-08-01,81.38013839065015,82.30442480848129,81.00039395227435,82.08230590820312,14951200
2014-08-04,82.06084632934832,82.26146570457912,81.86739349365234,81.86739349365234,5183800
2014-08-05,81.73124573877045,82.25429372610532,81.45181086510863,82.13248443603516,8032000
2014-08-06,82.73434107566493,82.73434107566493,82.11098346579614,82.18263244628906,7289200
2014-08-07,82.28297935505181,82.94932556152344,82.0895264735139,82.94932556152344,9745500
2014-08-08,83.06390179616409,83.41498550468941,82.66982434116073,82.77013397216797,9536700
2014-08-11,82.86327195951478,82.98507571498453,82.6053313794234,82.7629623413086,6668800
2014-08-12,82.69131995492069,82.71281409388942,82.20409942792581,82.22559356689453,8122400
2014-08-13,82.30440252480487,82.77012340942032,82.23991464654993,82.7629623413086,8210500
2014-08-14,83.06392728560601,83.47233247045085,82.67701624736355,83.4293441772461,9028200
2014-08-15,83.62278618861706,84.80501329762079,83.60845858155041,84.33928680419922,17606700
2014-08-18,83.98105364922108,84.04554156035715,83.39352324310148,83.5009994506836,7595300
2014-08-19,83.887901329978,83.93805615916067,83.0997516714791,83.24304962158203,5936900
2014-08-20,83.14277608886496,83.19293093983998,82.80601974668896,83.10694885253906,7275600
2014-08-21,83.1642418856309,83.65862915270819,83.12841466152183,83.57264709472656,6790700
2014-08-22,83.64431343218028,84.13870080184003,83.26456883028374,84.03839111328125,10149900
2014-08-25,84.15306616748387,84.38951288221963,83.98110740516265,84.35369110107422,5760700
2014-08-26,84.50409813800741,84.53991989475136,83.98105019805134,84.08135986328125,5487600
2014-08-27,84.33213263019923,84.84085295232897,84.11718569389372,84.79785919189453,7265800
2014-08-28,85.35668738791017,85.5286514131238,85.02709787261341,85.24205017089844,9463600
2014-08-29,85.20629747755964,85.5717145176113,85.08449361969869,85.29944610595703,8512900
2014-09-02,84.22294371140487,84.29475617682769,83.8064237414366,83.82797241210938,10506000
2014-09-03,83.59095395180901,84.29472351074219,83.52631892271805,84.29472351074219,6553900
2014-09-04,83.74894659715868,83.93565784356358,83.25343145176107,83.26779174804688,12528900
2014-09-05,83.61966998503024,83.73456877560062,82.90153473741971,83.10979461669922,6886000
2014-09-08,83.59814260417521,83.75612778620135,82.9087278147059,83.14571380615234,9326400
2014-09-09,82.93744722319445,83.224702449235,82.90872115269663,83.0810775756836,5353100
2014-09-10,82.56406002713561,82.67178147495098,82.43479538554526,82.55687713623047,8729400
2014-09-11,82.77231376796831,82.97339086657202,82.27679843288063,82.28398132324219,9274800
2014-09-12,81.64481349972878,81.80998156972103,81.30728899286876,81.42218780517578,11114900
2014-09-15,81.75971834944546,81.91770902210507,81.40783351966452,81.54428100585938,5510700
2014-09-16,81.58737702076185,81.76691090110347,81.20676607106789,81.21394348144531,9304700
2014-09-17,81.52991204952531,81.7453548636484,80.9554070100943,81.00567626953125,12917000
2014-09-18,81.27858149162404,81.4940243474668,81.04159544598487,81.26422119140625,7031200
2014-09-19,81.56579856305015,82.35574619919548,81.29290367640837,82.29829406738281,13236900
2014-09-22,82.34142569485299,82.614315234424,82.18343499549206,82.39887237548828,6617200
2014-09-23,82.5209716343931,82.92312585226198,82.4204276009856,82.90876007080078,6362400
2014-09-24,82.7938269540776,82.98054368322853,82.32703787066927,82.4491195678711,5223300
2014-09-25,82.80815412675972,83.43293361730701,82.80815412675972,83.42575073242188,8947800
2014-09-26,83.318025451291,83.51192498150792,83.03077581664247,83.30366516113281,7799600
2014-09-29,84.02185740294316,84.14393912866866,83.77769395149213,83.97158813476562,6791800
2014-09-30,83.77773581446533,84.0506254810839,83.39711918928565,83.4976577758789,7277500
2014-10-01,84.15201235588009,85.13831134347484,84.10881862400852,85.11671447753906,17194900
2014-10-02,84.82877758999743,85.09514636719804,84.33202750318567,84.3752212524414,8251800
2014-10-03,84.23120041298556,84.78554008443388,84.10881451693194,84.73514556884766,8561500
2014-10-06,84.67758387704272,85.08794092381441,84.49040183160184,84.78556823730469,4485500
2014-10-07,85.17433615845393,85.98065424149273,85.08074787351788,85.93025970458984,8837700
2014-10-08,85.99503700305972,86.04543153215477,85.31831125415361,85.95184326171875,9391300
2014-10-09,85.86540379764558,86.15337473338774,85.51264228497055,85.57743835449219,10291700
2014-10-10,86.04540669102221,86.4485682999824,85.89422314738344,86.42697143554688,8774400
2014-10-13,86.50617238725202,87.23329252919387,86.42698021455092,86.95252227783203,6450700
2014-10-14,87.33409635122595,87.67246196593346,86.88054559746851,87.52127838134766,11285400
2014-10-15,89.68825843025242,91.92002484696357,87.71565996212533,88.21240997314453,37407500
2014-10-16,89.35712666501428,89.36432196306077,87.42772671792586,87.6509017944336,18096600
2014-10-17,87.24768598085132,87.62204445029099,86.7365400453711,87.16129302978516,8524300
2014-10-20,87.67242748063232,87.72282198900528,87.06769338015677,87.4780502319336,7742500
2014-10-21,86.99573647775998,87.28370758327674,86.77256147996569,86.7797622680664,9754700
2014-10-22,86.72935400832057,87.0029234943331,86.54937278243548,86.87333679199219,9260200
2014-10-23,86.41978843818589,86.52057748802441,85.71425959672486,86.10301971435547,10936300
2014-10-24,86.3405909140346,86.68615727251796,86.00942612897482,86.18940734863281,5704900
2014-10-27,86.31182564220583,86.58539522139094,86.1462459338493,86.34782409667969,3391900
2014-10-28,86.01662493845099,86.13901084678335,85.72865389509951,85.80784606933594,5141300
2014-10-29,85.64225013874722,86.26138588150141,85.25349010311619,86.00221252441406,9105100
2014-10-30,86.62136320851597,86.72215225448062,86.03822580077895,86.07421875,7024400
2014-10-31,85.91582667010502,86.18220083483014,85.54866896106704,85.85103607177734,6664200
2014-11-03,85.80775229288834,85.99539063279559,85.30979133566507,85.8510513305664,9726600
2014-11-04,86.18302869962082,86.53665588206799,85.9376601299049,86.11808013916016,3664800
2014-11-05,85.81492616453049,86.14689812865508,85.74997213569169,85.99534606933594,4799600
2014-11-06,85.59124940935254,85.82940513777363,85.38196154249596,85.439697265625,5901900
2014-11-07,85.67788145490698,86.42121124267578,85.649013583753,86.42121124267578,8550500
2014-11-10,86.29849722667238,86.29849722667238,85.56238053048328,85.62733459472656,4787300
2014-11-11,85.504653841948,85.74280407138205,85.40361357051378,85.68507385253906,2416500
2014-11-12,86.02424184408484,86.2623975324274,85.48298191929577,85.61288452148438,4040800
2014-11-13,85.66335335035285,86.00976192854588,85.47572064706011,85.81491088867188,4475900
2014-11-14,85.76446546113155,86.30572556781281,85.64899950148379,86.23355865478516,5191200
2014-11-17,86.44280963840272,86.45002797841741,85.79329668658535,86.01702117919922,4726200
2014-11-18,86.11085419601024,86.29849253074755,85.99538826338969,86.25518798828125,4471200
2014-11-19,85.79330124689378,86.29848046115107,85.70670318603516,85.70670318603516,5792500
2014-11-20,86.52943624287344,86.56551694059459,85.92322215775292,86.15415954589844,5683600
2014-11-21,86.29126237850538,86.71705636759381,86.25517618238618,86.67375183105469,3640100
2014-11-24,86.36342122757732,86.79642801080857,86.27682317451907,86.74591064453125,4033900
2014-11-25,86.86864574015698,87.51815350104489,86.8253411850437,87.46763610839844,6770000
2014-11-26,87.78511946148774,87.95110821737619,87.66243523225411,87.70573425292969,4339100
2014-11-28,88.1387543947511,88.5284621580932,88.1387543947511,88.3985595703125,4562200
2014-12-01,88.73636332666932,88.83039237363762,87.85391735903,87.88285064697266,7728600
2014-12-02,87.4054643779444,87.41269907993454,87.00764406385744,87.02934265136719,5757200
2014-12-03,87.01487770752837,87.37653554418732,86.89190984903423,87.36930084228516,4868600
2014-12-04,87.3403773950692,88.09986114501953,87.24634833358806,88.09986114501953,4250500
2014-12-05,87.93347472883791,87.95517331325692,87.17399116341285,87.5862808227539,8030700
2014-12-08,87.82499277005572,88.85209976068168,87.62246525285747,88.65680694580078,6021800
2014-12-09,89.40181516289577,89.66944394580888,88.93889357839676,89.11248779296875,6639700
2014-12-10,89.0980395646843,89.98048571472383,89.0257090891073,89.76348876953125,6439200
2014-12-11,89.5030909243656,90.13237762451172,89.17760103856044,90.13237762451172,7863500
2014-12-12,90.73995171965161,91.3909369487669,90.4289257500999,91.35477447509766,9317400
2014-12-15,90.87739012643902,91.64410305332028,90.72549448159243,91.16671752929688,9387400
2014-12-16,92.12147263959807,92.38186668967508,91.39815706015301,92.2950668334961,7426400
2014-12-17,91.79595624476357,91.99848366538642,90.92073979092318,91.46322631835938,11558800
2014-12-18,90.3638690610005,90.48683145787602,89.83584594726562,89.83584594726562,12758200
2014-12-19,90.1106539531407,91.10159274032894,90.00939021603328,91.04373168945312,7894500
2014-12-22,90.73995836842778,91.27521599517621,90.645929307845,91.16671752929688,4118800
2014-12-23,90.73999016569053,90.8484886695901,89.32229146520201,89.35845947265625,7406100
2014-12-24,89.1996666055866,89.92451357759401,89.1054384900773,89.84477996826172,4871400
2014-12-26,90.27968552320333,90.30867453329279,89.89551201272933,90.17820739746094,2921300
2014-12-29,90.54066172728935,91.08429709919405,90.46817258691941,90.85234069824219,4070700
2014-12-30,91.31624939399606,91.48296114709869,90.9900648476797,91.09879302978516,4372600
2014-12-31,91.113207437674,91.4538861946951,91.07696842892848,91.27267456054688,4993300
2015-01-02,91.54089198627128,92.5339339732584,91.43941388893147,92.28748321533203,9432000
2015-01-05,92.78766944129116,93.96192921558986,92.75143040588073,93.73722839355469,9789500
2015-01-06,94.73748410834804,96.03496620504234,94.36781618474551,95.42608642578125,18331300
2015-01-07,94.73751698336879,95.65807592859099,94.35334889211255,95.23766326904297,9762900
2015-01-08,94.49103313941454,94.49827762600725,93.80967535001457,93.97638702392578,8055300
2015-01-09,93.65022778154894,95.03468817044346,93.53424961006006,95.00569915771484,9398800
2015-01-12,94.95493668447901,95.90448428167818,94.89694760965122,95.54931640625,6658100
2015-01-13,95.23762651158629,96.12194054721111,95.05641480035636,95.54931640625,8260800
2015-01-14,96.92655842775615,97.21649285360431,96.18721126346718,96.27420043945312,12324500
2015-01-15,96.29594781277716,97.87610928281651,96.17271406484775,97.78913116455078,11454200
2015-01-16,97.36868340505995,97.62237317867962,96.42638024235013,96.5423583984375,9390500
2015-01-20,97.22371603041185,97.93406287941494,97.1802269870443,97.8253402709961,7758700
2015-01-21,97.99929135401823,98.28198118150897,96.37564149777816,96.69456481933594,9803900
2015-01-22,97.12946977084839,97.2599368839922,95.88273240836999,96.34663391113281,10200000
2015-01-23,97.3469583401816,97.94132715342653,97.23822464950982,97.68763732910156,7334600
2015-01-26,97.73838066570728,97.99208157574742,97.1657563211477,97.39045715332031,5966500
2015-01-27,98.38348536179691,98.67343081314304,97.23822571462784,97.54267120361328,8079600
2015-01-28,97.67321772172687,99.60131506369198,97.63697312832359,99.13741302490234,12230300
2015-01-29,98.66619715124392,99.06486532260114,98.18780640590576,98.4849853515625,8881400
2015-01-30,99.81865461154608,100.39127869933498,99.43447564395008,100.2318115234375,14871200
2015-02-02,99.28690888193113,100.17301095025567,99.25786126053535,99.85343170166016,13689900
2015-02-03,98.52423737570477,98.62592063201735,97.59455872294866,97.73983001708984,14008700
2015-02-04,96.95544628634578,98.04491488657717,96.68670316208825,97.90691375732422,11360400
2015-02-05,97.32583430045574,97.49288300245783,96.67941688907939,96.83194732666016,8334600
2015-02-06,95.9095442868472,96.1274401998634,94.84912342091314,95.11786651611328,13685600
2015-02-09,95.85146471505439,95.85872385054327,94.96536254882812,94.96536254882812,8025500
2015-02-10,94.52226986581672,94.76195422325839,94.01385353911235,94.2099609375,8290700
2015-02-11,94.2026916613911,94.6166949418194,93.66522771750923,94.38426971435547,6506400
2015-02-12,94.17370481634202,94.81285243899819,94.02117427706548,94.072021484375,12548300
2015-02-13,94.0647064378599,94.07923578768889,93.03334425293532,93.1059799194336,8325200
2015-02-17,92.82269928419113,92.91711787318678,91.45722883252424,91.70417785644531,14968800
2015-02-18,92.11095362084126,92.77915980973023,91.8567453469514,92.24895477294922,14009200
2015-02-19,92.08186009066448,92.5684879361279,91.63880920410156,91.63880920410156,8584800
2015-02-20,92.27796011268977,92.97521356465651,91.51533014495307,91.90753936767578,12502500
2015-02-23,92.37963936475674,93.0914221318871,92.35785088799258,92.96068572998047,7500500
2015-02-24,92.7137598951302,94.26806212674838,92.37239225074475,94.180908203125,11958300
2015-02-25,94.02841675307704,94.70388202698932,93.75241446946623,94.5876693725586,8019800
2015-02-26,94.20272857221475,94.63852050314063,93.25852011030814,93.29483795166016,11020500
2015-02-27,93.70883117794709,94.14461197871394,93.16409686500255,94.0792465209961,9225100
2015-03-02,93.87694827833488,93.92789458806192,92.25411176826226,92.32688903808594,11324000
2015-03-03,92.34143289939134,92.69074488606459,91.97028995457457,91.99212646484375,8599000
2015-03-04,92.37785407159915,92.45062580842028,91.81022675141557,92.0212631225586,6478900
2015-03-05,92.07940777529112,92.3341114228865,91.62094120961943,91.90475463867188,6045000
2015-03-06,90.72586841043557,90.84230758110157,89.48873275879824,89.87442779541016,20022900
2015-03-09,90.73318848021181,90.87145867018307,90.33293558930961,90.7040786743164,8889100
2015-03-10,91.67195843584653,92.01399171322664,91.51913611976498,91.89755249023438,9277900
2015-03-11,91.88297107576318,92.75624276133922,91.7810895641835,92.56703186035156,6663100
2015-03-12,93.29473151022131,93.29473151022131,92.21769713171992,92.50151062011719,10295900
2015-03-13,92.24680693110227,92.85081697831097,92.05031725318709,92.21769714355469,7247200
2015-03-16,93.10554504394531,93.2583617432304,92.6179629441591,93.10554504394531,6374600
2015-03-17,93.54946239683018,93.95698841243744,93.3529726735013,93.87693786621094,6314000
2015-03-18,94.53919842393886,95.71811487003447,93.59314928994361,95.68901062011719,13981900
2015-03-19,95.47798346047543,95.7836281187128,94.80120123957619,95.20145416259766,9543800
2015-03-20,95.49246262040676,95.84176892770427,95.43424305181595,95.70349884033203,5953800
2015-03-23,95.84178770879123,95.87817633432208,95.32510698070135,95.58708953857422,5555500
2015-03-24,95.93638363997657,96.52584154371141,95.68167439809822,96.51128387451172,6713000
2015-03-25,96.58411864024151,96.61322289172688,95.66718481101464,95.6962890625,5635800
2015-03-26,95.36877621925994,95.43426908769929,94.0079170287129,94.20440673828125,9536300
2015-03-27,94.62652400213774,95.42702969262454,94.59013536088756,95.37608337402344,7907900
2015-03-30,95.25964837142152,95.33242565713651,94.67019011159633,94.90306854248047,7010600
2015-03-31,94.77931320604372,95.30327833447991,94.53916159682299,95.1067886352539,6844300
2015-04-01,95.77259939088647,96.6112341522843,95.75072273641486,96.35600280761719,9273900
2015-04-02,96.21011363195878,96.23928991382702,95.24750775263936,95.33501434326172,6663400
2015-04-06,95.84554368529038,95.88200849506538,94.59852953446813,94.80271911621094,5923800
2015-04-07,94.97046109476221,95.69242440011965,94.6933529707611,95.59761810302734,4764900
2015-04-08,95.54651377997705,95.79445656523184,94.81726243923305,95.6267318725586,5378900
2015-04-09,95.43710937959509,95.47357416830124,94.16821930155407,94.3869857788086,6484200
2015-04-10,95.03608935330254,95.13088451006585,94.4745624140202,94.52560424804688,4843000
2015-04-13,94.45992123531465,94.78808209911205,94.35782649707787,94.65682220458984,4010600
2015-04-14,95.75799152018512,96.15908198203513,95.15271157366462,95.3277359008789,6075500
2015-04-15,95.56836985985531,95.7288060104861,95.03601961139317,95.24749755859375,4425200
2015-04-16,95.40797429169194,95.42985094631153,94.37243850555068,94.77352905273438,7085500
2015-04-17,94.63499283908745,96.04244322853626,94.58393988071491,95.8601303100586,7268800
2015-04-20,95.48817257601895,95.53921438370254,94.75162159843194,95.01415252685547,4949400
2015-04-21,94.9704104480832,95.13084665260376,94.48181332613194,94.58390808105469,4563800
2015-04-22,94.43811254085597,94.47457735807058,93.00877961329302,93.14004516601562,9707600
2015-04-23,93.19833522634347,93.9640514553703,93.05977567387748,93.54108428955078,6843400
2015-04-24,93.8109353405474,94.38703926962465,93.774470531176,94.12451934814453,4773000
2015-04-27,94.12451934814453,94.43809222824413,93.61403427193979,94.12451934814453,4334900
2015-04-28,93.46820905174084,93.88388795087661,92.80459275590592,92.82646942138672,7464300
2015-04-29,91.74708708532802,92.20651887905856,91.36058485893204,91.68875122070312,11554800
2015-04-30,91.18560433237595,92.00965648922497,90.79910194408617,91.8492202758789,12876000
2015-05-01,91.1462724002495,91.37280267491117,90.38629321166644,90.61282348632812,12378500
2015-05-04,90.83202880418644,91.00009781493272,89.67744498837375,89.75782775878906,9144700
2015-05-05,89.77972284702462,89.903948700977,88.92474880488233,89.63357543945312,13935500
2015-05-06,89.14398458631139,89.19513674489595,87.96017589473544,88.09901428222656,14355000
2015-05-07,88.73480596162528,89.56785895003505,88.67634473344961,89.28286743164062,11933700
2015-05-08,90.15971898042558,90.28395042267371,89.37781855943315,89.52397155761719,11716400
2015-05-11,88.87363413888193,88.89555570174687,87.32444531945929,87.34636688232422,13738600
2015-05-12,87.06136196755428,88.15017549796455,86.8275227078319,87.57288360595703,15861700
2015-05-13,88.16481943654264,88.2159716153801,86.69601319396823,86.87139129638672,15760000
2015-05-14,86.90058546226217,87.56556908341696,86.73251647735881,87.10519409179688,9128400
2015-05-15,87.96747978190896,89.08552938228749,87.90171510991638,88.8516845703125,12630600
2015-05-18,87.92360494055217,88.00398767187116,87.30247021458598,87.36093139648438,10208300
2015-05-19,86.42561445807911,87.57288927143418,86.32331012378003,86.58638000488281,8435300
2015-05-20,86.79098432092844,87.28789345196178,86.35984544445648,86.73252868652344,7789700
2015-05-21,87.38292080656316,88.1355909887339,87.28791991841031,87.94559478759766,11760700
2015-05-22,88.16478088058665,88.23785459337387,87.54364595914494,87.98209381103516,5417900
2015-05-26,88.30360510051997,89.55318936199531,88.23053139945205,89.48741912841797,10469700
2015-05-27,89.28282984452619,89.77973892448682,88.86630352567443,89.69204711914062,6490300
2015-05-28,89.516674843985,89.90397058597706,89.31206619351127,89.47283172607422,6237600
2015-05-29,90.05015077332999,90.29860261667491,89.52401089898866,89.67015838623047,7912000
2015-06-01,89.42408563039834,89.62181065544796,88.38418687337541,88.70640563964844,13108100
2015-06-02,88.00332785364542,88.06923988461664,87.22706660629278,87.46873474121094,10076200
2015-06-03,86.69983751148405,86.85362488030916,85.82837016761977,86.06271362304688,14810900
2015-06-04,86.60466781990665,87.35896090737977,86.51678689806089,87.1832046508789,10859300
2015-06-05,86.29708651595725,86.8316856742057,85.96021803306817,86.12133026123047,11200200
2015-06-08,86.38492968882494,86.53139782641978,85.95286125409353,86.02609252929688,5334000
2015-06-09,85.72581473439391,85.77707717241815,85.03010942018112,85.34500885009766,12393900
2015-06-10,84.89102192985106,85.04480934502368,84.4076908517643,84.59809112548828,12183600
2015-06-11,85.35970954866166,86.39228938377792,85.1253660210537,86.37763977050781,13849300
2015-06-12,86.11400260355006,87.19784491073088,86.08471455139068,86.37763977050781,7863100
2015-06-15,87.0660048106813,87.19049855675905,86.2238310458694,86.51676177978516,8194200
2015-06-16,86.86095418536884,87.20514737555924,86.37029842314334,87.19782257080078,7046400
2015-06-17,86.7804212497652,86.87562138827089,85.86501596232041,86.52410888671875,13626100
2015-06-18,85.95284929857866,86.22380553786147,85.49880651597148,86.09931182861328,10123300
2015-06-19,86.78770713039799,87.28568760690104,86.77305752354286,87.20513153076172,10439200
2015-06-22,86.29703680832729,86.5167361905805,85.38163202758459,85.42557525634766,9769000
2015-06-23,84.75190297316257,85.65265883192018,84.72260932749357,84.91300964355469,8945100
2015-06-24,85.32308301203446,85.80641401584903,85.06677069280025,85.64530181884766,8600400
2015-06-25,85.38162168457971,85.74046433793609,85.08869665997646,85.34500885009766,8287800
2015-06-26,84.70796112083846,84.85442935162114,84.12942418042824,84.3857421875,11673000
2015-06-29,85.65260299654906,86.90487619980907,85.2864410451682,86.61927032470703,17132900
2015-06-30,85.97486879005125,86.92688697073851,85.92360631560801,86.01880645751953,13469000
2015-07-01,85.0045120883333,85.40083840911213,84.71827734546363,84.85772705078125,12451500
2015-07-02,85.37146368319648,85.62100491790575,85.04852994398068,85.13660430908203,6682100
2015-07-06,86.6411613407911,87.08152189357959,85.91456054922747,86.71455383300781,10605800
2015-07-07,87.82278848505356,88.43195113744702,87.30168897354929,87.52921295166016,16160100
2015-07-08,88.08702085652291,88.49068800905103,87.70537649371448,88.28518676757812,9951800
2015-07-09,87.11822280664276,87.42648025955413,86.49437817010012,86.5457534790039,11108900
2015-07-10,85.1659302516755,85.66500693303367,84.9604290769081,85.17327117919922,13636600
2015-07-13,84.68891262548189,85.47422427418262,84.68891262548189,84.90909576416016,8006700
2015-07-14,85.15124346887512,85.33472744994013,84.88703168766929,85.18794250488281,4227800
2015-07-15,85.21730502586874,86.27417460335776,85.16592973249008,86.09069061279297,8720400
2015-07-16,85.78983070994266,86.72193313191407,85.77515444480115,86.68523406982422,7306500
2015-07-17,86.87601229621895,87.25765657862844,86.86867136785885,87.13288879394531,7404900
2015-07-20,86.81725204351254,87.0814693356151,86.53101757698224,86.76587677001953,5941000
2015-07-21,86.36960424903393,87.2870244141539,86.35492799016687,87.23564910888672,5627500
2015-07-22,87.34575076643557,87.99895355170672,87.30171078575631,87.77877044677734,6228900
2015-07-23,87.77875129606696,88.95304786735288,87.66865976762097,88.872314453125,9087700
2015-07-24,89.17324746729115,89.20994651674398,88.74756313138892,89.09251403808594,7307900
2015-07-27,89.67965635731052,89.75304884946418,89.15856238368494,89.56956481933594,8172000
2015-07-28,88.92371513660267,89.22462607518226,88.73289015147354,88.91637420654297,9128200
2015-07-29,88.82092648045531,88.93101799319383,88.38056602898814,88.58606719970703,6706400
2015-07-30,88.96040202373484,89.49617788877903,88.91636764560384,89.2686538696289,6146600
2015-07-31,89.8631628979015,90.2007729259692,89.58426351857065,89.92921447753906,9178400
2015-08-03,89.97113896544832,91.0229600617416,89.97113896544832,90.8758544921875,11753700
2015-08-04,90.58896196316365,90.70664525393089,90.07408143237424,90.15499114990234,6448800
2015-08-05,89.56657070915512,89.66955131945807,89.13996240574714,89.47830963134766,7574400
2015-08-06,89.73577430022391,90.37569536668178,89.73577430022391,90.27272033691406,6118100
2015-08-07,90.69194605420027,91.57459046459418,90.64780990547916,91.45690155029297,8317000
2015-08-10,90.77289045728162,90.89057380482441,90.11825544189831,90.32421112060547,7461700
2015-08-11,91.42745559498992,92.03794840394653,91.32448063387847,91.7584457397461,11145700
2015-08-12,91.8908646126723,92.46458399193536,91.20681328853962,91.25830078125,8455200
2015-08-13,91.08177734983327,91.51574257869831,90.63309820137371,90.9640884399414,7691400
2015-08-14,90.8170165994964,91.47900293388716,90.61841789332009,91.17742919921875,4324700
2015-08-17,91.72901804563166,92.01587765042258,91.49364591832338,91.58926391601562,7880300
2015-08-18,91.05968797217862,91.4201003427925,90.75075747136643,90.86844635009766,5024300
2015-08-19,90.51539649673687,91.89085597516134,90.46390900886618,91.76581573486328,10736000
2015-08-20,92.21450829842506,92.75144852017041,92.07475412018519,92.6926040649414,9078300
2015-08-21,92.79561726458503,93.22222568556353,92.37635458258734,92.9721450805664,10718300
2015-08-24,94.37702521288628,94.82570453701094,92.5455343264361,92.9427261352539,16663400
2015-08-25,91.61137390217057,91.78790167009343,90.8831863375202,91.44955444335938,15354800
2015-08-26,90.47128389888653,90.84641030584542,89.26500056250535,89.68425750732422,16429900
2015-08-27,89.60337391528579,90.37569222340053,89.47833361373365,89.73577117919922,9127000
2015-08-28,90.58161042202391,90.81698262935305,89.90491602741712,90.00053405761719,9946200
2015-08-31,90.73605950153254,90.81696921194663,89.25026810276057,89.30911254882812,8617600
2015-09-01,89.66513913743702,89.99684777915041,89.17863275466432,89.95262145996094,15298200
2015-09-02,89.50298567859163,89.91578535802097,89.0901916230595,89.17864990234375,9515200
2015-09-03,89.47351360881497,89.68728359933353,88.97963412584011,89.61357116699219,7042500
2015-09-04,90.26224955491257,90.61607710795897,89.79785616394369,90.43179321289062,7951300
2015-09-08,89.47347674630947,89.60616131941791,89.01645647974377,89.09754180908203,7049500
2015-09-09,88.18349934554739,89.71674221371362,88.13190009632528,89.52508544921875,7441900
2015-09-10,89.20814434911604,89.33346167037838,88.78797729850206,88.92066192626953,6789700
2015-09-11,89.53984529449059,89.9894983753462,89.43664677992346,89.48087310791016,5890900
2015-09-14,89.89363179955451,90.04106220800242,89.39975258501785,89.62089538574219,4221700
2015-09-15,89.11229048036644,89.23023483381007,87.80756340780006,87.90338897705078,11895000
2015-09-16,87.68960160891598,88.04342897495825,87.38737910516099,87.57166290283203,6949800
2015-09-17,87.63065590646521,88.72899172146245,87.52009009359028,88.64053344726562,19843600
2015-09-18,89.34816151394024,90.07792382479457,89.28918934517135,90.00421142578125,14963300
2015-09-21,89.20078433811659,89.27449677648325,88.29410503690085,88.53736114501953,10085600
2015-09-22,89.51768731522364,90.21796340262073,89.29654453820643,89.768310546875,9968200
2015-09-23,89.65042050351468,89.98212922514061,89.1860215445614,89.760986328125,6769900
2015-09-24,90.79296970517538,91.16891034975373,90.29171738703658,90.372802734375,9605800
2015-09-25,89.67253127466624,89.87892830695914,89.39241619607103,89.59144592285156,8383700
2015-09-28,90.07793548848589,91.2352377369239,90.07793548848589,91.12467193603516,9833400
2015-09-29,91.06571433126834,91.61856591976033,90.8519443755171,91.38268280029297,9006100
2015-09-30,90.96986352940894,91.25734582581993,90.75609363291694,91.06568908691406,9832600
2015-10-01,91.65368187457804,91.97869109388394,91.3434434961419,91.45423889160156,9069400
2015-10-02,92.76906486235269,93.22703983400378,91.72754868089932,92.00823974609375,13000400
2015-10-05,91.38776799274306,91.46902171209872,90.69342007664014,90.75990295410156,11362700
2015-10-06,90.52359326304584,91.29918980466266,90.42018039083027,91.15145874023438,5687800
2015-10-07,90.71558875574395,91.09969831253545,90.49399229043397,90.84854888916016,6712800
2015-10-08,91.07014239558897,91.12923703499165,89.86611870452825,90.08771514892578,12882300
2015-10-09,90.09512719475234,90.59003225048117,90.04342078050568,90.32411193847656,9038100
2015-10-12,90.87810247948389,91.17357008918438,90.78946614147688,91.01106262207031,4241000
2015-10-13,91.24746011526598,91.29916653819703,90.70823679549615,91.16620635986328,6147200
2015-10-14,91.37302341779328,92.00089431122828,91.07756139214962,91.96395874023438,9738100
2015-10-15,91.82358987959657,91.93439093232062,91.43209771080375,91.51335144042969,6924300
2015-10-16,91.7792959853551,91.9418034875849,91.49860479505274,91.54292297363281,8048300
2015-10-19,91.43948466028111,91.57244479455882,90.78946046802093,91.291748046875,6238400
2015-10-20,90.70821048383938,90.83378238373632,90.52354393614067,90.7303695678711,6431300
2015-10-21,91.30650827624902,91.7570950046898,91.20309548305683,91.63152313232422,6603800
2015-10-22,91.6684547101055,92.17074784422557,91.23264445028238,91.7866439819336,6934100
2015-10-23,90.9297966258053,91.19571687511639,90.74513009909343,91.003662109375,7058200
2015-10-26,91.49856434374315,91.74231985374693,91.45424054918139,91.60935974121094,5859800
2015-10-27,91.97136198188953,92.25944144878109,91.71282984949683,91.8384017944336,7156800
2015-10-28,91.79401859751214,91.84572499054416,91.07751733280388,91.46900939941406,8468700
2015-10-29,90.98893260604838,91.01847994001558,89.89570379157259,90.0138931274414,12108000
2015-10-30,90.29454764648526,90.71558712212519,90.13204019350573,90.69342803955078,11861400
2015-11-02,90.15080391959675,90.4469154279603,90.07677745447018,90.27664947509766,8751000
2015-11-03,90.05458887164805,90.12121100980701,89.41795097256755,89.53639221191406,8921600
2015-11-04,89.64742661957487,89.97314988196474,89.35131507629842,89.64002227783203,5980800
2015-11-05,89.61041924786024,89.61781794199626,89.05521220332048,89.40313720703125,7268400
2015-11-06,88.45558341364513,88.48519513331463,87.90037637752258,88.09284973144531,10604700
2015-11-09,87.42661205245889,88.0188352307017,87.35258556714325,87.59687805175781,9159500
2015-11-10,87.72270712362891,88.24830241261827,87.63387196926227,87.85595703125,6712500
2015-11-11,87.61168261846507,87.78194862073505,87.5524591700356,87.67090606689453,2857900
2015-11-12,87.90778071940446,88.41857299995178,87.87076465785307,88.09284973144531,6805700
2015-11-13,88.32973735491612,88.7590988159743,88.25571088007871,88.59623718261719,7906600
2015-11-16,88.67770086608213,88.83315821521555,88.18911578492559,88.51483917236328,5485300
2015-11-17,88.09285458164678,88.92936452889896,87.8411634223855,88.6628646850586,5122900
2015-11-18,88.5222056784578,88.97377449152586,88.35934405435356,88.8479232788086,5233900
2015-11-19,89.48456215323634,89.68443983895483,89.33650921021786,89.44014739990234,6643000
2015-11-20,89.52157948211895,89.60301029629093,89.04039893870026,89.16624450683594,5971000
2015-11-23,89.2254666790251,89.66223246228783,89.07000939449837,89.44014739990234,5436300
2015-11-24,89.49935176268286,89.72143112988238,89.2624637156228,89.43272399902344,3371500
2015-11-25,89.6992457160589,89.88431472462443,89.53638408486395,89.64002227783203,3280900
2015-11-27,89.75848491843354,89.81030402401848,89.5438041530505,89.55120849609375,2570600
2015-11-30,89.6474367758243,89.96575573253402,89.61782505335611,89.90653228759766,5179800
2015-12-01,89.95622062881024,91.13575269915938,89.95622062881024,91.12091827392578,12766600
2015-12-02,90.99483252695745,91.2767319677134,90.64616400349027,91.15061950683594,7345800
2015-12-03,90.03038462500658,90.06005912889721,88.27220847335862,88.67280578613281,16612200
2015-12-04,88.67284931102694,89.71143481765517,88.6283403632603,89.45178985595703,11843800
2015-12-07,89.62242603451932,90.84647323837929,89.6150116485599,90.31976318359375,9016700
2015-12-08,90.71289569643037,90.82417368880195,90.09716237716363,90.36422729492188,7257500
2015-12-09,90.0230345513151,90.61651377072285,89.39988646479055,90.2678451538086,8993900
2015-12-10,90.34941622646407,90.52745766438322,90.12686018418867,90.38650512695312,5606900
2015-12-11,91.26926412039141,92.06303869345987,91.1505717663887,91.8108139038086,12300000
2015-12-14,91.30637520267801,91.35830417817857,90.31971900833364,90.6238784790039,10661100
2015-12-15,89.77820308415602,90.20847513523852,89.63725618867697,90.08978271484375,8795500
2015-12-16,89.81526998405717,90.63129922486223,89.392418108196,89.8968734741211,10988600
2015-12-17,90.34194564645735,91.083791159284,90.23808772744817,90.91316986083984,9923000
2015-12-18,91.30639318852535,91.63280153032565,91.11351167302861,91.41767120361328,10171700
2015-12-21,91.56602802661965,91.82567292665537,91.18768508094799,91.39540100097656,7494900
2015-12-22,90.98741430245693,91.0986923359779,90.49779321889898,90.73518371582031,5445800
2015-12-23,89.93396570029152,90.21586505695885,89.66690076878182,90.05265808105469,7287100
2015-12-24,90.30097852954376,90.59834025537882,90.24894065290036,90.568603515625,3364600
2015-12-28,90.68753610309207,91.19304928700579,90.58346035978948,90.83621978759766,7586600
2015-12-29,90.46449028615231,90.5016569416704,89.21557609238782,89.32708740234375,7787500
2015-12-30,89.14871244071782,89.60962344314818,88.96286205337223,89.23792266845703,5508900
2015-12-31,89.63192291707507,89.84751004299545,89.39403465256011,89.63935852050781,7897700
2016-01-04,90.64292982084108,91.02949604003709,90.18945452865394,90.28609466552734,10591900
2016-01-05,89.86237100139627,90.32328197178978,89.69882743613081,89.92184448242188,6242600
2016-01-06,90.91800924597733,91.15589750833843,90.732158863767,91.13359069824219,8916900
2016-01-07,91.20046376307043,91.38631407187424,90.538837117465,91.29710388183594,10202200
2016-01-08,91.01465286553407,91.78779116554726,90.86597482279082,91.70601654052734,9577200
2016-01-11,90.72470897179443,91.28226003061442,90.59089649080953,90.70240783691406,10040300
2016-01-12,90.94771620320988,92.41965333561296,90.80647380693581,92.01078033447266,12897700
2016-01-13,91.8323669589994,93.29686851163444,91.63908102181503,92.91773223876953,15577600
2016-01-14,92.53117807338838,92.90287879310364,91.69113081694206,92.04796600341797,12873800
2016-01-15,93.22252247601685,93.63882538157739,92.98463429116772,93.48271179199219,13976300
2016-01-19,93.02178714552937,93.72058606617253,92.88797470693176,93.1927719116211,8926600
2016-01-20,94.3971255031546,95.09591906037606,93.9808168040254,94.17410278320312,17283300
2016-01-21,94.3673864867504,94.62757587261719,93.42326342298675,93.53477478027344,11001600
2016-01-22,92.85828317164004,93.31918846720441,92.56835137153232,93.17794036865234,10164300
2016-01-25,93.63134991530868,93.86923799887244,93.40833302729851,93.68338775634766,5738200
2016-01-26,93.66115640428853,94.01055602797994,93.48274162663675,93.72806549072266,5692600
2016-01-27,93.4827115987252,93.88414897327225,93.06640869402533,93.70573425292969,7957800
2016-01-28,93.3265975047381,93.97335866107194,93.267124041045,93.83954620361328,10575400
2016-01-29,94.71675383742894,95.0512821236637,94.35248314956291,94.63497924804688,13170700
2016-02-01,94.43462476240157,94.6431710157804,94.06221911495105,94.34524536132812,9948400
2016-02-02,95.4103104017719,96.1104233181969,95.33582474272526,96.09553527832031,10400000
2016-02-03,95.54441127203091,96.78080099852701,95.27627869718742,95.29862213134766,13309000
2016-02-04,95.49969513409155,95.77527164755367,94.97087985202093,95.76038360595703,9953500
2016-02-05,95.25397437752903,96.08071587570772,95.03052857925161,95.8721694946289,9200800
2016-02-08,96.6169225191262,98.03951482637802,96.58712370284157,97.93524169921875,14452200
2016-02-09,98.34491488818618,98.3598143017927,97.54052839219716,98.03955078125,15232100
2016-02-10,98.0916843984125,98.94076915873883,97.65224828669163,98.90352630615234,12797100
2016-02-11,100.13244123681866,100.73573662111625,99.0673550803456,99.59617614746094,21620200
2016-02-12,98.79177243335477,99.15673406932063,97.5181400832851,97.94268798828125,13888400
2016-02-16,97.36169907601577,97.38404249779725,96.6839183088723,96.90736389160156,11766000
2016-02-17,96.55736601123103,96.69888201990324,95.86469674552642,96.31157684326172,13157300
2016-02-18,96.38607987749162,97.57032769212728,96.34883702141822,97.49584197998047,10196700
2016-02-19,97.52560501345032,98.18104267200302,97.36918962132485,97.5777359008789,8188700
2016-02-22,97.64470804837764,97.65215206559081,97.34677688617379,97.5255355834961,5054300
2016-02-23,96.73610933896774,98.12145901289068,96.66162365217568,97.92035675048828,8320700
2016-02-24,98.61297727431773,99.35034429621628,97.53300353793954,97.7266616821289,9091200
2016-02-25,97.9278145675212,98.73221236551987,97.80865336275684,98.07677459716797,6097200
2016-02-26,97.05638893460636,97.42879470067571,96.85528663875074,97.13087463378906,9245000
2016-02-29,97.17556249858696,97.69692830341792,97.1383196486157,97.55541229248047,8016100
2016-03-01,97.62105699015274,97.64344280561991,95.75549645803527,95.83757019042969,13729100
2016-03-02,95.75551015265353,96.24055140578183,95.67342502204171,96.23309326171875,7047700
2016-03-03,96.31514864030349,96.96435995411217,96.09127913629071,96.58377838134766,6394800
2016-03-04,96.07636847066836,96.35993731837125,95.3376080858552,95.96443939208984,8687000
2016-03-07,95.85247758160146,96.01664778460948,95.55399251420987,95.93456268310547,5493300
2016-03-08,97.27031996062671,97.74790294866487,96.97182347655499,96.99420928955078,7175400
2016-03-09,96.32262374259562,96.77782097253176,96.12114001485918,96.40470886230469,7194700
2016-03-10,96.63605731450538,96.88977087122446,95.45702142645268,96.00923156738281,10091600
2016-03-11,96.12864684742875,96.1734184961933,94.92721923758181,95.03915405273438,8927000
2016-03-14,95.38241050086141,95.80775821645283,95.26301754743196,95.33763885498047,5177000
2016-03-15,95.88983862231316,96.00923726308083,95.22569933945444,95.42717742919922,6413200
2016-03-16,95.33011559074512,95.90471125649127,95.0465525215279,95.71068572998047,9728900
2016-03-17,95.89724409973591,96.51661139876451,95.88232781769294,96.10618591308594,7805500
2016-03-18,96.29273529637571,96.64346147034401,96.03902188139092,96.30766296386719,8198600
2016-03-21,95.7032541001068,95.97935341173249,95.330141998352,95.56893920898438,5514800
2016-03-22,96.13607046364551,96.27785489146264,95.45700367066783,95.54654693603516,4997900
2016-03-23,95.8226395318755,96.8748182469268,95.73308489696133,96.6285629272461,10628200
2016-03-24,97.44195015319505,97.48672178002785,96.26291463853194,96.6658706665039,6343300
2016-03-28,96.54649214135104,97.12854611548606,96.47186516559923,96.7927474975586,5058700
2016-03-29,97.29269786929133,97.8225105824507,97.02405674869024,97.8075942993164,9396700
2016-03-30,97.03156851062874,97.06142386634698,96.24803052701363,96.7778549194336,8478700
2016-03-31,96.9941925570138,97.61355984482897,96.85240817484863,97.46431732177734,7832300
2016-04-01,97.94289250385712,98.05506482824858,97.13529969050114,97.71855926513672,9341400
2016-04-04,97.80085168604555,97.93545624461225,97.4120194281125,97.7784194946289,5145100
2016-04-05,98.713135610083,98.97485973248577,98.54115166654056,98.84774017333984,6482800
2016-04-06,98.3542008669256,98.45888822508358,97.76346750519109,98.12986755371094,6393700
2016-04-07,98.84771662765726,99.44593490060471,98.71311209646343,99.34124755859375,5963300
2016-04-08,98.83274253649475,99.00472641210399,98.43642541744669,98.71309661865234,5584800
2016-04-11,98.19718913066916,98.84026055548634,98.04015236665641,98.58602142333984,4805500
2016-04-12,98.01772047321779,98.3691733846415,97.60644457579983,97.90554809570312,4276000
2016-04-13,97.72609011499247,98.39160514238768,97.59897054909314,98.24952697753906,5207900
2016-04-14,97.89059186177897,98.18969535404545,97.57652977187911,97.7784194946289,6967000
2016-04-15,98.1747280051523,98.82529572844413,98.14482222261819,98.61592102050781,5831100
2016-04-18,98.20464060243596,98.28689576313808,97.70363604545584,98.18968200683594,4486600
2016-04-19,98.01773752899648,98.1897215123639,97.42699257080201,97.88313293457031,5212200
2016-04-20,98.07755024120722,98.44395036691489,96.66426490331084,96.80634307861328,10920700
2016-04-21,96.04356442849927,96.5146631002723,95.93139210137757,96.23050689697266,11154200
2016-04-22,96.35015310719474,96.39501747415427,95.89401302633486,95.9837417602539,5826400
2016-04-25,95.75938618033537,96.10336526356626,95.58740234375,95.58740234375,5539500
2016-04-26,95.53510425638358,95.53510425638358,95.05653187542127,95.15373992919922,7840000
2016-04-27,95.65474222508695,96.32774210767137,95.4304146359248,96.10340881347656,8380100
2016-04-28,95.87160883026664,96.56702954127631,95.7444778733514,96.4997329711914,7974600
2016-04-29,96.05104326578937,96.99324066079696,95.86410078710546,96.74647521972656,7416300
2016-05-02,96.40182505066316,96.58164392155987,95.75744741952067,95.77243041992188,11035200
2016-05-03,97.06866536172738,97.42082584136712,96.91881251429417,96.97874450683594,10736700
2016-05-04,97.16610833632714,97.53325770032512,96.79897040537386,97.51078033447266,7211200
2016-05-05,97.45083352801097,98.20760959581956,97.18109371401822,98.16264343261719,7870400
2016-05-06,98.0427133048571,98.0502019446938,97.62310938020559,97.74299621582031,7232500
2016-05-09,97.75051097378095,98.07269403072948,97.64561283511867,98.05021667480469,4950800
2016-05-10,98.04274671424633,98.24504295611368,97.89288240214069,98.05772399902344,4331900
2016-05-11,98.02778636355923,98.90443796446063,97.90041080784314,98.61222076416016,9256000
2016-05-12,97.90040369568031,98.28253033506826,97.84794888846636,98.16264343261719,6087400
2016-05-13,98.51478904827981,99.14418947369886,98.32747007914091,99.11421203613281,8707300
2016-05-16,98.63467057172505,98.64965928969345,98.14014577614526,98.2600326538086,5137000
2016-05-17,98.31251703365211,98.7770645330833,98.31251703365211,98.4249038696289,4449100
2016-05-18,98.01277323456058,98.04275067140837,96.58915367643195,97.02373504638672,12681000
2016-05-19,97.16608140428326,97.65311753986305,97.14360404466098,97.44332122802734,6209400
2016-05-20,97.1436115782384,97.70556847845893,97.06869085136778,97.51824951171875,5348900
2016-05-23,97.6755683593995,97.9527966747745,97.34588526379767,97.73551177978516,6979700
2016-05-24,97.38341570142777,97.54825735818957,96.83644734928869,97.30099487304688,5968200
2016-05-25,97.27847927437855,97.59317374096409,96.88885265396915,96.93380737304688,6367400
2016-05-26,97.26351414544791,97.74305032031035,97.25602550146597,97.43584442138672,5419300
2016-05-27,97.45826803537604,97.60062077408726,97.18102833085362,97.29342651367188,5267600
2016-05-31,96.67156761629347,97.73553788802218,96.64159018157352,97.52574157714844,8344300
2016-06-01,98.07909363059076,98.55961539216584,97.68866611914149,97.92141723632812,9874900
2016-06-02,98.28184725077637,98.8749985323587,98.25932367872107,98.62722778320312,5835400
2016-06-03,99.75340599263369,100.03120422363281,99.55819797308594,100.03120422363281,11077200
2016-06-06,99.69336903605573,99.77595927210625,99.18281954523103,99.28793334960938,7573700
2016-06-07,99.58820384375932,99.84347845744894,99.51311768371436,99.52813720703125,4680200
2016-06-08,99.76089269413596,100.18134771336418,99.64077087188507,100.06122589111328,5313200
2016-06-09,100.84955834940165,101.01472724377605,100.55672926289202,100.70690155029297,6820300
2016-06-10,101.20241980239847,101.607866602474,100.80448848977275,101.19491577148438,6984600
2016-06-13,101.42771139250263,101.65295844095508,101.1874562756166,101.64545440673828,7283300
2016-06-14,102.2536264310767,102.27614999313428,101.52533404043562,101.57038116455078,9012500
2016-06-15,101.75058786551325,102.28366081161832,101.59291146411107,101.9608154296875,7953200
2016-06-16,102.66658743386223,103.28225061726556,102.24612083615692,102.45635986328125,10372700
2016-06-17,102.26113971332109,102.3137023339033,101.55537082091769,101.81816101074219,8489900
2016-06-20,100.78953594932491,101.0222870577691,100.61684003434718,100.7294692993164,7365900
2016-06-21,100.82702774838205,101.04477070070912,100.20386084588394,100.263916015625,6005800
2016-06-22,100.23396823214898,100.60187231481105,100.04626417178916,100.4291763305664,5773700
2016-06-23,99.56567099453477,100.09875518540606,99.16773958782261,99.28035736083984,9029100
2016-06-24,102.56894108777148,102.56894108777148,101.58537427851735,101.94576263427734,17155000
2016-06-27,103.94300384003274,104.80643794787943,103.91296477426337,104.49109649658203,16577100
2016-06-28,104.69381225534903,105.03918129001504,104.2733570184273,104.70883178710938,14006400
2016-06-29,104.87392742371432,105.21180364088686,103.80777054570355,103.90538024902344,12999800
2016-06-30,104.22077464161231,105.06920044888034,103.68018616611067,104.28834533691406,14698500
2016-07-01,105.91687861248936,105.92440792964742,104.69832290511799,105.73635864257812,15430200
2016-07-05,106.69911417697966,107.49644090003372,106.58627777727989,107.06016540527344,8840800
2016-07-06,107.406194523918,107.56416092927911,106.781881172671,107.23319244384766,14352800
2016-07-07,106.87971507659576,107.70713672453984,106.64653574243523,107.2257308959961,9676400
2016-07-08,107.50398017825394,108.03051571570693,107.08275174829154,108.0154800415039,10355300
2016-07-11,107.60179109485998,107.91771248088558,106.9925133162666,107.0677261352539,8099000
2016-07-12,105.62346979120464,105.95443820869467,105.03675722478573,105.30754852294922,15810600
2016-07-13,106.33806895889504,106.63895459663163,106.02214764748172,106.5486831665039,8181700
2016-07-14,104.7659967928084,105.18722527458473,104.62307752700242,104.99917602539062,10817000
2016-07-15,104.47264851531264,104.6381327856306,103.93858355608357,104.09654998779297,9958600
2016-07-18,104.60802261706587,104.75093037898061,103.6000701037263,103.99873352050781,5955900
2016-07-19,104.5102364172651,104.7885455902249,104.10404367431529,104.58544921875,8073900
2016-07-20,103.97621230860902,104.18682659944433,103.73551518091925,104.01382446289062,6942500
2016-07-21,103.08103066660689,104.26950282932937,103.04343001371421,104.22437286376953,10398400
2016-07-22,103.75049585573727,104.73588327397863,103.70536588557286,104.40491485595703,5811400
2016-07-25,104.5102050962539,104.75090205752922,104.24693167592426,104.32967376708984,4243800
2016-07-26,104.94655453074829,104.94655453074829,104.14922735056716,104.49523162841797,5243400
2016-07-27,104.96909136421935,105.79650115966795,104.85625493010242,105.79650115966797,8508100
2016-07-28,105.15712062010124,105.93940028424026,105.08942565906874,105.60091400146484,7336100
2016-07-29,105.64604099078264,106.57123986492691,105.47303893604959,106.4809799194336,8766700
2016-08-01,105.33403913069549,105.87661058167568,105.2059335795708,105.32650756835938,9809300
2016-08-02,103.86455563302363,104.94215522567657,103.61587615043469,104.24134063720703,10051200
2016-08-03,104.44485409403954,104.58049123640683,103.92488871782317,104.30167388916016,4930600
2016-08-04,105.09291598666637,105.62041288133864,104.9497357941332,105.08537292480469,5646000
2016-08-05,104.78394976337152,104.88190608077169,103.85706153830877,103.9926986694336,7778600
2016-08-08,103.6912814740626,104.39962792181963,103.4802827026336,104.18862915039062,5185200
2016-08-09,104.52776819589826,105.28887025472416,104.45993811257857,105.21350860595703,5503200
2016-08-10,105.42447909916471,105.88415743656385,105.1004493933862,105.62041473388672,5843500
2016-08-11,105.54502200023295,105.56009662120819,104.39959227601621,104.67842102050781,7624600
2016-08-12,105.8088374224888,106.1479418502029,105.40190291037318,105.5601577758789,7989600
2016-08-15,105.00250958202672,105.2210514638794,104.55790575146185,104.56543731689453,5108600
2016-08-16,104.73120960550096,104.85931519200038,104.16603181287738,104.28660583496094,6182700
2016-08-17,104.46745985792737,105.0778499932299,104.36949203423703,104.91206359863281,5002000
2016-08-18,104.8969817039453,105.31897922510835,104.58801512646161,105.07784271240234,3805200
2016-08-19,104.47496216202117,104.78392867438228,104.06803935197473,104.52771759033203,5516300
2016-08-22,105.23613245357296,105.60538619675475,105.02513359991912,105.40946197509766,5549700
2016-08-23,105.70328375848054,105.94442021718397,105.25113708788132,105.52242279052734,6841400
2016-08-24,105.57523117934478,105.64304976438522,105.04019106735485,105.27379608154297,6027800
2016-08-25,104.94221585811277,105.3340757084667,104.71615392384363,104.87439727783203,5855500
2016-08-26,105.29632605737056,106.01975826986222,104.1584395705874,104.2639389038086,12962500
2016-08-29,105.03263158766063,105.76359569502561,104.90452601710608,105.65809631347656,7310400
2016-08-30,105.62792949469915,105.69574805043626,105.25114440917969,105.25114440917969,5161800
2016-08-31,105.24362740892389,105.6279441098449,105.00247940151236,105.40187072753906,7349700
2016-09-01,104.64993820984282,105.76725940249031,104.61220036804731,105.51812744140625,9149100
2016-09-02,104.90670202461337,104.97464401184887,104.31029164022364,104.6575698852539,8397000
2016-09-06,104.71794621220185,105.75221243705005,104.5669486884191,105.42003631591797,8542600
2016-09-07,105.97109263003549,106.00884199395894,105.34449005126953,105.34449005126953,5421800
2016-09-08,104.83112320716232,105.14065182756455,103.62321282092721,104.02333068847656,14301500
2016-09-09,102.72489726030264,102.76263512037895,102.22663309676759,102.30967712402344,13347700
2016-09-12,102.15869239342861,102.54370842303435,102.03789898510362,102.36251831054688,9096600
2016-09-13,102.57386966877644,102.67201572298372,100.6789711726701,101.19988250732422,15645400
2016-09-14,101.19992036107595,101.84917057589654,101.19992036107595,101.35090637207031,7037700
2016-09-15,100.86763874562608,101.19981453414651,100.42977170798389,100.91293334960938,9874500
2016-09-16,101.60000913006691,101.77364241658728,101.32822978097413,101.72834777832031,7507900
2016-09-19,101.55469904033835,101.81892156319145,101.35086167965973,101.39615631103516,7105900
2016-09-20,102.03028582658139,102.35491649216256,101.66791732130525,101.75096130371094,6054800
2016-09-21,101.61512334267513,102.58899274042835,101.29803779787966,102.57389068603516,10698100
2016-09-22,103.17784613728593,103.64590614799847,103.04950747368709,103.38922882080078,12426200
2016-09-23,103.44962316823306,103.68365316827158,103.2080479009163,103.29109191894531,5928800
2016-09-26,103.4797780521636,104.05352911866953,103.44202869474516,103.94783782958984,8661300
2016-09-27,104.62725267416927,104.78579532584439,104.14409097692234,104.71029663085938,9450400
2016-09-28,104.5593854676786,105.05009277723924,104.34800279406863,104.48388671875,7958700
2016-09-29,103.84968807849329,104.98965642640519,103.76664410294663,104.7480697631836,8319800
2016-09-30,104.59715740681605,104.66509938381382,103.32884957205329,103.81201171875,11747100
2016-10-03,104.12732972131442,104.19540546001873,103.43153543182486,103.46935272216797,7588800
2016-10-04,103.32568187994022,103.49206877026378,102.22149056076006,102.25930786132812,12048700
2016-10-05,102.11561070010883,102.16098684543877,101.4349338994995,101.7828369140625,8917700
2016-10-06,101.32148820305655,101.86602499879395,101.10215479187981,101.21560668945312,7839900
2016-10-07,101.2911892118192,101.56345750072866,100.65590038443544,101.28363037109375,9953200
2016-10-10,100.47443996755932,100.70889107527509,100.21728924727822,100.68620300292969,6089100
2016-10-11,100.48201577392928,101.00386460640648,100.26269385749342,100.4593276977539,9670400
2016-10-12,100.33824573949067,100.60295516068288,100.01304251823353,100.55757904052734,7582400
2016-10-13,101.07195001878675,101.29127198119069,100.86774575018703,100.93582153320312,7080600
2016-10-14,100.03574354635268,100.55002169506832,99.47607773138404,99.52145385742188,11415100
2016-10-17,99.90718481982591,100.39121611696362,99.899614437857,100.15675354003906,10595900
2016-10-18,99.72564180449682,100.5046292824869,99.70295374515445,100.48194122314453,7151000
2016-10-19,100.11144661961379,100.7921236750564,100.07364084449841,100.56523132324219,6941300
2016-10-20,101.0719272320672,101.1551206901315,100.51226110143264,100.67108917236328,6082300
2016-10-21,100.98113177502894,101.13238939590077,100.4895300819246,100.82230377197266,9222700
2016-10-24,100.89795684567378,100.92820375930528,100.05089324114675,100.3836669921875,6507500
2016-10-25,100.23240927632199,101.01139712927234,100.2021623627108,100.64837646484375,5134700
2016-10-26,100.17943346643158,100.43657251810112,99.82397179021198,99.96765899658203,5842500
2016-10-27,99.12818894342777,99.12818894342777,98.36431900151253,98.87860870361328,10044700
2016-10-28,98.61388748904771,99.02228412539104,98.56851136725557,98.65926361083984,7541000
2016-10-31,98.99206727869543,99.29458254263072,98.85593887198984,99.26433563232422,7047500
2016-11-01,98.62786729328523,99.71901945752235,98.41570010159965,99.27194213867188,12622400
2016-11-02,99.49169023855819,100.10546041617069,99.28709632527259,99.703857421875,8666200
2016-11-03,99.0748647078264,99.30218984560722,98.83996630493974,98.9384765625,6085400
2016-11-04,99.46894068705117,99.8629587770597,99.36285711478085,99.82508087158203,7622600
2016-11-07,99.07492786185831,99.26436367038959,98.84002930923859,98.9764175415039,5386700
2016-11-08,99.27952874174045,99.42350181628993,98.28688688531399,98.57482147216797,7576500
2016-11-09,96.40007973122933,96.51374235436865,94.12685039292757,94.39205932617188,31233500
2016-11-10,93.93740245385445,94.68756641966591,92.99022368551458,92.997802734375,22961200
2016-11-11,93.17209021608953,93.24029010078486,92.1794486121456,92.47496795654297,10040200
2016-11-14,91.8990902242435,92.94477949297666,91.4823349517219,91.92182159423828,21174400
2016-11-15,92.61136335669282,93.05842901437383,92.27795454003505,92.37646484375,11963700
2016-11-16,92.67196414227952,93.30846543878155,92.57345385987811,93.2099609375,9149500
2016-11-17,92.4067701633896,92.52801183620502,91.67933746986046,91.83846282958984,11221600
2016-11-18,92.16424242091433,92.42187794481929,91.18675364522893,91.57320404052734,13577700
2016-11-21,91.84609142337827,92.05068541133687,91.60361372807036,91.80062866210938,6488100
2016-11-22,92.18705532900015,92.26282850497522,91.59601068169998,91.77029418945312,9989900
2016-11-23,90.92158179496732,91.61870975508756,90.3608535884779,91.41411590576172,13563500
2016-11-25,91.83089653381423,91.90666969451692,91.23227873635618,91.55052947998047,3126300
2016-11-28,91.99761030436315,92.24008791192409,91.75512691568004,92.22492980957031,8555000
2016-11-29,92.02031239415369,92.7477449853536,91.84602895927856,92.6113510131836,8363000
2016-11-30,90.90641964435633,91.69447298015248,90.53512722979075,91.11100769042969,21163500
2016-12-01,89.98198297755906,90.34643295314062,89.32140943167907,90.1490249633789,21715700
2016-12-02,90.48312643059552,91.27277597136491,90.46034902536275,90.80961608886719,12487500
2016-12-05,90.3008735480034,91.41701240283821,89.93641779818539,90.71088409423828,12100100
2016-12-06,90.61219869221298,91.06776995027106,90.4451624627981,90.64257049560547,11526600
2016-12-07,90.97659475814476,91.5840188411895,90.97659475814476,91.41697692871094,10392200
2016-12-08,90.46795829237358,90.58943973785597,90.18702339839814,90.33888244628906,12041100
2016-12-09,90.0806790059056,90.24772097695262,89.04806117836704,89.21510314941406,14646400
2016-12-12,89.0404703900074,89.44289233330495,88.74435262672472,89.38214874267578,9496300
2016-12-13,89.89847888317475,89.96681109413046,89.16957300216876,89.70106506347656,12189200
2016-12-14,90.41478349439173,90.5134875029735,88.68363138801139,88.69881439208984,16618400
2016-12-15,89.26069183959717,89.81496715465613,88.85827555262334,89.14680480957031,12400500
2016-12-16,89.29864915918021,89.53402338825431,88.68363608691355,88.94178771972656,14924600
2016-12-19,89.57956521700585,90.0351305748066,89.39733443962331,89.8984603881836,10868300
2016-12-20,89.3138607468588,89.51886903177511,89.12404126451527,89.45053100585938,7030600
2016-12-21,89.53401505228149,89.89847085665883,89.38975624442313,89.84532165527344,4624700
2016-12-22,89.47155418110042,89.82934997894,89.44871714004618,89.68470764160156,5177800
2016-12-23,90.01201470409092,90.12620566989764,89.79124705232961,89.86737823486328,4461600
2016-12-27,89.38778575355659,89.6009391455285,89.24314927071526,89.5781021118164,5276600
2016-12-28,89.72274924160635,90.49923746966674,89.60094397791354,90.23279571533203,7578600
2016-12-29,90.43832796385182,90.79611780778943,90.33175127706295,90.5525131225586,8581400
2016-12-30,90.42310295031267,91.08540593675582,90.37742888503868,90.68954467773438,10613900
2017-01-03,90.1414361447184,91.34423102718785,89.96634255236228,91.07778930664062,13217300
2017-01-04,91.16915866071511,91.53456285126192,90.93316240432561,91.42798614501953,6699600
2017-01-05,91.69440530199383,92.89720589929792,91.4812519420652,92.85914611816406,13265800
2017-01-06,92.21210808310771,92.52422979417983,91.92282922074503,92.0065689086914,8369300
2017-01-09,92.78306254724451,92.87441652322805,92.46333234329681,92.74500274658203,8839100
2017-01-10,92.53181600855812,92.80587202997867,92.32627108849555,92.68406677246094,8417900
2017-01-11,92.82866028927525,93.3996090659116,92.42519074973082,92.99613952636719,9402500
2017-01-12,93.48343453800896,93.74226209995099,92.74500584612065,92.79067993164062,9977600
2017-01-13,92.36434965707592,92.68407979097812,91.8238518189093,92.34912109375,9820000
2017-01-17,93.4909904780646,93.58995868507337,92.86675315875148,93.31590270996094,7853300
2017-01-18,92.69927738310973,92.84391965546696,92.04459453768811,92.12071990966797,9064700
2017-01-19,91.72486675908834,91.79338366549874,91.00928122987709,91.48887634277344,11795600
2017-01-20,91.23002879839031,91.58782441095966,90.81133637720804,91.30615997314453,16953200
2017-01-23,91.61068136240719,92.7754223783161,91.3670766510002,92.21969604492188,13118400
2017-01-24,91.93804923596589,92.21210533234303,91.19962644027873,91.5878677368164,8395000
2017-01-25,90.80375872322107,91.04736347990863,90.25564656867519,90.4383544921875,11115100
2017-01-26,90.52211980214415,90.78856167271195,90.08058424063339,90.74288177490234,7827900
2017-01-27,90.89511023043856,91.22245465789742,90.78091923332587,91.07019805908203,7197800
2017-01-30,90.92549337753208,91.2604460277997,90.74278559594136,90.79607391357422,6569500
2017-01-31,90.84181426068635,91.65636812010746,90.78091162626359,91.42798614501953,13298500
2017-02-01,90.8626708984375,91.19072276003266,90.46595986189202,90.8626708984375,10975500
2017-02-02,91.49590632417394,91.65611691795515,90.7863989399724,90.82454681396484,6978600
2017-02-03,91.12205187960316,91.45010369905698,90.38202760172733,90.78636932373047,10275600
2017-02-06,91.36623338949808,91.64850676647643,90.8779707595656,91.3357162475586,8433800
2017-02-07,91.38146288131061,92.31984581043902,91.14496237469324,92.00704956054688,8418400
2017-02-08,92.63265295397956,93.28112614498649,92.62502803471469,93.25823974609375,15734200
2017-02-09,92.62498469054623,92.76230301964411,92.05280170378639,92.1824951171875,16890600
2017-02-10,91.63326457656467,92.27410718985364,91.63326457656467,92.12915802001953,7978500
2017-02-13,91.7400113268435,91.86207983224269,91.45773227351795,91.83918762207031,11536800
2017-02-14,91.73237469965352,91.77815329651196,90.65667371249478,91.17545318603516,13210500
2017-02-15,90.60324909156473,90.95418720947212,90.51932847417982,90.75582885742188,8481000
2017-02-16,90.95418201296575,91.70946170573347,90.87789213439586,91.25171661376953,10005800
2017-02-17,92.01473252469353,92.08339174795282,91.64853253899012,91.79348754882812,7886400
2017-02-21,91.30518778659962,92.01469524222416,91.244153510287,91.63323974609375,8703800
2017-02-22,92.15961228357992,92.1748679361082,91.23648524058845,91.78578186035156,8101500
2017-02-23,91.98415015154356,92.11384358388437,91.80105319879493,92.06044006347656,5330800
2017-02-24,92.57919413831999,93.18189417167561,92.51053498263742,93.08271789550781,11336000
2017-02-27,92.93015063976769,92.99881562955198,92.48766685673876,92.53343963623047,11039800
2017-02-28,92.69364257846466,93.13613214572918,92.55631843071176,92.87673950195312,8410500
2017-03-01,91.29753462459884,91.38161687783914,90.92298428498096,91.32046508789062,10717100
2017-03-02,90.96886793332968,91.12174160482904,90.6707601916762,90.9917984008789,8201200
2017-03-03,91.13703788997437,91.228759765625,90.61725921151142,91.228759765625,9515200
2017-03-06,91.0529602003236,91.0529602003236,90.59432747195149,90.7930679321289,4489200
2017-03-07,90.5637271691788,90.71660080643477,90.38791723775454,90.51786041259766,7080100
2017-03-08,89.66943454518483,90.15863738018083,89.60828856462868,90.02869415283203,11336300
2017-03-09,89.6923860919807,89.7994047045553,89.25668953244386,89.31019592285156,10575400
2017-03-10,89.53944528608946,89.6770338771834,89.1878312936838,89.62352752685547,9218500
2017-03-13,89.30248549730065,89.50122002877545,89.04259335588466,89.0578842163086,6993100
2017-03-14,89.25662276323982,89.69996442740617,89.21076184341392,89.4859390258789,9869200
2017-03-15,89.86047596442769,90.83124145243576,89.76110870252906,90.57899475097656,14600500
2017-03-16,90.1891832378186,90.31148682169835,89.914006005845,90.12039184570312,8018200
2017-03-17,90.28088434193323,90.77008686989168,90.21973256799988,90.68600463867188,7266800
2017-03-20,90.61727028721668,91.13704902920965,90.57904894651925,91.07589721679688,5497800
2017-03-21,90.99943213801758,91.95490704147532,90.97649584165956,91.83260345458984,12540700
2017-03-22,92.27599130747014,92.61996011184804,92.05432031931768,92.19955444335938,11661400
2017-03-23,92.36001763259165,92.50524583685866,91.77144188895225,92.06954956054688,6746500
2017-03-24,92.13069973290699,92.5663960015833,92.03133245470197,92.39823150634766,5819600
2017-03-27,93.12438710204911,93.231399801382,92.63518452459742,92.81863403320312,6878500
2017-03-28,93.09387800014905,93.11680847620639,92.10018127143235,92.19955444335938,6811200
2017-03-29,92.44414576557686,92.78046909711819,92.39827898673529,92.74989318847656,6291000
2017-03-30,92.54347195512739,92.55875698677418,91.97018704440386,92.00076293945312,7042400
2017-03-31,91.93957369293472,92.34469393171807,91.88606735633603,92.26825714111328,5144800
2017-04-03,92.2644334621361,93.35215478896247,92.22613707826794,93.1989517211914,12996500
2017-04-04,92.9691878121376,93.137702478406,92.64746418138533,92.69342803955078,6976700
2017-04-05,92.34871901830672,93.08407641300731,92.19552175261533,92.97683715820312,8555200
2017-04-06,92.8696298903245,92.99985403952624,92.31811019331481,92.8389892578125,6497000
2017-04-07,93.32922953464019,93.64329164101888,92.44833616994589,92.46365356445312,10270000
2017-04-10,92.79301572783919,93.16069741245013,92.68577645401561,92.89259338378906,5314500
2017-04-11,93.29856061762761,93.94965776192718,93.23727937380856,93.77347564697266,11297400
2017-04-12,93.84244573951896,94.36332477493319,93.67392519216395,94.2867202758789,11532500
2017-04-13,94.56248132778022,94.78462152087468,94.14884741689022,94.57780456542969,8396700
2017-04-17,94.57014172771258,94.63908460804089,94.11054395390067,94.2867202758789,8015000
2017-04-18,94.87653806833013,95.73445816116956,94.63908049506938,95.51997375488281,11529700
2017-04-19,95.06038862791891,95.11400827558727,94.75398813662689,94.99910736083984,7344000
2017-04-20,94.61607019995121,94.9224705681605,94.3249930644079,94.63139343261719,7932900
2017-04-21,94.84587193713341,95.16758969390776,94.59309119505318,94.63139343261719,9798500
2017-04-24,93.87308446159051,94.34034384462757,93.80414158266403,94.1641616821289,8066400
2017-04-25,93.61263202473415,93.80413155980908,92.97685216570092,93.03047180175781,8122300
2017-04-26,93.08409758207623,93.55901856428717,93.01516055006785,93.543701171875,5766200
2017-04-27,93.26028832398929,93.71988611200149,93.13007002213803,93.51306915283203,4978300
2017-04-28,93.14535016651725,93.78879148770025,93.1070537752246,93.7198486328125,8166300
2017-05-01,93.40899295213849,93.75440967433043,92.6567444122064,92.94075775146484,8795900
2017-05-02,92.85632092385427,93.47807336238732,92.83329392336154,93.41666412353516,6727800
2017-05-03,93.81584104750219,93.946331319445,93.30155172421553,93.47809600830078,8932900
2017-05-04,92.88704970375568,93.04824460543988,92.62606329890349,93.01753997802734,9707200
2017-05-05,93.17100969511833,93.24009653560505,92.79488844986453,93.1019287109375,5605400
2017-05-08,92.96376352086953,92.98679051624906,92.5185554225118,92.5953140258789,8057800
2017-05-09,92.40342641454484,92.5953258756738,92.21920457162695,92.58765411376953,5536700
2017-05-10,92.8102843805125,92.92541940463308,92.23458583467583,92.48021697998047,6517000
2017-05-11,92.11176733386927,92.54929799445281,92.04268631939692,92.48021697998047,7479800
2017-05-12,92.88700301995763,93.25544665111545,92.86397602504852,93.1786880493164,7463900
2017-05-15,92.9254150390625,93.04055591408229,92.68746152531426,92.9254150390625,5173200
2017-05-16,92.96378029250798,93.56250570561629,92.96378029250798,93.27082061767578,6722700
2017-05-17,94.1305310049605,94.82904792455072,93.94630914356719,94.62947082519531,11236400
2017-05-18,94.99020130919968,95.13604672462124,94.56034853486852,94.73689270019531,8350500
2017-05-19,94.69088321061176,95.01327294283858,94.42222510042275,94.95954132080078,11277400
2017-05-22,94.72926724328839,94.84440225247155,94.61412637779755,94.69856262207031,4062900
2017-05-23,94.80600266220672,94.89043888581176,94.01537789236515,94.06143188476562,7901300
2017-05-24,94.26104283391008,94.61413723397096,94.06146570124666,94.59111022949219,7355200
2017-05-25,94.42988855503603,94.62946564346296,94.23031732291616,94.62178802490234,6464800
2017-05-26,94.83674402085794,94.9825836720678,94.60646225701927,94.78301239013672,2963800
2017-05-30,95.20518958021059,95.28962583809603,94.98258543272249,95.2512435913086,4819400
2017-05-31,95.22054624413815,95.68110393092533,95.2051910026703,95.48920440673828,8000200
2017-06-01,95.15303685236096,95.5299609582557,95.12227304700019,95.49919128417969,9037300
2017-06-02,96.32229863174376,96.74536861100047,96.1915318673581,96.62998962402344,13245000
2017-06-05,96.07610281581069,96.27610274909838,95.98379379997448,96.02994537353516,6775500
2017-06-06,96.68376631446915,96.8222268690408,96.46069065050854,96.55299377441406,12841500
2017-06-07,96.33765087289022,96.55303274054307,95.99150228112181,96.09149932861328,12852400
2017-06-08,96.0607375154126,96.0607375154126,95.61459183963174,95.83766174316406,8758600
2017-06-09,95.44535388743475,95.87611762347059,95.36843263010202,95.6915054321289,5130500
2017-06-12,95.54535126323114,96.14534528868901,95.49150579604174,95.66073608398438,4335800
2017-06-13,95.39152291988535,95.78382315252635,95.37613514485042,95.67613220214844,4742600
2017-06-14,96.86070619578562,97.46839399507093,96.71455759403375,97.15301513671875,20212300
2017-06-15,96.99148976849729,97.17610782711175,96.79149567473851,96.99918365478516,5863700
2017-06-16,96.98378696616528,97.26070814315582,96.92994150779016,97.19147491455078,6672500
2017-06-19,97.16840146724073,97.291480157184,96.94532574325478,97.05301666259766,5641300
2017-06-20,97.52997322703924,97.99920063272167,97.52997322703924,97.92227935791016,8405700
2017-06-21,97.77609721531758,98.1837851385313,97.62225470914026,98.12224578857422,5914800
2017-06-22,98.23762655816454,98.36070525301162,97.929935689762,98.3376235961914,6608100
2017-06-23,98.05301574997914,98.38378241109257,97.99917028741255,98.29147338867188,4329900
2017-06-26,98.66839769145616,98.89916731360894,98.58378255458116,98.66069793701172,5541600
2017-06-27,98.02221608234007,98.06836764507102,97.39914651061835,97.6068344116211,8354200
2017-06-28,97.43762544745955,97.46839511889753,96.90686475411985,97.28378295898438,7357900
2017-06-29,96.16072343832886,96.70687194194252,96.07610830282525,96.46841430664062,9115800
2017-06-30,96.2991915353303,96.4530340471097,96.03765222284653,96.24534606933594,10189800
2017-07-03,96.35174898936268,96.38258225474056,95.59634868971469,95.93550872802734,11021100
2017-07-05,95.73505859855344,96.08192828992405,95.67339797237265,95.9585952758789,11394500
2017-07-06,95.21094269787862,95.3034424949878,94.75616526065777,95.1646957397461,10853100
2017-07-07,94.68674741573898,94.8332038933859,94.49404400024211,94.59425354003906,9401800
2017-07-10,94.70987061216721,94.88715444963486,94.56341414403562,94.73299407958984,3859200
2017-07-11,94.7021787626803,95.06446216981514,94.58655552283099,94.89488220214844,4425600
2017-07-12,95.4960997388856,95.61172295905581,95.18777311204545,95.55005645751953,7839900
2017-07-13,95.27259295236878,95.31113599812372,94.66364929066805,94.9488525390625,7449300
2017-07-14,95.65798475154872,95.70423757530516,94.90259057335247,95.06446075439453,6566800
2017-07-17,95.06447944223756,95.57321355682816,95.01822660938872,95.32655334472656,4737300
2017-07-18,95.91233646531097,96.1744102664583,95.75817609767621,96.15899658203125,9163000
2017-07-19,96.18213597417102,96.3594257190622,96.03567948408013,96.19755554199219,5140900
2017-07-20,96.72943124724512,96.91443081091693,96.32861062097581,96.47506713867188,12239100
2017-07-21,96.91439342938311,97.14563397351475,96.79106043450687,96.88356018066406,6201500
2017-07-24,96.69860864079152,96.8604847470505,96.47507776820184,96.50590515136719,5378500
2017-07-25,95.68879893745662,95.72734196943212,95.17235524169472,95.24943542480469,9743300
2017-07-26,95.01818057905248,95.65024743391889,94.8717300083667,95.4035873413086,8459500
2017-07-27,94.89487523652444,95.10299234830288,94.67133855744875,94.93341827392578,6390800
2017-07-28,95.01821757918093,95.57320447387632,95.01051367514106,95.49612426757812,5491800
2017-07-31,95.16468190466132,95.61946515660969,95.11843495325219,95.61175537109375,5464600
2017-08-01,95.1551793459435,96.3370863753507,95.13973216172052,96.28301239013672,9676800
2017-08-02,96.38345988558235,96.69245669620192,96.31393869734553,96.33711242675781,5745600
2017-08-03,96.78514407142961,97.34905772092372,96.7619703452344,97.33361053466797,10324500
2017-08-04,96.67699043815175,96.70016416299299,96.12852400695905,96.50704193115234,8485500
2017-08-07,96.43750593919196,96.63835469193513,96.2598368027679,96.61518096923828,4684600
2017-08-08,96.46074623682631,96.5457205359184,95.90455296772389,96.26762390136719,6197400
2017-08-09,97.27955082910238,97.29499801762677,96.71563120316621,96.79288482666016,9221800
2017-08-10,97.04004866239815,97.67348926540004,96.96279506472652,97.61941528320312,10378200
2017-08-11,97.15591839384463,97.6889375771008,96.98597580042146,97.66576385498047,5717800
2017-08-14,97.32586482834408,97.54988729348634,97.12502197845541,97.16364288330078,5111000
2017-08-15,96.35250469226624,96.97821856595058,96.33705161999588,96.75419616699219,7473200
2017-08-16,96.42979286878281,97.349050671827,96.41433979002288,97.10958099365234,5283800
2017-08-17,97.10181799859544,97.85885944579739,96.95504916721482,97.83568572998047,9364700
2017-08-18,98.0906575515746,98.2219792694323,97.5344645187379,97.81256103515625,8382500
2017-08-21,97.92842377761893,98.1215460194167,97.71985434967151,98.0520248413086,7669800
2017-08-22,97.94387765241657,97.95932483869163,97.54218008578765,97.67350769042969,6140700
2017-08-23,98.13703414220173,98.34560364462565,97.9207380971324,98.33788299560547,7446400
2017-08-24,98.01339050150219,98.34556096760632,97.88979534093602,97.97476959228516,5569400
2017-08-25,98.12153771517093,98.45370817869569,98.00566909479697,98.35328674316406,7303300
2017-08-28,98.04432286934046,98.40739371787815,97.89755393646055,98.29151916503906,4448500
2017-08-29,99.23393538720116,99.28028283809414,98.34556602518418,98.60821533203125,7659400
2017-08-30,98.46144176189343,98.67773772689551,98.36874096533981,98.57731628417969,4735200
2017-08-31,98.60051011556929,98.90178039877188,98.54643611329253,98.87088012695312,7978400
2017-09-01,98.54807621059862,98.57129765467268,97.8668882594714,98.11459350585938,14128600
2017-09-05,98.84221227650872,99.7014409855517,98.84221227650872,99.67047119140625,15215700
2017-09-06,99.6395349658085,99.85627632609095,98.88093429906075,99.05897521972656,9066400
2017-09-07,99.33761730179553,100.29748007257786,99.33761730179553,100.07299041748047,13618900
2017-09-08,99.94141906611135,99.9801254089716,99.52342127316611,99.85626983642578,9808500
2017-09-11,98.98157534722166,99.12090993224228,98.50938624830512,98.66419982910156,17856700
2017-09-12,98.3468235843318,98.37778157379567,97.94429885219165,98.14556121826172,7557400
2017-09-13,98.23842288678647,98.24615942890892,97.75074906823347,97.75849151611328,6740000
2017-09-14,97.82044261727597,98.17651852982377,97.78947872412937,98.1610336303711,6674500
2017-09-15,98.30811585710047,98.31585830723719,97.95203992567923,98.19974517822266,9769200
2017-09-18,97.9210703944584,97.97525573077834,97.41017501850574,97.63465881347656,6863000
2017-09-19,97.7507673615477,97.7739888037755,97.32502714060178,97.39469146728516,5554900
2017-09-20,97.51079835023646,97.57272612939043,97.0153879285207,97.46435546875,8037000
2017-09-21,97.65782910233699,97.96745603996351,97.39463911844813,97.41011810302734,6147800
2017-09-22,97.92110725248328,98.09914822784079,97.58051020697896,97.68888092041016,5660700
2017-09-25,97.78174492396438,98.51711825752977,97.68885323630758,98.30037689208984,9679000
2017-09-26,98.13007388560324,98.22296556896998,97.86688964136933,98.1223373413086,7251900
2017-09-27,96.65935239680577,96.9922069664743,96.45808998343956,96.64386749267578,12145700
2017-09-28,96.14843232170766,96.48902925650164,95.96265485989231,96.35743713378906,8883700
2017-09-29,96.57415008544922,96.78314893030007,96.19484691753289,96.57415008544922,11285500
2017-10-02,96.80840754883162,96.95578223149111,96.36628941856448,96.3973159790039,7860700
2017-10-03,96.11808938880047,96.57572378926218,96.11808938880047,96.49040222167969,6219800
2017-10-04,96.59126563380633,96.63780253396145,96.08709418384252,96.4981918334961,7447000
2017-10-05,96.38954179381648,96.4128161485503,95.93967153670472,96.13358306884766,8180300
2017-10-06,95.62941602526328,96.25768752283008,95.42774636617978,95.86210632324219,10375000
2017-10-09,96.00950950487625,96.22668954791527,95.90091948335674,96.16464233398438,3590900
2017-10-10,96.28869848504002,96.85492269540285,96.19561883029678,96.3197250366211,6666800
2017-10-11,96.62223035680847,96.69204158006734,96.38178196963763,96.5058822631836,4385900
2017-10-12,96.60676125061295,96.94028943850503,96.36630684315709,96.9170150756836,7141600
2017-10-13,97.40569796336865,97.68493120279564,97.08768002824368,97.61511993408203,7746900
2017-10-16,97.36690966531009,97.65390101680137,97.25056150023451,97.5453109741211,5737300
2017-10-17,97.25829619515746,97.80124627777357,97.25829619515746,97.66938781738281,4969600
2017-10-18,96.99456071911558,97.09539259582293,96.70756949165647,97.02558135986328,5943800
2017-10-19,97.52977911255788,97.73920695970237,97.1652243486277,97.19625091552734,8966500
2017-10-20,96.180152658039,96.39733270107803,95.90091948335674,96.16464233398438,12326900
2017-10-23,96.3042759772562,96.56023483461948,96.1956800187915,96.33529663085938,6871100
2017-10-24,95.69149259252059,95.93969918849336,95.5208494482183,95.73802947998047,6842800
2017-10-25,95.03997747174205,95.38902199428227,94.95465587185758,95.28042602539062,9961400
2017-10-26,95.45101917082718,95.45101917082718,94.96236419677734,94.96236419677734,8179400
2017-10-27,95.35795450561791,95.66045607806613,95.21057982037493,95.59064483642578,10480900
2017-10-30,96.0715223592079,96.53690881599755,95.83882617195815,96.5058822631836,9051600
2017-10-31,96.59122890103006,96.69206670330331,96.49039701646822,96.53693389892578,4424300
2017-11-01,96.65587250285742,97.26993143896784,96.61701161641616,96.96678924560547,8940400
2017-11-02,97.16112854634405,97.56531623178918,97.09894400081566,97.39431762695312,7222700
2017-11-03,97.52642403738828,97.70519713559926,97.2699173170931,97.65856170654297,10984100
2017-11-06,97.8839525624175,98.10936696557597,97.72072266983545,98.02386474609375,6246700
2017-11-07,98.1171895441741,98.54469492062454,98.03945590277925,98.43587493896484,6422700
2017-11-08,98.39700433692369,98.56024023338439,98.1016366738045,98.21823120117188,3356200
2017-11-09,97.83733960456355,98.12493265407818,97.58860743539925,97.93838500976562,6280400
2017-11-10,96.93568687111612,97.03673228161999,96.35272026308901,96.46154022216797,11981000
2017-11-13,97.00562890943266,97.01339752640023,96.62475318931153,96.66361999511719,5880800
2017-11-14,96.98231680164058,97.34764347078995,96.98231680164058,97.3165512084961,6195900
2017-11-15,97.98500527236217,98.45915182304459,97.65854546278331,98.37364959716797,9568200
2017-11-16,97.94618807784741,98.19492031943741,97.51090220738158,97.5186767578125,5894900
2017-11-17,97.9928068023087,98.28040581674438,97.90730455288846,98.24153900146484,6938800
2017-11-20,97.86843113141356,98.23375186912578,97.86843113141356,98.2026596069336,4232300
2017-11-21,98.78560726336505,98.94106854455643,98.17932309232245,98.51355743408203,5818400
2017-11-22,98.42028287140094,98.8711057441931,98.33478065254145,98.83224487304688,4140700
2017-11-24,98.66127949109348,98.73900719439627,98.47473181711806,98.56023406982422,3141400
2017-11-27,98.60688920293842,98.75457601988539,98.26488012379588,98.42034149169922,6079900
2017-11-28,98.53690298976835,98.8555942585902,98.3037198974471,98.55245208740234,5983000
2017-11-29,97.59639186245701,97.68966866484405,97.23883968200548,97.58084869384766,14547100
2017-11-30,97.40207539762358,97.56530536376951,96.72583781362523,97.25439453125,9630000
2017-12-01,98.03713647723691,99.45469073620714,97.4373985547766,98.5667724609375,24583100
2017-12-04,98.07609127293658,98.66024843243727,97.99041441415483,98.61351776123047,9609200
2017-12-05,98.50450814998383,99.30674996361887,98.48892729285848,99.10424041748047,10958900
2017-12-06,99.5948954134711,99.87528536043196,99.43133213509665,99.44690704345703,11834200
2017-12-07,99.64161725678464,99.77403070671197,98.37205138429779,98.66802215576172,13056800
2017-12-08,98.59794989974388,98.71478253550774,98.32534437786467,98.67584228515625,4786100
2017-12-11,98.80821405112422,98.98735221105002,98.45772221311111,98.47329711914062,3863800
2017-12-12,98.27081627615564,98.4577508570091,97.88137814624234,98.43437957763672,7502400
2017-12-13,98.7692746253775,99.22102418170245,98.59792093557473,99.1742935180664,8532900
2017-12-14,98.95620863001355,99.68056362422367,98.75369918476316,99.59488677978516,6885000
2017-12-15,99.54817305165975,100.15569558467546,99.35345398634168,99.9687728881836,7239400
2017-12-18,99.67280047424852,99.69616581233406,98.84719350266859,99.05748748779297,7239700
2017-12-19,98.38761345687779,98.43434411407807,97.41401848285771,97.77230072021484,11045800
2017-12-20,96.82209716220812,97.13364882630837,96.54170125875326,96.68968963623047,10005800
2017-12-21,96.80833667009026,97.45617265725745,96.78492191596266,97.25323486328125,7026900
2017-12-22,97.33125075452526,97.44052353746693,97.1985632259418,97.3858871459961,3974300
2017-12-26,97.54982484807789,97.97910917899246,97.54201794608412,97.6747055053711,3168400
2017-12-27,98.119592322168,99.11086033878412,98.11178542107477,98.94694519042969,9059700
2017-12-28,98.75965025209771,98.99380971429643,98.6347695725349,98.86112213134766,5297100
2017-12-29,98.73623819251068,99.22016498196945,98.72063034023515,99.01722717285156,7580500
2018-01-02,98.72843010687087,98.74404391388214,97.62008800597535,97.94790649414062,16238200
2018-01-03,98.34598497428551,98.50208733037066,97.94791622486825,98.41622924804688,8605100
2018-01-04,98.07277057648182,98.47083919480765,97.85422496796448,98.40058898925781,9217900
2018-01-05,98.24452318972838,98.48648363836156,97.84645442349039,98.11963653564453,10915400
2018-01-08,98.33816364629506,98.3693853039173,97.69813455234485,98.05717468261719,8850600
2018-01-09,97.41713845879184,97.43275226392136,96.63661494012854,96.74588775634766,16226400
2018-01-10,95.85609968899291,96.7302882490659,95.73902591503337,96.62882232666016,14302600
2018-01-11,96.4024479436981,97.24540869994684,96.24633968889572,97.02686309814453,12511000
2018-01-12,96.8629546051531,97.40151766704804,96.71465920565765,97.1907730102539,9987100
2018-01-16,97.69811507076955,97.78397312337954,97.22199530808545,97.59664916992188,9125900
2018-01-17,97.62789086571146,98.06498216516076,97.25323692695325,97.46398162841797,8327000
2018-01-18,96.73027935834284,96.99565449482301,96.42587566418179,96.55856323242188,10843900
2018-01-19,96.31660485180429,96.44148552012113,95.98878639818537,96.05122375488281,11374300
2018-01-22,96.3556132748027,96.55855103023862,95.9965732182137,96.1448745727539,8984700
2018-01-23,96.63661439286182,96.94101808702288,96.19171622794013,96.55856323242188,12325700
2018-01-24,95.8873050226131,96.10585063669429,95.64534465772628,96.03560638427734,9038900
2018-01-25,96.1293013661508,96.90201815868387,95.84831235888,96.82396697998047,12173300
2018-01-26,96.69125733417219,96.71467804331638,96.08244990471245,96.46490478515625,6462900
2018-01-29,95.98098701952307,95.98098701952307,95.45803764229058,95.79366302490234,12223000
2018-01-30,95.44239762726113,95.51264782777974,94.9896926392281,95.23165893554688,12064400
2018-01-31,95.9029358513413,95.94976536126588,95.1770486728983,95.79366302490234,18045100
2018-02-01,95.79757174749489,95.83667560061069,94.35059193383204,94.40534210205078,18632800
2018-02-02,93.97515950435523,94.06119633142208,93.26340138358769,93.52933502197266,23944400
2018-02-05,93.2086375378251,95.28133230576626,92.79409977770078,94.41314697265625,28606200
2018-02-06,94.1863639912941,94.53833455757477,93.6388621779538,93.82657623291016,10935400
2018-02-07,93.95955743562065,94.11599081637068,92.73158374151865,92.93494415283203,16271100
2018-02-08,92.30136013629561,93.21647258774665,92.17621349302689,92.83322143554688,15155100
2018-02-09,92.37954582395949,93.14604789619422,92.12925858055162,92.24658203125,15661600
2018-02-12,92.73151870557024,93.31031285743124,92.44212759695888,92.65330505371094,10944600
2018-02-13,92.77067194939342,93.08353267062783,92.5985982543484,93.06788635253906,8157600
2018-02-14,92.65333674306267,92.71591007287914,91.87901118037765,92.03543853759766,12043300
2018-02-15,92.44213420028429,92.91924526822196,92.2857009180722,92.34827423095703,8222400
2018-02-16,93.10694921853242,93.23991301861224,92.55944174069721,92.84883880615234,8454100
2018-02-20,92.51252154158172,92.6924183181505,92.12144730038983,92.44213104248047,8268800
2018-02-21,92.48126757182114,92.52037739669063,91.12815356076557,91.30804443359375,12054300
2018-02-22,91.69912588449864,92.02763292369987,91.51141183875646,91.58180236816406,9317900
2018-02-23,92.19964266672535,92.53596668613095,92.07450203737253,92.39517974853516,9072900
2018-02-26,92.82540353132185,93.00530034937056,92.32482886456123,92.42650604248047,8771600
2018-02-27,92.70022497602918,92.80973124105712,91.71472229664579,92.29351043701172,12525700
2018-02-28,92.66115679101725,92.94273079841938,92.48908312345806,92.88015747070312,9311600
2018-03-01,92.81667497791764,93.74931087711813,92.59723264383638,93.51419067382812,12287700
2018-03-02,93.14583793149384,93.20853744924996,92.57372127519585,92.75397491455078,10064300
2018-03-05,93.06745747435042,93.10664616397617,92.1896822491826,92.503173828125,5658200
2018-03-06,92.76180665711179,93.01259872933676,92.57371409778172,92.58938598632812,5452000
2018-03-07,92.92640301113786,93.01261336009047,92.44832961398457,92.48751831054688,4461800
2018-03-08,92.72260423668673,93.25553805866922,92.68342153144543,93.02042388916016,7086700
2018-03-09,92.4718808877188,92.69132333399922,92.15838911616467,92.40918731689453,6570400
2018-03-12,92.72260483444265,92.99691366966893,92.62856155777425,92.94204711914062,5801300
2018-03-13,92.72263257684565,93.55338630521685,92.62858927203972,93.41231536865234,7455300
2018-03-14,93.57684937136081,94.36057506797295,93.55333855715885,94.23517608642578,10175000
2018-03-15,94.18031552683703,94.43110751057883,93.99222303386884,94.23517608642578,6757900
2018-03-16,93.89036040591088,94.05494211896419,93.69442894093974,93.898193359375,6084300
2018-03-19,93.42798214352139,94.02361561854947,93.42014320876496,93.60040283203125,8491200
2018-03-20,93.19287649267878,93.43582967829259,93.13017696756688,93.2242202758789,5446000
2018-03-21,92.99697010124031,93.59259781275281,92.56591822376387,93.32613372802734,9742400
2018-03-22,94.29004482219877,94.68974663634906,93.78846081122127,94.25086212158203,12136600
2018-03-23,93.79631199793977,94.29005714156241,93.7492903593149,94.18033599853516,7250400
2018-03-26,94.04711308896539,94.39978737130724,93.78848209292568,93.81983184814453,8237900
2018-03-27,93.91391686384577,94.92492443193315,93.89823899059107,94.82303619384766,9168500
2018-03-28,95.18348210394036,95.33239189756517,94.79161926122451,95.07376098632812,7412500
2018-03-29,95.25407484982617,95.84186944912868,95.23056402255101,95.53621673583984,9694300
2018-04-02,95.3084620181311,96.10171913761661,95.15923982157604,95.72472381591797,12036500
2018-04-03,95.31628673192637,95.41053702975354,94.90002506942665,94.98641967773438,9855000
2018-04-04,95.30840822550937,95.39480281313418,94.71935748741335,94.79004669189453,6654300
2018-04-05,94.32666332189541,94.46018006004006,94.0674795416374,94.08319091796875,7603700
2018-04-06,94.7664957808561,95.15134062653985,94.42091739330807,95.11206817626953,8831200
2018-04-09,94.7508049745957,95.26917266845703,94.52303789627504,95.26917266845703,6307500
2018-04-10,95.1906188165674,95.3319912659757,94.86075176532643,95.09637451171875,6046000
2018-04-11,95.70111550857807,95.73253226922861,95.24558146734671,95.43408203125,5901300
2018-04-12,95.06493625155927,95.0884973224442,94.57013578657387,94.73506927490234,6622800
2018-04-13,94.6565151324093,95.13561016736458,94.6408097507321,94.95497131347656,4964000
2018-04-16,94.42878556456161,95.00998075415733,94.38951310909977,94.98641967773438,4491300
2018-04-17,94.97073144870555,95.48909922490891,94.89219251077267,95.24562072753906,5590400
2018-04-18,95.26129475692863,95.30056121442962,94.46803801294041,94.48374938964844,8138400
2018-04-19,93.79260446881135,93.87899907521083,93.3135092850089,93.71406555175781,9875800
2018-04-20,93.37633507397511,93.56482965770319,93.01505129177349,93.03861236572266,7579400
2018-04-23,92.9365261178103,93.16429318654217,92.74017581636583,93.06218719482422,7073200
2018-04-24,92.8422292653774,93.03072378245602,92.4888012968384,92.63802337646484,8190800
2018-04-25,92.21394365373521,92.4024382350858,91.8448041874949,92.01759338378906,6603800
2018-04-26,92.46527082578676,92.77942646082023,92.35530916296348,92.66162109375,6528600
2018-04-27,93.04646812423763,93.42345729197666,93.02290705027079,93.37633514404297,5401800
2018-04-30,93.52558489430531,93.90257414921437,93.41562919561215,93.54129028320312,8321100
2018-05-01,93.48773843838937,93.54283748145964,93.06269210918735,93.20437622070312,7979200
2018-05-02,93.38540371622969,93.56644684210487,93.08629551407142,93.10203552246094,4644000
2018-05-03,93.542877248925,93.91283069767867,93.41693909922995,93.5192642211914,6345300
2018-05-04,93.84985065267975,93.84985065267975,93.26736803035102,93.66093444824219,4283500
2018-05-07,93.64517127616632,93.68452430501557,93.46412812635427,93.51136016845703,3647800
2018-05-08,93.31458370208071,93.66879101386031,93.11780052768184,93.4247817993164,6091200
2018-05-09,92.97612675941407,93.21226299179068,92.86592864990234,92.86592864990234,7832500
2018-05-10,93.31451652492017,93.65298358143747,93.15708649552748,93.6136245727539,7101500
2018-05-11,93.92066968497997,93.95215571233456,93.52710335106615,93.8498306274414,4273400
2018-05-14,93.51138830869144,93.66093947187552,93.34608511960556,93.35395812988281,4996200
2018-05-15,92.53532239750648,92.55106841519908,91.85838776503279,92.29131317138672,12901000
2018-05-16,92.42513704986028,92.51172214307996,91.92924552034066,91.93711853027344,6518000
2018-05-17,91.80325807645644,91.95281516789385,91.37820582080077,91.47266387939453,7330300
2018-05-18,91.70881339922076,92.32277581609992,91.70881339922076,92.25980377197266,9606500
2018-05-21,92.19685451052335,92.39363769303947,92.05517037889791,92.30705261230469,4448500
2018-05-22,92.32280491579876,92.37003096110729,91.97646456927868,92.16537475585938,4700700
2018-05-23,92.6849002227364,92.96826855097893,92.61406114334953,92.83445739746094,9634000
2018-05-24,93.42478206159021,93.71601731709674,93.38542302446157,93.57433319091797,8204100
2018-05-25,94.1095596534402,94.32995579229271,94.03872061109948,94.15679168701172,8482800
2018-05-29,95.0777458450594,96.43948185672667,94.79437763348857,96.21908569335938,21668100
2018-05-30,95.24305226807665,95.62087858884755,95.038396094103,95.57364654541016,11616300
2018-05-31,95.68384383939987,96.01444411932025,95.2036924383217,95.41622161865234,10769900
2018-06-01,94.80952524372505,95.23556528044327,94.55705774262908,94.91209411621094,8718800
2018-06-04,94.76216390837429,94.78583178970254,94.17833409818334,94.22566986083984,7156500
2018-06-05,94.64385757807452,94.8016535509428,94.37561345314978,94.44661712646484,5635900
2018-06-06,93.9495320698018,93.96530865050526,93.42881461711396,93.68128204345703,7813300
2018-06-07,93.64188646745377,95.06201422476921,93.63399516333328,94.58863830566406,13238300
2018-06-08,94.32824094248183,94.55704051417801,94.23356940888267,94.30457305908203,6790600
2018-06-11,93.94167046749365,94.19413797364905,93.83910761225245,94.13101959228516,6844200
2018-06-12,93.83120720539803,94.24935590758591,93.79964801777824,94.15467834472656,6048200
2018-06-13,94.24145233771532,94.39135695457014,93.59450412397696,94.10733032226562,8834700
2018-06-14,94.50181536445126,94.91207874937061,94.26513050635077,94.8884048461914,10078800
2018-06-15,95.33018722844119,95.5353128151286,94.9120387380368,94.97515106201172,7992800
2018-06-18,95.05409207195052,95.11720442253123,94.70694705691093,94.8884048461914,4893700
2018-06-19,95.44066619873047,95.64579785818755,95.22764323948323,95.44066619873047,6133300
2018-06-20,95.28287910881305,95.29866170985251,94.5964864460623,94.60437774658203,6879100
2018-06-21,94.95942708830718,95.26712165808122,94.8489729360447,95.1014404296875,7235800
2018-06-22,94.746368557875,95.16452314249686,94.72270067973176,95.09351348876953,4082500
2018-06-25,95.19609494674793,95.55112520458358,95.18031234636061,95.30654907226562,8363700
2018-06-26,95.28287029941805,95.48800195887515,95.19609007891884,95.44066619873047,5450000
2018-06-27,96.05606887998039,96.39532258784386,95.89827897742485,96.34009552001953,8173400
2018-06-28,96.35587822983074,96.45055578896398,96.11919336094661,96.36376953125,7109500
2018-06-29,96.3874323328261,96.64779109223694,95.97717497015061,96.03240203857422,11164700
2018-07-02,96.26568961157841,96.27359878324516,95.90985531466873,95.9572982788086,9662000
2018-07-03,96.09959992984706,96.49497391526266,96.09959992984706,96.47125244140625,3808800
2018-07-05,96.51871393665164,96.8903665196295,96.47918015027001,96.74803161621094,3860400
2018-07-06,97.06434631347656,97.19877206617036,96.85084694348818,97.06434631347656,4679900
2018-07-09,96.52659609408374,96.63730031765871,96.39217039873238,96.43961334228516,5952700
2018-07-10,96.36847691227064,96.57406708265437,96.32102792201098,96.43173217773438,5759700
2018-07-11,96.82708145794454,96.90616107715834,96.542411720973,96.80335998535156,6869100
2018-07-12,96.60566447337997,96.84289124421963,96.58194300288149,96.79544830322266,4824700
2018-07-13,96.95362086778943,97.15921705419689,96.84291662116902,97.04060363769531,4079000
2018-07-16,96.63734436035156,96.70060566920525,96.18661809239742,96.63734436035156,5517100
2018-07-17,96.70060488216545,96.77967850112374,96.39221354517683,96.45547485351562,3764300
2018-07-18,96.4870734021423,96.5028917414178,95.9889043076823,96.06797790527344,6330000
2018-07-19,96.31314402318166,96.82712558473948,96.28941650684749,96.67688751220703,6166700
2018-07-20,96.13912036151615,96.14702349592298,95.44325842638479,95.49070739746094,10469500
2018-07-23,95.19026145901182,95.19026145901182,94.24136607888714,94.31253051757812,11571800
2018-07-24,94.32044116222308,94.74744589983031,94.20973690057637,94.6367416381836,9053500
2018-07-25,94.90559153131073,95.0953754334653,94.304627273277,94.48649597167969,7357900
2018-07-26,94.66046837888828,94.79489412794005,94.22556047908607,94.30463409423828,6821100
2018-07-27,94.77114452653842,94.78696286463337,94.41531034747024,94.46275329589844,4542000
2018-07-30,94.09113132550473,94.42325017110981,94.07531901520463,94.13858032226562,7111200
2018-07-31,94.72372784835561,94.77907998118239,94.5418531073933,94.65255737304688,6797400
2018-08-01,93.74668247412707,94.18256247939762,93.57232805345288,93.88140869140625,13312600
2018-08-02,94.00822299453206,94.10332101740867,93.75461818950197,94.01614379882812,4451100
2018-08-03,94.17461543206531,94.53917182533125,94.1587617365593,94.48369598388672,6162400
2018-08-06,94.73732111133863,94.97507217744784,94.52333850078436,94.53919219970703,4200200
2018-08-07,94.33315009085871,94.38862595228765,93.96859356626632,94.04784393310547,5346900
2018-08-08,94.03991946769918,94.33314641822948,94.00029126261472,94.1429443359375,5640900
2018-08-09,94.4916256891049,94.96713377963945,94.40444850042533,94.93543243408203,7144100
2018-08-10,95.39512392833652,95.93403488541377,95.32379436600955,95.62495422363281,8457900
2018-08-13,95.30008200600923,95.65671191095672,95.26838062945978,95.42688751220703,7923200
2018-08-14,95.52986767792086,95.5457153355584,95.12568287437423,95.21286010742188,4251200
2018-08-15,95.62498445384311,95.99746189871496,95.55365486896652,95.76763153076172,7649800
2018-08-16,95.74380511591269,95.83890916205384,95.32377282668051,95.75965881347656,5400400
2018-08-17,95.96572646510596,96.20348360173475,95.69627402024747,95.87855529785156,3537600
2018-08-20,96.40163684360184,96.61561952981201,96.32238646021227,96.52051544189453,5603700
2018-08-21,96.18763583678428,96.31443520880242,95.94987870042947,96.195556640625,4695000
2018-08-22,96.6869405126357,96.72656872649438,96.35408528332233,96.57598876953125,5309600
2018-08-23,96.68695716749873,96.78998207629476,96.5126026707535,96.7265853881836,5328700
2018-08-24,96.38578672882382,96.94847229688976,96.28275579126841,96.9167709350586,6092200
2018-08-27,96.51258709972056,96.58391667616169,96.30653126895533,96.36200714111328,6407400
2018-08-28,95.8944142555419,95.96573777708873,95.64080943490455,95.78346252441406,4929300
2018-08-29,95.84688163911885,96.01330926428386,95.59327677509357,95.9102783203125,5613300
2018-08-30,96.14006173108675,96.25894027570784,95.95778653622646,96.11628723144531,5302900
2018-08-31,96.59977079523546,96.62354530683383,95.8072548277324,95.8944320678711,9677500
2018-09-04,95.2843649823566,95.39556665826838,95.11756246848894,95.3399658203125,18343600
2018-09-05,95.1255100241056,95.23671170334589,94.95870750524513,95.0857925415039,9422600
2018-09-06,95.12551050185544,95.63386276951765,95.06990966195605,95.43528747558594,9566000
2018-09-07,94.78396305715692,94.83956389840743,94.5138974996279,94.6250991821289,11212600
2018-09-10,94.65689523623793,94.99844507649951,94.65689523623793,94.97461700439453,6386400
2018-09-11,94.58540564770846,94.65688985996326,94.20413833556783,94.25180053710938,5440000
2018-09-12,94.56160919666559,94.6569215115427,94.4424627430288,94.47423553466797,3347200
2018-09-13,94.79192872227755,94.97462071561903,94.50598578580568,94.6171875,4833000
2018-09-14,94.05320414411676,94.4503547278314,93.96583053089658,94.1644058227539,5579500
2018-09-17,93.87051220919176,94.37886447154352,93.82285607835784,94.1644058227539,5433000
2018-09-18,93.7752074681938,93.78315217782901,93.06034116200873,93.17948150634766,10182300
2018-09-19,93.02065541542288,93.02065541542288,92.28989944061061,92.62350463867188,13379600
2018-09-20,92.59966236673905,93.1715603671986,92.51228872444446,93.05241394042969,8657300
2018-09-21,92.82999415022616,93.15565452863021,92.80616002104134,93.01268005371094,6173800
2018-09-24,92.72673660255286,93.14771534254639,92.71085324219237,92.77439880371094,5505500
2018-09-25,92.52024215930983,92.72675618780656,92.45669658436951,92.6791000366211,6650900
2018-09-26,92.87767745083535,93.39397465348283,92.66321870575639,93.33042907714844,9512700
2018-09-27,93.1238782064769,93.44954463252759,93.01267651466392,93.3939437866211,5758500
2018-09-28,93.60841659256774,93.65607879628135,93.10800890386443,93.14772033691406,12807700
2018-10-01,92.8699273642689,93.00525838695374,92.44004699201282,92.46392822265625,22442400
2018-10-02,92.87787315338484,93.24406615320352,92.82214826370716,93.02912902832031,8266900
2018-10-03,92.55941175184854,92.63106148529457,90.94338441639154,91.41307067871094,20829200
2018-10-04,90.85584094628463,91.06282169896613,90.52149162749252,90.76827239990234,16207400
2018-10-05,90.26675310890398,90.52945876169208,89.65377932595585,89.98812866210938,18096500
2018-10-08,89.94829214173974,90.04382309413772,89.66966778918983,89.68559265136719,5855900
2018-10-09,90.06771320989738,90.63292440191215,90.01198833388341,90.59312438964844,11530800
2018-10-10,90.0677119884548,90.41798610353864,89.78908761216351,90.3463363647461,15290100
2018-10-11,90.75234515706809,91.6678305553814,90.58517051323712,91.44493103027344,16086800
2018-10-12,91.06278517885202,91.55635259928691,90.9752166675885,91.12647247314453,6794100
2018-10-15,91.27776239373999,91.4051309563743,90.98321310271544,91.08670043945312,7146300
2018-10-16,91.06280109790013,91.32550667761531,90.87970768674525,91.29366302490234,4762300
2018-10-17,91.27775343651516,91.38124076309747,90.73642343293778,90.7523422241211,5880700
2018-10-18,90.44983517062394,91.06280883515227,90.39411029203046,90.72049713134766,5728800
2018-10-19,90.63296469415272,90.71257082762621,90.28269649215768,90.52151489257812,10892400
2018-10-22,90.7125294929701,90.81602288552997,90.37818024059804,90.40206146240234,3244200
2018-10-23,91.35736433030462,91.56433899432295,90.62497235278312,90.68865966796875,10330700
2018-10-24,91.03891888792045,91.4051117798085,90.94338793081917,91.3732681274414,16008000
2018-10-25,91.18225924714928,91.34147151742599,90.93547840615274,90.99120330810547,12613200
2018-10-26,91.4926657274585,91.8031336966247,91.38121599870935,91.5404281616211,18582500
2018-10-29,91.42105857263641,91.56435201540307,90.95934065577273,91.33349609375,7679900
2018-10-30,90.95934397543347,91.18224354485936,90.76828199573322,90.8797378540039,9939500
2018-10-31,90.54535254633319,90.72048959981764,90.12343477578742,90.41798400878906,8706400
2018-11-01,90.05491334738613,90.62149648334932,90.046931588204,90.50180053710938,6100200
2018-11-02,90.31028242040442,90.38210608247027,89.29681809802214,89.37661743164062,11314800
2018-11-05,89.75964311208979,89.94318093041383,89.65589852162202,89.72772216796875,4760200
2018-11-06,89.85536697479367,89.95911152729752,89.6399082911928,89.67182922363281,3159900
2018-11-07,90.32620248728921,90.49378283376055,89.70375946088254,89.79153442382812,9313100
2018-11-08,90.14267691084396,90.15065866847453,89.70377765391797,89.78357696533203,6905100
2018-11-09,89.97509362751363,90.57359757625541,89.95115444369148,90.45389556884766,6465300
2018-11-12,90.93272094431856,91.22000340081351,90.90080608319563,91.04444122314453,6840000
2018-11-13,90.74118383765867,90.98856353759766,90.55764602425147,90.98856353759766,6525800
2018-11-14,90.5576634872877,91.38758381905247,90.41402225904022,91.04444122314453,8690800
2018-11-15,91.32368162848856,91.40348089988971,90.7171962069104,91.00447845458984,7879600
2018-11-16,91.13221677135937,91.61900056591949,90.90877622729207,91.53121948242188,9236700
2018-11-19,91.2998052300529,91.78658294677734,91.2998052300529,91.78658294677734,7027200
2018-11-20,91.96217612210388,92.1377383520624,91.71479630078072,91.81853485107422,6332600
2018-11-21,91.68284443145875,91.8424430839948,91.4035437453715,91.78658294677734,4951100
2018-11-23,92.30528902167869,92.37711267815718,91.84244439907906,91.8823471069336,3027900
2018-11-26,91.6589388044571,91.81853751543217,91.59509688474684,91.67489624023438,6599000
2018-11-27,91.6189978673947,91.97012219104319,91.57910125044246,91.77860260009766,5967200
2018-11-28,91.65088355214912,91.78654295652949,91.25986276198984,91.33168029785156,7814000
2018-11-29,91.7067685845445,91.97011179752052,91.44342537156848,91.69081115722656,7295600
2018-11-30,92.01798729054794,92.1057683587952,91.75465017410329,92.03395080566406,9127800
2018-12-03,91.7275977807532,92.68742370605469,91.71160332638209,92.68742370605469,9763800
2018-12-04,93.43129372654037,94.91902822692104,93.28731922319952,94.23915100097656,18100500
2018-12-06,94.81505923184562,95.34296173270046,94.48711489906401,94.53511047363281,15319400
2018-12-07,94.23117090567767,94.8070690423925,93.99921159492165,94.71109008789062,8608400
2018-12-10,95.07900972045691,95.4069479376617,94.73507094489578,95.1030044555664,8777700
2018-12-11,95.15897301877636,95.48691116296904,94.87102405672132,95.08698272705078,8071900
2018-12-12,94.84706339857024,94.95904291265951,94.57510879119214,94.66309356689453,6182200
2018-12-13,94.75106117901484,94.84704621760103,94.36713322951952,94.43911743164062,5564200
2018-12-14,94.8230796072585,94.999043076552,94.55912524967846,94.76708984375,8169200
2018-12-17,94.85505114113737,95.422955055752,94.84705696383466,95.3189697265625,9726800
2018-12-18,95.46486468282471,96.04212863917022,95.36063884727845,95.8897933959961,10018800
2018-12-19,96.29870884255682,97.54143044631839,96.14637356912931,97.15658569335938,23046300
2018-12-20,97.82203377173379,97.83806616464514,96.74767993969577,96.80380249023438,18543700
2018-12-21,97.12449313423888,97.1806156776895,96.5231775471686,96.78775787353516,9945100
2018-12-24,97.11651692689932,97.34902645765334,96.94013608137324,97.26885223388672,8377500
2018-12-26,97.00428064581462,97.3249836870594,96.18649370169706,96.22657775878906,11700400
2018-12-27,97.220717719073,97.31692430995402,96.19447330368058,96.2425765991211,12146500
2018-12-28,96.53123419275053,97.05237579345703,96.44304071646631,97.05237579345703,9879100
2018-12-31,96.73161841074557,97.46121134799044,96.57928319792522,97.42112731933594,17409000
2019-01-02,97.5414453319983,97.94232254059557,97.28487804627132,97.9343032836914,19841500
2019-01-03,98.04651339117103,99.30526713187177,97.99841010072979,99.0487060546875,21187000
2019-01-04,98.08662175003687,98.26300868125807,97.53341542208867,97.9022216796875,12970200
2019-01-07,98.31113792346738,98.33518957950173,97.50938343218226,97.61360931396484,8498100
2019-01-08,97.56546768629693,97.76590623040263,97.32493898661052,97.35700988769531,7737100
2019-01-09,97.22072753724493,97.35702429935694,96.8519212955243,97.2046890258789,9349200
2019-01-10,97.23677646281138,97.34100845371137,96.48312533987685,96.57933807373047,8222900
2019-01-11,96.87600252720033,97.2287703652742,96.75573812283123,96.9561767578125,5786900
2019-01-14,96.93208748087636,97.02028093539228,96.40292675378083,96.59535217285156,6730500
2019-01-15,96.65948609903705,96.66750535391022,96.1704155390611,96.2425765991211,8997400
2019-01-16,95.88176992534088,96.5231756523842,95.81763424615522,96.33877563476562,6048400
2019-01-17,96.38690565488353,96.63544753751559,96.12232526033327,96.36285400390625,8153400
2019-01-18,96.08223253523865,96.30672887780686,95.72144554640023,95.85774230957031,14106400
2019-01-22,96.45906983679629,96.78779207667073,96.26665049366768,96.5071792602539,8881100
2019-01-23,96.11432811024446,96.70763084967479,96.07424405502982,96.46710205078125,5776800
2019-01-24,96.94011545377433,97.22072823569732,96.77976092346128,97.1004638671875,7121900
2019-01-25,96.68354030843378,96.81182392220637,96.46706935631674,96.63543701171875,6460800
2019-01-28,96.64346383274948,96.96416677538852,96.53923797607422,96.53923797607422,6435800
2019-01-29,96.63545474839482,97.04435119622048,96.5232096241918,97.02831268310547,5750100
2019-01-30,96.88401566843035,96.99626693156942,96.4751252572378,96.9561767578125,10571300
2019-01-31,97.45324267191509,97.95834570505808,97.41315250807351,97.78997802734375,11843400
2019-02-01,97.61718324137524,97.68950122593364,97.10289545139126,97.19932556152344,12024600
2019-02-04,96.78148612934818,96.8698788753558,96.44398376699105,96.76541137695312,8966200
2019-02-05,97.01457375993286,97.41635695823658,96.95832435739935,97.20742797851562,6983300
2019-02-06,97.52077059851112,97.56095135094336,97.01452622376426,97.2555923461914,5184000
2019-02-07,97.60111590255538,97.96272424496988,97.41629917416877,97.8984375,8781000
2019-02-08,98.24398144080783,98.41272956609029,98.09130193809996,98.31629943847656,5885400
2019-02-11,97.922527505882,98.17966831304885,97.83413477866335,97.9305648803711,4352800
2019-02-12,97.76184191180671,97.834159908623,97.3921961590057,97.68148040771484,7939600
2019-02-13,97.35202462539067,97.5448787537395,97.15917049704184,97.31184387207031,4757700
2019-02-14,98.14757231406783,98.19578432282968,97.69757721702805,97.86632537841797,5868900
2019-02-15,97.68149476546623,98.05113444187685,97.6654261407192,98.01899719238281,5527200
2019-02-19,98.37252775743055,98.4689578644039,97.99485083518589,98.26806640625,5872800
2019-02-20,97.99486291023588,98.09933040500982,97.70557868439063,97.98683166503906,4455800
2019-02-21,97.2877321503297,97.36005627590811,96.990410533124,97.11094665527344,7382500
2019-02-22,97.60916641288634,97.99487467316459,97.56898565919299,97.68952178955078,6374600
2019-02-25,97.36810228700818,97.47256980304998,97.167210763202,97.4002456665039,6293500
2019-02-26,97.81811987364657,97.89043789159783,97.52079816149137,97.88240051269531,6028900
2019-02-27,97.32792292876293,97.33595417520431,96.65292425361558,96.7734603881836,7737300
2019-02-28,96.87791900839497,96.92613713928192,96.1948891062656,96.4439926147461,9533400
2019-03-01,96.09212226992439,96.25317255827777,95.53648833085828,95.55259704589844,13541100
2019-03-04,96.05986206841335,96.44638502110811,95.8746488018131,96.30143737792969,9808500
2019-03-05,96.05182390152102,96.52693253454281,96.04376954674504,96.50276947021484,5595200
2019-03-06,96.56720606306592,97.0503629774477,96.54304913889786,96.85710144042969,7766700
2019-03-07,97.1470277880617,97.64629357350275,97.12287085619246,97.48523712158203,8187200
2019-03-08,97.53356875002858,97.99256894126002,97.31614404994853,97.89593505859375,7517600
2019-03-11,97.7590125030049,97.77511507347423,97.42080323007987,97.60601043701172,5157800
2019-03-12,97.67847801990453,98.42737342041706,97.64626673837269,98.29047393798828,6422300
2019-03-13,97.9683389481688,98.20991425916921,97.93612767796776,98.10523223876953,4386300
2019-03-14,97.99252114101928,98.04888934249277,97.37246478113765,97.39662170410156,8188400
2019-03-15,98.03281630802704,98.20192097398899,97.75902955656733,98.0408706665039,4302000
2019-03-18,97.895909940454,98.13749151329655,97.85564429708872,97.98448944091797,3893300
2019-03-19,97.5093462412695,97.93614102183066,97.34829601199269,97.76703643798828,5220200
2019-03-20,98.03276903170301,98.92661193764272,98.02472082078282,98.78971862792969,10123700
2019-03-21,99.01519546820427,99.11987750751257,98.83803652193428,99.00714111328125,7182600
2019-03-22,100.02179682228164,100.8834286785288,99.90100604653831,100.54521942138672,13077000
2019-03-25,100.5049143309148,101.41486582648524,100.26333901792648,100.70623016357422,9736300
2019-03-26,100.41633400706863,100.89144256275682,100.35191761036359,100.63375854492188,7502000
2019-03-27,100.99611884297963,101.73695958419032,100.90753939091408,101.55980682373047,14207200
2019-03-28,101.66450909402627,102.0188269728836,101.47124758904611,101.91413879394531,9143200
2019-03-29,101.20550298687412,101.84166180149774,101.17329171406978,101.8175048828125,10841400
2019-04-01,101.11375771716608,101.1702501118585,100.2260174474815,100.37128448486328,16501500
2019-04-02,100.46010516961633,100.66993064194835,100.27448369786349,100.55694580078125,9725000
2019-04-03,99.75796987530687,99.96780148395928,99.56428247504928,99.68533325195312,10407000
2019-04-04,99.74989262407749,99.98393437603426,99.6207697496389,99.9677963256836,7503400
2019-04-05,99.7660034234704,100.20987046740561,99.73372117636816,100.09688568115234,6321800
2019-04-08,99.93549190539869,100.03233250044883,99.68530600136307,99.7417984008789,4446400
2019-04-09,100.25028992923373,100.3471305762304,99.88711903135706,100.05660247802734,7020300
2019-04-10,100.29061869114359,100.49237820953162,100.1534236963706,100.29869079589844,7519900
2019-04-11,100.0162364842011,100.08886696101072,99.5965793624723,99.70956420898438,8679300
2019-04-12,99.17689320626585,99.31408818006751,98.9670616151974,98.99934387207031,7005500
2019-04-15,99.08813854876314,99.2576158136615,99.03971823228137,99.24954986572266,3070000
2019-04-16,98.8702343028764,98.96707492931223,98.57162800453845,98.62812042236328,8927300
2019-04-17,98.56356102572279,98.91865976035244,98.54742297288148,98.6684799194336,6118500
2019-04-18,99.11233804628827,99.34637981279646,99.08812789065148,99.18497467041016,27589400
2019-04-22,98.83794556472184,98.91864813386711,98.65232411419748,98.70881652832031,6241200
2019-04-23,98.95091476132485,99.0235452149185,98.77336544292656,98.91863250732422,6239700
2019-04-24,99.35442557660848,99.74180027852088,99.33828137232304,99.72566223144531,7302000
2019-04-25,99.66113165441803,99.76605054635928,99.34638729301822,99.58042907714844,5380900
2019-04-26,100.05656605785896,100.08884215696744,99.7821699577503,99.91936492919922,5950700
2019-04-29,99.45132090510647,99.54816154927893,99.14464244599267,99.2818374633789,10246000
2019-04-30,99.22532996183179,99.86289078703741,99.20919190932555,99.7902603149414,7957400
2019-05-01,100.0320713032865,100.64670323147271,99.9592822088137,100.201904296875,14371900
2019-05-02,100.02397213034214,100.12910506712106,99.506384153663,99.72473907470703,6612800
2019-05-03,100.00780487060547,100.18572073265324,99.77327184364874,100.00780487060547,6191700
2019-05-06,100.53345025028852,100.59006123070327,100.22613438091338,100.28274536132812,4482500
2019-05-07,100.71141277717095,101.20473987799524,100.5981907707657,101.05107879638672,8984900
2019-05-08,101.21279395783779,101.3341049713978,100.52537310784359,100.61433410644531,6907600
2019-05-09,101.18043255663639,101.33409356786262,100.5334446705474,101.02677154541016,9411900
2019-05-10,101.00255763962332,101.45544566881969,100.75993552676147,100.88933563232422,6037800
2019-05-13,101.4150093139764,101.8436363513349,101.29369826167165,101.68189239501953,10501600
2019-05-14,101.50396332663647,101.61718532226038,101.2532521904955,101.38265228271484,5690400
2019-05-15,102.07005587001909,102.11857781124525,101.71421184733416,102.00535583496094,9566300
2019-05-16,101.74656715338843,101.76274524806134,101.52012318904984,101.66569519042969,7666400
2019-05-17,102.12666097670055,102.14283906960087,101.64951212842918,101.89212799072266,4747100
2019-05-20,101.99729742892998,102.20756333811268,101.6171923444388,101.68189239501953,6043100
2019-05-21,101.57674496926565,101.67379503720562,101.3341290546196,101.52013397216797,4021800
2019-05-22,101.71423811052861,102.16713230274064,101.67380520577846,102.10243225097656,5675300
2019-05-23,102.61996843783544,103.59044404305605,102.6118793929208,103.25077819824219,9743700
2019-05-24,103.16184544005297,103.33976745605469,103.02436248955533,103.33976745605469,4981900
2019-05-28,103.73603724062994,104.24552991173088,103.59045909155208,104.08378601074219,8098600
2019-05-29,104.86828176055084,105.05428667379118,104.32643277657486,104.39921569824219,13260600
2019-05-30,104.59330503745467,105.3211588595694,104.23746100343581,105.2968978881836,13024800
2019-05-31,105.86299290604079,106.67172474593498,105.79021000211478,106.61511993408203,18933600
2019-06-03,106.89875578296838,107.44171665514439,106.6070143209162,107.32826232910156,17822400
2019-06-04,106.47738469093592,106.77722571848406,105.79665850458963,106.10459899902344,14250000
2019-06-05,105.77235176405826,106.12081433737967,105.4481875923187,105.50492095947266,8815200
2019-06-06,106.13698682641368,106.63942565188547,105.61023724265092,105.84524536132812,9621100
2019-06-07,106.80155707111635,107.0284782092366,106.51792728826723,106.76104736328125,11378500
2019-06-10,105.90199862741706,105.91820992641794,105.6102694389892,105.75613403320312,8288700
2019-06-11,105.69127248477275,105.96680266493172,105.61024074298199,105.82093811035156,5115100
2019-06-12,105.66693894568185,105.95868035754236,105.59400668411472,105.90194702148438,5278700
2019-06-13,105.99925469590141,106.36392854923632,105.99114286355298,106.26668548583984,5560400
2019-06-14,106.2423390475401,106.73667839648724,106.23422721791533,106.5340805053711,5838800
2019-06-17,106.47736950846753,106.77721049326173,106.26667210909817,106.72048950195312,6046400
2019-06-18,107.5714234347704,107.66866650413087,106.93120691988366,107.25537109375,10320700
2019-06-19,106.85826415278926,107.55520160134932,106.63135543610436,107.4093246459961,11962500
2019-06-20,107.70919683600488,108.19542458571397,107.44986547701352,107.69298553466797,10721500
2019-06-21,107.3850208345783,107.40123213413342,106.46928644208796,106.50979614257812,14495000
2019-06-24,107.1013571774559,107.40119811345592,107.03652436537044,107.303955078125,6378800
2019-06-25,107.61191496931184,107.8550349672678,107.55519397696028,107.63623809814453,9604600
2019-06-26,107.52276651604632,107.53897781266883,106.8744630383,106.94739532470703,12766800
2019-06-27,107.22292927462892,107.85503384336953,106.96361034761574,107.70105743408203,9724200
2019-06-28,107.44168047920114,107.84687613086552,107.3363256527796,107.62806701660156,8149200
2019-07-01,107.64436675343516,107.79051744012362,106.84861615973787,107.37641143798828,14131200
2019-07-02,107.64434091878236,108.3101589814301,107.5550225017365,108.20459747314453,10494300
2019-07-03,108.4157289369407,109.04094551512718,108.40760119576336,108.97599792480469,5380300
2019-07-05,107.61997332696141,107.62810106775017,106.91355370987138,107.53065490722656,12180100
2019-07-08,108.03412314839984,108.17215849374062,107.67684936523438,107.67684936523438,6490000
2019-07-09,107.73365661584236,107.7580274498136,107.31143532449946,107.63622283935547,6215700
2019-07-10,107.46569062164754,107.53876593829898,106.78361716336019,107.04345703125,9470000
2019-07-11,106.6212515498921,106.70245462747731,105.362678186422,105.6144027709961,14126800
2019-07-12,105.49260918630829,105.92295828484261,105.29772921363465,105.7362060546875,6992000
2019-07-15,105.92294301179211,106.41013667830197,105.92294301179211,106.34517669677734,6055500
2019-07-16,105.6956033732204,106.04476177176852,105.52509424008745,106.02851867675781,6172700
2019-07-17,106.41824435983285,107.19775169209665,106.41012900892079,107.17339324951172,9662200
2019-07-18,106.75119230553867,107.4413814298618,106.56444005854692,107.1815414428711,5724900
2019-07-19,106.84861411542174,107.12468477822995,106.78365412596372,106.92981719970703,5804800
2019-07-22,107.56315392891543,107.57939702258284,106.97041110348195,107.13280487060547,5204100
2019-07-23,106.85672116037331,106.97039802244365,106.3451690861324,106.54816436767578,8108900
2019-07-24,106.85670508604196,107.1002894753729,106.7511435907673,107.01097106933594,6389700
2019-07-25,106.57257182135909,106.70249183485876,105.97170105131393,106.49949645996094,8893100
2019-07-26,106.93793478608836,107.00289477690336,106.57254567887392,106.75118255615234,6188400
2019-07-29,107.0354008047169,107.14094996823336,106.69435769226783,106.78367614746094,6231800
2019-07-30,107.1814923148739,107.26269537105118,106.71865719638774,107.04345703125,5678500
2019-07-31,106.9379681788573,108.26150207656946,106.90549436823513,107.90422821044922,15798700
2019-08-01,108.52576452990355,110.15295944746084,108.41999288761849,110.04718780517578,26664800
2019-08-02,110.37265085957792,111.06420135498047,110.16110754314924,111.06420135498047,15143100
2019-08-05,112.39033796682091,113.00053598222232,111.99981471302691,112.98426055908203,18543000
2019-08-06,112.43917984960352,113.88738250732422,112.34968362178871,113.88738250732422,12747400
2019-08-07,115.85627687600707,116.3932541954872,113.72465543835926,113.92805480957031,32582000
2019-08-08,113.20398168305033,114.2535172369904,112.26020538655949,114.17216491699219,14746000
2019-08-09,114.44878542021124,115.16475535916571,113.79790478611767,113.9443588256836,10626000
2019-08-12,115.30305607229833,116.69430105486767,115.13219510915962,116.32005310058594,14094300
2019-08-13,117.00344995336386,117.08481466601503,115.49015816544191,115.9213638305664,15974900
2019-08-14,118.10179153910889,118.56553556220094,117.73567522308674,118.53299713134766,15068900
2019-08-15,118.74459597715109,120.90063758769176,118.44356876493724,119.85108947753906,23588700
2019-08-16,118.83410969176153,119.20022627126454,117.84151924051935,118.89106750488281,17150500
2019-08-19,116.80817244121725,117.69499053483969,116.75934617414251,117.1905517578125,13614700
2019-08-20,118.19945552427006,118.47607572220913,117.84147060246002,118.4028549194336,7451500
2019-08-21,117.74388713742924,118.61443042050844,117.39403359065493,117.61370849609375,9372000
2019-08-22,117.15803748178988,117.7275532366461,116.73496331481995,116.83260345458984,13878800
2019-08-23,116.76756585953457,119.00495992694358,116.69433261865852,118.75274658203125,16191800
2019-08-26,118.67946568916224,119.02117515614901,118.20757764012922,118.27266693115234,12174500
2019-08-27,119.29783155980354,120.1846500498009,119.17578445933088,120.09515380859375,11332300
2019-08-28,121.04705517766128,121.14468292124523,120.13582979883857,120.2497329711914,10095900
2019-08-29,119.80225229573571,119.87547310373343,118.89102691305803,119.79412078857422,8884900
2019-08-30,119.28149046637151,119.98931608430048,119.07809115873596,119.82659912109375,13550800
2019-09-03,119.88370877537726,121.17146786229436,119.45989877446983,119.98152160644531,15660800
2019-09-04,119.42733766068983,120.31572476079654,119.38658333463992,120.1608657836914,7962200
2019-09-05,118.71815907871196,118.8322636331081,117.27554172662494,117.984619140625,19382900
2019-09-06,118.39218939438265,119.01977093855922,118.24548880394794,118.82415771484375,9466400
2019-09-09,117.22667265001415,117.36522732879016,116.70504991490043,116.71319580078125,15862700
2019-09-10,116.41983485062215,116.7865988644892,114.64306088116851,114.66751098632812,13851400
2019-09-11,114.43111380623893,115.0423911501536,114.42296791878238,114.4637222290039,10941700
2019-09-12,115.32765104226648,115.57216445049785,113.33896022880515,113.71388244628906,19163300
2019-09-13,112.70324023845846,113.05371238180633,111.28507232666016,111.28507232666016,18922200
2019-09-16,112.37727547908285,112.939652848485,111.86379832676363,112.70328521728516,10971600
2019-09-17,112.76847161353565,113.77912153865599,112.49136213674329,113.31454467773438,9081200
2019-09-18,114.0481001067294,114.64308595969565,113.72209034230362,113.79544067382812,10984600
2019-09-19,114.72449952667002,114.9119668208013,114.08062635305595,114.1376724243164,13176200
2019-09-20,114.73270892123006,115.71889627080174,114.46374534321816,115.64554595947266,11519800
2019-09-23,115.93077339166437,116.68060533152514,115.49064680397306,115.62105560302734,15246700
2019-09-24,116.0774939821712,117.24300261546465,116.0693480945008,117.0147933959961,12421600
2019-09-25,116.76211716865015,116.99848470320609,115.03424387700207,115.30320739746094,14147100
2019-09-26,115.95522922879647,116.54205641713166,115.65365731149176,116.04488372802734,9636500
2019-09-27,115.99596848075456,116.5338829698594,115.84925548447752,116.33012390136719,10386900
2019-09-30,115.63736865629889,116.62355573796279,115.60476023580755,116.61540985107422,8006900
2019-10-01,115.33353551269458,117.4971694989886,115.23556395919276,116.96646118164062,16613700
2019-10-02,117.12978620599421,117.79111923558686,116.95016335126083,117.25225067138672,12891500
2019-10-03,117.55434586363194,118.93417040455914,117.50536007419457,118.32182312011719,13470500
2019-10-04,118.67291395493812,119.22810287075768,118.55043701769232,119.19544982910156,11516200
2019-10-07,118.51780242553517,118.81988982627203,118.15039647308008,118.2075424194336,11013900
2019-10-08,119.05669438227793,119.14649339290608,118.07692837342111,118.52598571777344,14529700
2019-10-09,118.06058400119863,118.06874414825292,117.40741094790253,117.8564682006836,8608800
2019-10-10,116.85216517904271,116.90115095927136,115.71728225688378,116.10102081298828,15054200
2019-10-11,115.10495468475024,115.20293872012488,114.06805560474639,114.66407012939453,26294000
2019-10-14,115.51319987026619,115.53769276744903,115.18661960233582,115.49687957763672,5936900
2019-10-15,114.85186785680271,115.08047653824485,113.93743313103415,114.10072326660156,11832300
2019-10-16,114.01095422182382,114.35386737150996,113.774185305937,114.23956298828125,7729500
2019-10-17,113.91292064668205,114.61507932130311,113.73329779097179,113.96190643310547,6219300
2019-10-18,114.14968943380742,114.49260239700796,113.85576225703032,113.96190643310547,6456100
2019-10-21,113.13727212163272,113.48018505097517,112.85966526224895,113.10460662841797,8038000
2019-10-22,113.79860329787624,113.92106774991497,113.19441626526974,113.76593780517578,6683300
2019-10-23,114.32931379803277,114.55792244318282,113.78228507869252,113.88025665283203,5995400
2019-10-24,114.04353292354739,114.50076261660047,113.51283701704142,113.6516342163086,6161700
2019-10-25,113.92111232154679,113.93744507428721,112.9250261944625,113.09648895263672,5669800
2019-10-28,112.32900032006408,112.32900032006408,111.84729005733902,112.0677261352539,11402100
2019-10-29,112.36167146498863,112.45965552919664,111.99426548437091,112.1412353515625,5296600
2019-10-30,112.48411437862103,113.85576627988759,112.48411437862103,113.78228759765625,10914100
2019-10-31,114.69674076979604,115.67649406622996,114.65591512031148,115.3172607421875,15834100
2019-11-01,115.10125092171302,115.54291695536557,114.33243503199469,114.96221160888672,11425500
2019-11-04,113.66179628543296,113.8008356254188,113.30192388548394,113.44915008544922,11124300
2019-11-05,112.23053693070611,112.41047320023878,111.82976751584255,112.17327880859375,13493000
2019-11-06,112.88483430462875,113.2038099249487,112.32866432459986,112.85211181640625,9351900
2019-11-07,111.51898958757316,111.52716397153999,109.96499551556433,110.80741882324219,19209800
2019-11-08,110.53750971711581,111.19182232607629,110.23489528346127,110.34122467041016,10222900
2019-11-11,110.72561141772678,110.73378579976486,110.12037018765005,110.41481018066406,4577000
2019-11-12,110.64384957662493,111.19183285050373,110.24308010170931,110.92192840576172,5772900
2019-11-13,111.89521341538568,112.01790405746682,111.37176579044323,111.64167022705078,6672400
2019-11-14,112.70492321468834,113.2283708233265,112.59859382419178,112.79489135742188,10213300
2019-11-15,112.44319551041828,112.99936562615686,112.40229863014731,112.67220306396484,4657600
2019-11-18,113.04026599292624,113.36741608523286,112.81124595234034,112.87667846679688,5943900
2019-11-19,113.17110726749497,113.88267799133644,113.17110726749497,113.81724548339844,7893100
2019-11-20,114.4306431160179,114.99498748779297,114.316139365221,114.99498748779297,7905500
2019-11-21,114.20973691683274,114.56960918334248,113.78443219459714,114.2751693725586,5980900
2019-11-22,114.58606523683312,114.73327902406153,114.24254144001647,114.42247772216797,4664800
2019-11-25,114.7496838895168,114.93779462691509,114.65152884741255,114.75785827636719,4157300
2019-11-26,115.32211456125009,115.57565763902213,115.27304331780653,115.4284439086914,4281100
2019-11-27,114.99500475668877,115.24854792295865,114.84777849499918,115.09314727783203,4095700
2019-11-29,115.01133806810556,115.06040932208289,114.32431555247683,114.84776306152344,6251100
2019-12-02,113.1772117684464,113.61143635471056,113.02154399196914,113.31649017333984,17702200
2019-12-03,114.73387455714752,116.1512615394669,114.64375175770195,115.69245910644531,13062400
2019-12-04,114.97965974331626,115.11074971842733,114.05386648498614,114.53724670410156,8586300
2019-12-05,113.60325735949564,114.2423053886626,113.5541017420872,113.9801254272461,7273800
2019-12-06,113.08706328399792,113.98009006029643,112.94778491074791,113.3492431640625,7931100
2019-12-09,113.8736239564231,113.97193518968577,113.52952213857537,113.59505462646484,4016900
2019-12-10,114.0292186424483,114.16850948411715,113.3983718956978,113.60319519042969,4947600
2019-12-11,114.12759724781183,114.81580084896179,114.0702406970021,114.49627685546875,6256700
2019-12-12,114.03754519636936,114.11127866335475,111.92376496607251,112.61196899414062,14857000
2019-12-13,113.16084781402023,114.38159999194302,112.43167688260564,113.91459655761719,11335100
2019-12-16,113.39025739103431,113.43942552044108,112.59554140161447,112.89048767089844,9156600
2019-12-17,113.23454117991017,113.34104081611173,112.41524781706173,112.73477172851562,6179700
2019-12-18,112.48902864472869,112.61191770039612,111.65334556190057,111.80901336669922,6244700
2019-12-19,111.60222986062364,112.30795034442313,111.40528024138902,111.9879150390625,6591100
2019-12-20,111.70886911357249,112.1684055253336,111.54473823386229,112.13557434082031,5455700
2019-12-23,112.26687649500818,112.39817619308096,111.60218899047872,111.9714584350586,5175000
2019-12-24,111.53654935533952,112.47203787727528,111.51193222487511,112.29150390625,4667400
2019-12-26,112.34892615922323,112.60331146262256,112.0206769601381,112.5622787475586,5290200
2019-12-27,112.78389334556688,112.93981021624721,112.6607951480357,112.6854248046875,7300500
2019-12-30,111.51195483278178,112.34076094311742,111.32321928714734,112.2751235961914,7979700
2019-12-31,111.77454928874191,111.97970042261481,111.09344602171208,111.17549896240234,10707400
2020-01-02,112.25044294206862,112.85769455742235,112.15197444498341,112.43097686767578,11034100
2020-01-03,113.46498455206563,114.19532203581097,113.14494930686105,114.16249084472656,12366000
2020-01-06,114.63024380443593,114.64665940032147,113.36650587129819,113.51422119140625,11369800
2020-01-07,113.42390423560195,113.62905526879884,112.94795233601417,112.9561538696289,8381200
2020-01-08,113.18594309104304,113.49777672639627,111.86478221193163,112.20943450927734,10621700
2020-01-09,111.60223199541859,112.7839046905641,111.5283805823303,112.6033706665039,7411500
2020-01-10,112.97259285083912,113.62907879728878,112.93977418815922,113.60446166992188,8776000
2020-01-13,113.14495778440327,113.31727772550056,112.74285705279034,113.25984191894531,5966900
2020-01-14,113.39111804654306,113.91631692046955,113.3582993776378,113.84245300292969,13920300
2020-01-15,114.49078777392212,114.68772491662737,114.0804853647051,114.59745788574219,6290500
2020-01-16,114.27739411494868,114.49896086687917,113.85068873081262,114.23637390136719,6798600
2020-01-17,112.89877391854702,113.35831045671519,112.71823991834786,113.25984191894531,9693100
2020-01-21,113.90816581939785,114.59747094026095,113.87534713235367,114.44976806640625,6794900
2020-01-22,114.65487229357335,114.99952471272051,114.54818969189729,114.85182189941406,6317000
2020-01-23,115.582200203063,116.0171197796447,115.52475185224372,115.65605163574219,9747400
2020-01-24,116.04988971089826,116.97717682531687,115.95142117536045,116.59149169921875,8585000
2020-01-27,118.12601152208329,118.40501403808594,117.75674201308794,118.40501403808594,10935200
2020-01-28,118.10961685642893,118.24091660067289,117.1987577494976,117.4777603149414,10612900
2020-01-29,117.70748358120588,118.74144049839418,117.69926952443717,118.62655639648438,9566800
2020-01-30,118.90554643390624,119.53741518911694,118.4049773589987,118.64295959472656,14711800
2020-01-31,119.1271888511954,119.8000907496847,119.06153896928659,119.72622680664062,14538100
2020-02-03,119.14429133166229,119.81008358506598,118.46205620198303,119.6292495727539,15309000
2020-02-04,118.35515252109894,118.47844267887649,117.59071591617689,118.01814270019531,11388300
2020-02-05,116.96604650095287,117.29482867729108,116.63725178237861,116.72766876220703,10782600
2020-02-06,116.86740480860024,117.44279244528857,116.7194565881282,117.25373077392578,6683100
2020-02-07,118.54416019683356,118.97158683152976,118.2564665395472,118.71676635742188,11374800
2020-02-10,119.26757393245694,119.39086412808659,118.92233630021867,119.04563903808594,6699300
2020-02-11,118.84835108386713,118.95521093825852,118.3140768963831,118.44559478759766,7784100
2020-02-12,117.84554290771484,117.99350366310021,117.53320361032046,117.84554290771484,5595500
2020-02-13,117.9030283594449,118.52771918743832,117.76329537985018,118.29756927490234,7883400
2020-02-14,118.98806643716038,119.2511021804556,118.73325839973973,118.81546020507812,7137400
2020-02-18,119.46485843671739,120.0484613932227,119.1196332883688,119.6292495727539,6909200
2020-02-19,119.28395426717564,119.69493813666534,119.16887928540783,119.62096405029297,5707700
2020-02-20,120.07305593141209,120.77994873051827,120.00729700332859,120.55801391601562,9332900
2020-02-21,121.48684067879772,122.3745673883581,121.36353798616732,121.6841049194336,13860300
2020-02-24,123.97737595798547,124.08423576065837,123.2951413375169,123.5006332397461,15929300
2020-02-25,123.46782166366555,124.7418620594407,123.4102778820568,124.15827178955078,20802900
2020-02-26,123.25404044862499,124.70892662823219,122.9499164468395,123.5006332397461,22589500
2020-02-27,125.51449942391758,125.82685124839747,123.97742342031744,124.84049224853516,30687900
2020-02-28,126.95292772731929,128.21053749286727,126.71456257728201,127.65982055664062,44935200
2020-03-02,127.84009317080617,128.82790848731221,126.57238659000825,126.72056579589844,28152400
2020-03-03,126.61359704107721,131.46213758545272,125.41998588296254,128.68801879882812,38608000
2020-03-04,128.75392812773666,129.52772138869827,126.926462678459,127.32158660888672,23463700
2020-03-05,129.34653123099605,130.73771017056802,129.08310708493892,130.49075317382812,17786200
2020-03-06,137.71823699792736,139.3892940684178,135.09228658408523,137.28195190429688,76288300
2020-03-09,147.4318043277005,147.9257056666374,140.22072670815027,141.00274658203125,41552800
2020-03-10,139.64454282540558,142.35280508662737,133.38012959764623,133.77525329589844,37728300
2020-03-11,136.17892660132912,137.49602219087774,128.11175693779575,128.8526153564453,29519300
2020-03-12,134.5984724262138,136.9445459435886,128.1365018326316,129.65115356445312,24361800
2020-03-13,127.59313620149135,130.22731456575858,125.2799981291074,126.72056579589844,19812900
2020-03-16,132.02182892067373,136.77157626601,129.90624682220198,134.9276580810547,30496700
2020-03-17,134.59021936330214,136.3436005524314,125.70809359382707,125.93034362792969,18570900
2020-03-18,125.81513954911789,126.88527870961354,114.43053046752678,118.82633209228516,47061000
2020-03-19,120.96656045947616,126.31724204719701,119.56715394099291,122.06139373779297,21175300
2020-03-20,126.19375760623063,131.23985290527344,125.21416936975199,131.23985290527344,20863100
2020-03-23,129.65116179133037,137.21620619382867,128.88560857944168,136.64820861816406,19971800
2020-03-24,132.73802307785252,136.19538302726448,132.0465536001208,134.10450744628906,11948600
2020-03-25,134.66430063251693,137.20792924743304,133.04263156613194,133.79995727539062,10750600
2020-03-26,135.00172242903784,136.38466087354172,133.57762241066803,134.4584197998047,10576200
2020-03-27,136.25306177965578,138.50034468758926,135.48749613626688,138.04759216308594,12550000
2020-03-30,138.54151775607775,140.0314750012078,136.59880794897916,136.91162109375,13473200
2020-03-31,136.40124277595592,137.4055257316404,135.46281588171496,135.80032348632812,11464800
2020-04-01,138.8900844525378,139.28579176569013,137.17539049893747,137.70298767089844,11334700
2020-04-02,139.1785542619414,139.50005844144513,137.88428578361675,138.57676696777344,5771200
2020-04-03,138.94773046397782,140.41510979434784,138.60973534501883,138.90650939941406,6570800
2020-04-06,137.66996144899483,138.7169161749215,137.2825060601614,138.54379272460938,9434800
2020-04-07,135.98825655729985,137.1918312692542,134.9577927249876,137.09291076660156,13811400
2020-04-08,136.11182784786033,137.00214958949005,135.30394819632292,136.0953369140625,10147100
2020-04-09,135.42764497834017,136.67244045868196,135.0154595449805,136.3426971435547,14259100
2020-04-13,135.8151450320483,136.60654685951786,135.0979461669922,135.0979461669922,8750300
2020-04-14,135.0649871826172,135.80692888023876,134.76821301935004,135.0649871826172,9019100
2020-04-15,137.50512223984927,138.98899295409174,137.45566197919229,138.6427459716797,10027800
2020-04-16,139.53297967418771,140.40682317946022,139.33513875736259,140.2172088623047,8265400
2020-04-17,139.99467054091502,140.83551979168516,137.89252225618668,138.33767700195312,8612100
2020-04-20,138.85695279139316,139.55766008709847,138.4612585197658,139.45050048828125,6462600
2020-04-21,141.73406347571836,141.9154260553043,140.78604210152815,141.2064666748047,7850700
2020-04-22,140.11827986451803,140.4645140267597,139.07957737779304,139.7637939453125,6230200
2020-04-23,140.03593123716286,140.90976269353274,139.8215992543062,140.50582885742188,5968600
2020-04-24,139.82152250130355,140.8354949951172,139.7885532062337,140.8354949951172,6211800
2020-04-27,139.86277691674252,139.9369672825213,138.0326724207856,138.2140350341797,9039500
2020-04-28,138.94769837020112,140.01938290681022,138.8652562601158,139.80503845214844,9905400
2020-04-29,139.75564395855415,140.35743139277713,138.461387757918,139.0796661376953,8619600
2020-04-30,139.10433858624177,139.50827224303669,137.43086680520398,137.45559692382812,11606100
2020-05-01,138.2612904820133,138.76480971533883,137.38632552464642,138.6327362060547,10209400
2020-05-04,138.31076187171422,138.40981066809107,137.41928491866767,137.9805908203125,8300900
2020-05-05,136.66810084404412,137.24590629962734,136.4204663358758,137.09732055664062,7831800
2020-05-06,134.73657659416614,135.07501003942517,133.76256337538044,134.88516235351562,14721500
2020-05-07,135.00894393343987,137.3284279668471,134.82734615333135,137.13858032226562,9164800
2020-05-08,135.77666494190723,136.52780596210604,135.10804779052043,135.35568237304688,8129800
2020-05-11,135.09154617601217,135.55379067284971,133.80386147904537,134.2991180419922,8713500
2020-05-12,134.67880634460224,136.13982621622503,134.65404414984363,135.67758178710938,10057300
2020-05-13,136.2719005276282,137.2624261099877,136.05729063993542,136.62684631347656,13305600
2020-05-14,138.1126513276079,138.7977555652607,137.8897789614413,137.9640655517578,10080000
2020-05-15,138.92162386805805,139.07845956158405,137.29550524869018,137.6091766357422,7225600
2020-05-18,136.1398624095915,136.2471736788854,134.06801179427492,134.58804321289062,10073100
2020-05-19,134.15053621185143,135.12454953956913,134.11751155265117,135.09153747558594,8639100
2020-05-20,134.68704400206246,135.94996620113545,134.44767194268894,135.4959716796875,10927300
2020-05-21,136.082046153329,136.4947661753159,135.61153928256047,135.83441162109375,8920000
2020-05-22,135.96649453242517,136.75890997657737,135.8756956174477,136.651611328125,4956700
2020-05-26,135.13283944082877,135.19886358220143,134.53025894263152,134.8191680908203,8098900
2020-05-27,134.37342299375192,135.29792470894003,134.2083374502175,134.571533203125,8047400
2020-05-28,133.68833328450572,134.19185243441848,133.4406986444268,134.07627868652344,10272600
2020-05-29,134.3074343738559,135.44653374216375,134.01027527881408,135.0338134765625,14632700
2020-06-01,133.97588484615116,134.25689230141467,133.62048267862667,134.12464904785156,13341400
2020-06-02,133.62042933767708,133.9675582811491,133.27330039420505,133.636962890625,11517100
2020-06-03,132.38896089279507,132.51294364406948,131.36410743947775,131.86000061035156,12255700
2020-06-04,131.3476412525831,131.42202337465395,129.9177969233141,129.9508514404297,14038600
2020-06-05,127.78545471367248,129.0665351353434,126.58702952362589,129.02520751953125,17778500
2020-06-08,128.1655347610972,129.63670574612013,128.14900120749968,129.52099609375,10346700
2020-06-09,131.45502618163547,131.9426588918294,130.83515024485763,130.9921875,9095300
2020-06-10,131.61208412032968,132.98406682467558,131.45504684050806,132.93447875976562,13135500
2020-06-11,134.92632168967714,135.7362893392235,134.41389497832847,135.447021484375,17086400
2020-06-12,134.2321052403161,135.2652320660471,133.9345642100491,134.1411895751953,9716100
2020-06-15,135.45528220504008,135.7280291165061,134.0089050939191,134.2155303955078,7759800
2020-06-16,131.7525542372015,133.25677980525347,131.1657328588152,132.15753173828125,13698900
2020-06-17,132.46341456815864,132.87666536692623,131.69476152451588,132.70309448242188,7113900
2020-06-18,133.92621625675721,134.2898787139459,133.57082688085288,134.10804748535156,7691400
2020-06-19,133.06669422313087,134.30644603266316,132.99231214129676,134.2155303955078,8565500
2020-06-22,134.87675622045165,135.06684799820115,133.9510787516788,134.23208618164062,9319700
2020-06-23,133.46346148526428,133.942833878678,133.1659204345734,133.314697265625,9088600
2020-06-24,133.50478511439619,134.7941254252545,133.49652463957702,134.74453735351562,11436500
2020-06-25,135.7197865709315,135.83549625064825,135.0503099117747,135.13296508789062,10968000
2020-06-26,135.75278370174806,136.63714578907806,135.69492258063875,136.57928466796875,12119300
2020-06-29,136.2487706600918,136.5958997597556,135.86031396516555,136.1495819091797,7274400
2020-06-30,136.56288869872566,136.61247678883217,135.1165105506753,135.48843383789062,14841700
2020-07-01,134.72049264954936,135.34109562849602,134.17435899778832,135.22525024414062,13181000
2020-07-02,134.62938159013711,135.4899575574239,134.24875241806888,135.36582946777344,7599800
2020-07-06,134.32327314959574,134.89422975259856,133.84333879672664,134.8114776611328,7972700
2020-07-07,135.22518110681372,136.81392240548863,135.04313664930157,136.70635986328125,12791900
2020-07-08,135.9699636336312,136.46643837621696,135.56449852825097,136.1602783203125,7253900
2020-07-09,136.25125549511,138.55989195572,136.20160929990027,138.3282012939453,13373100
2020-07-10,138.97364615272846,139.18879652975025,137.49247974556596,137.63314819335938,8478000
2020-07-13,136.94631344082757,138.15442544725033,136.72289295909465,138.08822631835938,8054000
2020-07-14,138.95708365037132,139.13085797168822,138.17098937798394,138.28683471679688,11344600
2020-07-15,137.29392807720214,138.14622183253596,137.2194587493458,137.64146423339844,7840300
2020-07-16,138.51854342084874,138.82471606242345,138.22065356424963,138.29513549804688,9107400
2020-07-17,138.41095814926553,138.51852070053587,137.74897939582584,138.0054931640625,8549900
2020-07-20,138.60952571404752,138.70054793916296,138.0220289551876,138.34474182128906,6907200
2020-07-21,138.43575775779752,138.7832937034893,138.25371331583622,138.42747497558594,8454400
2020-07-22,139.23020554643085,139.39570977563505,138.7585538465588,138.84129333496094,6592100
2020-07-23,139.7762870979077,140.5706641729016,139.41219813129365,140.4630889892578,10471800
2020-07-24,139.8507562922515,140.60375732480028,139.73491095079746,140.45481872558594,7520700
2020-07-27,140.8768178292241,140.91819386924402,139.83420980217358,139.93350219726562,6146400
2020-07-28,140.28933966248076,140.95131857190339,140.19831740460768,140.90167236328125,8520700
2020-07-29,140.71134359134376,140.99268049614915,139.8259442056256,140.6616973876953,6733700
2020-07-30,141.53882425173606,141.7125859771052,141.29058058929726,141.58847045898438,9376100
2020-07-31,140.79408164228698,141.87807845791573,140.62031993126138,141.4974365234375,8886000
2020-08-03,140.19685331554786,140.8181463702264,139.9731842765965,140.78500366210938,9066200
2020-08-04,141.51406119588356,142.1353545562962,141.42293766407985,142.1270751953125,9878900
2020-08-05,140.87612267596583,141.29031803259997,140.5696221569331,140.88441467285156,6954100
2020-08-06,141.96963847010377,142.69033451829398,141.34005328755399,141.67141723632812,9481800
2020-08-07,141.8868237595393,142.0690708091146,140.47856144574865,140.72708129882812,8176900
2020-08-10,141.00866216973222,141.0335128788442,140.0560179464698,140.09742736816406,6408500
2020-08-11,138.48207446739332,138.74716556380994,137.41345600553186,138.432373046875,19234200
2020-08-12,137.26437179708256,137.57088503034888,136.67622132721237,137.17324829101562,11744800
2020-08-13,136.94127966269363,137.16494871557163,135.16852387524062,135.7069854736328,12744700
2020-08-14,135.69867851584414,135.98032832012717,135.16022961705366,135.17678833007812,6398100
2020-08-17,135.83122623165963,136.23714223154508,135.38388816807333,135.5164337158203,6901500
2020-08-18,136.154335934665,136.57681076522422,135.9306668407253,136.48568725585938,8140600
2020-08-19,136.99099152566572,137.18980988117727,135.27622903025338,135.63243103027344,12497700
2020-08-20,137.0075637600645,137.22294083306798,136.62649840295222,136.85845947265625,10319900
2020-08-21,137.3223259086428,137.78622266479454,136.69274090508952,137.67852783203125,6836000
2020-08-24,137.77793371896678,138.3163825648292,137.39686847279995,137.45484924316406,6490600
2020-08-25,136.1460785961202,136.7590799035015,135.7153116967007,136.4028778076172,10518300
2020-08-26,135.89749176280122,136.12944013887707,135.25962740847342,135.88092041015625,8276600
2020-08-27,136.4856590833178,136.5353731474537,133.50345988740784,133.56973266601562,19860100
2020-08-28,134.00882922047805,134.24077771281745,133.07274325052234,133.47036743164062,8415400
2020-08-31,133.86795717780066,135.23479692987786,133.83481446755277,134.35670471191406,11388100
2020-09-01,134.15184201020105,136.0675967396931,133.6708311506094,135.8934326171875,10587000
2020-09-02,135.6031931772314,137.3033153054222,135.58661575582946,137.1872100830078,15167700
2020-09-03,137.4608753802395,138.6965764928289,137.2037861749904,137.5769805908203,16416600
2020-09-04,136.34955793501544,136.5900570256279,134.7240726054567,134.96458435058594,13780300
2020-09-08,136.31642779551626,137.05452806406328,135.79396057128906,135.79396057128906,13790400
2020-09-09,135.95976923335195,136.21685838732077,134.9811575212102,135.4290008544922,9558900
2020-09-10,134.7323816829493,136.2998081794602,134.30941709126833,136.1173553466797,8847700
2020-09-11,136.2666697863422,136.4823028299798,136.07592818618085,136.40765380859375,5458200
2020-09-14,136.66468510545744,136.90519683605035,136.20026436922893,136.39930725097656,4274900
2020-09-15,136.1505520238364,136.39935254501097,135.8354038533806,136.067626953125,6928500
2020-09-16,136.65642896086982,136.74765538826102,135.16363862834072,135.66123962402344,8815200
2020-09-17,136.7559537193749,136.80572394605983,135.8437020358024,136.07591247558594,7813900
2020-09-18,136.1505118248986,136.2085707463226,135.46216940317663,135.65292358398438,7246300
2020-09-21,136.74772915762995,137.17068137396103,136.12573390474708,136.3413543701172,11086900
2020-09-22,136.37450454892135,136.73941037509633,135.9017821865066,136.2335205078125,10524100
2020-09-23,136.2583500084633,136.4490915651363,135.57829618668887,136.41592407226562,6224800
2020-09-24,136.80565665772528,136.93833923339844,136.5236761299499,136.93833923339844,8278100
2020-09-25,136.93005052695437,137.18713962637028,136.59832510600103,136.93833923339844,5140300
2020-09-28,136.7310979178201,136.75597670808477,136.3164345407131,136.54864501953125,4470100
2020-09-29,136.67302452100031,137.03793024521156,136.47398158383433,136.70619201660156,10297600
2020-09-30,136.00947304836612,136.00947304836612,134.8069527992676,135.39576721191406,12971000
2020-10-01,134.9135080500572,135.9346458429002,134.5731414534079,135.61917114257812,11523900
2020-10-02,135.82666151238442,135.87647061972677,134.63948956101032,135.11270141601562,8828800
2020-10-05,133.61841092828814,133.61841092828814,132.43125123521634,132.47276306152344,14726000
2020-10-06,132.27350973111933,134.0002977765528,131.73388134137923,133.18670654296875,22419400
2020-10-07,132.46451250347218,133.17847316620703,131.88338467744066,132.2154541015625,9429200
2020-10-08,132.80481375398497,133.03726474762198,132.54745820157467,132.92933654785156,8431500
2020-10-09,132.43125011635394,133.05388950280744,131.8418125900871,132.90444946289062,8441500
2020-10-12,133.18670760214806,133.39425406116854,132.92105472176976,133.32785034179688,3962000
2020-10-13,133.83432829861098,134.3490397098231,133.80941105737614,134.28262329101562,7914300
2020-10-14,134.7641121120804,135.11278875649714,134.46524460720394,134.5897674560547,6954800
2020-10-15,135.353489731789,135.47802520464288,134.19123465760114,134.35726928710938,9458800
2020-10-16,134.20787264041084,134.75579844407295,133.7429705043217,133.9837188720703,8416300
2020-10-19,133.24485910342702,133.64334485474285,132.87127791984133,133.47731018066406,9286600
2020-10-20,132.71349082654854,132.8380136185485,131.95801877473838,132.2070770263672,11189000
2020-10-21,131.82518669804625,132.30669594231088,131.47651021101922,131.75047302246094,10453700
2020-10-22,131.41014464345417,131.692417528635,130.31430564159908,130.38072204589844,12664900
2020-10-23,130.1814679071055,131.34373593691518,130.13165877267417,131.1776885986328,8783800
2020-10-26,132.17396063610866,132.84640948297871,132.00791324923554,132.39810180664062,7227300
2020-10-27,133.02072655687974,133.4109150704391,132.746763600489,133.28639221191406,6062300
2020-10-28,133.97539109658422,134.04180748200804,132.9957652461207,133.41085815429688,11765800
2020-10-29,133.43577623289517,133.5187998899931,131.55956065821843,132.11578369140625,11932400
2020-10-30,132.02447286101045,132.2901384499933,130.81240844726562,130.81240844726562,13095400
2020-11-02,131.89199208420706,132.29922461015784,131.58449747799605,131.79226684570312,10810500
2020-11-03,131.18547925439913,131.29351061623785,130.51229638748885,131.02757263183594,16228700
2020-11-04,134.33533534477564,134.77580530281827,133.42114523493248,133.86993408203125,21570800
2020-11-05,134.3353159542285,134.41842874539313,133.45437616530197,134.1026153564453,18537500
2020-11-06,132.65657482221775,132.90590058653186,132.09144825892528,132.4820556640625,12408400
2020-11-09,129.6230668392687,129.7726545962782,128.50942682188492,129.69786071777344,23245000
2020-11-10,128.78373825551986,129.49014632033737,128.63413775393735,128.949951171875,12561000
2020-11-11,128.83365348794567,129.5982433604832,128.79209707157386,129.4154052734375,5888200
2020-11-12,130.42931722469822,131.64268338805627,130.23817293235174,131.6177520751953,15999700
2020-11-13,131.60940445550918,131.72575477266471,131.2354221990259,131.4431915283203,7344600
2020-11-16,131.0858087143119,131.54290372976826,130.98608350411493,131.1273651123047,6310400
2020-11-17,131.95019143149563,132.2743111816845,131.80059087228054,131.98342895507812,7444600
2020-11-18,132.5069279401865,132.61497201554354,131.60105699194048,132.3656463623047,10333300
2020-11-19,132.9474701914393,133.57077832348097,132.83942605722308,133.0471954345703,10637200
2020-11-20,133.41282752350986,134.25221096563803,133.29647721785614,134.22727966308594,7246800
2020-11-23,133.65392214401075,133.79520383162463,133.20513308336496,133.61236572265625,11300000
2020-11-24,132.9640823518047,132.98901366016105,132.1496173413802,132.2825927734375,10891700
2020-11-25,132.3490711399243,132.89758524748552,131.8254883389582,131.87535095214844,9145800
2020-11-27,132.64826991849176,133.1967840691333,132.62333860993854,133.1552276611328,4708200
2020-11-30,132.99728936143194,133.41282798036568,132.7728949564627,132.98898315429688,13071600
2020-12-01,131.90167602109204,132.05974375989496,130.34596805502144,131.0281524658203,13662800
2020-12-02,130.51235210119486,130.55393818121553,129.34764989485294,129.9882354736328,12114300
2020-12-03,130.562262775115,131.294360563861,130.26276937918828,131.0364532470703,9626500
2020-12-04,129.522347956866,129.60553280354907,128.75697881890443,129.1147003173828,12734500
2020-12-07,130.07145299540676,130.51237214230653,129.93001460262857,130.27943420410156,9316100
2020-12-08,131.08635605674266,131.50231832736378,130.77853534445347,130.89500427246094,7397200
2020-12-09,130.23780964603023,130.87839519638783,129.7885632154344,130.46243286132812,7750100
2020-12-10,130.81183700272777,131.68534773301488,130.47074484841144,131.61880493164062,10025100
2020-12-11,131.98483143744207,132.60046020539377,131.71030749295633,132.0846710205078,8135900
2020-12-14,131.0198142884739,132.0181213036594,130.70367886756958,131.7186279296875,7535900
2020-12-15,131.2611136844337,131.76858839657976,130.87010795405064,131.2777557373047,6847500
2020-12-16,130.2627415433263,131.3525606224039,130.10467385506428,130.92828369140625,9954200
2020-12-17,131.68943276194116,131.96425570888408,130.2736758763442,130.58181762695312,9422700
2020-12-18,130.84834538908032,131.0648795583416,130.06551845462195,130.19044494628906,6505000
2020-12-21,130.91495467897954,131.03154509950573,130.29036041743154,130.70675659179688,8988200
2020-12-22,131.21477644886556,131.4396339685417,130.81503963075585,131.38133239746094,7370800
2020-12-23,130.43197538145196,130.4902769640959,129.46594560504033,130.47361755371094,9266600
2020-12-24,130.66515584735683,131.1065349154875,130.623526382648,130.9899444580078,3117100
2020-12-28,130.2320847471192,131.12316604263526,129.99890388245683,131.0482177734375,7791100
2020-12-29,130.2403687765274,130.98987665703262,130.21538602767058,130.88162231445312,9030900
2020-12-30,130.59851741721587,131.18979293743948,130.481914275725,131.16481018066406,9097300
2020-12-31,131.1315089404429,131.6478362095014,131.1231728829389,131.35635375976562,7742100
2021-01-04,130.47362508379035,131.73113743118338,130.36535797114988,131.19815063476562,13152900
2021-01-05,130.7067760418414,130.7067760418414,129.63247934337352,130.2237548828125,10458100
2021-01-06,128.1001680343969,128.125150796624,126.82598362377806,127.55052185058594,22827300
2021-01-07,126.40962537440218,126.7260907344488,125.96824616560602,126.42628479003906,14651900
2021-01-08,126.15141800396952,126.55116759659357,125.46853468786475,126.01818084716797,13622500
2021-01-11,125.75167309326253,125.92656511729973,125.32695347403741,125.80997467041016,8370700
2021-01-12,125.57674926251885,125.88489106421234,124.86054735377016,125.70999908447266,12186300
2021-01-13,126.30129138342488,127.47553165165367,126.22634312138548,127.12574768066406,12533300
2021-01-14,127.06748912623978,127.1174546461816,125.57678334181081,125.93489074707031,14835500
2021-01-15,126.74266124791653,126.8842344129981,126.14304977968756,126.43453216552734,11624700
2021-01-19,126.26797681441103,126.88424775137523,126.17636914415152,126.84260559082031,9575600
2021-01-20,126.57613868716558,126.98419888599489,126.40957001856026,126.9675521850586,5368900
2021-01-21,126.11809632844977,126.37625996636596,125.83494993250329,126.07645416259766,8162700
2021-01-22,126.45959059708092,126.59282778622119,126.10148308852942,126.48457336425781,9507200
2021-01-25,127.2173451780937,127.99184861279565,127.11741417002963,127.97518920898438,8712600
2021-01-26,127.50056083295364,127.91695716133376,127.3506515468849,127.7337417602539,7690300
2021-01-27,128.30832719221655,128.6664218135681,127.85861219400394,128.05848693847656,7895200
2021-01-28,127.75040683549575,127.80038507631089,126.71775192535056,127.35066986083984,10667800
2021-01-29,126.10147423391449,126.99256855868475,126.00154317222386,126.5844955444336,14965900
2021-02-01,126.4477493753427,127.03137746803374,126.30601203298474,126.7312240600586,8165500
2021-02-02,125.68067995262594,125.97248760646355,125.49725218295114,125.91413116455078,9177500
2021-02-03,125.42218575053548,125.55559005823294,124.71349921989581,124.79686737060547,9633100
2021-02-04,124.36332440557972,124.63846602372325,124.06317106961723,124.46337127685547,8262600
2021-02-05,124.31332315240404,124.70519043100582,123.41286298383854,123.42119598388672,10258900
2021-02-08,123.64635342249633,124.44675423365302,123.4295681311127,123.96317291259766,11574800
2021-02-09,124.41339322855846,124.78858185485059,123.94649069609359,124.05487060546875,5218300
2021-02-10,124.46337770480625,124.88025665283203,124.34665210824446,124.88025665283203,8079800
2021-02-11,124.79686528041206,124.8885791501511,124.02147660891046,124.19657135009766,11962700
2021-02-12,123.14601251147887,123.46284451567756,122.5873963665881,122.65409851074219,14088400
2021-02-16,121.07833466357577,121.44519020968207,120.61143223112673,120.78651428222656,17789100
2021-02-17,121.68696266659971,122.04548517824428,120.87821648778262,121.55355834960938,11199100
2021-02-18,120.56976938814329,121.3951945558356,120.32798511675423,121.06168365478516,10755300
2021-02-19,120.11113952675963,120.32792468410076,119.10229977283721,119.45247650146484,12741700
2021-02-22,119.25240820487852,119.84438199494298,118.16018723768218,118.54370880126953,13203900
2021-02-23,117.99349520936698,118.8105748991044,117.67666293855,118.20193481445312,12658500
2021-02-24,116.18419932477325,117.70996549169992,116.0257832461393,117.4264907836914,17363100
2021-02-25,116.32588078896568,116.65937878849189,113.89964276769287,115.5087890625,52621700
2021-02-26,117.36811472938919,119.47752140681601,116.45930885986708,119.32743835449219,45423300
2021-03-01,117.4175272724457,118.04359824615247,116.94170721845421,117.75142669677734,22048000
2021-03-02,117.20043405353393,117.80981872718702,117.10860983815068,117.75973510742188,12482200
2021-03-03,116.34906045203984,116.99181762782297,115.83149966721966,116.48261260986328,19763700
2021-03-04,116.55768016591885,116.81645403273286,115.16363085239942,115.73126220703125,22366600
2021-03-05,115.338937252469,116.31560619060188,115.18868637157621,115.9566650390625,20598000
2021-03-08,115.88989114887461,115.94831780548304,115.05513000488281,115.05513000488281,15236600
2021-03-09,116.25721255237627,116.71633382566618,116.0067816089957,116.64955139160156,14463400
2021-03-10,116.69962939262628,116.991788197911,116.26554996090906,116.8832778930664,12387600
2021-03-11,116.17371835663698,116.34902381866762,115.58104501882652,116.04015350341797,14150700
2021-03-12,113.86138370830666,113.91148006265567,113.23531302207161,113.57756805419922,20402700
2021-03-15,113.93659521946613,114.43744444841879,113.86981277478264,114.24545288085938,11366500
2021-03-16,114.3789867340173,114.46245521413617,113.31883641068856,113.78630065917969,15567900
2021-03-17,112.81794079660348,113.13515404342314,111.98317982071315,112.93480682373047,27107500
2021-03-18,111.28201676238213,112.2503428394608,111.18184949145862,111.79122161865234,21615100
2021-03-19,111.92477376657885,112.55084461367434,111.69104166932539,112.48406219482422,18685000
2021-03-22,113.26876056310945,113.86978970605007,113.00163083849303,113.74456787109375,17047500
2021-03-23,114.02002384149726,114.81304439638454,113.65272689293194,114.77131652832031,16768400
2021-03-24,114.41233117807504,115.43074053300786,114.3205069661568,115.38899993896484,13863000
2021-03-25,115.52257725341518,115.74796629569921,114.43738537799993,114.4791259765625,20782000
2021-03-26,113.87814389783345,114.5626543311866,113.71119417230386,114.0784912109375,8433300
2021-03-29,114.22037181820089,114.23707060799745,112.66771554067815,113.11013793945312,13968100
2021-03-30,112.94317655581584,113.95323032861316,112.70108870989556,113.70281219482422,15020800
2021-03-31,113.81133445110035,114.02002474284907,112.67605875448947,113.06839752197266,19271300
2021-04-01,114.14255523019433,115.03696479222037,113.9335794838025,114.94501495361328,14885900
2021-04-05,114.14251781199032,114.49359542025425,113.63261664775536,114.44344329833984,8243000
2021-04-06,114.65240988945307,115.33784342606441,114.52701683974195,115.22081756591797,9282400
2021-04-07,114.89481572307666,115.43816009391414,114.4183578491211,114.4183578491211,11052700
2021-04-08,114.844705071232,115.4131257062037,114.81962900327835,115.36296081542969,7847900
2021-04-09,114.93666051550984,115.51343561633009,114.59393723025907,114.94501495361328,8717800
2021-04-12,114.90322650668062,114.9617330813564,114.60230093085207,114.89485931396484,7659000
2021-04-13,114.76946200328516,115.78089729273333,114.6858666176885,115.75582122802734,13232800
2021-04-14,115.37967656858928,115.55522179018978,114.9951683763079,115.38803100585938,7293200
2021-04-15,116.60005485442728,117.84554152887723,116.57497879754983,117.31893157958984,23896700
2021-04-16,116.27407927767673,116.80068934434563,116.13196458387905,116.4078140258789,15238400
2021-04-19,115.97315918539284,116.44961714936305,115.81433561244793,116.0734634399414,13886800
2021-04-20,115.73074369569305,116.82577435685134,115.71402206781276,116.60844421386719,11476500
2021-04-21,116.64192320229787,116.95121604976285,116.2490604452865,116.84254455566406,11902200
2021-04-22,117.02640773714842,117.35240936279297,116.35768285624862,117.35240936279297,14156400
2021-04-23,117.34404073729549,117.41926892914846,116.60008774539855,117.07654571533203,12302200
2021-04-26,117.1517995667886,117.45272515497648,116.90103887235492,116.90939331054688,9103500
2021-04-27,116.68366194721766,116.87592876344345,115.797607071964,115.88955688476562,14137300
2021-04-28,115.89793184052566,116.09855312803072,115.32116955432241,115.96480560302734,15263700
2021-04-29,114.89484143585979,115.65551607234944,114.62735916278181,115.62208557128906,17178200
2021-04-30,115.78088544558267,115.96478507118593,115.33785800795584,115.88955688476562,15692000
2021-05-03,116.10968421491962,116.90495348739624,115.75809188730565,115.9590072631836,16447700
2021-05-04,116.7710921493121,117.33196687040183,116.49483813321045,116.74597930908203,18639700
2021-05-05,116.38597630686859,117.07242781982217,116.29389165936426,116.93848419189453,11127900
2021-05-06,116.57016780196989,117.35707079894647,116.52830881357478,117.13104248046875,21907600
2021-05-07,117.28169326329902,117.70025746085031,116.28550842935644,116.55338287353516,18346900
2021-05-10,116.31900870304369,116.57014982110614,115.26423133546282,115.37306213378906,15146200
2021-05-11,114.8791339644002,115.08841607753325,114.4940620294326,114.72007751464844,15158600
2021-05-12,114.4103540588314,114.51918485469905,113.31371773408628,113.51463317871094,20859400
2021-05-13,113.79086575665227,114.15920432385929,113.53973743679896,113.69041442871094,13073900
2021-05-14,114.29313975123932,114.7535629272461,114.03363199028071,114.7535629272461,17566700
2021-05-17,114.54431077949428,114.82893144506527,114.3266619364522,114.51081848144531,6113800
2021-05-18,114.18431929215451,114.32664237415632,113.90807813514759,114.21781158447266,11423100
2021-05-19,114.30154091635738,114.93776686914742,113.53138408670009,113.94158172607422,14296000
2021-05-20,114.48569133652659,115.09680435063875,114.41035283568563,114.87914276123047,13310500
2021-05-21,115.23909272653187,115.2725722404538,114.73681060274784,115.2474594116211,10171600
2021-05-24,115.51537951439462,116.00928232018092,115.43166154540059,115.67442321777344,6868700
2021-05-25,116.05116092438467,116.77945883819852,116.04278146192743,116.74597930908203,12346900
2021-05-26,116.85482333575172,117.12271072251839,116.26046895342033,116.54508972167969,9793700
2021-05-27,115.94228167310096,116.10133811050241,115.51535079394353,116.07622528076172,10695200
2021-05-28,116.00924915572365,116.61198259418039,115.80833375171639,115.89205169677734,10258000
2021-06-01,115.5391392850729,115.90799531231475,115.06128300785264,115.8660888671875,11778500
2021-06-02,116.15111626109868,116.35230812685423,115.95830312576467,116.13434600830078,7347900
2021-06-03,116.11760744240655,116.11760744240655,115.56431686863856,115.69844055175781,10994000
2021-06-04,116.12599085162012,117.28288269042969,116.12599085162012,117.28288269042969,15773700
2021-06-07,117.02300501412336,117.12361376258738,116.79666411198447,116.92240905761719,7799800
2021-06-08,117.92002085370255,117.92002085370255,117.54277324856038,117.74396514892578,11230900
2021-06-09,118.8421621105983,119.1691116907593,118.41461659560473,118.78348541259766,12768300
2021-06-10,118.06249735610207,119.51281059442519,117.9367396676295,119.49604034423828,19698300
2021-06-11,119.3032455444336,119.37869249392176,118.90922775227784,119.3032455444336,8646700
2021-06-14,119.12724133649373,119.12724133649373,118.21344774775422,118.3895034790039,9401300
2021-06-15,118.03737247329563,118.28048358684747,117.76909958335041,118.24695587158203,18207300
2021-06-16,118.5403418931976,118.76669550105967,117.54273585667096,118.14632415771484,19676300
2021-06-17,118.92600987838193,121.49968748397193,118.74157545547183,119.91523742675781,35225800
2021-06-18,120.95476798759488,122.43023048437118,120.82063154462742,122.17034912109375,26616900
2021-06-21,121.04698129086525,121.13081976300597,119.89846841587551,120.12480926513672,16485000
2021-06-22,119.1858843840583,120.45176349378752,119.14396514636812,120.4182357788086,14530200
2021-06-23,119.97391867240576,120.30086825563833,119.6385903585101,120.1080551147461,12040900
2021-06-24,120.23380457902918,120.63620112930467,120.15835762434422,120.30087280273438,8788400
2021-06-25,120.0996825784254,120.21704878603857,118.51523237966902,119.05176544189453,15562200
2021-06-28,119.64704440460345,120.55244677240071,119.63027414076555,120.27579498291016,11460700
2021-06-29,119.965559891225,120.48532270178295,119.9152491230146,120.47694396972656,11217900
2021-06-30,120.92958928013826,121.49964983470136,120.77869541285465,121.013427734375,15708900
2021-07-01,120.86064086537694,121.137653186335,120.48290144902819,121.02013397216797,10810000
2021-07-02,121.070546863586,121.75048065185547,120.9698197271428,121.75048065185547,9650200
2021-07-06,122.32126375650894,123.38733928685636,122.32126375650894,123.17748260498047,20037200
2021-07-07,123.87423419139819,124.70525862762209,123.58042965196995,124.26875305175781,20964400
2021-07-08,124.97392027090578,125.44399743334733,124.37792134868323,124.75566101074219,17487800
2021-07-09,123.28663806476989,123.38737801356088,122.96766451807666,123.00123596191406,14483600
2021-07-12,123.47126770500181,123.58878692825415,122.6989966938243,122.8416976928711,10610400
2021-07-13,123.24463817932914,123.78187077214622,121.41468125437899,121.90155029296875,23340200
2021-07-14,122.56473622270707,123.32861789522444,122.39685337818369,123.2866439819336,16038600
2021-07-15,124.19319435278923,124.73882946611882,123.42092322229367,124.64649200439453,18462400
2021-07-16,123.68112804268536,124.52055475041414,123.66434873074803,124.41143798828125,12787900
2021-07-19,126.71155518214645,127.55098252725327,126.43454262122383,127.1396713256836,40203900
2021-07-20,128.0377887219113,128.1888922299375,125.71257253732766,125.9140396118164,25674800
2021-07-21,124.38631862583901,124.65494148290696,123.11878814173703,124.31917572021484,19988900
2021-07-22,124.32752839000008,125.75455166982256,124.28555447999139,125.49433135986328,18136900
2021-07-23,124.18482256389414,124.7892109805715,124.14284865550073,124.65489959716797,12639300
2021-07-26,125.07462404387805,125.12498761491605,124.13446989479613,124.28556060791016,10737700
2021-07-27,125.35160378076358,125.653797936769,125.06620174693522,125.61182403564453,13036500
2021-07-28,124.79760442462803,125.63703138340696,124.46183876457202,125.6202392578125,14346700
2021-07-29,124.88996158092164,125.2593115503638,124.6801048081605,124.92354583740234,11532000
2021-07-30,125.18371721455568,125.67897593045367,125.1249511930241,125.51109313964844,14342100
2021-08-02,125.60522724667464,127.10122695050747,125.37830219687505,126.63057708740234,21232700
2021-08-03,126.69786071777344,127.10127320091023,126.39529814935794,126.69786071777344,13361900
2021-08-04,127.32821233070986,127.59716256520166,125.83221191804506,126.95841217041016,18267900
2021-08-05,126.70623076703227,126.84070583783019,126.06749341711505,126.31121826171875,15345400
2021-08-06,124.6555255068766,125.02531266138735,124.12603800781505,124.20167541503906,21144300
2021-08-09,124.51264825869502,124.85723579746113,123.73943588523674,123.7562484741211,12942400
2021-08-10,123.95796582107535,124.0252033549431,123.1763407110801,123.18475341796875,13716900
2021-08-11,123.05027551617263,123.73943778000988,122.46196313869011,123.10910034179688,17227600
2021-08-12,122.78131923330696,123.0754818194293,122.2266192376606,122.90739440917969,14709400
2021-08-13,123.40327899268601,124.8572539484808,123.38646640135755,124.8488540649414,18653800
2021-08-16,125.38675322613364,126.0843283522455,125.06737808244966,125.15142822265625,19170900
2021-08-17,125.12624855560027,125.62211116979017,124.94974834458554,125.10103607177734,14126900
2021-08-18,124.9833070488477,125.62204433964803,124.76478187296404,125.52119445800781,13144000
2021-08-19,126.32806197742796,126.45413719645774,125.90783689583223,126.44572448730469,15474300
2021-08-20,126.56342804858734,126.74832817040277,126.16001543019726,126.52981567382812,12388400
2021-08-23,126.23561194650684,126.48774956031463,126.00028692675336,126.44572448730469,10615000
2021-08-24,125.86582249489099,126.12637283994368,125.46240997314453,125.46240997314453,13835900
2021-08-25,125.40356495224823,125.53802722169816,124.03362718670519,124.42022705078125,16743800
2021-08-26,124.36138861265525,124.8656637467615,123.97477596660721,124.76480102539062,16657400
2021-08-27,124.86568548412748,125.63889808657967,124.66397283051977,125.61368560791016,15384700
2021-08-30,125.21862650272938,125.98342611207237,125.16818873987165,125.94141387939453,10596300
2021-08-31,125.79017304980839,126.14316057568914,124.8068479082295,125.08419799804688,15262400
2021-09-01,125.61346704430849,125.71444515288279,124.95708365746964,125.29368591308594,10807100
2021-09-02,125.58825290965972,125.8491216469758,125.17590413227086,125.8406982421875,9765900
2021-09-03,124.77192866087707,124.97388484580925,124.49422606604439,124.69618225097656,12928000
2021-09-07,123.92202794312416,124.1408310033115,123.41712447307566,123.64432525634766,15547800
2021-09-08,124.2586390678452,124.70464289684246,124.03142545138564,124.48583984375,14533700
2021-09-09,124.68774782292667,126.13516012712083,124.41846868104437,125.99210357666016,20324600
2021-09-10,125.30214520665744,125.52935887986847,124.67942950753105,124.88138580322266,14894600
2021-09-13,125.41988415369961,125.79857766830044,125.34415058699963,125.63868713378906,15036100
2021-09-14,126.00061091548845,127.54901532267954,125.87438822711667,127.16191101074219,19918400
2021-09-15,127.24605753499672,127.2797126356006,126.16890170731332,126.71589660644531,11940300
2021-09-16,125.95003494066027,126.6064181484373,125.80697837902164,126.13516998291016,13328900
2021-09-17,125.53772269612486,125.68920270204163,125.13379741460213,125.52931213378906,13782900
2021-09-20,126.70746268900321,127.38066730146616,126.42133660409606,127.08614349365234,14660400
2021-09-21,126.82521745314044,127.0355970095788,126.39603494005478,126.9766845703125,10035800
2021-09-22,126.89260449436003,127.73412322998047,126.59808064122701,127.73412322998047,22277800
2021-09-23,126.58119737456258,126.60644189955525,124.83083754527665,124.84767150878906,23853300
2021-09-24,124.41007019909117,124.41849360057202,123.48440771532043,123.6274642944336,20203900
2021-09-27,122.91221171784835,123.59383976849155,122.76074452461899,123.17308044433594,13464300
2021-09-28,121.45636358876554,122.07909188569043,120.87571378389218,121.25439453125,26613500
2021-09-29,121.85190219965477,122.38205021371152,120.91781599134323,121.46479797363281,23569400
2021-09-30,121.2628247968403,121.60783763386166,120.88413118749745,121.44795989990234,22567600
2021-10-01,122.04870780454227,122.51212027683542,121.50101864942032,122.47000122070312,26151800
2021-10-04,121.89702617222487,122.5626769187201,121.41675840007419,122.1582260131836,28027600
2021-10-05,121.83814146628262,121.92239249097764,120.87759235808943,120.97869873046875,22659200
2021-10-06,121.52630818990698,121.93918041025631,121.35779337683694,121.66112518310547,18696500
2021-10-07,120.65004729148126,120.77643021204639,120.14448989550341,120.38884735107422,14856000
2021-10-08,119.86640841192403,119.94225100454341,119.25132357152674,119.54623413085938,17257800
2021-10-11,119.3103513281278,119.56311719981205,119.18395553542545,119.2429428100586,7213400
2021-10-12,120.17818032002425,121.34094156378858,120.05178456390746,121.28196716308594,17968700
2021-10-13,121.84649352498435,122.62167193907925,121.82121694624205,122.46157836914062,23584600
2021-10-14,122.4868678613481,122.98400396168924,122.13298286479058,122.91659545898438,12946400
2021-10-15,122.17513235050583,122.29309403298369,121.72856220563548,122.20040893554688,11811500
2021-10-18,122.17514153727868,123.01772872029439,121.77070328935196,122.77338409423828,12115900
2021-10-19,121.8886546036727,121.94762901589576,121.03763339288832,121.07976531982422,12156300
2021-10-20,120.7006077136586,121.0629140122919,120.07708860206107,120.26245880126953,12782500
2021-10-21,120.48994200033137,120.61632490863771,119.8411464050249,120.11920166015625,13660000
2021-10-22,120.86912693448593,121.66958217441102,120.66691424212752,121.44209289550781,13740000
2021-10-25,121.05448071601214,121.58531467515049,121.02078289081108,121.25670623779297,8137900
2021-10-26,121.85491791245073,122.25936889648438,121.11345015543488,122.25936889648438,13671000
2021-10-27,123.35473405167681,124.85453791224069,122.95871712544121,124.48381042480469,22092300
2021-10-28,124.5258895366423,124.98089357932868,123.72543469929808,124.0624771118164,17497600
2021-10-29,123.41372369982953,124.70288083122533,123.28734078767614,124.44168090820312,19087300
2021-11-01,123.00575003439985,123.81565721195032,122.92137880316886,123.54569244384766,18035500
2021-11-02,123.59628323109975,124.49900629119185,123.59628323109975,124.09403991699219,9836700
2021-11-03,124.70993556022148,124.84491149365313,122.77794527528545,122.81169891357422,20639400
2021-11-04,123.06482675696365,124.32188628956904,123.04796280558973,124.1025390625,15922400
2021-11-05,125.30047998123462,126.1947581865266,124.9714528514906,125.95853424072266,21513000
2021-11-08,125.67173347987666,125.94169827411571,125.29207577582356,125.72235107421875,12083800
2021-11-09,127.22408097506386,128.0424331723532,127.08909212590898,127.35906982421875,23430200
2021-11-10,127.24938047602541,127.33373884564858,124.0434663457265,125.03054809570312,28170600
2021-11-11,125.29206413288685,125.41862098022533,124.76899854230024,124.84492492675781,5552500
2021-11-12,124.86178279782575,125.2920451176949,123.81563890218007,124.2965316772461,12712000
2021-11-15,123.92535912229953,123.98442156923974,122.51644684998648,122.73579406738281,15232700
2021-11-16,122.91292397217433,123.4950518889838,122.20425210529328,122.42359924316406,12998700
2021-11-17,121.96808351011136,123.41916866478306,121.87528028018943,123.39385986328125,14239900
2021-11-18,123.16609942885732,123.93382131354281,123.13234577287788,123.85789489746094,11054600
2021-11-19,124.50749566204087,125.36803351237968,124.50749566204087,125.1655502319336,14022100
2021-11-22,124.35562534613493,124.55810861903035,123.28418515266519,123.69757080078125,15266000
2021-11-23,123.11541775065864,123.26728339292106,121.90898895263672,121.90898895263672,15318500
2021-11-24,122.28020077732374,123.86628723144531,122.15364393093009,123.86628723144531,13769700
2021-11-26,125.56209358682385,127.12285902875408,125.4271047099251,126.9963150024414,20064800
2021-11-29,125.12332014852198,126.24539045830963,125.00520816187282,125.97542572021484,23234200
2021-11-30,127.24939385008766,128.29553815467136,126.76006891116523,127.89057159423828,31481100
2021-12-01,127.11684251481172,128.73863862061117,126.52555180957164,128.67950439453125,30826500
2021-12-02,129.17785039312005,129.22854239022217,127.344882942349,128.83998107910156,17754200
2021-12-03,128.12198085853882,131.02770309108973,127.8432457890708,130.37730407714844,34427100
2021-12-06,130.12392890197145,130.37733737327275,128.3331851566284,128.5865936279297,30924200
2021-12-07,128.15584380131534,128.84003784141152,127.42941285613676,127.54766845703125,22115900
2021-12-08,127.09995140894081,127.10839363212749,125.31766276088557,125.34300231933594,33633900
2021-12-09,126.14546377325193,126.5678069728856,125.41903295432635,126.04410552978516,17544900
2021-12-10,126.6354016606306,126.90570753397459,125.69779910692051,125.74003601074219,14298700
2021-12-13,127.03238928600533,127.80949924021893,126.96481282621825,127.59832763671875,17860500
2021-12-14,127.0154415005515,127.48846364229317,126.12007631955667,127.294189453125,14015500
2021-12-15,126.37350741927582,127.37023098427268,125.96806163765751,126.06941986083984,25383900
2021-12-16,125.78867849565567,126.74425376222793,125.7717621192044,126.11847686767578,18677900
2021-12-17,127.13322486187907,127.67443271273449,126.98101620230082,127.54759216308594,18093500
2021-12-20,127.47991764432832,127.70824349784034,126.50743918850537,126.59199523925781,17147300
2021-12-21,125.27281433489158,126.16918856130077,124.833078956562,126.11000061035156,16598200
2021-12-22,126.61736422467239,126.72730128516632,126.01696851753822,126.6934814453125,12253900
2021-12-23,126.49901869380308,126.50748333421967,125.17982513034384,125.59419250488281,11642500
2021-12-27,125.54343889057972,126.00852952613529,125.42505007187974,125.89860534667969,7821800
2021-12-28,126.50741638096245,126.65962498692218,125.16284251127604,125.39962005615234,9174600
2021-12-29,124.23267424478585,124.5709242631858,123.80985527008036,124.02971649169922,11771200
2021-12-30,124.52019519902146,125.12905558982273,123.8436822199743,125.06985473632812,10355000
2021-12-31,124.99374743348645,126.02542679867054,124.67240087283227,125.31509399414062,13402300
2022-01-03,123.80983183515522,124.2580188312366,122.00861921475472,122.0255355834961,33860400
2022-01-04,121.4420917714486,121.88182720985367,120.70639073103943,121.51819610595703,21996400
2022-01-05,121.89027632540513,121.90719270051459,120.68102002505579,120.85859680175781,20911700
2022-01-06,120.57955695560679,121.29835464130558,120.32586289574745,121.17150115966797,18996400
2022-01-07,121.03616699559463,121.12918768860047,119.70850918663953,120.30045318603516,18756800
2022-01-10,119.78461739037856,120.76556056598331,119.5393880481833,120.596435546875,13775800
2022-01-11,120.82475266943034,121.45898112271459,120.67253113086845,121.3997802734375,24388700
2022-01-12,121.68730972804903,121.78033042929906,120.92624064757617,120.9346923828125,14440600
2022-01-13,121.2560268340904,122.12703290252699,120.95159665168656,122.0086441040039,15166000
2022-01-14,121.28144274906619,121.31527550678733,119.90304819879817,120.16520690917969,22997500
2022-01-18,119.20112607554917,119.49709160350366,118.40622437157268,118.473876953125,21171700
2022-01-19,118.83754519027075,119.83540505981794,118.65150373837916,119.29419708251953,17930500
2022-01-20,119.54787198489328,120.07217645979341,119.31109431367979,120.02989196777344,13959000
2022-01-21,121.26450882236892,121.8564658660811,120.64719656915952,121.45901489257812,28916600
2022-01-24,122.0255713950376,122.08475934788964,120.4442194905519,120.46113586425781,25001600
2022-01-25,121.01926470497555,121.52665270830359,119.91148089790273,120.26664733886719,15599000
2022-01-26,120.30046740848923,120.56262604952575,118.80369731236507,118.81214904785156,23655500
2022-01-27,120.42732052644476,121.23912584693083,120.3596679325021,120.993896484375,21501800
2022-01-28,120.1567077883165,121.31524069461427,119.95376291389147,121.03617858886719,12826500
2022-01-31,120.23281834228877,120.88396328941712,120.04678983223685,120.41040802001953,13998400
2022-02-01,120.48492635353308,120.55267315424625,119.45181025507395,120.01071166992188,20806100
2022-02-02,120.20547900972855,121.577329150141,120.18853907873098,120.41718292236328,18404600
2022-02-03,118.92678602203972,119.80746856870856,118.70660569433696,119.47721099853516,17234100
2022-02-04,118.42717051769725,118.6727413639396,117.52107159520851,117.71583557128906,23609800
2022-02-07,117.63117143178515,117.96989254163027,117.3263172643717,117.79206848144531,12962400
2022-02-08,117.03842698989054,117.35174472671126,116.70816931769485,117.00454711914062,16269200
2022-02-09,117.4702923825732,118.02071750076094,117.02148102863329,117.2247085571289,14349100
2022-02-10,116.57262432663029,116.71658141044179,115.03141392103835,115.3616714477539,30896200
2022-02-11,115.90364076659272,117.29241775860251,114.62495393146867,117.07225036621094,43210300
2022-02-14,116.12382480299628,116.64038282446445,115.14151562751906,115.61573028564453,23157400
2022-02-15,114.82821138807515,115.03143888161117,114.26930993808742,114.30317687988281,18198500
2022-02-16,115.12454024484674,115.22616686984897,113.90512411583083,114.98058319091797,16473700
2022-02-17,115.548007983654,116.49645042234606,115.08225673091009,115.83592224121094,24508200
2022-02-18,116.45405851849895,117.17384386242509,116.14920445478387,117.05529022216797,17522600
2022-02-22,116.59803202161683,117.4279076203864,116.41173157190005,117.36016082763672,19534000
2022-02-23,116.58953694948052,116.73350693690942,115.64958426903458,115.74272155761719,17757800
2022-02-24,117.79205156544414,118.02068246713421,115.37862200989606,115.8189697265625,28150400
2022-02-25,115.89519250090149,116.27625696611238,115.31935112922459,115.90365600585938,15025400
2022-02-28,117.22466018476403,118.58803361849495,117.13152288689237,118.44407653808594,25817700
2022-03-01,119.01642903011442,120.6868658315785,118.71117121516437,119.81349182128906,35664400
2022-03-02,118.57550774049935,119.06731275629434,115.66709002219343,115.71796417236328,30397400
2022-03-03,116.58290430149195,117.6089011912805,116.18437273450077,116.89663696289062,20649100
2022-03-04,119.01641350104508,119.40647013422264,118.12607724540281,118.91466522216797,25853100
2022-03-07,117.96501632479138,119.2538844609897,117.66824607492961,118.00741577148438,23710900
2022-03-08,116.59986339077808,117.22734170405127,116.37940433187006,116.8203353881836,28331300
2022-03-09,116.22676512037711,116.45569886226346,115.42970203485847,115.67559814453125,18819200
2022-03-10,114.327366330034,114.61566185287762,113.38615558552004,114.01363372802734,26868900
2022-03-11,113.9033899464165,114.85307533934558,113.80164163674354,114.39519500732422,15583800
2022-03-14,112.52122198228865,112.68233206049753,111.69024745827923,111.72415924072266,24385000
2022-03-15,112.65694820517145,112.90284432488866,111.24089449180916,111.52919006347656,17518800
2022-03-16,111.78355393683651,112.885874798824,110.50317352225125,112.62301635742188,25857700
2022-03-17,112.62299343872021,113.06391134299362,111.13910375607131,111.78353118896484,19330600
2022-03-18,112.41100354967845,113.23349045760472,112.41100354967845,113.1487045288086,55891700
2022-03-21,111.31716249956548,111.64785739472016,110.01981999253626,110.5285873413086,26122000
2022-03-22,109.34999078514286,109.67219813410499,108.82426090479198,109.11255645751953,21830900
2022-03-23,109.69762057620508,111.58852966093838,109.2651773048255,111.50373077392578,21266100
2022-03-24,109.93507151969274,111.23241462146983,109.89268500327286,110.63038635253906,17141600
2022-03-25,109.80784505249255,109.82480741581904,108.23916284559189,109.0955810546875,25684500
2022-03-28,109.714572490936,110.70665726971747,109.41778935315429,110.02830505371094,17657800
2022-03-29,110.70668616002081,111.5461487019776,110.0113843375733,110.85932159423828,19319700
2022-03-30,110.29115677428959,111.9361434618417,110.2233202709127,111.72415924072266,16310200
2022-03-31,111.9107150456136,112.49579361131082,111.63938194961104,111.99551391601562,19901000
2022-04-01,110.40915422570158,112.91441048672458,110.15439382343133,112.4218521118164,23489700
2022-04-04,112.03968528401333,112.08214967037885,111.00362941490043,111.64055633544922,13609900
2022-04-05,111.04608042202125,111.06306876816534,108.9484667349669,109.11832427978516,25196900
2022-04-06,107.36890483492343,108.95697844446364,107.34342879227756,108.23512268066406,22952000
2022-04-07,107.09714588281929,107.57271594020152,106.5026833110915,107.41985321044922,23458800
2022-04-08,106.5366516420751,106.85936546277918,105.5260652265531,106.25640869140625,26859200
2022-04-11,105.23728530986706,105.46658257484214,104.08232425137807,104.57488250732422,30020700
2022-04-12,105.34771064326979,105.44112710586404,104.17576101405315,104.43053436279297,23124200
2022-04-13,104.4984689917395,105.56001375403203,104.36258815217163,104.64283752441406,17189500
2022-04-14,104.33711518051862,104.39656142978765,102.2310074594134,102.54522705078125,34274500
2022-04-18,102.64714884118936,102.82548760838185,101.64505018804398,102.03569793701172,18784300
2022-04-19,101.18642478026509,101.67048882144412,100.77878883441001,101.27134704589844,26012300
2022-04-20,102.09515492057872,103.58131794916672,101.84038152401527,103.30956268310547,31423200
2022-04-21,102.61316747256164,102.68110789434202,101.20343287681726,102.54522705078125,23323200
2022-04-22,101.96775885047025,103.13121441841407,101.74695569235298,101.89981842041016,19773400
2022-04-25,103.08023466662347,103.76812004105375,102.86792572569597,102.91888427734375,25418900
2022-04-26,103.9804397229602,104.48148576531193,103.40295908481858,103.95496368408203,26931300
2022-04-27,103.7681396354087,103.87853797304163,102.5622196990712,102.62166595458984,14560500
2022-04-28,102.23952738402582,102.81700815630451,101.9168200180183,102.77454376220703,16892500
2022-04-29,101.32235350117372,102.73208848824291,101.15250887873125,101.44124603271484,26153400
2022-05-02,100.26132502455262,100.61010107479802,99.4701909469411,99.682861328125,29233900
2022-05-03,101.26514087848493,101.49482206032765,100.28685571691778,100.35491180419922,21256700
2022-05-04,100.35491543092651,101.20559708213018,99.8274904707133,100.9078598022461,25575700
2022-05-05,98.97682245753052,99.07890660620808,96.99473237946906,98.14315795898438,48384500
2022-05-06,97.09678177570339,97.86239639129265,96.39071460298304,96.69696044921875,32790500
2022-05-09,96.00791413825975,97.5816736075029,95.80375239651298,97.54764556884766,26773000
2022-05-10,98.58548072111866,99.49570968687286,98.2367046732127,98.43235778808594,33640800
2022-05-11,97.60720642471924,100.32939147949219,97.3520058350186,100.32939147949219,34173600
2022-05-12,100.39743537746168,101.13753067497595,100.09119598524003,100.1422348022461,26405700
2022-05-13,99.51272988393896,99.65734418879072,98.5939922586717,98.66204833984375,20782700
2022-05-16,98.8576889870557,99.47868929157158,98.55144315060735,98.55995178222656,11050600
2022-05-17,97.58169660816665,98.12613237460839,97.28395931248544,97.36902618408203,15040800
2022-05-18,97.59021559410057,99.52976902905742,97.49664007836257,99.4447021484375,21337300
2022-05-19,100.92485557541679,100.99291165504003,99.40213486731787,99.682861328125,21937500
2022-05-20,99.60631238936416,101.24812825170439,99.5807929780105,100.81428527832031,22780900
2022-05-23,100.13372638339378,100.5930952079861,99.13843050853639,99.15544128417969,15925200
2022-05-24,100.29537635473142,101.77556073424466,100.26134830701788,101.11203002929688,23388200
2022-05-25,101.75002299181888,101.75853162476115,100.88232415689662,101.51183319091797,14410800
2022-05-26,101.24809754584007,101.30764498433477,100.210271687816,101.05244445800781,14912900
2022-05-27,101.53736126899187,101.8606179563597,101.00993631468933,101.2991714477539,11190400
2022-05-31,99.68286619171575,99.7254028661019,98.61951423391463,99.15544128417969,28393700
2022-06-01,99.73239019916656,99.99656859613268,98.59045190103848,99.0421142578125,15544800
2022-06-02,99.39149814372635,99.4596753025193,98.39443157787352,99.09323120117188,9832000
2022-06-03,98.07912258197636,98.90575279882594,97.89164513740457,98.88018798828125,15330400
2022-06-06,98.13024784387348,98.4370385399188,96.98830325265335,97.05648040771484,20815400
2022-06-07,97.67009206889446,98.6671588891786,97.64452725325641,98.1047134399414,14278700
2022-06-08,97.72973308615822,98.11321827559199,97.21841733300235,97.23545837402344,11476100
2022-06-09,97.01386964782263,97.75528159235257,96.87752183719995,97.55928039550781,15527300
2022-06-10,97.45702973964084,97.67007850935819,96.27247910015102,96.95423126220703,21917100
2022-06-13,95.011228191643,95.16462356698887,93.09378925068607,93.91189575195312,36968300
2022-06-14,94.19314046483578,94.57663223050378,92.53987959010816,92.72736358642578,21865900
2022-06-15,93.81813682184524,94.58511356000065,92.91481227564628,94.45728302001953,25202800
2022-06-16,92.42057785472628,95.20726013183594,92.13935834652568,95.20726013183594,26067300
2022-06-17,95.45437705830813,96.15317679551598,94.55956958305279,95.51403045654297,21614300
2022-06-21,93.81814312534115,94.61068472439617,93.57952956893435,93.89484405517578,17663800
2022-06-22,96.03387401482142,96.56223084935736,95.7696890958204,96.47701263427734,23703800
2022-06-23,97.06502150881734,98.14730640630576,96.71561840303865,97.26954650878906,20669200
2022-06-24,96.6900573512248,97.2951151050669,95.8719508177876,95.92308044433594,18161300
2022-06-27,94.78112583181036,95.63332080386155,94.72999621404142,95.1049575805664,12053000
2022-06-28,94.84078751284625,95.59924058415388,94.48286715370311,95.54811096191406,13706600
2022-06-29,95.76967630757129,97.06501641005809,95.59071612928012,97.0394515991211,12925400
2022-06-30,97.883138825377,98.6586330577246,97.78939683550496,97.89166259765625,25802100
2022-07-01,98.96497964161959,100.40803658694533,98.38433930104989,98.89666748046875,21858800
2022-07-05,99.81030858596759,100.54464793707987,99.19551224414285,99.67369079589844,16689700
2022-07-06,100.23725043845548,100.36533409629558,98.00007629394531,98.00007629394531,20205400
2022-07-07,98.28186409741984,98.34163560554128,96.92419419240159,97.13766479492188,13088000
2022-07-08,96.9156268649631,96.9156268649631,95.67750031702325,96.0617446899414,15320000
2022-07-11,97.1633053701896,98.01718800125064,97.08645254579822,97.71833038330078,13639900
2022-07-12,98.63197914082431,99.24677564388388,98.17088176352962,98.29896545410156,18547300
2022-07-13,97.14622251560596,99.6054086230777,96.87298033862103,99.42609405517578,20594800
2022-07-14,98.2647950020543,99.18698962181311,97.74392618059457,98.61488342285156,15665000
2022-07-15,98.91373166724595,99.75053926518459,98.70880172035294,99.1698989868164,16022600
2022-07-18,98.40994559583858,98.46971710264445,97.4962916977456,98.13670349121094,15838300
2022-07-19,98.11962681183944,98.32455675769471,97.05227384337684,97.60729217529297,9276800
2022-07-20,98.60635977830162,98.66613129624031,97.38530747074834,97.86347961425781,9117300
2022-07-21,98.35870812780347,99.66514705634943,98.2050090471154,99.55413818359375,14754900
2022-07-22,101.00577190661582,101.84257319293887,100.73252973960727,101.227783203125,17715300
2022-07-25,99.65661100730298,100.36533494065594,99.45168106179804,100.23725128173828,24868100
2022-07-26,101.4924729183537,101.81694591813098,100.24580526918024,100.31411743164062,13536000
2022-07-27,100.76664070614058,101.17650051583345,99.65659123523096,99.75051879882812,15725600
2022-07-28,100.80080688009117,101.54368030260002,100.17746994233762,100.54463958740234,16637900
2022-07-29,100.50193816321128,101.87668910611436,100.18600590023408,100.27139282226562,16655900
2022-08-01,101.15507448161398,102.73762613861686,101.00965226223637,102.6863021850586,17974600
2022-08-02,102.78041343868838,103.24234865841633,100.33387127111695,100.51351165771484,17896300
2022-08-03,100.23120755941945,102.21581432380998,99.51264607945022,102.09605407714844,16731200
2022-08-04,101.77954035293094,102.26713747264591,101.40314730387253,102.06182861328125,11003000
2022-08-05,100.14565961507448,100.1798777587589,99.13624721893657,99.63240051269531,19492300
2022-08-08,100.63326605202712,101.39460187172548,100.56482975832647,101.2406234741211,17476300
2022-08-09,100.7102485156191,101.24916959050874,100.47927767892101,100.84711456298828,8223200
2022-08-10,100.71023837055797,101.71965065819114,99.8548044497313,100.18842315673828,14665300
2022-08-11,99.97458302228053,100.13711105908101,97.59647080377697,97.85310363769531,20663800
2022-08-12,98.46048674485422,98.86254191057614,97.88734732950185,98.8454360961914,12178400
2022-08-15,99.51265099641861,99.87193175415545,98.7598648071289,98.7598648071289,9031800
2022-08-16,98.58876818282538,99.24744948907117,97.7247780182008,99.17046356201172,11066000
2022-08-17,98.42622036371831,98.46043850216769,97.78464495228833,98.1353759765625,14131300
2022-08-18,98.34925904792352,98.92239832581866,98.0241899145636,98.28082275390625,10738200
2022-08-19,96.86079199021793,96.95488372326575,96.44162464286907,96.69825744628906,16330900
2022-08-22,96.54430658448405,96.62984870118896,95.91983673229237,96.37322235107422,10457200
2022-08-23,95.97112797026986,97.0746384458178,95.58617881287826,95.84281158447266,17813200
2022-08-24,95.37234464217944,95.69741377253847,94.83342351626801,95.1413803100586,13971600
2022-08-25,95.2269085202153,96.74102376341008,94.9446137460193,96.46728515625,21429700
2022-08-26,96.06524716718063,97.51092628485914,95.81717050759227,97.19441986083984,18764400
2022-08-29,96.61271923556673,96.67259935524476,95.91981324907125,96.39030456542969,14278300
2022-08-30,96.33900017558847,97.10033607742245,95.9882690273676,96.62984466552734,14346600
2022-08-31,96.39886918199211,96.95489611640335,95.449336824986,95.70596313476562,13623500
2022-09-01,94.18520203544365,94.51095171407646,93.38796653488542,93.95374298095703,22490400
2022-09-02,94.02233313689314,94.77670398563674,93.84231304367839,94.48524475097656,13024400
2022-09-06,93.35370400610279,93.41371071592441,92.08498230385025,92.14498901367188,24648500
2022-09-07,92.85646144342842,93.85086539125304,92.76216429181615,93.60226440429688,17050100
2022-09-08,93.30226281839938,93.88518793163752,92.6250470550075,92.6421890258789,14671400
2022-09-09,92.86504889712215,93.26795377669902,92.26497543426167,92.847900390625,12529800
2022-09-12,93.12222327530822,93.34510809160466,91.6563398124434,92.0849609375,14806900
2022-09-13,91.34774631949048,92.35929259392474,91.0734290183002,92.29928588867188,22158900
2022-09-14,92.01638914855619,92.76219233488949,91.8278013285574,92.61646270751953,13077800
2022-09-15,92.45359370402238,92.74505952779502,92.22214112829053,92.55646514892578,10260200
2022-09-16,91.75062926682016,92.62501995093216,91.52774446926864,91.78491973876953,18903800
2022-09-19,91.69063693430927,92.42786584607052,91.55348156527266,91.9992446899414,11084400
2022-09-20,90.60193951460808,91.58776291364914,90.35333846625105,91.08199310302734,20133800
2022-09-21,91.46773080044125,92.61643863227573,90.8419477207622,92.60786437988281,23132900
2022-09-22,90.68765959194565,90.83338920668378,89.77898488800267,90.24188995361328,29030600
2022-09-23,90.3018888105551,91.23628619501223,89.6332409513459,90.6104965209961,23042200
2022-09-26,90.31905071069787,90.3619154424864,88.48455268227312,88.8788833618164,25104600
2022-09-27,88.04734520380259,88.27880425935489,86.4957389212587,86.5385971069336,34609500
2022-09-28,88.4073863611475,89.53894581159686,87.8501841593703,89.43608093261719,39283100
2022-09-29,88.2102299598018,89.35036373652274,88.12450704175467,88.97317504882812,19127100
2022-09-30,89.38466676540519,89.89044320833132,87.63589793491562,87.8244857788086,26485700
2022-10-03,89.23715359705818,89.95036497858867,88.63565397158321,89.219970703125,27192200
2022-10-04,89.49491550995691,89.92455984120409,88.76452145800717,88.97074890136719,13788700
2022-10-05,88.27472837591768,88.36924409868568,87.28654508952047,88.12005615234375,20522100
2022-10-06,88.15446273162502,88.36928499958104,87.24361841336517,87.63030242919922,13965700
2022-10-07,86.6248992915018,87.32092765708425,86.33274425487326,86.77957153320312,14814800
2022-10-10,86.35853746299836,86.36713218793734,84.89774890437391,85.43050384521484,15652600
2022-10-11,85.7054538568018,86.70223190438534,85.06098732612874,85.8085708618164,33246700
2022-10-12,85.31020586161463,86.39291177367706,85.23287300296595,86.22964477539062,21447600
2022-10-13,84.5196651442967,86.25542601055484,84.50247569330685,85.40473175048828,30292500
2022-10-14,86.09213858144875,86.09213858144875,84.42511637400271,84.70008850097656,18728200
2022-10-17,85.31878630356142,85.63672552177354,84.15874772705196,84.28763580322266,18969900
2022-10-18,84.16733604975758,84.60557517710423,83.23930912035449,84.48527526855469,16931500
2022-10-19,83.51428496876385,83.7119177318958,82.76670131327971,82.94715118408203,25431600
2022-10-20,82.43156792032272,82.77528472261423,81.40901223636493,81.52931213378906,25434900
2022-10-21,79.9310495084109,80.71300554360627,79.2779946734906,80.05994415283203,46280300
2022-10-24,79.7591846277998,80.38646832437394,78.92567345881014,79.39828491210938,31332600
2022-10-25,81.27154521604665,81.83008430864815,81.15124529528373,81.70977783203125,31213100
2022-10-26,82.29410478748963,83.08465565130402,82.29410478748963,82.88701629638672,24843900
2022-10-27,83.33382553289485,84.12436960639111,82.68076424981614,83.75487518310547,20270000
2022-10-28,83.23072393764495,83.8923735105144,82.84404655238872,83.17916870117188,22244100
2022-10-31,82.80108781201265,83.02450478562169,81.6582318789932,82.58626556396484,23956700
2022-11-01,83.88353506837812,83.91799202355416,82.87569377444937,83.35807800292969,17585100
2022-11-02,83.47868292799778,84.09888842224791,82.66034500704184,82.99629211425781,25010500
2022-11-03,81.97981767462274,83.022115733255,81.91090377686416,82.54834747314453,29097500
2022-11-04,81.91953229979683,82.40192308656371,81.1614990234375,81.1614990234375,23561400
2022-11-07,81.66110632607577,81.71278846588493,80.3173115431158,80.35176849365234,14522800
2022-11-08,80.79972085091364,81.79894635818584,80.7738732030765,81.23042297363281,20360600
2022-11-09,80.81690384802623,81.85058577404912,80.70492372050373,81.4974136352539,15637500
2022-11-10,83.32362604648901,84.78801046786462,83.2460962558087,84.6329574584961,45380900
2022-11-11,84.04720401877802,84.73632997877635,84.02136294537671,84.3228530883789,15943100
2022-11-14,84.34007866173107,84.40898599507959,83.63372098998103,84.1161117553711,13741100
2022-11-15,84.63295576558238,85.53743273080524,84.5123597131516,85.47713470458984,26608200
2022-11-16,86.1576251566865,87.38943313911382,85.91643308829363,87.34636688232422,28507700
2022-11-17,86.31268062913517,86.63140248412817,85.95089251611034,86.42466735839844,24528900
2022-11-18,86.6572464802825,86.90705444447272,85.752776167171,85.8302993774414,14941300
2022-11-21,86.73477401188948,86.8467541700381,85.96812494981603,86.19208526611328,15534000
2022-11-22,86.70030115229969,87.53586396082518,86.5969303215989,87.41526794433594,18103100
2022-11-23,87.98381286213224,88.93997192382812,87.9321307199838,88.93997192382812,23234600
2022-11-25,88.38866556042261,88.66431457939748,88.2336125764998,88.63847351074219,9486100
2022-11-28,89.25006322593934,89.42234138606347,88.45757317418352,88.88827514648438,14563200
2022-11-29,87.99243016176804,88.69016537998736,87.78569501784968,87.84599304199219,16576400
2022-11-30,87.53586840911123,88.49202728271484,87.320517429867,88.49202728271484,21581700
2022-12-01,89.0653822263678,91.36216904042259,89.02220684244716,91.31900024414062,53156800
2022-12-02,90.92179082299346,92.47600547191438,90.32600491770665,92.46736907958984,24479500
2022-12-05,91.38806679686103,91.5175863541264,90.57642364076544,91.17220306396484,20159700
2022-12-06,91.95795971651039,92.72643415802222,91.69029076810305,92.34651184082031,21754500
2022-12-07,93.57259336812508,94.70371697942717,93.42580105443034,94.52239227294922,30546700
2022-12-08,93.85754945231822,94.50514065807288,93.65895850496432,94.26337432861328,13377300
2022-12-09,93.20132782886886,93.39991877492005,91.75935308024242,91.81116485595703,25872200
2022-12-12,93.13226523775289,93.34812900724748,91.75073843051547,92.10475158691406,16897100
2022-12-13,94.15113562366953,94.18567461478531,92.78687511897164,92.99410247802734,23854700
2022-12-14,92.95953850825363,93.52941519905336,92.29467468341109,93.39126586914062,19517500
2022-12-15,93.81626405336984,94.44811374503492,93.61719273657441,93.75567626953125,20246200
2022-12-16,92.26693735251582,93.33155878124059,92.01592894080717,92.70836639404297,20838300
2022-12-19,91.6004539751449,91.60910465404115,90.86474345109174,91.1503677368164,26126800
2022-12-20,89.47990797880466,89.85209204497048,89.23755679219894,89.53184509277344,28869000
2022-12-21,90.26750223627488,90.36271251773746,89.11632818118764,89.75682830810547,15894100
2022-12-22,89.73089044574402,90.1203889715393,89.47988204562866,89.73954772949219,11322500
2022-12-23,88.78746165376116,88.98653297833604,88.30275276053744,88.42393493652344,15408900
2022-12-27,86.97846074190063,87.4804775352636,86.56300357768978,86.67552185058594,26475700
2022-12-28,87.11696789040268,87.22948618528757,85.99175852725834,86.16487121582031,17302900
2022-12-29,86.43318359609209,87.41124547743391,86.37259580881559,87.14292907714844,16593000
2022-12-30,86.4418230094192,87.03039279423746,86.00905130304024,86.17350006103516,20810200
2023-01-03,88.45856999403863,88.57974559265054,87.28142994731587,87.81806945800781,25313200
2023-01-04,89.34137918709895,89.56642229083573,88.4671786177751,89.02112579345703,21678200
2023-01-05,88.1729205091838,89.40199071923443,88.09501815874715,89.3933334350586,14771100
2023-01-06,88.89131392092153,91.14173228130763,88.8393834245834,91.0378646850586,27473700
2023-01-09,90.37141498076019,91.68703841320881,90.25023279539127,91.5225830078125,21472200
2023-01-10,90.47526018398305,90.72626858915224,89.58375144357994,90.00786590576172,20545200
2023-01-11,90.85610696538905,91.50526462406879,90.62240651026335,91.47064208984375,18794000
2023-01-12,91.59180164998834,93.31423115431572,90.50121512501194,93.27095794677734,32029600
2023-01-13,92.69969025163135,93.30557455084848,92.0764979912122,92.3967514038086,17750800
2023-01-17,91.46197623609078,92.31886901983628,91.44466827238648,91.7995376586914,13911700
2023-01-18,93.87685362561443,94.14517001578642,92.7170284261596,94.02399444580078,35497200
2023-01-19,93.56524237961055,93.79894280100683,92.99398715627835,93.43540954589844,17194700
2023-01-20,92.57853022867596,92.82088134755224,91.84281958820932,91.92071533203125,22754100
2023-01-23,91.37545013865586,91.92074030426724,91.3062050562871,91.48796844482422,12961500
2023-01-24,91.8514695435658,93.00263726638083,91.21961994527463,92.8035659790039,16417200
2023-01-25,92.93341516762379,93.40080948624038,92.301565458131,93.02862548828125,11906500
2023-01-26,92.73433161195324,93.175760653333,92.17172700683362,92.5958480834961,15549400
2023-01-27,91.91207994812578,92.57854563595131,91.8428348730449,92.3621597290039,11845500
2023-01-30,92.14576510671782,92.75164955100905,91.91207125489035,92.02458953857422,11459700
2023-01-31,92.59584328442618,92.85550236316554,91.63508950487352,92.76029205322266,13705300
2023-02-01,93.32870379141404,94.23117912932582,92.34811905874689,93.87539672851562,25305800
2023-02-02,94.51752509545742,94.89066653246392,93.79727426719074,93.99686431884766,19548400
2023-02-03,92.65183099681666,92.94687633825713,92.05307399839783,92.5910873413086,20619500
2023-02-06,91.76667120977369,92.25262025788479,91.7059275787598,91.905517578125,15182400
2023-02-07,91.4022399020034,92.18323443300605,91.11587413720885,91.16793823242188,18290300
2023-02-08,91.15059948368024,91.61919627293234,90.5865474251048,91.60183715820312,13530700
2023-02-09,92.39150667757737,92.52167354919372,90.58654282992134,90.73406219482422,20469900
2023-02-10,90.59522276546365,90.62993437274388,89.48447781474468,89.7187728881836,16598300
2023-02-13,89.99645568845787,90.61257179788474,89.88364793452739,90.4737319946289,13134300
2023-02-14,90.42164841822961,90.96834785857351,89.50181416319644,90.26544952392578,15440300
2023-02-15,89.85760641131864,90.20470919314334,88.9464450576258,89.42372131347656,15246900
2023-02-16,88.57330906083787,88.70347592231522,87.93116093026094,88.15677642822266,19267300
2023-02-17,87.73156328083188,88.8423080444336,87.61875554159643,88.8423080444336,19560900
2023-02-21,87.65346789402152,87.81833972653806,87.01999274842942,87.11544799804688,22728000
2023-02-22,87.63612448694056,88.24356769522691,87.60141287899029,87.91381072998047,15165400
2023-02-23,88.11338102185158,89.02453569870512,88.05263737672801,88.77288818359375,15829100
2023-02-24,88.02661987813562,88.33901771055501,87.26297778974958,87.61876678466797,21403600
2023-02-27,87.89645171768066,88.25223408680132,87.56670139745154,87.86174011230469,14209200
2023-02-28,87.27163740561909,88.2695743300196,87.01998328586173,88.26089477539062,14955700
2023-03-01,87.7041697712779,87.88684974957738,86.95604797240878,87.31271362304688,19000000
2023-03-02,86.17312372446989,86.68637313012144,86.0165399474596,86.53849029541016,23763600
2023-03-03,87.79986785890084,88.64368019163834,87.48670025836167,88.63497924804688,30877300
2023-03-06,88.92205388070484,89.02643866008799,87.85206343389838,87.94775390625,16631900
2023-03-07,88.26092061271179,89.05254057824956,87.7563720612839,88.48709869384766,23096500
2023-03-08,89.07862226073414,89.57446978756398,88.22610910110808,88.5740737915039,20252400
2023-03-09,88.33922300866254,89.18302879501896,88.14784205037773,88.79157257080078,21550400
2023-03-10,90.4965900408339,91.94064149367397,90.47049384489416,91.85364532470703,43921500
2023-03-13,94.12409492767709,94.90701388743827,91.37518758069618,92.06241607666016,51502500
2023-03-14,91.46219673328626,91.87105486874738,90.25302421689675,90.54878997802734,38417800
2023-03-15,92.88881733182994,93.69783240444266,91.64484806183133,92.29727935791016,45164100
2023-03-16,93.41077142500708,93.97621327183901,91.37518874066224,91.57526397705078,43089300
2023-03-17,92.77575847428298,93.71526140532981,92.6104737076517,92.94973754882812,38129000
2023-03-20,92.97580167583607,93.04539593639923,91.96671144516614,92.13199615478516,24242800
2023-03-21,91.40998733968785,91.70575304582184,90.94023595034987,91.34039306640625,18934900
2023-03-22,91.04463425966452,92.60176476187009,90.85325331207483,92.55827331542969,26388500
2023-03-23,91.65356760483566,92.68876092850228,91.18381617989976,92.55827331542969,25475100
2023-03-24,93.15851376565756,93.45428615663583,92.43649463310655,92.94973754882812,23652700
2023-03-27,91.3839222172095,92.00155666961187,90.7575868184698,90.76628112792969,22224500
2023-03-28,90.67928998671056,91.06205197631921,90.48790899190624,90.93156433105469,17794300
2023-03-29,90.20950992479194,90.86194130796125,90.12252040107775,90.74885559082031,16804400
2023-03-30,90.8706400159133,91.38388947588864,90.70535527910978,91.16641235351562,14315800
2023-03-31,91.6448476228823,92.69743597908966,91.4099752776436,92.53215789794922,25396700
2023-04-03,92.33942307976012,93.403403168527,92.1824423018486,92.96734619140625,18234800
2023-04-04,92.25222045662481,94.01389451237138,92.2260581004794,93.42957305908203,18052400
2023-04-05,93.98770111374499,94.51097471567729,93.67374626776595,94.40631866455078,23047700
2023-04-06,94.55458726359106,94.94704251007487,94.52842491123235,94.65052032470703,16447300
2023-04-10,93.87434715946547,93.97900323115451,92.93246247536878,93.12432861328125,19134400
2023-04-11,93.35977045408337,93.39464914541101,92.88882827676973,93.316162109375,13971200
2023-04-12,93.359809688261,93.46445911362092,92.3394312150875,93.22026824951172,20563000
2023-04-13,93.35979239738745,93.65630791925992,92.33941411319502,92.48767852783203,22079400
2023-04-14,91.9120844451301,92.05162586451047,91.37137142558285,91.64173126220703,19801900
2023-04-17,91.06613398515816,91.21439175476047,90.44693390002394,90.55158996582031,19528800
2023-04-18,90.53412087994319,91.21436849993964,90.52540453362491,90.8742446899414,15922600
2023-04-19,90.62138169859918,90.90917430232396,90.24637235962773,90.78707885742188,16093900
2023-04-20,91.42368242847522,91.81613093912371,91.35391173432005,91.56321716308594,16450100
2023-04-21,91.8336023171932,91.97313709036354,90.93531935253426,91.04869842529297,15244700
2023-04-24,91.53710243179817,91.99932187703827,91.43244633612561,91.92955780029297,17034300
2023-04-25,92.73186645103624,93.42955353267386,92.68825809743988,93.28129577636719,21899900
2023-04-26,93.13303797807998,93.52548654546796,92.15626807978688,92.2870864868164,19610400
2023-04-27,91.74640062539945,91.80744834622931,91.23185650036241,91.37139129638672,20247600
2023-04-28,92.62723210842603,93.10689749562744,92.32199352279885,92.84526062011719,26954100
2023-05-01,92.03911633484582,92.17026488933456,89.91453109770441,90.16808319091797,32487300
2023-05-02,90.92877465568476,92.41510772705078,90.83259945654395,92.41510772705078,30057800
2023-05-03,92.67736375386593,93.20195127120446,92.0478560648628,92.93091583251953,23656200
2023-05-04,91.99542557052564,93.07082928742486,91.9342237872102,92.01290893554688,25110500
2023-05-05,91.23476305079052,91.71563893807459,91.0249293320182,91.70689392089844,15096500
2023-05-08,90.50909154834433,90.81510715395532,90.3342312055619,90.42166137695312,20587000
2023-05-09,90.49159885599805,90.61400241742946,90.05444137360192,90.09815979003906,19182500
2023-05-10,90.64022919467519,91.13858844896558,90.6140008134747,90.97247314453125,22886800
2023-05-11,92.06537557870324,92.25771928261346,91.55827125899928,91.9342269897461,19147200
2023-05-12,91.84679676753733,92.02165710571626,91.14734207383297,91.16482543945312,14198500
2023-05-15,90.39542612539702,90.46537292539405,90.15936401352454,90.22056579589844,20085300
2023-05-16,89.52985646533024,89.96701396108821,89.27630431733134,89.94952392578125,29251700
2023-05-17,90.12439046470999,90.19433726459152,89.4861375891555,89.6872329711914,21340900
2023-05-18,89.35498048711554,89.40744391727135,88.96154144866033,89.02274322509766,25536600
2023-05-19,88.53314312043372,89.05773081212604,88.2446175553299,88.39324951171875,29038000
2023-05-22,88.52440139658668,88.92658553086737,88.01729705186528,88.07849884033203,20131100
2023-05-23,87.80745124023777,88.52438923686721,87.67630266282514,88.33203887939453,21749500
2023-05-24,88.550626111003,88.62057291506405,87.89488983154297,87.89488983154297,18473400
2023-05-25,88.04352604093717,88.13096288548499,87.45773653723701,87.67631530761719,22492800
2023-05-26,87.53642622048598,88.45445303131415,87.43150601189367,88.38450622558594,17030300
2023-05-30,88.65556017007016,89.38998171598597,88.52441155958651,89.267578125,23125200
2023-05-31,89.17138507235879,90.21182205796813,89.066471541369,90.04570007324219,23787000
2023-06-01,90.5392378918814,90.84606007899201,89.9694214368348,90.39897918701172,21040400
2023-06-02,90.29378555543661,90.35514999653762,89.36455067927204,89.40837860107422,19136500
2023-06-05,88.84731467441588,89.80285416070876,88.72458581389698,89.24180603027344,14433200
2023-06-06,89.27686959624931,89.82915618099388,88.88238491133599,89.76779174804688,14332100
2023-06-07,89.56619827937182,89.79412627490893,88.34767069620017,88.43533325195312,25251100
2023-06-08,88.42655387724477,89.53988215645747,88.36518943174838,89.4697494506836,23845100
2023-06-09,89.0665064731277,89.65385290174554,88.83857849775971,89.34703063964844,22147400
2023-06-12,89.62753807078258,89.68014094033691,88.64570701540082,89.6100082397461,19010300
2023-06-13,89.5135702135324,89.70643178045786,88.51420271966585,88.72459411621094,25910800
2023-06-14,89.0927809662618,89.67136566855808,88.94375400532678,89.4346694946289,29094200
2023-06-15,90.32008318580661,90.846065062309,89.94312828147244,90.29378509521484,25732000
2023-06-16,89.80286415965448,90.14475269319857,89.44343910795722,89.94312286376953,16759100
2023-06-20,90.39019621562834,90.87235006562639,90.39019621562834,90.56552124023438,17162900
2023-06-21,90.12723463239016,90.8636147165206,89.71521331829881,90.78471374511719,19720100
2023-06-22,90.11846158975688,90.512946331895,89.59247301594264,89.68890380859375,23630700
2023-06-23,91.02140348368944,91.12659585376537,90.276261880019,90.58308410644531,22901900
2023-06-26,90.83729961957921,90.99509484462719,90.43404664183933,90.67950439453125,12894900
2023-06-27,90.81099669514553,91.12658715168202,90.08339168145194,90.44281005859375,18105700
2023-06-28,90.65318907715229,91.03013720556312,90.14473714993356,90.8285140991211,23826800
2023-06-29,89.56617917188645,89.71520615369641,88.93499820395847,89.18922424316406,41091600
2023-06-30,89.46974172883083,90.34638041067545,89.30318492727156,90.2411880493164,32024900
2023-07-03,90.39765136700457,90.76684175092582,89.712022621104,89.72960662841797,16011800
2023-07-05,89.56258948031254,89.65928139871981,88.55172369190338,88.87696075439453,28170300
2023-07-06,88.07707114770149,88.23529370427268,87.43539562284906,87.61998748779297,41375700
2023-07-07,87.180474997078,87.54965870098896,87.01346044735594,87.09257507324219,28996500
2023-07-10,86.89919504438852,87.48813193699527,86.89040303971741,87.20684814453125,24665200
2023-07-11,87.52327526137447,87.87488160627525,87.27715283184388,87.6551284790039,20485500
2023-07-12,87.98916195259162,88.88575858086332,87.6990861783664,88.63084411621094,31928000
2023-07-13,89.05277023099703,89.63292180428523,88.80664775978423,89.5625991821289,32441500
2023-07-14,89.4131547908122,89.6065386186222,88.99122582956011,89.0351791381836,18569000
2023-07-17,88.98243924451185,89.21097766831159,88.70994080639181,89.0791244506836,18822000
2023-07-18,89.48346710205078,89.72079750483293,89.28129129452095,89.48346710205078,15407400
2023-07-19,89.65929487051224,90.52073026221224,89.42196439370107,90.49435424804688,27192500
2023-07-20,89.85265910463546,89.9317670108435,89.0263852060191,89.39556884765625,56951200
2023-07-21,89.79991930395242,89.96692711694402,89.33403705038005,89.42194366455078,20657500
2023-07-24,89.65048568238454,89.79113090563698,89.04397159952514,89.09671020507812,17546700
2023-07-25,88.63087971385946,89.21981679649282,88.6045103976724,88.92974090576172,17160600
2023-07-26,89.37799172968963,89.3867837325083,88.71873235128604,89.01759338378906,19310700
2023-07-27,88.52536166445917,88.71874551716907,86.94314294528883,87.28595733642578,44794400
2023-07-28,87.37383842613299,87.7781833463131,87.15408531475255,87.7342300415039,27434000
2023-07-31,87.59359933769088,88.19132812212654,87.56723003499029,87.94520568847656,28663800
2023-08-01,87.12106085107254,87.19157728824122,86.29251625120219,86.50405883789062,34943400
2023-08-02,85.5344692639213,85.71075360708811,84.97916753061091,85.57853698730469,38121300
2023-08-03,83.90382509319748,84.01840925680322,83.33089082553397,83.60413360595703,59394800
2023-08-04,83.86857494534551,85.21716995564456,83.85094247243735,85.08495330810547,42071800
2023-08-07,84.71471806600398,84.7940439877911,84.17704218006233,84.24755859375,35862900
2023-08-08,85.37584034106209,85.82537431465325,85.005639056843,85.22599792480469,24010500
2023-08-09,85.39345274406897,85.75484445895154,85.35819452372789,85.66670227050781,20151100
2023-08-10,85.53447859689109,85.81653761162441,84.25639343261719,84.25639343261719,37253200
2023-08-11,84.000792164643,84.50321004885687,83.91264324913826,84.06249237060547,26753500
2023-08-14,83.92144809804833,84.5560825445854,83.64820532655155,83.87738037109375,19072000
2023-08-15,83.56006673876543,83.91263546882217,83.34851743095044,83.36614990234375,24125000
2023-08-16,83.10170845156944,83.55124228041383,82.60810689821359,82.71387481689453,23076700
2023-08-17,82.41420446417548,82.51116288976584,81.99111254116141,82.36132049560547,32244900
2023-08-18,82.35251396785304,83.02240678959214,82.23792978083691,82.6521987915039,24181700
2023-08-21,81.67381456333676,81.76195676611246,81.29479703906414,81.55040740966797,29254100
2023-08-22,81.65618096287338,82.22029912264854,81.49752231013542,82.17623138427734,21308700
2023-08-23,83.11934820383263,84.22114228540615,83.05764800425722,84.21232604980469,38294700
2023-08-24,83.8509536110535,84.22116161830435,83.63941098178081,83.65704345703125,22300800
2023-08-25,83.43668090466699,84.18589967406245,83.30446424540457,83.93028259277344,23865200
2023-08-28,84.30928498227334,84.31810121792869,83.63939229363335,84.0184097290039,16037300
2023-08-29,83.70990179164927,85.06731280292493,83.6834598116921,84.89102172851562,28478100
2023-08-30,84.75881923405079,84.9703618170074,84.51201170831436,84.80288696289062,17550100
2023-08-31,85.09375784644453,85.54329169635136,84.99679943323292,85.18190002441406,26959700
2023-09-01,84.69478339573149,84.71246201054568,83.65156975199324,83.85490417480469,32469700
2023-09-05,83.35100224903529,83.35984493136702,82.65257873461626,82.6791000366211,29435900
2023-09-06,83.18299177135775,83.20067712895448,82.62602441683846,82.88240814208984,23636300
2023-09-07,83.10343149074113,83.16531675503047,82.82052646184877,83.11227416992188,18091500
2023-09-08,83.43935503564788,83.89907979060226,83.25369929633453,83.4305191040039,17052100
2023-09-11,82.83820452544276,83.08575232594511,82.70559806355138,82.8293685913086,17061500
2023-09-12,83.00619514954617,83.31562151906154,82.73213275725956,83.3067855834961,20034300
2023-09-13,83.03271686949896,83.57200572125588,82.94431029847088,83.28910064697266,23332300
2023-09-14,83.05040295897311,83.28910137734096,82.57299937724835,82.68792724609375,27800600
2023-09-15,82.6260300185754,82.64371537737114,82.18399047851562,82.18399047851562,25642900
2023-09-18,82.08673210554332,82.68790608292589,82.06021081528911,82.65254211425781,17963400
2023-09-19,82.29009022007118,82.59951657853418,82.04254913330078,82.04254913330078,24941800
2023-09-20,82.47575483521787,82.74981724695742,82.25473502059192,82.29893493652344,29451200
2023-09-21,80.7075689553714,80.77829689086981,80.17712292910777,80.18595886230469,59958700
2023-09-22,80.28321318704248,80.99047909697839,80.15944266455183,80.83134460449219,29524500
2023-09-25,79.26653163125249,79.60247924532307,78.81564942277224,78.84217071533203,45587900
2023-09-26,79.06319739207477,79.23117458628941,78.42665933503876,78.568115234375,38104100
2023-09-27,79.16044496250909,79.23117291068144,77.87852619559189,78.16143798828125,47111200
2023-09-28,77.46302465779806,78.44435314392605,77.0032996804284,78.400146484375,60238000
2023-09-29,78.92175745838384,79.1162559868234,77.91390757918786,78.40899658203125,49010100
2023-10-02,77.8857038115241,77.98326103068489,76.9012677027917,77.09638214111328,44704300
2023-10-03,76.54652602065472,76.84806840583728,75.28715943667744,75.43792724609375,71362600
2023-10-04,76.06762161096556,76.54653716325187,75.7128753645469,76.502197265625,56281600
2023-10-05,76.36918237742955,76.4401343502903,75.95234799481341,76.12085723876953,35758800
2023-10-06,74.67522409450817,75.99667894173898,74.5510615508739,75.198486328125,62787900
2023-10-09,75.82815953470363,76.98110501779477,75.34037334577656,76.96336364746094,29424900
2023-10-10,76.13857215426151,77.30925233823697,75.84590041667995,76.85694885253906,54743900
2023-10-11,77.91232128724039,78.46218872070312,77.69060153015299,78.46218872070312,58517700
2023-10-12,78.08972610176416,78.21388866409404,76.20953952507246,76.33370208740234,66986700
2023-10-13,77.69063034944558,77.89461557882818,77.3092719551366,77.69950103759766,44183800
2023-10-16,76.44010306176548,76.59974155218251,76.18290734018528,76.44896697998047,38309800
2023-10-17,75.28715309223483,75.94344161689156,74.94127084502726,75.60643005371094,52949100
2023-10-18,74.83484863291547,75.13639101564344,74.36480383894381,74.94127655029297,63724600
2023-10-19,74.39140333150166,75.0033519676383,73.38036187740163,73.40696716308594,87696900
2023-10-20,73.60209461708183,74.08988082863968,73.40698013245868,73.82381439208984,52188800
2023-10-23,73.44247847757808,75.2605838929437,73.09659606452455,74.7107162475586,70890400
2023-10-24,74.88808803279579,75.69514465332031,74.57767487393447,75.69514465332031,46267700
2023-10-25,74.51557634026163,74.61313357908121,73.72625451079442,74.01005554199219,60737200
2023-10-26,74.03667239409269,75.22508717473791,73.9657204401092,75.14527130126953,49704100
2023-10-27,74.66635026798882,75.35811485255594,74.26725063095762,74.82598876953125,32362300
2023-10-30,74.32933701236826,74.94128577147406,73.82381618373542,74.48897552490234,45026900
2023-10-31,74.82599389932605,75.18074013476244,74.09875329052032,74.12535858154297,37269200
2023-11-01,74.78924912034765,75.75036912407504,74.77144682976872,75.7325668334961,72308500
2023-11-02,77.138618795462,77.69926851630302,76.7292545372886,77.45899200439453,69739400
2023-11-03,79.03415765231473,79.2477443261758,77.93955480450067,77.98404693603516,77692300
2023-11-06,77.48570182526058,77.60138953000106,77.06743635411604,77.22762298583984,41341900
2023-11-07,77.96625134630635,78.75828325622498,77.94844906204858,78.36671447753906,37834200
2023-11-08,78.7404862664679,79.75499918327105,78.71378284058827,79.70159912109375,53893400
2023-11-09,79.14987087383867,79.22996080331505,77.19203330399469,77.86837768554688,88975100
2023-11-10,78.51800714590881,78.69598925192452,78.10863608082484,78.3044204711914,36516400
2023-11-13,77.61918546156973,78.25993193600394,77.33441000510814,78.1264419555664,25661500
2023-11-14,80.0931843281459,80.22667432660947,79.46133891097385,79.89739990234375,65666800
2023-11-15,79.21216030531593,79.32784801489754,78.58920924939584,78.77609252929688,56205300
2023-11-16,79.47025223244157,80.0575988102671,79.42575329627377,79.7550277709961,49473900
2023-11-17,80.23554698087743,80.47582346112937,79.77278272246346,80.12875366210938,44091400
2023-11-20,79.75500437960117,80.68052630585258,79.74610323706136,80.61822509765625,40477800
2023-11-21,80.53815029948848,80.80513030913241,79.99529592557386,80.58264923095703,27721000
2023-11-22,81.08988978663363,81.26787189815448,80.43134103692535,80.8674087524414,31197500
2023-11-24,80.18217247740706,80.3245636144719,79.90629813632282,79.91519927978516,20199600
2023-11-27,80.36018988752164,81.28570544821856,80.28009314713151,81.25011444091797,39804400
2023-11-28,80.90300657488372,81.4547551946357,80.79621323416607,81.41026306152344,44989300
2023-11-29,81.9709124819298,82.4959644617086,81.67723588836759,82.43367004394531,61647800
2023-11-30,81.84634042924553,82.13111593878354,81.12550390594886,81.4814682006836,60520900
2023-12-01,81.5162758211899,83.07857443581356,81.35558197695677,83.01608276367188,64172200
2023-12-04,82.56972254342529,82.87325842720539,82.2126243082473,82.68578338623047,33766300
2023-12-05,83.58744339269599,84.47126300762488,83.53388104430586,84.46233367919922,73588600
2023-12-06,84.88191406843944,85.74787492957094,84.69443905898024,85.5871810913086,61606100
2023-12-07,84.97118518096934,85.7746543559369,84.86405368727999,85.0961685180664,47970200
2023-12-08,84.2927021819019,84.56052751960456,83.83740864332114,84.39983367919922,44809200
2023-12-11,83.92669085730665,84.31057025163683,83.4981716313475,84.2212905883789,33909700
2023-12-12,84.05167019344748,84.54267426247745,83.82848466813884,84.47126007080078,36996900
2023-12-13,84.96224761555807,86.57811513605873,84.82833496420118,86.453125,70828500
2023-12-14,87.4660982940079,88.7020492553711,87.25114495314156,88.7020492553711,87798600
2023-12-15,88.38859156809826,88.97969622235979,88.29007298688353,88.80057525634766,59941300
2023-12-18,88.21841887547565,88.21841887547565,87.78851900538832,88.09303283691406,34746000
2023-12-19,88.54083578828845,88.8990845157743,88.3617148410586,88.56770324707031,30018400
2023-12-20,88.76476000767406,89.28422043568865,88.2900832428781,89.16778564453125,51229400
2023-12-21,89.32898731190042,89.41854779533028,88.44232690979908,88.6035385131836,65231200
2023-12-22,89.00656695679083,89.00656695679083,87.98556238031954,88.20051574707031,29244200
2023-12-26,88.25423392484464,88.54978962327104,88.2004990098674,88.4512710571289,24019700
2023-12-27,89.36478850098419,90.03650219306377,89.11401648255848,90.01859283447266,45082800
2023-12-28,89.64243135340934,90.07233113907888,89.16775475306136,89.36479187011719,36213000
2023-12-29,88.78267388749707,89.40065293959309,88.48712492752018,88.55876922607422,41616200
2024-01-02,87.97660400758029,88.35276211946538,87.770608756009,88.04824829101562,47797400
2024-01-03,87.21531882015478,88.53187898390175,87.00933041113488,88.41545104980469,58159500
2024-01-04,87.25115007531402,87.44818723282897,86.93768497609781,87.07202911376953,52604500
2024-01-05,86.42716134945123,87.48399116051681,86.1674312363137,86.23908233642578,45894800
2024-01-08,86.18537314711786,87.21532897822999,86.05998026798974,87.0899429321289,39485800
2024-01-09,86.55255444054741,87.02723105983793,86.50777079105657,86.5346450805664,34374000
2024-01-10,86.80332844448189,86.91976320258505,86.08683786757913,86.1316146850586,48227800
2024-01-11,86.13163007939008,86.72274157318445,85.71964638660624,86.61526489257812,78858900
2024-01-12,86.67795396173916,87.1168050964041,86.22118663127677,86.4450912475586,38883900
2024-01-16,85.63906700535682,85.79132055234406,84.6449296500399,84.92256927490234,61716700
2024-01-17,84.72549973400365,85.08374846255649,84.33143228231907,84.78819274902344,55506800
2024-01-18,84.60012379808914,84.7076004793865,83.74928894515607,84.00006103515625,77339100
2024-01-19,83.92839763878399,84.34038127395932,83.52537210066329,84.26873016357422,47030900
2024-01-22,84.92256298395067,85.15542575405253,84.53744667814033,84.77030944824219,35756400
2024-01-23,84.08962130839593,84.1791817927385,83.67763761399856,84.09857940673828,35786700
2024-01-24,84.64489286439286,84.6717603218286,83.38206770070686,83.60597229003906,54574900
2024-01-25,84.18812352701164,84.38516065408236,83.8030073694713,84.15229797363281,57019400
2024-01-26,84.12543298804806,84.25081901204436,83.73135872233064,83.9910888671875,29276900
2024-01-29,84.46578868550326,85.23602123458404,84.29562579653961,84.95838165283203,38243600
2024-01-30,85.5136302017353,85.83604647285438,84.85086780264821,85.72857666015625,40151400
2024-01-31,86.17639086329717,86.79436965495051,85.97935375100045,86.57046508789062,80646700
2024-02-01,87.5318688806144,88.65499388736119,87.32521771817918,88.26863861083984,84291200
2024-02-02,86.49859833319795,86.81307884029108,85.97747350475329,86.31890106201172,63823300
2024-02-05,85.02506335061874,85.22273447257177,84.4769777324805,84.57581329345703,53827400
2024-02-06,84.67464557689523,85.49228393968653,84.64769167131075,85.40243530273438,33411500
2024-02-07,84.97115349774846,85.56416684937314,84.92622575110597,84.98912048339844,40120200
2024-02-08,84.47698312797375,84.7285689342629,84.15352937276946,84.49495697021484,50087700
2024-02-09,84.24336466716235,84.46798967448892,84.15351603523396,84.32422637939453,27951300
2024-02-12,84.36916499983676,84.58480311526745,84.00976357077754,84.4230728149414,27890300
2024-02-13,83.43473086644227,83.61442816819779,82.95852684727873,82.97649383544922,49768500
2024-02-14,82.93155619013822,83.60543121815664,82.86866146172362,83.39877319335938,44191600
2024-02-15,84.06366030816066,84.20742360284439,83.56050248679003,83.8300552368164,49598500
2024-02-16,83.0932773760852,83.42571796631312,82.96748107801376,83.34485626220703,33116800
2024-02-20,83.3718119032043,83.73121325731066,83.30891718036149,83.41673278808594,24469300
2024-02-21,83.40777220750952,83.47066694504404,82.6710023442427,82.82374572753906,36343100
2024-02-22,82.95851195707557,83.34486725601452,82.90459729221591,83.22805786132812,45190700
2024-02-23,83.33587872018313,84.45900377032036,83.33587872018313,84.34220123291016,38406700
2024-02-26,84.45901028350143,84.48596418998152,83.73122738849206,84.09062194824219,27855000
2024-02-27,83.77615248318742,83.9828105349204,83.4257379713459,83.49761962890625,30242000
2024-02-28,83.63237465538626,84.09959160013243,83.47064439470289,84.0277099609375,34574200
2024-02-29,84.29726700111661,84.72855000338139,84.26132617967698,84.6207275390625,51038600
2024-03-01,84.21965593404606,85.18407164244823,83.83208661890023,85.14801788330078,45832800
2024-03-04,84.45398831725491,84.86860307610338,84.43596487739453,84.80550384521484,23864200
2024-03-05,85.8330056397269,86.23859830206844,85.59865969791521,86.01326751708984,37721900
2024-03-06,86.06734380584463,86.68024380964543,85.99524318158258,86.51800537109375,40571600
2024-03-07,86.85149746356059,86.88755121399083,86.05833558374465,86.4368896484375,39075000
2024-03-08,86.34676086375514,86.57209165215058,86.05833772967095,86.2836685180664,25023200
2024-03-11,86.49098637683946,86.53605529419718,85.95920891008518,86.23861694335938,17787900
2024-03-12,85.6617626283736,85.81498593072178,85.34630086573007,85.51754760742188,29566000
2024-03-13,85.17505093400695,85.39136659824634,84.91366635463181,85.10294342041016,38270100
2024-03-14,84.48101269401265,84.49903612937194,83.69685916317438,83.79600524902344,58365600
2024-03-15,83.87714395781549,83.99432038761302,83.63378969290324,83.76898956298828,34997700
2024-03-18,83.57971680977323,83.8140559283625,83.37240941473506,83.5166244506836,29519500
2024-03-19,83.68787656997509,84.06643074875741,83.54366840134213,83.75096893310547,26953100
2024-03-20,83.91319980169779,84.53511509362421,83.18313011225459,83.72392272949219,43460100
2024-03-21,84.06640561434342,84.21062061641041,83.57969717374183,83.90416717529297,34276600
2024-03-22,84.89565220857001,84.91367565066686,84.52610631834317,84.70637512207031,30262300
2024-03-25,84.46299198281868,84.49904573418459,84.09345306528049,84.28273010253906,24011800
2024-03-26,84.28274310913851,84.60722004495538,84.0754357259301,84.51708221435547,34423000
2024-03-27,84.71536985408711,85.35530853271484,84.67030781777709,85.35530853271484,50157800
2024-03-28,85.16603432765426,85.64373456314681,85.01281102127946,85.28321075439453,34540400
2024-04-01,84.36263485918587,84.3716798431964,83.61205987024226,83.69345092773438,48945400
2024-04-02,82.80722946719405,83.37693927719017,82.59923622902325,83.23225402832031,43086300
2024-04-03,82.52686745688008,83.24126915883507,82.33696425498808,83.2141342163086,45494400
2024-04-04,83.76577899452195,83.8833430731658,83.23224229677041,83.81099700927734,47957400
2024-04-05,82.91574163210299,83.35884922497888,82.63540234333185,82.64444732666016,42495900
2024-04-08,82.49976623390673,82.82530975776922,82.40933019468262,82.63540649414062,37879800
2024-04-09,83.07850998380744,83.5216175401391,83.0513750360604,83.40406036376953,32522000
2024-04-10,82.47261798039382,82.56305400503133,81.43267269006267,81.5864028930664,74368900
2024-04-11,81.73109082780171,81.78535382424613,80.94434982201011,81.21563720703125,65751200
2024-04-12,81.96621702682634,82.24654941138705,81.64066662571682,81.64971160888672,47900100
2024-04-15,80.68209694123743,80.718269970829,80.04907927233506,80.38367462158203,55993100
2024-04-16,79.62406715664636,80.10334775781645,79.38894589783258,79.85014343261719,45103200
2024-04-17,80.36557435421727,80.82676485936715,79.99480605474156,80.73633575439453,57947000
2024-04-18,80.70019882184197,80.72732687553562,80.112399027707,80.32943725585938,43839500
2024-04-19,80.83583623429999,80.83583623429999,80.40177362898126,80.61880493164062,44826800
2024-04-22,80.1937921433461,80.59168867252144,80.16666408895719,80.48316955566406,24969000
2024-04-23,80.23900462875608,80.97148964390746,80.07622941435564,80.51029205322266,27222700
2024-04-24,80.08524459234489,80.14854566321132,79.12668354799636,79.94055938720703,48986800
2024-04-25,79.09052072438506,79.48841716361564,78.98200163205848,79.37989807128906,49282600
2024-04-26,79.80492053160557,80.13047090101561,79.62406228162222,79.7958755493164,31589800
2024-04-29,80.17570287129813,80.50124639808347,80.01292765825487,80.46508026123047,39228600
2024-04-30,79.95865978412563,80.23899907241997,79.66928241181915,79.77780151367188,41054700
2024-05-01,80.4021292288896,80.95568846983602,80.0754383023156,80.36582946777344,59679500
2024-05-02,80.04821197369871,80.77419331970677,79.88486651702046,80.7106704711914,58925400
2024-05-03,81.6090809892105,81.78150314617983,81.01014523772069,81.52740478515625,50066100
2024-05-06,81.55464051452955,81.89947792914941,81.37314167251418,81.84503173828125,23868200
2024-05-07,82.4893381747138,82.7978758251388,82.22617004280677,82.3441390991211,30525800
2024-05-08,81.95392412001758,82.09004652066088,81.81780864284717,81.84503173828125,31171700
2024-05-09,81.55464126548398,82.37136182991837,81.50926482369408,82.24431610107422,39606700
2024-05-10,81.92668626460647,82.01743220752884,81.63629509317188,81.781494140625,21913800
2024-05-13,82.17171794766224,82.22616413536139,81.95391934992068,81.99021911621094,23157500
2024-05-14,82.26245725285415,82.50747200116966,82.05373534442306,82.4530258178711,25746400
2024-05-15,83.36957024623749,83.72348426103265,83.15177168061625,83.57828521728516,65142900
2024-05-16,83.84145753938726,83.86868063060133,83.43309732423255,83.49662017822266,37902400
2024-05-17,83.16085117006156,83.30605021872988,82.88860641554432,82.9339828491211,24755000
2024-05-20,82.65268033510684,82.87047201622742,82.58915747296864,82.68898010253906,17922800
2024-05-21,83.24251586860846,83.27880870229119,82.97027115169281,83.11546325683594,15334400
2024-05-22,82.82509529881717,83.28790867768781,82.81602554959402,83.2153091430664,38073700
2024-05-23,83.30604460335726,83.30604460335726,82.41671779888951,82.67988586425781,51294700
2024-05-24,82.55286621933836,83.00660297382656,82.48934335064895,82.9249267578125,19164400
2024-05-28,82.87954045977706,82.90676355178003,81.69982236751967,81.73612213134766,45973700
2024-05-29,81.07367044441834,81.12812355652189,80.47474159906028,80.74698638916016,45508400
2024-05-30,81.30961311346559,81.64538075507102,81.16442097349596,81.52740478515625,29548600
2024-05-31,82.10819315144562,82.27153863416392,81.89947123106631,82.08096313476562,41308800
2024-06-03,82.53444185833335,83.47233213786198,82.50712574489148,83.4085922241211,42272100
2024-06-04,83.95493309455053,84.50128313733039,83.76371335842931,84.38290405273438,42581500
2024-06-05,84.68336810762652,85.00206756591797,84.12791750297836,85.00206756591797,43153900
2024-06-06,84.61053597295943,85.07493066671907,84.55590375503303,84.87460327148438,22891900
2024-06-07,83.61801122581647,83.61801122581647,83.22646413196534,83.31752014160156,35240500
2024-06-10,82.8622486744462,82.91688090104022,82.54354910743193,82.7620849609375,20586500
2024-06-11,82.88954193816687,83.65442763528,82.78937825226959,83.61800384521484,30329200
2024-06-12,84.70160206501804,85.20242061270402,84.2189988902275,84.2463150024414,42554600
2024-06-13,84.88370497952496,85.58484386634528,84.63784612191216,85.48468017578125,33093800
2024-06-14,85.97638941383266,86.35882879983781,85.81248582738363,86.20403289794922,28776700
2024-06-17,85.15689495023527,85.42096229824095,84.9383590904522,85.3481216430664,31040200
2024-06-18,85.49378087364238,86.14028749354853,85.34809266562773,86.13117980957031,26881000
2024-06-20,85.05672931098103,85.59396469090842,84.99298245526523,85.55754089355469,30246300
2024-06-21,85.81250052790186,86.0310433120243,85.22062597837935,85.55754089355469,22596400
2024-06-24,85.63946602577356,85.90352630615234,85.3571834324394,85.90352630615234,56939100
2024-06-25,85.65770821691683,86.09478685649103,85.63039210453019,86.04925537109375,22890200
2024-06-26,84.93834893588611,85.11136023389244,84.78355300984303,84.81997680664062,38489100
2024-06-27,85.1568603515625,85.32987159995938,85.06580435924248,85.1568603515625,23140800
2024-06-28,85.3480948959273,85.38451173853709,83.57247161865234,83.57247161865234,55119600
2024-07-01,82.59598416629342,83.19887791910489,82.04790337142644,82.13011932373047,49735400
2024-07-02,82.83345861146373,82.95220720072666,82.28537801369366,82.76951599121094,34204700
2024-07-03,83.28108427193072,83.93878399268924,83.20800497646306,83.85657501220703,35563300
2024-07-05,84.28588932379705,84.70609173393908,83.94790982198514,84.55079650878906,34895500
2024-07-08,84.53254067205133,84.81571422911648,84.24023046078966,84.73350524902344,16095700
2024-07-09,84.46862013103063,84.66044810399505,83.92053921267129,84.35900115966797,30289800
2024-07-10,84.45030168395617,84.66040285780737,84.27674711692077,84.62386322021484,23572500
2024-07-11,85.57390733212546,85.99410287972678,85.38207938447438,85.4460220336914,49761800
2024-07-12,85.43687520264722,85.8114013671875,85.26331361720413,85.8114013671875,27796500
2024-07-15,84.9527372732646,85.22678114893297,84.75177269367116,84.8248519897461,37918900
2024-07-16,85.43687917788229,86.05803928343643,85.30899388872929,86.02149963378906,36383700
2024-07-17,85.79312353596114,86.23159231898862,85.58302928287132,86.03976440429688,29036800
2024-07-18,85.57389273426352,85.99408821018463,85.29984887338134,85.38206481933594,34553100
2024-07-19,84.98929578729337,85.09891475573907,84.78833116308964,84.87967681884766,32164700
2024-07-22,85.31811347734805,85.42772543513901,84.3132977053272,84.63301086425781,36160400
2024-07-23,84.77918183773848,84.980146431911,84.48687160145822,84.51427459716797,23498000
2024-07-24,84.5782202303851,84.81572448363315,83.55513785188764,83.6008071899414,50757100
2024-07-25,84.0666806133129,84.82486272529002,84.00273796346099,84.2859115600586,44999100
2024-07-26,84.90707149245412,85.08976975528113,84.68784054628784,84.94361114501953,34423800
2024-07-29,85.56474686542559,85.58302017110303,85.15368808759673,85.40032196044922,25801300
2024-07-30,85.63784137476408,85.91188525485347,85.22678252385536,85.72918701171875,28169800
2024-07-31,86.35033146489398,86.63350497894824,86.08542428723311,86.6061019897461,47445300
2024-08-01,87.19726719353497,87.90298790739536,87.1789399637723,87.35307312011719,77254200
2024-08-02,88.90199565959796,90.15762430114717,88.80117840409252,90.07513427734375,91912900
2024-08-05,91.3674100721092,91.59653889103417,89.72684688951158,90.55171203613281,90686300
2024-08-06,89.95599881054788,90.19429480131586,88.52622985839844,88.52622985839844,61316900
2024-08-07,87.93963144471893,88.39788904889663,87.52720239794144,87.9029769897461,51337100
2024-08-08,87.17893576432414,87.4355589233819,86.92230561280972,87.36223602294922,37815800
2024-08-09,88.45289133143183,88.48038567094575,88.06794960086711,88.22376251220703,32141800
2024-08-12,88.01299020718285,88.73703835594699,87.87551147141211,88.54457092285156,24261400
2024-08-13,89.17694170473074,89.23193038527883,88.88365708771289,89.15860748291016,30366900
2024-08-14,89.40606243719678,89.96513728035065,89.36940098933107,89.7176742553711,31334100
2024-08-15,88.36123868737499,88.9936294555664,88.1779314417383,88.9936294555664,38723700
2024-08-16,89.30525970458984,89.3969098429077,88.91115781661146,89.30525970458984,28541000
2024-08-19,89.28691098351915,89.96513728035065,89.27775086589487,89.7176742553711,25322100
2024-08-20,90.1118000270239,90.60671921605409,89.92849973143854,90.43257904052734,25239300
2024-08-21,90.43256841073641,90.91832043015275,90.01097218647965,90.48756408691406,29230000
2024-08-22,90.02929348211029,90.09344926805777,89.29607850631945,89.58936309814453,33453800
2024-08-23,89.99264120089425,90.43256463721521,89.78183960133347,90.17594146728516,32005100
2024-08-26,90.45089405581838,90.46005417393161,89.89181918282249,89.94680786132812,23198700
2024-08-27,89.3510699685261,89.89181760333753,89.27775406262568,89.79100036621094,21507700
2024-08-28,89.82764552598029,90.0017786374299,89.57102242072388,89.68099975585938,18501400
2024-08-29,89.24112511938051,89.4885812508999,89.02115634418661,89.38776397705078,24988200
2024-08-30,89.52521044544565,89.80932793709158,88.41622782528005,88.43455505371094,42896200
2024-09-03,89.70622879208621,90.16597782364092,89.57749962446796,89.88093566894531,48947900
2024-09-04,90.00048279061629,91.05790714128393,89.93611819615207,91.03952026367188,40885200
2024-09-05,91.34293283319779,91.6555658178127,90.8280161705537,91.5544204711914,47450900
2024-09-06,91.53604474951844,92.6670235592247,91.20502485028386,91.54523468017578,57406400
2024-09-09,91.39810469843907,92.04175050711012,91.17742713763946,91.94060516357422,26961400
2024-09-10,91.83030119705828,92.7865803068169,91.78432347424452,92.58428955078125,31703400
2024-09-11,92.40034650289267,93.0899699614494,92.27161735184576,92.51068878173828,39497100
2024-09-12,92.28082768693753,92.45553456665928,91.66476565821104,92.07853698730469,41618700
2024-09-13,92.3727681761929,92.51069427914297,91.96818681159621,92.32679748535156,25722100
2024-09-16,92.52907671436381,93.20951025222423,92.32679305698082,93.1727294921875,30866300
2024-09-17,93.30146383191334,93.45777680935032,92.63022720054707,92.72217559814453,31699400
2024-09-18,92.17047476758009,92.62103382490403,91.52682899313561,91.57279968261719,48897000
2024-09-19,90.95671526328185,91.31531882266043,90.81878919847216,91.26934814453125,39979800
2024-09-20,91.02110536353172,91.2601768085998,90.77284398938595,90.91996002197266,37067600
2024-09-23,90.5705623127543,91.11306282123368,90.12920014067831,90.72687530517578,35703900
2024-09-24,90.11080572050678,90.92915839491474,89.97287961483072,90.70848083496094,31005400
2024-09-25,90.34989040649563,90.40505805076342,89.91772515249357,89.95450592041016,36738200
2024-09-26,90.17516679271023,90.34067671003943,89.57749170150964,90.16596984863281,33332300
2024-09-27,90.6073343951319,90.8096250789799,90.3038983693599,90.63491821289062,28317600
2024-09-30,90.69930392885657,90.76366852369713,90.00048331686271,90.20277404785156,34175500
2024-10-01,91.13998949605386,91.62889720542644,90.76177362253394,90.85401916503906,45254200
2024-10-02,89.81165044023867,90.15296676244111,89.53490671543827,90.08839416503906,35810800
2024-10-03,89.79317295081844,89.94999810622508,89.23969268798828,89.23969268798828,39677800
2024-10-04,88.04049556053329,88.52017662690257,88.00359593421501,88.1419677734375,56954100
2024-10-07,87.61616267531218,87.88367265672456,87.41321824426753,87.47779083251953,42606600
2024-10-08,87.07188597930022,87.66226583143106,87.02575969421252,87.6253662109375,33709600
2024-10-09,87.33018746173887,87.55158521303554,86.9243056601294,87.12724304199219,35807700
2024-10-10,86.60142870766155,86.79514644599448,86.16787398161168,86.78592681884766,53667400
2024-10-11,86.23247212026826,86.77672587434603,86.17711915156421,86.43540954589844,27406400
2024-10-14,85.82657819975063,86.5092037790445,85.77123227215208,86.4999771118164,28795300
2024-10-15,87.13648203123786,87.63461648527931,87.05346314117338,87.55159759521484,46429100
2024-10-16,87.99436199067367,88.20653306498527,87.76374462367056,87.92056274414062,32281500
2024-10-17,86.97965704679632,87.11802889058421,86.40772337681906,86.52764892578125,43427200
2024-10-18,86.75827657508489,86.97044066113963,86.5830050830426,86.59223175048828,25258600
2024-10-21,85.80809794354484,85.87267051811226,85.07935333251953,85.07935333251953,49504700
2024-10-22,85.46680831422844,85.56828053143872,84.95022056173501,85.16239166259766,32096900
2024-10-23,84.7195992336921,85.20851400205102,84.55356147274658,84.93177032470703,33354200
2024-10-24,85.07936627032564,85.78966469858047,84.83029556063092,85.47602844238281,32507400
2024-10-25,85.78043554627388,85.82656183573472,84.88563901864916,84.996337890625,28667100
2024-10-28,85.11627539026438,85.13472872532142,84.33217755958529,84.76573944091797,33156500
2024-10-29,84.10154261047425,84.9225399022929,83.92627819126737,84.89486694335938,46545200
2024-10-30,85.64208650715582,86.05720210912457,85.01481384601158,85.14395904541016,41951100
2024-10-31,85.05169308913624,85.73432565065569,84.74728347427964,85.28231048583984,52173800
2024-11-01,85.39429702587896,85.63494354254672,84.04294657508584,84.07996368408203,80402000
2024-11-04,85.41279901424045,85.68121893447824,84.81116864554456,85.3850326538086,49747600
2024-11-05,85.18140652636792,85.98666631794289,84.78340553443614,85.83856964111328,46986000
2024-11-06,82.96928548104106,83.96891712819578,82.8859863745982,83.48760986328125,98895700
2024-11-07,83.99667597570289,84.80193590741223,83.9041190673964,84.53351593017578,56221400
2024-11-08,85.1536364100551,85.70898480040178,85.00553973975576,85.60717010498047,56756200
2024-11-11,85.38501485468963,85.43129682018687,84.80190022226137,85.19064331054688,22369200
2024-11-12,84.57055445388153,85.01483051378338,83.77455219644668,83.91339111328125,57908400
2024-11-13,84.70937548466225,84.72789110408256,83.04332988046154,83.11737823486328,49009100
2024-11-14,83.82082424056146,84.2558495362271,83.55240422703075,83.59868621826172,53328300
2024-11-15,83.22844442760571,83.90412330951983,82.84895896587078,83.37654113769531,73722400
2024-11-18,82.9877947854999,83.84858039979235,82.76564972861196,83.52462768554688,36010600
2024-11-19,84.06146620329388,84.29286200401441,83.8763523873732,83.95039367675781,29585100
2024-11-20,83.441345543492,84.07074254264307,83.40432135981948,83.68199920654297,27755400
2024-11-21,83.71898694516557,84.0892215903062,83.30247738290645,83.61717224121094,28365700
2024-11-22,83.77453993676785,83.9503959481587,83.4413294097836,83.66346740722656,21547500
2024-11-25,85.3387730183436,85.87561299935125,85.1444013828008,85.82933807373047,56858000
2024-11-26,85.30174502742113,85.56090717510442,84.97778528117813,85.4961166381836,31122200
2024-11-27,86.11624444893005,86.43093928402698,85.773776191644,86.0884780883789,39442200
2024-11-29,86.80121056281567,86.99558223040555,86.48651559480565,86.9770736694336,31905700
2024-12-02,86.62875977422301,87.44610441169571,86.37798808800162,87.18604278564453,39406000
2024-12-03,87.24176283841591,87.33464097250652,86.36869278843979,86.43370819091797,32768900
2024-12-04,86.01573737856715,87.48323572282766,85.9507219879301,87.36248779296875,35851100
2024-12-05,87.0466953207756,87.66898646159962,86.99096987119306,87.53895568847656,23695800
2024-12-06,87.9755105621763,88.09625142570816,87.32534946293858,87.66900634765625,31761500
2024-12-09,87.29748931472199,87.34393192537996,86.81451876015748,86.86095428466797,30509600
2024-12-10,86.39654559423767,86.65661426041933,86.29438461877811,86.45227813720703,28706500
2024-12-11,86.4429803233277,86.64731642792324,85.55133766466659,85.63492584228516,38748400
2024-12-12,85.11483461121693,85.217002701784,84.52040594945333,84.59471130371094,45368400
2024-12-13,84.33463739916166,84.3810729242158,83.66590348028349,83.73091888427734,39486000
2024-12-16,84.10243740619784,84.16745280933416,83.63803964489612,83.981689453125,23482300
2024-12-17,84.0745847491686,84.51111986767984,84.0188592740051,84.18604278564453,23839900
2024-12-18,83.88857026481527,84.2615340933631,83.11467156547486,83.1333236694336,61328400
2024-12-19,82.11701562205819,82.41538532831446,81.59487041453346,81.87458801269531,99083300
2024-12-20,82.54592794688266,82.90024689084089,82.32215242849014,82.3407974243164,45542400
2024-12-23,82.20092457807756,82.26619272004348,81.52959105288876,81.58553314208984,32764600
2024-12-24,81.15662796154889,81.94917172541074,81.100685871818,81.93052673339844,22377600
2024-12-26,81.31513521272532,82.0144397884595,81.30580915988122,81.88390350341797,19981800
2024-12-27,81.56687373715555,81.84659124742804,81.17525784086575,81.21255493164062,27262300
2024-12-30,81.8932359395967,82.08904038242137,81.74404753723817,81.86526489257812,48519600
2024-12-31,82.1729454386278,82.31280777365448,81.36175670012199,81.4270248413086,31917300
2025-01-02,81.86526679665394,82.16363649461614,81.31514344227992,81.65081024169922,27841300
2025-01-03,81.79065961637632,81.93984088484011,81.2871594971355,81.38972473144531,21962200
2025-01-06,81.16593958366254,81.33377293670965,80.81162077517821,81.02607727050781,30231500
2025-01-07,80.74636398584144,80.90487130995746,79.99111734789376,80.1123275756836,41757200
2025-01-08,79.69275200630851,80.37340448846085,79.57153465826106,80.21489715576172,44590800
2025-01-10,79.51558490439136,80.0470560556348,79.4037007338307,79.68341827392578,47115800
2025-01-13,79.74870337222504,79.86992073437078,79.29182631331598,79.65546417236328,33258900
2025-01-14,79.46897551258355,79.59018574538517,79.1519537375496,79.52491760253906,33412900
2025-01-15,80.83961201080669,81.10069171364296,80.55989442830962,80.89556121826172,54120700
2025-01-16,80.78365999577947,81.49229058905996,80.44799324705154,81.15662384033203,34651100
2025-01-17,81.52026901178384,81.5668921642084,81.15663118669407,81.29649353027344,29875600
2025-01-21,81.94917136885219,82.2102439380525,81.70674379158305,82.02376556396484,30548600
2025-01-22,81.93052301273704,82.03308824838197,81.41769683451238,81.59485626220703,25278400
2025-01-23,80.78367884978053,81.11001962229317,80.68111359074867,80.9608383178711,31949000
2025-01-24,80.85825224516168,81.38039734677682,80.74636096037553,81.32445526123047,21110400
2025-01-27,82.20092268356204,82.45266919285876,81.91187196406575,82.28483581542969,42864200
2025-01-28,81.90253406713043,82.23820077344594,81.73470782766543,82.2288818359375,25519100
2025-01-29,82.45268987361032,82.62984934802436,81.70676198378911,82.06108093261719,25342800
2025-01-30,82.43401914663717,82.71373668273763,82.21023658132478,82.36874389648438,25094900
2025-01-31,82.40605971965192,82.66713943852028,81.52027665014288,81.82797241210938,48790100
2025-02-03,82.88723069420683,83.37380871207891,82.15736009786063,82.49422454833984,70657200
2025-02-04,81.92341434675953,82.76556820536825,81.85791333244384,82.74685668945312,33414000
2025-02-05,83.70129712904169,84.38438522259693,83.64515544485832,84.11302185058594,48331200
2025-02-06,84.08495136811115,84.35631474128272,83.79487647982336,84.07559204101562,22509900
2025-02-07,83.50480421554147,83.70130727307294,83.22408862152895,83.53287506103516,31171200
2025-02-10,83.52351256110902,83.77615727843937,83.13985868252152,83.28022003173828,22736100
2025-02-11,82.84042854717907,82.98078990330558,82.70006719105258,82.74685668945312,21513000
2025-02-12,81.68011171162101,81.9701865764474,81.27774634795492,81.62397003173828,48536200
2025-02-13,82.42869551370653,83.177284578354,82.40998399967383,82.98078155517578,42718100
2025-02-14,83.63580784063717,83.91653057905124,83.3925224156925,83.42059326171875,27460700
2025-02-18,82.84978932327856,83.13050490136466,82.38192288739315,82.43806457519531,29429200
2025-02-19,82.29771541394562,82.76558191917346,82.2415737178227,82.54100799560547,20584300
2025-02-20,82.76555756320288,83.05563956565167,82.76555756320288,82.84977722167969,27913400
2025-02-21,83.1585729402265,84.15044738119101,83.11178344660296,83.85101318359375,46912300
2025-02-24,83.58902555839767,84.2721066092879,83.523524537914,84.09432220458984,26218000
2025-02-25,85.12361607830677,85.61955333240643,84.9645432117229,85.54469299316406,50125100
2025-02-26,85.54469880674984,86.14356728323791,85.33883642938042,86.04999542236328,32220200
2025-02-27,85.4417495727539,85.89090440479607,85.2826767289557,85.4417495727539,53373600
2025-02-28,85.94706507701343,86.5365813705513,85.5914891465707,86.48979187011719,49388600
2025-03-03,85.8045621965308,87.02483933912556,85.76701421592934,86.89342498779297,42904200
2025-03-04,86.77140056870128,87.09993645137443,85.67314181584372,85.82333374023438,56722000
2025-03-05,85.94535569683717,86.17064357395819,85.05361445825388,85.13809204101562,50215900
2025-03-06,84.93157177397931,85.23194838804065,84.22756341337835,84.85647583007812,42827500
2025-03-07,85.5511191929062,85.56989676487387,84.47163797421678,84.58428192138672,36903600
2025-03-10,85.49478822058317,86.01105678900569,85.33521469006409,85.46662902832031,41440800
2025-03-11,85.39152189767313,85.87963120994404,84.61241759317097,84.85647583007812,40555700
2025-03-12,84.48103136915623,84.83772647900285,84.27452103551764,84.34961700439453,32734600
2025-03-13,84.08677844397548,85.14748202455431,83.8990385437326,85.0911636352539,38675400
2025-03-14,84.49040972475514,84.86588236123931,84.34960659088047,84.64059448242188,24658000
2025-03-17,85.23196586769639,85.58866093206413,84.83771566213272,85.06300354003906,26700300
2025-03-18,84.61243004992387,85.43846406981652,84.59365964195686,85.14747619628906,23654700
2025-03-19,85.1193221890912,85.62620917361356,84.83771592161939,85.58866119384766,31378700
2025-03-20,86.54611143297973,86.58365941353546,85.56989258471091,85.64498138427734,35645800
2025-03-21,85.72946376652725,85.8327189198215,85.06300324352011,85.13809204101562,29192100
2025-03-24,84.66873795718323,84.72506349720254,84.19939903910229,84.26510620117188,27985600
2025-03-25,84.07739381043031,84.55612162775871,84.02107541834883,84.25574493408203,22333800
2025-03-26,83.90842222319783,84.10554373529908,83.62681597074206,83.70191192626953,25095600
2025-03-27,83.4015296809632,83.5704919888137,83.19501939786326,83.45785522460938,23674500
2025-03-28,84.36836088708252,84.80015183003385,84.3026537253626,84.61241912841797,39869400
2025-03-31,85.63560062244217,85.73884861807859,84.81894815060967,85.44786071777344,38824300
2025-04-01,85.96222592781704,86.58398355976699,85.92454299370327,86.18831634521484,39800100
2025-04-02,87.01731338148413,87.01731338148413,85.40640592461374,86.13178253173828,43488400
2025-04-03,87.15860812994677,87.3564452845375,86.51801277459121,86.52743530273438,57467400
2025-04-04,88.22314190500681,88.63763975983973,87.44123728002592,87.46949768066406,92794200
2025-04-07,86.55571348693607,86.84775442112296,84.59625128019675,84.8317642211914,124987600
2025-04-08,84.10635566857637,84.97304131227843,83.1077833915841,83.2302474975586,73861900
2025-04-09,82.21285005507114,83.75782148090146,80.9128212750119,83.72013854980469,131353500
2025-04-10,82.65561738017158,83.07012244432356,81.34616604091077,81.412109375,78592000
2025-04-11,80.89397652209468,82.24111064825588,80.07438901184545,81.85486602783203,94814100
2025-04-14,82.33531569901882,82.62734941077092,81.78892401672856,82.4389419555664,37596400
2025-04-15,82.0997994348579,83.07953397395035,81.99617318254057,82.73097229003906,22553900
2025-04-16,82.71214758235492,83.37158094087171,82.40126877593218,83.19258880615234,35607300
2025-04-17,82.9382272796866,83.08895180475656,82.17516775092652,82.45777893066406,31758400
2025-04-21,81.5816632112648,82.02442859200258,80.99759584712812,81.01643371582031,39343200
2025-04-22,81.78892203322428,81.97732948385963,81.39326207451994,81.4686279296875,32552100
2025-04-23,83.72955475129595,83.89912434932928,82.11864716362146,82.25995635986328,44082200
2025-04-24,82.92880271328899,83.23025894330578,82.67445193904622,83.12663269042969,24190800
2025-04-25,83.74840568464968,83.94623569834998,83.46578727234366,83.73898315429688,22513900
2025-04-28,83.52228803271822,84.34186822404915,83.47518258359882,84.2665023803711,20130500
2025-04-29,84.14405769793903,84.98248313736553,84.12521982631236,84.97306060791016,22129500
2025-04-30,84.57739595511133,84.83175392539421,84.15347558768482,84.28536224365234,42630600
2025-05-01,84.39693137487004,84.4158385591879,83.48923503929835,83.85798645019531,29932800
2025-05-02,82.9313724679282,83.27175948214985,82.77063615947047,82.95028686523438,32090400
2025-05-05,82.59099180492494,82.64772778747749,82.09932564308968,82.48698425292969,22862800
2025-05-06,82.07096819698019,82.76119232177734,81.91968184902294,82.76119232177734,21095200
2025-05-07,83.12993013274492,83.40413118311226,83.03537978765625,83.11102294921875,23161600
2025-05-08,83.22450146916313,83.26232305948395,82.15606859409051,82.18443298339844,25483700
2025-05-09,82.26005612008886,82.55316435649131,82.18441295787888,82.30733489990234,17007900
2025-05-12,81.67382241124771,82.05203096215814,81.49417894020455,81.54145050048828,32115000
2025-05-13,81.43744777113227,81.58873408590927,80.84177413758705,81.21052551269531,53912200
2025-05-14,81.07815805920077,81.19162280153216,80.55812034067642,80.67158508300781,42119800
2025-05-15,80.96469187847005,81.61710151125934,80.82286997023655,81.38072204589844,59448000
2025-05-16,82.13715821289324,82.15606540045329,81.5036556168091,81.59821319580078,31778200
2025-05-19,80.28393412917319,81.42801000485841,80.2082909604346,81.36182403564453,49361900
2025-05-20,80.77560424804688,80.9363405791784,80.42575998582241,80.77560424804688,35493100
2025-05-21,80.06647385288382,80.42576813778355,79.1965989228756,79.39515686035156,77053100
2025-05-22,78.96966243415734,79.83008730124322,78.76165452776861,79.8111801147461,61747900
2025-05-23,80.15155801117419,80.19883679685796,79.71662059505701,79.94355010986328,47139200
2025-05-27,80.69996366298733,81.34291622185755,80.51086293956146,81.05926513671875,56773400
2025-05-28,80.7566980372651,80.87961278366272,80.34066779756535,80.70941925048828,34806800
2025-05-29,81.09707367419634,81.5603826765886,80.97415893418821,81.45637512207031,38933200
2025-05-30,81.3996415680634,81.75894302666316,81.20108365270929,81.57929229736328,49042100
2025-06-02,80.94343303463252,81.11426012446499,80.46891414516269,80.82006072998047,46213100
2025-06-03,81.08579039321538,81.3704973834025,80.56381671699683,80.67770385742188,33731300
2025-06-04,81.41795213135424,82.23412520256662,81.28508742121117,81.98737335205078,57441500
2025-06-05,82.2626010439671,82.49986050622582,81.82604450228115,82.04431915283203,37664700
2025-06-06,81.41796045319103,81.55082517691437,80.93394910786489,81.00038146972656,38130100
2025-06-09,80.70618356428943,81.27560485391066,80.70618356428943,81.08580017089844,26560800
2025-06-10,81.71215403980159,81.78807880238531,81.1617103719454,81.50336456298828,24857000
2025-06-11,81.43693023328404,81.99686629304624,81.34202790264509,81.75011444091797,36334800
2025-06-12,82.46189356130465,82.75609296124236,82.1866717314407,82.72762298583984,43017800
2025-06-13,82.31005174956351,82.45240162738997,81.40846149335434,81.93043518066406,49374000
2025-06-16,81.69318823840776,82.02535007183391,81.10478210449219,81.10478210449219,36496600
2025-06-17,81.61724747674313,82.24361587471915,81.37998803640376,82.09176635742188,34521600
2025-06-18,82.45239785972953,82.65169492016351,81.94940900616994,82.23412322998047,38589000
2025-06-20,81.75011361644671,82.36698962025417,81.56979412164266,82.082275390625,26001900
2025-06-23,82.49985672651748,82.98386803471399,82.34800720214844,82.34800720214844,36851800
2025-06-24,82.06330212334996,83.1262198564473,82.02533974137019,82.94590759277344,32959100
2025-06-25,82.67068402686112,83.05030059814453,82.37648462339382,83.05030059814453,26345300
2025-06-26,83.12621842826496,83.4678726196289,82.75609426105135,83.4678726196289,30467500
2025-06-27,83.10723608244807,83.66717212412475,82.79405188492976,82.93640899658203,74993500
2025-06-30,83.382462199718,83.93290586484116,83.1452027482598,83.7525863647461,53695200
2025-07-01,83.95073066508576,84.12219506552132,83.50302492778944,83.96025848388672,38960600
2025-07-02,83.0553062539412,83.43633176881652,82.96957042577715,83.42681121826172,39382200
2025-07-03,83.03623874337775,83.15055074205112,82.73141401451022,82.8457260131836,26729100
2025-07-07,82.43611695582109,82.4551653217687,81.84551586511789,82.05508422851562,38314700
2025-07-08,81.51212460877404,81.95983757131769,81.38829204646021,81.95030975341797,31407000
2025-07-09,82.10272653464813,82.80763244628906,82.0931987166596,82.80763244628906,29821900
2025-07-10,82.71236026122406,82.93144915991795,82.38847991987554,82.8647689819336,24525500
2025-07-11,82.14082406420239,82.17892079796206,81.57879912871276,81.72168731689453,40764800
2025-07-14,81.48353649445909,81.80740957968212,81.27396813691732,81.55021667480469,24609500
2025-07-15,81.81695746930852,81.83601310699359,80.87390689659539,80.97869110107422,40455000
2025-07-16,81.23585997162476,81.59784430430024,80.19755332127379,81.09297180175781,65987700
2025-07-17,81.17872065263279,81.43591358563772,80.95962445462494,81.07393646240234,31875500
2025-07-18,81.37876136077745,81.40733754587394,81.06440878952512,81.19776916503906,27534900
2025-07-21,82.13131371852779,82.40756233641945,81.88364129083239,81.92174530029297,40019500
2025-07-22,82.08366754144018,82.65521304824833,82.026515171038,82.41706848144531,35190300
2025-07-23,81.96935905495643,82.1122399744328,81.72168668187223,81.95983123779297,31008500
2025-07-24,81.49309000844974,82.15036420266122,81.454985998009,81.81696319580078,25164800
2025-07-25,81.73123045216286,82.34088005290991,81.65502243517035,82.33135223388672,27196200
2025-07-28,81.91220207815822,82.11224263951286,81.75979333657173,81.79789733886719,26812500
2025-07-29,82.14083130858366,83.19818655215354,82.11224785435027,83.17913818359375,47828300
2025-07-30,82.65520938588443,82.83620157426569,82.45516883074492,82.75047302246094,40670900
2025-07-31,82.99813625374651,83.26486425550344,82.72188770262302,82.798095703125,49814100
2025-08-01,83.72658533058505,84.08038920676172,83.68833567137325,83.97520446777344,63434500
2025-08-04,84.10906853246671,84.29075257671309,83.81264281427612,84.2046890258789,36425200
2025-08-05,84.00388676809465,84.5776170442078,83.93695169080438,84.46287536621094,28586100
2025-08-06,83.99432564969106,84.19513818439711,83.11460537394944,83.97520446777344,42589300
2025-08-07,84.07081910305544,84.38637329800623,83.75526490810466,83.8317642211914,29213100
2025-08-08,83.53535702598477,83.56404245090921,83.33455175613597,83.46842193603516,21596300
2025-08-11,83.70747555544114,83.83178149328616,83.45885638437355,83.56404113769531,20100900
2025-08-12,83.09548868301985,83.16242376641392,82.76081326604942,83.14329528808594,41052300
2025-08-13,83.61183781528707,83.96563437140519,83.60227357730722,83.8317642211914,30817500
2025-08-14,83.678788504256,83.678788504256,83.0859296602746,83.21023559570312,33397400
2025-08-15,82.86601268831416,82.98075439709788,82.47395906229445,82.61739349365234,36343600
2025-08-18,82.71299418261998,82.75124384150222,82.22532015109218,82.3783187866211,26777500
2025-08-19,82.66518175589724,82.95205055492949,82.66518175589724,82.85643005371094,28780600
2025-08-20,82.799061526598,83.16242968692937,82.77037610244076,83.03811645507812,25912500
2025-08-21,82.7703802529783,82.88512925073876,82.34008427828776,82.626953125,28643900
2025-08-22,83.02855263224544,83.47797702781665,82.92336788879784,83.23892211914062,49871900
2025-08-25,82.93294283842879,83.23893286923686,82.85644350688233,82.9998779296875,27011900
2025-08-26,82.72257381354147,82.99031418015957,82.44526920657906,82.95206451416016,30259300
2025-08-27,82.34007059267886,82.86599429244578,82.23488585272548,82.85643005371094,38142800
2025-08-28,82.98073504393456,83.43972365815667,82.86599336191142,83.40147399902344,32205900
2025-08-29,82.96162292081726,83.05724343140307,82.65563290971632,82.80862426757812,41686400
2025-09-02,82.19239044189453,82.39395913624278,82.04841803386957,82.19239044189453,48760600
2025-09-03,82.48035120365321,83.32502107753186,82.44195611987054,83.09465789794922,52499500
2025-09-04,83.52660387697082,83.73777321187086,83.10427253028543,83.72817993164062,40501600
2025-09-05,84.67842114093247,85.0527640575545,84.60163097262192,85.00476837158203,69668000
2025-09-08,85.59027305114205,86.156591338662,85.54228469250967,86.13739013671875,54538700
2025-09-09,85.81105417652913,85.95503391751416,85.41751003937765,85.64788055419922,37126400
2025-09-10,85.8110429348122,86.45414406076654,85.6094742530853,86.13739013671875,40713600
2025-09-11,86.30058715282136,86.84770434041626,86.29098655005957,86.71331787109375,46694400
2025-09-12,86.22378844034746,86.36776817506278,85.89743388678517,86.3389663696289,32968600
2025-09-15,86.53092674360813,86.82847943999576,86.45413658869771,86.54052734375,24820100
2025-09-16,86.47335124753485,86.86689539369492,86.42536288151722,86.72291564941406,26794200
2025-09-17,87.06845485122577,87.3852087903505,86.2621800859409,86.50214385986328,49121800
2025-09-18,85.67666374264886,85.87823242420869,85.33111533908547,85.6094741821289,55717900
2025-09-19,85.49429237552873,85.64787270466765,85.22553412264878,85.44629669189453,32509200
2025-09-22,85.25433014639958,85.3407209138819,84.98557188865603,85.13914489746094,24758200
2025-09-23,85.39830512619639,85.77264801053119,85.18713584311259,85.7342529296875,26689000
2025-09-24,85.50390489493644,85.58069507020937,85.13915522394704,85.40792083740234,28098000
2025-09-25,85.28313497180527,85.4559092046123,84.90879202124239,85.40792083740234,29882500
2025-09-26,85.41749152526096,85.87822513192692,85.12953942881794,85.33110809326172,30955100
2025-09-29,85.70545213793856,86.13738395017224,85.67665766020464,86.03179931640625,32286200
2025-09-30,86.06060829718867,86.42535058410239,85.62866912580647,85.7822494506836,38584000
2025-10-01,86.15789174073716,86.34090135879927,85.81114054262123,86.0037841796875,39408900
2025-10-02,86.0230542947609,86.38907357099039,85.90747544846036,86.25422668457031,23208300
2025-10-03,86.331268398184,86.41795987307746,85.98451719581702,86.09046936035156,25884500
2025-10-06,85.44513731286015,85.8785800287255,85.38734789018642,85.40660858154297,28371000
2025-10-07,85.69555685243353,86.0904634259833,85.54144195151454,85.8978271484375,29103300
2025-10-08,86.30236525822063,86.3216332945828,85.8496619355454,85.96524810791016,22506200
2025-10-09,85.88819312997933,86.00377930566857,85.73408557766328,85.8978271484375,21578700
2025-10-10,86.66840603206539,87.38116923419186,86.59134856464507,87.28485107421875,59389400
2025-10-13,86.95735890376375,87.24632072694347,86.55281823019568,87.23668670654297,28035500
2025-10-14,87.31373615152394,87.57379588961196,87.10183181380584,87.51600646972656,29800000
2025-10-15,87.61231103163591,87.93980150693939,87.14034702902478,87.32335662841797,31333900
2025-10-16,87.18851953401807,88.13245507310486,87.12109609184074,87.97834014892578,39631200
2025-10-17,87.89164571650474,87.93017444303477,87.55452854512097,87.8434829711914,40240400
2025-10-20,88.0939268036768,88.19024495749142,87.92055118736884,88.18061828613281,28429300
2025-10-21,88.60441017051926,88.79705380618005,88.52736006485824,88.61404418945312,24514300
2025-10-22,88.6044210388212,88.78743067799626,88.4406794398773,88.67184448242188,30496200
2025-10-23,88.23840093258372,88.41177653557757,87.9301784548839,88.06502532958984,28275100
2025-10-24,88.219140247261,88.22877426728685,87.80497291800269,88.10356140136719,28266000
2025-10-27,87.95907601895513,88.41177940527776,87.73753766125972,88.40214538574219,30033600
2025-10-28,88.4695744405604,88.78743096797491,88.43104570857642,88.63331604003906,23564500
2025-10-29,88.49845940787453,88.50809342696078,87.67011013293903,87.73753356933594,39551600
2025-10-30,87.06329395089395,87.62194944652563,87.02476522547767,87.22703552246094,42649200
2025-10-31,87.22703970374107,87.3233651962007,86.88028850697575,86.96697998046875,38247300
2025-11-03,86.63349244850741,86.8268246687067,86.44015285315666,86.7494888305664,40752300
2025-11-04,86.78815364663231,87.05882169529451,86.74948572894468,86.94282531738281,26383800
2025-11-05,86.5271427169968,86.56581062945398,85.9181323147341,85.99546813964844,44643400
2025-11-06,86.5754745191726,86.85581136103492,86.54647542779898,86.76881408691406,33027400
2025-11-07,86.38215063806527,86.87515736430394,86.38215063806527,86.58515167236328,28530100
2025-11-10,86.5078208491766,86.6818227993906,86.41115473798027,86.56582641601562,24093500
2025-11-11,86.95248175107834,87.06848549745153,86.78814864174606,86.96215057373047,18942300
2025-11-12,86.95248080636497,87.3101534890999,86.88481379883682,87.1168212890625,23594900
2025-11-13,86.8074834102993,86.9428174223411,86.40147399902344,86.40147399902344,33825900
2025-11-14,86.79782542423048,86.84615479162164,85.90848541259766,85.90848541259766,38550500
2025-11-17,86.11146282184244,86.32413263041818,86.01479673843967,86.12112426757812,25605800
2025-11-18,86.37248470536542,86.46915081419681,85.84081741921709,86.09214782714844,31967400
2025-11-19,86.25648666319334,86.333815123678,85.88914513149858,85.91814422607422,25782400
2025-11-20,86.02446987408348,86.44014072683558,86.02446987408348,86.25647735595703,32945000
2025-11-21,86.66248177925799,86.68181204903928,86.2274732700973,86.5174789428711,41938600
2025-11-24,86.95247723033972,87.06848097068178,86.78814412955127,87.01048278808594,30865700
2025-11-25,87.30049324708912,87.571161303805,87.126491299893,87.23282623291016,36503300
2025-11-26,87.14581492471669,87.6194839477539,86.83647899893624,87.6194839477539,34099000
2025-11-28,87.44547291341162,87.51313990964917,86.95246629788117,87.20380401611328,40704300
2025-12-01,86.19585999199764,86.33167730202963,86.06004268196564,86.11824798583984,47086600
2025-12-02,85.93392582809922,86.30257174269721,85.81750782278446,86.15705108642578,27605700
2025-12-03,86.2637646055108,86.49660061307569,86.0891413005811,86.39958190917969,23278600
2025-12-04,86.25405810469228,86.27345740220557,85.83690289402982,85.93391418457031,25541500
2025-12-05,85.90481661801621,85.90481661801621,85.41975273513975,85.53616333007812,32808100
2025-12-08,85.55556640499523,85.56526235317095,84.94438120151656,85.25482177734375,32255200
2025-12-09,85.70109039334346,85.71079374422357,85.2160264701713,85.34214782714844,25771800
2025-12-10,85.37125217106431,85.87571540451124,85.23543486200214,85.67198944091797,46833500
2025-12-11,86.04064407934999,86.17646139048408,85.52647748698689,85.55558013916016,26778700
2025-12-12,84.7697706636449,84.88618867264603,84.58545140125347,84.73096466064453,47030100
2025-12-15,85.09961756187673,85.25483417161199,84.77947358984444,84.78917694091797,28611800
2025-12-16,84.58543868034937,85.29362777450804,84.56603198102364,85.25482177734375,41018700
2025-12-17,85.01230347020973,85.3615500991713,84.96380151709684,85.17723083496094,24668300
2025-12-18,85.49736329611942,85.73989525447824,85.43915799458945,85.58467864990234,39048900
2025-12-19,85.32367535513235,85.46976234757273,85.1288976520739,85.26524353027344,37858100
2025-12-22,85.13863202064128,85.17758904762485,84.97307022868097,85.0802001953125,25547100
2025-12-23,84.79775876563707,85.29445152169093,84.75880174258458,85.21653747558594,33624100
2025-12-24,85.46975354751312,85.7814022984948,85.36262359277328,85.73270416259766,25942000
2025-12-26,85.80088504195551,85.86905798035062,85.31393335904964,85.45027923583984,26522700
2025-12-29,85.65479640391325,85.77166748046875,85.49897573213211,85.77166748046875,29399800
2025-12-30,85.45028284692226,85.7424568411301,85.3821099056462,85.56715393066406,25106800
2025-12-31,85.39184056381683,85.6158415893193,84.85619078345816,84.88541412353516,36500000
2026-01-02,85.11915122276858,85.12889233640117,84.74906320765648,84.75880432128906,40731300
2026-01-05,84.90489765673112,85.23602124208574,84.83672471678791,85.1775894165039,30178000
2026-01-06,84.87567643136431,85.06071301088929,84.6322005996222,85.00228118896484,39015200
2026-01-07,85.54766837140983,85.7132375911722,85.19706999441897,85.49897766113281,39930900
2026-01-08,85.05098266052232,85.26524258969893,84.97306860804119,85.0704574584961,28204900
2026-01-09,85.02176613013293,85.70349550865276,84.8464632284717,85.63532257080078,57348800
2026-01-12,85.21653356924962,85.61583746451429,85.12888584411859,85.38209533691406,36103100
2026-01-13,85.58661480061315,85.61583813951262,85.25549126267366,85.52818298339844,30451400
2026-01-14,85.61584185671992,86.12226829858331,85.59635962994109,86.0248794555664,39233500
2026-01-15,86.32679149692405,86.34627372469564,86.00540161132812,86.00540161132812,37988900
2026-01-16,85.83010286881392,86.01514689013995,85.42106522931834,85.50872039794922,46382400
2026-01-20,84.36924305314001,84.75880587235358,84.28159531972067,84.38872528076172,66009500
2026-01-21,84.53481639579744,85.19707099172001,84.35951349010342,85.03150177001953,51220100
2026-01-22,84.99254337968866,85.46976137826803,84.8659386171658,85.4015884399414,42419300
2026-01-23,85.53793372105409,85.73271142054747,85.21654382962633,85.63532257080078,35968800
2026-01-26,86.09305543818428,86.18070317091632,85.89827031495861,86.04435729980469,38882400
2026-01-27,85.81062807039217,85.94697395022402,85.39184931653912,85.50872039794922,35180100
2026-01-28,85.22628658879589,85.41132317779845,85.01202665704156,85.31393432617188,38750300
2026-01-29,84.8756688294906,85.45026817439764,84.80749589992041,85.33340454101562,43855000
2026-01-30,85.09967702361028,85.27497993407142,84.856201171875,84.856201171875,45832200
2026-02-02,85.0732334271969,85.11233946437497,84.61375427246094,84.61375427246094,38171400
2026-02-03,84.55508976899318,84.83860293873713,84.49643444377504,84.81905364990234,27438200
2026-02-04,84.69195637567702,84.838602146066,84.52576131663594,84.60397338867188,37872900
2026-02-05,84.98524294892987,85.52294158935547,84.80926952649179,85.52294158935547,50268900
2026-02-06,85.4936059344872,85.58159637451172,85.24919881922715,85.58159637451172,33461800
2026-02-09,85.24920141760843,85.62070501770357,85.08300636425716,85.56204223632812,24708900
2026-02-10,86.26594056278036,86.54945373535156,86.24639127375063,86.54945373535156,37253700
2026-02-11,86.07041653157941,86.50057547084481,85.97265517048648,86.0899658203125,37014000
2026-02-12,86.3832632328012,87.28267974992137,86.37348485841326,87.23380279541016,48454900
2026-02-13,87.62483914693824,87.80081257403579,87.51729941600566,87.71282958984375,56785200
2026-02-17,87.91812950414021,88.10388130212722,87.75193445263258,87.8594741821289,32356700
2026-02-18,87.68350085835287,87.84969591005189,87.46842139911254,87.5270767211914,35415400
2026-02-19,87.39998707063808,87.71282788398133,87.3706594098111,87.61506652832031,28658600
2026-02-20,87.69327285021856,87.73237888498936,86.94050219234289,87.4097671508789,49610800
2026-02-23,87.5466469892462,87.98657689021145,87.52709023972379,87.73239135742188,33614600
2026-02-24,87.93767088969197,88.03543969587635,87.75192656710962,87.8887939453125,24933900
2026-02-25,87.70304466985885,88.06476987042316,87.70304466985885,87.89857482910156,23625800
2026-02-26,88.0452177149556,88.29940320586539,88.0354468005188,88.25051879882812,29447100
2026-02-27,88.66113424216526,88.82732930305437,88.52426684393733,88.78822326660156,51272000
2026-03-02,88.25952686809512,88.26933027342643,87.6513789793561,87.89659881591797,55465500
2026-03-03,87.27865425063578,87.95545596293432,87.23941817573909,87.72004699707031,51850400
2026-03-04,87.56309715706648,87.72985233570523,87.39634946194333,87.44539642333984,47069500
2026-03-05,86.93532562466756,87.23940328232604,86.81762490358733,87.09226989746094,45768900
2026-03-06,86.6312626966552,87.2394105793249,86.33699590231153,86.76858520507812,58136900
2026-03-09,86.61165423184697,87.61214792962328,86.52337119419603,87.52387237548828,52478700
2026-03-10,87.10208719744803,87.24921310962905,86.58221486818542,86.59202575683594,48651500
2026-03-11,86.07216821545536,86.131018585322,85.41498080689117,85.47383117675781,54679900
2026-03-12,85.24822513612168,85.58172051221949,85.12070603530697,85.30707550048828,48977000
2026-03-13,85.26784969347204,85.48364436681196,84.81664605081413,84.88530731201172,43460000
2026-03-16,85.51305528793324,85.66999208012757,85.29726065059046,85.54248046875,37341500
2026-03-17,85.68962514172458,85.89560891808499,85.65038906762985,85.77790069580078,19578100
2026-03-18,85.68962498523048,85.80733320729972,85.2678465438773,85.29727172851562,37596600
2026-03-19,85.39536022040357,86.05255512166099,85.30708466437092,85.817138671875,60307400
2026-03-20,85.15014626068614,85.19919322866681,84.12022728474173,84.18888854980469,78948500
2026-03-23,84.53219065357453,85.06186645054387,84.29678168276024,84.73817443847656,69686700
2026-03-24,84.08097683732105,84.64007775257184,83.92403255341854,84.36543273925781,51799400
2026-03-25,85.09128987377937,85.21880150459647,84.8264557225389,85.1795654296875,37861000
2026-03-26,84.68912193098801,84.95396355389988,84.2869652773101,84.4635238647461,39537000
2026-03-27,83.86517993843388,84.45370602024617,83.81613298015155,84.00250244140625,39928900
2026-03-30,84.97357887504705,85.28745998055595,84.83625635910664,85.12071228027344,36473200
2026-03-31,85.26784150285755,85.49344704427351,84.91472434104199,85.03243255615234,47112200
2026-04-01,84.96841550394505,85.39187917007767,84.91918008576286,84.94872283935547,31157600
2026-04-02,84.89948760810346,85.52975811996613,84.8404020955592,85.47067260742188,33310600
2026-04-06,85.18507290716202,85.52975089023025,85.07674446770964,85.33279418945312,14660300
2026-04-07,85.20476611184816,85.36233748420166,84.604045916646,85.32294464111328,22747200
2026-04-08,86.03199997471161,86.04185006374452,85.41157960713551,85.59868621826172,22244900
2026-04-09,85.37219172556944,85.8054979937831,85.07674914474548,85.38203430175781,18909100
2026-04-10,85.28354510644384,85.36233078643885,85.01765282823065,85.17521667480469,13247700
2026-04-13,85.12598926713555,85.48051734704535,84.93887513790075,85.4312744140625,12719700
2026-04-14,85.38203558357048,85.91382772898706,85.31309998213224,85.88428497314453,16606900
2026-04-15,85.69716214783361,85.74640507819078,85.41157719469413,85.51005554199219,15119600
2026-04-16,85.5986924384439,85.64793537377025,84.8896362448798,84.96842193603516,20001000
2026-04-17,85.72672151838583,85.88428538811294,85.56915013524163,85.74641418457031,29604100
2026-04-20,85.78580059542905,85.80549326013636,85.39187968053427,85.72671508789062,14623500
2026-04-21,85.64793399755352,85.7661050189707,85.21462021657874,85.25401306152344,19798700
2026-04-22,85.72671752799958,85.83504597051451,85.39188211111254,85.42142486572266,13676800
2026-04-23,85.51006399931147,85.71687080311636,84.92902891997836,85.23432159423828,21106700
2026-04-24,85.14567659804624,85.50020465574545,84.9388698166244,85.39187622070312,22285700
2026-04-27,85.17522874025518,85.30325736673689,84.87979366854816,84.96842193603516,19250100
2026-04-28,84.81085297728248,85.05705261230469,84.63358893952982,85.05705261230469,14553600
2026-04-29,84.6828245344934,84.6828245344934,84.24951828507699,84.39723205566406,29020800
2026-04-30,84.5843432188901,84.59419330772293,84.09194396507729,84.31845092773438,28516200
2026-05-01,84.51119799227774,85.00541552439633,84.35304476224249,84.61992645263672,21281000
2026-05-04,84.36292894170006,84.37281540360001,83.77975588933707,83.9774398803711,27226000
2026-05-05,84.16524835705475,84.50131266364617,84.10593712441536,84.44200897216797,18226500
2026-05-06,85.0548360711699,85.17344344664652,84.92633469285597,85.08448791503906,22530700
2026-05-07,85.28218101577613,85.29206747850932,84.61004483198774,84.65946960449219,21178300
2026-05-08,85.06471499168583,85.28217190160721,84.9955248422709,85.08448791503906,30797600
2026-05-11,84.88680215957694,84.9263404678113,84.50131308074346,84.57050323486328,17713700
2026-05-12,84.20478687760898,84.21466579877284,83.93790518296113,84.00709533691406,27680600
2026-05-13,83.95767809841804,84.06640656049805,83.6117197875301,83.81929779052734,26295100
2026-05-14,84.27397620320758,84.39258358529752,83.92802543684341,83.93790435791016,25247200
2026-05-15,82.90004480689505,82.99888679704388,82.62327667685369,82.69247436523438,50796000
2026-05-18,82.7320082293147,82.94946514048908,82.35640563620669,82.5936279296875,26166200
2026-05-19,82.0005717977623,82.26745348741964,81.81276672290426,82.05987548828125,35346600
2026-05-20,82.09941461055185,83.0285459907629,82.07964922723636,82.93959045410156,44498000
2026-05-21,82.65294266780599,83.28554050471774,82.36629559464892,83.24600219726562,24887000
2026-05-22,83.63148581611539,83.70067596435547,83.1669201602917,83.70067596435547,27987700
2026-05-26,84.35304414052229,84.39258244773968,83.91813784345293,84.1158218383789,22531200
2026-05-27,84.2640823144559,84.49142567869347,84.16524032437192,84.31350708007812,23589600
2026-05-28,84.37281810388218,84.85714917622877,84.28385502625707,84.74842071533203,25417300
2026-05-29,84.81761333615437,84.96588010906906,84.56062564034099,84.76819610595703,33118600
2026-06-01,84.27797989690306,84.88329744066357,84.14898065198554,84.81383514404297,26322400
2026-06-02,85.14131211482669,85.16115524265898,84.84361220157956,84.99246215820312,20319000
2026-06-03,84.63522431624384,84.7741489219402,84.4466805353031,84.65506744384766,15372000
2026-06-04,84.95276116242779,85.05199193486152,84.76421739522787,84.8436050415039,15866500
2026-06-05,84.3375201225551,84.69475696786394,84.26805782323521,84.406982421875,26461200
2026-06-08,84.575685012853,84.6749157897616,83.97036743164062,83.97036743164062,22922700
2026-06-09,84.31767989372669,84.52606679884806,84.12913611588318,84.4665298461914,22617700
2026-06-10,84.46652597847668,84.6451443990908,84.04974461649526,84.22836303710938,21258300
2026-06-11,84.5161367307787,85.37946035021127,84.38713748361768,85.3199234008789,35190500
2026-06-12,84.98253486363711,85.17107864243278,84.7543048300853,85.11153411865234,23092600
2026-06-15,85.30007554209193,85.44892549119821,85.0123009927059,85.06192016601562,17632700
2026-06-16,85.30007508625248,85.71684888486452,85.27030661075489,85.52831268310547,26472500
2026-06-17,85.66724395751953,85.92524247914956,85.27031325470422,85.66724395751953,34507500
2026-06-18,86.40155792998294,86.51071405885553,85.98478411291846,86.08401489257812,32350900
2026-06-22,85.63746397741896,85.66723245123768,85.30999562376805,85.42906951904297,28595100
2026-06-23,85.45885081787317,85.76646849400962,85.43900012022526,85.5382308959961,19145500
2026-06-24,86.48093746575337,86.7984804733566,86.45116899173159,86.70916748046875,41837000
2026-06-25,86.90764281428126,87.11602971817607,86.61986826009613,86.67940521240234,28380000
2026-06-26,86.34201954621982,86.69925640373603,86.33209419717129,86.6893310546875,21650800
2026-06-29,86.68932769217226,86.8679461140021,86.62979074183657,86.77863311767578,19457200
2026-06-30,86.48093739864547,86.51070587264417,85.71684456884087,85.75653839111328,31079500
2026-07-01,85.13704705466972,85.4458008648752,85.08724462131457,85.1768798828125,28109800
