date,open,high,low,close,volume
2007-07-02,32.25179222409033,32.917571953746496,32.18838495987895,32.876808166503906,217100
2007-07-03,32.90851226040104,33.03532677728763,32.69111347756943,32.786224365234375,92000
2007-07-05,33.05798968023959,33.655832365080634,33.05798968023959,33.2799186706543,129100
2007-07-06,33.338792012778804,33.45201980701988,32.98552184761672,33.23915100097656,110800
2007-07-09,33.29350066740258,33.29350066740258,32.99457764024494,33.21650314331055,64600
2007-07-10,32.962859016218836,32.999092722213966,32.3333130601581,32.37407684326172,119300
2007-07-11,32.29257079640806,32.41938538289255,31.96647417091173,32.31068420410156,138700
2007-07-12,32.38314256504122,32.72735595703125,32.26991479383478,32.72735595703125,92000
2007-07-13,32.591475036057105,33.08061974372164,32.58241833647963,33.03985595703125,107200
2007-07-16,33.02174291138286,33.452006982371444,32.763580322265625,32.763580322265625,88200
2007-07-17,32.88134430720311,32.99910215763956,32.62318512518609,32.64583206176758,123700
2007-07-18,32.541672053175446,32.57790578184801,32.01629680917753,32.5733757019043,136500
2007-07-19,32.66397885862462,32.87684436258386,32.65491869351284,32.695682525634766,76900
2007-07-20,32.609595611974136,32.64582932529234,31.930229036724675,32.12498092651367,157100
2007-07-23,32.247266298373056,32.247266298373056,31.567899703979492,31.567899703979492,134300
2007-07-24,31.35955868157244,31.640364763519894,30.81153675111504,30.92929458618164,128900
2007-07-25,31.160295326751818,31.373160711304767,30.38581404984338,30.59415626525879,262800
2007-07-26,30.630385880233167,30.630385880233167,29.584162022837592,30.032543182373047,317500
2007-07-27,29.982723293435463,30.34505367471194,29.03614044189453,29.03614044189453,252000
2007-07-30,29.42111270177709,29.72456239260746,29.090489443242035,29.597747802734375,197200
2007-07-31,29.937427436823683,30.363165039390413,29.443755923581822,29.4799861907959,552700
2007-08-01,29.443755528385296,29.964604054344317,28.850441285813787,29.869489669799805,202500
2007-08-02,30.136694174356236,30.390323193435314,29.91023870576814,30.363149642944336,545600
2007-08-03,30.20464805475169,30.227291540754834,29.19012451171875,29.19012451171875,169300
2007-08-06,29.552453398066138,30.20917320251465,28.782504075101464,30.20917320251465,333300
2007-08-07,29.864960711013584,30.643968399477643,29.60680150778423,30.37674903869629,233700
2007-08-08,30.56696827360886,31.653955572767384,30.4310970208624,31.576961517333984,293500
2007-08-09,30.965530382879198,31.762651359707785,29.806075720827977,31.22821617126465,453700
2007-08-10,30.607741328359104,31.219170789294544,30.27258453489003,30.286174774169922,193700
2007-08-13,30.23182384250454,30.67567835713944,30.14124298095703,30.14124298095703,178000
2007-08-14,30.163893682870995,30.163893682870995,29.23542753591506,29.276187896728516,440600
2007-08-15,29.149359848482995,30.046121927618405,28.782501220703125,28.782501220703125,629200
2007-08-16,28.710035011535403,29.937423706054688,28.542458384450324,29.937423706054688,472100
2007-08-17,30.69378674409726,31.454677605117535,30.127647813440447,30.616792678833008,517700
2007-08-20,30.571498923417455,31.228218629227005,30.45827114962702,31.17839813232422,367800
2007-08-21,30.992707112560407,31.495438716505575,30.91571305386836,31.323333740234375,250600
2007-08-22,31.703798294067383,31.90308041765654,31.336941162405335,31.703798294067383,274700
2007-08-23,31.703785665477238,31.780779744216748,31.12405985189294,31.160293579101562,277300
2007-08-24,31.305206867009638,31.386730978203794,30.911173086998485,31.327850341796875,240900
2007-08-27,31.151212770621743,31.205563325407756,30.648481369018555,30.648481369018555,205100
2007-08-28,30.562447036803295,30.562447036803295,29.71097183227539,29.71097183227539,195400
2007-08-29,29.896666147953297,30.797958374023438,29.896666147953297,30.797958374023438,239200
2007-08-30,30.091426987705727,30.988189400135735,30.091426987705727,30.956485748291016,269100
2007-08-31,31.268987329275266,31.83059620784377,31.096882330075974,31.46826934814453,1092000
2007-09-04,31.48185051153068,32.156687061208224,31.377679441503346,31.88494110107422,359600
2007-09-05,31.567899258478878,31.644896764222455,31.101401423115345,31.119518280029297,255600
2007-09-06,31.314275494591133,31.44562013796217,30.947418582186412,31.39579963684082,181800
2007-09-07,30.852303571875662,31.006291678261256,30.598671021009295,30.639434814453125,330200
2007-09-10,30.820602214115226,30.933829990867395,30.15029225534988,30.322397232055664,188200
2007-09-11,30.576023210155814,30.951936721801758,30.571493132539803,30.951936721801758,369400
2007-09-12,30.811538992973347,31.087815017210236,30.707371383764983,30.77077865600586,107200
2007-09-13,31.010828227122722,31.61320090989295,30.95647764300278,31.4637393951416,133700
2007-09-14,31.137636375976395,31.66754150390625,30.96100133333311,31.66754150390625,427500
2007-09-17,31.527148162199246,31.631315800688228,31.25087206030354,31.436567306518555,107500
2007-09-18,31.617726137026537,32.55525207519531,31.495441647455756,32.55525207519531,154600
2007-09-19,32.632251684647414,33.26632456808963,32.632251684647414,33.16668701171875,200400
2007-09-20,32.95834203359811,32.95834203359811,32.30615234375,32.30615234375,498400
2007-09-21,32.5914713767644,32.70016903667331,32.46465686429796,32.5371208190918,82600
2007-09-24,32.67350114043903,33.15399169921875,32.6002815364519,33.15399169921875,131500
2007-09-25,32.77417985834557,32.77417985834557,32.33029556274414,32.33029556274414,380800
2007-09-26,32.623167300998055,32.8016357421875,32.4218168580958,32.8016357421875,155900
2007-09-27,32.96179352411668,33.05331802368164,32.78332511409335,33.05331802368164,141200
2007-09-28,32.93433754435696,32.93433754435696,32.62773832974143,32.70095443725586,174800
2007-10-01,32.99382746525446,33.49720001220703,32.98925036727865,33.49720001220703,884900
2007-10-02,33.652784827597834,34.10581970214844,33.58871943084531,34.10581970214844,205200
2007-10-03,33.95024764325558,34.08295559008036,33.753474272626256,33.94109344482422,168300
2007-10-04,34.0509150303204,34.28887176513672,33.74888939516201,34.28887176513672,136300
2007-10-05,34.43072923973118,35.094268798828125,34.18361831682296,35.094268798828125,266300
2007-10-08,34.54056214255818,34.65953877240309,34.40785421729746,34.43073272705078,140900
2007-10-09,34.52683804413793,34.81513595581055,34.15617329062047,34.81513595581055,159300
2007-10-10,34.81513137174826,34.86089188607147,34.43073537056566,34.57259750366211,187600
2007-10-11,34.94783329876469,34.998170903256934,34.34835914289424,34.435306549072266,111800
2007-10-12,34.54971214747187,34.63208246178022,34.11040496826172,34.11040496826172,129500
2007-10-15,34.13785882157365,34.24768473790642,33.39195242405491,33.46974563598633,205100
2007-10-16,33.35533320813063,33.42397569570526,32.96636376694364,33.062461853027344,205800
2007-10-17,33.332457753753225,33.918204070163256,32.28452930367045,33.01213073730469,263900
2007-10-18,32.755877761490765,33.355348546619076,32.40809155813758,33.02129364013672,134000
2007-10-19,32.81993893597787,32.81993893597787,31.616416931152344,31.616416931152344,184500
2007-10-22,31.61641063052785,32.4446907043457,31.465401327612906,32.4446907043457,246600
2007-10-23,32.69638213478412,32.787906646728516,32.202163735496974,32.787906646728516,185500
2007-10-24,32.53622193040533,32.53622193040533,31.73997779722659,32.238773345947266,370600
2007-10-25,32.64604700014478,32.74672222526179,32.00996643196379,32.30741500854492,310000
2007-10-26,32.74671287788432,32.98009597028272,32.22961258620003,32.79705047607422,144600
2007-10-29,32.78331979944417,32.86111299298598,32.26164245605469,32.26164245605469,133200
2007-10-30,32.43554294622159,32.88858141877838,32.43554294622159,32.705535888671875,178600
2007-10-31,32.91146544577825,33.38738250732422,32.38978786685941,33.38738250732422,263600
2007-11-01,32.56368109186275,32.636897217736326,31.82692527770996,31.82692527770996,278700
2007-11-02,32.000808193381914,32.000808193381914,30.93457136569108,31.373878479003906,306500
2007-11-05,30.888814234347855,31.323544297421194,30.774411218665087,30.920846939086914,309000
2007-11-06,30.756108059506804,31.309818267822266,30.623400134840644,31.309818267822266,212600
2007-11-07,30.650861282837088,31.071863594624638,30.24358328471478,30.335107803344727,495200
2007-11-08,30.495257245758747,30.696607602336478,29.918665264569107,30.42661476135254,294100
2007-11-09,30.097149327330463,30.66459090250657,29.973595583997497,30.179519653320312,247200
2007-11-12,30.24357725936007,30.97575929731518,30.14747915242157,30.527297973632812,277800
2007-11-13,30.522718892842512,31.538618087768555,30.522718892842512,31.538618087768555,175900
2007-11-14,32.04197483756225,32.04197483756225,30.897945404052734,30.897945404052734,311500
2007-11-15,30.989491455009148,31.135927184920636,30.431204143689342,30.843055725097656,342800
2007-11-16,31.204568475231685,31.222873377166795,30.11544950356243,30.266462326049805,361500
2007-11-19,30.202385500706455,30.202385500706455,29.60748863220215,29.60748863220215,316900
2007-11-20,29.927830107886763,30.18866884841028,28.55499389643602,29.035486221313477,482500
2007-11-21,28.724309138999992,29.186496550279557,28.504655560264524,28.834135055541992,339000
2007-11-23,29.41531052475828,29.717336240954744,29.136166814202355,29.401582717895508,164500
2007-11-26,29.721899344267353,29.721899344267353,27.99212646484375,27.99212646484375,221400
2007-11-27,28.436019439268534,28.66025016651372,27.9601023723025,28.646520614624023,291100
2007-11-28,29.05379217273006,29.904949188232422,29.05379217273006,29.904949188232422,302100
2007-11-29,29.8820579987943,29.93239558631053,29.223095755892096,29.42444610595703,152400
2007-11-30,30.065119424551405,30.632561052721446,29.85461823654146,30.22528648376465,275600
2007-12-03,30.321377317379564,30.321377317379564,29.634959199212915,29.900371551513672,423300
2007-12-04,29.90037703996403,29.90037703996403,29.094982147216797,29.094982147216797,299200
2007-12-05,29.685287450868937,30.087984696400717,29.429022393437812,30.074256896972656,223800
2007-12-06,30.074264562221426,31.094737481225362,30.014772761134054,31.030672073364258,180600
2007-12-07,31.117620265713395,31.401341001475735,30.888814234347855,30.920846939086914,264100
2007-12-10,30.939149949970147,31.584381103515625,30.778986436061892,31.584381103515625,248200
2007-12-11,31.712508265368363,31.88182244567498,29.895788337794322,29.91866683959961,280600
2007-12-12,30.939156758224158,30.943733857143812,29.53428764199279,29.818008422851562,416500
2007-12-13,29.721896275080656,29.790538769349432,29.07208811078113,29.47936248779297,318400
2007-12-14,28.911932100395006,29.753936673505322,28.678548956005503,28.738039016723633,922900
2007-12-17,28.472625877617755,28.481778329242857,27.85027313232422,27.85027313232422,509100
2007-12-18,28.31246636918274,28.486359494235334,27.461307396556688,28.280433654785156,494100
2007-12-19,28.344487303300603,28.56871795654297,28.09280104664374,28.56871795654297,370500
2007-12-20,28.877583621041005,28.877583621041005,28.175180082529298,28.449628829956055,998500
2007-12-21,28.57056944181869,29.007827758789062,28.57056944181869,29.007827758789062,374200
2007-12-24,29.012486060161056,30.026552762454635,29.012486060161056,29.947471618652344,121700
2007-12-26,29.700943813390758,29.756765190350226,29.328810172693473,29.44975471496582,371900
2007-12-27,29.2683234104352,29.398571451046653,28.691516996556953,28.863628387451172,353800
2007-12-28,28.858981372286298,29.072957916679652,28.179837501226068,28.356599807739258,395000
2007-12-31,28.524072082812598,28.714790694354146,28.156589317448333,28.589195251464844,335800
2008-01-02,28.589186062390493,28.84968042774521,28.096109787093695,28.500804901123047,5341700
2008-01-03,28.942706162403333,28.942706162403333,27.45417064353218,27.612327575683594,259300
2008-01-04,27.640251642358184,27.640251642358184,26.44942399335407,26.491289138793945,382300
2008-01-07,26.528499681736637,26.914589525367642,26.040074203525048,26.737825393676758,668600
2008-01-08,26.79364320318404,27.49604701474633,25.770276278864092,25.81214141845703,646700
2008-01-09,25.90982623663208,26.26800537109375,24.900411989608667,26.26800537109375,534600
2008-01-10,26.216829508089063,27.119253438031585,25.528382111874286,26.672693252563477,717000
2008-01-11,26.92853798158971,27.08204406096858,25.98889970860254,26.67734718322754,558300
2008-01-14,26.895980421588703,27.175080167318875,25.970298237821073,26.565711975097656,399900
2008-01-15,26.15636555059551,26.28196097527251,25.751670365173844,26.026119232177734,542700
2008-01-16,25.681888681436863,26.742471434259492,25.681888681436863,26.323820114135742,621800
2008-01-17,26.402903505046336,26.58432029989307,25.872612899500623,25.965646743774414,700400
2008-01-18,26.16566098873792,26.407548201037166,25.212068365376183,25.621416091918945,880900
2008-01-22,25.57025914173532,26.719221709471206,24.807384692865845,26.235448837280273,925800
2008-01-23,25.909829526264545,28.724092483520508,25.909829526264545,28.724092483520508,1329400
2008-01-24,28.75200453758285,29.352069279088617,27.74724278326897,28.04960060119629,755600
2008-01-25,28.389161484451712,28.654306719682197,27.607680230781057,27.886781692504883,690400
2008-01-28,27.90539536836627,28.831077575683594,27.486743964647463,28.831077575683594,814200
2008-01-29,28.78455787146608,29.02644512116427,28.342648507103483,28.570579528808594,532400
2008-01-30,28.500810955132145,29.01249445974499,27.793756191385242,27.807710647583008,589500
2008-01-31,27.705368953839354,28.70082683302249,27.46348171061695,28.36590576171875,743400
2008-02-01,28.538028117865835,29.593958655803082,28.46360138179628,29.552093505859375,848600
2008-02-04,29.524167115016738,29.524167115016738,28.817112653589085,29.245065689086914,520000
2008-02-05,28.738042149103567,29.161344423097308,28.212404251098633,28.212404251098633,711000
2008-02-06,28.412428888659452,28.49150650394376,27.686767022973214,27.751890182495117,558000
2008-02-07,27.668157708659766,28.407773971557617,27.444877561771925,28.407773971557617,462600
2008-02-08,28.34264981478881,28.34264981478881,27.15647330006711,27.500696182250977,837500
2008-02-11,27.500690748443553,27.840262670301616,26.82619779703893,26.942489624023438,720200
2008-02-12,27.123908093370275,27.844917111731945,27.123908093370275,27.710018157958984,902800
2008-02-13,28.277531230633603,28.277531230633603,27.435577462087878,27.92865562438965,814900
2008-02-14,27.91935051144395,28.25892253639307,27.39836346523861,27.407665252685547,1046100
2008-02-15,27.305329544636223,27.635598006747653,27.02622801123275,27.63094711303711,1150900
2008-02-19,28.444979573468842,28.444979573468842,27.123904441609312,27.561161041259766,1076500
2008-02-20,27.049489023999488,27.770498245837906,27.02622923097803,27.73328399658203,1518700
2008-02-21,27.947260659991397,28.068203413679743,26.979711532592773,26.979711532592773,1092300
2008-02-22,27.43557380690224,27.742584228515625,26.85411454062895,27.742584228515625,1063400
2008-02-25,28.124027733122208,28.589195251464844,27.403018434585775,28.589195251464844,984800
2008-02-26,28.607799339352795,28.82177594918824,28.21705859447052,28.58454132080078,889100
2008-02-27,28.528708184878457,28.8078078240196,28.263561220880472,28.449628829956055,447800
2008-02-28,28.3333533379147,28.3333533379147,27.863534927368164,27.863534927368164,627800
2008-02-29,27.835634775471085,27.849589238407056,27.361163516434917,27.4635009765625,556600
2008-03-03,27.458830282334148,27.75653712605032,27.123910970389836,27.65420150756836,629500
2008-03-04,27.282073794375908,27.761195737663417,27.063444507878593,27.393712997436523,517100
2008-03-05,27.30533830799464,27.94261741924676,27.30533830799464,27.770505905151367,558300
2008-03-06,27.8309777175296,27.8309777175296,26.49129456359105,26.5052490234375,535000
2008-03-07,26.53780096485498,27.086698662593783,26.1610164901934,26.93784523010254,636400
2008-03-10,27.04483336180768,27.06809137778146,26.430812512840934,26.556407928466797,752200
2008-03-11,27.370445620723526,28.28217315673828,26.95179431618995,28.28217315673828,577700
2008-03-12,28.10540174013252,28.63104117986493,27.686752319335938,27.686752319335938,363400
2008-03-13,27.54256617169528,28.240317394400115,26.868072968185984,28.012386322021484,503300
2008-03-14,28.500801932666885,28.500801932666885,26.97505368964914,27.44487190246582,615900
2008-03-17,27.202979908737785,27.784438957166188,27.012261411832153,27.612327575683594,1021200
2008-03-18,28.468246426439755,28.840380007120935,27.835618452045313,28.826425552368164,774700
2008-03-19,28.714774434287566,29.305537060993473,28.607786178588867,28.607786178588867,372600
2008-03-20,28.72409075444028,29.793977335722566,28.658967593730516,29.561391830444336,531200
2008-03-24,30.277748637028335,30.514985038225436,29.91491858163637,30.22658348083496,384200
2008-03-25,30.514855314609562,30.646101435020885,29.867997902787227,30.303924560546875,752900
2008-03-26,30.008603990088265,30.186726711746598,29.64299072494812,29.722675323486328,437000
2008-03-27,30.528903506244202,30.528903506244202,29.413308395561,29.478931427001953,673300
2008-03-28,30.205490993848684,30.205490993848684,29.061768632325183,29.132080078125,491400
2008-03-31,29.6101733371559,29.919542078721314,29.108623909376675,29.244558334350586,409000
2008-04-01,29.87736433352942,30.908588409423828,29.657056876071437,30.908588409423828,3876600
2008-04-02,31.00234058923899,31.039840499081873,30.364856426662918,30.75859832763672,483400
2008-04-03,30.91795881475183,31.46169662475586,30.561716924617713,31.46169662475586,508900
2008-04-04,31.724191136157717,31.724191136157717,30.899211172829446,30.964834213256836,1124600
2008-04-07,31.49449664554273,31.49449664554273,30.66482866524714,30.678890228271484,681300
2008-04-08,30.91796278517646,30.91796278517646,30.467974665414403,30.636720657348633,452500
2008-04-09,30.585166983700013,30.66954000118535,29.858623144771208,29.867998123168945,515900
2008-04-10,29.858619063012224,30.3601669280209,29.638311571017812,30.15860939025879,576600
2008-04-11,29.746120687587112,30.163297328594012,29.68049763683466,29.788307189941406,422300
2008-04-14,29.7086256923522,30.074242680574265,29.568004599079504,29.614877700805664,410800
2008-04-15,29.821119417229802,29.95236730991797,29.568002185240335,29.914867401123047,218700
2008-04-16,30.30860881104518,31.1289005279541,30.111736081084096,31.1289005279541,358200
2008-04-17,30.941401955024045,31.25076723113487,30.69297134246244,31.24139404296875,400600
2008-04-18,31.69137950127237,31.813252394276894,30.992960815715136,31.063268661499023,814400
2008-04-21,31.105456567506227,31.110144949230722,30.7210915184085,30.833587646484375,307700
2008-04-22,30.81484461621281,30.92265596296404,30.510164107068796,30.75859832763672,522800
2008-04-23,30.75860769370787,31.349215360727698,30.65079631412781,31.142972946166992,693300
2008-04-24,31.189834785939926,31.874192008749933,31.086711827839178,31.761695861816406,886400
2008-04-25,32.253874984717385,32.253874984717385,31.592955970305177,31.939821243286133,454400
2008-04-28,32.03824806691828,32.03824806691828,31.663259736760846,31.897628784179688,699600
2008-04-29,31.588252536871796,31.85543304539118,31.363260306638114,31.550752639770508,806100
2008-04-30,31.822618024979967,31.864806298619648,31.025764968360388,31.110137939453125,629600
2008-05-01,31.14763083823952,31.78042984008789,30.899200332891045,31.78042984008789,780200
2008-05-02,32.21168813822514,32.21168813822514,31.54608078429021,31.752323150634766,1311800
2008-05-05,31.738267212433676,31.75232878806866,31.3585903655326,31.663270950317383,295500
2008-05-06,31.892942667938147,31.897631050552242,31.307020007760393,31.88356590270996,336800
2008-05-07,31.84607761946406,31.87420076988053,30.899224358634115,31.016408920288086,496200
2008-05-08,31.330460574649088,31.330460574649088,30.60860687058093,30.82891082763672,419100
2008-05-09,30.796083300006185,30.97889082281363,30.50077966536037,30.660152435302734,342300
2008-05-12,30.75389818064187,31.39607048034668,30.67421358484848,31.39607048034668,287700
2008-05-13,31.51794612429734,31.546072839679226,31.147642628092846,31.522634506225586,307100
2008-05-14,31.822611038860526,31.892922428699894,31.588242123519862,31.7194881439209,297000
2008-05-15,31.8085742453856,32.103878021240234,31.503893702951608,32.103878021240234,415000
2008-05-16,32.1085731587072,32.1085731587072,31.70076955524873,31.935138702392578,323800
2008-05-19,31.949190376722566,32.11793280138405,31.68669461085253,31.98668670654297,256700
2008-05-20,31.7523234322113,31.8038849183018,31.28827363358529,31.55545425415039,1419600
2008-05-21,31.48982502637119,31.724194071349782,30.65078341620529,30.796091079711914,3444000
2008-05-22,30.63672089494741,30.810155270276997,30.449224949545535,30.533597946166992,3545600
2008-05-23,30.458619037952012,30.505492156916013,30.238311445012474,30.388307571411133,311300
2008-05-27,30.397666065157964,30.91327727680448,30.397666065157964,30.805469512939453,370600
2008-05-28,31.02577687547733,31.03046168175675,30.669534907901546,30.857030868530273,199800
2008-05-29,30.847654197325323,31.19920778350188,30.744531239856787,31.189834594726562,726700
2008-05-30,31.382023206316088,31.382023206316088,30.87578863358881,31.04453468322754,304700
2008-06-02,31.250761259265644,31.250761259265644,30.299223701882642,30.524219512939453,338500
2008-06-03,30.697661394774222,30.791411173396423,30.35079615434305,30.725788116455078,410000
2008-06-04,30.603905004857115,31.128892861817363,30.52890520692542,30.885147094726562,323800
2008-06-05,31.091399285520545,31.602322102128188,30.99296471285819,31.59294891357422,218100
2008-06-06,31.424198032581735,31.424198032581735,30.26172614198696,30.271102905273438,595100
2008-06-09,30.4023497738378,30.632030413717054,29.610181336298922,29.671117782592773,412100
2008-06-10,29.568011353672002,29.910190081104965,29.169582745604725,29.685195922851562,378600
2008-06-11,29.844558234079813,29.994556092563844,29.197700851059018,29.235198974609375,269600
2008-06-12,29.49300026723528,29.811742316915886,29.099261981494003,29.535186767578125,335700
2008-06-13,29.69457050467448,30.027374267578125,29.30551864659853,30.027374267578125,301900
2008-06-16,29.872681661145396,30.439856173550822,29.764872102746114,30.42579460144043,256900
2008-06-17,30.580481265435594,30.580481265435594,29.497697093503426,29.56332015991211,232400
2008-06-18,29.507070405504557,29.507070405504557,28.89302271234293,29.127391815185547,229400
2008-06-19,29.08519768144209,29.8023681640625,28.930515043919886,29.8023681640625,792100
2008-06-20,29.47425875228912,29.53988181471863,28.958645655310615,29.132080078125,271400
2008-06-23,29.333633908328515,29.338320503006866,28.410219192504883,28.410219192504883,271800
2008-06-24,28.328516753339926,28.817757832713504,28.072020691319672,28.428264617919922,964300
2008-06-25,28.50902220195457,29.34500738758118,28.50902220195457,28.893766403198242,1119900
2008-06-26,29.164503500069735,29.169252621830378,27.896274179842166,27.929523468017578,476900
2008-06-27,27.996023483733335,28.124271521267985,27.47353308958511,27.711029052734375,1234000
2008-06-30,27.663528471640458,28.124269372827307,27.42128159304146,27.749025344848633,1266500
2008-07-01,27.022294723042634,27.94852948999002,26.960545255392624,27.725282669067383,2001800
2008-07-02,27.76802395828411,27.863022693555266,27.245533632218002,27.383281707763672,2487500
2008-07-03,27.42128056513646,27.49727919221174,26.99853808878333,27.103036880493164,2056800
2008-07-07,27.2455268138897,27.388023975160728,26.390542034313814,26.495038986206055,2200300
2008-07-08,26.552053447538007,28.47577067955161,26.324055693684674,28.471019744873047,4736200
2008-07-09,29.150244599083766,29.150244599083766,26.276544735078097,26.528289794921875,2749200
2008-07-10,26.44754851482124,27.250284154636105,26.162554106305382,27.041288375854492,2237100
2008-07-11,26.366798595056935,27.525779947773877,26.271801668136074,26.90829086303711,4163200
2008-07-14,26.951044986214402,27.44978618882965,25.85856201330889,25.97256088256836,3855400
2008-07-15,25.834808884001372,26.575796892642963,25.264818247504014,25.72081184387207,6946000
2008-07-16,25.706570066590388,27.59703826904297,25.431075610931938,27.59703826904297,4768500
2008-07-17,27.59702877431314,28.03877138801541,26.88454092149662,27.929523468017578,8110000
2008-07-18,27.87253478001002,28.019782973840424,27.478290492633914,27.977033615112305,4488700
2008-07-21,27.96278636653369,28.186033248901367,27.734790360093836,28.186033248901367,3129700
2008-07-22,27.872527506784547,28.98875785392489,27.625531477691478,28.941259384155273,6480900
2008-07-23,28.642013333133875,30.019490670136594,28.642013333133875,29.75824546813965,5532900
2008-07-24,29.914997106409057,29.914997106409057,27.63978490302375,27.787033081054688,2615400
2008-07-25,28.076768864684386,28.594510059586717,27.71577403986159,28.24301528930664,4093000
2008-07-28,28.404512413258367,28.661008448441617,27.473528817352637,27.78227424621582,1083800
2008-07-29,27.74429435684235,29.12177246297936,27.6777957386891,29.07427215576172,2094600
2008-07-30,30.000492776402933,30.000492776402933,28.100524894903188,28.974510192871094,4018500
2008-07-31,28.808252879175136,28.98399933468368,28.19551303327386,28.613506317138672,2728100
2008-08-01,28.62776038212467,28.694258954383812,27.9152725731478,28.63726043701172,3156300
2008-08-04,28.504261288368742,28.561261617306737,28.048269528565868,28.219266891479492,3286600
2008-08-05,28.357016126896408,29.539744915447493,28.25251733152473,29.487497329711914,2620900
2008-08-06,29.31174811977042,29.47799636289782,28.9175058064287,29.34499740600586,2221000
2008-08-07,29.050507520069452,29.14550627223243,28.323770418131055,28.57076644897461,2783500
2008-08-08,28.561260809955673,29.857988359462027,28.42826185814339,29.401996612548828,2850800
2008-08-11,29.72974396451504,30.64647669137966,29.42099849568914,30.35198402404785,5189800
2008-08-12,30.513486670070318,30.513486670070318,29.29750824576812,29.672752380371094,4389300
2008-08-13,29.45425014735338,29.506499551987396,28.874761198018245,29.24050521850586,4023000
2008-08-14,29.079014000301445,29.763001902809435,28.950765928840404,29.710752487182617,4712900
2008-08-15,29.791505860853217,30.076500403429552,29.378261418581083,29.668006896972656,2975400
2008-08-18,29.710748984126198,29.76299839359253,28.78926516429028,29.259506225585938,3402800
2008-08-19,28.78925885577386,28.794007977434376,28.209768167875996,28.537513732910156,4193500
2008-08-20,28.570766800588263,28.703763968082907,27.939026631087685,28.580265045166016,4381400
2008-08-21,28.228767768244648,28.271517110217793,27.88202391088479,28.072019577026367,3852600
2008-08-22,28.148014605729085,29.026750564575195,28.148014605729085,29.026750564575195,2729600
2008-08-25,28.993508587254908,29.11700569497083,28.01977546811825,28.148021697998047,1789900
2008-08-26,27.730035678143008,28.48052215576172,27.730035678143008,28.48052215576172,2080500
2008-08-27,28.680002362412502,28.765501022338867,28.190759627956137,28.765501022338867,1627200
2008-08-28,28.808264716826027,29.50175258250836,28.703765899932574,29.49700164794922,1363600
2008-08-29,29.28324734802747,29.568241724203627,28.97450193054492,29.29274559020996,1347300
2008-09-02,29.449496837310505,29.98148724057392,28.931755610757197,29.482746124267578,2444100
2008-09-03,29.44475187842693,29.9482421875,29.25000525073913,29.9482421875,2689600
2008-09-04,29.620494086546838,29.791491454181593,29.031503354910495,29.107501983642578,2620000
2008-09-05,28.794013342077292,29.145508204801963,28.44252029130323,29.112258911132812,3785300
2008-09-08,30.15723631251999,30.41848149326104,29.568245563475365,30.370981216430664,3510900
2008-09-09,30.199982988071255,30.45647902444764,29.0030032969316,29.235748291015625,3092300
2008-09-10,29.387753711201086,29.55875111633344,28.67051660850775,29.288005828857422,3161300
2008-09-11,29.13601171376437,29.734500885009766,28.656270552142736,29.734500885009766,4225200
2008-09-12,29.335503281349943,29.900744885518122,29.07425806013846,29.63949966430664,2567500
2008-09-15,29.1930018545342,29.363999229122214,27.929523468017578,27.929523468017578,6087100
2008-09-16,27.388040498712595,29.307008743286133,27.359540324483987,29.307008743286133,5486600
2008-09-17,28.699024884159734,28.86052228792419,27.430796711147195,27.62079429626465,4194600
2008-09-18,27.55427261598309,29.96723175048828,26.51879219297756,29.96723175048828,6149500
2008-09-19,32.75069149309135,32.75069149309135,29.278501711321418,30.860225677490234,2369000
2008-09-22,29.44950410536693,30.589485634225923,28.167025338388232,28.266773223876953,1726000
2008-09-23,28.93649941708267,29.10274763328063,28.380759884067842,28.456758499145508,2495000
2008-09-24,28.890797935718386,29.506723743958478,27.933224059841642,28.260435104370117,3085200
2008-09-25,28.804185435598097,28.95816689993269,28.0390892316089,28.61170768737793,2240200
2008-09-26,27.92842126102605,29.497108459472656,27.822558292852094,29.497108459472656,1991700
2008-09-29,28.35668252044547,29.295008538822294,27.29324722290039,27.29324722290039,3275700
2008-09-30,28.70313751968777,29.347935636573755,27.634889427454755,29.256507873535156,2369100
2008-10-01,29.112158397181663,29.112158397181663,28.13052484704567,28.549163818359375,2887000
2008-10-02,28.241195905927427,28.327810729586368,26.61957719294262,26.706192016601562,2279600
2008-10-03,27.254742921134948,27.485715100988195,25.38290438881292,25.551321029663086,4099000
2008-10-06,25.224115281074145,25.358850457659713,23.530318939694236,24.786230087280273,4331400
2008-10-07,24.588936303487717,24.94020844792942,22.65935516357422,22.65935516357422,3188200
2008-10-08,21.802841710082813,23.376342045806624,21.326460133518758,22.346588134765625,2313700
2008-10-09,22.27922261487873,23.15018210069463,20.450690642224295,20.5757999420166,5654200
2008-10-10,19.680776633919848,22.770032018745212,18.444111889272488,22.54387092590332,3060000
2008-10-13,23.91526771821282,24.035565843721333,22.250342101719916,23.97782325744629,1518600
2008-10-14,24.766988643135655,24.766988643135655,20.883763734420775,22.346588134765625,3512800
2008-10-15,21.60555016232452,22.033811316088727,19.334320325475687,19.47867774963379,2787600
2008-10-16,20.032050271941223,20.81158184079487,18.766513104994218,20.609481811523438,2282300
2008-10-17,19.627848661776948,21.32645813128352,19.54604495664714,20.388132095336914,3186700
2008-10-20,20.874131416359454,20.874131416359454,19.58453535391857,20.537296295166016,1889500
2008-10-21,20.277453101661486,20.753834518283146,19.786636496404086,19.83475685119629,1410200
2008-10-22,19.24770508278769,19.584540288857315,17.799316082973764,18.434490203857422,2564900
2008-10-23,18.391181856259117,18.8194429788181,16.553026261425934,17.953296661376953,5536300
2008-10-24,16.067018403198844,17.919610758920165,16.067018403198844,16.933164596557617,2853100
2008-10-27,16.77918502054652,17.592401668614773,15.879355395440683,15.970781326293945,2338400
2008-10-28,16.36054633063008,18.554784969908447,15.65319271070666,18.468170166015625,4867500
2008-10-29,18.314193952824,19.117784842560237,17.626088277663268,17.813753128051758,3787300
2008-10-30,18.742458368282175,18.867567678210506,18.035104423720323,18.766517639160156,3782900
2008-10-31,18.920491249772972,20.065730052754247,18.52110238080798,19.974302291870117,11149000
2008-11-03,19.921372121181818,20.075353588918553,19.252512940920763,19.319881439208984,6681200
2008-11-04,19.863628020891873,20.469931666234118,19.444991013320077,20.402565002441406,6208700
2008-11-05,20.109030200272738,20.113841316455044,18.26125136931438,18.395984649658203,9770700
2008-11-06,18.217946962677463,18.487413567464056,17.462474941794632,17.534652709960938,12780800
2008-11-07,17.74156365662235,18.71357254585582,17.197817554531035,18.64620590209961,8636600
2008-11-10,18.824241775541633,18.833865841565267,16.769550487370267,16.976463317871094,3812600
2008-11-11,16.745503257334885,17.116021804930117,16.067021718388865,16.740692138671875,3649900
2008-11-12,16.355741201449053,16.360552320936275,15.417415039450919,15.542524337768555,5528600
2008-11-13,16.06702008657708,17.318121906379503,14.830355292505862,17.25075340270996,9470900
2008-11-14,17.014969173213537,17.024593244662206,15.220120231323234,15.306735038757324,2605900
2008-11-17,15.123882095591274,15.417409846772253,14.7148682417658,14.753363609313965,2647600
2008-11-18,14.815919076646882,15.056515351997676,13.742858991052852,14.613818168640137,3246200
2008-11-19,14.464649080355091,14.613819444917576,12.511007410872628,12.650553703308105,3068800
2008-11-20,12.424388826391484,13.280911711887907,11.476440036843401,11.64966869354248,4156200
2008-11-21,11.933577460079515,12.612059029250204,10.836458795617375,12.506196975708008,6877600
2008-11-24,12.929643248565867,14.80148183339593,12.385895194047936,14.633064270019531,5300100
2008-11-25,14.93621617186771,15.143128183274586,13.776541361237138,14.864036560058594,2949200
2008-11-26,14.86403224856361,15.691683725328208,14.39727597275684,15.667624473571777,2348000
2008-11-28,15.581019154020211,15.783119194141403,15.099825566667352,15.436661720275879,838000
2008-12-01,15.0516966680923,15.085379984915338,12.246345373324303,12.424386024475098,2431700
2008-12-02,12.756412398117298,14.137434263118708,12.751600363315681,14.07487964630127,3379600
2008-12-03,13.458954373363833,14.864036560058594,13.237606256034754,14.864036560058594,4203100
2008-12-04,14.594573933745089,15.518463915174545,14.127817364999794,14.455028533935547,2461400
2008-12-05,14.233673041217989,15.999649419918,14.021948100180436,15.985214233398438,2176800
2008-12-08,16.350928153324123,17.50097844270262,16.1247669910163,17.476919174194336,1851300
2008-12-09,17.241134978459336,17.45285910142188,15.831240248711405,15.961160659790039,2632100
2008-12-10,16.259494821597553,17.37104830855229,16.1776911430594,17.33255386352539,1656000
2008-12-11,16.937978909818693,17.024593719669447,14.59938271505638,14.85922622680664,1955400
2008-12-12,14.445401167203118,16.41347885131836,14.349162286112097,16.41347885131836,1917500
2008-12-15,16.4712194012011,16.630013810631137,15.152752033603246,15.840856552124023,1425300
2008-12-16,17.780057907104492,17.794493090379937,15.802357031829267,17.780057907104492,2348400
2008-12-17,17.322934338448082,18.872375163891494,16.981288018429247,18.10727882385254,4069200
2008-12-18,18.32862209585943,18.39117763379582,16.54339839087439,16.60114097595215,1897500
2008-12-19,16.639639962355368,17.765628814697266,16.639639962355368,17.765628814697266,2274400
2008-12-22,17.621265311710665,17.626078263686136,16.3124232216946,17.096765518188477,3688700
2008-12-23,17.26999877935253,17.44322837553722,16.82730255408386,17.000532150268555,1580400
2008-12-24,17.10680474012479,17.200716018676758,16.820125228486763,17.200716018676758,615700
2008-12-26,17.30451143808854,17.447851181030273,16.899207388428323,17.447851181030273,608500
2008-12-29,17.299573893620284,17.299573893620284,16.13308803796983,16.444480895996094,1549800
2008-12-30,16.64712939256884,17.23037219498987,16.548274328759533,17.10186004638672,1765300
2008-12-31,17.205663256622977,18.184324676559747,17.10680816778508,18.016271591186523,1954200
2009-01-02,18.105237670984707,18.110179576045887,17.433025452445282,17.44291114807129,2181800
2009-01-05,17.41820069773717,17.606023288808938,16.983239446642216,17.12163543701172,7318600
2009-01-06,17.42313334963259,18.16454327940419,16.87943348866793,17.97671890258789,1913900
2009-01-07,17.86798991340763,17.902588911699937,17.24026226716951,17.373716354370117,1439600
2009-01-08,17.14140223852605,17.363825653096715,16.894265530226086,17.24519920349121,2063200
2009-01-09,17.260022252822747,17.274851733553987,16.28630516093863,16.360445022583008,1491800
2009-01-12,16.251714748351525,16.28631374579067,15.144541173786985,15.40156364440918,1760800
2009-01-13,15.228562529752327,15.95514405685873,15.12476557277355,15.866174697875977,1792700
2009-01-14,15.559732589434388,15.559732589434388,14.877635441168456,15.035802841186523,2330100
2009-01-15,15.035793210336825,15.890886700945108,14.27955475279643,15.53006649017334,3927500
2009-01-16,15.816752287765501,16.167686026629386,15.13465526016645,16.11825942993164,5540300
2009-01-20,15.895832773392183,15.905718467842155,14.235073815865572,14.314157485961914,3918700
2009-01-21,14.65026394689652,15.821691430734482,14.165876218919232,15.811806678771973,3471500
2009-01-22,15.233510318037577,15.74755525101384,14.724409176332504,14.946831703186035,3904300
2009-01-23,14.45750124534686,15.460876884841985,14.358646158876176,15.40156364440918,3563500
2009-01-26,15.431215147787983,15.841462030460946,15.011083513645266,15.312589645385742,3755700
2009-01-27,15.421326707999834,15.796973571054297,15.238445179649679,15.53006649017334,2490400
2009-01-28,16.350571469344555,16.938756370113246,15.836526476712477,16.874500274658203,2712800
2009-01-29,16.518615826731455,16.558158603063962,15.431214931882737,15.495471000671387,2714700
2009-01-30,15.678348429655747,15.910656536717033,14.665088561594144,14.857854843139648,2386500
2009-02-02,14.51681657490382,15.238455604634614,14.462446175245267,15.218685150146484,2732600
2009-02-03,15.29775779689337,15.317528237092084,14.798541690419395,15.065448760986328,2159200
2009-02-04,15.070398802361852,15.47076007074779,14.69969367980957,14.69969367980957,7818500
2009-02-05,14.388301849365234,14.912231494035922,13.95334064255223,14.388301849365234,4770500
2009-02-06,14.467382331065322,15.539955623555937,14.437725248926128,15.386730194091797,4500200
2009-02-09,15.559726266347065,15.638809934218454,15.080281412032804,15.614096641540527,2627000
2009-02-10,15.589382901030172,15.589382901030172,14.09667706302284,14.225188255310059,4686400
2009-02-11,14.373474272944016,14.497042655944824,13.795174202790152,14.497042655944824,3494300
2009-02-12,13.982997439068827,14.32404546727646,13.216872966413492,14.24990463256836,3502600
2009-02-13,14.116451278060246,14.126336974588234,13.345384861163554,13.375041007995605,3436000
2009-02-17,12.851114365051666,12.974682772407933,12.302470334709163,12.42603874206543,2560700
2009-02-18,12.599029587579114,12.692941803026056,12.060271474741432,12.603972434997559,5537100
2009-02-19,12.851107907703398,12.95490486520636,11.951530505004426,12.060270309448242,2946800
2009-02-20,11.734049421021604,12.880763462229877,11.457256604152755,12.821451187133789,6286800
2009-02-23,12.940078344184371,13.033990558373931,11.788421308155261,11.857619285583496,5058000
2009-02-24,12.267867689986845,12.915365688364577,11.823021744099487,12.86099624633789,5187300
2009-02-25,12.717652306694085,13.16249810647098,12.114639195241093,12.613855361938477,4889400
2009-02-26,12.870879383384489,13.004332480692502,11.907045906622372,11.966358184814453,3821000
2009-02-27,11.640136386745823,12.213493366360174,11.615423097681163,11.808189392089844,3676800
2009-03-02,11.645080001774309,11.645080001774309,10.81470061296923,11.071722984313965,4773700
2009-03-03,11.210122205040369,11.363346713415632,10.552738542041178,11.116209983825684,5413900
2009-03-04,11.333687412113868,11.570938380158395,10.962982421012462,11.294145584106445,3058600
2009-03-05,11.00746922673058,11.15080802748021,10.443996890080781,10.597222328186035,3390700
2009-03-06,10.666420903228765,10.780103569295303,9.860755602852786,10.453883171081543,4933800
2009-03-09,10.137545056905298,10.696073446895527,10.137545056905298,10.686188697814941,3882000
2009-03-10,10.977811427063314,12.218437736400451,10.874014468746081,12.17395305633545,3060900
2009-03-11,12.223379693585317,12.401318400892372,11.808190005036584,11.976243019104004,2695800
2009-03-12,11.991073817275614,13.038932986481706,11.808192228906146,12.954906463623047,2791300
2009-03-13,13.241579344960066,13.315720135650789,12.253032955080302,12.678107261657715,2757900
2009-03-16,12.772024560191815,12.890650061471257,11.654966578037465,11.679679870605469,2283000
2009-03-17,11.704396385334931,12.599031137599006,11.437488248412553,12.564432144165039,2398400
2009-03-18,12.361776978093538,13.261354352012704,12.045442326012502,13.251468658447266,3892800
2009-03-19,13.4590594986071,13.478830879845876,12.38648657793846,12.44085693359375,2177800
2009-03-20,12.396375620076428,12.396375620076428,11.368287086486816,11.368287086486816,2783100
2009-03-23,11.907044211411515,13.300894806253948,11.788418729164448,13.206982612609863,2763900
2009-03-24,12.851111173675308,13.27618669110056,12.060273374437218,12.1887845993042,4493200
2009-03-25,12.47003496029397,12.696854899579698,11.371220074663723,12.389388084411621,2340700
2009-03-26,12.520443339283272,12.787586798468597,11.900469930212665,12.66661548614502,3010400
2009-03-27,12.379311593431712,12.510363055878,12.076885215585428,12.10208797454834,2526500
2009-03-30,11.72909626850611,11.77950082708249,11.340982417271066,11.441791534423828,1412900
2009-03-31,11.64845177508861,12.414597571068526,11.507319174082925,12.23818302154541,2461700
2009-04-01,12.021443322682815,12.35411211227363,11.890391835664142,12.172656059265137,1859200
2009-04-02,12.611174266430078,13.195864912197315,12.344030745313951,13.054732322692871,2353800
2009-04-03,13.014404886623327,14.239230921478597,12.762383100402467,14.17874526977539,2793400
2009-04-06,13.886401733445846,14.350121915224754,13.558773563592545,14.01745319366455,3235200
2009-04-07,13.684787812552836,13.760394183838,12.858156358578992,12.969045639038086,2370000
2009-04-08,13.02951877851629,13.266418770348858,12.772456594330523,13.16057014465332,2579700
2009-04-09,13.745272670776071,14.924735069274902,13.49829135982712,14.924735069274902,2493800
2009-04-13,14.556780920474678,15.272522977896525,14.405568202430956,14.970097541809082,4314300
2009-04-14,14.697912530031791,14.864246893506737,13.66966399983767,13.699906349182129,3382100
2009-04-15,13.664622959002962,14.970096022524768,13.568854401221552,14.889449119567871,4144900
2009-04-16,14.899524971568423,16.09914899008706,14.304753512466018,15.388447761535645,5803700
2009-04-17,15.489263481449902,16.22012726928054,15.080988332256645,15.665678977966309,5805200
2009-04-20,15.141465265580223,15.277556262526671,13.967043137802683,14.052730560302734,4124800
2009-04-21,13.704941766061609,15.333001889683405,13.619254340534852,15.29771900177002,2776100
2009-04-22,14.985214791398665,15.574945794398161,14.677748873883688,14.763436317443848,9377100
2009-04-23,14.859210540695797,15.51950859078373,14.617269754797597,15.428780555725098,6132600
2009-04-24,15.554786622138344,16.633439675253385,15.242279150683943,16.159639358520508,7819400
2009-04-27,15.867292040391641,15.973141694599216,14.753356163890842,15.191873550415039,6108400
2009-04-28,15.050747543612278,15.776569892933729,14.823927458582318,15.393497467041016,6029900
2009-04-29,15.585033237512357,16.28061320954399,15.438860084334785,16.063875198364258,5113600
2009-04-30,16.24028938414799,16.61832217671922,15.92274130001137,15.993307113647461,5575000
2009-05-01,16.00842359324288,16.018504695183445,15.262439354603636,15.469097137451172,3926800
2009-05-04,15.791682771775179,16.779608528895487,15.625348455702204,16.744325637817383,5437900
2009-05-05,16.603197555760268,16.603197555760268,15.973143938824593,16.11931610107422,6108700
2009-05-06,16.451985861551062,16.819937527371856,15.968104376864055,16.734251022338867,8067300
2009-05-07,16.940905004559987,16.945944594331575,15.35820751212855,15.77656364440918,7561500
2009-05-08,16.008417295876615,16.935856197677523,15.776556849386575,16.830007553100586,6114200
2009-05-11,16.315893197004176,16.61327904172097,16.139478680127276,16.189882278442383,3484000
2009-05-12,16.356217236704126,16.472147048374772,15.453978619141381,16.14451789855957,3181700
2009-05-13,15.605190521930838,15.635433832314314,14.844085476965274,15.086026191711426,2867300
2009-05-14,14.869285953148944,15.690876584499161,14.61726415733286,15.44389533996582,2592500
2009-05-15,15.358212020901563,15.499344610609729,14.632389745969293,14.924735069274902,2103600
2009-05-18,15.08602394184015,16.230203056595748,15.070902288903596,16.124353408813477,2776800
2009-05-19,16.194921519558633,16.275568419211304,15.61527060639811,15.816887855529785,2909000
2009-05-20,16.235240067273768,16.482222219071176,15.605185715801424,15.690873146057129,3417700
2009-05-21,15.413649063517495,15.91265197663224,15.277557097744397,15.736236572265625,2684600
2009-05-22,15.947935559091173,15.947935559091173,15.327962303222076,15.348124504089355,1669600
2009-05-26,15.262439569608478,16.406617737150206,15.196913367458542,16.26044464111328,2517200
2009-05-27,16.24532471852825,16.366296026473055,15.579987331766072,15.67071533203125,2539800
2009-05-28,15.917702111753298,16.089077069318833,15.46910346709556,15.887459754943848,2397500
2009-05-29,16.129392276339658,16.446940225156645,15.816884877975431,16.411657333374023,1692900
2009-06-01,16.80480817579305,17.636480611463647,16.63343333122706,17.253406524658203,3811800
2009-06-02,17.011471945075645,17.15260354148051,16.764489728593336,16.89554214477539,2796300
2009-06-03,16.814899434778194,16.90562746158827,16.598160473262375,16.86530303955078,2019100
2009-06-04,16.996348989848613,17.555837633665654,16.875377692763767,17.40462303161621,2006000
2009-06-05,17.68185201482216,17.69193119569553,17.06187663854435,17.359262466430664,2798300
2009-06-08,17.510476346153677,17.510476346153677,16.88042181606829,17.041715621948242,3558400
2009-06-09,17.258454534119522,17.273575227553945,16.945946102800008,17.041715621948242,2516800
2009-06-10,17.248369136388423,17.298772717136185,16.320929022106775,16.744325637817383,2373100
2009-06-11,16.74432090987477,16.86529023862172,16.351165784515135,16.40157127380371,2714700
2009-06-12,16.38141374236721,16.996347427368164,16.28060465785951,16.996347427368164,1765400
2009-06-15,16.754412577996515,16.8451386704089,15.917699194270158,16.189882278442383,2129600
2009-06-16,16.235244972194746,16.315891876636964,15.640474292280128,15.892496109008789,2248100
2009-06-17,15.867285620206196,15.978175780830465,15.413646763377866,15.590062141418457,2144600
2009-06-18,15.670713430213654,15.837047756717652,15.448934007746075,15.695915222167969,1742400
2009-06-19,15.877367962656967,15.932813047313113,15.615265149683509,15.852166175842285,1292300
2009-06-22,15.56486984624831,15.731204237483738,14.990260305869036,15.025543212890625,2041900
2009-06-23,15.212040927256565,15.398536581264462,14.94489738666015,15.136434555053711,1855000
2009-06-24,15.594949721919676,15.600073015739772,15.26706575761206,15.466870307922363,4424500
2009-06-25,15.369535857717654,15.67180347442627,15.149239020743364,15.67180347442627,1872300
2009-06-26,15.630819764620256,15.927964117387607,15.48224709965214,15.805007934570312,2356600
2009-06-29,15.835744184360328,15.938208142115773,15.559093061890577,15.794758796691895,2342100
2009-06-30,15.90234135597087,16.05091297597504,15.774261935167633,15.886971473693848,1894200
2009-07-01,15.999686070401623,16.2660915844149,15.963823977586133,16.16362762451172,1682600
2009-07-02,15.933083244574442,15.963822037943062,15.292686015911231,15.30805492401123,2344000
2009-07-06,15.215841226823015,15.733281418911615,15.07239187052819,15.692296028137207,2654100
2009-07-07,15.733284693374083,15.73840799043326,15.03140960813972,15.0826416015625,2036100
2009-07-08,15.164606188616192,15.220960478845939,14.513962386144994,14.939186096191406,2370500
2009-07-09,15.041651856573006,15.103129449183644,14.636920300349992,14.657413482666016,1289300
2009-07-10,14.524205674898534,14.724009247107345,14.252676966711697,14.63691520690918,1123900
2009-07-13,14.69839719305579,15.287562437056222,14.534455661908046,15.190221786499023,3929500
2009-07-14,15.241456773575857,15.512985598969909,14.969927948181805,15.374659538269043,2822300
2009-07-15,15.682047624929067,16.16874893168975,15.533474999058722,15.943329811096191,1768200
2009-07-16,15.87672627139321,16.260964567343194,15.630813996505662,16.127761840820312,1606200
2009-07-17,16.03042656257929,16.066288657000825,15.579586291417383,15.697419166564941,1454700
2009-07-20,15.897220517964154,16.322444221640293,15.851111841177824,16.25071907043457,1687800
2009-07-21,16.394170761315543,16.394170761315543,15.8613597425318,16.204612731933594,2990100
2009-07-22,15.968946377426063,16.45564771673994,15.948453195727616,16.22510528564453,1949300
2009-07-23,16.240477583658137,17.065309703304617,16.189245598972665,16.870628356933594,2922400
2009-07-24,16.757907700404967,17.044806250951417,16.542735253247496,16.98845100402832,1272500
2009-07-27,17.008946400426318,17.280474130010436,16.85525149602657,17.234365463256836,2146100
2009-07-28,17.12678630573876,17.29072786544935,16.96284474602817,17.219003677368164,1451100
2009-07-29,17.1011677687688,17.224122939563845,16.87062438060659,17.003826141357422,1187200
2009-07-30,17.31121777629303,17.885013126803457,17.270231416945123,17.61348533630371,1918200
2009-07-31,17.608364420158996,17.77743025318525,17.423929676616734,17.59811782836914,2208800
2009-08-03,17.977228080013955,18.00284357401668,17.63909847790203,17.91575050354004,2541900
2009-08-04,17.82354068435837,19.02748699966253,17.685214613156738,18.894285202026367,3454100
2009-08-05,18.904524500503644,19.71910974704684,18.755951893835586,19.61664581298828,3965400
2009-08-06,19.893301424696755,20.395372642066114,19.468076705932617,19.468076705932617,5953400
2009-08-07,19.93940977865038,20.9538008411994,19.642266441984383,20.55419158935547,5471300
2009-08-10,20.48758384779568,20.533692514839114,19.88817117623103,20.113590240478516,4432000
2009-08-11,19.913786889882473,20.01112849602329,19.288760673854426,19.52954864501953,4275200
2009-08-12,19.493695529095355,20.072615298111693,19.47320234423832,19.67300796508789,4619200
2009-08-13,19.898425973920787,19.97527443547976,19.519309893547458,19.775468826293945,5339500
2009-08-14,19.693499181638767,19.70887004743948,19.12482795979198,19.611528396606445,3538500
2009-08-17,18.8430487575711,18.89428171207391,18.443441484136113,18.56639862060547,3385800
2009-08-18,18.627872630810504,18.960877976546467,18.50491551797736,18.75082778930664,2379900
2009-08-19,18.41782964014966,18.689357512734297,18.31024334584304,18.602264404296875,2693600
2009-08-20,18.60225838768644,19.360488430569042,18.576640936466625,19.345117568969727,5235500
2009-08-21,19.611516476269333,20.262160042009782,19.514176838939274,19.852306365966797,5953400
2009-08-24,20.12896714338246,20.139213734061936,19.698620106531266,19.78571319580078,5958400
2009-08-25,19.92916355677535,20.159705007412626,19.760097741681513,20.006010055541992,3483900
2009-08-26,19.965020025125607,20.098221758081973,19.78058535308079,20.067481994628906,2680900
2009-08-27,20.057244822054095,20.31340374977209,19.647388974235284,20.262170791625977,2465000
2009-08-28,20.441478729248047,20.513202900580474,20.07773164638959,20.441478729248047,3074500
2009-08-31,20.06748615125171,20.27241404137907,19.908668893023346,20.11871910095215,2961300
2009-09-01,19.96502404005629,20.144334477082868,19.02235926896543,19.042850494384766,4356400
2009-09-02,18.88403235573361,19.02748069865966,18.658611297607422,18.658611297607422,3443600
2009-09-03,18.89940809093479,19.053103078790155,18.535662830331614,19.032611846923828,1933100
2009-09-04,19.02748379713356,19.252904891967773,18.689354109219654,19.252904891967773,1587900
2009-09-08,19.555166638364213,19.924036026000977,19.411718300655263,19.924036026000977,2051900
2009-09-09,19.913789211021392,20.37999825762266,19.744725379830843,20.313398361206055,2825800
2009-09-10,20.292906609930327,20.66177601931241,20.000885645615224,20.61566734313965,2117300
2009-09-11,20.733500358159645,20.830840028930528,20.32364458697513,20.579803466796875,2384000
2009-09-14,20.277539508396853,21.204833477738962,20.272415235956256,21.189464569091797,2229900
2009-09-15,21.33804036008118,21.834987371851796,20.907693265201534,21.527597427368164,3555000
2009-09-16,21.73764884296322,22.434401505734986,21.635184871201897,22.403661727905273,3659700
2009-09-17,22.383162869322184,23.177256983443584,21.973309040498467,22.306316375732422,5152800
2009-09-18,22.43439492301335,22.62907426246539,21.937446076105637,22.337053298950195,2874100
2009-09-21,22.02453628939935,22.244831077468692,21.82473076737732,21.988672256469727,2423600
2009-09-22,22.265330106189243,22.72129261475518,22.147497252069513,22.6854305267334,4488000
2009-09-23,22.76227875687864,22.76740107468815,21.82986056857183,21.86572265625,3291700
2009-09-24,21.998687617531463,22.09181486216909,20.932899136467594,21.06741714477539,4804900
2009-09-25,20.922557008156193,21.372672801448847,20.731129609338154,21.134679794311523,4635600
2009-09-28,21.300231245227284,22.034901441134245,21.20193115134412,22.009033203125,2644700
2009-09-29,22.060774987514225,22.226334118955116,21.574445285609176,21.652050018310547,3198100
2009-09-30,21.843481922378547,21.848654782382102,21.139854544649555,21.445104598999023,3905300
2009-10-01,21.398530157089105,21.429571248674552,20.48278045654297,20.48278045654297,9101300
2009-10-02,20.001628104825585,20.92255086093167,19.986107555693067,20.337921142578125,4742800
2009-10-05,20.565566408884173,20.95359596376878,20.384486739386173,20.896684646606445,2928300
2009-10-06,21.088111854588796,21.351973055221514,20.56039340056408,20.839773178100586,3546900
2009-10-07,20.767347470691618,20.994992805210302,20.529356415168404,20.82425880432129,3338500
2009-10-08,21.108812606716242,21.419237511498178,20.99499191788831,21.22263526916504,3031900
2009-10-09,21.113983825787933,21.41923384440484,20.93807700194733,21.403711318969727,2673300
2009-10-12,21.553748894776067,21.636528456632867,21.264019441467052,21.372669219970703,1933400
2009-10-13,21.23297996580751,21.32610722673285,20.896686859841488,21.072593688964844,2546600
2009-10-14,21.47097200236363,21.926260635991397,21.341628797530117,21.843481063842773,3152400
2009-10-15,21.667570439215304,21.74517516437907,21.533052424472245,21.657222747802734,3492400
2009-10-16,21.372670394580748,21.434754575980293,21.036377295893843,21.08811378479004,3071500
2009-10-19,21.23815170643757,21.600313038331294,21.124331039674757,21.54340171813965,2579400
2009-10-20,21.49166604688858,21.543402536143343,21.046725134263628,21.1450252532959,2128100
2009-10-21,20.994987384599508,21.476142231920786,20.834601119745457,20.87598991394043,2481700
2009-10-22,20.865651923908956,21.445109072603216,20.565574666964768,21.424413681030273,3386000
2009-10-23,21.481321431002602,21.507189679334992,21.067423536821796,21.170896530151367,3243100
2009-10-26,21.165719511086433,21.688265129760936,21.072592256491696,21.119155883789062,3607400
2009-10-27,21.129501476292234,21.227801580321167,20.72077656325255,20.81390380859375,3593700
2009-10-28,20.684564625390024,20.98981466103101,19.90333255376412,19.93954849243164,4654200
2009-10-29,20.25514494430485,20.91738146519115,20.187885930895924,20.850122451782227,3309800
2009-10-30,20.700085498379273,20.829428702370603,19.96541704704644,20.48796272277832,4424100
2009-11-02,20.539691755942634,20.94324173551153,19.8878012019716,20.48278045654297,4906100
2009-11-03,20.18788795709836,20.824256297811917,20.172367403838745,20.782865524291992,4509500
2009-11-04,21.067416556109166,21.124327867755305,20.322398619825425,20.337921142578125,4320800
2009-11-05,20.612129218021746,20.84494733645526,20.394831649610367,20.798383712768555,2379300
2009-11-06,20.441398097991883,20.793211753657832,20.29136148859774,20.456920623779297,2442300
2009-11-09,20.762166440909866,21.470966468086047,20.66386436745714,21.46579360961914,2272300
2009-11-10,21.310579428708202,21.460617975704807,20.994983759894094,21.30540657043457,2548400
2009-11-11,21.4968388535723,21.859000198327877,21.429579838809843,21.70378875732422,3107300
2009-11-12,21.677919724192154,21.85899940317261,21.42957905927541,21.4813175201416,2920500
2009-11-13,21.50201162517849,21.83312986053956,21.470968550505756,21.771045684814453,2444100
2009-11-16,21.921085179302747,22.51088986079474,21.921085179302747,22.29876708984375,3053700
2009-11-17,22.15389420408674,22.407407642245182,21.890035050886556,21.910728454589844,2486000
2009-11-18,21.905568051729556,22.37120443814312,21.879699802177896,22.309118270874023,2928900
2009-11-19,22.07111812442247,22.112508885549847,21.69860916875657,21.796911239624023,1960500
2009-11-20,21.67791858587191,21.755523312665403,21.564095951563672,21.64170265197754,1782300
2009-11-23,22.029731443842742,22.257374730954794,21.740002009101694,21.915908813476562,2182700
2009-11-24,21.89521583871854,21.921084082931827,21.507186254657668,21.5899658203125,2051800
2009-11-25,21.708956670075338,21.82795214685058,21.605481741777705,21.677915573120117,1530100
2009-11-27,21.041551393440205,21.424408144109563,20.938078409559363,21.04672622680664,1315200
2009-11-30,21.1243353224513,21.915915185478056,20.953601327261516,21.8331356048584,2306800
2009-12-01,22.055596240491184,22.267718944376075,21.82277815729557,22.15389633178711,2229800
2009-12-02,22.071122782267427,22.629886333686606,22.071122782267427,22.516063690185547,2292500
2009-12-03,22.635061330812544,22.914443132907547,22.190120380873253,22.26255226135254,3429700
2009-12-04,22.83166236264546,23.085173931039385,22.490196391406265,22.919614791870117,3493900
2009-12-07,22.8627030215583,22.91961434459097,22.278073186234955,22.438457489013672,2004000
2009-12-08,22.252206937687816,22.681627380004876,22.215990993591312,22.309118270874023,2069600
2009-12-09,22.381547775514324,22.500545263296832,22.231511154644686,22.26255226135254,1942500
2009-12-10,22.38671183655782,22.45914368218289,22.05559370020333,22.174589157104492,1546900
2009-12-11,22.272899285918694,22.55228107962359,22.200467407614607,22.531585693359375,1555300
2009-12-14,22.624711807723674,22.986873154453065,22.371200246547495,22.940309524536133,3169900
2009-12-15,22.795441294118906,22.888568535645625,22.655750431828828,22.712661743164062,2450600
2009-12-16,22.847184153502216,22.99204791472178,22.76440457943093,22.87822723388672,2626100
2009-12-17,22.707484229923356,22.87821814376997,22.55744569477693,22.738527297973633,2526300
2009-12-18,22.800618293845172,22.919613796604512,22.51606365910583,22.888572692871094,2061600
2009-12-21,22.971348499698177,23.23003484778658,22.950653118182256,23.198991775512695,2957000
2009-12-22,23.2041704673854,23.46285688050506,23.2041704673854,23.442163467407227,1703500
2009-12-23,23.43698394097197,23.980224905022318,23.43698394097197,23.721538543701172,1531400
2009-12-24,23.854644570860785,24.074743580962924,23.828442593336636,24.06426239013672,560300
2009-12-28,24.15858779212363,24.441573908336146,24.0799818703418,24.179550170898438,2909600
2009-12-29,24.268649710453875,24.3367744721245,23.812726772042794,23.817968368530273,1939400
2009-12-30,23.739363165048015,23.880856300357767,23.603111626833197,23.85465431213379,1424300
2009-12-31,23.969938024915564,24.095708329016276,23.419686447455398,23.445890426635742,1259000
2010-01-04,23.69743792347092,23.80224586548581,23.16290902304488,23.346324920654297,2408400
2010-01-05,23.320125579833984,23.36205036066122,23.02141851323246,23.320125579833984,2054200
2010-01-06,23.330604212465403,23.49829931918797,23.215313076937374,23.2781982421875,2471200
2010-01-07,23.29916280930789,23.63455305411976,23.031899332687043,23.52974510192871,2091700
2010-01-08,23.482568540742342,23.503528920855903,23.152418065193043,23.356796264648438,2682000
2010-01-11,23.5140080925482,23.61357838564343,23.3620358541248,23.4930477142334,1924800
2010-01-12,23.283443007577315,23.461619332604833,22.984735933131713,23.100027084350586,3124500
2010-01-13,23.152417798265144,23.624061329326494,23.1262158241134,23.566415786743164,2133000
2010-01-14,23.53497474201607,23.613582671983085,23.36727969056363,23.545455932617188,1594700
2010-01-15,23.451134232942575,23.503538202544885,23.267718340251207,23.367286682128906,5577000
2010-01-19,23.34107871863391,23.91229063695265,23.29915395442423,23.84416389465332,2454200
2010-01-20,23.665993351024778,23.665993351024778,23.346323943640392,23.576906204223633,3339900
2010-01-21,23.571663073713136,23.723637372100136,22.85895794935783,22.900882720947266,4233400
2010-01-22,22.82226836415168,23.063329735839723,22.25629810022834,22.32442283630371,5039500
2010-01-25,22.607410149916497,22.607410149916497,22.06240023832023,22.481639862060547,3749000
2010-01-26,22.256299553549958,22.628372825331887,22.23009557741324,22.27202033996582,3352900
2010-01-27,22.340148993097433,22.5026024641967,21.936632114838197,22.471160888671875,3714400
2010-01-28,22.64409350086812,22.654574691454943,22.062400417337056,22.277259826660156,3750000
2010-01-29,22.439713066351548,22.62837048012021,21.9995131005855,22.151487350463867,4096200
2010-02-01,22.319188015221247,22.586451419423305,22.266784053325313,22.555009841918945,2839200
2010-02-02,22.623139029771405,22.974252040405545,22.366356767400976,22.86420249938965,3270000
2010-02-03,22.785597762815442,22.790839360223806,22.36111833150338,22.492130279541016,3079200
2010-02-04,22.303470087458464,22.3296720717675,21.658891677856445,21.658891677856445,3942800
2010-02-05,21.742739243115984,22.156735393303673,21.412588643145696,22.057167053222656,5100500
2010-02-08,22.14625479426774,22.2143815546169,21.52263875454591,21.575042724609375,2969600
2010-02-09,21.842304285358043,21.910431033592303,21.339219065511895,21.506914138793945,4785200
2010-02-10,21.548837661743164,21.816103068509772,21.13484155957316,21.548837661743164,2893900
2010-02-11,21.538348791883834,21.763689348996603,21.27632507422548,21.75320816040039,2706400
2010-02-12,21.480711146254702,22.009998321533203,21.417823997424943,22.009998321533203,3385000
2010-02-16,22.24058728426806,22.65458551435707,22.198664500975465,22.633623123168945,2730300
2010-02-17,22.69650054075193,22.927080747456547,22.659817371482625,22.837993621826172,3139000
2010-02-18,22.748909978737125,23.241514084111568,22.675543622520003,23.17862892150879,2737200
2010-02-19,23.07381666576389,23.32011969324179,22.984729527619244,23.194347381591797,3250100
2010-02-22,23.267714059227153,23.40920515093711,23.136702160242955,23.251991271972656,1757800
2010-02-23,23.168143116761495,23.325356991519957,23.02141043353131,23.073814392089844,2715900
2010-02-24,23.11574190841572,23.31488057297998,23.07905873324377,23.30963897705078,2965400
2010-02-25,23.05809002001755,23.445886049950538,22.911357359596586,23.39872169494629,2067000
2010-02-26,23.456367463733514,23.645024901629622,23.28343281171725,23.388242721557617,1784300
2010-03-01,23.52974351477751,23.676476237214256,23.440654362524192,23.587387084960938,1849600
2010-03-02,23.68171169187961,23.723636461860455,23.540218591818842,23.597864151000977,1575400
2010-03-03,23.655509580989218,23.697434350741094,23.498295692585785,23.53497886657715,1884000
2010-03-04,23.540221891701325,23.707918996049532,23.519261502855723,23.68171501159668,1557300
2010-03-05,23.76555932400833,24.373454497483248,23.713155360414124,24.326290130615234,2161800
2010-03-08,24.342015334897646,24.66168474216538,24.294850963348583,24.572595596313477,1729200
2010-03-09,24.53066545420579,25.007548623728226,24.42585554900777,24.630233764648438,2126000
2010-03-10,24.750763951717623,24.96562335340918,24.609270882445237,24.850332260131836,2311500
2010-03-11,24.735046518866003,25.023272292046823,24.645957389507338,24.9970703125,1766200
2010-03-12,25.201450457878575,25.342943557033195,24.99183060748291,25.196210861206055,2344400
2010-03-15,25.133325374721746,25.321982852782323,24.881782737002037,25.138566970825195,2164400
2010-03-16,25.243368989586724,25.825062077626644,25.17000265399299,25.746456146240234,3905000
2010-03-17,25.861740120760324,26.181409376002346,25.756932233013437,26.129005432128906,3467900
2010-03-18,26.045165772981132,26.23382322632211,25.945595450893993,25.987520217895508,2448700
2010-03-19,25.704538345336914,26.102815702261186,25.678336361111615,25.704538345336914,2703900
2010-03-22,25.52112079034579,26.10281399795037,25.47919601905607,26.02944564819336,2922600
2010-03-23,26.024196675549184,26.066121431734615,25.715008595470053,25.956069946289062,3974700
2010-03-24,25.872233570215762,26.280992122652297,25.840791988624442,26.09757423400879,3241200
2010-03-25,26.293463808123136,26.663051057279358,26.161468505859375,26.161468505859375,4033400
2010-03-26,26.282892828466892,26.420169012663184,25.9608241048767,26.02418327331543,4339000
2010-03-29,26.203701712728712,26.21954050071025,25.92387036916428,26.103384017944336,1914200
2010-03-30,26.150888820908357,26.203688110251736,25.96081540744609,26.0664119720459,1968300
2010-03-31,25.971387116618672,26.09282251639161,25.760195905134896,25.770755767822266,2365900
2010-04-01,25.960820501756523,26.034739521342434,25.66515247976225,25.90274429321289,2198300
2010-04-05,26.013616742500716,26.51519895322903,25.9396997456941,26.472959518432617,1961200
2010-04-06,26.425441998676135,27.138217377798092,26.33040528145987,27.08013916015625,3307100
2010-04-07,27.027353788070283,27.095991900104615,26.367377364131475,26.48353385925293,3521700
2010-04-08,26.36737123646363,26.557444724639826,26.319852864419577,26.515207290649414,2047800
2010-04-09,26.620807990233676,26.953436670856426,26.467694991041284,26.890079498291016,1710500
2010-04-12,26.990405691887176,27.006246501758667,26.69473742880581,26.72113609313965,1872300
2010-04-13,26.742235113617966,27.470847352419078,26.70527660936374,27.375810623168945,1712600
2010-04-14,27.58699491256168,27.61339354793816,27.25964740290237,27.418041229248047,2026800
2010-04-15,27.28605657439158,27.33885386553145,26.64191914922987,26.668317794799805,2594700
2010-04-16,26.604959273646262,26.83199123922329,25.99778240043004,26.055858612060547,4450000
2010-04-19,25.87635362300121,26.377936086290983,25.78659779999481,26.17202377319336,2825700
2010-04-20,26.319859841377,26.615530014038086,26.040030472988228,26.615530014038086,2193300
2010-04-21,26.567997074500525,27.238533017487626,26.546877356433097,27.08013916015625,2980100
2010-04-22,26.87423563217921,27.602848014268414,26.726399572001608,27.49725341796875,1552700
2010-04-23,27.576448677474968,27.893238500737112,27.307179241085528,27.86155891418457,3302900
2010-04-26,27.946046385448067,28.299792839246596,27.835170811638548,28.08332061767578,2486700
2010-04-27,27.92491554400412,28.114989031541818,27.18574333190918,27.18574333190918,4589700
2010-04-28,27.518375280550988,27.560614736713895,27.159347959518776,27.270225524902344,3500600
2010-04-29,27.6186884472938,28.542655251229736,27.59756872267991,28.500415802001953,3268600
2010-04-30,28.442337181041232,28.701048768837087,27.550049976114202,27.613407135009766,4056200
2010-05-03,27.85627973885259,28.69576970178592,27.85100081447032,28.53209686279297,4016000
2010-05-04,28.104430051960243,28.268104896720594,27.634527256398226,27.882678985595703,3672500
2010-05-05,27.439174509555077,28.00939296914209,27.095986037722536,27.507810592651367,3597300
2010-05-06,27.31245825324186,27.502531744994755,23.759146187356613,26.377931594848633,6191800
2010-05-07,26.626085084118216,26.995672229868454,25.51204472245286,25.934429168701172,5896600
2010-05-10,27.328294585269187,27.724280319496405,27.101264617272836,27.645084381103516,4817300
2010-05-11,27.270222685296712,28.078033066459096,27.201584583223227,27.808761596679688,3229100
2010-05-12,27.935472943675293,28.357857315369046,27.745399472891215,28.25754165649414,2577400
2010-05-13,28.320898729049286,28.384255881103215,27.75068033238884,27.798198699951172,2522000
2010-05-14,27.565885924541227,27.592284570189452,26.63135936716364,26.91646957397461,4558000
2010-05-17,27.05375934345019,27.460303121639352,26.14563097555246,26.953441619873047,2913300
2010-05-18,27.375815480960895,27.40221614361646,26.119222085161987,26.272335052490234,3725300
2010-05-19,26.029458999633786,26.61023922112265,25.33252434511705,26.02945899963379,5955800
2010-05-20,25.33252676480802,25.58595738937677,24.640870967237262,24.69367027282715,5847200
2010-05-21,24.28713732854873,25.554293125238896,24.144582150364442,25.522613525390625,5652000
2010-05-24,25.543729113435496,25.681003328990837,24.910151317906205,24.952388763427734,3826100
2010-05-25,24.24487611895051,25.205802978356285,23.94920817521348,25.153003692626953,4736400
2010-05-26,25.575393691669085,25.892183435423764,24.93653729552369,25.10021209716797,4937300
2010-05-27,25.749636089483598,26.50464915326275,25.443406113254124,26.47825050354004,2876100
2010-05-28,26.436012845981736,26.6472060862653,25.971388925810697,26.140342712402344,2769200
2010-06-01,25.78659680167067,26.240660866352115,25.554285844570227,25.59652328491211,2715000
2010-06-02,25.77603570165746,26.150901778345528,25.32725259735067,26.09810447692871,2015700
2010-06-03,26.240655396928698,26.26705404340102,25.791870350548667,26.02418327331543,2171700
2010-06-04,25.51204221958535,25.717954491049813,24.419121690975725,24.551116943359375,9751200
2010-06-07,24.688390207287505,25.094935811295908,24.376881342610297,24.41912078857422,3646600
2010-06-08,24.508883722106482,24.904869579854253,23.880586886218442,24.85735321044922,4966300
2010-06-09,25.094938075876847,25.7232367997186,24.878465930996267,25.00518226623535,4130400
2010-06-10,25.54371618254728,26.18785150281282,25.321963160029398,26.087535858154297,3918800
2010-06-11,25.807706014383875,26.462401178609287,25.760187654554027,26.399044036865234,2626800
2010-06-14,26.74751055661682,27.00622206682264,26.457121483507503,26.726390838623047,2967100
2010-06-15,26.890076609871663,27.38109917620845,26.710562961812105,27.323020935058594,2692500
2010-06-16,27.122389444375052,27.301903104904095,26.937596858869327,27.074871063232422,2496600
2010-06-17,27.185743417141524,27.259660437173988,26.837276026925807,27.132944107055664,3137100
2010-06-18,27.233258362326744,27.233258362326744,26.911189660637024,27.048463821411133,1981200
2010-06-21,27.42333565346518,27.53421320726581,26.758080401100973,26.837278366088867,2910100
2010-06-22,26.911189351983044,27.022064866808247,25.971381902370105,26.040019989013672,4468100
2010-06-23,26.008336369446,26.414881874775233,25.61763165955208,26.108654022216797,2987900
2010-06-24,25.93969937267431,26.035634321902,25.470686324364678,25.55596160888672,3163500
2010-06-25,25.662551683315918,26.31810569832731,25.497329959289516,26.200851440429688,4883700
2010-06-28,26.296792188027144,26.323440334408883,25.79046927428115,25.891735076904297,2439400
2010-06-29,25.502666878977383,25.5133265451851,24.836452989420778,25.044313430786133,4804700
2010-06-30,25.081625453196896,25.428055514003184,24.697885537843437,24.77783203125,3616100
2010-07-01,24.793820176108973,24.9110744893283,24.079638695191168,24.692556381225586,7804700
2010-07-02,24.793822035987727,24.895085838467303,24.090300170145444,24.218212127685547,2682600
2010-07-06,24.692558745423785,24.809811036745717,23.429415431503905,23.679912567138672,4989800
2010-07-07,23.717228258497773,24.863117628057065,23.690580094045735,24.831138610839844,3702500
2010-07-08,25.182895564389217,25.36410589951085,24.692562912368494,25.140256881713867,2288500
2010-07-09,25.097614733259988,25.508002815034594,25.022999088050756,25.46003532409668,1597100
2010-07-12,25.417396797835945,25.61992643109278,25.14025151893813,25.539979934692383,2419900
2010-07-13,25.92372180002268,26.264823081634976,25.790478984822624,26.168888092041016,2622800
2010-07-14,26.04630688711002,26.25949622056746,25.673226570121585,26.01432991027832,2297300
2010-07-15,26.051631664772536,26.06229133227254,25.41206584663803,25.929048538208008,2560700
2010-07-16,25.758504839790067,25.7958126694942,24.889761019984732,25.086959838867188,2758100
2010-07-19,25.12959251376543,25.529320907729097,24.71387360151907,25.39607810974121,2740600
2010-07-20,24.985684732151253,25.9610207486913,24.90040944090664,25.87041664123535,3494800
2010-07-21,25.98766936789745,26.072944660690553,25.19887240128041,25.332115173339844,3526700
2010-07-22,25.65722834556492,26.49399280720374,25.630580197275947,26.280805587768555,3295200
2010-07-23,26.2435046307093,26.63790220793447,25.8171260141836,26.6165828704834,2956400
2010-07-26,26.6752043809211,27.346749136499383,26.45668630114926,27.282791137695312,3857800
2010-07-27,27.543955268776468,27.6185709209313,26.96301650584009,27.277469635009766,3483300
2010-07-28,27.19752621396415,27.554618060905756,27.0642833819802,27.22417640686035,2919200
2010-07-29,27.4533448132398,27.52263163648485,26.72317485990319,26.994991302490234,2276900
2010-07-30,26.691192442477682,27.293448294068874,26.621905633373782,27.154876708984375,2746300
2010-08-02,27.597251726396422,28.146213517346922,27.51197640447072,28.066267013549805,3018300
2010-08-03,27.996972601899785,28.018291934892257,27.597244257346684,27.794445037841797,1955500
2010-08-04,27.92235328442291,28.002299756031782,27.661198605663955,27.991640090942383,2041300
2010-08-05,27.842414560752943,27.98098616911128,27.581257795266833,27.63988494873047,1847300
2010-08-06,27.34674697097054,27.59724199718477,27.05361124914006,27.511966705322266,1836100
2010-08-09,27.6505536967348,27.917039366814407,27.480003030533798,27.826433181762695,2914500
2010-08-10,27.597253575357986,27.837091069693926,27.266811934897458,27.554616928100586,2180200
2010-08-11,27.096264259970553,27.229507101132267,26.6432394132705,26.86708641052246,2688600
2010-08-12,26.51532064033274,26.803125613624815,26.382077823044636,26.531309127807617,2632600
2010-08-13,26.51532064033274,26.728509961243322,26.446033806068193,26.531309127807617,2208700
2010-08-16,26.398053789438894,26.749814578907937,26.248822555459018,26.509979248046875,1827400
2010-08-17,26.771138839374746,27.309440803609387,26.611247911637403,27.117570877075195,2290800
2010-08-18,27.197526208449084,27.325440221702415,26.920380874003754,27.144229888916016,1651800
2010-08-19,27.0642783020719,27.0642783020719,26.302129283527538,26.45136260986328,2883700
2010-08-20,26.302121338566852,26.403387142477904,26.094262947773196,26.366079330444336,1585400
2010-08-23,26.472672849029056,26.563278990816062,26.21684697188516,26.227506637573242,1535700
2010-08-24,25.849105737169452,26.29680167043714,25.641247274067307,26.120920181274414,2611500
2010-08-25,25.90239560419908,26.669875317766945,25.865087788469914,26.536632537841797,1817700
2010-08-26,26.72850033153686,26.883060398732106,26.339429656080274,26.376739501953125,2792800
2010-08-27,26.541965288397375,26.861749227488772,25.982345936392143,26.81378173828125,2298700
2010-08-30,26.77647536223624,27.010981970394667,26.579274544226315,26.60592269897461,1641900
2010-08-31,26.520638218146924,26.893718355055015,26.376737825614562,26.808443069458008,2804700
2010-09-01,27.122904367343473,27.75181055352097,27.117575549854152,27.682523727416992,2037800
2010-09-02,27.70917951988246,28.071598143064836,27.639892679761555,28.034290313720703,1990000
2010-09-03,28.42335242267172,28.460660240544502,28.15153599745733,28.444669723510742,2093000
2010-09-07,28.20483580478058,28.306101637127405,27.975660052131072,28.00763702392578,1728300
2010-09-08,28.039618856658784,28.24214850865384,27.94368386535186,28.066267013549805,2043200
2010-09-09,28.359415897072754,28.39672374319838,27.655893608525055,27.741168975830078,1428600
2010-09-10,27.826422858434174,28.018292795009526,27.67186073917919,27.890380859375,1024300
2010-09-13,28.15688305140507,28.370070414346838,28.066276846483134,28.348751068115234,1611000
2010-09-14,28.27412632900299,28.450007829365468,28.087587192064703,28.242149353027344,1842800
2010-09-15,28.103574266839267,28.593908882758026,28.071595259347607,28.487314224243164,3981000
2010-09-16,28.43401443700234,28.535280272363735,28.226155981653648,28.33807945251465,1490300
2010-09-17,28.46065910422503,28.545934403547207,28.167523356751754,28.423351287841797,1287600
2010-09-20,28.524616445146727,29.233467023713906,28.465989292826606,29.116214752197266,1801800
2010-09-21,29.19084803189001,29.19084803189001,28.6258975344878,28.689855575561523,3266300
2010-09-22,28.535276511118315,28.737804088898063,28.247471595590927,28.30076789855957,2927100
2010-09-23,28.07691928237775,28.135546431959405,27.495980669532244,27.602575302124023,2352800
2010-09-24,27.980088926052627,28.39417083623521,27.920934074394598,28.38341522216797,3617600
2010-09-27,28.49096725704365,28.49096725704365,27.89942288596457,28.033864974975586,1765200
2010-09-28,28.125285952566166,28.216707644195235,27.619784412281717,28.14679718017578,1755000
2010-09-29,28.10914898028338,28.114525760598443,27.82413244085055,27.926307678222656,2032200
2010-09-30,28.15217465000508,28.40492645204173,27.791870810136654,28.00697898864746,2745600
2010-10-01,28.17368518897601,28.286616056791114,27.797246911502086,28.14679718017578,6097900
2010-10-04,28.09840791456523,28.404935836791996,28.044631877882193,28.404935836791992,5232900
2010-10-05,28.560888545227996,28.95345934779386,28.40493517051129,28.856660842895508,2061300
2010-10-06,28.749101911589467,28.824389169155697,28.550128152103863,28.700702667236328,2100000
2010-10-07,28.824394396318844,28.98034777322966,28.641553001318925,28.781373977661133,1283000
2010-10-08,28.79748887807069,28.93193093824042,28.630782036370977,28.86202049255371,1118100
2010-10-11,28.899683312372222,28.95345934779386,28.781373572735514,28.856660842895508,954600
2010-10-12,28.775985993564003,29.136291885952723,28.652299508542093,29.061004638671875,1686500
2010-10-13,29.14705355656476,29.625667200665124,29.098654308766744,29.362159729003906,1634600
2010-10-14,29.30837646173444,29.475085396634764,29.10402390466687,29.286865234375,1587600
2010-10-15,29.442809146534593,29.534228756461847,29.184680654982298,29.24921226501465,1794000
2010-10-18,29.23845852542025,29.657919146024447,29.20619374405125,29.625652313232422,1638000
2010-10-19,29.281488568142084,29.70632607875201,29.163178868624495,29.259977340698242,1987000
2010-10-20,29.319138238457235,30.158057819008874,29.319138238457235,29.899927139282227,1958700
2010-10-21,30.07738989195992,30.211832005887356,29.67406355017761,29.867660522460938,1848300
2010-10-22,29.95371673341377,30.06664766706567,29.668697929984276,29.883806228637695,1147900
2010-10-25,30.115035156612958,30.115035156612958,29.88379454397505,29.937570571899414,1663900
2010-10-26,29.711709898866694,29.808508393872852,29.561135373934466,29.72246551513672,1669500
2010-10-27,29.59339175938708,29.717078234198343,29.30837518923171,29.512727737426758,2485700
2010-10-28,29.652559161534324,29.781624523311248,29.044880091969908,29.329898834228516,1185400
2010-10-29,29.270742091623497,29.453583479125133,29.21158722339882,29.33527374267578,1017800
2010-11-01,29.47508374249707,29.86765438836984,29.399794450964258,29.588014602661133,1263100
2010-11-02,29.81389428900871,29.883804790420204,29.620299291247502,29.79238510131836,1166400
2010-11-03,29.90531602953523,29.90531602953523,29.534254334787402,29.79238510131836,1589400
2010-11-04,30.066636623285675,30.53449464186939,29.991349361838182,30.4807186126709,1186500
2010-11-05,30.58827088588014,31.002352850402637,30.36240706367519,30.80875587463379,1534200
2010-11-08,30.72270632553342,30.814125960099123,30.383911691565192,30.642040252685547,1784400
2010-11-09,30.717328436867017,30.765727671777842,29.195445030535087,29.399795532226562,3078600
2010-11-10,29.528857008076756,29.7816087632822,29.415926158423648,29.765474319458008,1480000
2010-11-11,29.577261236319004,29.808501806462296,29.44281913979028,29.52886199951172,1305100
2010-11-12,29.362152559147077,29.609527571611206,29.10940281696369,29.254600524902344,1683700
2010-11-15,29.31912596543554,29.480456034163744,28.926555379341764,28.97495460510254,2017000
2010-11-16,28.77598421162249,28.792118657486146,27.759602333422848,27.980087280273438,3883400
2010-11-17,28.049998443867793,28.361905087006548,27.942444358253614,28.1951961517334,1503300
2010-11-18,28.668439178530818,28.71683842508978,28.388799315237268,28.447954177856445,2498900
2010-11-19,28.367292973769544,28.668444121103374,28.14143115183744,28.598533630371094,2001900
2010-11-22,28.523242155131978,28.77061517645694,28.507107704924486,28.673816680908203,1443200
2010-11-23,28.351155684738522,28.50173020673351,28.27586842374103,28.447954177856445,2671600
2010-11-24,28.673820613308934,29.039503412993913,28.663064995503568,28.99648094177246,1555400
2010-11-26,28.86741404259331,29.066387818698246,28.80825917772923,28.93732452392578,661100
2010-11-29,28.78675192921104,29.007236968770417,28.523246469247677,28.921194076538086,1620500
2010-11-30,28.663052765340293,28.9695805620164,28.61465353157967,28.792118072509766,1652000
2010-12-01,29.147046226464894,29.147046226464894,28.722208719459363,28.958826065063477,2195300
2010-12-02,29.05025475512489,29.426693117210284,28.98034427539176,29.405181884765625,1353800
2010-12-03,29.200821811559173,29.475084826528352,29.130911349704977,29.399795532226562,1589000
2010-12-06,29.383670410606193,29.52886815127717,29.082521364554406,29.45895767211914,1602500
2010-12-07,29.743968218114933,29.803121013500974,29.518104444062622,29.523483276367188,1773500
2010-12-08,29.59877097641607,29.636414597438186,28.915804914206472,29.087890625,2263600
2010-12-09,29.200834450540217,29.297632962259115,28.76524319922958,28.829774856567383,1487900
2010-12-10,28.88354038239472,29.2008238216681,28.835141144152217,29.017982482910156,2754600
2010-12-13,29.184691158291432,29.2761108011198,29.034116663551238,29.066381454467773,1023800
2010-12-14,29.114789915099475,29.3675417982705,28.652308618839424,28.781373977661133,1645800
2010-12-15,28.754487617437302,28.969593825976578,28.45871324713115,28.507112503051758,1447800
2010-12-16,28.555501937866214,28.68994404124868,28.36728381370024,28.55550193786621,1270200
2010-12-17,28.603897918363593,28.819006079838232,28.528610677274507,28.792118072509766,2871200
2010-12-20,28.883545376822713,29.233095719175168,28.856657362354987,29.13629722595215,2388500
2010-12-21,29.211579021615808,29.49121883289304,29.184691012178764,29.442819595336914,2927500
2010-12-22,29.39979600420187,29.856900352680885,29.39979600420187,29.66868019104004,1398000
2010-12-23,29.67943652589938,29.765479385721505,29.523485252825495,29.534238815307617,1241600
2010-12-27,29.526091017597352,29.912088017421773,29.41735891336575,29.901214599609375,1275200
2010-12-28,29.955572496908918,30.058868904635823,29.74898382923891,30.02081298828125,2919200
2010-12-29,30.026256536302235,30.13498864322329,29.91208875728673,30.080623626708984,1511400
2010-12-30,30.03169164507406,30.27090060018043,30.03169164507406,30.162168502807617,1229500
2010-12-31,30.156732578952212,30.30895626966555,30.064309571096082,30.102365493774414,1168500
2011-01-03,30.3143894400372,30.68407729317478,30.298080352775624,30.66233253479004,1957400
2011-01-04,30.7058333997143,30.78738300843723,29.901219027478373,30.0751895904541,2315700
2011-01-05,29.98275358159069,30.243709295026072,29.977315837663397,30.18390655517578,1512700
2011-01-06,30.265464763808993,30.27090250966139,29.88490550983697,29.901214599609375,1819300
2011-01-07,30.05886684209968,30.145852084068924,29.629376302548895,29.912078857421875,2001200
2011-01-10,29.792482765984293,29.977326722689245,29.58589197345701,29.90665054321289,1668400
2011-01-11,30.015368697066776,30.113227338889413,29.634807542633343,29.841398239135742,1237500
2011-01-12,30.0697423306154,30.091487087188717,29.825095672611447,29.966445922851562,1639600
2011-01-13,29.971885335372654,30.156729256829916,29.895773498400608,30.064306259155273,1200400
2011-01-14,30.042566795453737,30.265466690063477,29.966454939815172,30.265466690063477,1334300
2011-01-18,30.25458571679321,30.52641487121582,30.118671139581906,30.52641487121582,1348900
2011-01-19,30.493795183523996,30.515542014009394,29.98275711046856,30.124107360839844,2340800
2011-01-20,30.080623663251046,30.357888566038735,29.982764974292465,30.12955093383789,1934400
2011-01-21,30.22741420194613,30.265470134095956,30.069754800422327,30.151302337646484,1196800
2011-01-24,30.19479190860206,30.455747725223198,30.096933218132573,30.303524017333984,1143000
2011-01-25,30.22197405013266,30.667773824014123,30.129551032971037,30.65690040588379,1249600
2011-01-26,30.749330932899582,30.858060992972973,30.53186666496688,30.70583724975586,2310600
2011-01-27,30.97221420776918,31.260352444920446,30.852608717378008,31.18967628479004,1926600
2011-01-28,31.227747862541776,31.314733151756375,30.59166832401493,30.673215866088867,1404200
2011-01-31,30.8199939997658,31.178808461396496,30.76562898923384,31.080949783325195,1916800
2011-02-01,31.265790633490226,31.298410880921818,30.858046873109387,31.157060623168945,2400100
2011-02-02,31.140749462507145,31.35821363093373,31.108131288967563,31.157060623168945,1698300
2011-02-03,31.042892074960367,31.32015900483913,30.988527067556582,31.244047164916992,1294300
2011-02-04,31.28210820258694,31.31472638280866,30.885237776713982,31.015714645385742,1842700
2011-02-07,31.059192787265147,31.369077787776874,30.999390054904744,31.320148468017578,1361500
2011-02-08,31.34734737398754,31.505008828407714,31.29841802861205,31.456079483032227,1356800
2011-02-09,31.412582754030602,31.505005763590017,31.314724072799358,31.47782325744629,1702500
2011-02-10,31.37995993417348,31.678971605306213,31.37995993417348,31.608295440673828,1364800
2011-02-11,31.57024510504065,31.84207432211446,31.44520391405378,31.814891815185547,1355200
2011-02-14,31.858383683593036,31.91818644368282,31.602865627608093,31.820327758789062,1062000
2011-02-15,31.70072174072266,31.80945176054604,31.532186891768912,31.700721740722656,1198500
2011-02-16,31.793141562376576,32.02147915859669,31.630044464443422,31.771394729614258,1084400
2011-02-17,31.776845042615417,31.923633110978137,31.733351359888857,31.804027557373047,1011000
2011-02-18,31.852953840809278,32.01605098751487,31.804024489408324,31.929065704345703,1288000
2011-02-22,31.684408793448828,32.005167311196644,31.581114450879625,31.651790618896484,2159100
2011-02-23,31.64092089667656,31.76052434048507,31.189683406363308,31.385400772094727,1966800
2011-02-24,31.347341753598958,31.445200426804462,30.89610638172212,31.146188735961914,1586800
2011-02-25,31.282104673910055,31.79858056604976,31.282104673910055,31.75508689880371,1135900
2011-02-28,32.01603911645456,32.54338836669922,31.96167411234132,32.54338836669922,1725800
2011-03-01,32.5270780166205,32.619498934800994,31.570238219820208,31.57567596435547,3119700
2011-03-02,31.532192896814855,31.619178173574504,31.173378370944736,31.287546157836914,2400000
2011-03-03,31.602858765760313,31.749646761229254,31.499562357527406,31.738773345947266,1590100
2011-03-04,31.71701529608982,31.776818022040704,31.276651465453366,31.43431282043457,1681900
2011-03-07,31.54306128681294,31.640919966802745,31.01571196396701,31.20599365234375,1661400
2011-03-08,31.260357712576152,31.81488952434457,31.211428374070348,31.64635467529297,2228600
2011-03-09,31.64636482994197,31.787717219378933,31.379973292291538,31.613746643066406,1358600
2011-03-10,31.35277309530187,31.390831084197103,31.097255105120674,31.129873275756836,1704800
2011-03-11,31.01571688482737,31.505010362406235,30.99940779353894,31.445207595825195,1349400
2011-03-14,31.26035217997697,31.320154924665704,31.004832115903948,31.129873275756836,1673700
2011-03-15,30.51011787852054,31.178817660031676,30.395950078385354,30.9667911529541,2439500
2011-03-16,30.9613464170035,30.993964593841252,30.29808250273965,30.510108947753906,3176100
2011-03-17,30.874358234921747,30.961343488080697,30.49379697464182,30.743879318237305,1837500
2011-03-18,31.004842626223635,31.184250921107388,30.90698393335841,31.05377197265625,1887600
2011-03-21,31.325594311553612,31.526749399169823,31.244046801396724,31.39083480834961,1340600
2011-03-22,31.39626702076793,31.461505436485,31.09725536868184,31.18967628479004,2793800
2011-03-23,31.13530230813782,31.13530230813782,30.640573477632035,30.847164154052734,1699400
2011-03-24,31.032014852365986,31.07007076511588,30.646015906930128,30.97764778137207,1466700
2011-03-25,31.104698685817045,31.35660243776178,30.973271549583558,31.219697952270508,2441500
2011-03-28,31.252553063283777,31.367552319737566,31.099220721345393,31.18136215209961,1843000
2011-03-29,31.214225585069286,31.373035304317483,30.87470301450169,31.30731964111328,2293200
2011-03-30,31.48255658743036,31.800173909355212,31.345652101135908,31.7618408203125,1832700
2011-03-31,31.739939716131317,32.068511779234356,31.707083972118877,32.01922607421875,3204000
2011-04-01,32.18898267759284,32.28207881607992,31.898745830362056,32.06850814819336,4149100
2011-04-04,32.16707695046794,32.183504819287975,31.98088677752018,32.046600341796875,1072600
2011-04-05,32.01374829360539,32.21089111101608,31.975415200108525,32.079463958740234,1248100
2011-04-06,32.22184575917329,32.22184575917329,32.00279770620116,32.09589385986328,1286500
2011-04-07,32.12875280621974,32.139705418859165,31.592087320871464,31.739944458007812,1773000
2011-04-08,31.82755268393968,31.953504553904235,31.41683924705661,31.50993537902832,2259700
2011-04-11,31.570170546558717,31.77826382982158,31.427788732751118,31.531837463378906,1335300
2011-04-12,31.427795596975702,31.624938404385386,31.394939855071964,31.477081298828125,1996500
2011-04-13,31.630411557367683,31.635888906651203,31.37303254395247,31.427793502807617,1212600
2011-04-14,31.33470240790753,31.94803397867103,31.268986744292356,31.882320404052734,1423500
2011-04-15,31.969935125051705,32.30945765446774,31.89874420970756,32.29302978515625,1408600
2011-04-18,32.05208187820353,32.05208187820353,31.79470283063773,32.0027961730957,1709900
2011-04-19,32.06851709649439,32.30946831152436,32.0411345199478,32.25470733642578,1096500
2011-04-20,32.53399311387275,32.68185026008023,32.30946976348301,32.632564544677734,1432600
2011-04-21,32.720171424185615,32.8680285164473,32.490172895554075,32.851600646972656,1746900
2011-04-25,32.9227948914651,33.19112864135278,32.753034641635416,33.07065200805664,1421400
2011-04-26,33.19111779636106,33.481354584653815,33.00492764619304,33.360877990722656,2700000
2011-04-27,33.42660221519453,33.640172894526394,33.31160294001534,33.60731506347656,1860300
2011-04-28,33.65112223876985,34.160407081129655,33.61826441090913,34.056358337402344,2348200
2011-04-29,34.11113003731988,34.143985784518996,33.45398793637464,33.85922622680664,1777800
2011-05-02,34.02350585008863,34.14945773543008,33.62374497339704,33.908504486083984,2434500
2011-05-03,33.809934603451524,34.056361020332034,33.23493406007225,33.61826705932617,2052900
2011-05-04,33.56351356313506,33.673037599997244,33.26779929030633,33.42660903930664,1650200
2011-05-05,33.245887699619516,33.65112593172039,33.141841033470506,33.40469741821289,1900000
2011-05-06,33.640176063406436,33.705889642699454,33.01589183763022,33.108985900878906,2277700
2011-05-09,33.125399991917526,33.3663510598825,32.97754294259947,33.27873229980469,983300
2011-05-10,33.41563903017663,33.848257601607855,33.393733816408826,33.804447174072266,1699400
2011-05-11,33.782550596482864,33.79350320616669,33.33898139376977,33.44850540161133,1736000
2011-05-12,33.349936825003894,33.5525548988053,33.070650476929245,33.50326919555664,1429800
2011-05-13,33.58541590352007,33.58541590352007,33.06517833985793,33.14731979370117,1482300
2011-05-16,32.99946664172358,33.410180227363504,32.98303876677713,33.19660949707031,2157000
2011-05-17,33.098031075630466,33.267793407195775,32.97755653648443,33.18564987182617,2183400
2011-05-18,33.18016578069657,33.54159347994098,33.04326131751314,33.50873565673828,1323700
2011-05-19,33.651123046875,33.7935027930307,33.38826668466678,33.651123046875,1324000
2011-05-20,33.492302074898916,33.62920651472257,33.2075405893862,33.24039840698242,1385200
2011-05-23,32.90089797973633,33.05423038638308,32.8132770742269,32.90089797973633,1809700
2011-05-24,32.96660257138783,33.125412285779305,32.87898377879199,32.99945831298828,1299400
2011-05-25,32.93374964039846,33.32255795982387,32.703751058990896,33.15279769897461,1411900
2011-05-26,33.11993975877408,33.68398568767823,33.004940468433894,33.59636688232422,1095800
2011-05-27,33.68397996716809,33.82636180731102,33.54160021602191,33.788028717041016,970600
2011-05-31,34.05088659369906,34.33564819757619,33.92493470738747,34.3246955871582,1691500
2011-06-01,34.24804302345326,34.286376130662624,33.295186428111954,33.33899688720703,2859300
2011-06-02,33.3389794969767,33.62374106556479,33.043265319327915,33.098026275634766,2122900
2011-06-03,32.76946244888089,33.38279404726988,32.68184364911103,33.229461669921875,1897800
2011-06-06,33.174695544300754,33.28421746023313,32.72564691519212,32.7420768737793,1172700
2011-06-07,32.92280070609253,33.38280000928732,32.82422927762241,33.08708572387695,1252000
2011-06-08,32.944706137264795,33.30065875217784,32.917325648963185,32.99399185180664,1509400
2011-06-09,33.08707758555163,33.108982806267555,32.49017598851897,32.638031005859375,1381600
2011-06-10,32.490186323802725,32.54494730401543,31.76732843321054,31.816614151000977,2011600
2011-06-13,31.898737156374015,32.17802131789813,31.750880098274376,31.948022842407227,1780800
2011-06-14,32.260180177478546,32.5120839864244,32.16708610899743,32.42446517944336,1163900
2011-06-15,32.13970222898402,32.31493983582792,31.663275115939488,31.904226303100586,1761700
2011-06-16,31.90968806851682,32.30944879444655,31.70159272865065,32.1561164855957,2077100
2011-06-17,32.50660952132806,32.55589523202471,32.161609546451544,32.462799072265625,1912800
2011-06-20,32.358746277763565,32.93922208422543,32.358746277763565,32.857078552246094,1968200
2011-06-21,33.054214063767986,33.147308096404615,32.85159604232636,33.11445236206055,1375400
2011-06-22,33.04326487720113,33.33897905089319,32.98302657267165,33.01588439941406,3467800
2011-06-23,32.56684928550767,32.61613499838542,32.052086931229645,32.347801208496094,2618700
2011-06-24,32.42455563501603,32.606810155498884,32.1428920477534,32.352760314941406,2083800
2011-06-27,32.3693416621559,32.6123456841744,32.32515796353724,32.4908447265625,2519000
2011-06-28,32.595774710317414,32.78907310616494,32.38590637568688,32.76145935058594,1278700
2011-06-29,32.9381857724123,33.18671375495952,32.761455230777436,33.1038703918457,2049000
2011-06-30,33.214314430920425,33.3579092562133,33.0431079711857,33.192222595214844,1960900
2011-07-01,33.28611391756231,33.85496502826791,33.20327058190127,33.761077880859375,1796700
2011-07-05,33.86051118786591,34.125607085859876,33.60093719935738,34.02067184448242,1693200
2011-07-06,33.92125220712051,34.32442102380585,33.877070621809075,34.274715423583984,1655200
2011-07-07,34.534281494077,34.78833346781997,34.49009991611782,34.70549011230469,1530900
2011-07-08,34.313371233034445,34.67235421035559,34.21948195128979,34.66130828857422,1956000
2011-07-11,34.16977565121967,34.34098427510515,33.981999198401255,34.05931854248047,1878600
2011-07-12,33.94886067768422,34.65026083621705,33.88810916766103,34.175296783447266,2078400
2011-07-13,34.26918986852762,34.35203323410566,33.81079567090021,33.838409423828125,1853600
2011-07-14,33.92125571214243,33.97096131750029,33.37449616000066,33.52361297607422,1715800
2011-07-15,33.656156531650716,33.89916262577601,33.429720375539496,33.893638610839844,1526200
2011-07-18,33.794225503059884,33.849455115333065,33.363445061300496,33.65615463256836,1272400
2011-07-19,33.860504139554244,34.21396526330401,33.744522996553336,34.19739532470703,1363100
2011-07-20,34.329943816986216,34.50667437637706,34.131121410972895,34.4459228515625,1508500
2011-07-21,34.63368827635004,34.920875870364945,34.6281663698547,34.72205352783203,1373600
2011-07-22,34.78833168478818,34.97058410806901,34.63369090287185,34.89326477050781,1184400
2011-07-25,34.50666563535004,34.78833134145048,34.401732550666026,34.56741714477539,2624300
2011-07-26,34.5453374748948,34.77177365820837,34.35756097360101,34.64474868774414,1815200
2011-07-27,34.45144532841078,34.53428658935462,33.64510981704793,33.672725677490234,1794700
2011-07-28,33.66168236473312,34.031711327254534,33.34135689855531,33.70586395263672,2360300
2011-07-29,33.40762832968939,33.766611324362295,33.114916655319725,33.71138381958008,1982300
2011-08-01,34.114553884052505,34.24157884307438,32.93818937583153,33.203285217285156,2668900
2011-08-02,32.987887684358356,33.15909629916656,32.10423507488313,32.14289474487305,3298000
2011-08-03,32.19260715027537,32.19812905853107,31.04385640799909,31.877805709838867,4775700
2011-08-04,31.535385973133028,31.623751245963465,30.243042541241454,30.320363998413086,4629400
2011-08-05,30.629639364990375,30.701436802768338,29.105337983236314,29.563732147216797,7017600
2011-08-08,28.558580073096678,28.96174678648655,26.907253542006274,26.99561882019043,9058400
2011-08-09,27.34907864258824,29.5085070014508,27.03979913013839,29.453279495239258,8039400
2011-08-10,28.912029026948804,30.204371993646888,28.530954320063632,28.773958206176758,7527500
2011-08-11,28.983840937158593,30.845035941962898,28.790542534135366,30.265138626098633,4463100
2011-08-12,30.635162118230895,31.099080277372096,30.09392461703184,30.25960922241211,4019100
2011-08-15,30.49157440242093,31.391797182146338,30.43634688993489,31.36418342590332,2630500
2011-08-16,31.038347467592832,31.47465213988785,30.74563564467834,31.270305633544922,2688800
2011-08-17,31.452535653226228,31.75629105939211,31.07698282519775,31.358646392822266,2230600
2011-08-18,30.298273278430347,30.62412062911467,29.630010746164068,29.961380004882812,3488600
2011-08-19,29.38148294422376,30.198862280390387,29.309685498532374,29.387004852294922,3271400
2011-08-22,30.049738205442004,30.143627474274787,29.005922968782304,29.420135498046875,2213600
2011-08-23,29.458798593059267,30.171244731917,29.27102214034004,30.143630981445312,2687800
2011-08-24,30.077354953728996,30.64068430255139,29.801213240000024,30.54127311706543,3095000
2011-08-25,30.695917596126694,31.065946525704923,29.652100023155768,29.97242546081543,2370800
2011-08-26,29.812263384223836,30.44739025848281,29.127433016975548,30.336933135986328,2829900
2011-08-29,30.72353226387495,31.402840728639816,30.71800824896781,31.375226974487305,1976900
2011-08-30,31.314473829096084,31.69554867296652,30.817417852922222,31.463590621948242,2705900
2011-08-31,31.712113825494157,31.971687714110537,31.380744607221672,31.817049026489258,3047600
2011-09-01,31.75629105939211,32.01034088223677,31.21505365589076,31.358646392822266,4270000
2011-09-02,30.729046497061653,31.17639678706137,30.530224145950665,30.618589401245117,3459400
2011-09-06,29.674192232106776,30.618596512428425,29.63553255561134,30.48604965209961,3163900
2011-09-07,30.878166525098965,31.67345390683363,30.519181452438723,31.634794235229492,1902000
2011-09-08,31.408363943882684,31.806008761969796,31.248203320414916,31.391796112060547,2395000
2011-09-09,31.104601917872742,31.253718693474468,30.13258402966161,30.40872573852539,2436900
2011-09-12,29.92824122069407,30.530230302147288,29.845399962222743,30.508140563964844,4245800
2011-09-13,30.701434281293817,30.712480202105862,30.231994234148683,30.579931259155273,2166300
2011-09-14,30.651728352893382,30.99414346711349,30.19885613856532,30.77875328063965,2115200
2011-09-15,31.17640619786761,31.319998991017837,30.833990993590525,31.286863327026367,2848800
2011-09-16,31.303426666964274,31.60166024085789,30.894735979762554,31.590614318847656,2019000
2011-09-19,31.054907292082998,31.19850221120292,30.817425170057177,30.9002685546875,1958600
2011-09-20,30.872653691884803,31.29238829558148,30.7677184608646,30.883697509765625,1546600
2011-09-21,30.86160437587958,30.916831886393673,29.23236753418009,29.254459381103516,2825000
2011-09-22,28.630384189148806,29.022505070756893,28.09466838029599,28.54201889038086,4405500
2011-09-23,28.439964131784617,28.85262337086415,28.244788758251612,28.752246856689453,2688200
2011-09-26,29.003184701498487,29.20393772075701,28.529186171667362,29.153749465942383,2246100
2011-09-27,29.661199626958837,29.990210959120407,29.293153232273976,29.44371795654297,1777600
2011-09-28,29.382380626086913,29.7002388235929,28.640712207656833,28.696475982666016,2241900
2011-09-29,29.242973711265144,29.315468332105848,28.713211382684936,29.142597198486328,2151600
2011-09-30,28.66301802378773,29.203933438301384,28.361888539057475,28.367464065551758,1970600
2011-10-03,28.071909655438834,28.596096315057956,26.984499145320687,27.029111862182617,5785500
2011-10-04,26.649922544732732,28.205756545028372,26.265145158943263,28.094226837158203,5508100
2011-10-05,28.205754686493346,28.205754686493346,26.69453139257203,27.85443687438965,8885500
2011-10-06,27.826551471086372,28.66859645566631,27.530997482897842,28.618408203125,2513100
2011-10-07,28.757818358956992,28.8916544015406,27.759631011744958,27.820972442626953,2993000
2011-10-10,28.35631060492341,29.215086329661812,28.30054683152548,29.209510803222656,2280500
2011-10-11,28.997597275708767,29.103549269175016,28.478986231174662,28.62955093383789,2206200
2011-10-12,28.91396001255723,29.5385254046814,28.62956133349763,29.097984313964844,2634100
2011-10-13,28.969727667973967,29.148174325851702,28.334011183378035,28.90838623046875,1850000
2011-10-14,29.220657709537587,29.711384766382427,29.1593162956192,29.577550888061523,1685600
2011-10-17,29.454873287583847,29.454873287583847,28.808003754896436,28.936262130737305,1835000
2011-10-18,28.897231568270804,30.09059432942122,28.84146778825983,29.95676040649414,3158600
2011-10-19,29.92330377114511,30.118479147409445,29.48276263357469,29.611021041870117,2348600
2011-10-20,29.850801345069446,29.850801345069446,29.04221603141398,29.778308868408203,1965200
2011-10-21,30.0905953284381,30.759771347045902,30.073866619329777,30.7597713470459,1636200
2011-10-24,30.837832427643743,31.568349667912674,30.692845361070038,31.52373695373535,2858800
2011-10-25,31.22818570777485,31.36759725111313,30.87686802293201,31.010704040527344,2190500
2011-10-26,31.27281845962718,31.395499249837147,30.743053830064326,31.23935890197754,1919000
2011-10-27,32.28771578354204,32.968042700013186,31.85275030164906,32.722679138183594,2167600
2011-10-28,32.4271277992913,32.80632739036403,32.382515081635,32.78959655761719,1971100
2011-10-31,32.47732429136031,32.84537079649248,32.12042884122281,32.42155838012695,2033500
2011-11-01,31.42336616446245,32.098119761450384,31.22261529606494,31.378755569458008,3614000
2011-11-02,31.847182231183737,32.24311061475087,31.412218774715733,31.981016159057617,2302500
2011-11-03,32.371370123642926,32.50520618335099,31.50144318092253,32.42155838012695,2155400
2011-11-04,32.15388644793673,32.220803410127274,31.61854649590857,32.159461975097656,1500600
2011-11-07,32.11484319243873,32.54980652671625,31.730068098827942,32.16503143310547,1661500
2011-11-08,32.34347539223222,32.61672293067435,31.624111377278503,32.5832633972168,1250100
2011-11-09,31.841592892859012,32.01446395745341,31.021854535478646,31.09434700012207,1950700
2011-11-10,31.41221145168782,31.568351706890848,30.89360031576184,31.088775634765625,2765200
2011-11-11,31.462411070969488,32.02005751003455,31.28954203630082,31.92525863647461,1796700
2011-11-14,31.77468954479657,31.81930227496856,31.12224432042164,31.334148406982422,2019900
2011-11-15,31.172440404695344,31.791426236849887,31.021875593440697,31.568368911743164,1725800
2011-11-16,31.261649738958305,31.75237691044754,31.189155130368352,31.26722526550293,1466300
2011-11-17,31.217044581837875,31.256079658863804,30.503257885075563,30.69285774230957,2401000
2011-11-18,30.88244212931631,30.94378354170078,30.531124484819586,30.888017654418945,1924800
2011-11-21,30.436324432362277,30.436324432362277,29.9177134015649,30.10731315612793,2054100
2011-11-22,29.984635656752843,30.252305570586483,29.772729510581943,29.967906951904297,2021300
2011-11-23,29.71696510419125,29.71696510419125,29.031060565875546,29.064517974853516,1728000
2011-11-25,28.99760420973534,29.72254388952841,28.936262783546802,29.192779541015625,680200
2011-11-28,30.04597926967674,30.207695058597967,29.599862714072163,29.845226287841797,1721900
2011-11-29,29.88983671394621,30.0292482697524,29.627744435561613,29.800613403320312,1794100
2011-11-30,30.564596099616825,31.22819446621316,30.536712081327593,31.189159393310547,2171600
2011-12-01,31.1779998300472,31.1779998300472,30.625929140595876,30.932636260986328,2356400
2011-12-02,31.133395489838534,31.428947362735,30.876876562440554,30.90475845336914,1374500
2011-12-05,31.328572814056844,31.507019479868855,30.943797589759452,31.166854858398438,1362900
2011-12-06,31.12222918721957,31.30625129156803,30.904745424260806,31.11665153503418,2075500
2011-12-07,31.083205170122174,31.568356847252605,30.798804370690977,31.45682716369629,1675500
2011-12-08,31.239346872994183,31.339723380039565,30.676122902655994,30.7430419921875,1642200
2011-12-09,30.96051595033894,31.568350367338667,30.84341076390584,31.41778564453125,1221700
2011-12-12,31.144540389016626,31.144540389016626,30.598047351267667,30.86014175415039,1710100
2011-12-13,31.01628616372864,31.289533782784616,30.341534660985634,30.4976749420166,1555200
2011-12-14,30.38614656603335,30.999556619758224,30.280192411975104,30.67612075805664,2213400
2011-12-15,30.954946828642946,31.317417793883692,30.871301155531036,31.189159393310547,1268500
2011-12-16,31.317409458183086,31.791407861409716,31.26164569095102,31.53489112854004,1749800
2011-12-19,31.590659536348888,31.713340259470073,31.17800039334618,31.261648178100586,1366200
2011-12-20,31.702186349032942,32.24310385620787,31.607387513930913,32.20964431762695,1248400
2011-12-21,32.19292774611977,32.310032984415045,31.93641090206757,32.19850540161133,2621500
2011-12-22,32.31560252106541,32.828636080277334,32.243107908654416,32.66134262084961,1388200
2011-12-23,32.87109487838622,32.893648461692024,32.57226742748255,32.803436279296875,2307400
2011-12-27,32.758314948175766,33.18118477358678,32.577890661399906,32.950016021728516,1173200
2011-12-28,33.01769666946873,33.05152489938849,32.53844262093042,32.55535888671875,1359300
2011-12-29,32.64555329005403,32.91618973603537,32.54970167226197,32.842891693115234,948500
2011-12-30,32.910546164246874,33.10224722510611,32.690654213725665,32.70193099975586,1969300
2012-01-03,33.293951888924546,33.632249053958645,32.696297220437295,32.97821044921875,6177500
2012-01-04,32.75831911094566,32.84289394710609,32.31853512489726,32.41438674926758,2393900
2012-01-05,32.40874883407767,32.78651372933051,32.15502646425524,32.71885299682617,1805000
2012-01-06,32.80342594959271,32.89363810358031,32.459491440381406,32.611724853515625,1337800
2012-01-09,32.70757378702409,32.76959504514841,32.41438590451753,32.498958587646484,1537200
2012-01-10,32.876718500832375,33.068419564862744,32.80905778353197,32.85980224609375,1558300
2012-01-11,32.809063463346654,33.152997974603345,32.7132139901518,33.09097671508789,1407000
2012-01-12,33.06278832012701,33.141723692450874,32.65119519956143,32.848533630371094,1734500
2012-01-13,32.70193344199243,32.92746487778532,32.515869684839224,32.92182540893555,1534700
2012-01-17,33.248843036161276,33.42926730959837,33.06277929433909,33.19245910644531,1450300
2012-01-18,33.24321685925865,33.536406958525525,33.16428147692292,33.423641204833984,1522000
2012-01-19,33.55331039428711,33.67735289896826,33.38416289297556,33.55331039428711,1277300
2012-01-20,33.58714537882659,33.79576058747001,33.35597659334943,33.761932373046875,1352900
2012-01-23,33.869048523430344,34.05511225050866,33.69990104933986,33.92543029785156,1238800
2012-01-24,33.818307357748985,34.18479537963867,33.70554164710392,34.18479537963867,1820800
2012-01-25,34.16225041825838,34.6527789097556,34.02693110121041,34.62458801269531,1499400
2012-01-26,34.79936871186105,35.024897998316106,34.70351709822658,34.867027282714844,1620800
2012-01-27,34.76553400857881,34.98542594950811,34.590747058975744,34.878299713134766,1498300
2012-01-30,34.72043883786033,34.72043883786033,34.44980021004567,34.61894989013672,2355500
2012-01-31,34.805003856147536,34.86702510506793,34.56255832900076,34.788089752197266,2069500
2012-02-01,35.07565035434023,35.1827787790198,34.9346937120378,35.13203430175781,3222200
2012-02-02,35.160219733508384,35.216601521332315,35.02490043157267,35.21096420288086,2712600
2012-02-03,35.50979122158276,35.71840641559567,35.3688346024986,35.70149230957031,2698900
2012-02-06,35.61127198438121,35.695846796747446,35.385740585289156,35.58871841430664,1778100
2012-02-07,35.57744762580504,35.63383156049491,35.425216379210354,35.498512268066406,1985800
2012-02-08,35.560543060302734,35.71841381813049,35.312460133597995,35.560543060302734,1735200
2012-02-09,35.63382030139292,35.673287967791765,35.09254760435744,35.30116271972656,1438000
2012-02-10,35.013630745066706,35.21097134412842,34.867036776496896,34.97416305541992,1675200
2012-02-13,35.16585459220075,35.419576921315915,35.126386913319195,35.32936477661133,1842100
2012-02-14,35.31244793594456,35.368829715456826,34.75425885513431,34.96851348876953,1866500
2012-02-15,35.081295421854314,35.081295421854314,34.64150916513826,34.75991439819336,1969800
2012-02-16,34.89522736298771,35.19405476786831,34.68661212660849,35.12639617919922,2318000
2012-02-17,35.23916164025991,35.23916164025991,34.91214118784098,35.15458679199219,1695100
2012-02-21,35.227878095942785,35.267345777346236,34.4723505292052,34.607669830322266,2815800
2012-02-22,34.58511243469566,34.72606903865989,34.26936886751804,34.314476013183594,2261300
2012-02-23,34.27501370637202,34.75990484411436,34.26937423686668,34.74298858642578,2453200
2012-02-24,34.83883421487513,34.912130099211,34.568197797535554,34.788089752197266,1810800
2012-02-27,34.5963951826487,34.85011754367032,34.30320513778232,34.731712341308594,2002800
2012-02-28,34.83320848925858,34.87831565202505,34.421615307740055,34.528743743896484,2381700
2012-02-29,34.618940334490496,34.78244834884421,34.33138767836908,34.38777160644531,3013500
2012-03-01,34.42160659994353,34.68660573708873,34.39341570576002,34.59639358520508,3386900
2012-03-02,34.517463398463114,34.73735541723459,34.42725123304846,34.545654296875,1860100
2012-03-05,34.53436554415495,34.89521408081055,34.38213216447332,34.89521408081055,1830300
2012-03-06,34.48362486707181,34.78245219099066,34.365221831273075,34.43288040161133,2236400
2012-03-07,34.59075684290319,34.63022452803709,34.19607999156417,34.61894989013672,1367200
2012-03-08,34.70351547714668,34.7317063677833,34.34266691501289,34.43851852416992,1454200
2012-03-09,34.54000910435008,34.731710192949976,34.3934151663983,34.607669830322266,1621800
2012-03-12,34.59075436641495,34.962879764483766,34.59075436641495,34.861392974853516,2644800
2012-03-13,35.04181854054518,35.622559158967775,34.996711387240246,35.56617736816406,2407300
2012-03-14,35.61127060715339,35.70712220084995,35.25042210322298,35.470314025878906,2280800
2012-03-15,35.554894021676304,35.554894021676304,35.2842576042484,35.41957473754883,1595600
2012-03-16,35.47031378481715,35.65637750323179,35.41393201302123,35.6225471496582,1799600
2012-03-19,35.62255313756762,36.067976522438904,35.48723385135374,35.870635986328125,2106100
2012-03-20,35.65074158554585,35.96084566295606,35.645104268135604,35.819889068603516,1795700
2012-03-21,35.88192315567199,35.93830710408786,35.757880619984796,35.76915740966797,1515200
2012-03-22,35.56616668305058,35.56616668305058,35.06435943201425,35.27861404418945,3203400
2012-03-23,35.312450660657795,35.673299239364226,35.154577794353344,35.498512268066406,2495000
2012-03-26,35.812253748282394,35.988445593042684,35.68721640281791,35.91455841064453,1630000
2012-03-27,35.98844851534219,36.13622289213793,35.85204373319296,35.92024612426758,3449500
2012-03-28,35.93160786871644,35.94865792176014,35.499654401283145,35.8634033203125,1573800
2012-03-29,35.63604944302513,35.90886104129665,35.43144020229302,35.88044357299805,1530300
2012-03-30,36.02254172039784,36.255568485305695,35.96570460205789,36.17599868774414,2059900
2012-04-02,36.22147454407749,36.47155141793979,36.08506976492164,36.431766510009766,6716800
2012-04-03,36.41471235848586,36.482916908506574,36.14758329119129,36.2896728515625,2338900
2012-04-04,36.01686015025918,36.07369727368959,35.7440484621369,35.891822814941406,2045700
2012-04-05,35.79519413567157,35.925916243091464,35.624687133302764,35.755409240722656,2925300
2012-04-09,35.33482764759289,35.53375431505156,35.14158794429531,35.37461471557617,1126900
2012-04-10,35.38028910268175,35.47690893182571,34.57890432780339,34.613006591796875,2670600
2012-04-11,34.95403459895769,35.06770668981303,34.77216012083506,35.056339263916016,1917300
2012-04-12,35.1302123830575,35.556480927013205,34.971070652329885,35.5394287109375,1373400
2012-04-13,35.48828626849282,35.596275717253846,35.24957685818546,35.391666412353516,2097600
2012-04-16,35.60763664995271,36.08505755164095,35.49964722087979,35.87476348876953,1973400
2012-04-17,36.09642037880454,36.33513189765454,35.81792613627919,36.18167495727539,1524000
2012-04-18,36.10211076452762,36.17599793277038,35.937286376953125,35.937286376953125,1278100
2012-04-19,35.98275607067615,36.15894571356708,35.76677936172042,35.937286376953125,2543700
2012-04-20,36.09075218439102,36.5227057081438,36.02823242425984,36.37493133544922,1649700
2012-04-23,36.124844937731716,36.14189498850274,35.75541127152145,35.99980545043945,1764500
2012-04-24,36.05663961107602,36.562480176751656,36.033906933249156,36.53974533081055,2618500
2012-04-25,36.76708747269405,36.971696738909614,36.710248192789976,36.9603271484375,2191000
2012-04-26,36.89781419992997,37.13652360903571,36.75572464647716,37.051273345947266,1885400
2012-04-27,37.22745231454027,37.37522662184101,36.94895808388826,37.30702209472656,2058500
2012-04-30,37.25587694792095,37.30134230253344,36.96032829368365,37.21040725708008,2165000
2012-05-01,37.25587713199977,37.903805052884245,37.210407440934226,37.61394119262695,3024200
2012-05-02,37.43774752934359,37.636671986052846,37.19903384506454,37.55710220336914,1801900
2012-05-03,37.67646295018394,37.738982694687934,37.392283870158025,37.42638397216797,2099900
2012-05-04,37.27861902090592,37.30135387337869,36.971709353097886,37.096744537353516,1480000
2012-05-07,36.98306633692308,37.44343507186563,36.94328143805433,37.358184814453125,1574000
2012-05-08,37.14789229206715,37.335451538727604,36.94328299320646,37.289981842041016,1610900
2012-05-09,36.994437397855876,37.43207569031735,36.87508268251987,37.170631408691406,2729800
2012-05-10,37.40933737359489,37.45480707129022,36.94896860905956,37.19904327392578,2346300
2012-05-11,37.005796949834256,37.41501548350352,36.91485757069519,37.27860641479492,2780400
2012-05-14,36.875081164752956,37.164945082197946,36.784146100909574,36.806880950927734,2759300
2012-05-15,36.82960724433075,36.84665729382583,36.51132375425249,36.61362838745117,2525400
2012-05-16,36.78414510407056,36.78414510407056,36.147582329500466,36.21010208129883,2051300
2012-05-17,36.198725428812025,36.2157776455739,35.15294647216797,35.15294647216797,3341500
2012-05-18,35.26662528487942,35.437132308396755,34.61869729464489,34.7266845703125,2888400
2012-05-21,34.80057466107899,35.54512473356238,34.75510712944747,35.48260498046875,2124900
2012-05-22,35.619014157534636,35.766788531907785,35.38030470862939,35.550811767578125,1767400
2012-05-23,35.300726277583344,35.687210006544746,34.982444921934444,35.60195541381836,2668900
2012-05-24,35.73836046180792,35.93160231619487,35.340509330056655,35.76109313964844,1369500
2012-05-25,35.70995032780256,35.90319005379136,35.505341008385365,35.61901092529297,1383000
2012-05-29,35.83499108863865,36.158955152583424,35.74973864282497,36.124855041503906,1423600
2012-05-30,35.87477528760654,35.92592762132925,35.266632080078125,35.266632080078125,1484000
2012-05-31,35.334844751144985,35.81226594877753,34.96541304952599,35.53377151489258,2127000
2012-06-01,35.010869862555865,35.12454195439247,34.59028594130969,34.6641731262207,3453800
2012-06-04,34.6471163582741,34.74373838250083,34.18106279418274,34.42545700073242,3573700
2012-06-05,34.27768995266786,35.1984297942589,34.2720051555071,35.13591003417969,2871000
2012-06-06,35.41440469255713,35.91455841064453,35.23821284779683,35.91455841064453,6758200
2012-06-07,36.23851785882826,36.30103760769345,35.607642078378696,35.65879440307617,2191500
2012-06-08,35.636053860486484,36.16462707519531,35.57921674872987,36.16462707519531,1696000
2012-06-11,36.4658706667883,36.52838609055537,35.306417044500876,35.35188674926758,2074000
2012-06-12,35.51670306530407,35.72699498153487,35.175686861782225,35.68721008300781,1951500
2012-06-13,35.57354295910913,35.954341945966384,35.357566217007374,35.505340576171875,1600500
2012-06-14,35.54511257331589,36.16462292767293,35.51669510475369,36.02253341674805,1532600
2012-06-15,36.15895087101989,36.289673006947375,35.93729150279003,36.244205474853516,1319900
2012-06-18,36.07938486998273,36.73299561857317,36.011182480589575,36.545440673828125,1754000
2012-06-19,36.72161879845255,36.92622807032466,36.403339636086336,36.693199157714844,2485300
2012-06-20,36.73867101997048,36.84097566195361,36.46017673643867,36.676151275634766,2001800
2012-06-21,36.75004897127917,36.79551433876958,36.02254888856243,36.079383850097656,3072600
2012-06-22,36.238534067731045,36.33515613231684,35.846367515050375,36.085079193115234,2204200
2012-06-25,35.712010333105006,36.01572217481663,35.63751419204948,35.90111541748047,3700200
2012-06-26,35.98706670754308,36.21055292126419,35.78077106842096,36.02145004272461,2121600
2012-06-27,36.11314089752952,36.24494041855165,35.9698802634641,36.16471481323242,1694800
2012-06-28,36.02718604506997,36.56584746410473,35.838083132205384,36.560115814208984,1726500
2012-06-29,37.22484804126969,37.517101001390806,37.04720622823932,37.494178771972656,2215800
2012-07-02,37.786426575085265,37.91822391129193,37.43687027510957,37.90676498413086,3891600
2012-07-03,38.0041751700235,38.21620245077137,37.860914557293924,38.130245208740234,1586100
2012-07-05,38.06722016264723,38.19329023439318,37.81508001915533,37.89530563354492,1407800
2012-07-06,37.58014351028804,38.05003837685533,37.58014351028804,37.987003326416016,1617000
2012-07-09,37.986994431697816,38.072951695985225,37.815079903123014,38.02710723876953,1785700
2012-07-10,38.216211705115484,38.22193898319538,37.41395120516303,37.62024688720703,1534000
2012-07-11,37.67181354084009,37.734848566961176,37.40248286049863,37.66035461425781,1630900
2012-07-12,37.47698318026235,37.96406846733654,37.293609741412034,37.77496337890625,2271800
2012-07-13,37.895302894140585,38.28497200956479,37.83799951257157,38.239131927490234,1484600
2012-07-16,38.210473697137104,38.41676934485509,38.107325873278114,38.313621520996094,1789000
2012-07-17,38.53710969995569,38.800708736092524,38.16463118533957,38.68037033081055,2007300
2012-07-18,38.628791293706534,38.68609466081322,38.32507514130444,38.45114517211914,1690200
2012-07-19,38.46835226361349,38.594422348563505,37.792161748674026,38.05003356933594,2365200
2012-07-20,37.76923499790132,37.964067358252095,37.677546095170946,37.84946060180664,1475600
2012-07-23,37.40248353516437,37.677545869742254,37.316530654328304,37.574398040771484,1342000
2012-07-24,37.62024060783746,37.76350123134639,37.207649312616994,37.448326110839844,1941200
2012-07-25,37.6259699798676,37.68327335140981,37.230569283882424,37.43113327026367,1350800
2012-07-26,37.90677232077752,38.06149191321908,37.54002537309455,37.763511657714844,1365900
2012-07-27,37.998456894453504,38.39958937445013,37.92396292352499,38.12452697753906,1469300
2012-07-30,38.176107887541356,38.439707016226464,38.11307283807655,38.30217361450195,1370800
2012-07-31,38.342270693479065,38.38238348828573,38.11878012587997,38.244850158691406,1782500
2012-08-01,38.46261770048695,38.66891336915928,38.061485290527344,38.061485290527344,2666100
2012-08-02,38.05001836438787,38.23912341624572,37.77495607332493,38.17035675048828,1637600
2012-08-03,38.53136921087036,38.628789740197156,38.40529918512573,38.46833419799805,1730800
2012-08-06,38.61734303489964,38.709031955547815,38.42823791503906,38.42823791503906,1768200
2012-08-07,38.560038452871524,38.560038452871524,37.97553253173828,37.97553253173828,2471600
2012-08-08,37.8838380227387,37.95833196989374,37.591585139032325,37.717655181884766,1899300
2012-08-09,37.75777176473026,37.866651243920025,37.534285528895765,37.597320556640625,1324000
2012-08-10,37.52856065058977,37.66609402973903,37.476988912385025,37.64889907836914,987000
2012-08-13,37.63170581533481,37.70620415005337,37.41968285521092,37.62024688720703,1448400
2012-08-14,37.74632333531472,37.75778226537898,37.47699257313295,37.5400276184082,1586100
2012-08-15,37.49417093061193,37.7806921804647,37.49417093061193,37.7119255065918,1079200
2012-08-16,37.74057624883166,37.998443603515625,37.5342806162977,37.998443603515625,1362700
2012-08-17,38.02710115921163,38.0500233841548,37.866649956576815,38.009910583496094,1773500
2012-08-20,38.01564590052132,38.072953660982705,37.711934006736506,37.901039123535156,2710100
2012-08-21,38.03857323260524,38.095881000753586,37.901044207380764,37.98126983642578,1429600
2012-08-22,37.906760337912445,37.97552263638596,37.540013506163355,37.95833206176758,1893100
2012-08-23,37.90104194867268,37.975535922069625,37.706209538879754,37.8437385559082,2421000
2012-08-24,37.80933643806155,38.07293539624801,37.666075849571115,37.96978759765625,1946500
2012-08-27,38.11307313573026,38.17037653424515,37.895314100616986,38.08441925048828,1191000
2012-08-28,37.99843906366736,38.25057911152163,37.87810068772776,38.2161979675293,1189900
2012-08-29,38.29071115088737,38.30790173152463,38.130259902314734,38.20475387573242,1198700
2012-08-30,38.09015160314303,38.18756781960861,37.97554043203427,38.11880111694336,1375000
2012-08-31,38.29070365931202,38.325084813859874,37.935415698435676,38.239131927490234,2484900
2012-09-04,38.24485434981469,38.548566168343115,37.96979640441685,38.508453369140625,1714000
2012-09-05,38.560035682632176,38.594416838357674,38.273514393005215,38.439697265625,1612500
2012-09-06,38.61162801876243,38.789274286058514,38.58297849769357,38.78354263305664,2373700
2012-09-07,38.86374606518908,38.921049446531406,38.73767600305533,38.817901611328125,1648300
2012-09-10,38.76058763693727,38.77205093325353,38.46260751221283,38.51417922973633,3773600
2012-09-11,38.508452855808834,38.6459861986416,38.40530503466784,38.6287956237793,3574500
2012-09-12,38.66318188300047,38.754866418371634,38.54284347109395,38.70902633666992,3416200
2012-09-13,38.749144976295156,39.241961997541125,38.69183721459387,39.184654235839844,4467500
2012-09-14,39.27633473160683,39.65454052028765,39.25914415557145,39.40240478515625,4855800
2012-09-17,39.4196053863056,39.60297886393062,39.23623190868057,39.287803649902344,2430200
2012-09-18,39.16744557885408,39.20183109439831,38.78923988359856,38.91530990600586,2344400
2012-09-19,38.94970329547484,38.97835280014174,38.69756317138672,38.69756317138672,1972600
2012-09-20,38.52565945753569,38.531386736244315,37.986997965067765,38.12452697753906,4285400
2012-09-21,38.18754857943868,38.256315247456975,38.09586406071456,38.130245208740234,6134600
2012-09-24,37.96563508594159,38.26598502947299,37.94830339106199,37.98873519897461,4512700
2012-09-25,38.11003470061873,38.13891204502912,37.41113510214495,37.428466796875,5153600
2012-09-26,37.39380578094106,37.64795107565836,37.35337397557569,37.42268753051758,2693300
2012-09-27,37.572873006841974,37.84434124191979,37.45157315717959,37.58442306518555,1542000
2012-09-28,37.4977753538036,37.69993438841437,37.3071663754264,37.52665710449219,2903500
2012-10-01,37.601733389281506,37.7230287774753,36.86240660025155,37.24939727783203,5154300
2012-10-02,37.35915467079627,37.53243637084961,37.20320466613762,37.53243637084961,2511100
2012-10-03,37.58442797477821,37.93676429123515,37.54399615518828,37.6075325012207,2928600
2012-10-04,37.78658298598815,37.90210560570652,37.41691941636408,37.59597396850586,2258000
2012-10-05,37.63061989779795,37.84432895831721,37.520874548837796,37.64216995239258,1636300
2012-10-08,37.445791630908865,37.578637101311145,37.38225530793865,37.561309814453125,1825600
2012-10-09,37.572864696190194,37.75191920470305,37.41113306799246,37.42268753051758,2292200
2012-10-10,37.46889640387904,37.653728142849076,37.359151044049995,37.5728645324707,1984800
2012-10-11,37.751927392052195,37.85011831112922,37.54399108886719,37.54399108886719,1537800
2012-10-12,37.60752284818151,37.75770002814161,37.37648204979751,37.411136627197266,1741200
2012-10-15,37.422678946069205,37.682597005689765,37.232070018755316,37.65949249267578,2209900
2012-10-16,37.80391165449111,37.9540888622274,37.77503430356251,37.89055252075195,2355800
2012-10-17,37.723035182833414,37.86166228436681,37.53820345419156,37.78657150268555,2665300
2012-10-18,37.72882635837134,38.185130821080136,37.72882635837134,38.17357635498047,2155900
2012-10-19,38.156242144466844,38.30641932937045,37.79813308158336,37.855892181396484,2046100
2012-10-22,37.82701427644705,37.86167326525043,37.445800653508236,37.665287017822266,1642900
2012-10-23,37.39381002731225,37.46312359012525,37.0183692738645,37.2840690612793,1976200
2012-10-24,37.38226065238894,37.51510614178382,37.13966978822164,37.25518798828125,1701100
2012-10-25,37.463111290364836,37.63061570711587,36.781543570052335,37.151206970214844,2028200
2012-10-26,37.13966923069113,37.13966923069113,36.61982852475285,36.827762603759766,2320000
2012-10-31,36.989493114797625,37.220533924852,36.81621360894108,37.185874938964844,2616900
2012-11-01,37.255183836676004,37.51510196121408,37.09345661192019,37.36492919921875,2311200
2012-11-02,37.578641339125504,37.8732184691405,37.549763993351,37.61330032348633,2587100
2012-11-05,37.61329726773271,37.65950189856554,37.13966564948938,37.36492919921875,1633100
2012-11-06,37.4977753538036,37.60174348685149,37.284066262959264,37.52665710449219,1415100
2012-11-07,37.31872575001237,37.509334753476125,37.18010302328283,37.35915756225586,2476300
2012-11-08,37.37071188533205,37.37071188533205,36.90863460791519,36.91440963745117,1793200
2012-11-09,36.83931783464354,37.07613588906341,36.64871102934301,36.81621551513672,2400500
2012-11-12,36.88552067958427,36.92017525470301,36.59094357086573,36.72956848144531,1182200
2012-11-13,36.59094585277595,36.91440252872114,36.5331867550639,36.70069122314453,1648100
2012-11-14,36.85664503117193,36.85664503117193,35.897829425293,36.01334762573242,2489400
2012-11-15,36.030672193582745,36.232831220087746,35.63212696508983,35.84584045410156,3151600
2012-11-16,35.87471233464127,36.0999758312897,35.61479206798246,36.0653190612793,2446300
2012-11-19,36.463867787625276,36.61404273235816,36.273258838889966,36.510074615478516,2112300
2012-11-20,36.56207042835002,36.781558990478516,36.30792728503237,36.781558990478516,2490200
2012-11-21,36.80466224955686,36.885525874045946,36.527414592722074,36.718021392822266,1954000
2012-11-23,36.85085799129049,37.0183602186944,36.73533761822832,36.98948287963867,921500
2012-11-26,36.90863279782717,37.3187281792018,36.79311238245397,37.06458282470703,3668600
2012-11-27,36.769999020513836,37.19164656241367,36.53895824530137,36.85663986206055,5494200
2012-11-28,36.79309370765796,36.850852784343886,36.452309867128896,36.810420989990234,5931100
2012-11-29,37.041473476242246,37.0530279399801,36.700691710500145,37.012596130371094,3011100
2012-11-30,37.02415210554091,37.26674300197217,36.98372028946903,37.08768844604492,3312300
2012-12-03,37.24363886546978,37.45734798161604,37.128116255774664,37.23786163330078,3735500
2012-12-04,37.18587458933981,37.49200619365731,37.16277006787791,37.29561996459961,2379700
2012-12-05,37.318714543010586,37.36492357362263,37.04146476607402,37.180091857910156,2487100
2012-12-06,37.289839087707826,37.538207160725754,37.16854366694136,37.52665710449219,2335500
2012-12-07,37.57287333006694,37.67106425041237,37.50355975919747,37.665287017822266,2812900
2012-12-10,37.71727423543462,37.827015216951516,37.57287426425262,37.6479606628418,1934200
2012-12-11,37.78657311051771,37.844332201912955,37.659500465406445,37.74036407470703,2086900
2012-12-12,37.85011121904694,37.93675206359609,37.486224960024174,37.63640213012695,2335300
2012-12-13,37.54398081394992,37.682603509223036,37.22629921359901,37.347599029541016,2614500
2012-12-14,37.353377449441126,37.44001829949202,37.249409310727394,37.341827392578125,2544500
2012-12-17,37.51510348808754,37.57863981564704,37.34182620025519,37.5382080078125,2315800
2012-12-18,37.65950923102265,37.925209045410156,37.57864560290028,37.925209045410156,2532300
2012-12-19,38.098470592647594,38.115797876254646,37.85587980867811,37.873207092285156,3408800
2012-12-20,37.821250173597846,38.38729570933601,37.821250173597846,38.36996841430664,2695600
2012-12-21,38.05226646623306,38.44503443661008,37.93674828948404,38.30641174316406,2252500
2012-12-24,38.33389517515615,38.47420405108755,38.170200743179734,38.35728073120117,1802600
2012-12-26,38.53266250253236,38.53266250253236,38.082498443850895,38.17604064941406,1724100
2012-12-27,38.24035694796415,38.386513326220545,37.889578071877864,38.31635665893555,2305800
2012-12-28,38.199433309626095,38.42159388495369,38.035738860651584,38.064971923828125,1990300
2012-12-31,38.07081536989111,38.47420394461993,37.93634953808901,38.468360900878906,3718700
2013-01-02,39.1289902233253,39.222527996690374,38.70805909233446,38.947757720947266,5286400
2013-01-03,38.94774203358606,39.1348219653034,38.87173788422947,38.94189453125,3571000
2013-01-04,39.058833072627515,39.14068029595292,38.88929112135656,39.12314224243164,2338700
2013-01-07,39.13483098194708,39.240063746554746,39.02959821733941,39.21083068847656,2243600
2013-01-08,39.21668915203193,39.2868413744835,39.01791411429324,39.13484191894531,1533700
2013-01-09,39.26344934090181,39.29852544236058,39.12898351807913,39.245906829833984,2134400
2013-01-10,39.38038076844663,39.49146105974287,39.13483908695539,39.28683853149414,2824100
2013-01-11,39.339450331646226,39.38622144201027,39.11144674404475,39.263450622558594,2022000
2013-01-14,39.36869091597047,39.38038592729126,39.25761507046261,39.37453842163086,1787200
2013-01-15,39.33944747853322,39.61422215657058,39.25760027150145,39.56160354614258,2101400
2013-01-16,39.49731637136163,39.53823999765355,39.39208355227658,39.514854431152344,2384800
2013-01-17,39.684366582540484,39.70775213144524,39.590828847258855,39.63759994506836,2421900
2013-01-18,39.690228467876295,39.807151794433594,39.55576708836931,39.807151794433594,2277500
2013-01-22,39.84223021912932,40.01761519953822,39.760383002870746,40.01177215576172,2187400
2013-01-23,40.0351606755923,40.06438927765479,39.90654233756787,40.00008010864258,2383100
2013-01-24,40.105306177719484,40.18715338634096,39.94745926404616,40.0819206237793,2346200
2013-01-25,40.22224624477473,40.333322084527474,40.111165944682284,40.3099365234375,2095600
2013-01-28,40.43854287226158,40.508699534700604,40.22807734528289,40.415157318115234,3364700
2013-01-29,40.43855081314153,40.5320930480957,40.37424164169536,40.5320930480957,2343700
2013-01-30,40.52038872340648,40.52038872340648,40.07022908710881,40.1462287902832,1872600
2013-01-31,40.058531684857265,40.111150291860945,39.807142576665804,39.906532287597656,2186400
2013-02-01,40.11700293380982,40.25731180322953,39.959151552916424,40.14038848876953,3376600
2013-02-04,40.00008480531507,40.204702885134445,39.92408507862205,40.04685592651367,2827500
2013-02-05,40.19300288530454,40.21638844040571,39.90069013704778,39.953304290771484,2401200
2013-02-06,39.8597729864423,40.09946715945795,39.77207825569442,40.093624114990234,8277600
2013-02-07,40.09362184209703,40.163774054447,39.81884711615554,39.92407989501953,1793400
2013-02-08,40.011767382008756,40.29238510131836,39.97084377876202,40.29238510131836,2799900
2013-02-11,40.25146769460063,40.39177657585534,40.222239093689474,40.350852966308594,2177700
2013-02-12,40.432705345999565,40.660708954614385,40.345010621069484,40.65486145019531,2357700
2013-02-13,40.754252017368046,40.765947027725296,40.52040087395823,40.6314811706543,2525900
2013-02-14,40.613952341572855,40.62564289424623,40.43856282908804,40.46194839477539,2169200
2013-02-15,40.53208791489904,40.537930958589236,40.32162237324589,40.479469299316406,1504200
2013-02-19,40.60223516218294,40.80685763515053,40.54962101336601,40.80101013183594,1673700
2013-02-20,40.82440692117329,40.9647158169749,40.53793716430664,40.53793716430664,1764500
2013-02-21,40.520393940400794,40.549627000952206,40.14039091526525,40.23392868041992,2185700
2013-02-22,40.4268749011442,40.6373405456543,40.36256570641385,40.6373405456543,1941400
2013-02-25,40.7717866306727,40.81855774747423,39.86561965942383,39.86561965942383,2550400
2013-02-26,40.0702318238904,40.251464299404965,39.82469018732127,40.14038848876953,2382800
2013-02-27,40.198853814935056,40.61978492195096,40.081926029464555,40.43270492553711,1551400
2013-02-28,40.432708927491355,40.608093932547966,40.37424279879976,40.391780853271484,4566400
2013-03-01,40.286550948231564,40.57886373888074,40.081928426505776,40.5262451171875,3862400
2013-03-04,40.50285330927859,40.935474923792725,40.50285330927859,40.83024215698242,3141000
2013-03-05,41.011477939176565,41.23948151746528,40.82439796570022,41.15178680419922,2835800
2013-03-06,41.28041522553645,41.356414950120595,40.87702212198636,41.02902603149414,3021800
2013-03-07,41.163506471041146,41.163506471041146,40.801036853890324,40.83611297607422,1923300
2013-03-08,41.05239490092126,41.05824240361633,40.64900196137717,40.9062385559082,2473300
2013-03-11,40.90625765887655,40.99395239890482,40.754253740183536,40.94133377075195,1712600
2013-03-12,40.999787450311786,40.999787450311786,40.719169689340745,40.78932189941406,2190100
2013-03-13,40.806861062436596,40.94132242759844,40.66654773313051,40.83024215698242,1785000
2013-03-14,40.894566343058145,41.1401125293916,40.84195217049108,41.087493896484375,2647700
2013-03-15,41.046560615480786,41.19856451213514,40.87701866543153,41.181026458740234,2243800
2013-03-18,40.85362085242674,41.087471901667435,40.8477778099406,40.95301055908203,2398300
2013-03-19,40.970554978102626,41.058249692746564,40.49700530316075,40.754241943359375,3055200
2013-03-20,40.91209515069874,40.96470930563406,40.74255321756494,40.88286209106445,3110100
2013-03-21,40.74839868028138,41.040711452622965,40.73086062759511,40.760093688964844,1723800
2013-03-22,40.886172937349556,41.02756478096524,40.803693987343266,40.974544525146484,3143500
2013-03-25,41.04522084824264,41.23963736025572,40.89793642909887,40.98041534423828,2676500
2013-03-26,41.092367022792054,41.36336990751318,41.092367022792054,41.33391571044922,1722600
2013-03-27,41.21019416486446,41.41050338745118,41.12182707598182,41.41050338745117,2463100
2013-03-28,41.45173897238785,41.58135001694562,41.298561874750035,41.5518913269043,2632300
2013-04-01,41.62848959816,41.6932906373099,41.30446192858129,41.67561721801758,2501200
2013-04-02,41.81700301598655,42.00552693217022,41.70506539567713,41.80521774291992,2546100
2013-04-03,41.94661622017542,41.98785569293067,41.56956832790873,41.65793991088867,2215900
2013-04-04,41.73451477104171,42.38256987195443,41.687387168509666,42.3354377746582,1905200
2013-04-05,41.95839718621946,42.565208435058594,41.88180639127843,42.565208435058594,2288300
2013-04-08,42.582886118786185,42.94815322997766,42.31777586526627,42.90691375732422,1773500
2013-04-09,43.06008430113277,43.095435629395745,42.68892906511045,42.91279983520508,2537900
2013-04-10,43.07775750393442,43.248608005107165,42.94814646892305,43.17790985107422,2088000
2013-04-11,43.272170355984315,43.64333005301432,43.15434459186466,43.43124008178711,2425000
2013-04-12,43.42534722938139,43.56085090273401,43.30752146584718,43.53728485107422,1618800
2013-04-15,43.389998037798286,43.490150380828105,42.635902404785156,42.635902404785156,3345500
2013-04-16,42.94226624985542,43.39001236534109,42.61823856862909,43.34288024902344,3296300
2013-04-17,43.18381965735573,43.230947284017454,42.577003707192084,42.883358001708984,3039700
2013-04-18,42.97759241929056,43.01883187754255,42.612329930419726,42.81852722167969,2616900
2013-04-19,42.97759994957691,43.5078248591225,42.86566682600286,43.478370666503906,1621200
2013-04-22,43.60209992803834,43.64333940379244,43.17202725680354,43.419464111328125,2638500
2013-04-23,43.6315520488673,43.749382327382556,43.34876836996176,43.6610107421875,3312300
2013-04-24,43.702251655616784,43.83186271887045,43.56674795455186,43.755271911621094,1750700
2013-04-25,43.814184483331516,43.83775053722006,43.37233108614297,43.60798263549805,2981700
2013-04-26,43.56674706295834,43.7611636538601,43.42535522174143,43.46659469604492,2601000
2013-04-29,43.80829841512646,43.87310394934611,43.50783680145044,43.8377571105957,1889800
2013-04-30,43.861299215056725,44.35617721184889,43.814171615885364,44.350284576416016,2439700
2013-05-01,44.41510976298452,44.438675820394664,43.90845076558117,43.996822357177734,6260100
2013-05-02,44.06160978800064,44.46222360984318,44.06160978800064,44.28548049926758,2590600
2013-05-03,44.585952906861884,44.69789053728693,44.373862920143445,44.46223449707031,2878800
2013-05-06,44.46812296826663,44.72734054293224,44.46812296826663,44.691993713378906,2427700
2013-05-07,44.75679895888057,44.96299628796372,44.60362187380537,44.939430236816406,2442800
2013-05-08,44.88642256401068,45.05727311160478,44.71557201641657,44.963008880615234,2703100
2013-05-09,44.862843060746194,44.9747761830422,44.603620997980435,44.668426513671875,2255800
2013-05-10,44.7980348263326,44.87462111533613,44.6271843403115,44.83338165283203,1706300
2013-05-13,44.80981519577132,45.07492987639721,44.79803441863349,45.04547119140625,2114100
2013-05-14,45.05727657377122,45.33416766035577,45.03959865802788,45.21044921875,2081600
2013-05-15,45.24578934830929,45.65818405151367,45.03369935958556,45.65818405151367,2836800
2013-05-16,45.59338931615558,45.78191329576842,45.28114689630615,45.42253875732422,2485200
2013-05-17,45.5344657161498,45.699423597705426,45.393073888354294,45.67585754394531,1717700
2013-05-20,45.75245192949412,45.81725296395858,45.58160139741196,45.78190612792969,2534100
2013-05-21,45.89384558361802,46.147175072964565,45.87617216490454,46.04113006591797,2321300
2013-05-22,45.9704291049162,46.45941463520399,44.62719542706599,44.9217643737793,5514100
2013-05-23,44.55649250173423,44.55649250173423,43.80239679787127,44.07929229736328,5071800
2013-05-24,43.926137219970336,44.055748326805094,43.46661020102323,43.967376708984375,3020000
2013-05-28,44.47401204387604,44.53881756259439,43.331087748260515,43.59030532836914,3666200
2013-05-29,43.24860530349028,43.283952130916376,42.14691606947771,42.66535568237305,5983200
2013-05-30,42.600552165511495,42.97759999160942,42.21761619774287,42.26474380493164,3753500
2013-05-31,42.11157213255659,42.51218601835313,41.68149955870667,41.69917297363281,6474200
2013-06-03,41.68738532480397,42.12334596860244,41.29855228145323,41.93482208251953,6934600
2013-06-04,41.993735712276894,42.11156595243343,41.35157775878906,41.35157775878906,4116400
2013-06-05,41.26911363654321,41.51655048745294,40.8861730845549,41.009891510009766,4197000
2013-06-06,41.03934992680389,41.71685494331858,40.73888832715048,41.66972732543945,5111000
2013-06-07,41.79933564782968,41.90538065834945,41.09237190754175,41.67561721801758,3588900
2013-06-10,41.76986938028341,41.80521620865664,41.227863702992714,41.31623077392578,3347500
2013-06-11,40.856710276934486,41.21019209904175,40.68585975571684,40.70353317260742,4747000
2013-06-12,40.933304260570615,41.01578320898595,40.020138695559396,40.149749755859375,3558600
2013-06-13,39.97890493256979,41.32213884981176,39.9435580909896,41.192527770996094,4603500
2013-06-14,41.23375786306566,41.852354418475386,41.08647339699337,41.34569549560547,3547000
2013-06-17,41.6461520075428,41.875915387132586,41.1984060265217,41.46351623535156,4148100
2013-06-18,41.52833273089377,41.946620134953484,41.29856929056191,41.67561721801758,4303700
2013-06-19,41.540115262184045,41.787552105458936,40.2675752200294,40.397186279296875,4929600
2013-06-20,39.93177003169895,40.00836084280785,38.52373067315454,38.71814727783203,8148100
2013-06-21,39.01860662433142,39.572393215600826,38.5355137071835,39.24247741699219,7812200
2013-06-24,38.55908079451091,39.9092116211514,38.23195428655209,39.06463623046875,8414700
2013-06-25,39.516659365926415,39.9567894447879,39.07058029555639,39.71887969970703,11383300
2013-06-26,40.1649723431764,40.42667360497815,40.046019699313334,40.31961441040039,6721700
2013-06-27,40.64671820507287,41.14632906809618,40.56939947504268,41.12848663330078,5114900
2013-06-28,40.97385187275217,41.247446509357964,40.67646580630006,40.87274169921875,6234200
2013-07-01,41.19392162222799,41.35450811096164,40.6645747557798,40.78352737426758,3141000
2013-07-02,40.843002822730185,41.44372397026153,40.39692370617502,41.40803909301758,3707600
2013-07-03,41.27124024750792,41.27124024750792,40.646727657928935,41.13444519042969,2446400
2013-07-05,41.12850214057938,41.19392745133106,40.069808257873646,40.938175201416016,2506100
2013-07-08,41.09280097320701,41.37234457782761,40.94410795268549,40.97979736328125,2918000
2013-07-09,41.21771864991518,41.71732516070099,41.021442718784115,41.56268310546875,1955900
2013-07-10,41.55674063835816,41.68164227203027,41.24745651309662,41.58053207397461,3267800
2013-07-11,42.199090478730945,42.62732723650576,42.06229539862372,42.585693359375,3844300
2013-07-12,42.722493834917685,42.76412771288427,42.157457447939876,42.323997497558594,3398200
2013-07-15,42.454831845209625,42.63921428613995,42.252611504658375,42.50241470336914,2942200
2013-07-16,42.454842229483816,42.70465002704762,42.41320835284856,42.53216552734375,2946400
2013-07-17,42.72248369490102,42.80575143107092,42.47862494058111,42.68679428100586,2209600
2013-07-18,42.87711425742816,43.06744566678807,42.68678738581881,43.049598693847656,1931600
2013-07-19,43.00797277389941,43.12692992671476,42.8354883056307,43.01987075805664,1864400
2013-07-22,43.049615398161535,43.233997888086265,42.88307988810228,43.15073013305664,1934800
2013-07-23,43.287508220364444,43.3350910724874,42.948488340051846,43.10313034057617,1402800
2013-07-24,43.18047253365217,43.23994886224648,41.97308536595103,42.264522552490234,3115300
2013-07-25,42.22287780218306,42.3953622871429,41.9849680112815,42.32993698120117,1760800
2013-07-26,42.19909105496619,42.43700087228448,42.02661108860658,42.365631103515625,1586800
2013-07-29,42.27044799148192,42.46672385044618,41.98495542046569,42.05038070678711,3562300
2013-07-30,42.16935011444073,42.42510234332687,41.78274727481028,41.92549133300781,2362600
2013-07-31,41.83033631921657,42.068246143190535,40.90248845949338,41.24150848388672,3443900
2013-08-01,41.40209490410936,41.52104753389032,40.973858176494794,41.08091735839844,3445000
2013-08-02,41.18201547591115,41.24744076443832,40.86678701541695,40.878684997558594,2578300
2013-08-05,40.76568550541399,41.02738671504905,40.72405163458583,40.84895324707031,2831300
2013-08-06,40.801372283088185,41.021439632138545,40.64078578463378,40.70621109008789,3889300
2013-08-07,40.825163413563565,40.86084829345554,40.39692670385283,40.599151611328125,2021200
2013-08-08,40.72405212496553,40.82516230708693,40.40287460138729,40.61699295043945,2476400
2013-08-09,40.563463595689356,41.20581868245735,40.50398728122979,40.97385787963867,2893000
2013-08-12,40.926265387102916,40.926265387102916,40.49802876331228,40.682411193847656,2709000
2013-08-13,40.68240870649691,40.74188500333121,40.01031339279253,40.123321533203125,3778200
2013-08-14,40.08764612433981,40.218496730909656,39.938953078283475,39.96868896484375,2538300
2013-08-15,39.64157070141683,39.74268089315089,39.08843233673652,39.237125396728516,3630500
2013-08-16,39.20737835079392,39.20737835079392,38.20816097482156,38.27358627319336,4256700
2013-08-19,38.29143767511631,38.29143767511631,37.75019726104572,37.76803970336914,4763500
2013-08-20,37.98810331808963,38.791047224225935,37.857254964734004,38.62451171875,4124500
2013-08-21,38.27953375825369,39.147900503298466,38.06541543342061,38.53528594970703,4437200
2013-08-22,38.63045426712905,38.78509631647374,38.32117470619166,38.76725387573242,2499500
2013-08-23,38.79104565884118,39.18359297194317,38.62451016008567,39.17169952392578,2917800
2013-08-26,39.171697287027555,39.254965031650315,38.93973649304249,39.05868911743164,2925200
2013-08-27,38.71370518585116,39.100307872270136,38.660177886896996,38.86834716796875,3355100
2013-08-28,38.939731431306384,38.939731431306384,38.54717965389644,38.63044738769531,2142600
2013-08-29,38.52338235279892,38.69586678587813,38.350902457470184,38.68992233276367,2334600
2013-08-30,38.785084389556694,38.93972639134695,38.309269477683664,38.362796783447266,3852400
2013-09-03,38.51149416218262,38.654238198159405,37.708552720405486,38.029727935791016,6455100
2013-09-04,38.065420196991944,38.48770790777212,37.89293571719412,38.35685729980469,4261500
2013-09-05,38.392547899195414,38.392547899195414,37.910781593196106,37.952415466308594,3024700
2013-09-06,38.29738191001185,38.88620512228498,38.29738191001185,38.54124069213867,4582200
2013-09-09,38.58286964691346,39.34417724609375,38.55907821722017,39.34417724609375,3579700
2013-09-10,39.439339472096655,39.55234763169622,39.08842608476316,39.31443786621094,2905300
2013-09-11,39.35013386104093,39.62967300415039,39.28470855114771,39.62967300415039,2568000
2013-09-12,39.641582192990775,39.84975162977474,39.30256209944163,39.373931884765625,2628600
2013-09-13,39.42745833636128,39.56425343124509,39.2906587037247,39.486934661865234,2582600
2013-09-16,40.06980538008405,40.40287636526094,39.77836373030243,39.879478454589844,4413800
2013-09-17,39.86757581923662,40.182804327404924,39.790257074625,39.855682373046875,3328300
2013-09-18,39.855690939546534,41.25340486145576,39.439347629396536,41.2058219909668,4452500
2013-09-19,41.30098994472321,41.67569485995668,41.14039888265707,41.17013931274414,5138400
2013-09-20,41.08091416208857,41.26529208522907,40.40882323438964,40.4980354309082,4082500
2013-09-23,40.484831103780714,40.68290477314559,40.19672811135409,40.22073745727539,3523100
2013-09-24,40.20872204301965,40.31676178729894,39.89060629022884,39.914615631103516,4447700
2013-09-25,39.998646509331,40.304759884975105,39.74055181600629,40.04666519165039,2626300
2013-09-26,40.112710915633734,40.310784650304434,40.02267698357287,40.29277420043945,1465400
2013-09-27,40.17870935063636,40.34076665944671,39.86059363308465,40.12468719482422,3412300
2013-09-30,39.78856980213456,40.21472529680698,39.54848097405212,39.69853591918945,3804700
2013-10-01,39.704542747970386,40.69490638526896,39.61450885743162,40.274749755859375,4416100
2013-10-02,40.07667928631773,40.35878336199995,39.8846091083043,40.334774017333984,2604000
2013-10-03,40.16672183850891,40.25075227328826,39.4224503107567,39.63252639770508,6150600
2013-10-04,39.65052575471233,39.866605288469444,39.3324099353795,39.55449295043945,2389200
2013-10-07,39.338411550551946,39.896616223058686,39.31440220579405,39.734554290771484,2267400
2013-10-08,39.68052784433977,39.866594500547464,39.2963875725678,39.302391052246094,2622000
2013-10-09,39.31439886625027,39.722548533835806,39.25437779911114,39.30839538574219,2896600
2013-10-10,39.62651327183568,40.34677985377861,39.61451088949465,40.310768127441406,2370200
2013-10-11,40.244746533835226,40.7549325381333,40.13070328630097,40.71291732788086,2111100
2013-10-14,40.47882470635648,40.7789346058299,40.370784959373495,40.73691940307617,2278000
2013-10-15,40.676886131548834,40.92898188010909,40.50282645229186,40.586856842041016,3231700
2013-10-16,40.75492762871115,41.3911591871248,40.6768961195604,41.349143981933594,3066400
2013-10-17,41.20509275389445,42.051400343395905,41.13306472485251,41.97337341308594,3258600
2013-10-18,42.19546037078299,42.20746275376206,41.691273278688755,41.93136215209961,2685200
2013-10-21,41.91334558640228,41.943353825845264,41.48118664046708,41.67926025390625,2276500
2013-10-22,41.71529063768368,42.23148021191966,41.685277805498814,42.063419342041016,3611600
2013-10-23,41.98536767666727,42.16543542479732,41.823310366800676,42.14142608642578,4650000
2013-10-24,42.28546739776183,42.28546739776183,41.889324857904526,42.12941360473633,1600400
2013-10-25,42.23147286841921,42.69364018022064,42.135435485579485,42.645626068115234,2213000
2013-10-28,42.67562970160874,42.67562970160874,41.98537596985154,42.339508056640625,3347400
2013-10-29,42.11142856418452,42.33951046778538,41.8533338351535,42.09341812133789,3174900
2013-10-30,42.03939440872184,42.15343763357175,41.53520740666595,41.73928451538086,2466500
2013-10-31,41.78730558949464,41.88333837961817,41.21109511081201,41.493194580078125,4039600
2013-11-01,41.661252565733726,41.83531225307735,41.25310297685582,41.709266662597656,3448800
2013-11-04,41.931355393663296,41.985372977334215,41.40316362074412,41.78730392456055,2640800
2013-11-05,41.625250069814044,41.625250069814044,41.02503015653824,41.10306167602539,2533800
2013-11-06,41.157057715544006,41.41515232625693,40.98899696053319,41.04301452636719,2256900
2013-11-07,41.0490455554253,41.193097073644374,40.44282207141871,40.53285598754883,3236900
2013-11-08,40.16670793737635,40.346775709193324,39.41043428609787,39.98664474487305,3577500
2013-11-11,39.9146242011387,40.27475523295524,39.884611373772934,40.02866744995117,2243000
2013-11-12,39.92063415939444,40.00466459447466,39.53049023691327,39.84860610961914,2269900
2013-11-13,39.78858880895064,40.10670471191406,39.590515087715254,40.10670471191406,2547100
2013-11-14,40.208726159972116,40.682900387342045,40.15470857195841,40.3887939453125,2483500
2013-11-15,40.42480944499933,40.60487724715211,40.298763815218166,40.53885269165039,2140300
2013-11-18,40.688904627731254,40.694908108505096,40.24474321606285,40.28675842285156,1739500
2013-11-19,40.20273141384518,40.298764217788744,39.842595805942,40.00465774536133,2202800
2013-11-20,39.98066188668532,40.376804777974,39.404451130700664,39.518489837646484,2922700
2013-11-21,39.62651890867336,39.920629979977974,39.464461537789305,39.82459259033203,2998000
2013-11-22,39.90261947571927,39.94463468397656,39.45845346921157,39.66852951049805,1919400
2013-11-25,39.710558000285126,39.74056625315109,39.42845386331656,39.48247146606445,2934200
2013-11-26,39.572503329788496,39.57850681177626,39.2543874741624,39.34442138671875,2673400
2013-11-27,39.36242992962989,39.71055863954914,39.302408843616476,39.680545806884766,2990600
2013-11-29,39.512477200393896,39.72855673120037,39.25438245967029,39.31440353393555,2259600
2013-12-02,39.27238949398358,39.38643274400515,38.930264323233466,39.08632278442383,3659000
2013-12-03,38.96027903627804,39.14034227315168,38.840232299047486,39.00829315185547,2246800
2013-12-04,38.69617914132948,39.42844817956565,38.648160448487694,39.152347564697266,3189600
2013-12-05,39.11633330784428,39.344419821153174,38.84023267848888,39.29039764404297,2622100
2013-12-06,39.566491026186696,39.674530781303126,39.38042433988606,39.57249450683594,2022500
2013-12-09,39.7705679947853,39.800576239283075,39.4104370056142,39.764564514160156,2326100
2013-12-10,39.692529601598785,39.92061603266253,39.66252136230469,39.66252136230469,2439600
2013-12-11,39.668522436389836,39.73454697749343,38.7141751993144,38.750186920166016,2789100
2013-12-12,38.69017329016659,38.77420370783565,38.3900633472587,38.534114837646484,2746100
2013-12-13,38.6721574098663,39.08631048919061,38.52810595678907,38.63014221191406,3165400
2013-12-16,38.72019562679279,38.864247152563074,38.58814648678859,38.762210845947266,2571400
2013-12-17,38.78020720255575,39.05030431954222,38.630152231048974,38.942264556884766,2640100
2013-12-18,38.960282919470274,39.668538132806155,38.5041144311572,39.63252639770508,4120500
2013-12-19,39.51847727959669,39.5364877237958,38.86423976578041,39.08632278442383,3297500
2013-12-20,39.080320592497586,39.36242469650251,38.98428320419177,39.32640838623047,3832900
2013-12-23,39.446453229338445,39.64452689873141,39.356419326949414,39.40443801879883,4183400
2013-12-24,39.427599275595625,39.537323763357996,39.33616142733995,39.439788818359375,1801200
2013-12-26,39.51293862375258,39.76896086919776,39.372733307977185,39.47026824951172,4333500
2013-12-27,39.56170775352036,39.622664769174655,39.208150551714404,39.55561065673828,3277100
2013-12-30,39.54950732703837,39.720193454981676,39.47636078006983,39.56779861450195,3603900
2013-12-31,39.57389921339379,39.71410454184043,39.28739611014548,39.35445022583008,5576900
2014-01-02,39.18377510316123,39.47027825312977,39.043574402574386,39.36055374145508,5829600
2014-01-03,39.311785330905685,39.7323967241897,39.263022499652,39.58000183105469,2771700
2014-01-06,39.70801485025551,39.964037166586856,39.58000369208983,39.781166076660156,2917500
2014-01-07,39.76895494546295,40.12251207977901,39.665327573559686,39.95792770385742,2582600
2014-01-08,39.854300164829986,40.00060257179848,39.586088386831385,39.76286697387695,3368400
2014-01-09,39.92135427201009,39.933548464618376,39.47026681066178,39.76286697387695,2543000
2014-01-10,40.0859556359165,40.32978840507401,39.99451776614203,40.30540466308594,2683900
2014-01-13,40.29320028967589,40.372448593801806,39.927453553679726,40.03717803955078,3650800
2014-01-14,40.17738950908683,40.4516984404004,40.02499462486312,40.32978439331055,2383400
2014-01-15,40.32369558956887,40.70772910254093,40.32369558956887,40.63458251953125,3069700
2014-01-16,40.567521017747154,40.726008352636725,40.567521017747154,40.70772171020508,2704800
2014-01-17,40.750395838021255,40.82354706519384,40.4334164883867,40.46998977661133,2957800
2014-01-21,40.67114327986491,40.994219657211374,40.59189497172326,40.83572769165039,3255800
2014-01-22,40.86010971541261,41.12832616115812,40.84182307606126,41.01250457763672,3432800
2014-01-23,40.87230383732723,41.00031496328499,40.71990897536959,40.914974212646484,3262600
2014-01-24,40.73210087766619,40.793057895836135,40.31758664309924,40.40292739868164,2745800
2014-01-27,40.42730005565953,40.585791980039346,39.93354229787449,40.0920295715332,3818500
2014-01-28,40.14080405611132,40.5004583338928,40.104230778979,40.42730712890625,2406700
2014-01-29,40.22615331113499,40.40902903691894,40.00670430048341,40.20786666870117,3308200
2014-01-30,40.360266754434996,40.96984638458938,40.32369346485725,40.81745147705078,2990100
2014-01-31,40.49435525909458,41.21975615327071,40.366344157308426,41.03688049316406,5454400
2014-02-03,40.97593256784603,41.03688958447892,40.22614777616691,40.384639739990234,7310400
2014-02-04,40.42730797481718,40.89668209381691,40.268816019390954,40.8723030090332,4472100
2014-02-05,40.59799921307043,40.84792907392681,40.56142592639803,40.78697204589844,2656000
2014-02-06,40.811337884565845,41.14660840593993,40.786958801849195,41.08565139770508,2755500
2014-02-07,41.3416808376648,41.457502429029304,41.08565856796453,41.39654541015625,5918800
2014-02-10,41.52455514156648,41.90858853313739,41.256338686723275,41.78667449951172,6276300
2014-02-11,41.71352019489768,42.15851522099722,41.652563182606194,41.951255798339844,7136400
2014-02-12,42.07316963234193,42.07926672876003,41.76837992154318,41.97563934326172,3335400
2014-02-13,41.82325314309421,42.3292052838991,41.75010192310414,42.13414001464844,2754600
2014-02-14,42.06707518913399,42.37795733086702,42.06707518913399,42.29871368408203,2509200
2014-02-18,42.432822613300864,42.50597381591797,42.079265443400864,42.50597381591797,3819900
2014-02-19,42.42672951587899,42.93268158421036,42.40234577937507,42.48159408569336,4334000
2014-02-20,42.48770138040382,42.8168749621632,42.23777613265849,42.39017105102539,3503400
2014-02-21,42.414549813567454,42.67057213017492,42.18290658839789,42.49379348754883,2406000
2014-02-24,42.65836995739741,43.01801958368961,42.57302455973424,42.597408294677734,3690100
2014-02-25,42.670559569454475,42.93877600355063,42.579121725946976,42.737613677978516,3329500
2014-02-26,42.883907693981676,42.993632166468856,42.67665294079562,42.835140228271484,4623500
2014-02-27,42.85345719316885,42.993657927690165,42.53647312684153,42.7193489074707,3334400
2014-02-28,42.761990059794634,43.27403445423262,42.70103305817884,43.11554718017578,8733500
2014-03-03,42.847342804419014,43.18260873265796,42.70713747574724,43.13993835449219,5816200
2014-03-04,43.44472718882237,43.81657104107428,43.36548353123776,43.76171112060547,4444400
2014-03-05,43.7921812578985,43.89581328901353,43.36547754408957,43.70684051513672,3489400
2014-03-06,43.78610540023434,43.78610540023434,43.24357990826863,43.34111022949219,3705600
2014-03-07,43.139938804993655,43.26185749439932,42.68275418384792,42.871726989746094,3665900
2014-03-10,42.89001575407772,42.9387832322546,42.48159858847241,42.646183013916016,6387500
2014-03-11,42.70106147912991,43.07899793112725,42.67058063267403,42.91441345214844,5101900
2014-03-12,42.761998193459746,43.09117164566172,42.761998193459746,43.04240417480469,2711900
2014-03-13,43.12165357733183,43.200901890723046,42.76200389592515,42.84124755859375,3688000
2014-03-14,42.8778146758256,43.14603111201789,42.76809484362542,42.950965881347656,2713900
2014-03-17,43.29842642072111,43.32281015614962,42.914393051846474,43.04240417480469,3115600
2014-03-18,43.05459619836486,43.219185259312,42.877817594361986,43.17041778564453,2483700
2014-03-19,43.280150848539506,43.39597245875998,42.20728946896477,42.35359191894531,4561500
2014-03-20,42.28653043285779,42.438925303690276,41.932973216353055,42.42673110961914,3811500
2014-03-21,42.56084552434278,42.957073176225315,42.51817514033839,42.81686782836914,2970400
2014-03-24,42.93877791613494,42.96925409818031,42.317004273166354,42.53645324707031,5826500
2014-03-25,42.8696244423888,43.00460429451987,42.60579231317222,42.924842834472656,3125500
2014-03-26,43.102765503929405,43.18252694350563,42.43398462774091,42.44011688232422,4286800
2014-03-27,42.427856207782014,42.746906711234196,42.256059422760735,42.7100944519043,3097600
2014-03-28,42.80212505180098,43.127312456246095,42.78371892416987,42.9677848815918,2278400
2014-03-31,43.22549424074494,43.458651083683264,42.82054525640376,43.329803466796875,3597700
2014-04-01,43.42183289728317,43.52614212036133,43.02915311955422,43.52614212036133,5804400
2014-04-02,43.50159861202947,43.60590315294743,43.27457871610909,43.56295394897461,3266700
2014-04-03,43.6242921117895,43.64269823751565,43.31751086672613,43.47090148925781,2372300
2014-04-04,43.65499245631477,43.88814462603536,43.4218356054817,43.6181755065918,3600300
2014-04-07,43.63043738732205,44.053797084389636,43.61203125807758,43.75928497314453,3845100
2014-04-08,43.79608673837465,44.053786529387615,43.630426933754244,44.02924346923828,2935500
2014-04-09,44.17651463941999,44.17651463941999,43.68566260431499,43.918819427490234,4339600
2014-04-10,43.98630576067796,44.16423948235258,43.38501233291159,43.501590728759766,4136300
2014-04-11,43.42183227592,43.654989108874744,43.17641092918552,43.23776626586914,3785000
2014-04-14,43.45864824529419,43.55681584555745,43.176409958008286,43.495460510253906,2963500
2014-04-15,43.55680551234773,44.02925131243945,43.46477019067043,44.01084518432617,3800100
2014-04-16,44.16424322083667,44.34830921389713,43.9801725466645,44.2930908203125,2141600
2014-04-17,44.26241264461579,44.26854958230509,43.875869830203705,44.03539276123047,3736800
2014-04-21,44.09675764245429,44.33604674651447,44.041534559379876,44.28696060180664,2447200
2014-04-22,44.336038936895775,44.44034346519279,43.9556284040865,44.3851203918457,2889700
2014-04-23,44.378969115272085,44.46486747600871,44.096730975550365,44.20717239379883,3180700
2014-04-24,44.29921528944403,44.477148994902365,44.21945384124996,44.39125061035156,2332400
2014-04-25,44.41579939238422,44.44034245985976,44.12129194490073,44.219459533691406,2608900
2014-04-28,44.354444079158554,44.59987007288493,44.139698090064776,44.563053131103516,2994200
2014-04-29,44.69802780007914,44.78392617676508,44.47101266788507,44.59372329711914,2944200
2014-04-30,44.67963997918383,44.78394452487771,44.4526200728686,44.75326919555664,2660700
2014-05-01,44.826880170083236,44.98640775007558,44.36670823946417,44.943458557128906,3817400
2014-05-02,44.72871371271222,45.12753033212673,44.70417064739783,44.931190490722656,3495200
2014-05-05,44.790071763930015,45.060040817723035,44.59986884754567,45.023223876953125,2628500
2014-05-06,44.82688011444268,45.029356887130376,44.710306408652656,44.86369705200195,2879800
2014-05-07,44.96187106729642,45.434316937880105,44.88824654385806,45.40363693237305,4417300
2014-05-08,45.385235342322034,45.71655977427863,45.34228613898204,45.5079460144043,3389200
2014-05-09,45.53862762451172,45.679744434257984,45.28093239540894,45.53862762451172,3706300
2014-05-12,45.48953037007651,45.7717686017408,45.48953037007651,45.67973327636719,2983200
2014-05-13,45.698149287507356,46.02946900678408,45.31773875051813,45.385231018066406,2476600
2014-05-14,45.434316937880105,45.58770760319218,45.213434005341796,45.40363693237305,3956800
2014-05-15,45.43430860433288,45.45271473181642,45.004812011570245,45.379085540771484,2941200
2014-05-16,45.42203309439934,45.80244354608427,45.18888101949536,45.79630661010742,2478900
2014-05-19,45.77791201236423,45.77791201236423,45.40363840239608,45.612247467041016,2420400
2014-05-20,45.64291185525242,45.77175941246322,45.32386142993665,45.47111511230469,2210200
2014-05-21,45.6245138192495,45.6245138192495,45.09684962600734,45.17047882080078,2164800
2014-05-22,45.21342882784076,45.34227641021485,45.06617043560373,45.09071350097656,1820600
2014-05-23,45.090712048488534,45.50793478416481,45.090712048488534,45.48952865600586,1418000
2014-05-27,45.61224336378903,45.839263220578665,45.514075777820096,45.814720153808594,2713200
2014-05-28,45.64905580637748,45.667461934363516,45.25637613897255,45.52634048461914,2363100
2014-05-29,45.58769855254422,45.64905387026568,45.40976485437447,45.61837387084961,2379800
2014-05-30,45.57544050356243,45.88222187979117,45.538628236370926,45.827003479003906,3281400
2014-06-02,45.96812438964844,46.084702820966655,45.74724140457851,45.96812438964844,3096500
2014-06-03,45.96197999483765,45.99879225559074,45.78404626601186,45.94356918334961,1828800
2014-06-04,45.949711792539766,46.1337824812499,45.79018417439846,46.03561019897461,1910500
2014-06-05,46.1399168032656,46.900737981616984,45.961987725623715,46.88233184814453,4992400
2014-06-06,47.10320070845081,47.10320070845081,46.60007954269442,46.685977935791016,9927200
2014-06-09,46.73506068914438,46.83936520448756,46.035599721026244,46.121498107910156,2468000
2014-06-10,46.084689641042424,46.1337757750447,45.61224379321549,45.77790832519531,2614700
2014-06-11,45.59382951706472,45.85152933397813,45.428169695794466,45.655189514160156,2365800
2014-06-12,45.64906910571465,45.68588137241155,45.18889704755445,45.53862762451172,2249600
2014-06-13,45.538611137011486,45.7288140208978,45.23796681190815,45.655189514160156,1853100
2014-06-16,45.618378878912054,45.808586470173815,45.35454677074618,45.42203903198242,2643400
2014-06-17,45.39137387661188,45.587713767515744,45.21957237609778,45.53862762451172,1942400
2014-06-18,45.544760046896826,45.96198285883887,45.35455243189339,45.85767364501953,2734500
2014-06-19,45.98039148291776,46.23808670043945,45.83313306052362,46.23808670043945,2555800
2014-06-20,46.2380745063325,46.422145145225244,45.98651161191981,46.39760208129883,2133100
2014-06-23,46.37919040941728,46.575534917174714,46.201261391205854,46.207393646240234,4780100
2014-06-24,46.21049784655559,46.390088923870174,46.09283358648766,46.241458892822266,3286300
2014-06-25,46.19191262681126,46.30957687943517,46.030903857098856,46.148563385009766,3838900
2014-06-26,46.17333789624746,46.19191546891786,45.96897987215978,46.10521697998047,2612600
2014-06-27,46.03709719526288,46.464400276037956,45.999942049008844,46.45820617675781,2013100
2014-06-30,46.48916901945054,46.495363118340435,46.03709429475074,46.34673309326172,4124700
2014-07-01,46.37770565852291,46.71831027667756,46.216692136784914,46.594451904296875,3025500
2014-07-02,46.59444516276113,46.59444516276113,46.21668544990549,46.482975006103516,2935000
2014-07-03,46.31577675693603,46.371509478471786,46.01852140127122,46.21669006347656,2878500
2014-07-07,46.14239123157024,46.42725845896736,46.14239123157024,46.352943420410156,2436200
2014-07-08,46.21049703936412,46.643989477231806,46.21049703936412,46.48917007446289,3175000
2014-07-09,46.55109218038984,46.637790659190856,46.23526403249159,46.563480377197266,2534800
2014-07-10,46.32815577917891,46.879312465619286,46.272423062999,46.7740364074707,3409400
2014-07-11,46.75546361700965,46.83596801240694,46.5511008540239,46.780235290527344,2629400
2014-07-14,46.891708435681686,47.052721961411,46.69353975967403,47.00937271118164,1907000
2014-07-15,47.04032516479492,47.12702364940933,46.79880728269579,47.04032516479492,2907800
2014-07-16,47.13943002293311,47.232317917468954,46.90410142420264,47.188968658447266,2204200
2014-07-17,47.10224521754632,47.17656021856813,46.87930493919326,46.947425842285156,2930400
2014-07-18,46.972220521858034,47.424295397973964,46.941259466464835,47.41190719604492,2042200
2014-07-21,47.28803057789754,47.32518571622523,47.09605606358791,47.238487243652344,2612300
2014-07-22,47.31900310478256,47.52955521834357,47.31900310478256,47.38711929321289,2536100
2014-07-23,47.44285015275759,47.54193209695093,47.318996541337825,47.47381591796875,1972200
2014-07-24,47.59149832629839,47.61007590447725,47.30043700225707,47.41190719604492,2035000
2014-07-25,47.47383099071225,47.47383099071225,47.06510543877599,47.083683013916016,4739600
2014-07-28,47.15800575307602,47.53576559176181,47.12703997296813,47.41190719604492,2155500
2014-07-29,47.49858264168084,47.52335430879317,47.12082298646454,47.18275451660156,1898000
2014-07-30,47.170381514378754,47.36236081515817,46.86074266280786,47.083683013916016,3117400
2014-07-31,46.84834639515981,47.01554925047738,46.383888244628906,46.383888244628906,3195700
2014-08-01,46.37769884805601,46.69353174535513,46.272422790527344,46.272422790527344,3394800
2014-08-04,46.396283233201565,46.69973270199891,46.06806681464189,46.594451904296875,2458400
2014-08-05,46.41484622349195,46.5696655967854,46.01850900583769,46.11759567260742,2968400
2014-08-06,45.9875517646537,46.31576810719306,45.826538280209085,46.099021911621094,1930600
2014-08-07,46.24145407876953,46.37150179886261,46.02470787861439,46.12379455566406,2299300
2014-08-08,46.19812112618726,46.427255604112865,46.03091820560848,46.39628982543945,2574200
2014-08-11,46.520125499689236,46.82357013871616,46.44581050198967,46.68732833862305,2307300
2014-08-12,46.67493810993549,46.823563359102906,46.52630813605659,46.613006591796875,1510400
2014-08-13,46.69973583753815,47.30662536645334,46.69973583753815,47.288047790527344,1847200
2014-08-14,47.374732881201794,47.46143136078514,47.157986682243425,47.2570686340332,2020500
2014-08-15,47.40571876119576,47.510994856109704,47.034148291381,47.207550048828125,2972400
2014-08-18,47.31900520128417,47.67818263002026,47.31900520128417,47.671993255615234,2328200
2014-08-19,47.77727793202231,47.8887481126852,47.6100702986709,47.77108383178711,1893300
2014-08-20,47.77727135445974,48.06213850477705,47.51098177757629,47.987823486328125,2361100
2014-08-21,48.02498334888945,48.204569708525355,47.88254741140081,47.91351318359375,2436900
2014-08-22,47.89493932626407,47.913521627682805,47.368554179210456,47.52956771850586,2568700
2014-08-25,47.76487425170677,47.808223489876084,47.25706686541802,47.42427444458008,1913700
2014-08-26,47.4490490418196,47.64721767492839,47.436660844599295,47.51716995239258,1762400
2014-08-27,47.57291697136623,47.68438715630461,47.4304810087783,47.54814529418945,1527300
2014-08-28,47.51097011246018,47.641017819280755,47.37472830777796,47.54193115234375,2491900
2014-08-29,47.60387048895287,47.79584503173828,47.50478380576485,47.79584503173828,1857400
2014-09-02,47.715333997349234,47.88873094405702,47.67198476067229,47.802032470703125,2356800
2014-09-03,47.90112020588044,47.98781868971484,47.752494908551895,47.9258918762207,2254000
2014-09-04,47.9259022932115,48.06214414733943,47.597685858110964,47.74631118774414,2032500
2014-09-05,47.82681388779046,48.27268981677067,47.7648823444448,48.254112243652344,2285600
2014-09-08,48.2169589692991,48.35320081040728,48.06213955435137,48.20457077026367,3472300
2014-09-09,48.20457257190137,48.20457257190137,47.82062343229766,47.90732192993164,2389600
2014-09-10,47.839208404719045,47.839208404719045,47.11465453756934,47.15180969238281,3369300
2014-09-11,47.1022701404039,47.33140463792702,46.972222363338844,47.188968658447266,3158100
2014-09-12,46.97219466122464,46.98458285633333,45.48592780389197,45.73983383178711,5664200
2014-09-15,45.721277157951874,45.950406900339374,45.35590083066606,45.51691436767578,4031200
2014-09-16,45.53548831988784,46.09903329221149,45.51691074492577,45.962791442871094,3866000
2014-09-17,46.10520158617866,46.352913496741216,45.88845543620331,45.950382232666016,3340200
2014-09-18,46.00614245596013,46.07426338324119,45.52310658957738,45.54787826538086,3321000
2014-09-19,45.547874455374036,45.80177584287168,45.44878776044855,45.603607177734375,3465500
2014-09-22,45.54786083745448,45.5788218768267,45.24441146850586,45.24441146850586,2511100
2014-09-23,45.22584517908165,45.42401383439288,44.89762878666433,44.91620635986328,5408600
2014-09-24,44.90870996917789,45.33373345049488,44.70869919965418,44.79620361328125,4459300
2014-09-25,44.82121177867934,44.88371425871489,44.43368877264526,44.59619903564453,5149900
2014-09-26,44.527437768897094,45.239976418550356,44.45243671228062,45.196224212646484,3992400
2014-09-29,44.9274503666054,45.16496638168586,44.677440536083424,45.13371276855469,3798600
2014-09-30,45.152461952634916,45.258721373568775,44.80244438334241,44.90869903564453,4720400
2014-10-01,44.75245271714614,45.24623036200766,44.75245271714614,44.94621658325195,6004400
2014-10-02,44.90869726530586,45.17121043192675,44.57742996905118,44.87119674682617,4035000
2014-10-03,45.05871735730743,45.26497980685997,44.796204113494895,45.15247344970703,3338400
2014-10-06,45.27122116088868,45.52748266846724,45.158714829391975,45.27122116088867,2874400
2014-10-07,45.183723856349424,45.40248487730045,44.90870727650665,44.91495895385742,2711000
2014-10-08,45.02746533538488,45.915012774528705,44.996211717241145,45.890010833740234,4952700
2014-10-09,45.84625862951857,46.43379231646602,45.81500978000745,45.890010833740234,4812800
2014-10-10,45.958763536683655,46.502545002346984,45.92126301099393,45.93376159667969,4856500
2014-10-13,46.127527822088496,46.44629184418059,45.940015646689744,45.977516174316406,4322300
2014-10-14,46.171269935395344,47.04006693882394,46.10876271150302,46.72129821777344,4833400
2014-10-15,46.55880077144244,46.91507010950362,46.115027018322934,46.5400505065918,6098400
2014-10-16,45.93377279614361,46.74631935417223,45.93377279614361,46.61506271362305,4380100
2014-10-17,46.98382373716367,47.040079299722905,46.28378842448275,46.67130661010742,3592900
2014-10-20,46.752557578586035,47.39634200733305,46.683803438755554,47.38383865356445,3538000
2014-10-21,47.53385339635181,47.84011882286461,47.26508849633331,47.81511688232422,3590600
2014-10-22,47.84636122941761,48.14012324442442,47.7463534866336,47.827606201171875,3685100
2014-10-23,48.10888383684654,48.302642915702855,47.86512087679099,48.196388244628906,4636200
2014-10-24,48.23387936495608,48.40888814639175,47.88386180208473,48.158878326416016,3367300
2014-10-27,48.133876983462294,48.53389842270772,48.09637169509873,48.5151481628418,3241900
2014-10-28,48.37763975199686,48.727657318115234,48.32763588008518,48.727657318115234,2537300
2014-10-29,48.64640051396383,48.67764935480837,48.03386505610909,48.45263671875,3652200
2014-10-30,48.39014232256723,48.758914947509766,48.20888184842695,48.758914947509766,2619400
2014-10-31,48.99643653421328,49.40896144548609,48.940185738294126,49.371456146240234,5992000
2014-11-03,49.39645354965179,49.80272674560546,49.29645055433101,49.80272674560547,5130100
2014-11-04,49.790232286374284,49.89023528998398,49.377707378822535,49.88398361206055,2749400
2014-11-05,49.990220180667464,50.11522507012052,49.490191085593516,49.777706146240234,2257200
2014-11-06,49.75897100836945,49.946483168153286,49.31519731675551,49.39645004272461,3025000
2014-11-07,49.44646021388367,49.57146515722659,49.09644255761716,49.333953857421875,3680900
2014-11-10,49.22143962395657,49.765221054605,49.17768742392501,49.74021911621094,2141300
2014-11-11,49.72146895240355,49.777719737426736,49.32769438271254,49.54645538330078,2158300
2014-11-12,49.56521088323647,49.596459730112485,49.09018358557814,49.17143630981445,3648500
2014-11-13,49.271455086703675,49.55897029289501,49.208952610337434,49.44021224975586,4038700
2014-11-14,49.440201074982646,49.52770547584377,48.93392493162441,49.03392791748047,3117900
2014-11-17,48.97144391073237,49.33396500442452,48.97144391073237,49.25271224975586,2501400
2014-11-18,49.2589475148103,49.53396410964656,49.16519619260055,49.4652099609375,2609900
2014-11-19,49.327692543948054,49.48395107691948,49.015175478005204,49.021427154541016,2985900
2014-11-20,48.98392634248033,49.2464395318459,48.79016252007359,49.183937072753906,3400800
2014-11-21,49.558957994953545,49.615208779134676,49.352695582358535,49.490203857421875,2827500
2014-11-24,49.590223957267874,49.827740066586465,49.55897510037009,49.66522979736328,3367400
2014-11-25,49.77147777387855,49.865233869179804,49.571466995931324,49.75272750854492,4664900
2014-11-26,49.78398332666478,50.27776099964932,49.78398332666478,50.2340087890625,2303900
2014-11-28,50.35901641845703,50.90279800918778,50.252761725476375,50.35901641845703,2225200
2014-12-01,50.31526153197135,50.66527921666589,50.17150154368135,50.2340087890625,5767100
2014-12-02,50.2277438572358,50.602763387399975,49.915226787326986,50.546512603759766,3641400
2014-12-03,50.559031110371784,50.61528668481069,50.34652170804109,50.49652862548828,3620900
2014-12-04,50.4840171158193,50.69653125246987,50.23400721665368,50.627777099609375,3367000
2014-12-05,50.515254230024716,50.515254230024716,49.977724538934304,50.37149429321289,4100400
2014-12-08,50.28399252798099,51.49030855788583,50.27774562026038,50.69026565551758,2651600
2014-12-09,50.19024664460359,51.027790158247626,50.14024276564898,50.92153549194336,3905800
2014-12-10,50.79027209482862,51.04028668753902,50.6590155065978,50.871524810791016,3634400
2014-12-11,50.865282307009075,51.17155250340833,50.80277983971849,50.96529006958008,2845100
2014-12-12,50.85278993083442,51.12155486477318,50.50277225635907,50.521522521972656,3903500
2014-12-15,50.80277414099638,50.809025817613936,49.77146685617298,49.8652229309082,5900900
2014-12-16,49.86522860150275,50.24649985178673,49.48395735121878,49.79647445678711,7097800
2014-12-17,49.871461934547874,50.965271401699724,49.865210259518946,50.940269470214844,7227900
2014-12-18,51.296558380126946,51.3528139397645,50.89653685976112,51.29655838012695,6041800
2014-12-19,51.402817294084755,51.52782700990784,51.1278054565401,51.27156066894531,5490300
2014-12-22,51.41282527626862,52.1667500353472,51.38748257704215,52.12873840332031,3600200
2014-12-23,52.312489218487656,52.35050086495333,51.843661188776835,51.9830436706543,4804100
2014-12-24,52.1160762040231,52.21111012999454,51.710602631262816,51.76762008666992,1306900
2014-12-26,52.02738691399637,52.109747084175666,51.77396468485552,51.951358795166016,2907700
2014-12-29,51.88799131843239,52.43917933121209,51.824636985582806,52.23644256591797,2789100
2014-12-30,52.230135408882944,52.508895573002434,52.07174708445875,52.198455810546875,3292600
2014-12-31,52.439201012614866,52.64193786173214,51.26712845260476,51.317813873291016,4494500
2015-01-02,51.761305024868165,52.13510400231337,51.53322543983035,52.090755462646484,5570500
2015-01-05,51.951374906074555,52.50890011617983,51.79298656794628,52.3758544921875,6073700
2015-01-06,52.426508306390424,53.0600612768604,52.426508306390424,52.89533615112305,7577100
2015-01-07,53.09809592229069,53.78233458703351,52.81933578132809,53.70630645751953,6920700
2015-01-08,54.07375607358595,54.08009295799614,53.47821944694418,53.90903091430664,5255000
2015-01-09,53.90904449663194,54.18147259138982,53.57326204268967,53.93438720703125,4643900
2015-01-12,54.067437843631616,54.40322516245443,53.96607182622769,54.3462028503418,5131800
2015-01-13,54.53624482395393,54.694633078089275,53.978715075876906,54.263816833496094,5859600
2015-01-14,54.2321394586451,54.7579896438679,53.94704252303694,54.73264694213867,6249100
2015-01-15,54.84669843383963,54.99874984316544,54.51091602283268,54.85936737060547,5004100
2015-01-16,54.85935744967773,55.40421347099127,54.662957546748295,55.33452224731445,4717000
2015-01-20,55.58163097036234,55.65765426987854,54.77067871770907,54.89739227294922,5012700
2015-01-21,54.92272655531611,54.92272655531611,54.599613081075,54.85936737060547,4354500
2015-01-22,55.07479420055208,55.89207862125583,54.93541168690249,55.83505630493164,4450600
2015-01-23,55.82237418197638,55.974425600219625,55.54994610607569,55.67665481567383,3491800
2015-01-26,55.75268021000377,56.18983345386564,55.52460067699994,56.145484924316406,2885100
2015-01-27,56.00610906074275,56.38624004940646,55.942754701570095,56.16449737548828,3209400
2015-01-28,56.27851078995005,56.55727080644108,55.7906723022461,55.790672302246094,3948900
2015-01-29,56.04411616238861,56.04411616238861,55.41056295480978,55.987098693847656,3337500
2015-01-30,55.88572203819658,55.91106474389476,54.82768945183865,54.83402633666992,4969800
2015-02-02,54.82136194767602,54.92273278781464,53.65562628784801,54.688316345214844,7523600
2015-02-03,54.694650820410516,55.18248467459973,54.27017132170169,55.16347885131836,4617400
2015-02-04,55.03677657873046,55.17615424364114,54.618629083114236,54.93540573120117,3332800
2015-02-05,55.068430050352504,55.619622945003115,54.91004178755216,55.59428024291992,2921600
2015-02-06,55.46123837054095,55.537266481846636,53.744310067639525,53.978721618652344,6323300
2015-02-09,53.92804116694141,54.238480829963365,53.585921915730346,53.59859085083008,4235700
2015-02-10,53.69362901753412,53.89002894564591,53.12343022053405,53.769657135009766,6144500
2015-02-11,53.87736207546866,54.054756189420424,53.243808906425464,53.611270904541016,4027100
2015-02-12,53.73797933567811,54.30817815168578,53.547911452466536,54.251155853271484,4523100
2015-02-13,54.42220551469117,54.44754821558681,53.57324195237827,53.890018463134766,3444500
2015-02-17,53.85201100862756,54.39686703611084,53.63026840061142,53.75697708129883,6414800
2015-02-18,53.75064382650714,54.32717947990406,53.357843989677875,54.25748825073242,5487900
2015-02-19,54.289189461472894,54.289189461472894,52.97139730055479,53.091773986816406,5415600
2015-02-20,53.1044308815997,53.68729868584489,53.02207070283489,53.60493850708008,4982700
2015-02-23,53.611264302463915,54.061086417055,53.56691577943737,54.035743713378906,3883800
2015-02-24,53.94705074028903,53.94705074028903,52.74329880973781,52.971378326416016,6027700
2015-02-25,53.028395462136814,53.554245724218454,52.920692589265194,52.984046936035156,6699700
2015-02-26,52.977738409049365,53.003081125735854,52.287162671822195,52.40753936767578,4738700
2015-02-27,52.5722391673265,52.952370066404,52.22378302355659,52.8193244934082,4328200
2015-03-02,52.95237112848008,53.70629605724453,52.87634301368902,53.12342834472656,5353500
2015-03-03,53.05374659998489,53.17412326151938,52.56591273532989,53.022071838378906,4311400
2015-03-04,53.022068951159525,53.09176018997642,52.394847801807515,52.51522445678711,3054200
2015-03-05,52.648276279588785,53.186795597572804,52.61660151595908,52.66728210449219,3503900
2015-03-06,51.98938392294983,52.008389749180466,50.82364813360725,50.91868209838867,7166500
2015-03-09,51.096078124473514,51.43819751002887,51.096078124473514,51.32415771484375,6548000
2015-03-10,51.17208542359634,51.52687847186191,51.096062139674856,51.28612518310547,5985700
2015-03-11,51.349474060216224,51.50152543117387,51.13406352053579,51.33046340942383,2833100
2015-03-12,51.520537266630235,52.29347281252855,51.501531447243636,52.22378158569336,4013200
2015-03-13,52.21745849410974,52.337835160189904,51.84366439110176,52.192115783691406,2863500
2015-03-16,52.48355398773034,53.04108399519403,52.34417631949259,52.73064422607422,2761500
2015-03-17,52.62926016112834,52.952373622173376,52.401180639640906,52.71162033081055,3764800
2015-03-18,52.71795024091066,53.96605055902424,52.41384747491296,53.81399917602539,5781800
2015-03-19,53.737984168283525,54.111783083247786,53.56692692491174,53.78866958618164,5663200
2015-03-20,54.1054402876593,55.188815600350026,53.9217092930682,55.13813018798828,6004800
2015-03-23,55.1381536350525,55.50561578049507,54.9544225623312,55.06846237182617,3644100
2015-03-24,55.030410321015104,55.04941613637587,54.58692518384559,54.59959411621094,5828800
2015-03-25,54.74111424928617,54.86221036555784,53.50467349898256,53.65763854980469,5391800
2015-03-26,53.523787528965904,53.63213410566547,53.13500994197024,53.377197265625,5638200
2015-03-27,53.42180197655613,53.676738774261025,53.230598162648725,53.447296142578125,2330600
2015-03-30,53.67673431354243,54.26308549577543,53.54289359993586,54.21209716796875,4149800
2015-03-31,53.96992923959109,54.35233211010925,53.58115161018467,53.73411178588867,2982800
2015-04-01,53.77235990666293,53.95081427010536,53.23699195381891,53.65763854980469,6666100
2015-04-02,53.753221324795796,54.26309496682642,53.62575534554585,54.065521240234375,3905900
2015-04-06,54.243978102196365,54.81121000275854,54.16112569804667,54.626380920410156,4398100
2015-04-07,54.61364889511348,54.69012655893065,53.66400909423828,53.66400909423828,3039000
2015-04-08,53.83608003513307,53.89981302647172,53.59388786052445,53.74685287475586,2630300
2015-04-09,53.65762117895866,53.65762117895866,52.504033224419544,52.63150405883789,5098700
2015-04-10,52.90555011210736,53.21147033091714,52.440290165253316,52.5932502746582,3651600
2015-04-13,52.57413609468713,52.78445930509644,52.44029537783976,52.45304489135742,2348700
2015-04-14,52.56776791200332,52.899182336532895,52.5167795813019,52.63787078857422,3662600
2015-04-15,52.848207596012266,52.85458235461796,52.21086788589389,52.24273681640625,3514000
2015-04-16,52.147125198562215,52.59963572516885,51.898563146799624,52.37656784057617,3395400
2015-04-17,52.17263061240825,52.440312131622655,51.77747822986584,52.13439178466797,5055300
2015-04-20,52.34469812007797,52.510407772905126,52.04515260104539,52.21085739135742,3191200
2015-04-21,52.35107912944875,52.63151013502911,52.15350539143479,52.30009078979492,3830400
2015-04-22,52.312841527473424,52.682499704821666,52.26822794486352,52.408443450927734,3852800
2015-04-23,52.40205964306307,52.663366335361346,52.29371308436659,52.54864501953125,2266200
2015-04-24,52.60602840244177,52.96293713936837,52.421199274385685,52.65701675415039,2291700
2015-04-27,52.70162778762174,53.0967753378871,52.46581031930589,52.58690643310547,2973300
2015-04-28,52.53592029718204,52.65701641608333,52.14714262730437,52.48493194580078,3423400
2015-04-29,51.981411766360566,52.23634855702128,51.29308875284592,51.42692947387695,3149400
2015-04-30,51.22297627593866,51.2867092520801,50.27971169649651,50.59200668334961,8753800
2015-05-01,50.64938548376672,51.324963993045515,50.54740880028228,50.974430084228516,5902600
2015-05-04,51.140134850732615,51.49704838006063,50.94893586316151,51.025413513183594,4563700
2015-05-05,50.99989888000971,50.99989888000971,49.83357142248714,49.91642379760742,6407200
2015-05-06,49.935544965003096,50.05664101658038,49.53402286176691,49.820823669433594,6480100
2015-05-07,49.89094486604789,50.783221309957085,49.8463312869782,50.58564758300781,6360600
2015-05-08,51.08277139390671,51.987792485148724,51.06365198335469,51.293094635009766,5136500
2015-05-11,51.09550670122502,51.43967061575886,50.3689400580473,50.52190017700195,3080600
2015-05-12,50.14586521342531,50.8341929465247,49.788956698120664,50.67485809326172,4739300
2015-05-13,50.987172929067455,51.21024083812898,50.088521672185095,50.19049835205078,6222300
2015-05-14,50.47093279554941,51.18475015314753,50.34346193703827,51.15925598144531,4905400
2015-05-15,51.3695858170616,51.834846000692785,51.24849456414344,51.681880950927734,4390600
2015-05-18,51.509780593404216,51.66274071902082,51.26759332263503,51.54801940917969,3450200
2015-05-19,51.29309404446342,51.675496838647405,51.24848046618388,51.369571685791016,2784700
2015-05-20,51.43966865765536,51.675486014891135,51.261214381915565,51.324947357177734,3427400
2015-05-21,51.37595077832883,51.439683772317835,50.846957689440146,51.0827751159668,2667800
2015-05-22,50.897946874400006,51.369576872765286,50.732237197265675,51.01904296875,4067500
2015-05-26,50.987188303132044,51.01905724082838,50.48368923513655,50.630279541015625,3041700
2015-05-27,50.8214514503776,51.210228942655014,50.57926418572716,51.127376556396484,2978600
2015-05-28,51.0955212673811,51.23573677577612,50.76410677141497,51.025413513183594,2772000
2015-05-29,50.94255527238618,51.11463482775031,50.36894865031353,50.439056396484375,4786500
2015-06-01,50.598384811230666,51.1528719518884,50.36256743502835,51.05727005004883,4464400
2015-06-02,50.834209646755426,50.859703815154596,50.36894958287259,50.58564758300781,3313200
2015-06-03,50.445432559423914,50.54740437145797,49.801718173247565,49.85908126831055,3886000
2015-06-04,49.808083266875194,49.99291230674761,49.60413481986331,49.76346969604492,3710100
2015-06-05,49.10702780619379,49.58503260042988,48.75648901208084,49.20899963378906,6141000
2015-06-08,49.20262628094193,49.3364719061668,49.01142727529391,49.119773864746094,3347100
2015-06-09,48.96042925534038,49.208991317334174,48.69274778281097,48.762855529785156,4604500
2015-06-10,48.73736695862581,49.54041633095264,48.68000385791592,49.107025146484375,4332000
2015-06-11,49.47029301485792,49.59138421157186,49.3109581421951,49.40655517578125,9411000
2015-06-12,49.22811679728268,49.559536162479226,49.21537214285943,49.36195755004883,3125500
2015-06-15,49.31732519109314,49.31732519109314,48.97953605853652,49.09425735473633,3565200
2015-06-16,49.13887932519764,49.56589566532063,49.03690752364535,49.489418029785156,5474800
2015-06-17,49.52767324949581,49.948319834305195,49.15164511687826,49.91007614135742,3922300
2015-06-18,49.941922154600086,50.80870423835895,49.91005323552237,50.59838104248047,5616900
2015-06-19,50.630271817481024,50.73861840909302,50.05029030499953,50.209625244140625,5986300
2015-06-22,50.20961049960657,50.4326783763948,49.64237867183864,49.69336700439453,3898700
2015-06-23,49.489433242237325,49.597779834227,49.18988277760526,49.279109954833984,2933200
2015-06-24,49.298233618873105,49.49581226763833,48.99231323129613,49.01143264770508,3900200
2015-06-25,49.07515464507531,49.07515464507531,48.495173210716835,48.51429748535156,4820600
2015-06-26,48.47695447395523,48.985539693271456,48.34175546340052,48.863224029541016,3789500
2015-06-29,48.6829643655902,49.17223683518173,48.0713664110751,48.10355758666992,5112000
2015-06-30,48.36752083294177,48.53490615439092,47.96193842387276,48.084259033203125,5855900
2015-07-01,47.88467030750566,48.8760986328125,47.87179678376474,48.8760986328125,6318900
2015-07-02,49.22373656086729,49.66150998859519,48.91472291287311,48.9984130859375,4303700
2015-07-06,48.753787909423544,49.3718202570127,48.695844767504674,49.307437896728516,5116700
2015-07-07,49.57137745239818,50.17009688303083,49.449056897335495,50.0799674987793,5921000
2015-07-08,49.80957842639314,50.060653836698684,49.732322564882594,49.8868293762207,4941800
2015-07-09,50.00916494696432,50.176550241328776,49.526326718811994,49.64864730834961,3312900
2015-07-10,49.85465056612751,50.39542694244607,49.73876921239015,50.06066131591797,4774100
2015-07-13,50.09928999357382,50.691570323055934,49.86752727130969,50.1314811706543,2887800
2015-07-14,50.21516907082714,50.40830630115769,49.93834166025138,50.23448181152344,2422900
2015-07-15,50.10571870399868,50.49842740594487,50.00915010469203,50.31816864013672,2238100
2015-07-16,50.401866591226565,50.788136136429664,50.401866591226565,50.723758697509766,2494800
2015-07-17,50.69156278272624,50.74950591051529,50.38898344524072,50.543495178222656,1803100
2015-07-20,50.4211854289377,50.6915736521083,50.2666785745094,50.601444244384766,2164800
2015-07-21,50.65293027439751,50.85250176219338,50.453358786601655,50.45979309082031,3540700
2015-07-22,50.50485978017481,50.85894299353711,50.45336078597168,50.67868423461914,2883500
2015-07-23,50.64651012784293,50.67226208946148,49.745211117931284,50.04779052734375,3188900
2015-07-24,50.06709379830961,50.42761628107673,49.91258696951428,50.260231018066406,2800300
2015-07-27,50.1765374988125,50.640062865994274,50.1765374988125,50.35035705566406,3003000
2015-07-28,50.35682020680198,50.54351828574745,50.20231331486575,50.382572174072266,2674000
2015-07-29,50.324629662411546,50.79459447564593,50.118618833304076,50.710899353027344,7988100
2015-07-30,50.63361753837632,50.717307698362376,50.29241277084819,50.45979309082031,2932500
2015-07-31,50.80744765403377,51.2645338445521,50.76238295670615,50.858951568603516,5490400
2015-08-03,51.03276703176846,51.225904240012746,50.85894747369519,51.174400329589844,3766400
2015-08-04,51.3224852882698,51.4126146975219,50.685140205220115,50.801021575927734,4087300
2015-08-05,50.8589640374145,50.95553267298706,50.2666836097072,50.46625518798828,3783100
2015-08-06,50.51131163924417,50.56925477578964,49.69370780331172,50.53706359863281,3473300
2015-08-07,50.45337050703598,50.79457535382677,50.08641370234047,50.723758697509766,3942600
2015-08-10,50.92332270982792,50.968387401583755,50.3310425005561,50.56280517578125,2605100
2015-08-11,50.434042425955255,51.110017674043476,50.3761042164131,50.89756774902344,4539900
2015-08-12,50.71730507676901,51.071388257797004,50.44691696308346,51.058509826660156,3229200
2015-08-13,50.94263823574515,51.328912656717854,50.51774324903179,51.11646270751953,2381900
2015-08-14,50.96838021407536,51.41259276422834,50.7752479530784,51.393280029296875,2558200
2015-08-17,51.44479660276477,51.86969161096944,51.17440351207067,51.8310661315918,2912600
2015-08-18,51.80531675458936,52.03707946576365,51.657244223462094,51.97270202636719,2904800
2015-08-19,51.83106629424105,51.90188294777797,51.35466245923197,51.66368103027344,2401000
2015-08-20,51.41261032286995,51.67012500382902,51.12934368264658,51.28385543823242,3999800
2015-08-21,51.026327411951,51.219459688395865,50.33103942871093,50.33103942871094,4126300
2015-08-24,48.61856889578993,49.61643612977226,46.51339723070985,47.97478485107422,10864500
2015-08-25,48.618571610587104,48.92759013044612,46.64859389549446,46.655033111572266,9163900
2015-08-26,47.11857138367121,48.04561737463438,46.906121399867196,47.91686248779297,5067500
2015-08-27,48.36107205547141,49.2301797643994,47.94905055032504,48.843910217285156,5627400
2015-08-28,48.81171584122243,48.91472366659665,48.42544631943602,48.77309036254883,3881100
2015-08-31,48.657215092478545,48.76665723684617,47.65934753417969,47.65934753417969,6197200
2015-09-01,47.18295173196748,47.421153690141786,46.41684684654785,46.751617431640625,7218400
2015-09-02,47.05418758155309,47.40183165935504,46.81599055705312,47.23445129394531,5018500
2015-09-03,47.39538467991746,47.71083749680523,47.25375139960955,47.36319351196289,3712600
2015-09-04,47.073501616780554,47.073501616780554,46.14001159673386,46.48121643066406,4262900
2015-09-08,46.89324699304971,47.31170777876289,46.745179351629126,47.182952880859375,3004500
2015-09-09,47.55634737916136,47.730166976717385,46.57135328739603,46.64216995239258,3338100
2015-09-10,46.56491940527108,47.23445566390486,46.513415482679775,46.74517822265625,4609500
2015-09-11,46.73874228936187,47.65291487702878,46.6679256187427,47.64004135131836,3892500
2015-09-14,47.71084380785739,47.800973196033084,47.52414581472678,47.66577911376953,3040500
2015-09-15,47.68509899382906,48.23875383935801,47.363206870227756,48.135746002197266,2737200
2015-09-16,48.1035489601401,48.76664580033479,48.084236222920126,48.65076446533203,3318500
2015-09-17,48.70228248123987,50.04778928863743,48.457641307760795,49.20443344116211,6337800
2015-09-18,48.856777501400536,49.706572361205744,48.631454036998235,49.120731353759766,5798800
2015-09-21,49.1464872294327,49.79027147867348,49.12074018174502,49.5391960144043,3176300
2015-09-22,49.19153448164446,49.461922564614106,48.80526017833721,48.91470718383789,2963500
2015-09-23,49.091569115564674,49.46869759207296,48.82497675641133,49.22161102294922,3708700
2015-09-24,49.15010627334963,49.3581813461846,48.460874957323504,48.75997543334961,3707600
2015-09-25,48.97453814213846,49.36466889459633,48.668934148465596,48.95503234863281,3330000
2015-09-28,48.84451378411324,48.86401958463639,47.83667109696096,48.19429397583008,4094600
2015-09-29,48.48687715500918,48.91602448795164,48.14876513333074,48.70795440673828,3784900
2015-09-30,49.059073321264236,49.215129617657716,48.7079590563352,49.11759567260742,6237100
2015-10-01,49.19562226869749,49.43620037001121,48.83799946839014,49.358177185058594,4105200
2015-10-02,49.48821772534713,49.728800780595954,48.79248290155429,49.71579360961914,4602000
2015-10-05,49.92386679805911,50.63910746194536,49.904361001164965,50.55458068847656,5176500
2015-10-06,50.58058726396698,50.853678326893096,50.29448902997834,50.437538146972656,3570700
2015-10-07,50.63911053415136,51.016239166259766,50.463553390670725,51.016239166259766,4211900
2015-10-08,50.970733749121976,51.49091161450179,50.801675198755966,51.445396423339844,3953200
2015-10-09,51.43887561506432,51.48439079098867,51.10726221288286,51.36084747314453,3102700
2015-10-12,51.47139411311818,51.9200423352261,51.360852993322176,51.724979400634766,3216500
2015-10-13,51.562421440941144,51.75748436405544,51.17228567314783,51.32183837890625,2362700
2015-10-14,51.42588201703279,51.48440437911379,50.827680986779335,50.93821716308594,3349200
2015-10-15,50.99022443137937,51.63394546508789,50.94470925371352,51.63394546508789,2533600
2015-10-16,51.66646313514132,52.11511637089299,51.64695733546225,52.024085998535156,2875000
2015-10-19,52.00457445468562,52.752323150634766,51.9330498899071,52.752323150634766,3146100
2015-10-20,52.65478779346117,52.875860086373734,52.51173868120853,52.732810974121094,2781500
2015-10-21,52.83035477721885,52.98640612846462,52.49874131513645,52.537757873535156,3460600
2015-10-22,52.64178590540496,53.168462270839484,52.54425195901049,52.99940872192383,3504200
2015-10-23,53.01890526113352,53.109935605664376,52.16711919697403,52.48572540283203,3421300
2015-10-26,52.50524169913335,52.62878503175825,52.05008988543537,52.47272872924805,3280000
2015-10-27,52.46622372341976,52.58976208023831,52.193127707629785,52.453216552734375,7135300
2015-10-28,52.4532183431196,52.836850518919356,51.52990762422595,52.49873352050781,4576600
2015-10-29,52.34267737065489,52.498728684355946,52.07608495566634,52.42720413208008,3283100
2015-10-30,52.43371348622899,52.54424963889675,51.90053355836893,51.946048736572266,7057100
2015-11-02,52.063082885950074,53.05791807472909,51.874518607697965,53.051414489746094,6869600
2015-11-03,52.93436782087566,52.98638160669725,52.310152783209375,52.51822280883789,5285300
2015-11-04,52.550759573853895,52.64178994125901,52.128115747597015,52.28417205810547,3165100
2015-11-05,52.303668987066764,52.55075066229726,52.00456855048812,52.49223327636719,2804100
2015-11-06,51.64696054752637,51.86153427890759,50.535085249619435,50.86019515991211,7070200
2015-11-09,50.53507876032483,50.64561492504215,49.66378173301772,49.9888916015625,5919100
2015-11-10,49.98238961705665,50.67812449055662,49.969382445150536,50.56108474731445,4688800
2015-11-11,50.561073381202235,50.834164400449005,50.43102649528844,50.619590759277344,2228400
2015-11-12,50.483060200087166,50.723643289689676,50.183959715079766,50.27499008178711,3212200
2015-11-13,50.30099402665771,50.55457930088638,49.66377656783798,49.70279312133789,4250100
2015-11-16,49.592257370699116,50.27499008178711,49.49472837835763,50.27499008178711,3117900
2015-11-17,50.138444531726094,50.704137491221374,50.086425761955354,50.27499008178711,3845600
2015-11-18,50.33349778534522,50.74963790080241,50.014886633837776,50.717124938964844,3429200
2015-11-19,50.78216146539002,51.1267771390463,50.645615913230905,50.873191833496094,3628100
2015-11-20,51.191800223563675,51.56892388717644,51.04224750672315,51.510406494140625,3964600
2015-11-23,51.536402962332794,51.81599756748277,51.438869037600206,51.62092971801758,2370000
2015-11-24,51.341347213503816,51.45188337255498,50.92520699996077,51.34785079956055,3498900
2015-11-25,51.373855127109564,51.6794591515258,51.32183636534038,51.55591583251953,1959700
2015-11-27,51.53640350292765,52.16711726726197,51.523396333743406,52.00456237792969,1348700
2015-11-30,52.19312113658384,52.31666443863055,51.48438420770455,51.62092971801758,7609800
2015-12-01,51.69245799875545,52.35567980542943,51.64043924037032,52.33617401123047,3847300
2015-12-02,52.18661388940199,52.25813842500157,51.1917789352377,51.26980209350586,5713500
2015-12-03,51.19179840673965,51.269821594685,50.327005027940054,50.46355056762695,4737300
2015-12-04,50.50906187450198,51.555915892611644,50.489556079011344,51.42586898803711,3434100
2015-12-07,51.34134667621821,51.49089938926204,51.05524842210788,51.28282928466797,4195100
2015-12-08,51.003232837294256,51.425871656944686,50.95121407276477,51.23731231689453,3638600
2015-12-09,51.061746167223006,51.47138770434683,50.69112118078557,50.951210021972656,4218800
2015-12-10,51.03573771296012,51.211299792278965,50.541574362599356,50.58708953857422,3465000
2015-12-11,50.470046224204374,50.72363146675108,50.177444433032335,50.496055603027344,3420800
2015-12-14,50.56757434760637,50.75613862033108,50.11242262777548,50.73012924194336,4775000
2015-12-15,50.957719436190814,51.53641456961754,50.957719436190814,51.28282928466797,3449100
2015-12-16,51.49740180144516,52.38820463766148,51.37386342327133,52.28417205810547,4699300
2015-12-17,52.34919588860837,52.40120970082482,51.87453326635685,52.024085998535156,3726800
2015-12-18,51.96554698834312,52.05007870757847,51.41936492919922,51.41936492919922,5724400
2015-12-21,51.69245426543605,51.933037285005575,51.34133511286761,51.62092971801758,4455300
2015-12-22,51.73797584358503,52.154116010589384,51.73147225825563,51.82900619506836,6484300
2015-12-23,51.95296113549543,52.374913700589964,51.893621383803605,52.361724853515625,4029000
2015-12-24,52.262828620743484,52.539739078519744,52.071635608807725,52.361724853515625,1426000
2015-12-28,52.190315853957756,52.658419375438335,52.09141961024847,52.651824951171875,6628800
2015-12-29,52.74411581404014,53.27155898420889,52.65840843666784,53.21221923828125,3499800
2015-12-30,53.17266936421281,53.34408917031579,52.98806574075027,53.02762222290039,3114300
2015-12-31,53.00123736800463,53.166062712482834,52.559506652019934,52.56610107421875,3292400
2016-01-04,52.13099338921429,52.150771638502846,51.451913336581654,51.93320083618164,8843700
2016-01-05,51.95297139914312,53.10015484774797,51.90682048540822,52.93532943725586,7114700
2016-01-06,52.46061342194015,52.86938211031174,52.4342407617158,52.79026412963867,5481200
2016-01-07,52.15074617125078,52.3683168673237,51.709015385942344,51.76176071166992,6297500
2016-01-08,52.11118210686709,52.150738580369506,50.98377734141465,51.06948471069336,4628600
2016-01-11,51.115649050156584,51.662870551190686,51.09587080820359,51.35959243774414,4956800
2016-01-12,51.62989709630845,51.69583126811903,50.75302995403812,51.016746520996094,5951900
2016-01-13,51.181566236884784,51.5573678363672,50.17283589248834,50.284915924072266,7679400
2016-01-14,50.21898982962268,50.62116411324762,49.79044288460437,50.16624450683594,5167500
2016-01-15,49.53991021141785,49.94867891844471,49.15092477301506,49.82341003417969,5571400
2016-01-19,50.054156791646356,50.47610924908364,49.82340232743379,50.08712387084961,4978100
2016-01-20,49.51355010613004,49.645413446708986,47.68728685224273,48.74216842651367,9091600
2016-01-21,48.97292520052592,49.70475042611325,48.57734522103686,49.012481689453125,6849300
2016-01-22,49.48717052113184,50.568424612390366,49.40805755791431,50.37723159790039,4542700
2016-01-25,50.27174059666829,50.81236763860337,49.92890602156832,50.06076431274414,4670100
2016-01-26,50.29152204188975,51.12883783743088,50.19262580217057,51.10905456542969,5214000
2016-01-27,51.04310568570367,51.04310568570367,49.80362104653278,50.12008285522461,4883200
2016-01-28,50.41019439294889,50.59479801658417,49.54651099805319,49.737709045410156,5584400
2016-01-29,50.040980691053655,50.8123621746337,49.66517906853485,50.75961685180664,11112200
2016-02-01,50.44974817835385,51.273875047008865,50.28492280462285,50.845333099365234,6925300
2016-02-02,50.60139794531475,50.76622334578809,50.10032731945564,50.383827209472656,6406000
2016-02-03,50.64094045993768,50.917850879187874,50.09372410419828,50.72005844116211,5729100
2016-02-04,50.687093512099,51.02333865900338,50.22558451052111,50.74643325805664,4286700
2016-02-05,50.640936570964506,50.640936570964506,49.73769691418546,49.78384780883789,4033800
2016-02-08,49.460800300276965,49.526734479644226,47.59498072786045,48.35976791381836,5440900
2016-02-09,47.87188180209018,47.99715069536453,47.100500262610794,47.46970748901367,8405600
2016-02-10,47.77957250165175,48.44546831346334,47.5883744950892,47.79935073852539,3877700
2016-02-11,47.12687182798049,47.43673929716582,46.737881340593354,47.120277404785156,4930700
2016-02-12,47.55542469965742,47.79277368855667,47.173033577606176,47.66091537475586,5067000
2016-02-16,48.0301119887137,48.59051724276151,47.80595189912303,48.537776947021484,3888900
2016-02-17,48.58393299912012,49.50695114829249,48.58393299912012,48.95314025878906,3060900
2016-02-18,49.05863107450927,49.57947487599216,48.75534793303969,49.44761657714844,3539700
2016-02-19,49.27620133886984,49.94209737901017,49.11137593497872,49.73112106323242,2885500
2016-02-22,50.12668112949423,50.57500625132479,50.10690289368952,50.2057991027832,2966500
2016-02-23,50.15966414366733,50.66732413418269,49.9948387528404,50.073951721191406,2608300
2016-02-24,49.856383147592986,50.12009973362187,49.500359720368245,50.01461410522461,2997500
2016-02-25,50.23876657556498,51.06289335685752,50.23876657556498,51.03652572631836,3399900
2016-02-26,50.983765193324984,51.21451961722371,50.75301076942627,50.772789001464844,3180500
2016-02-29,50.720070803686355,51.2804761412585,50.49590565061437,50.57502365112305,5057700
2016-03-01,50.62116842331774,52.005700568893374,50.52886661561745,51.99911117553711,5309500
2016-03-02,51.79473127322006,52.40129255855202,51.695840058830235,52.37491989135742,3621700
2016-03-03,52.39469773557088,52.651824951171875,52.124381671436964,52.651824951171875,2907800
2016-03-04,52.566107317188035,52.7045600193845,52.2760130668311,52.658409118652344,2740000
2016-03-07,52.388102399122076,52.91554566967313,52.29580058128641,52.796871185302734,3504600
2016-03-08,52.72435202666493,52.77050293944891,52.19031931729716,52.256248474121094,2829000
2016-03-09,52.42107324027333,52.823247631075915,52.30239874741237,52.54633712768555,3566700
2016-03-10,52.908951596725274,53.01444226356445,51.7749520785634,52.355140686035156,2472500
2016-03-11,52.88257265558525,53.581430635224955,52.76389818450764,53.528690338134766,2520900
2016-03-14,53.44957093848781,53.588023646083606,53.23859466547453,53.5352783203125,2593900
2016-03-15,53.31111657797153,53.67373439381591,53.19903653673635,53.561649322509766,1898100
2016-03-16,53.41003210694331,54.293493970202746,53.21883401040072,54.207786560058594,3439600
2016-03-17,54.293492400341876,55.09124683039062,54.04955399772617,54.972572326660156,5526400
2016-03-18,55.07803851293371,55.216491200694165,54.735198974609375,54.735198974609375,3281800
2016-03-21,54.641195790466355,54.81453434330194,54.147853079260564,54.241188049316406,4343000
2016-03-22,54.13451660561008,54.40785836532675,53.92117880457182,54.241188049316406,4791300
2016-03-23,54.24119067168165,54.30118954688639,53.91451826069277,53.94784927368164,2837500
2016-03-24,53.854522743432625,54.01452485544137,53.48785102481361,53.967857360839844,2839400
2016-03-28,53.954529172409806,54.57454311540676,53.94119778160778,54.45454025268555,3885100
2016-03-29,54.52120293737373,55.66122749715471,54.354532590861155,55.634559631347656,5022700
2016-03-30,55.77457084114788,55.89456861555386,55.48122938448708,55.527896881103516,3503100
2016-03-31,55.52122368756992,55.94123620600898,55.40788907538407,55.86790084838867,7533800
2016-04-01,55.75455895409174,55.88789827468438,55.44788614629118,55.79456329345703,5267300
2016-04-04,55.90790732446212,55.96124306168892,55.52123085913163,55.714569091796875,6908900
2016-04-05,55.467876513056915,55.61454719803631,55.20787123927494,55.34787368774414,3251300
2016-04-06,55.36787802792026,55.50788047545553,55.061200186986895,55.4812126159668,2940500
2016-04-07,55.347878366855824,55.48121767646149,54.88787173624635,55.13454055786133,2339400
2016-04-08,55.4212260582488,55.66790002117441,55.30122319606549,55.44123077392578,3370300
2016-04-11,55.54791372292525,55.70791589142243,55.31457616753828,55.32790756225586,2848100
2016-04-12,55.44790025849061,55.861244627966705,55.307897751017165,55.7279052734375,2504600
2016-04-13,55.887888572015264,55.914556431503996,55.29454268591978,55.4812126159668,2827000
2016-04-14,55.4478819735747,55.48788630992948,55.027874589659206,55.17454528808594,2044200
2016-04-15,55.28122918708364,55.72124142194941,55.001224175647,55.5879020690918,2429100
2016-04-18,55.501228143123,55.86123671982184,55.427892780107925,55.85456848144531,2347400
2016-04-19,56.007892835472596,56.007892835472596,55.65455258932363,55.881221771240234,3137200
2016-04-20,55.88789813233448,56.0012327397683,54.88787611912433,54.93454360961914,4085800
2016-04-21,54.90786405483895,55.021198638142096,53.78783943505907,53.95450973510742,5046100
2016-04-22,53.954528530415764,54.63454135349412,53.87452492742833,54.54120635986328,3124400
2016-04-25,54.36787172284196,55.00121703597876,54.35453524609929,54.99454879760742,2385600
2016-04-26,55.19454672448693,55.52121914491994,55.00787676995379,55.20787811279297,3190800
2016-04-27,55.194544913076015,55.28121165015789,54.57453110651049,55.17454528808594,3244500
2016-04-28,54.841202052051045,55.394543634025396,54.62786425160476,55.06120300292969,2870600
2016-04-29,54.79455975722968,54.914562643046665,54.021206696103164,54.5545539855957,4117300
2016-05-02,54.52120675593491,55.5412285342122,54.52120675593491,55.40122604370117,4008000
2016-05-03,55.381232113294885,55.52790285741103,55.06122275464364,55.4879035949707,3305700
2016-05-04,55.14122526580876,56.38792147954767,55.14122526580876,56.28125,4138600
2016-05-05,56.354578010005994,56.54791622665177,56.0879044323437,56.44124984741211,3324300
2016-05-06,56.43458692092749,57.107936623467005,56.17458155698789,57.06126403808594,3499300
2016-05-09,57.24125960353553,57.78126985510901,57.08125750795356,57.68793487548828,4568700
2016-05-10,57.814609926820005,57.88127704735976,57.48126923774597,57.681270599365234,4034800
2016-05-11,57.64793491214122,57.64793491214122,56.227900436444706,56.447906494140625,4063900
2016-05-12,56.51458291458079,56.961263340946296,56.05457618391807,56.774593353271484,3471000
2016-05-13,56.62122345390778,56.62122345390778,55.874538824738565,56.26788330078125,3991500
2016-05-16,56.26121372889018,56.96789401834946,56.21454625857444,56.80122375488281,3374900
2016-05-17,56.66125607964153,56.66125607964153,55.44123286878407,55.74790573120117,4308300
2016-05-18,55.51457118140911,55.57457516663657,54.24788028837654,54.87455749511719,4708500
2016-05-19,54.52787353440389,54.654544630873595,53.97452673931318,54.261199951171875,4316000
2016-05-20,54.46786381439636,54.79454133541113,54.36786568181531,54.69453811645508,3296100
2016-05-23,54.78788441296147,54.90788728321757,54.56787830309594,54.70121765136719,2744000
2016-05-24,55.04119767975425,55.47454147258384,54.841196373630176,55.38120651245117,2998500
2016-05-25,55.52787718876646,55.52787718876646,54.834528137513885,55.38120651245117,3250000
2016-05-26,55.274565717995266,55.65457397030701,55.14789460509929,55.4879035949707,3053400
2016-05-27,55.58122181257755,56.02122882566655,55.527886087847165,55.78789138793945,3006900
2016-05-31,55.70124384232046,55.947912753034466,55.44123845264134,55.78124237060547,4810900
2016-06-01,55.58789421799169,55.967902418806034,55.53456357075717,55.82789993286133,4417500
2016-06-02,55.6678990974708,56.134574061342455,55.5278966083093,56.11457443237305,8043500
2016-06-03,56.65457712835085,56.827910598092146,56.067894349612665,56.34123611450195,4295200
2016-06-06,56.394568634364845,56.514571471625814,55.61455273535584,55.907894134521484,3231900
2016-06-07,56.15459360196921,56.4145990199664,55.994586355219425,56.247928619384766,2424600
2016-06-08,56.20791625623107,56.65459673179511,56.03458272651346,56.60792922973633,3099000
2016-06-09,56.60792641638047,56.84126391507774,56.40791993956796,56.73459243774414,4132700
2016-06-10,56.521254134252224,56.68125626264466,56.22791266021947,56.467918395996094,2538400
2016-06-13,56.48791900133013,56.907926465182335,56.41458363815942,56.48125076293945,3250300
2016-06-14,56.481246368004804,56.68124772678233,56.127906056426845,56.33457565307617,3437300
2016-06-15,56.461247687947896,57.0612568607213,56.38124409126965,56.867923736572266,2829400
2016-06-16,56.78791186435054,57.20791924136048,56.507906946343915,57.18791961669922,2827100
2016-06-17,57.22125649177386,57.22125649177386,56.65457841105987,57.09458541870117,4408400
2016-06-20,57.36793308398765,57.861275866386976,57.10125952261298,57.17459487915039,3987000
2016-06-21,57.385819430185165,57.56071611367101,57.13020514824086,57.392547607421875,3614700
2016-06-22,57.51362295567339,57.52035113218697,57.163834758392255,57.30509567260742,3994500
2016-06-23,57.56741464159689,57.809577576440574,57.473240737168,57.594322204589844,1672700
2016-06-24,56.59204901252861,57.661603100063786,56.19517390541856,57.08310317993164,5661700
2016-06-27,56.85439970137128,57.210921203984256,56.30953544696408,57.123470306396484,4769800
2016-06-28,57.49342732250717,58.334269525931944,57.278171923714176,58.32754135131836,5128700
2016-06-29,58.603367328491956,59.114595930966836,58.52937276958976,59.033878326416016,4395600
2016-06-30,59.188588972759945,59.6460075378418,58.704262829485536,59.6460075378418,6555800
2016-07-01,59.8477891993562,60.13703914053559,59.49127290415473,59.66616439819336,4731800
2016-07-05,59.67291051327257,60.32540512084961,59.59891596197443,60.32540512084961,3808400
2016-07-06,60.2379421304337,60.305208485452766,59.76706738111238,60.063045501708984,4577200
2016-07-07,60.00251023409576,60.04287415819382,59.114580885357654,59.44419479370117,5342000
2016-07-08,59.77380517079984,60.43302274095269,59.69981062874874,60.40612030029297,2663400
2016-07-11,60.453195169825015,60.93751598618392,60.089950708485546,60.80971145629883,3381400
2016-07-12,60.81646920417507,60.90391499157563,60.32541484207351,60.80301284790039,3727600
2016-07-13,60.94425956865195,61.13933563232422,60.66846591456014,61.13933563232422,4902800
2016-07-14,60.95098735209009,61.10569948745969,60.4532100633651,60.5944709777832,3060500
2016-07-15,60.58775840418005,60.661752968706246,60.17742677620619,60.61466598510742,3345600
2016-07-18,60.70210560168919,60.79627955931096,60.54066526463698,60.776100158691406,2699700
2016-07-19,60.7760928828637,61.07207107543946,60.493571043820566,61.07207107543945,1916500
2016-07-20,61.179674268009954,61.240217572969804,60.88370131384031,61.07877731323242,2100600
2016-07-21,60.9442517076221,61.19987106323242,60.67518113270857,61.19987106323242,2179600
2016-07-22,61.13933103941309,61.91963523548413,61.01152135472344,61.73801040649414,2482900
2016-07-25,61.75819760160247,61.98018125080319,61.415137560578025,61.62366485595703,2374700
2016-07-26,61.67746970443421,61.86581756971426,61.1729642943936,61.320953369140625,2460200
2016-07-27,61.30749222531626,61.30749222531626,60.33884027148514,60.843345642089844,3935200
2016-07-28,60.74917125582089,61.65055684648343,60.60791036897481,61.40839385986328,2853100
2016-07-29,61.576567256159656,62.504855357957055,61.347855469514435,62.188697814941406,3502600
2016-08-01,62.10799053136398,62.390512374564814,62.06090355749718,62.323246002197266,3335100
2016-08-02,62.14160575887819,62.24923603368219,61.213317733116625,61.32767105102539,3877100
2016-08-03,61.11241414244051,61.368033472816194,60.64154453189663,60.971153259277344,3829400
2016-08-04,61.04516820208202,61.15952155544083,60.614657233593654,60.72228240966797,2649700
2016-08-05,60.75590610139507,60.94425397120182,60.54737883583682,60.76263427734375,2941600
2016-08-08,60.72226545024836,61.15278143059136,60.614640304233205,60.87025451660156,2240200
2016-08-09,60.971159278322894,61.19987106323242,60.500289621294975,61.19987106323242,3474300
2016-08-10,61.37478485726877,61.482415179148006,60.93754565580277,61.13262176513672,5302900
2016-08-11,61.1124438769965,61.139351458133,60.11688903542775,60.43976974487305,4788300
2016-08-12,60.574295824426606,61.253692870120894,60.39267097023856,60.695377349853516,2972100
2016-08-15,60.78954391967871,60.998071192339886,60.60791908753953,60.63482666015625,2961400
2016-08-16,60.43302531492426,60.507019860126945,59.82762286449497,59.90834045410156,4166800
2016-08-17,59.854532009433605,60.19759203845605,59.44420047784667,60.15050506591797,5192000
2016-08-18,60.06305424966644,60.33212484102575,59.64599457645478,59.92851638793945,4074800
2016-08-19,59.84781905209665,59.915085439671934,59.37022102858683,59.54511260986328,3284900
2016-08-22,59.69982007916054,59.91507556317623,59.558559148909204,59.86798858642578,3671000
2016-08-23,60.07649901674505,60.21103686402082,59.87469994397259,59.901607513427734,6526100
2016-08-24,60.0563253183432,60.06305349436861,59.302933830524694,59.6392707824707,6064800
2016-08-25,59.800715290594454,60.27158500361612,59.61236740538578,59.90834045410156,3219700
2016-08-26,60.01596481779922,60.385932375150546,58.91950310112962,59.316383361816406,5844000
2016-08-29,59.444189096878375,60.08995536751969,59.43746092149106,59.901607513427734,3318600
2016-08-30,60.029440328747455,60.10343489657908,59.26259220039836,59.78727722167969,3431900
2016-08-31,59.726712080163374,60.04959265593573,59.51145665228373,59.84779357910156,5003000
2016-09-01,59.91508461810964,59.93526402089588,59.39712779557621,59.6998291015625,4098000
2016-09-02,60.04960113564644,60.95098689549353,59.955427193406514,60.217769622802734,4439500
2016-09-06,60.48011618121942,60.688643459564375,59.948703154767735,60.681915283203125,3874300
2016-09-07,60.60119870846922,61.07880176874725,60.39939958602191,61.045166015625,2874200
2016-09-08,60.776094164917545,60.876996290160065,60.237958050449535,60.29849624633789,3123900
2016-09-09,59.612392587424594,59.78056114627099,57.89707123435253,57.9105224609375,7589300
2016-09-12,57.79615019027574,58.86570454379948,57.62125864132354,58.59663391113281,7088200
2016-09-13,58.30401597723309,58.32433485816034,56.99678123936814,57.12546920776367,7223000
2016-09-14,57.27448136270202,57.62669252485292,57.07805690065035,57.308349609375,4781900
2016-09-15,57.288053647949916,57.61316620877689,56.98325480865727,57.525115966796875,4320500
2016-09-16,57.45737921345397,57.60639127631514,57.1322615156141,57.55220413208008,6251400
2016-09-19,57.74185090059159,58.14146944105347,57.68089424224461,58.07373809814453,3407700
2016-09-20,58.3446449904124,58.41915098768621,57.98566436767578,57.98566436767578,3905800
2016-09-21,58.087269029963764,58.818774535793644,57.301571232409444,58.7307243347168,6905000
2016-09-22,59.27260485672129,59.834779661285765,59.123592799763124,59.78059768676758,3575700
2016-09-23,59.61801114497307,60.166646684244874,59.12356789253022,59.96344757080078,4722300
2016-09-26,59.79412938135345,60.247934974388656,59.604479591283166,60.10569763183594,3440200
2016-09-27,60.30211833520342,60.30211833520342,59.367413642191366,59.46901321411133,6479800
2016-09-28,59.563844132992806,60.00410037659922,59.38096385150975,59.956687927246094,2676300
2016-09-29,59.75350366769949,59.794141440176006,58.981354985224215,59.15745544433594,4662800
2016-09-30,59.36742372256335,59.733179143037795,58.744287154748996,58.75105667114258,6718600
2016-10-03,58.25661484959268,58.446264665180614,57.538648189419895,57.6537971496582,10473900
2016-10-04,57.572512643340794,57.599606210575416,56.52943355887074,56.86809539794922,7415500
2016-10-05,56.976474477653575,57.26772389055527,55.655690093186344,55.716651916503906,8125200
2016-10-06,55.43894490663112,56.143362188654606,54.93772680564955,55.736968994140625,6760300
2016-10-07,56.08240469009078,56.64457943637475,55.384756935059784,55.64214324951172,6036800
2016-10-10,55.64216935100134,56.2246684223869,55.64216935100134,55.987606048583984,2818300
2016-10-11,55.91307569758149,56.0417636916873,55.29670862594497,55.44572067260742,4306600
2016-10-12,55.53376559551639,56.16367680782309,55.44571537978923,56.082401275634766,3492600
2016-10-13,55.85889629569132,56.61749566730079,55.68956534058983,56.52267074584961,3633600
2016-10-14,56.4210686266064,56.88841848512113,56.15691278601157,56.272056579589844,3187500
2016-10-17,56.319464472028606,56.739401842257095,56.27205202159734,56.39397048950195,3154000
2016-10-18,56.76649296013825,57.08483589968609,56.56329896744361,56.75294876098633,2533200
2016-10-19,56.76649983836626,56.956149654888286,56.448156860245746,56.874874114990234,2871000
2016-10-20,56.86810378949589,57.11871544771965,56.43461698491501,56.746185302734375,3261100
2016-10-21,56.47524347675956,56.68521731997624,56.28559368358523,56.53620529174805,3193800
2016-10-24,56.793597365790525,57.24063353666602,56.44139127735522,56.66490936279297,3948800
2016-10-25,56.43461554763563,56.63781474291985,56.258509922893985,56.56330871582031,3161400
2016-10-26,56.34655814502266,56.42783367873221,55.438941733899526,55.825016021728516,4093100
2016-10-27,55.723432016470355,55.75052559113835,54.21300269361934,54.36201477050781,5969300
2016-10-28,54.45006199210412,54.95805486191544,54.287505720684294,54.490699768066406,4819100
2016-10-31,54.727749239201366,55.479578852620655,54.50423120979152,55.37797927856445,5009700
2016-11-01,55.13415413403096,55.18156658969961,53.98270066161078,54.17235565185547,7465200
2016-11-02,54.084296263990055,54.24008298829588,53.36633479757036,53.379878997802734,7847600
2016-11-03,53.420523772395896,53.51534867999563,52.95316875096158,52.966712951660156,7221900
2016-11-04,53.09540829593256,53.56276333658706,52.87189021843953,53.38665771484375,4432600
2016-11-07,53.78626522946558,54.341670330081904,53.78626522946558,54.321346282958984,5860500
2016-11-08,54.307807105049264,54.78870624669985,54.050425994291906,54.605831146240234,4023300
2016-11-09,53.30537695869061,54.18589989907868,52.67546566566101,53.77950668334961,10045800
2016-11-10,53.71176092636508,53.73884932158271,52.1403704577379,52.8786506652832,13504700
2016-11-11,52.83123942689201,53.85399948322932,52.79737118074467,53.19699478149414,5066000
2016-11-14,53.10217788762045,54.59906260995566,52.84479158031773,54.456825256347656,6755200
2016-11-15,54.63968271023866,55.093488191812426,53.6304721937738,54.00300216674805,7719900
2016-11-16,54.02334225034186,54.18589849891902,53.44084342807288,53.84723663330078,10337100
2016-11-17,53.82014387978572,54.226537091174,53.224100847587565,53.298606872558594,3645200
2016-11-18,53.366322206345615,53.596609728950185,53.11571063683314,53.45437240600586,3655600
2016-11-21,53.630505356398686,54.01657976368077,53.23088157759308,53.29184341430664,3488200
2016-11-22,53.555982988425995,54.25362554963792,53.39342675269933,54.226531982421875,4226700
2016-11-23,53.75240939182086,54.05043347425496,53.535666013933266,53.996246337890625,6542100
2016-11-25,54.05043819758721,54.61261299189256,54.0097952579774,54.30781936645508,1904500
2016-11-28,54.30779908620945,54.91739127701365,54.27393084377711,54.55841064453125,4065700
2016-11-29,54.61261245464059,55.35767271850524,54.571974683000754,55.0799674987793,3754200
2016-11-30,54.55842462350045,54.89708646432275,54.18589453156808,54.450050354003906,6826400
2016-12-01,54.131701756052145,54.32812622336912,53.346009054353324,53.65080261230469,6361900
2016-12-02,53.887866148044125,54.74807004877221,53.79981593679768,54.185890197753906,3695900
2016-12-05,54.19267782756659,54.65325821098282,54.00302799337822,54.58552169799805,3457200
2016-12-06,54.727760176375455,55.18156584127329,54.52456098765432,54.93772888183594,4024800
2016-12-07,54.978359984717486,56.12303861838329,54.91062865254832,56.03498840332031,5754300
2016-12-08,55.84533700505092,56.57684784136038,55.547318090960566,56.42106628417969,4404200
2016-12-09,56.4549246892271,56.88841140794578,56.231406646508916,56.36009979248047,4506200
2016-12-12,56.20432760928623,56.766502400039805,56.1027280122589,56.73263931274414,3610700
2016-12-13,56.962917011188644,57.0238788258398,56.312686937802134,56.705535888671875,4015100
2016-12-14,56.63782950923684,56.7800669159911,55.3712318858943,55.46605682373047,4857300
2016-12-15,55.41863406613653,55.858895577252035,54.9716030375549,55.140933990478516,3915200
2016-12-16,55.256064098562966,56.333006211716004,55.168008717629164,55.96725082397461,6581100
2016-12-19,56.15690569152972,56.81390528413014,56.15013100818394,56.570068359375,3663600
2016-12-20,56.54299846486694,56.949391749928225,56.3397992385508,56.69878005981445,5193600
2016-12-21,56.69876462618671,57.0712947171718,55.8250164589786,55.838565826416016,4998400
2016-12-22,55.76595034281485,55.93191895708385,55.26112760223288,55.74520492553711,3891700
2016-12-23,55.821254438086896,56.9000579480492,55.66219750405762,55.89040756225586,4504400
2016-12-27,55.97341403992853,56.22236959478439,55.74520390196948,56.00798797607422,3833000
2016-12-28,56.13938870796209,56.13938870796209,55.48933743614441,55.66913986206055,3979500
2016-12-29,55.84892862340888,56.5266367708932,55.634547034022106,56.36066818237305,4259400
2016-12-30,56.42290496619521,57.19051695003348,56.15320402874354,57.07295608520508,6673400
2017-01-03,57.38416330002092,57.39799181996252,56.80326521757551,57.25968551635742,9380300
2017-01-04,57.33575558351121,58.22092858936524,57.280430951633505,58.09645080566406,6598700
2017-01-05,57.882076886947274,58.35232576845764,57.342674844401145,58.283172607421875,8555700
2017-01-06,58.10333889802493,58.573587526458425,57.96503265038661,58.29005813598633,3901200
2017-01-09,58.456057072829495,58.456057072829495,57.74376950277136,57.7645149230957,3546100
2017-01-10,57.79217034434063,57.79217034434063,57.24585147813189,57.27351379394531,3959600
2017-01-11,57.30810846684877,57.370344737182045,56.865521846538776,56.920841217041016,4498000
2017-01-12,56.98305546331238,57.23892259794136,56.429819814951166,57.211265563964844,4670700
2017-01-13,57.20434303631647,57.411802426995244,56.93464213520213,57.128273010253906,3658100
2017-01-17,57.37033684546612,57.61929244465089,57.23203052416257,57.570884704589844,4139200
2017-01-18,57.55014462426699,57.861336514100486,57.41874991360249,57.66770553588867,3317400
2017-01-19,57.4533322881515,57.570893206224824,56.941587216452184,57.079898834228516,3169200
2017-01-20,57.10062942186071,57.5293874114933,56.96923473812466,57.494808197021484,3285400
2017-01-23,57.57779525267529,58.0687894980089,57.39799283397439,57.978885650634766,3165600
2017-01-24,57.97888776088041,58.234760240035115,57.74376597683088,57.99272155761719,4204200
2017-01-25,57.95814058059976,58.20018453171006,57.43948401573039,57.612369537353516,3461500
2017-01-26,57.619300418935914,57.89591837587382,57.41875253205715,57.501739501953125,4093700
2017-01-27,57.66771473027972,57.74378480899827,56.72029983463458,56.941593170166016,2996000
2017-01-30,56.77560309712916,56.89316398320298,56.40908664287115,56.5543098449707,3182600
2017-01-31,56.56814725434248,57.36341646767932,56.56814725434248,56.96232604980469,11091400
2017-02-01,56.90007979604161,57.32192087430584,56.236200052227545,56.27769088745117,4555800
2017-02-02,56.31229531778819,57.00383768677685,56.30537841680442,56.94851303100586,4754800
2017-02-03,57.37032950403204,57.55704881755093,57.024558468972025,57.25968551635742,4165000
2017-02-06,57.32886006943232,57.439504098411135,57.04532518233481,57.16289138793945,2985800
2017-02-07,57.21128163389109,57.41874110326467,56.872422197966586,56.96232604980469,3250700
2017-02-08,57.135222040318205,57.536312531631715,56.91392873350611,57.411834716796875,3316700
2017-02-09,57.411821169813116,57.660776740738854,57.342668017010936,57.550132751464844,2806600
2017-02-10,57.529373458518194,57.99270527420033,57.41872421988277,57.958126068115234,2983800
2017-02-13,58.006547967053926,58.227841222359885,57.66077692588541,57.978885650634766,3968200
2017-02-14,57.84059788709957,57.87517711272077,57.22512565859558,57.67462921142578,2687900
2017-02-15,57.31500221684283,57.570874670310026,56.94156888315301,57.48097610473633,3687300
2017-02-16,57.543210173495105,58.207089871752196,57.48097392493046,57.819828033447266,3097800
2017-02-17,57.95813564186494,58.02037716789019,57.44639601876019,57.93047332763672,2624100
2017-02-21,57.86823937476525,58.732666943535015,57.79216932662973,58.67042541503906,5646700
2017-02-22,58.753416909862715,58.95396475446991,58.17943569350913,58.47679901123047,3464400
2017-02-23,58.63584752060193,58.829478438770714,58.24166878688779,58.781070709228516,3430900
2017-02-24,58.76725846783627,59.078450347365994,58.449144412965886,59.05770492553711,3667400
2017-02-27,59.050764941726456,59.58325518206165,59.00235721770019,59.368873596191406,3326700
2017-02-28,59.36889526377314,59.36889526377314,58.82257630691998,58.96088790893555,5778100
2017-03-01,58.781070709228516,59.119924816023904,58.57360599630663,58.781070709228516,6282800
2017-03-02,58.69807719887117,58.746484922995165,58.26240768175516,58.462955474853516,3060400
2017-03-03,58.4145588833307,58.469883514600774,57.64002987369132,58.23475646972656,4177700
2017-03-06,58.13103279219507,58.15869511196396,57.695363126943114,57.971981048583984,3237400
2017-03-07,57.847486910011945,57.944302363835845,57.418728988758595,57.69534683227539,4658000
2017-03-08,57.356507721883055,57.42566088180917,56.58889551179298,56.63038635253906,4814100
2017-03-09,56.519727219656374,56.85858130580537,55.65529976189613,55.77977752685547,5604300
2017-03-10,56.22237898313609,56.50590852148311,55.30954355491618,55.60690689086914,6278800
2017-03-13,55.669134878154,56.090975949625026,55.55848561794325,55.74520492553711,4691000
2017-03-14,55.68988580928574,55.86968823690688,55.371777068754575,55.73137664794922,4582400
2017-03-15,55.897361129252914,57.14905090883808,55.86278190645996,56.858604431152344,7177800
2017-03-16,56.79632870714099,57.13518800324175,56.644193936128225,56.747920989990234,4456700
2017-03-17,56.98306080139963,57.190520231934954,56.70644295130588,57.01072311401367,4380600
2017-03-20,57.05222462559514,57.21819325630353,56.81710283842889,56.96232604980469,2748500
2017-03-21,57.038408430186614,57.20437709675927,56.62347884968179,56.713382720947266,6969700
2017-03-22,56.77952600955497,56.81435261132208,56.110794669137846,56.682003021240234,4618000
2017-03-23,56.6890039013505,57.559749259771024,56.60541574829119,57.099998474121094,7610200
2017-03-24,57.18355791599641,57.434332878479026,56.967614876205076,57.03727340698242,4399200
2017-03-27,56.953707818644624,57.20448288029804,56.34766720054764,56.52181625366211,4556000
2017-03-28,56.654157138544086,56.84920317916558,56.12474266071004,56.76560974121094,4232100
2017-03-29,56.74469477483528,57.09299268431594,56.57054582009496,57.08602523803711,3123200
2017-03-30,56.99548664733998,57.28109356907398,56.619324155464085,57.19053268432617,4593300
2017-03-31,57.21143442032373,57.74084893183396,57.113911393809516,57.53186798095703,7167900
2017-04-03,57.37164612320507,57.81049968335359,57.343781645871026,57.69904708862305,7469000
2017-04-04,57.615453656620915,58.07520956072419,57.5388276726037,57.69904708862305,5359300
2017-04-05,57.75477938546411,58.10307740038664,57.69208297918297,57.78263854980469,4738600
2017-04-06,57.65725797150274,58.19363995503588,57.42041784394224,58.089149475097656,4711500
2017-04-07,58.22846458435189,58.43047808810843,58.00555404824233,58.1727409362793,4483800
2017-04-10,58.20757589979348,58.6255378652212,58.06825878772235,58.534976959228516,2547800
2017-04-11,58.555854017837426,59.050436505948966,58.472265904954284,58.93898391723633,3864200
2017-04-12,58.91808897488152,59.140999474803806,58.730005085025056,58.834495544433594,3526900
2017-04-13,58.813594893808684,58.96684684955674,58.625516330139384,58.7021369934082,2759500
2017-04-17,58.79270393043384,59.426603531879564,58.73000752634031,59.41267395019531,3875000
2017-04-18,59.363938419192095,59.62864310386988,59.3221443412451,59.572914123535156,2807300
2017-04-19,59.52413401944969,59.71221794073437,59.384816926695905,59.48930740356445,3622900
2017-04-20,59.37782863394887,59.53804801751881,59.071330074561146,59.496253967285156,3109100
2017-04-21,59.461439490376684,59.531098032733354,59.182800006343896,59.28032302856445,3261900
2017-04-24,59.55895483826518,59.59378676225839,58.089136931123186,58.625518798828125,6595300
2017-04-25,58.62552761376549,58.95989075011122,58.52799927484124,58.86933517456055,3412300
2017-04-26,58.827544375673114,58.94596976356375,58.28420021391808,58.430484771728516,4185400
2017-04-27,58.52104069940052,58.66035779558221,58.1657751951487,58.2772331237793,4822200
2017-04-28,58.12398454499613,58.21454013137526,57.462215012726425,57.67119598388672,5983700
2017-05-01,57.921952834391725,58.186657375411166,57.44129994042504,58.012508392333984,6003600
2017-05-02,58.08216336747258,58.228447866550816,57.699038816916705,57.914981842041016,4930000
2017-05-03,57.8871114637211,57.95676998266141,56.95367561779134,57.141754150390625,6207500
2017-05-04,56.78650648771672,56.953693362788904,56.215297951068415,56.86313247680664,8025100
2017-05-05,56.98852261565958,57.39951705932617,56.96065813519014,57.39951705932617,5458100
2017-05-08,57.524886285833496,57.524886285833496,56.675038502672834,56.9954719543457,3940600
2017-05-09,56.988520427524094,57.065146417221385,56.46607339664586,56.68898391723633,5790900
2017-05-10,56.68202439076517,57.3298589514394,56.5427019873584,57.13480758666992,3801400
2017-05-11,56.925834828879765,57.01639040971356,56.35462623257507,56.84920883178711,3542600
2017-05-12,56.84920552306467,56.96762557909504,56.5705660330002,56.619327545166016,3115400
2017-05-15,56.668090408675006,57.274130915421786,56.63326379321534,56.7865104675293,3263900
2017-05-16,56.78650981564988,56.904935187751065,56.22226869438078,56.403385162353516,4338600
2017-05-17,56.36855652311482,56.84920954461256,56.25013645870734,56.63326644897461,7243700
2017-05-18,56.5426818252974,57.09299316465931,56.23618327630669,56.94670867919922,4128200
2017-05-19,56.90492544061228,57.59455395010558,56.668080051585,57.25322341918945,6390100
2017-05-22,57.27413318773437,57.67816020826172,57.23233912168208,57.47614669799805,3433700
2017-05-23,57.594549426982006,57.81049245606729,57.49005897869382,57.5248908996582,2960100
2017-05-24,57.60153840369805,58.02646248818266,57.573673919432686,57.99163055419922,2578500
2017-05-25,58.0891479558302,58.270264428679084,57.87320486698382,57.998592376708984,3146900
2017-05-26,57.977709991597706,58.04736855579758,57.39953381098393,57.580650329589844,3046100
2017-05-30,57.573660682599446,57.69208072754592,57.21839523315429,57.2183952331543,1865200
2017-05-31,57.31591450432276,57.490063493611345,57.03031292548428,57.25322341918945,5515000
2017-06-01,57.09300518568587,57.6224196121089,56.953688117229774,57.55276107788086,6557200
2017-06-02,57.78960909043351,58.27026207741956,57.78960909043351,58.144874572753906,3999500
2017-06-05,57.998590663327526,58.08217879093733,57.6293955941008,57.894100189208984,4919900
2017-06-06,57.928934693122095,57.94286427680733,57.53186981090499,57.61546325683594,4358300
2017-06-07,57.60153648220318,58.12398358688508,57.552774965017136,58.019493103027344,3191200
2017-06-08,58.04037688465002,58.04037688465002,57.36467793320515,57.880157470703125,2963600
2017-06-09,57.880160352568865,58.47923335081566,57.67815218501186,58.28418731689453,4950400
2017-06-12,58.235432043952244,58.82057552297549,58.14487646553718,58.806640625,4049500
2017-06-13,58.778764509868054,58.99471286889532,58.534956989616646,58.93898391723633,2787500
2017-06-14,59.29425502995975,59.419642525920466,58.820569524619906,59.0225830078125,5317300
2017-06-15,58.771812942499025,59.482338602766404,58.7230514296827,59.32212448120117,3757200
2017-06-16,59.398741671412,59.43357359906619,58.911126571889234,59.16886901855469,4497900
2017-06-19,59.168872521503495,59.20369913661352,58.89023302759175,59.17583465576172,4892200
2017-06-20,59.210682421658944,59.377864036877,58.5837447213316,59.03653335571289,3194300
2017-06-21,59.03652233162879,59.20370391562847,58.54193971444996,58.9181022644043,2559700
2017-06-22,58.84147240466432,59.09224742151696,58.60462697114511,58.97382736206055,6220800
2017-06-23,58.995631770586314,59.5160351774238,58.897177217005456,59.1784782409668,3759000
2017-06-26,59.32616250079529,59.81843528885856,59.32616250079529,59.60042953491211,6417400
2017-06-27,59.30507918627115,59.65670421827982,59.03081209053417,59.06597137451172,3925300
2017-06-28,59.2277082721391,59.487907304973,59.02376515441702,59.20661163330078,2956300
2017-06-29,59.01672525210718,59.01672525210718,58.42599796221536,58.53148651123047,3985800
2017-06-30,58.69323096973255,58.988594614678455,58.36270268665811,58.53148651123047,4206900
2017-07-03,58.76353052888207,59.396456195316425,58.629916763178564,59.27690505981445,3169500
2017-07-05,59.382401716991524,59.382401716991524,58.327527249913004,58.44004440307617,5370200
2017-07-06,58.08139223820628,58.34863056766169,57.27265934639225,57.34298324584961,4091400
2017-07-07,57.4836459837548,57.828242301778715,57.26564022917024,57.6664924621582,3249800
2017-07-10,57.793068237826944,57.84932950898933,57.0968524446453,57.13904571533203,4164100
2017-07-11,57.18123925020221,57.23750052162453,56.667869903241446,57.07575607299805,3346600
2017-07-12,57.46254132432384,58.109529861756926,57.34299014432712,57.77900695800781,3189200
2017-07-13,57.821195095573025,58.011070166627654,57.66647929267011,57.87042236328125,2556100
2017-07-14,58.22204798511799,58.531479594899736,58.16578671690861,58.42599105834961,2577600
2017-07-17,58.42598737167306,58.98858392215751,58.31346484235446,58.89716339111328,2730700
2017-07-18,58.918250619787564,59.023739132843836,58.608819078920824,58.77056884765625,3012500
2017-07-19,58.86201715440818,59.23474412523031,58.7354319520502,59.21364212036133,2949700
2017-07-20,59.24878168415452,59.34723620371767,58.91121949896022,58.93935012817383,3140400
2017-07-21,58.98155528810223,59.0518791862416,58.61586243318631,58.89716339111328,2967100
2017-07-24,58.883127909990655,58.953451840557996,58.51743488644531,58.78466796875,2659300
2017-07-25,58.826866931815196,58.91828750550107,58.461173906327666,58.86202621459961,2785000
2017-07-26,58.88310567677941,59.47383290894338,58.749486503393285,59.26988983154297,2976800
2017-07-27,59.058921956001754,59.58635931842649,58.7072970477186,59.34021759033203,2828800
2017-07-28,59.35429071027129,59.53713718065178,59.05892704952873,59.1784782409668,3024500
2017-07-31,59.24176085700282,59.34021539845582,58.79168142025479,59.255828857421875,2967600
2017-08-01,59.4386603228266,59.776222528455634,59.051876219805195,59.52305221557617,3142900
2017-08-02,59.396482222675516,59.396482222675516,58.78465291612584,58.9815673828125,2192000
2017-08-03,58.87609422001098,59.199588594636396,58.65105442177712,58.86202621459961,2032500
2017-08-04,58.84792951907438,59.17142370649267,58.72134437048731,59.05890655517578,2068700
2017-08-07,59.07299008788036,59.15034800412987,58.77059242400614,58.99563217163086,1642700
2017-08-08,58.88308198846857,59.016695742732715,58.56661649966151,58.714298248291016,2324400
2017-08-09,58.756510319575554,58.78463558401056,58.40488549507867,58.51740264892578,4508400
2017-08-10,58.39081107267277,58.49629958148859,58.0954475402832,58.0954475402832,4190800
2017-08-11,58.10951496330172,58.15171358952927,57.47659458894608,57.736793518066406,2692800
2017-08-14,57.97591374534834,58.81277733748177,57.87745920509735,58.700260162353516,2160200
2017-08-15,58.58773830051128,58.58773830051128,58.13765886404463,58.52444839477539,2260000
2017-08-16,58.59476190443374,58.939352738164146,58.59476190443374,58.75651168823242,2945300
2017-08-17,58.68620229479699,58.89717941197334,58.36270798306529,58.390838623046875,2053900
2017-08-18,58.24313229642602,58.334552813896366,57.63130320618034,57.800086975097656,2011600
2017-08-21,57.807127540058666,58.51741129276451,57.71570700371824,58.4189567565918,2487600
2017-08-22,58.42598025329261,58.60179265990552,58.09545207040131,58.25016784667969,1835300
2017-08-23,58.27128151926296,58.91827007713079,58.12359969836077,58.84794616699219,1889800
2017-08-24,58.9674900733711,59.305052311895196,58.62993320021676,58.66509246826172,2012200
2017-08-25,58.854971526106056,59.1643977583578,58.587733195298625,58.94639205932617,2147300
2017-08-28,58.974525051820834,59.03078632007014,58.31346856331608,58.496315002441406,2072000
2017-08-29,58.41192109718524,58.68618806378399,58.369727830129946,58.43301773071289,1401700
2017-08-30,58.33457079720223,58.7705876199336,58.10250243279443,58.763553619384766,2054100
2017-08-31,58.92531133014415,59.26286828650333,58.812788767777036,59.10112380981445,3212700
2017-09-01,59.1151808755773,59.551197715596885,59.03782296258398,59.30506134033203,3385900
2017-09-05,59.36833879371271,59.55118521927089,58.847935514445005,59.1432991027832,3705200
2017-09-06,59.262850962679316,59.69886771633806,59.20659506331167,59.29801559448242,3330500
2017-09-07,59.417560594188835,59.776219412969965,59.32614007250183,59.677764892578125,2313000
2017-09-08,59.5160431261808,59.9450260378069,59.46681584281574,59.727020263671875,2334500
2017-09-11,59.8606056515546,60.33881557633868,59.77621377116854,60.27552032470703,2352600
2017-09-12,60.18412516023646,60.338840990090496,59.34725609804637,59.56526184082031,3991300
2017-09-13,59.57933144955767,59.60746208895982,59.20660986687817,59.410552978515625,1840100
2017-09-14,59.333167272638995,59.9309283252017,59.19251414150355,59.90279769897461,2839400
2017-09-15,59.867630437663685,60.04344281981215,59.48084641615792,60.01531219482422,3172800
2017-09-18,60.001257416690066,60.10674593285684,59.50195082989407,59.69182586669922,3442200
2017-09-19,59.74106098220617,59.75512898107522,59.25582232861431,59.29801559448242,2916500
2017-09-20,59.45273805602336,59.53712996259163,58.876073441232116,59.13627243041992,2741300
2017-09-21,59.129235016684504,59.51601912561405,59.01671249129963,59.023746490478516,6278500
2017-09-22,59.09054020759654,59.31079239502805,58.57189354606965,58.60741424560547,4549600
2017-09-25,58.607412056395866,59.19000462816498,58.607412056395866,58.94844436645508,5536300
2017-09-26,59.06211979322069,59.23973955066268,58.905818959912594,59.04791259765625,3099300
2017-09-27,58.927120405185434,59.04079420801417,58.309001824384815,58.51504135131836,3812800
2017-09-28,58.394271450048144,58.969757712432916,58.394271450048144,58.91291809082031,4114300
2017-09-29,58.8276610889915,59.09764114714254,58.699774657125346,59.033695220947266,4245200
2017-10-02,59.12606411907401,59.154483929956,58.85607862595744,58.94844436645508,4533800
2017-10-03,58.94133900862234,58.998178631302466,58.728198554359025,58.86318588256836,6710800
2017-10-04,58.912897391760744,59.2041962847839,58.70685790120058,59.161563873291016,4137400
2017-10-05,59.239724995346464,59.67311753066151,59.23262410957136,59.374717712402344,3398700
2017-10-06,59.06211393242392,59.23263278542533,58.68556095129663,59.182899475097656,2594800
2017-10-09,59.21129866859396,59.47417776745118,59.147358180520065,59.32497787475586,2248200
2017-10-10,59.50971937499377,59.90758585914684,59.32499332712657,59.50261306762695,6012600
2017-10-11,59.55236481107986,59.88629089386287,59.545258501513466,59.70156478881836,2944800
2017-10-12,59.72285550120987,60.085201263427734,59.63049519420387,60.085201263427734,2787500
2017-10-13,60.3054604412931,60.390719879570916,59.9644335292319,60.241519927978516,2662600
2017-10-16,60.198891939217354,60.3196720760845,59.89338573268433,59.943119049072266,1972300
2017-10-17,59.87919025252336,60.04970375457606,59.765516391330394,60.014183044433594,2191300
2017-10-18,59.94312494169962,60.17047804189768,59.82944568133785,59.950225830078125,1935900
2017-10-19,59.935999351579156,60.063885768082756,59.56654729478041,59.772586822509766,1838700
2017-10-20,59.72285787737018,59.751277685392886,59.204211287397186,59.43156433105469,2929900
2017-10-23,59.50262738241184,59.559467013971926,59.133180618322456,59.204227447509766,2618800
2017-10-24,59.090536390382354,59.282368753478025,58.64293657736666,58.848976135253906,2521400
2017-10-25,58.6003114628191,58.87739784465163,58.27348634630025,58.67845916748047,3490900
2017-10-26,58.83475827203805,58.969751002877395,57.98218572695306,58.19533157348633,3916400
2017-10-27,58.15981770926938,58.60741757663972,57.79036555352941,58.45821762084961,2979900
2017-10-30,58.159826411800346,58.64295247354134,58.159826411800346,58.40849304199219,3061000
2017-10-31,58.41559888004028,58.50795922178713,57.8969466950902,58.40138626098633,4422700
2017-11-01,58.50084749097978,58.81346003488538,58.365860145632276,58.68557357788086,3507700
2017-11-02,58.86318069111322,59.42445971939656,58.7779266851368,59.182899475097656,5159300
2017-11-03,58.89160159466238,59.26105369584211,58.63582873093007,59.033695220947266,2458400
2017-11-06,59.08343116869379,59.59497145153007,59.04790505353438,59.43156433105469,3156300
2017-11-07,59.45999718208234,60.10653033971743,59.452890873386814,59.914703369140625,3992500
2017-11-08,59.872079478236806,60.248638005461544,59.84366508045201,60.213111877441406,2058200
2017-11-09,59.992843703937204,60.63937672363657,59.829431161955426,60.27703094482422,3856400
2017-11-10,59.97155279860616,60.539932915054834,59.8578735230007,60.340999603271484,3657400
2017-11-13,60.376504321963765,60.73174380147031,60.284138588156516,60.646484375,3487200
2017-11-14,60.47596202308936,60.68910242704301,60.41201610753682,60.51858901977539,4039200
2017-11-15,60.42623716514373,60.53280467175244,59.87205902815724,59.90758514404297,5171100
2017-11-16,59.75839318478365,60.468872233067344,59.75128687655382,60.40492630004883,5137200
2017-11-17,60.25571788045653,60.44044392479105,60.070997256646216,60.14204406738281,2782600
2017-11-20,60.18467470072649,60.24151432095464,59.86496132286104,59.96442794799805,3613800
2017-11-21,60.13492010329243,60.44753248337303,60.04255981850617,60.41200637817383,3056900
2017-11-22,60.29834986636249,60.48307048883422,60.12783101720129,60.27703094482422,2347400
2017-11-24,60.326772073603,60.45465308477317,60.30545315121692,60.355186462402344,1255000
2017-11-27,60.41915150745481,60.42625781716554,60.049699289861934,60.07101821899414,2218000
2017-11-28,60.04257259597489,60.120725707626555,59.53102692717264,59.8436393737793,2946800
2017-11-29,59.69444466451861,59.99995085886051,59.5097240227489,59.86496353149414,4633900
2017-11-30,60.05680307544667,60.14206252681384,59.77971663416073,59.95733642578125,4849800
2017-12-01,60.02837944150562,60.326784792054085,59.573673237511,60.09942626953125,4664700
2017-12-04,60.220187835595986,60.461748038700755,59.786795310709564,59.801002502441406,4484100
2017-12-05,59.50261749148582,59.89338311784875,59.28947161882883,59.30368423461914,4372600
2017-12-06,59.21132675085051,59.52393929553612,58.9697664539756,59.24685287475586,3967900
2017-12-07,59.396038055419915,59.45287767131176,59.0479048939996,59.39603805541992,4049100
2017-12-08,59.63051795473231,59.80813775021042,59.36053781699494,59.70156478881836,3448600
2017-12-11,59.71575403998559,59.78680084626961,59.566548700108136,59.694435119628906,5326200
2017-12-12,60.00705797984791,60.149157037586214,59.49551221303962,59.98574447631836,4732000
2017-12-13,60.120727377173694,60.369393911823636,59.971527456383726,60.085201263427734,3887100
2017-12-14,60.120751545917095,60.305472234187434,59.95023263601603,60.07101821899414,4901000
2017-12-15,60.1491632501032,60.56834331754548,60.12784432384692,60.44756317138672,4909500
2017-12-18,60.575425578989766,61.20064498783944,60.56831927305874,60.84540557861328,5169400
2017-12-19,60.86673024714862,60.8809428616192,59.4457723494464,59.552345275878906,5259200
2017-12-20,59.580771212461826,59.744178352011225,58.856079574602155,58.86318588256836,7831900
2017-12-21,59.125807652781646,59.125807652781646,58.57026555263995,58.635196685791016,4701300
2017-12-22,58.671266969732,59.125801366979864,58.59911943906621,59.03922653198242,6484400
2017-12-26,59.05365039569544,59.493757462969874,58.93099905025921,59.33502960205078,2874500
2017-12-27,59.75351670776384,59.75351670776384,59.385557020725265,59.52985763549805,4341500
2017-12-28,59.443259447822825,59.9050102676693,59.38553921921603,59.8472900390625,3172900
2017-12-29,59.96272586721515,60.08537721515806,59.77513789097663,59.868934631347656,2957300
2018-01-02,59.91222704656257,60.006018290256435,59.45047622383216,59.6452751159668,4639500
2018-01-03,59.688570306979116,59.83286538037385,59.34947082954687,59.47212219238281,5516900
2018-01-04,59.48653386905422,59.50818307842934,58.43316469741204,58.44759750366211,4734100
2018-01-05,58.56303814580858,58.606331064280624,58.32494635997389,58.476463317871094,5742900
2018-01-08,58.555840026962706,58.880506711597086,58.46925967562477,58.77949905395508,4763200
2018-01-09,58.801141136212486,58.967085428885554,58.000290798168756,58.021934509277344,4631000
2018-01-10,57.791040965828856,57.88483769056665,57.07677120064687,57.37257766723633,6244400
2018-01-11,57.50967464638744,57.6684025195497,57.120071368035646,57.177791595458984,5067100
2018-01-12,57.019076011560216,57.17058751282372,56.6150453415242,56.7160530090332,5154600
2018-01-16,56.92526835007879,57.740545861379864,56.80982790360954,56.82426071166992,5760800
2018-01-17,57.06234148962098,57.28600595693196,56.78096230915184,57.2210693359375,5560300
2018-01-18,57.004624124014924,57.06955523748518,56.43464938626443,56.48515319824219,4548200
2018-01-19,56.578964837304966,56.795412969322534,56.4202369410927,56.7881965637207,4546800
2018-01-22,56.87476466817487,57.336515446159645,56.809828040753295,57.307655334472656,4767400
2018-01-23,57.567400887707585,58.115732096504196,57.47360963672445,58.10129928588867,4599700
2018-01-24,58.0219186949419,58.1590028339387,57.59624448048237,57.79825973510742,6242500
2018-01-25,57.69724655151367,57.7982541690991,57.32207068233722,57.69724655151367,4765000
2018-01-26,57.6972583489871,57.77662227967512,57.16336004622509,57.495243072509766,4966400
2018-01-29,57.34373767520789,57.35094857548452,56.68718245276871,56.72325897216797,5280200
2018-01-30,56.470737917132666,56.70161334418025,56.21821877887818,56.312015533447266,6937600
2018-01-31,56.470743524451706,57.343746996181274,56.29037190714484,57.32209777832031,8845500
2018-02-01,57.06235387904208,57.531321116480804,55.98734073808558,56.088348388671875,7313200
2018-02-02,55.66989522290284,55.987345506997904,55.150424115923244,55.61217498779297,11151800
2018-02-05,55.33799690560327,55.94404825882155,53.88781340853449,53.9599609375,8861900
2018-02-06,53.06530920179062,54.25575696066285,52.733420724653726,53.967166900634766,12554100
2018-02-07,53.952759327153544,54.7752534927971,53.70024015428142,53.7363166809082,7480000
2018-02-08,53.49821977060191,54.06097830407357,52.141821762229576,52.192325592041016,11116900
2018-02-09,52.51700032069042,53.92389672223086,51.98310187914493,53.49822235107422,12718500
2018-02-12,53.81565819268419,53.84451830400076,52.026375327084125,53.51985168457031,15209300
2018-02-13,53.39722800805121,54.046567087875715,53.043695589615155,53.895050048828125,8766100
2018-02-14,53.433271468809004,53.57035562174007,52.78393822851186,53.50542449951172,8225700
2018-02-15,53.58479517744843,54.11869910330898,53.43328368643546,54.02490234375,7359200
2018-02-16,54.190826239974754,54.59485673053478,53.98159459179114,54.32069396972656,7002400
2018-02-20,54.1547631768155,54.60208669136684,53.613648419239,53.678585052490234,5766000
2018-02-21,53.67859363505775,53.77238489307903,52.61800765991211,52.61800765991211,7852900
2018-02-22,52.87051536013534,53.613645370900585,52.762291313872595,53.21683120727539,7412700
2018-02-23,53.41162496977269,54.08260738691295,53.33226104375049,54.068180084228516,6884100
2018-02-26,54.33513863515107,54.371215156695605,53.85174407167871,54.219703674316406,6336100
2018-02-27,54.32791335885494,54.36398436635045,52.94265566385846,52.957088470458984,7635400
2018-02-28,53.14468501023023,53.64250682831302,52.92102050781249,52.9210205078125,9175500
2018-03-01,52.8055769114985,53.606427036468155,52.545841438291966,52.97151565551758,8794700
2018-03-02,52.71899950059172,53.00759509838998,52.39433289338318,52.94987487792969,8408100
2018-03-05,52.80557615759623,53.801225121004514,52.76949964619259,53.5487060546875,5558100
2018-03-06,53.63530233053107,53.91668712213533,53.16634052170233,53.801246643066406,6039100
2018-03-07,53.55593192283643,54.17640509351357,53.527071809513615,54.13311767578125,9868300
2018-03-08,54.25576693801248,54.36399098267612,53.95996042073567,54.23412322998047,6381300
2018-03-09,54.234118120832804,54.529930114746094,53.880591412439045,54.529930114746094,6293400
2018-03-12,54.56601507059195,54.897898157823704,54.385643468541794,54.768035888671875,6661400
2018-03-13,54.94839114199934,55.200910208837,54.630935455401804,54.81852340698242,4877100
2018-03-14,54.768029982279145,55.085480224589354,54.63816222262829,54.86903762817383,5945100
2018-03-15,54.962830682447425,55.05662192687079,54.56601098584078,54.85460662841797,5680500
2018-03-16,54.78968144644395,55.30915255857372,54.667024569493286,55.23699951171875,4951000
2018-03-19,55.164841415519305,55.179274223930946,54.414495008718056,54.76081085205078,3999400
2018-03-20,54.72471927482811,55.10710602494675,54.36397622686681,54.57320785522461,5677000
2018-03-21,54.50828887436312,54.724731448587264,53.88059384965617,54.169189453125,5905400
2018-03-22,54.03932595876443,54.81131609369662,53.83009426739915,53.85173797607422,5605700
2018-03-23,53.83730929751466,53.988820758876365,52.75507985535653,52.89215850830078,9530900
2018-03-26,53.20249460326334,53.58859973357414,52.94752004155136,53.493896484375,6979200
2018-03-27,53.56673779758402,54.40451600003547,52.94022578935269,53.69786834716797,9132000
2018-03-28,53.887300494486816,55.147605997874905,53.79259166563382,55.045616149902344,8917300
2018-03-29,55.1986040673634,55.32973467337632,54.754222880462564,54.98005676269531,5993400
2018-04-02,54.88534301802783,55.12575003388144,53.872725590313216,54.236976623535156,6487700
2018-04-03,54.32439291158975,54.94361848851584,53.9674284944489,54.69593048095703,9987300
2018-04-04,54.38996326892604,55.43171581775491,54.26611370190678,55.27145004272461,5502800
2018-04-05,55.30787332428932,55.3588682445666,54.776069949687574,55.24959182739258,4195900
2018-04-06,55.12573719747701,55.548269631552024,54.652209852946626,54.83433532714844,4817500
2018-04-09,54.87077401226841,55.09660786849348,54.57209106287684,54.659507751464844,4466300
2018-04-10,54.89260956500727,54.99459937245167,54.51379107421776,54.6012077331543,7318500
2018-04-11,54.49924345988978,55.133042324267635,54.44824853227526,54.717796325683594,3892500
2018-04-12,54.80520169272177,54.812482710115376,53.945569207850006,54.1058349609375,4049600
2018-04-13,54.05484543620141,54.43366958350761,53.974709772656986,54.38996124267578,3817100
2018-04-16,54.45553460654436,54.90720793126209,54.32440399988632,54.72508239746094,4279000
2018-04-17,54.848921727023765,55.67212706838127,54.68136380474989,55.36615753173828,4503600
2018-04-18,55.49728541018899,55.57013450229518,55.24231080880258,55.24959182739258,4122900
2018-04-19,55.06746396630383,55.1257454607115,54.06213319890308,54.448238372802734,6917900
2018-04-20,54.38996238197377,54.6085096487399,53.87272106716007,53.94557571411133,5171200
2018-04-23,53.96744262836928,54.185989946741195,53.66147304783028,53.90187454223633,4325700
2018-04-24,53.945569207850006,54.33167433479581,53.799865489549724,54.1058349609375,5852200
2018-04-25,53.930992325051676,54.207826591651376,53.58131454138533,54.003841400146484,4055400
2018-04-26,54.16412231259654,55.01646831432949,54.091273224573314,54.71049880981445,5551000
2018-04-27,54.68135204296956,55.83238640431488,54.61578953837537,55.65026092529297,6278700
2018-04-30,55.672120092069,55.8833863336666,55.41714551015088,55.43171310424805,6625500
2018-05-01,55.42442664912875,56.043652161049884,55.322436826366605,55.93437576293945,5251600
2018-05-02,55.810543386265635,55.97081472910941,55.242312667477464,55.73040771484375,5361800
2018-05-03,55.55556955646069,55.927101611329014,55.482720460880415,55.6939811706543,5839500
2018-05-04,55.66485875125801,56.451636945294425,55.66485875125801,56.305938720703125,3746600
2018-05-07,56.3860704113373,56.75032150500481,56.349643078758305,56.68475341796875,4670300
2018-05-08,56.67746147118724,56.67746147118724,56.21850162450818,56.40062713623047,4311600
2018-05-09,56.28407920907331,56.79402850484866,56.21123010368118,56.77946090698242,4685300
2018-05-10,56.99072216936757,57.33311349027089,56.87415916461157,57.22384262084961,3664000
2018-05-11,57.252971606037654,57.456956842242434,56.939721070289266,57.027137756347656,2694500
2018-05-14,56.983433957543916,57.10727797802233,56.26949946896689,56.53904724121094,3536200
2018-05-15,56.25492298202309,56.25492298202309,55.45357192706565,55.621124267578125,5134300
2018-05-16,55.73042690028998,55.9125524783955,55.37346232345199,55.45359802246094,4400400
2018-05-17,55.431728651233826,55.621140775795745,55.060196538247354,55.176753997802734,3998100
2018-05-18,55.24231080880258,55.45357706653116,55.00190380262562,55.24959182739258,3343800
2018-05-21,55.37343956294206,55.99995173874815,55.07475106976575,55.905242919921875,3671500
2018-05-22,55.89796158146247,56.058227354655926,55.67212217927173,55.98537826538086,3470800
2018-05-23,55.94896183116209,56.721172255514794,55.94167525413147,56.54633331298828,3983200
2018-05-24,56.560890551637854,56.779443358297115,56.123790496348086,56.42975997924805,3173500
2018-05-25,56.48076490882712,56.837729368844435,56.40062923604348,56.626468658447266,3597300
2018-05-29,56.48804817884795,56.99071635905781,56.32777684266339,56.8960075378418,4611800
2018-05-30,56.85958662314395,57.84306326861567,56.69931528455769,57.6682243347168,4901800
2018-05-31,57.48609262198466,57.69007228253094,57.252966657898746,57.471519470214844,5430500
2018-06-01,57.25296644917657,57.864910986613395,57.13640902558743,57.72649383544922,7233800
2018-06-04,57.84306653798297,58.24373934906568,57.63180026681726,58.22917175292969,5391500
2018-06-05,58.44043433784372,58.4987158347711,57.95962032523704,58.0761833190918,5543000
2018-06-06,58.07618244576131,58.214599609375,57.784780523535886,58.214599609375,4006100
2018-06-07,58.22188062785934,58.367584367986744,57.864916191098615,58.214599609375,3353300
2018-06-08,58.25829378698381,58.47684100699143,58.12716323176803,58.425846099853516,2773200
2018-06-11,58.36030555991886,58.47686300950658,58.22917495536385,58.33845138549805,4168300
2018-06-12,58.302005239990905,58.84109508116474,58.14902051038867,58.6881103515625,3287900
2018-06-13,58.68812049882862,58.79011033619764,57.41324197368653,57.54437255859375,7230900
2018-06-14,57.733790992568565,58.28745414066996,57.733790992568565,58.090755462646484,4458200
2018-06-15,58.076171641811456,58.46956332992845,57.9377545039476,58.054317474365234,11131800
2018-06-18,57.92345632507192,58.1219785505836,57.67347202279153,58.07051086425781,6391600
2018-06-19,57.89404079576695,58.29107960553908,57.89404079576695,58.01168441772461,11275400
2018-06-20,58.05580468605819,58.739592891494944,58.01904525711221,58.658714294433594,7327500
2018-06-21,58.82047433969002,59.01164245197013,58.541079106017214,58.93811798095703,3719700
2018-06-22,59.06311576870137,59.4380922894539,58.79842316019483,59.40133285522461,4391700
2018-06-25,59.29836250164783,59.48217639309152,58.886615570316685,59.24689483642578,5904500
2018-06-26,59.36454013146096,59.680700288118615,59.09249912868831,59.43806457519531,3751000
2018-06-27,59.592484009730455,59.74688705244846,59.19544521007423,59.210147857666016,4559900
2018-06-28,59.210158751189994,59.813068385393926,59.14398841051814,59.73954391479492,3896700
2018-06-29,59.62927340460199,60.14395608191045,59.2763535894481,59.88661193847656,5235400
2018-07-02,59.93803648352817,59.95274473747769,58.879272190929406,59.55570602416992,7926500
2018-07-03,59.58513488822789,60.423326110307265,59.43808035217021,60.00423049926758,7325300
2018-07-05,60.18070221299662,60.746852471855306,59.95277464905922,60.71744155883789,7214700
2018-07-06,60.87183362376981,61.14388031275656,60.83506858676506,61.04093933105469,7887400
2018-07-09,61.12180852220416,61.12180852220416,60.24685799357045,60.5556640625,6621300
2018-07-10,60.665953786241595,60.82771094952534,60.31302855639013,60.68065643310547,4561900
2018-07-11,60.607139363815165,60.81301010232926,60.42332540306231,60.482147216796875,5127900
2018-07-12,60.67329929343557,60.76888612675318,60.34979059248134,60.665950775146484,4042100
2018-07-13,60.69537208441702,60.952710507559644,60.438028051717495,60.482147216796875,5013800
2018-07-16,60.37185140170684,60.438021728067135,59.82040957714581,60.158626556396484,3023900
2018-07-17,60.25422061625757,60.33509921651221,59.695430153935064,59.761600494384766,4031200
2018-07-18,59.67335260593101,59.8865718128793,59.224846200449704,59.49688720703125,5185600
2018-07-19,59.46749665471093,60.40127481233627,59.29839093484829,60.195404052734375,4358700
2018-07-20,59.989520348409535,60.143929008788255,59.45278673501287,59.61454391479492,3265500
2018-07-23,59.58512514042812,59.688060494050355,59.13661869555009,59.48954391479492,4379600
2018-07-24,59.474829088763464,59.57776443101465,59.04103094778422,59.188079833984375,4174900
2018-07-25,59.21751606122398,59.761603904344376,59.10722654462392,59.658668518066406,4521400
2018-07-26,59.73954172747253,60.15863736505528,59.59249279165861,59.85718536376953,4385400
2018-07-27,59.967453313098325,60.00421834205317,59.15867316209419,59.21749496459961,4788000
2018-07-30,59.195448628223076,59.393965234735965,58.81311245408123,59.25426483154297,4002000
2018-07-31,59.43808971116492,60.51891688075648,59.43808971116492,60.24687576293945,5737300
2018-08-01,59.8130425383457,60.68064437943476,59.65128540719357,60.67329025268555,7798900
2018-08-02,60.548328805160345,60.776261973362146,60.298344464655216,60.43069076538086,4748200
2018-08-03,60.46008618951267,61.11446339503447,60.401264379912476,61.085052490234375,4342700
2018-08-06,61.1144704114765,61.3056329002894,60.85712636731956,61.004180908203125,4655000
2018-08-07,61.11446172666572,61.30562418831304,60.58507667382869,60.893882751464844,3047100
2018-08-08,60.857118615221125,60.87918100071118,60.40126362044267,60.540958404541016,2415400
2018-08-09,60.54097025436383,60.768903405923375,60.43068635310966,60.57038116455078,3720900
2018-08-10,60.65123865669999,60.65859278407665,59.99686155906652,60.10715103149414,4524100
2018-08-13,60.04097141253482,60.18066615371714,59.83509514477061,59.989498138427734,2755400
2018-08-14,59.98215938745114,60.43801431640293,59.98215938745114,60.28361129760742,3249400
2018-08-15,60.320376532088396,60.820350617807534,60.15126525784348,60.746826171875,5202600
2018-08-16,60.75418465679182,61.24681030542424,60.702716975239966,61.23945617675781,3329800
2018-08-17,61.107116007048205,61.812960971441385,61.107116007048205,61.805606842041016,4698400
2018-08-20,61.8864832425022,62.16588405423849,61.7614910949133,61.84972381591797,4629200
2018-08-21,61.76148072850178,61.87177020885673,61.32768254454322,61.4747314453125,3149000
2018-08-22,61.415922622607816,61.496801217992946,60.9012457515726,61.129173278808594,2954900
2018-08-23,61.13650000767711,61.24678946191354,60.952686120467945,60.9747428894043,2528800
2018-08-24,60.97476725392839,61.34239517524484,60.8791860138266,61.33504104614258,3897100
2018-08-27,61.38650102898163,61.43796870712634,60.90858366932003,61.11445999145508,4479000
2018-08-28,61.20270560556471,61.94531570877339,61.04094839401847,61.93796157836914,4653100
2018-08-29,61.93059520224341,62.08499823886928,61.81295158792487,61.95265197753906,3564900
2018-08-30,62.01882359092933,62.03353184780263,61.5041467914918,61.55561447143555,2968300
2018-08-31,61.5997260963299,61.93059455095403,61.55561254620251,61.798248291015625,3305800
2018-09-04,61.65856671609383,61.8129697982073,60.989481084044186,61.063011169433594,4718600
2018-09-05,61.04093820336434,61.629145127231155,60.71742944383886,61.41592025756836,5407700
2018-09-06,61.51148849195758,61.761472712732115,61.49678023805598,61.59236145019531,3760300
2018-09-07,61.43064542682224,61.43064542682224,60.857140993874616,60.923316955566406,4234400
2018-09-10,61.21007237474543,61.54093538700152,61.10713696606314,61.195369720458984,3089200
2018-09-11,61.03359284727669,61.393866661801646,60.93800599169856,61.18799591064453,3980300
2018-09-12,61.202676084664866,61.37178734504513,61.01151366282394,61.217384338378906,2827800
2018-09-13,61.47471199664241,61.70999352917115,61.27618987289847,61.51882553100586,3813600
2018-09-14,61.43063088152721,61.48209856863073,60.68802087369882,61.129173278808594,5215800
2018-09-17,61.121825190284596,61.45269373398599,60.93066268189648,61.327701568603516,4414700
2018-09-18,61.24680561858638,61.415911298077624,60.930645424802584,61.0335807800293,8039400
2018-09-19,61.06300647411948,61.085063254217125,60.22481517306424,60.320396423339844,4410600
2018-09-20,60.327745232813484,60.92330068115661,60.121868881091295,60.88653564453125,4308300
2018-09-21,60.79831254081832,61.18064314296977,60.71007981283382,60.86448287963867,7292200
2018-09-24,60.7183361930673,60.84507987755643,59.52543705760721,59.7714729309082,4111200
2018-09-25,59.78638784797293,60.10697849814495,59.70437588945232,59.7789306640625,4781800
2018-09-26,59.771504045719546,59.853516046178925,59.033401729752725,59.06322479248047,8971900
2018-09-27,59.361441472982094,59.62238612533661,59.18250312151031,59.346527099609375,4942200
2018-09-28,59.42855116746763,60.1517448425293,59.368905038187336,60.1517448425293,6092300
2018-10-01,60.09206783331506,60.25609176046376,59.585087371294115,59.59254455566406,7215600
2018-10-02,59.60746453662817,59.78640286643992,59.36888578504529,59.45835494995117,5746700
2018-10-03,59.45835886940305,59.65965739350307,58.4816779295045,58.82463455200195,7104300
2018-10-04,58.58604313395058,58.63823205027502,57.952318953392336,58.332550048828125,6759300
2018-10-05,58.34747943573383,58.66807020085966,58.265467447806294,58.30274200439453,4971600
2018-10-08,58.39220144468889,59.36888226225166,58.30273228509188,59.14521789550781,5246900
2018-10-09,59.160134400803706,59.48818234120493,58.869366703872274,59.227237701416016,5852000
2018-10-10,59.08557526812798,59.41362318446702,58.332558772970685,58.34747314453125,8837400
2018-10-11,58.444391481071776,58.444391481071776,56.61031633557581,56.67741394042969,12471700
2018-10-12,57.2887768915693,57.460258042371784,56.200260938959794,56.5283088684082,10167900
2018-10-15,56.505939929191975,57.437889052536285,56.46120819148458,56.90854263305664,8526800
2018-10-16,57.01291352102526,58.190898434311684,56.75196893597203,58.079063415527344,5315400
2018-10-17,58.01943169128477,58.153632609448636,57.44535346190795,57.85540771484375,5088900
2018-10-18,57.847927164654486,58.287809986374654,57.57207394129394,57.74354934692383,6818700
2018-10-19,57.78083900874519,58.429477571808704,57.78083900874519,58.24308776855469,5357300
2018-10-22,58.295279003063726,58.586046652644214,57.43042755126953,57.43042755126953,7499300
2018-10-23,57.23658927905637,58.049251935251455,56.990559014489484,57.683929443359375,6988400
2018-10-24,57.833034414516526,58.735160480897186,57.72119938238407,58.228179931640625,6016200
2018-10-25,58.302723801011574,59.29431884496207,58.049236417955626,58.97372817993164,6215700
2018-10-26,59.033392398779306,59.033392398779306,57.16949393416537,57.55718231201172,11721400
2018-10-29,57.94486994127398,58.69042924429981,57.922504072289776,58.28782653808594,7159600
2018-10-30,58.377280961211675,59.5328941761956,58.228165725360284,59.0855598449707,9053000
2018-10-31,59.063197218266524,59.18248372531984,58.28035782960029,58.39219284057617,8322000
2018-11-01,58.43692546361015,58.78733918221789,58.17598089278472,58.668052673339844,6062700
2018-11-02,58.77989667586021,58.79481104829739,57.519905236907704,58.18345260620117,7609100
2018-11-05,58.30273100359524,59.24213725013541,58.287822321406324,59.04829025268555,6753000
2018-11-06,59.107948319147134,59.368892971501644,58.958838714420786,59.346527099609375,4127900
2018-11-07,59.60746182490556,60.07716780908541,59.28687110878513,60.05480194091797,7559200
2018-11-08,59.957874999844975,60.144264816945835,59.60746123358883,60.09953308105469,3559700
2018-11-09,60.032440674544674,60.293391016335825,59.76404452236455,60.09208679199219,3388500
2018-11-12,60.174092134160134,60.7108957555547,60.047348414710356,60.21137237548828,4969800
2018-11-13,60.256122724685824,60.487244365437014,59.78642225498143,60.1517448425293,4882600
2018-11-14,60.233730793707565,60.39029754921827,59.71929310548274,60.00260925292969,4545800
2018-11-15,59.823666077647204,59.853489126961975,58.99609494569881,59.59254455566406,6413700
2018-11-16,59.480732743190856,60.323218572490134,59.421086621296396,60.23374938964844,4347600
2018-11-19,60.338119807674204,60.75563123304205,59.9504314395707,60.31575393676758,7117500
2018-11-20,60.01752064210021,60.49467811513321,59.68947274632786,59.696929931640625,5295700
2018-11-21,59.68946126614112,60.24863060557112,59.44343107979707,59.749107360839844,4139600
2018-11-23,59.55528036337754,59.90569417700479,59.27942703720283,59.62984085083008,2815500
2018-11-26,59.846035091090556,60.00260753027161,59.465803990694674,59.74165725708008,4422200
2018-11-27,59.689458122575,60.00259725916936,59.45087944450962,59.995140075683594,5183600
2018-11-28,60.017502900842494,60.58412936563577,59.75655837368904,60.53194046020508,8681300
2018-11-29,60.494689883686696,60.84510371540059,60.1368245533762,60.546878814697266,5681000
2018-11-30,60.69598783001426,61.17314534650996,60.487226439401894,61.12095642089844,6641000
2018-12-03,61.49371201965211,61.553352419748165,60.807793380988954,61.448974609375,7407000
2018-12-04,61.396815530264156,61.60557125242232,60.38285428992434,60.53942108154297,9346700
2018-12-06,60.20390791464651,62.11253772615484,59.65964717312065,62.03798294067383,15059500
2018-12-07,61.83668103159066,61.94851035954543,60.99419550656332,61.22532272338867,9987800
2018-12-10,61.26258383411382,61.31477273843525,60.07714771245681,60.83015823364258,5804300
2018-12-11,61.1805989906541,61.426634943525315,60.8600082397461,60.860008239746094,5108800
2018-12-12,61.225321824919746,61.32224247044666,59.838581296978624,59.92059326171875,6943900
2018-12-13,59.9953053704003,60.73468669768026,59.94249282960425,60.26691436767578,6131600
2018-12-14,60.04054457423676,60.364965935078786,59.78402254755297,60.09335708618164,10390400
2018-12-17,60.16126665142548,60.34988361989533,57.69415923653842,57.82996368408203,20329300
2018-12-18,58.46373008226792,58.8183310019096,58.14685486919289,58.42601013183594,9575700
2018-12-19,58.44107611183937,58.84848942164824,57.550803862138366,57.78468704223633,10760000
2018-12-20,57.70923323103101,57.882763336141494,56.50208605243129,56.91704559326172,13284100
2018-12-21,57.04531824236443,58.109114985617964,56.072053962967985,56.1248664855957,16609300
2018-12-24,55.89098827569481,56.079605267103496,54.08026400694464,54.12553024291992,9335800
2018-12-26,54.23869233165581,55.93624496459961,53.62757522575854,55.93624496459961,16977000
2018-12-27,55.52128616480051,55.98905830271294,54.33677187382611,55.9286994934082,12102300
2018-12-28,56.517188869075135,56.720892653939835,55.679729103047116,56.10977554321289,12729300
2018-12-31,56.06451405008546,56.3738486864753,55.30250553064817,56.260677337646484,15750600
2019-01-02,55.49865897177107,55.60428402125759,54.72155792649161,55.03843307495117,12880400
2019-01-03,54.90263679800378,56.260681573939245,54.857370557517385,55.423221588134766,12264300
2019-01-04,55.634466824690875,56.600184911013535,55.30250483010111,56.072059631347656,9389000
2019-01-07,56.28330777753313,57.04532201683831,56.132416490365244,56.62282180786133,9227900
2019-01-08,56.98498228638197,57.935613831123604,56.83409094867371,57.79226303100586,10761000
2019-01-09,57.928047798224874,57.9959529063496,57.15849302832415,57.709251403808594,6434200
2019-01-10,57.52818597832791,58.659887997573705,57.399927797618915,58.49390411376953,8671800
2019-01-11,58.4410890017017,58.72024422632665,58.16948006858927,58.65988540649414,5141900
2019-01-14,58.47126089015119,58.80322860039337,58.22983139801138,58.463714599609375,4934500
2019-01-15,58.54670381942664,59.16536722418049,58.5240707049811,59.02202224731445,5377200
2019-01-16,59.006953656953435,59.64825043688016,58.92396169948978,59.4370002746582,6164000
2019-01-17,59.32379442025662,59.7538407880109,59.203082578919,59.72366714477539,4327000
2019-01-18,59.97266110603546,59.98020739792887,59.467168915726376,59.92739486694336,6397100
2019-01-22,59.799150433752565,60.010400606262806,59.28611183359819,59.746337890625,6062600
2019-01-23,59.851937351005205,59.90474987152085,59.36153208556964,59.75385284423828,3972000
2019-01-24,59.58032756456999,60.09336593737122,59.3690774856753,59.95756149291992,4142500
2019-01-25,60.16125769354154,60.74974162656217,60.048086378083994,60.70447540283203,5713400
2019-01-28,60.59132012505944,61.36088066895707,60.40270313474994,61.30052185058594,5471200
2019-01-29,61.20997380142728,61.81355037602275,61.089261940187875,61.78337097167969,4832200
2019-01-30,61.80600784182335,62.507663206073374,61.73810849502488,62.28132629394531,6635900
2019-01-31,62.20588901037278,62.97544965211109,61.700396793547974,62.93018341064453,13041700
2019-02-01,62.990529882227186,63.18669316825807,61.655124093638726,62.530303955078125,16142500
2019-02-04,62.51521455226564,62.99807357788086,62.017262944274776,62.99807357788086,13612800
2019-02-05,63.058422137748494,63.39793035623732,62.666095645670204,63.36021041870117,10279100
2019-02-06,63.12631448149622,63.292298305427664,62.74154007816284,62.94524383544922,8419900
2019-02-07,62.75664906143431,63.541296479562035,62.55294523221433,63.465850830078125,8823200
2019-02-08,63.22442129804914,63.71482089776164,63.111249945756214,63.465850830078125,6853900
2019-02-11,63.56391670102985,63.760079954791784,63.34512033262863,63.63936233520508,4999200
2019-02-12,63.79027762101654,63.79027762101654,63.00563013747963,63.2395133972168,8588900
2019-02-13,63.2470515297314,63.62428551606242,63.01316254403516,63.563926696777344,5697000
2019-02-14,63.66199123988572,64.00904573904745,63.36774925676745,63.767616271972656,6928100
2019-02-15,63.93359977468265,64.20520864323443,63.78270851710167,64.19766235351562,4998600
2019-02-19,64.061867179087,64.33347030636097,63.94114956151384,64.18257904052734,5981200
2019-02-20,64.1373079941739,64.1373079941739,63.36020709685217,63.78270721435547,7918900
2019-02-21,63.42056128793936,63.90342021839733,63.20931122538055,63.84306716918945,4756900
2019-02-22,63.971338220714266,64.4692840749099,63.76762865062186,64.2203140258789,4490300
2019-02-25,64.34855771741302,64.40137023182557,63.654448740524565,63.71480178833008,4956800
2019-02-26,63.80533426962386,63.97131808749477,63.41301359149142,63.518638610839844,4777100
2019-02-27,63.30739011643588,63.473368182223744,62.73399302874879,63.201759338378906,8116400
2019-02-28,63.24705163664671,64.06941896529428,63.0131626505551,63.36776351928711,6547100
2019-03-01,63.330034087155774,63.55637099175045,62.48502801072326,63.17159652709961,10635700
2019-03-04,63.46584020532023,63.526193261123254,62.75663855540321,63.45829391479492,7103600
2019-03-05,63.42813208593179,63.91099120296395,63.299873892124594,63.6318359375,9077500
2019-03-06,63.69217481728824,63.82797926117697,63.26212837099609,63.33757400512695,5370800
2019-03-07,63.496007049320795,63.79024900413071,63.03578127259105,63.201759338378906,8328500
2019-03-08,63.0961498694665,63.49602270090085,62.990524821505254,63.26968002319336,9264800
2019-03-11,63.488466535525994,64.24293433569592,63.38284150399281,64.19766235351562,4679300
2019-03-12,64.28067222239387,64.6503656921294,64.2127728643613,64.49192810058594,6072500
2019-03-13,64.56736262263853,64.98231650341344,64.56736262263853,64.80879211425781,4282900
2019-03-14,64.85405546189239,64.92196056133713,64.59753915675923,64.90686798095703,4303200
2019-03-15,64.97477968950798,65.02759221394462,64.58999943653629,64.70317077636719,4742200
2019-03-18,64.73336220261452,64.90688663392321,64.06942662227651,64.3787612915039,4125300
2019-03-19,64.41646222940932,64.51454673272072,63.98641579003736,64.18257904052734,6169200
2019-03-20,64.16751115453619,64.77862844449773,63.70728517494172,64.3787612915039,6499300
2019-03-21,64.28820120983985,65.5557073571485,64.28065492004498,65.52552795410156,6948200
2019-03-22,65.58588813884973,65.9555757607138,65.03512409489768,65.05021667480469,8769700
2019-03-25,65.07284279824233,65.34445164606468,64.69560892694817,65.1332015991211,6324300
2019-03-26,65.27655938950208,65.68397274133363,65.20866004226342,65.65379333496094,8576400
2019-03-27,65.7443193244901,65.85749063830256,65.05021037543413,65.46516418457031,7252600
2019-03-28,65.61409154904598,66.13079801187881,65.42412602296461,66.10040283203125,5600000
2019-03-29,66.1612249438276,66.22961558062859,65.78129370932824,66.0396499633789,13743500
2019-04-01,66.10802057881158,66.1308155204104,65.27977344851155,66.00164031982422,8528500
2019-04-02,66.09283323669075,66.52595456712329,65.51533619701738,66.46516418457031,10358100
2019-04-03,66.4651452141086,66.67030545005568,65.94083845949407,66.38916015625,5004200
2019-04-04,66.43476892602845,66.48795906138596,65.95605770781086,66.28279876708984,4249100
2019-04-05,66.29037595884559,66.78428754274569,66.18399571582567,66.74629211425781,4827100
2019-04-08,66.69311846903507,66.73871415394245,66.1612171225313,66.37397766113281,4575500
2019-04-09,66.37394991512899,66.47273569339177,65.91043359381311,66.0244140625,3507600
2019-04-10,66.25997994615777,66.69310115797141,66.12320452151724,66.63231658935547,4264500
2019-04-11,66.70072674587556,66.93628225664332,66.32079551055179,66.58674621582031,2925600
2019-04-12,66.556364766943,66.92870162850679,66.08525364811076,66.9059066772461,4148900
2019-04-15,66.9438884836124,66.97428368082788,66.3891920769803,66.56395721435547,3468900
2019-04-16,66.57914245335465,66.60953764360433,64.801061506132,65.05941772460938,7256100
2019-04-17,65.27977888100284,65.37095865498596,64.25396004537434,64.46672058105469,6121300
2019-04-18,64.67188671092686,65.09740778257593,64.269160582789,64.96063232421875,4827400
2019-04-22,64.88466545356945,65.11262654722788,63.66128623200493,64.24638366699219,5012000
2019-04-23,64.52749260674754,65.18857476652616,64.22354658625319,65.0973892211914,4692300
2019-04-24,65.32537012040831,65.77368614454615,65.08981463635554,65.57612609863281,4853800
2019-04-25,65.40894349858058,65.61410375410425,64.94542706493908,65.43933868408203,3732500
2019-04-26,65.56090026562552,66.00922191378007,65.44691979254979,65.9560317993164,3109400
2019-04-29,65.88764700967508,66.08521279395131,65.23416509015911,65.31015014648438,4280600
2019-04-30,65.36333856491378,66.07001058519893,64.9530181119761,65.93323516845703,5541400
2019-05-01,65.93324481097204,66.73870273726455,65.89525517688612,65.98643493652344,7675800
2019-05-02,66.01682177313744,66.70069887037297,65.85725141666384,66.05481719970703,5675900
2019-05-03,66.2903702599293,66.70829674821339,66.0548148559626,66.61711120605469,4678400
2019-05-06,66.2979776647924,66.61711840088397,66.00923211270315,66.40435791015625,4836000
2019-05-07,66.32078737980159,66.32078737980159,64.74787249028792,65.20378875732422,7037100
2019-05-08,65.25699675201123,65.7889040402059,65.09742630474025,65.13542175292969,5976800
2019-05-09,65.02142299282274,65.43174936970993,64.55790648174406,65.30257415771484,4005000
2019-05-10,65.25697270962341,66.1688109546013,65.12779750903724,66.00164031982422,4269000
2019-05-13,65.5912995252463,66.03202095666887,65.4089342353531,65.93323516845703,5794100
2019-05-14,66.07003421615254,66.38918083422332,65.9104638057622,66.1764144897461,4740500
2019-05-15,66.11562657358874,66.78430337354642,65.89526579015852,66.6247329711914,3410600
2019-05-16,66.60194800711326,67.18703957008397,66.4499720316535,66.89069366455078,4008500
2019-05-17,66.66272511056042,66.92107552141343,66.41956939557954,66.76150512695312,5346600
2019-05-20,66.42716541494121,66.63233149644628,65.53052760776453,65.79647827148438,4221100
2019-05-21,66.00924392458569,66.52595055050907,65.9180583562617,66.35877990722656,2930100
2019-05-22,66.42716786536846,66.60193876356843,66.22960782062574,66.55634307861328,2825100
2019-05-23,66.3967590642629,66.76909572817263,66.17639832356797,66.70830535888672,3304500
2019-05-24,66.8830798476955,67.22502137514131,66.86028490532368,66.9134750366211,3121800
2019-05-28,67.11866137342227,67.31622146514114,66.21442307111748,66.2524185180664,4614500
2019-05-29,66.15359826490901,66.2675787491772,65.12778550107174,65.37094116210938,8170000
2019-05-30,65.43936328794571,65.94086954405348,65.37097264553175,65.64452362060547,3984100
2019-05-31,65.46971800406456,66.38915040284056,65.26455200097067,66.0244140625,5369200
2019-06-03,66.25998317034377,66.40435884706972,65.7128872424485,66.18399810791016,6347800
2019-06-04,66.29798348967682,66.29798348967682,65.31016021332188,65.88765716552734,6993200
2019-06-05,66.26759036169547,67.33899898536315,66.1004197284461,67.26300811767578,6775400
2019-06-06,67.47579725896523,67.54418210627225,66.90590034224184,67.3922119140625,4077200
2019-06-07,67.7265372976479,68.06087862691136,67.56696688066953,67.64295196533203,3525700
2019-06-10,67.77212816550252,67.84811324476004,67.17183618397515,67.42259216308594,2945500
2019-06-11,67.62015227751718,67.7721282334746,67.10344562184183,67.6049575805664,3834000
2019-06-12,67.65814353842298,68.0608696515873,67.55176327446598,67.8329086303711,2768500
2019-06-13,67.89368210195742,68.12164306640625,67.70371656401278,68.12164306640625,2799400
2019-06-14,68.08366001103931,68.4787916482429,68.04567037492036,68.1596450805664,2981700
2019-06-17,68.34201263221982,68.98029413963404,68.34201263221982,68.88911437988281,3574900
2019-06-18,69.39823681355793,69.59579687042732,68.50919916577494,68.82073974609375,4449200
2019-06-19,68.70675797757391,69.42103050077563,68.3952174029007,69.19306945800781,3694600
2019-06-20,69.57299772996888,69.79335851607267,69.4438225165842,69.5426025390625,4862000
2019-06-21,69.14747704480745,69.35263733797898,68.41800985077877,68.56238555908203,7941700
2019-06-24,68.86632194046125,69.07908826585808,68.12166009208592,68.32682037353516,3773600
2019-06-25,68.34201128220181,68.51677634979865,67.31619262695312,67.31619262695312,5381300
2019-06-26,67.34660930007084,67.41499993764333,65.8116896461858,65.97126007080078,12897000
2019-06-27,66.38320900649784,66.86652977849423,66.26046486886055,66.82049560546875,6924500
2019-06-28,66.9049026195028,67.48028018505035,66.85120094750677,67.05066680908203,9638200
2019-07-01,67.495605909705,67.495605909705,66.22977448788389,67.01995849609375,9746000
2019-07-02,67.08134488336897,68.18606567382812,67.08134488336897,68.18606567382812,7633700
2019-07-03,68.29346677169926,69.0529692408163,68.23976510900796,68.999267578125,5418000
2019-07-05,68.51595747653731,68.97626420364442,67.67974490484288,68.7537841796875,5375100
2019-07-08,68.68472508733147,69.1143383888619,68.57732176194887,68.999267578125,4509700
2019-07-09,68.85351183811682,69.34450020080814,68.66939266536832,69.22942352294922,4906800
2019-07-10,69.5209612100619,69.81248376042727,69.16039030250455,69.62836456298828,6833700
2019-07-11,69.63602719105225,69.63602719105225,68.46225787808916,68.72309875488281,4020600
2019-07-12,68.77679903966569,68.86885570358179,68.33183898726043,68.63103485107422,2948600
2019-07-15,68.72308808247067,69.02995724449572,68.50828142496586,68.57732391357422,3185700
2019-07-16,68.48527938417114,68.71543277935818,68.13238180378325,68.4162368774414,3611600
2019-07-17,68.59267067953645,68.807477337319,67.78713985980946,68.18606567382812,6422000
2019-07-18,68.00961985623923,68.37019068310669,67.64137569072454,68.18606567382812,7048200
2019-07-19,68.25513515859295,68.30116349864932,66.98162978862034,67.07369232177734,5064600
2019-07-22,67.15038941863071,67.27313942855751,66.75913107829231,67.01229858398438,3265200
2019-07-23,67.17341305935992,67.77180480957031,66.9662797046884,67.77180480957031,4239800
2019-07-24,67.85617450384368,67.89453533960254,67.4342345757051,67.82549285888672,2946100
2019-07-25,67.80249406171383,67.8485282496374,67.1887614688212,67.42658233642578,5629200
2019-07-26,67.5186223265998,67.84850560691771,67.22709402820064,67.73342895507812,3111900
2019-07-29,67.84852189623511,68.38553859635985,67.80248771262224,67.91756439208984,4898200
2019-07-30,67.87153142606672,68.7077439238702,67.85618474822955,68.46224975585938,3818100
2019-07-31,68.53898033961038,69.02997463436606,67.80249767704271,68.19375610351562,5979800
2019-08-01,68.28581863122804,68.83050875084443,67.77948350837558,68.19375610351562,8371300
2019-08-02,68.14002803871307,68.88418375368036,68.0249513868964,68.52361297607422,4794000
2019-08-05,68.3548511017939,68.39321194596981,66.32184927437422,67.17340850830078,6840000
2019-08-06,67.32684602195263,68.29347608217716,67.15806767247255,67.91756439208984,7789000
2019-08-07,67.66438976613635,69.03762473009058,67.01996979362193,68.57732391357422,8674600
2019-08-08,68.73074399805867,69.78176879882812,68.26277577472436,69.78176879882812,5766700
2019-08-09,69.6590555858266,69.9275639816893,69.0453170926741,69.6974105834961,3304800
2019-08-12,69.61299750045217,69.79712249702543,69.15269671510309,69.51326751708984,2944000
2019-08-13,69.47490052433321,69.82779795693686,69.05296061391299,69.61299133300781,4540200
2019-08-14,69.30612929073894,69.4135384667047,68.39320104588796,68.55430603027344,4645100
2019-08-15,68.65404780283686,69.38286287986114,68.57733196658249,69.23709869384766,4582900
2019-08-16,69.3981830432092,70.08096373275454,69.23707807912966,69.95054626464844,3951100
2019-08-19,70.24976819164768,70.61801242740367,69.9428989706916,70.45690155029297,3255600
2019-08-20,70.68706900601343,70.74077069139672,69.90455789713624,69.95825958251953,2556300
2019-08-21,70.15004110474223,70.39553532112535,69.87385937968074,70.24977111816406,2739400
2019-08-22,70.24208473786575,70.6256697455702,69.85083224419796,70.57196807861328,2587300
2019-08-23,70.5106020778126,71.00159044138012,69.35217366390658,69.58232116699219,5776500
2019-08-26,69.96590147782909,70.1807139938293,69.63601814456057,70.11933898925781,2736200
2019-08-27,70.50292696055729,70.67937278983575,69.86617443062943,69.91987609863281,3252300
2019-08-28,69.91222055223857,70.25745066558717,69.74344801916281,70.1500473022461,3498600
2019-08-29,70.46457927272402,70.77144851276485,70.30347423863746,70.69473266601562,2688000
2019-08-30,70.89417724809334,70.9708930717914,70.43387059982062,70.7484130859375,5678300
2019-09-03,70.7330818558769,71.53093947326356,70.57965017497476,71.4542236328125,5927900
2019-09-04,71.80710290710486,72.16767370381086,71.68435876422905,72.05259704589844,4757100
2019-09-05,72.12165374647222,72.12165374647222,71.40051206942282,71.53092956542969,6036600
2019-09-06,71.73807367323813,71.95288035272416,71.51559365432958,71.6920394897461,2986400
2019-09-09,71.69204120933558,71.69971454894215,71.15502449773973,71.34681701660156,3772100
2019-09-10,71.08595314694259,71.10129396688576,69.99656763367123,70.61030578613281,5379400
2019-09-11,70.51827151363479,70.8021265469683,70.13468647817805,70.68704986572266,3972200
2019-09-12,71.23173610673942,71.47723028218961,70.64868524515416,71.06295776367188,3486100
2019-09-13,70.97855896575258,71.33912976739617,70.08864489533028,70.30345153808594,6109300
2019-09-16,70.42620226238087,71.0322613593914,70.1883756028399,70.91719055175781,4688300
2019-09-17,71.23172340890946,71.71504418754438,71.04760427340376,71.68435668945312,3674800
2019-09-18,72.09095122949158,72.09095122949158,70.84046063691744,71.43885803222656,5655000
2019-09-19,71.59230948942559,71.99890868317317,71.51559365432958,71.6920394897461,2892800
2019-09-20,71.85315035240366,72.0679570318897,71.48490614968257,71.6920394897461,6900400
2019-09-23,71.54629385004735,72.11399815411035,71.52327968074054,71.80712890625,3515200
2019-09-24,72.00354462255541,72.17367530248318,71.40808724280822,71.64781951904297,3705600
2019-09-25,71.64781291303166,71.95714085711262,71.462218506559,71.7870101928711,7088700
2019-09-26,72.00352411447878,72.56031312658827,71.91845879874325,72.39018249511719,2984700
2019-09-27,72.54484905237989,72.62218545439106,71.48540878412076,71.9880599975586,4090300
2019-09-30,72.06542689475573,72.4752840391178,72.00356010694291,72.11182403564453,3189800
2019-10-01,72.07311517143451,72.28964880666159,71.31526809792375,71.43126678466797,5226300
2019-10-02,71.43901412211915,71.49314606989755,70.67343203212745,71.12969207763672,3384300
2019-10-03,71.09102001335596,72.01126897557849,70.95182274091843,71.81793975830078,6634500
2019-10-04,71.95714114758732,72.28193283521054,71.90300919965013,72.2509994506836,2189400
2019-10-07,71.91847088379122,72.45206142671617,71.80247217011976,72.0963363647461,3667600
2019-10-08,72.01126376211622,72.3051220271254,71.36940939123764,71.71739959716797,3108100
2019-10-09,72.4365701366854,72.4365701366854,71.76378841834841,71.85658264160156,4166000
2019-10-10,71.8256707468964,72.1118001206833,71.57048065669693,71.97260284423828,3719700
2019-10-11,72.23551450741257,72.52163790541552,71.90298809626849,71.941650390625,3376300
2019-10-14,72.02673479063691,72.14273350433103,71.70194311224509,71.97260284423828,1877600
2019-10-15,72.03447341403577,72.142737312548,71.5782133560714,72.0654067993164,3218500
2019-10-16,72.02671537479819,72.08858212541661,71.62459329565465,72.07311248779297,3413900
2019-10-17,72.22006154316702,72.66085192017557,72.11179765407294,72.54485321044922,3223100
2019-10-18,72.48300400127388,73.20991795923847,72.45207061370981,73.10165405273438,2492100
2019-10-21,73.19443548261066,73.68935775708864,73.00884110466615,73.6584243774414,2591900
2019-10-22,73.82082576501784,73.84402432651876,73.30270489169973,73.44190216064453,2644200
2019-10-23,73.55016950660904,73.67389714041246,73.0243137880803,73.60430145263672,3020200
2019-10-24,73.75122764225296,73.75122764225296,73.24083570634947,73.418701171875,3148800
2019-10-25,73.37230794700912,73.45737328101748,72.65312296853662,72.79232025146484,4184600
2019-10-28,72.79230705634644,72.79230705634644,72.26645140504431,72.35151672363281,4897400
2019-10-29,72.47526337920274,72.99338430457004,72.38246322393728,72.79232025146484,5512200
2019-10-30,72.70726350619135,73.10165683773339,72.2819426858474,73.05525970458984,3861400
2019-10-31,73.20990581122729,73.2795073966823,72.6531167273448,72.92378234863281,4723500
2019-11-01,73.00883726067389,73.30269550194234,72.26644798810558,72.9083023071289,6520400
2019-11-04,72.88510614612824,72.90830470542062,72.24325180599135,72.39791870117188,3878100
2019-11-05,72.18911276899631,72.18911276899631,70.88994047692708,71.1683349609375,9141700
2019-11-06,71.31528611400476,71.66327636221044,71.16061919262685,71.3230209350586,4500400
2019-11-07,71.12967607525768,71.20700656898087,70.35635933814869,70.6115493774414,4945300
2019-11-08,70.5342140054072,70.91313752840058,70.30222254028266,70.44141387939453,7330200
2019-11-11,70.44916014238375,70.82035480679532,70.37182964144688,70.5960922241211,3525200
2019-11-12,70.61930441288898,71.05236002165994,70.00064848612459,70.06251525878906,5701600
2019-11-13,70.13983705641517,70.82808859192374,70.10117475326065,70.70436096191406,4316000
2019-11-14,70.83582613900771,71.26888761055879,70.75849562978276,71.25341796875,5136200
2019-11-15,71.36941595409921,71.66327424613048,71.18382155386574,71.64007568359375,2785200
2019-11-18,71.74059885096459,72.30512272597483,71.69420172970919,71.9880599975586,3251900
2019-11-19,72.18141974697774,72.32061706958577,71.9184947486857,72.11182403564453,4065100
2019-11-20,72.1659126137206,72.28964611495742,71.75605571576521,72.07311248779297,5698800
2019-11-21,71.87980313322143,71.92620615894688,71.03689054843525,71.06008911132812,5002900
2019-11-22,71.19155996194759,71.24569191506029,70.41051405274166,70.79717254638672,5112000
2019-11-25,70.94408520648409,71.43127859134901,70.94408520648409,71.02141571044922,5183500
2019-11-26,71.17607092859409,72.00351957499599,71.10646935649912,71.96485137939453,4858500
2019-11-27,71.964868681585,72.3437982097811,71.74834089400993,72.30513000488281,4121600
2019-11-29,72.30512934352694,72.57578907552013,71.94166946059053,71.97260284423828,3531100
2019-12-02,71.68646936565241,71.93393052072497,70.84355683429067,70.8822250366211,9430800
2019-12-03,70.85128302860824,71.43127059331542,70.78941627238753,71.33847045898438,4762900
2019-12-04,71.19928391872223,71.8952702810632,71.12195341178202,71.63233947753906,4129800
2019-12-05,71.61687330600815,71.70193863073779,71.26888308661549,71.67100524902344,4846800
2019-12-06,71.64780910310608,72.2045981928562,71.64780910310608,71.81793975830078,4486000
2019-12-09,71.91846223224351,72.08859287183691,71.61686915294213,71.9571304321289,3961000
2019-12-10,71.9803335185487,72.13499452793818,71.37714732201474,71.53954315185547,5227100
2019-12-11,71.59366600907074,71.61686456754107,70.59608669527685,70.81261444091797,5112100
2019-12-12,70.82036007269178,71.07555605470382,69.75317902061941,69.85371398925781,7923900
2019-12-13,69.88464078242052,70.2171672397651,69.35105030669718,69.86917114257812,6814200
2019-12-16,70.07023310313349,70.5264871661234,69.58304566130614,70.371826171875,5185200
2019-12-17,70.58837565728096,70.61930904564248,69.59079600739896,69.70679473876953,9649900
2019-12-18,69.7356966197836,70.7517926200154,69.7356966197836,70.55638885498047,6340700
2019-12-19,70.52514770254432,71.22078480855033,70.44698140575615,71.18170166015625,6117400
2019-12-20,71.37710594886144,71.88515706509693,71.3223931186977,71.572509765625,9514600
2019-12-23,71.94769488076003,71.94769488076003,71.14262606641041,71.21297454833984,5369100
2019-12-24,71.38491353362161,71.52560450004432,71.12697910130491,71.40054321289062,1962000
2019-12-26,71.45523854342164,71.72880258804062,71.35363074492001,71.71317291259766,2243900
2019-12-27,71.87731159562841,72.0492678423588,71.67409003465167,71.9398422241211,4195900
2019-12-30,71.82261453712181,72.07273114269387,71.61158107374081,72.01020050048828,3466500
2019-12-31,71.9789430363611,72.55734259502341,71.90860052863917,72.52607727050781,4649500
2020-01-02,72.83872133720538,72.87779851868679,71.20514249206634,71.67411041259766,5106600
2020-01-03,71.31456623756762,72.26813769636634,71.1504277679261,72.11962890625,5015500
2020-01-06,72.04147370131217,72.46354663748974,71.80699271226969,72.20561218261719,4889000
2020-01-07,72.04928522268702,72.04928522268702,71.00973563541093,71.40054321289062,6529100
2020-01-08,71.43179882364684,71.76007571292101,71.1738644263959,71.619384765625,6766100
2020-01-09,71.60374687209193,71.80696843114457,71.40834313233908,71.5802993774414,4213800
2020-01-10,71.73664902731063,72.21343482239942,71.54124520844641,72.12745666503906,5838800
2020-01-13,72.19778849088075,73.00285108482218,72.17433502889465,72.99503326416016,5552600
2020-01-14,72.92470295165828,72.9637801349973,72.31503806641003,72.72148132324219,4120700
2020-01-15,72.93249330205582,73.53434018784688,72.9012279866544,73.37801361083984,4471500
2020-01-16,73.49525795873934,73.96422576904297,73.37020265884135,73.96422576904297,4426700
2020-01-17,73.92516602537724,74.27689047521537,73.878265059015,74.03459167480469,3581300
2020-01-21,74.12837989674055,74.7927575621663,73.93297610414487,74.73804473876953,4217400
2020-01-22,74.91779418069852,75.15228105855947,74.11273171035776,74.23779296875,5024300
2020-01-23,74.32378178256312,74.89436346613451,74.01114049303122,74.86309814453125,4825000
2020-01-24,74.95688630379613,75.06631193638745,74.37849282249199,74.60515594482422,3518100
2020-01-27,74.22218848135077,74.49575264483914,74.04242030102334,74.24563598632812,3047000
2020-01-28,74.37068439503096,74.77712165838139,74.22999342632302,74.54264068603516,3006100
2020-01-29,74.76929733764858,74.8630873256539,74.19871573653508,74.26905822753906,3785500
2020-01-30,74.07365965417624,74.48010284148648,73.94078651969977,74.32377624511719,4142400
2020-01-31,74.25342683111762,74.33158714039524,73.21387742430214,73.41709899902344,6370900
2020-02-03,73.37802664399433,74.21435459896793,73.3545791440909,73.65940856933594,7508200
2020-02-04,73.9251718192569,74.72241675089097,73.72195018442818,74.41758728027344,4422900
2020-02-05,74.55827350990695,74.7458594883451,74.29252720405712,74.4644775390625,4413700
2020-02-06,74.68332499432793,74.93344158714162,74.57389935767507,74.71458435058594,3327500
2020-02-07,74.81621045664004,74.90218860864033,74.50356317329816,74.69896697998047,3176200
2020-02-10,74.99596959988513,75.5509215917817,74.90999145822511,75.53528594970703,4457000
2020-02-11,75.79322583962629,76.56702320710959,75.79322583962629,76.10587310791016,5362200
2020-02-12,76.23091956215208,76.79368338689358,75.91827233026791,76.55919647216797,6298700
2020-02-13,76.54357710289845,77.16887165088124,76.40288612776487,77.0203628540039,3683500
2020-02-14,77.20012736784459,77.83323970769096,77.0985195429744,77.8176040649414,3004800
2020-02-18,77.86449989017228,77.91921270968321,77.28610041162803,77.73162078857422,4186800
2020-02-19,77.77071748813364,77.77071748813364,76.67645494389159,76.68427276611328,4415200
2020-02-20,76.72334214571949,77.63783039426167,76.49667304797612,77.59874725341797,5556500
2020-02-21,77.59092964573516,77.94266002454452,77.40334368832022,77.8254165649414,3670800
2020-02-24,76.90309632846805,77.48148973586059,76.40286322533142,76.76240539550781,5214600
2020-02-25,76.94220178958737,77.08289276337382,74.4801127299498,74.68333435058594,7378900
2020-02-26,74.83183686995325,75.3946007627464,73.8391881991797,73.87826538085938,9407200
2020-02-27,72.76835453510397,72.92468111139449,69.94672393798828,69.94672393798828,11869100
2020-02-28,68.39133415943608,68.93846244741114,66.1715497187932,68.25846099853516,22471800
2020-03-02,68.50856933137268,71.18169172260481,68.12557957623426,71.17387390136719,14250500
2020-03-03,71.26766953782071,72.93250765873528,70.42352374556107,71.00973510742188,14654200
2020-03-04,72.111791484581,73.78444687359338,72.01017773231261,73.6906509399414,10638200
2020-03-05,72.47137399950144,73.03413798848662,71.24423817589553,72.11183166503906,9803600
2020-03-06,70.53294670300832,71.13479368434986,68.61799204583097,70.8690414428711,10302700
2020-03-09,67.21890262720862,67.63315770090742,65.31175976070818,65.40555572509766,14017500
2020-03-10,66.99517514128773,68.2318876721798,64.45873142587851,68.16886901855469,11782100
2020-03-11,66.68007158392261,66.68007158392261,63.43468383299551,64.0727310180664,16447000
2020-03-12,59.787578767905444,61.8592673685241,57.18811646981804,57.581974029541016,16761500
2020-03-13,60.91400501159647,62.67848500472673,57.518949128955946,62.60759353637695,10968600
2020-03-16,56.620950807249734,58.56660777657618,51.39052380158405,51.50868225097656,11396500
2020-03-17,52.48544006452004,55.533898800496345,50.76034857141549,54.486236572265625,9100900
2020-03-18,51.23298384551223,53.123501029917804,47.656757057540375,49.30308151245117,15714500
2020-03-19,48.60989485414708,50.61069179572876,47.262902844260324,49.476383209228516,13090000
2020-03-20,50.05928197387027,51.35900977358539,46.75087874796047,47.010826110839844,18838000
2020-03-23,46.78239410678419,46.86904323893337,43.78120183259997,44.828861236572266,15558600
2020-03-24,46.9556961387806,49.04313928624973,46.30189118366259,48.86196517944336,14401600
2020-03-25,49.06676410503089,54.1711535269535,48.70441595549469,51.49292755126953,15209300
2020-03-26,51.973430916608564,55.33697084160678,51.65834375968103,55.124290466308594,14486100
2020-03-27,53.39921299194172,56.58158305334218,53.09200455126748,55.17945098876953,11521700
2020-03-30,55.7387212384412,56.58157614113328,53.911222477006525,56.384647369384766,12754300
2020-03-31,55.975030874526674,56.10106817025307,53.525236529393425,55.02189636230469,16815900
2020-04-01,52.3909320035508,52.61937009945163,50.327116316638914,51.406288146972656,12174800
2020-04-02,50.665844893859735,52.650884689513276,50.54768640380871,51.57959747314453,10916700
2020-04-03,51.19360510856702,51.894671100229836,49.8387371152583,50.83125686645508,8986700
2020-04-06,52.62723951402498,54.88798382579982,52.62723951402498,54.596527099609375,8382200
2020-04-07,56.707589786014594,57.77888245178864,55.07702030366233,55.100650787353516,7675100
2020-04-08,55.927765757578854,59.2046630866651,55.21882104601802,58.85806655883789,9628300
2020-04-09,59.850579736284324,63.009312104931226,59.850579736284324,62.15858459472656,13840900
2020-04-13,61.76473910233148,61.92227970624056,59.13376774657055,59.54337692260742,10139000
2020-04-14,60.724951441038435,61.85926305711503,60.724951441038435,61.21333694458008,9400800
2020-04-15,59.32281302044262,60.00024838173922,58.156998219458934,58.787166595458984,8568200
2020-04-16,58.897454819594266,59.244051383413144,57.72376101455655,58.117618560791016,6252800
2020-04-17,59.803327511758965,60.268082534674974,59.13377089481542,59.95299530029297,8593100
2020-04-20,58.716289117498505,59.047128044433315,57.708014667912536,57.7237663269043,6631000
2020-04-21,56.211341288343114,57.14872403491984,55.919884583076076,56.676090240478516,8620400
2020-04-22,57.550456288571084,58.02309009896176,57.06994965518549,57.54258346557617,6484200
2020-04-23,57.715875451685235,58.20426091559828,56.86514781844659,57.062076568603516,7648200
2020-04-24,57.47955739538464,57.59771583271389,56.61307220461641,57.30625915527344,6419000
2020-04-27,57.826159644525696,59.48035990280011,57.700122362857215,59.26767349243164,7669500
2020-04-28,60.401995338108364,61.284238431593984,59.70880819951999,59.75606918334961,8177900
2020-04-29,61.04791405913118,61.48115972411145,60.40198798302611,60.654056549072266,7307000
2020-04-30,59.763945363579424,60.14992407055808,58.92896329099875,59.95299530029297,8606000
2020-05-01,58.35392898800086,58.582367060528604,57.31414542223339,57.92856216430664,6013600
2020-05-04,57.23536467156514,57.69223472339977,56.37675234818658,57.64497375488281,7288000
2020-05-05,58.212140046769456,58.81080513305635,57.8419130330103,57.92856216430664,7520300
2020-05-06,58.12548710774465,58.40906497163063,56.87301720728353,56.88877487182617,6266800
2020-05-07,57.42442378959,58.52722597402622,57.3850356363004,57.70012283325195,6727300
2020-05-08,58.46420945738914,59.267676129516246,58.34605100301463,59.07074737548828,6625600
2020-05-11,58.3933293452238,59.14166243893443,57.89707090102528,58.212158203125,6874900
2020-05-12,58.464217785408536,58.464217785408536,55.51816488823623,55.565425872802734,11764700
2020-05-13,55.163681361782245,55.42362875824696,53.96635718713323,54.21842575073242,8358600
2020-05-14,53.46221892680706,54.407474517822266,52.201870125735475,54.407474517822266,8609800
2020-05-15,54.06088519601128,54.226304645978956,53.23378794617288,54.194801330566406,11916700
2020-05-18,55.935637147833674,57.841905777664934,55.935637147833674,57.400787353515625,8617200
2020-05-19,57.180235746930144,57.46381366134583,56.62883758544922,56.62883758544922,5804700
2020-05-20,57.33778031697771,57.377162464364226,56.723363527689074,57.132972717285156,5133700
2020-05-21,56.88089964937497,57.57408668853886,56.636709921560474,57.18022918701172,5385100
2020-05-22,57.18021955254563,57.99944373886318,56.93602986587538,57.95218276977539,4737900
2020-05-26,59.67729351557997,60.43349923790485,59.511874077239106,60.118412017822266,6001000
2020-05-27,61.44177979747211,61.65446023707907,59.842719054052935,61.31574249267578,5880500
2020-05-28,61.985298859346656,62.08769965174728,61.11093467797646,61.60719299316406,5642800
2020-05-29,61.11093341973996,61.552051913046576,60.56740812635235,60.992774963378906,8989500
2020-06-01,60.93763952895214,62.85178742817321,60.86674204612734,62.40279006958008,11218300
2020-06-02,62.86752941986474,63.09596748083972,62.253112708864286,62.906917572021484,7162100
2020-06-03,63.56072594454353,65.19916859441162,63.54496827889551,64.92346954345703,7485600
2020-06-04,64.60838863705241,64.68716495339552,63.69464226340616,64.27754974365234,5503500
2020-06-05,66.55404700232583,67.79863830054465,66.40438522023874,66.71159362792969,6158800
2020-06-08,67.60169165672393,68.37365489365662,67.48353322120117,68.36577606201172,7130500
2020-06-09,67.1212190585783,67.66474453115423,66.40440127063609,67.23149871826172,7168900
2020-06-10,67.0424308455898,67.0424308455898,65.01012449968971,65.52214050292969,6433900
2020-06-11,62.67849230428606,63.513468414298565,61.22909935786515,61.31574249267578,8611900
2020-06-12,63.45044943033929,63.74190015142111,61.7883702006331,63.51346206665039,8871700
2020-06-15,61.55992148658429,64.74229044768067,61.42601139408517,64.41144561767578,6138600
2020-06-16,66.64858752748367,66.8297586688057,64.60840191272295,65.67969512939453,5811700
2020-06-17,66.06565870743125,66.12867133950928,64.71866678892444,64.7265396118164,5041500
2020-06-18,63.95460361887321,64.3720917433856,63.66314681035019,64.01761627197266,5005900
2020-06-19,64.94711250549732,64.94711250549732,62.76514415769958,63.088104248046875,10402000
2020-06-22,62.96993419974211,63.19837225341876,61.977411693026866,63.02507400512695,3995500
2020-06-23,63.64738362478548,63.749784426096866,62.57609058879957,62.765140533447266,3958100
2020-06-24,61.977442797686514,62.1349834607688,59.59854513031397,60.977046966552734,7034900
2020-06-25,60.59438514169704,61.819479152951395,60.483013510610164,61.755836486816406,6626000
2020-06-26,61.54104012332493,61.77174019878333,60.49891742840748,60.57051086425781,7277100
2020-06-29,61.15920048877135,61.7876581644368,60.33186403229905,61.73992919921875,4687100
2020-06-30,61.94676871429884,62.774105222639456,61.55696190958414,62.471805572509766,5212200
2020-07-01,62.68659417931232,64.16625279503342,62.52748751298285,63.91168212890625,5023700
2020-07-02,64.9697039136014,65.15267502091302,63.44231668025056,63.728702545166016,4588100
2020-07-06,64.91401332744078,65.00947729847782,63.5934617758948,63.696876525878906,6174300
2020-07-07,62.949098161418405,63.23548403966652,62.35246192661777,62.4320182800293,3389200
2020-07-08,62.519544094250406,62.75024425801849,61.77972069674245,62.34453582763672,3848100
2020-07-09,62.233139382329554,62.28882518800235,60.97622426080352,61.95470428466797,3455900
2020-07-10,61.827437870616066,62.455895561755234,61.700152534502315,62.14564514160156,3809900
2020-07-13,62.36837608467676,62.726355400476415,61.2546538909812,61.40580368041992,6071800
2020-07-14,61.38194151074812,62.10585701883596,61.206927236246166,61.92288589477539,3473900
2020-07-15,62.96500525569139,63.15592713139928,62.08994008362514,62.527469635009766,3547200
2020-07-16,62.185398016227296,62.408141216207966,61.54103289209793,61.77968978881836,3605400
2020-07-17,61.98653929415035,62.845697116424354,61.628559902852324,62.58317565917969,3720500
2020-07-20,62.52748625770918,62.84569351468121,61.62059952038298,61.835391998291016,4364100
2020-07-21,62.3524588186826,62.638844682655915,61.819465265458994,61.98652267456055,3007200
2020-07-22,61.700149987990834,62.99684350161183,61.54104939371398,62.93320083618164,2682400
2020-07-23,62.80589800064297,63.17184019022525,61.89901151356693,62.67066192626953,4630900
2020-07-24,62.519536176165154,62.84570031893212,62.105870945823355,62.209285736083984,2702200
2020-07-27,62.17745762207031,62.869551813418944,61.43762840182666,62.79795837402344,4111800
2020-07-28,62.774082906955094,64.35715583925196,62.63884076293815,64.04690551757812,6613300
2020-07-29,64.40488839818418,65.28791046142578,64.29351679284717,65.28791046142578,5429600
2020-07-30,64.43670844681753,64.92197303301018,64.01508651078393,64.86628723144531,6602700
2020-07-31,64.79468482240895,64.834462994296,63.73665464019836,64.74695587158203,9312300
2020-08-03,64.77083191723486,64.77083191723486,63.545738049693426,63.88780975341797,5629700
2020-08-04,63.7764443500984,65.00153833701924,63.74462301766296,64.84243774414062,4078000
2020-08-05,65.0731223205047,65.32768684992952,64.19805106064078,64.5162582397461,3374500
2020-08-06,64.269653790466,64.80264735242157,64.20601113758542,64.61968231201172,3646500
2020-08-07,64.38104428361196,65.57431706331369,64.27762949431886,65.54249572753906,4447800
2020-08-10,65.74137618013869,66.04366977366331,65.3595322798233,65.64591217041016,3410000
2020-08-11,66.29026394982331,66.4016355601519,64.45262024080641,64.69923400878906,5193800
2020-08-12,65.20040508674091,65.45496962997217,64.94584054350966,65.35155487060547,2245300
2020-08-13,65.1367828855851,65.68569031992831,64.38104586756711,64.54810333251953,3585400
2020-08-14,64.38102364682058,65.16063095015417,64.30942414695349,64.55603790283203,3399300
2020-08-17,64.59582810478064,65.11291416896218,64.30149138202576,65.08109283447266,2749900
2020-08-18,65.08109393575849,65.160650307978,64.37308592195805,64.77084350585938,3635300
2020-08-19,64.92198005404572,64.96970901217809,63.51391509616224,63.633243560791016,4376200
2020-08-20,63.32298772498294,64.65149621216901,63.14797346788349,64.23783111572266,2949900
2020-08-21,64.22989879868578,64.61970563630587,63.55371205833001,64.34127044677734,3380700
2020-08-24,64.43671375177719,64.77878543792272,63.57755611178872,64.75492095947266,2553700
2020-08-25,64.92198181152344,65.0731316087648,64.30148106181386,64.92198181152344,3123500
2020-08-26,64.77878355626906,64.77878355626906,63.9355396392731,64.3253402709961,3139800
2020-08-27,64.46056700267746,65.4788250345077,64.44465937624739,65.2719955444336,4006700
2020-08-28,65.37541067077547,65.70156860351562,64.707175040179,65.70156860351562,4548700
2020-08-31,65.61407667571117,65.6299843044456,64.78674038767883,65.0333480834961,4835100
2020-09-01,64.81062059526018,65.13677865250457,64.34126349816344,65.08109283447266,3498500
2020-09-02,65.15268122517595,66.39368271178759,64.62763839973384,66.29026794433594,3136500
2020-09-03,66.27435999284575,66.85508867717172,64.99358021651584,65.49475860595703,5716500
2020-09-04,65.68567303451502,66.1072950116769,64.06282171293702,65.15267944335938,4956900
2020-09-08,64.86629926208578,64.90607137383876,63.895769909698075,64.35717010498047,3774000
2020-09-09,64.69128252090304,65.82091241602285,64.62763986135595,64.99357604980469,3158300
2020-09-10,65.06516586926094,65.15267299578164,64.13441487186479,64.19805145263672,4308700
2020-09-11,64.34922092309804,64.42082044366288,63.25141218526259,63.840091705322266,4255400
2020-09-14,64.26171271659922,65.59817840868183,64.18216241561909,65.39929962158203,3732000
2020-09-15,65.67771477069266,66.80735065434085,65.62998581409403,66.18684387207031,3017500
2020-09-16,66.58460945556442,67.21306709412865,66.25845143033139,66.53688049316406,3722400
2020-09-17,65.8527324945654,66.30617581395127,64.81856660841586,65.24018859863281,5981400
2020-09-18,65.21631529367367,65.21631529367367,63.65710072188665,63.76847839355469,5024200
2020-09-21,62.97298626263754,62.98093704475686,61.509235135873645,61.8513069152832,5297300
2020-09-22,62.0422105893714,63.10024695232504,61.91493135066059,62.59111785888672,4486400
2020-09-23,62.63090048159165,62.63090048159165,60.62619922321444,60.70574951171875,7876400
2020-09-24,60.713714122725364,61.8990299600695,60.4193713414042,61.03192138671875,6813300
2020-09-25,60.895628371012656,62.338655203920275,60.70322683206985,62.290550231933594,3503300
2020-09-28,63.16438738510827,63.869863800476224,63.09223298239553,63.56522750854492,3470900
2020-09-29,63.55721155158122,63.59729801207226,62.595197663147644,63.108272552490234,3662900
2020-09-30,63.42893857479701,64.03821111293986,62.651307815069636,63.30066680908203,4507100
2020-10-01,63.55719553816168,64.62343150869667,63.27660873442447,64.56731414794922,6406300
2020-10-02,63.701519704817905,65.89010974558859,63.46903166998617,65.68167114257812,3346700
2020-10-05,65.92216462730524,66.26688735320063,64.79981113952947,66.0584487915039,2654800
2020-10-06,66.22681723583707,66.59558947976568,65.36901946670541,65.62555694580078,5830300
2020-10-07,66.03441848575183,66.05846791977025,65.41712113637651,65.72176361083984,2362400
2020-10-08,66.0744750736821,67.00442696351732,65.96224034440323,66.82003784179688,2269000
2020-10-09,67.22891085237211,67.24494176728116,66.32301430979463,66.55549621582031,6556200
2020-10-12,66.63564560467208,67.05251652476377,66.17868823696266,66.86813354492188,5655800
2020-10-13,66.5955923339692,66.63567880155738,65.33695431753635,65.72176361083984,4406300
2020-10-14,65.65761116714313,65.81794476442825,64.82386300532421,64.9200668334961,4651400
2020-10-15,64.41500064518493,65.78587300637172,64.39896973292004,65.25676727294922,2915400
2020-10-16,65.26477295377303,65.28080386288568,64.67152533894243,64.79177856445312,2925400
2020-10-19,64.96015204991855,65.09643622947252,63.68548334173417,63.781681060791016,9873000
2020-10-20,64.20656426019926,64.72765761328795,64.07829860873709,64.23863220214844,4038600
2020-10-21,64.06227116086862,64.35087042135162,63.74159784036712,64.04623413085938,2685900
2020-10-22,64.0382080078125,64.31078243857284,63.75762117933431,64.0382080078125,3828900
2020-10-23,64.27870912059366,64.67153064759633,63.88588759359098,64.42301177978516,2588700
2020-10-26,63.92598823195906,64.02219207408747,62.939924844569035,63.5010986328125,2691200
2020-10-27,63.57322983596096,63.91795249899328,62.48294448852539,62.48294448852539,2264100
2020-10-28,61.47282810854928,62.07408816199114,60.75933333443829,60.9918212890625,4422000
2020-10-29,61.08803773019467,62.27452729095652,60.49479600798146,61.80955123901367,4645500
2020-10-30,61.45680402489447,61.90574295743885,60.67115477660757,61.40068054199219,3978900
2020-11-02,62.050063653547554,62.89984291306547,61.63318642395823,62.867774963378906,4254500
2020-11-03,63.49308634146277,64.45510650805231,63.26861680415939,64.07831573486328,4214600
2020-11-04,64.53524390575073,65.16857187804047,63.68546501154765,64.19052124023438,2867500
2020-11-05,64.68759355216652,65.10446466974514,64.23063596797977,64.49518585205078,3984900
2020-11-06,64.68757304546979,65.02427723942917,63.81373850438384,64.05424499511719,3696600
2020-11-09,67.76602636731914,70.78034563366907,66.18671539377497,66.32300567626953,8999300
2020-11-10,66.41920282294792,67.3571671816308,66.05043066781623,67.29303741455078,6146100
2020-11-11,67.56561434978669,67.86223826110626,66.8922058371718,67.5495834350586,3416100
2020-11-12,67.24493687856277,67.52552985792246,66.2107686265557,66.66773223876953,3939500
2020-11-13,67.06856401572233,68.59976991558447,67.06856401572233,68.44744873046875,3443000
2020-11-16,69.88245992207526,70.09891699613037,68.39935281023267,69.2170639038086,2978300
2020-11-17,68.70398591179755,69.55377102376157,68.23099756255722,69.28119659423828,3856900
2020-11-18,69.41748674930595,69.8103144576716,67.88628072205506,67.93437957763672,9655500
2020-11-19,67.83818280786447,68.2791032615958,67.12468789727376,68.19893646240234,4225400
2020-11-20,68.1668662636106,68.2630700892599,67.52552577495219,67.83016204833984,3136400
2020-11-23,68.29513775946506,68.76010762408404,67.8461926912221,67.95842742919922,4520000
2020-11-24,68.71198956394277,69.27316921330761,68.23900131700613,68.31916809082031,4805500
2020-11-25,68.37530521767684,68.47150904387486,66.56350624712216,68.35926818847656,5792800
2020-11-27,68.55968275019538,68.5837382920699,67.77403963964841,68.05462646484375,2063900
2020-11-30,67.96643496063051,68.02255232055073,67.12467456182709,67.34112548828125,6413600
2020-12-01,68.11074350861807,68.48753415053203,67.90230496102723,68.20694732666016,6489100
2020-12-02,68.05464107558939,68.45548123087798,67.6137144582378,67.66983795166016,3738500
2020-12-03,67.822136586432,68.58373636638852,67.71792037323819,68.239013671875,3386300
2020-12-04,68.53563381547467,69.29723362226947,68.53563381547467,69.28119659423828,3053200
2020-12-07,69.11285497688262,69.33732447268075,68.42340945902548,68.67994689941406,2620500
2020-12-08,68.37530198511107,68.80019149381275,68.34323404456113,68.43943786621094,2648100
2020-12-09,68.58372453368521,68.66389130818271,67.56558753693528,68.0145263671875,5024000
2020-12-10,67.64574876464279,68.15882341895524,67.46938432174291,67.71790313720703,3737900
2020-12-11,67.3892525933325,67.79811131067444,66.99643090916885,67.65380859375,4044400
2020-12-14,68.2069553062678,68.68796222008369,67.30907124849931,67.35717010498047,3735200
2020-12-15,67.74197932517674,68.75209812591288,67.2208859532546,68.7360610961914,2867700
2020-12-16,68.93648403652718,69.31327473838857,68.47151413284877,68.81623077392578,3419900
2020-12-17,69.15292749696978,69.5457490354322,68.88035308106356,69.48161315917969,3341400
2020-12-18,69.55378448458721,69.56179688381935,67.66181848880332,68.08670806884766,3988500
2020-12-21,67.10061377729129,67.74997873856378,66.82002699962194,67.70187377929688,4993600
2020-12-22,67.7419881265306,68.23903213478357,67.42933328602268,68.17489624023438,2828900
2020-12-23,68.43943013362784,68.88836901793535,67.67783039336781,67.73394775390625,3659000
2020-12-24,68.00113831733141,68.34326041161741,67.79749332576803,68.32696533203125,1563600
2020-12-28,68.66094371834987,68.84015229906638,68.26180128886872,68.7342529296875,5655100
2020-12-29,68.9868056929628,69.35336433195077,68.07447354481467,68.14778900146484,3880100
2020-12-30,68.31883879005481,69.06010348807186,68.18850298417081,68.5224838256836,3995900
2020-12-31,68.49803859815164,69.28004097423367,67.93598254720607,69.18228912353516,4827300
2021-01-04,69.40221262904703,69.4673805197565,66.85257949887203,66.93403625488281,5311500
2021-01-05,66.93404746397206,67.50425728104179,66.90146351316066,67.03179931640625,4932600
2021-01-06,67.00735114150125,67.58570218365918,66.57562474487293,67.14582824707031,6520100
2021-01-07,67.20285908951932,67.23544303969672,66.59192400688733,67.0155029296875,4068400
2021-01-08,67.2272860904716,67.90338897884249,67.11324538818641,67.66716003417969,4931600
2021-01-11,67.22728861975999,67.62643109277506,66.53489683990661,66.77112579345703,6565100
2021-01-12,66.68151920535361,66.98291604224936,66.16833604337111,66.92589569091797,7857300
2021-01-13,66.97477883917225,67.87896327466119,66.96663129779535,67.74048614501953,9024900
2021-01-14,67.96854925626177,68.60392058774863,67.7160252597018,68.13961029052734,5866400
2021-01-15,67.98485486561727,69.13341579756111,67.75677343041642,68.92162322998047,3939700
2021-01-19,69.35334388944571,69.38592783671312,68.41657560345293,68.72611999511719,5521200
2021-01-20,68.78312860818095,70.3552680606502,68.53060461365125,70.03758239746094,5198300
2021-01-21,69.83394906980944,69.84209039553005,69.10082579604375,69.70361328125,4213200
2021-01-22,69.34520061323796,69.9805783018957,69.17413954062917,69.86653137207031,5272700
2021-01-25,69.84208906184921,70.9336295185572,69.45109413314212,70.39600372314453,7819700
2021-01-26,70.55076884814035,71.12097231819939,70.42858061462721,70.89289093017578,4706300
2021-01-27,70.3634341191775,71.01510075285842,69.29633606590977,69.63845825195312,5907600
2021-01-28,69.65474207884922,70.79515539610925,69.42666065834774,70.01315307617188,6237000
2021-01-29,69.62215599930522,70.32269532068399,68.84015991806314,69.20671844482422,7349800
2021-02-01,69.63030797084575,70.83588300894876,68.7668488600392,70.7870101928711,6149000
2021-02-02,71.24317049565316,71.4712519155118,70.60779905040336,71.21058654785156,3849800
2021-02-03,71.25131979912125,71.25946733996138,70.05388610048509,71.03137969970703,5148700
2021-02-04,71.04767603117358,71.91927647381702,70.94992418363076,71.52013397216797,4118200
2021-02-05,71.82151685407494,71.91112115093776,71.52826755793343,71.77264404296875,2583900
2021-02-08,72.03332092396596,72.16365051269531,71.51199013954223,72.16365051269531,3212700
2021-02-09,72.29399519459719,72.60353344375278,72.00074581550076,72.41618347167969,2518800
2021-02-10,72.79087055803694,73.39365802834759,72.48947371550547,72.80715942382812,3421400
2021-02-11,72.93750816967302,73.38552352819138,72.53836563196488,72.96194458007812,3717000
2021-02-12,72.77458068989449,73.05154114620004,72.42431722490223,72.97822570800781,2297400
2021-02-16,73.24705256928361,73.28778406656242,72.01704090031386,72.41618347167969,2774500
2021-02-17,72.25323791873305,72.44059403871496,71.88667943302059,72.32655334472656,2939000
2021-02-18,72.0659016253194,72.32656700577762,71.89484055202676,72.01702880859375,3254600
2021-02-19,72.2776833727654,72.86417572996372,72.082179705614,72.43244934082031,4170700
2021-02-22,72.25324551212763,73.35293351433921,72.09847953387936,73.03524780273438,3493000
2021-02-23,73.21444886742077,73.69505430371802,73.02709894587865,73.49140930175781,4378300
2021-02-24,73.49955217810144,74.2815481902373,73.32034359338766,74.053466796875,3551200
2021-02-25,73.96387798225683,74.493350092752,72.13921402402401,72.6361083984375,7548800
2021-02-26,72.91306694197463,72.92120826840285,71.49569308458845,71.57715606689453,6519800
2021-03-01,72.39172306769237,73.04338330490747,71.81337204357881,71.89482879638672,4834000
2021-03-02,71.91927419893486,71.91927419893486,70.72998805783668,71.20244598388672,4715600
2021-03-03,71.16984914115122,71.46309840662002,70.648518494707,70.7951431274414,6231400
2021-03-04,70.93363969520192,71.31649335327076,69.14155966814081,69.98872375488281,6869500
2021-03-05,70.5263284150463,70.99878624310352,68.79126927074162,70.75440979003906,7166100
2021-03-08,71.05582586960905,72.11477628584093,70.53448888061041,71.36536407470703,4823000
2021-03-09,71.78894292776897,72.39173668438548,71.74007010984175,71.83782196044922,3873600
2021-03-10,72.02517104438627,73.01081222090127,71.80523715159076,72.55464935302734,3429700
2021-03-11,73.06783647943391,73.82539626244726,72.61982112878829,73.40181732177734,3830000
2021-03-12,73.3692267127334,74.66441225670086,73.336642764138,74.63182830810547,3262800
2021-03-15,74.80289379096452,75.91886457612964,74.4200401408191,75.73966217041016,6026400
2021-03-16,75.74779282103376,75.91885387607911,75.10427387219521,75.43010711669922,3122500
2021-03-17,75.29162478853586,75.5278537190576,74.59108553657529,75.49526977539062,3663100
2021-03-18,75.19388651600003,75.26720195615844,74.47705827032814,74.72957611083984,3496000
2021-03-19,74.8436152980716,75.03911899133196,73.64618780430403,73.71134948730469,4429400
2021-03-22,73.71951320894956,74.41190518398334,73.47513664611215,74.23269653320312,2677000
2021-03-23,74.20824967894849,74.705144062653,73.71135529524399,74.12679290771484,2966400
2021-03-24,74.16751855682608,74.76215853325617,73.71134948730469,73.71134948730469,4144500
2021-03-25,73.60155459167304,74.63392186975133,72.78221191003648,74.46186065673828,4218800
2021-03-26,74.82238128478294,76.10874917983,74.69128969253754,76.06777954101562,3864600
2021-03-29,75.9039092181411,76.14971453502169,74.96166383821733,75.62533569335938,5116600
2021-03-30,75.51062347784422,75.9366789158224,75.41230010703919,75.72364807128906,5822100
2021-03-31,75.72366151936745,76.10055846442204,74.96167245079698,75.26483154296875,4430400
2021-04-01,75.65809038170198,76.67407967557547,75.37951690669935,76.63311004638672,5461200
2021-04-05,77.14931900729987,77.14931900729987,76.18249427883661,76.92809295654297,4239900
2021-04-06,76.97724340720437,77.13292051902108,76.6003465190432,77.12472534179688,5111600
2021-04-07,77.14111974378976,77.42788845079713,76.51022233728455,77.18208312988281,3038500
2021-04-08,77.20667898864247,77.49344773400296,76.82158685154847,76.89532470703125,5034300
2021-04-09,77.01821426423344,77.11653763921802,76.62492701538383,76.80518341064453,5371000
2021-04-12,76.96086496653376,77.25582885742188,76.31358344214536,77.25582885742188,2828200
2021-04-13,77.14110779660993,77.73922439986539,77.04278443325417,77.64090728759766,3975300
2021-04-14,77.71465615509044,78.1161323397207,77.12472839337882,77.23124694824219,4569100
2021-04-15,77.70645017674538,78.5831527709961,77.54258415508598,78.5831527709961,6497000
2021-04-16,78.86992597784644,78.9846334498335,78.49302910544776,78.75521850585938,3754200
2021-04-19,78.79618881919252,78.91089630126953,78.25542586812792,78.91089630126953,2882900
2021-04-20,78.78801136472828,79.70567135496161,78.75523690063567,79.55818939208984,4968700
2021-04-21,79.65650220379048,80.22185069488671,79.36973349493334,80.08255767822266,4407000
2021-04-22,80.07436185974927,80.4020939267564,79.46804378339142,79.64830017089844,3207200
2021-04-23,79.82856484319194,80.27920585872798,79.59095469419012,80.1153335571289,5225600
2021-04-26,80.37751507106204,80.82815604220798,80.16448422551227,80.35293579101562,5404600
2021-04-27,80.59053947488809,80.62331392935977,80.13989853976256,80.34473419189453,3091100
2021-04-28,80.54958061601543,80.65609917006523,80.13172033056865,80.17268371582031,3509200
2021-04-29,80.70524667163903,81.22143026290352,80.32015464673734,80.86092376708984,3319100
2021-04-30,80.61512488440498,81.36072971539689,80.46764295360924,81.18047332763672,4371300
2021-05-03,81.57374593568811,81.57374593568811,80.84453153357472,81.02478790283203,6844100
2021-05-04,80.64791683828086,81.30339361760119,80.04160488061797,80.50043487548828,6449000
2021-05-05,80.36112595390705,80.36112595390705,78.84534335176696,79.16488647460938,4580300
2021-05-06,79.22225348358884,79.67288825104251,78.86993584666148,79.60734558105469,5649700
2021-05-07,79.66470856617993,80.70527124186451,79.53361070881719,80.65611267089844,5884900
2021-05-10,80.95106630515043,81.58195747298733,80.62332795450867,80.63152313232422,3436700
2021-05-11,79.94325494343313,79.94325494343313,78.95185117594446,79.61551666259766,4036900
2021-05-12,79.42708200926423,79.58275286891899,77.54259133036264,77.59994506835938,4601200
2021-05-13,77.83757326413387,79.16491097439888,77.7884146918948,78.60775756835938,5118900
2021-05-14,79.02561148191472,79.82037500736516,78.91090398866307,79.54180145263672,3936600
2021-05-17,79.50902602864329,79.79579475830461,79.22225729898196,79.62373352050781,3320200
2021-05-18,79.64012908935547,80.1563191281353,79.14852458901927,79.64012908935547,3359800
2021-05-19,79.02558803943062,79.38610076904297,78.21444064889052,79.38610076904297,3602500
2021-05-20,79.40250128453171,80.53319192065241,79.18127526264794,80.2791976928711,2466500
2021-05-21,80.4758377529516,80.63151486002998,80.00881268280493,80.19725799560547,3020000
2021-05-24,80.55779009249774,81.50003563577842,80.48405223530298,81.1968765258789,3491500
2021-05-25,81.3443405712162,81.52459696165734,80.84454103447975,81.17227935791016,4243300
2021-05-26,81.31976790187821,81.99162870654034,81.15590185238564,81.53279876708984,4518100
2021-05-27,81.78679091633474,81.79498609392539,81.24602796604134,81.34434509277344,4362900
2021-05-28,81.81955339830604,82.0735476066345,81.57374811528055,81.8359375,3409400
2021-06-01,82.23743116320102,83.3189633049569,81.94246728353225,83.3107681274414,4385000
2021-06-02,83.62211762294768,84.37591769077935,83.25341589223999,84.2857894897461,4446100
2021-06-03,84.18745710838273,84.18745710838273,83.58114529897746,83.97442626953125,4187600
2021-06-04,84.39230065081993,84.39230065081993,83.63850684429724,84.0154037475586,3121200
2021-06-07,84.17928264999134,85.37552246073687,84.15470336466826,85.00682067871094,4773100
2021-06-08,85.21984425191789,85.94086364753497,85.12152086797903,85.7114486694336,3935800
2021-06-09,85.95724682111364,86.20304588378775,85.78517935082633,85.8261489868164,3243000
2021-06-10,85.9080845412028,86.66187835737546,85.65409029362242,86.44065856933594,4010100
2021-06-11,86.45704127594759,86.54716947545572,85.67047301294927,86.0965347290039,3274100
2021-06-14,86.10472625070955,86.43246459960938,85.95725055734815,86.43246459960938,3531700
2021-06-15,86.35872423754827,86.4324620820812,85.50660705566406,85.50660705566406,4099600
2021-06-16,85.68689575757514,86.0719879826583,84.79380860243252,84.9494857788086,4498600
2021-06-17,84.72823380329409,84.96583769149363,84.27759280618004,84.84294128417969,5055100
2021-06-18,84.40869762838184,84.77740566141284,83.40090942382812,83.40090942382812,5358000
2021-06-21,83.82695790218551,85.3837104359027,83.40909758476738,85.12152099609375,3672900
2021-06-22,85.12150767214989,85.21983104084633,84.62170815401427,84.67906188964844,3088200
2021-06-23,84.67905998815358,85.00679829202723,84.4578402274146,84.53157806396484,3682900
2021-06-24,84.84433069760452,84.84433069760452,83.88713280517425,84.34922790527344,3229000
2021-06-25,84.37398449581944,85.00111807488153,84.23370652153181,84.9186019897461,2739100
2021-06-28,85.06712310396418,85.11663778914027,83.9118853760794,84.6710433959961,3940700
2021-06-29,84.80305149952373,85.1578762461984,84.38221767797664,84.43997955322266,3777300
2021-06-30,84.44824928165225,84.9103507024703,83.90363806912508,83.9944076538086,6640100
2021-07-01,84.19245206051495,85.00937207112601,83.7633646061703,84.35749053955078,6491100
2021-07-02,84.68754383417613,85.0258679502854,84.30796482538237,84.61328125,4451800
2021-07-06,84.5885282215582,85.38069394155953,83.99440235766382,85.23216247558594,4478800
2021-07-07,85.10013449665303,85.8097841578305,84.82783204642229,85.52922821044922,5085500
2021-07-08,84.77006763688266,85.62824244780981,84.58852847841108,85.28992462158203,6426800
2021-07-09,85.73552060114805,86.70097200291663,85.51272024961769,86.69271850585938,5780200
2021-07-12,86.64319814198753,87.50963264163651,86.46165900525553,87.43536376953125,5627600
2021-07-13,87.21257029083455,87.28683286783236,85.88404074068703,86.214111328125,5474100
2021-07-14,86.2223567578724,87.07228425355954,86.02431692770567,86.81648254394531,3397400
2021-07-15,86.64320822057509,87.05579492638735,86.57719283670748,86.95677185058594,2990100
2021-07-16,87.27034917805423,87.6334212289732,86.84125544209449,86.89901733398438,6435400
2021-07-19,85.90880789475011,86.09034706000986,84.65454073235935,85.31468200683594,5097800
2021-07-20,85.77677209635394,87.66641993087417,85.6530011232678,87.3281021118164,4999700
2021-07-21,87.48487162143311,87.897458276741,87.18781502153837,87.31983947753906,4329100
2021-07-22,86.91551842420306,86.92376562564556,86.18111457910874,86.626708984375,3932400
2021-07-23,86.93201778575717,87.44362756813725,86.62670765216576,87.3446044921875,4128200
2021-07-26,87.26209460737256,87.6086659544499,86.75048478865793,87.38587188720703,2857700
2021-07-27,87.33635630842272,88.02125179370047,86.98153776305776,87.88097381591797,3096100
2021-07-28,87.95522443264528,88.12851637640328,87.30334302567131,87.57564544677734,3577300
2021-07-29,87.88921837668505,88.44208302978211,87.509639377742,87.59215545654297,3357700
2021-07-30,87.76544926801634,88.88768567162035,87.66642618690757,87.70768737792969,4325800
2021-08-02,88.18630105683923,88.8381889279107,87.3446204959825,87.51790618896484,4089800
2021-08-03,87.68292210007179,87.81494656262421,86.99802670733519,87.62516021728516,5178600
2021-08-04,87.60866124488956,87.95523257333635,87.02278886711325,87.35285949707031,4038300
2021-08-05,87.83144937343431,88.39256747760614,87.60864905359855,88.37606048583984,3294800
2021-08-06,88.50810877381082,88.82992592571505,88.08726853840759,88.21929931640625,2753600
2021-08-09,88.06250179003287,88.09550947982801,87.5921532277051,87.74893188476562,2727800
2021-08-10,87.87273305533814,87.88098655392575,86.80001117521728,86.91553497314453,3771000
2021-08-11,87.27035296551203,87.54265544162543,86.87426690709586,87.42713165283203,3256700
2021-08-12,87.62517396876278,87.66642886547156,87.21258722823082,87.6169204711914,2891900
2021-08-13,87.79846467507545,88.19454444315961,87.5096551992694,88.09552764892578,2601600
2021-08-16,88.01300359492076,88.4750987144165,87.77370253787508,87.98824310302734,3166800
2021-08-17,87.61690502527279,87.93046862639254,87.13830297969034,87.8974609375,3004300
2021-08-18,87.71593356816554,87.76544195680876,87.03929164255717,87.09705352783203,3439200
2021-08-19,86.6597249268799,87.59217508342851,86.51944693192868,87.51790618896484,4069500
2021-08-20,87.31984995751122,88.31830902772086,86.82474717083495,87.95523071289062,3238900
2021-08-23,88.12851574363661,88.31004859121288,87.54263712871926,87.79019165039062,3230600
2021-08-24,87.90573059849835,87.97999948605703,87.02279521887294,87.40237426757812,2867100
2021-08-25,87.38586568105994,87.8974691678665,86.99803316972367,87.3446044921875,3329400
2021-08-26,87.42713290889168,87.65818678537234,87.02279964230576,87.37762451171875,2889400
2021-08-27,87.6911844222047,88.56587260668427,87.60042112980857,88.29356384277344,3059300
2021-08-30,88.33481666972207,89.18474428060908,88.11201632195986,89.1764907836914,3600600
2021-08-31,88.90417169445142,89.70459082178664,88.73913954875403,89.59732055664062,4210100
2021-09-01,89.81187498831044,91.09914984717538,89.77887359052114,91.03313446044922,5683100
2021-09-02,91.21466346778384,91.51997987570957,90.48025968507217,91.51172637939453,5207100
2021-09-03,91.2889429457079,91.64376780605667,90.52153133125937,91.52824401855469,4460700
2021-09-07,91.30544553517657,91.37970812545514,89.7953765771065,90.49677276611328,4929300
2021-09-08,90.27397297982488,91.22292366744797,90.05117263195825,90.95061492919922,4265700
2021-09-09,90.45551787123112,90.55453465827051,89.07747339438495,89.10223388671875,6221300
2021-09-10,89.17649240298474,89.32502387233212,87.78194729053288,87.79845428466797,5894700
2021-09-13,88.5658561416316,89.12697426496175,88.14501597524072,88.39257049560547,5725300
2021-09-14,88.86292762944974,88.89593532172417,87.72418428048958,88.23579406738281,3848200
2021-09-15,88.34305651568383,88.90417464346959,87.87270795971436,88.51634216308594,4027400
2021-09-16,88.44207524246026,89.01144683852833,87.93871902184964,88.59060668945312,3405200
2021-09-17,88.40082736355136,88.83817457009961,87.62516861969164,87.79845428466797,6964300
2021-09-20,86.82475166785669,87.76544889993635,86.22237227755889,87.26209259033203,6207000
2021-09-21,87.70770090772515,88.34308179669225,87.27860711896896,87.3033676147461,4371800
2021-09-22,87.93873530335456,88.68964617317233,87.55090277020243,88.15328216552734,4650400
2021-09-23,88.40907548596608,88.71439190316728,87.89746572363326,87.97998809814453,4042800
2021-09-24,87.74500576200644,88.09372587600832,86.8399867980222,87.03926086425781,4881000
2021-09-27,87.07249241469711,87.66199740447554,85.78554070846825,85.86856842041016,4311000
2021-09-28,85.37870115865252,85.76063370428226,84.76428214930135,85.28736877441406,7096500
2021-09-29,85.76893839436485,86.3418340456284,85.60287663452812,85.92668914794922,6227000
2021-09-30,86.21726084169389,86.30859319579535,84.50686645507812,84.50686645507812,7019300
2021-10-01,85.05486689913066,86.29199660395857,84.55668808170651,85.7024917602539,6106100
2021-10-04,85.60286090892072,86.0927350921866,85.1877160875054,85.71910095214844,5638600
2021-10-05,85.78553013724844,85.8519548324599,84.83069573105837,85.12960052490234,4313800
2021-10-06,84.78089136146795,86.05123373259117,83.85926918347495,85.94329833984375,5587900
2021-10-07,86.40824608630362,87.19701874245489,86.06783061409146,86.17576599121094,4055300
2021-10-08,86.16748087360719,86.27542260982791,85.29568031918367,85.36209869384766,5295400
2021-10-11,85.37870462686202,85.95160030127427,84.9718580497791,85.57797241210938,2634200
2021-10-12,85.78553509821445,87.06418204924489,85.55305498613764,86.6988525390625,3666500
2021-10-13,86.5909147946918,87.3630844799691,86.04292054434954,87.32987213134766,3371000
2021-10-14,87.83633142840561,88.47565158866486,87.61214970463475,88.39262390136719,2721900
2021-10-15,89.0983950362323,89.1731244110757,87.93599440185368,88.32622528076172,3065400
2021-10-18,87.9608872614527,88.84099226051052,87.82803787727407,88.5503921508789,3424100
2021-10-19,88.93234080322966,89.10670090072072,88.5171959040771,88.5919189453125,3104500
2021-10-20,88.7164513172491,89.9867935180664,88.65833129285247,89.9867935180664,6018900
2021-10-21,89.93697568600908,90.15285277122281,89.73770794136962,90.11133575439453,4849600
2021-10-22,90.22758056827726,90.84199950984774,90.1445528648403,90.5347900390625,4873000
2021-10-25,90.6676289837656,91.0578661402815,90.00340105180032,90.82538604736328,2625200
2021-10-26,90.99975640643095,91.38168893578292,90.79218396648261,91.0744857788086,2940600
2021-10-27,91.41489225651816,91.41489225651816,90.29400245843836,90.30230712890625,3573000
2021-10-28,90.38532893878546,91.58094802393528,90.31890424858666,91.56433868408203,3681000
2021-10-29,91.16581198747727,91.52283681340313,90.127949857996,90.5347900390625,5990500
2021-11-01,90.75065895557474,91.16580376994679,89.49691984248112,90.98313903808594,5846500
2021-11-02,91.28205866517806,91.76362191391112,90.70085202971538,91.41490173339844,3405900
2021-11-03,91.47300987357707,91.971182400214,91.00804969333025,91.72209930419922,2723200
2021-11-04,91.75532277862281,92.08743994819554,90.4766757932631,90.85030364990234,3378800
2021-11-05,91.6722943160131,92.38633767300153,91.23223542754839,91.31526947021484,3209300
2021-11-08,91.63907375279925,91.81343382447739,90.65933168245961,91.24053192138672,2989800
2021-11-09,91.34017251535076,91.59756029765646,91.13260008843125,91.3982925415039,2671500
2021-11-10,91.12429829171053,91.70549857157302,90.9416335367229,90.97484588623047,4021900
2021-11-11,91.11597816729366,91.14088584154797,90.50156564212877,91.12428283691406,2395200
2021-11-12,91.37338309447661,91.3982907716874,90.80048118019782,91.05786895751953,3194300
2021-11-15,91.20731515233105,91.72209700657149,90.8751980313568,91.69718933105469,2713500
2021-11-16,91.75530630239038,91.82172465669187,90.88349968063577,91.09107208251953,3043900
2021-11-17,90.85860068207238,91.49792095369627,89.64637849946841,91.37338256835938,4667900
2021-11-18,91.49791950798178,91.54774119593691,90.9831439644361,91.38998413085938,2812800
2021-11-19,91.39829792988856,91.4813256386297,90.5098881436812,90.85030364990234,2928800
2021-11-22,90.94162895885667,91.19071840032063,90.24418865812979,90.40193939208984,3352600
2021-11-23,90.59290930721525,91.39829132649378,90.25248749098095,91.13259887695312,3867100
2021-11-24,91.07448449121044,92.40294682117658,90.85860738302593,92.23688507080078,3227600
2021-11-26,90.91671435038248,90.91671435038248,89.13989505158193,89.67127990722656,3514700
2021-11-29,90.33551788330078,91.09938285308233,89.6712836189471,90.33551788330078,4825900
2021-11-30,89.79584133482427,90.02832146062133,88.55040665981869,88.62512969970703,6335800
2021-12-01,89.45541344581041,90.55139563246452,87.1389043464853,87.163818359375,8641300
2021-12-02,87.5955758965315,90.30232247991567,87.39630811368004,89.77923583984375,7134400
2021-12-03,89.87886565971681,90.302315206954,88.70815406871046,89.4803237915039,7798400
2021-12-06,90.02001196854108,91.70549912492042,90.02001196854108,91.04957580566406,7212400
2021-12-07,91.79683004030557,92.62711976595119,91.57265460160872,92.3614273071289,5363400
2021-12-08,92.3614157928614,93.249825435164,92.16214805723844,93.02565002441406,5542400
2021-12-09,92.66863454525553,92.7018468936312,91.65568009092488,91.68058776855469,3724500
2021-12-10,92.14554008677541,92.16214309109638,91.56433358183327,91.96287536621094,3828200
2021-12-13,91.78023385111545,93.2332409789351,91.50623670099202,92.82640075683594,6555000
2021-12-14,92.56899664036082,92.75166138742654,91.19901737197563,91.63907623291016,5924500
2021-12-15,91.91305581043953,93.08376718226528,91.6390650578608,92.92601013183594,6675800
2021-12-16,93.21661947488003,93.75630903315604,92.38632979587311,92.89280700683594,6178900
2021-12-17,92.73504724322048,93.79781691530131,92.56898552282853,92.77655792236328,7201700
2021-12-20,91.80511744345937,92.31989925699224,91.01634488630087,92.05420684814453,6071100
2021-12-21,92.76825149554762,93.52381166995445,92.57728211740599,93.0920639038086,4251000
2021-12-22,93.36607583466399,94.13824552230986,93.25814045226903,94.04691314697266,4517500
2021-12-23,94.27940568729485,94.4039440848044,93.45741425608264,93.9472885131836,6977700
2021-12-27,93.95817960594401,95.5589266339651,93.88274825390239,95.54216766357422,9185100
2021-12-28,95.48349552336609,95.99473040787181,95.26559055764741,95.89415740966797,3630400
2021-12-29,96.08693603203544,96.74902732226879,95.5840837491318,96.53950500488281,3842900
2021-12-30,96.58139789257572,97.36082110655894,96.58139789257572,96.95854187011719,3990400
2021-12-31,96.97529341816883,97.81338255640634,96.92501011599064,97.22672271728516,5440300
2022-01-03,97.39435277739537,97.41949443230241,95.08960729724826,96.46407318115234,9845000
2022-01-04,96.7322456957589,97.2853875898509,96.26291782982335,96.34672546386719,5330700
2022-01-05,96.17912321640021,96.21264755337874,93.48885751647863,93.58942413330078,6928300
2022-01-06,93.70675736965373,94.050377032697,92.69267014040786,93.67323303222656,5974500
2022-01-07,93.43018351386549,93.74027241462898,92.82675828822104,93.05303955078125,6999300
2022-01-10,92.48314589032566,92.60886055451647,91.36848567214109,92.51667022705078,6571900
2022-01-11,92.41608729156357,92.75132422869744,91.2343849209548,92.65913391113281,5568500
2022-01-12,92.6675239165058,93.33799784376144,92.62561689825985,92.76809692382812,4331700
2022-01-13,93.02789594464569,93.4385578390948,92.42447073167644,92.58370971679688,3921700
2022-01-14,92.08922629783193,92.18141660865076,90.65609473071052,91.74561309814453,6465300
2022-01-18,91.14220081761022,91.26791547687093,90.17839695542894,90.78182220458984,5828700
2022-01-19,91.26789946274666,91.65341966115206,89.55819702148438,89.55819702148438,5111000
2022-01-20,89.67553527446908,90.76505368124315,88.35135293863291,88.41001892089844,6982000
2022-01-21,88.44356162204112,89.34031690527264,87.96585098320027,88.192138671875,8031500
2022-01-24,87.29538585629682,88.58603777068393,85.14987286837001,88.35975646972656,15646100
2022-01-25,87.39592836337701,88.67820363453889,86.35669969305353,88.00773620605469,9942900
2022-01-26,88.51899407487416,89.55822301543034,86.04662680600352,86.63329315185547,9589300
2022-01-27,87.1528924758201,87.89041505015871,84.8313882489635,85.20014953613281,7459300
2022-01-28,85.31747524557494,87.96583354827744,84.3285298250584,87.95745086669922,6924500
2022-01-31,87.63898213206798,89.20621114395381,87.21993755720027,89.03858947753906,7457700
2022-02-01,88.96317757678915,89.36545684698537,88.18375429740607,88.72013092041016,9610000
2022-02-02,89.18107968129061,90.11135286119514,89.07212398714485,89.85154724121094,4619300
2022-02-03,89.28163841565383,89.72582465348488,88.82906949575629,88.8961181640625,5453100
2022-02-04,88.3178335202564,89.06373236232105,87.18641443126833,88.01612091064453,6865600
2022-02-07,87.94909263060575,88.49384555686142,87.697663284554,87.89042663574219,5860900
2022-02-08,87.84012255100718,88.15860052308777,87.26184538033189,87.47974395751953,6106100
2022-02-09,88.393271104988,89.5246902737865,88.393271104988,89.4576416015625,5746600
2022-02-10,88.2340221465242,89.457631502973,86.85117381004771,87.34564971923828,6948000
2022-02-11,87.78985156405548,88.12508855290804,86.02986536522175,86.54947662353516,5679000
2022-02-14,86.66678775249896,87.20316420835546,85.39288887425597,85.76165008544922,5350200
2022-02-15,86.50756556219388,87.04394212201774,86.2226119180989,86.53270721435547,3612600
2022-02-16,86.6249098476556,87.1529038004356,86.0047255611041,86.93500518798828,4333000
2022-02-17,86.60814228614609,86.86795430842395,85.89576768387708,86.01309967041016,4847000
2022-02-18,85.79518947633095,86.70032090818357,85.37614489698909,85.49347686767578,4809500
2022-02-22,85.16662878536793,85.79519569997741,84.62186951388371,85.18338775634766,6656900
2022-02-23,85.90415347875131,86.27291481784972,83.74188154440613,83.77540588378906,6201000
2022-02-24,82.14112619151857,85.4515760508165,81.88969686802945,85.18338775634766,9479200
2022-02-25,85.52700562010443,87.36241662445227,85.14147896037224,87.23670196533203,5870300
2022-02-28,86.51595144423707,86.85956469334296,85.03252997070636,85.93766784667969,7296900
2022-03-01,86.15556603181403,86.67517720567126,85.02414057907127,85.48509216308594,8896200
2022-03-02,85.79519541564576,87.52165715593526,85.66948075431785,87.08585357666016,6946100
2022-03-03,87.57192252119157,88.09154003096887,86.66679121212191,87.79821014404297,6517000
2022-03-04,87.03554955093222,88.28430048794078,86.80926831307502,88.20049285888672,6438500
2022-03-07,88.00774672674426,88.2172690220885,86.41537600330547,86.45728302001953,6506200
2022-03-08,86.4153760997861,87.58031955167164,85.74490219629078,86.03823852539062,7090600
2022-03-09,87.48813379114141,88.23403269075686,87.21994549458431,87.36241912841797,5785900
2022-03-10,86.4405204308304,87.78984456769588,86.20585647556914,87.580322265625,4034900
2022-03-11,88.25077855988319,88.66144039955175,86.82602335395917,86.88468933105469,5381600
2022-03-14,87.37918249158844,87.53003880457743,85.82033605540659,86.20585632324219,4539900
2022-03-15,86.97688318830286,87.43783473723941,85.99632050505117,86.78412628173828,5245000
2022-03-16,87.421091822524,88.22565677389485,85.95443556454182,87.81499481201172,6561300
2022-03-17,87.49651296050823,89.17269134521484,87.47974759595782,89.17269134521484,3844300
2022-03-18,89.12240164567673,89.47440396599109,88.63631477363778,89.17269134521484,5815300
2022-03-21,89.23974527679461,89.65040721490882,88.24241703297517,88.62793731689453,4571900
2022-03-22,89.16430519087866,89.39896913254168,88.66145297387038,88.85420989990234,4749800
2022-03-23,88.48090825649605,88.90224591486032,87.73935629225183,87.85733032226562,4595400
2022-03-24,87.88260717471553,88.43876952557149,87.5455357713259,88.41349029541016,3893400
2022-03-25,88.80112347903072,89.51740264892578,88.48933772324831,89.51740264892578,4495100
2022-03-28,89.60165011755387,90.4696044921875,89.41626055615616,90.4696044921875,4130800
2022-03-29,91.36285165997,93.27572813216082,91.27015686550602,93.1240463256836,5350500
2022-03-30,92.7448404615099,92.91337937715555,92.0369963031049,92.44990539550781,5216200
2022-03-31,92.82912179975361,93.10719978559938,91.32073211669922,91.32073211669922,7466900
2022-04-01,91.74206239181355,93.13247149605262,91.44712089299692,93.09877014160156,6568700
2022-04-04,93.13246164183994,93.33470832176087,91.82631892013427,92.64371490478516,6311800
2022-04-05,92.3824942821088,93.5285332473296,91.91059815375996,92.18868255615234,4993700
2022-04-06,91.81789601044697,93.3768439633067,91.37970770189314,93.28414916992188,5050800
2022-04-07,92.74483810443328,92.82068222182184,91.75048102925302,92.35720825195312,5338200
2022-04-08,92.4920528243836,92.91339052037593,91.83476704729206,92.50890350341797,5941000
2022-04-11,92.26450678850556,92.77011062783997,91.32071466950842,91.5145263671875,4315700
2022-04-12,91.55667601386679,92.21396174349732,91.02578644062477,91.37971496582031,5094800
2022-04-13,91.43870192274576,92.16340322138356,91.1437668428589,92.02857208251953,4673100
2022-04-14,92.39093174030941,92.795418767238,91.55668488182924,91.63252258300781,4464700
2022-04-18,91.44712481201846,91.96115728230781,90.81511830878756,91.2617416381836,4256900
2022-04-19,91.73363204947042,93.5032488623437,91.64093725378208,93.25045013427734,7536100
2022-04-20,93.58750995440616,95.11275650827008,93.52010082142635,94.80096435546875,5395900
2022-04-21,95.28129474240022,95.5678076840109,94.05941814406351,94.14368438720703,4820700
2022-04-22,93.90775279215319,94.00044760458655,92.43307077684477,92.49205780029297,4917800
2022-04-25,92.20555387141457,92.63532018683827,90.7224495849121,92.25611877441406,6032300
2022-04-26,91.98644303038408,92.55103396415612,90.68029368415671,90.7392807006836,6217500
2022-04-27,90.78984845916634,91.52297839314977,90.06514707957902,90.1409912109375,6007100
2022-04-28,90.58760133073893,92.09599099880822,89.62695193328072,91.80105590820312,7235300
2022-04-29,91.23645634241096,91.36285892938307,87.36857961314163,87.58767700195312,9573900
2022-05-02,87.52867907148078,88.0932699365756,83.7282119572465,85.47254943847656,11885700
2022-05-03,85.75906608047305,87.05678686886905,85.18604659506576,86.53433227539062,7245400
2022-05-04,86.5933088697185,87.70563992173925,85.05964020058228,87.52867889404297,8686700
2022-05-05,87.16632904562076,87.62137444756239,84.53717997743641,85.19446563720703,8884000
2022-05-06,84.58773857296012,84.85739439354042,83.31530358505724,84.18325805664062,9398500
2022-05-09,83.42484223530555,83.42484223530555,80.18054410086394,80.47547912597656,8491700
2022-05-10,81.3855754649073,81.95859487993955,78.3772251432635,79.00923156738281,12528300
2022-05-11,79.17776964472236,80.68615918851161,78.6721657554712,78.8406982421875,9095800
2022-05-12,78.69746236610675,79.54856639892779,78.26769607223224,79.45587158203125,8312300
2022-05-13,80.14685657150629,81.57940215775808,79.63282407111056,81.55412292480469,7536700
2022-05-16,81.36029791893968,81.73107065696715,80.8715447311967,81.04007720947266,4614200
2022-05-17,82.00915081462574,82.16926116112485,80.93052757928804,82.14398193359375,4492000
2022-05-18,81.89960445099972,82.01757846424765,79.44741654184311,79.75920867919922,5130300
2022-05-19,79.11877577876432,80.35750937905597,79.11877577876432,79.40528869628906,6365100
2022-05-20,80.13842344336132,80.33224160011297,78.66374160029015,79.91090393066406,4471300
2022-05-23,80.6018891772245,81.06535670857956,79.4474217669692,80.83783721923828,4662400
2022-05-24,80.46704941908396,81.67207515790581,79.26202368026213,81.52039337158203,5895300
2022-05-25,81.20018753616155,82.43049262863649,80.96423949501593,82.21139526367188,4589300
2022-05-26,82.52319936038221,83.12149810245349,82.20298503379702,82.31253051757812,4355200
2022-05-27,82.74229446742712,84.53719064397309,82.74229446742712,84.52033996582031,4990000
2022-05-31,83.74506822565613,84.04000972121251,83.02879551309549,83.48384094238281,6276900
2022-06-01,83.76192454242032,83.85461933801837,81.7226518974675,82.7928466796875,4607100
2022-06-02,82.48105553326329,83.97259440522485,81.4782763043294,83.93045806884766,5450800
2022-06-03,83.27316633296537,83.71978317814808,82.5906014510146,82.8096923828125,4989900
2022-06-06,83.50068257666511,83.66922147431707,82.34622166598173,82.5484619140625,5445300
2022-06-07,82.14399752794696,83.72822490196386,81.8237767741575,83.68608856201172,6489200
2022-06-08,83.14676306596584,83.35743187261667,81.57938663015551,81.75634765625,4566100
2022-06-09,81.41086261656788,81.86590805771351,79.81820678710938,79.81820678710938,4358600
2022-06-10,78.77328521384149,78.9839540263817,77.99801909757602,78.048583984375,7260100
2022-06-13,76.31267859325364,76.35481493292178,73.82678885129967,74.14700317382812,8559700
2022-06-14,74.39980113945415,74.54305439387085,73.00095709062616,73.58240509033203,8707300
2022-06-15,74.27339243849764,76.35480123426849,74.07958074064219,75.32673645019531,8851100
2022-06-16,73.54027015257634,74.15542594662037,73.0262441374932,73.3464584350586,8083300
2022-06-17,73.32117684525944,74.87169625191203,73.22848205148108,73.90261840820312,7791800
2022-06-21,74.58520101126327,75.73966218778212,74.55149322397105,74.93069458007812,5933100
2022-06-22,74.14699623018834,76.85198311271792,74.13857410632565,75.8829116821289,6250200
2022-06-23,76.16275584691971,77.5450703697315,76.120357569997,77.32457733154297,6139300
2022-06-24,77.87582610623987,79.07156392247343,77.6468507675614,78.96980285644531,4656500
2022-06-27,78.91042935982807,79.70758563902342,78.3846401998874,78.85106658935547,3784200
2022-06-28,79.31748950446611,79.91959947630228,77.78253318851833,77.89277648925781,4735900
2022-06-29,77.45180569819628,77.56204901157815,76.55287528964315,77.4094009399414,4606700
2022-06-30,76.86664687139405,78.21503912978348,76.28997714850837,77.26522827148438,6402600
2022-07-01,77.14650498258798,78.87651420191729,77.00233916515822,78.65602111816406,4512500
2022-07-05,77.85885427679848,78.46096425092561,76.60375380032579,78.4355239868164,5154400
2022-07-06,78.6814580980695,79.33445507690206,78.028467589294,78.2913589477539,3428900
2022-07-07,78.7662559039859,79.19875977954378,78.29983599157259,78.50336456298828,3032400
2022-07-08,78.3337476194693,78.6729597013667,77.71467327690068,78.08781433105469,3509800
2022-07-11,77.83340223701089,78.23198356790456,77.31609537819858,77.91820526123047,3453200
2022-07-12,77.51116160975432,78.40160322368864,77.0616996803317,77.61292266845703,4396100
2022-07-13,76.73943533626384,77.80797169099311,76.25605092080053,77.23978424072266,5572400
2022-07-14,75.95924345825283,76.88361408461847,75.85747592588328,76.54439544677734,4494500
2022-07-15,77.79101552904139,78.21503718325602,77.08713803023143,77.8418960571289,5124800
2022-07-18,78.38463355229486,78.46943657862712,76.98536097261595,77.29065704345703,3397900
2022-07-19,77.98606568728798,79.38533850875807,77.90126264630194,79.29205322265625,3659100
2022-07-20,79.14787349807028,80.07223748148576,78.71536965396682,79.10546875,4212400
2022-07-21,79.26660468539002,79.74150684139858,78.34223416595152,79.73302459716797,5062800
2022-07-22,80.20792996679798,80.65739184192319,79.53797504102509,80.14856719970703,3615200
2022-07-25,80.23337545492616,80.74220013028796,79.8771988291786,80.28425598144531,3252800
2022-07-26,80.27577027520672,80.80155290433856,80.07223525419829,80.36904907226562,3337300
2022-07-27,80.56410068048376,81.04748502576443,79.87718778720489,80.85243225097656,4160900
2022-07-28,81.38669981876112,83.54920590753176,81.3782175758875,83.47288513183594,4100300
2022-07-29,83.47290137233462,84.22765938354287,83.13368276200289,83.92236328125,3301300
2022-08-01,83.48986149823598,83.70187232628642,82.84535323940374,83.24393463134766,3572700
2022-08-02,83.21849717675822,83.45595476550128,82.12452040562273,82.17540740966797,4731300
2022-08-03,82.68423445762978,83.29482676268,82.3959027969438,82.43830108642578,3107000
2022-08-04,82.54854732509568,82.6757551381602,81.81075365542611,82.31109619140625,2884200
2022-08-05,81.708976609356,82.58246023673601,81.42064497199294,82.5400619506836,2719300
2022-08-08,83.10824883636191,83.87148915029915,82.79447046561623,83.2778549194336,4694200
2022-08-09,83.38810727471302,83.74428394221039,83.02344836178261,83.73580169677734,3403700
2022-08-10,84.68561935368508,85.13508134654631,84.35488292610576,85.00787353515625,3165200
2022-08-11,85.38101397645369,85.75415516125213,84.56689304875908,84.8043441772461,2151600
2022-08-12,85.31315909638073,86.32233274596969,85.28771883127466,86.26296997070312,3423700
2022-08-15,86.08487405231001,86.73786452264925,85.93222600507976,86.61065673828125,2135300
2022-08-16,86.22904292633699,86.8141948732363,86.06791262906167,86.3816909790039,3680800
2022-08-17,85.6015037552902,86.37321989287358,85.34708814462532,85.86439514160156,3683400
2022-08-18,85.8728580010966,86.08486880543563,84.89760700712581,85.29618835449219,2263400
2022-08-19,84.78736050268698,85.12657260072041,84.10044112304038,84.39725494384766,2788800
2022-08-22,83.73579414192868,83.8036391591568,82.47221142882535,82.55701446533203,3517500
2022-08-23,82.47221463384582,82.51461938877557,81.1831916067024,81.49696350097656,5605300
2022-08-24,81.5732797995566,82.46372130286011,81.50543478881262,81.96337890625,2292200
2022-08-25,82.21779385623907,83.2100094164919,82.04818778733706,83.18456268310547,2129200
2022-08-26,83.26936802961174,83.26936802961174,81.05597464966385,81.08989715576172,3187200
2022-08-29,80.60652906953338,81.19167462541479,80.20794762983903,80.360595703125,2833800
2022-08-30,80.66588636993099,80.66588636993099,79.02068018850572,79.24964904785156,3643600
2022-08-31,79.69912138067578,80.0552980549764,78.6984299123614,78.87651824951172,4100800
2022-09-01,78.40159362819735,79.03762604747442,77.60443739567508,79.02066802978516,4746100
2022-09-02,79.70757689350464,79.86022492512231,77.73164119596979,77.91820526123047,3561800
2022-09-06,78.24895208000198,78.95282956853978,77.81645465745582,78.6220932006836,4591800
2022-09-07,78.62207231064492,80.31815845209788,78.58814981140924,80.15702819824219,3681100
2022-09-08,79.74151570100052,80.65740407796729,79.50406459661448,80.37754821777344,3408300
2022-09-09,80.63194681355861,81.53087051066689,80.29272824878282,81.25101470947266,4129900
2022-09-12,81.57327587097085,82.19234377154032,81.47150835975602,82.0396957397461,2737500
2022-09-13,80.43690327763105,80.65739634057668,78.64753145115813,78.90194702148438,4824900
2022-09-14,78.57121635177145,78.80866745057389,77.4517994073763,78.0030288696289,5301500
2022-09-15,78.02847349040407,78.25744235701504,76.47655254652209,76.56135559082031,6727800
2022-09-16,76.16276820926677,76.65463488581076,75.56065823076241,76.56983184814453,6807800
2022-09-19,75.88291739388646,76.49350313554606,75.37408623741807,76.45958709716797,4467100
2022-09-20,75.74722839337677,75.81507341117225,74.22074784326348,74.60237121582031,5850800
2022-09-21,75.11967824026424,75.56065791632777,73.39815134958123,73.42359161376953,7128900
2022-09-22,73.20309882469755,73.23702133376588,72.23632996144958,72.4907455444336,6743600
2022-09-23,71.75009660995867,72.11870550558089,70.73856567826105,71.5272216796875,8982100
2022-09-26,71.14145646405288,71.19289466840002,68.79265005659957,69.52129364013672,8119600
2022-09-27,70.12135543495157,70.59282759950308,68.42403863820172,68.5954818725586,10015000
2022-09-28,69.22126255176906,70.30137324759319,68.5183348221369,70.01848602294922,9000200
2022-09-29,69.3155596881659,69.3155596881659,67.48966368717055,67.96113586425781,8576300
2022-09-30,68.32117647706109,69.21269578454853,68.1497332233731,68.72407531738281,9023600
2022-10-03,69.77846977249563,70.3871018207226,68.61263734373551,69.94991302490234,8718400
2022-10-04,70.76426869029649,71.89581090256128,70.66139883822174,71.36432647705078,6439300
2022-10-05,70.39568626720676,70.50712374359664,68.80980651927987,69.96707153320312,6518400
2022-10-06,69.76989736789326,70.05278462746524,67.87542125948816,68.02114868164062,7820800
2022-10-07,67.3782251060698,67.75540811013884,65.93807954706361,66.38384246826172,6913700
2022-10-10,66.47814034259231,67.04390832662564,65.65519439104025,65.75806427001953,6549500
2022-10-11,65.71520897490315,66.88103494253438,64.94370120650349,66.42670440673828,7189700
2022-10-12,66.43527337320425,66.43527337320425,65.3208726231458,65.73234558105469,6634400
2022-10-13,64.42076782960439,67.25819404263375,64.00072740408253,66.93244934082031,8561200
2022-10-14,67.44681083197455,67.96114717445747,65.1751515675218,65.26944732666016,7320700
2022-10-17,66.47815150347951,67.98687074095837,66.42671328528347,67.72970581054688,5823800
2022-10-18,68.84409545832636,69.42701174950241,67.83256443952506,68.4669189453125,5609200
2022-10-19,67.7982480384745,68.0211294411664,66.34953527132504,66.76100158691406,6452100
2022-10-20,66.79531881917974,67.54111081349564,66.2809824445427,66.46957397460938,4959700
2022-10-21,66.70101602664921,67.02676737704084,65.61233759070434,66.99247741699219,6060100
2022-10-24,67.54108698643077,67.81540005880814,66.49526635419845,66.98388671875,4918000
2022-10-25,67.21535476172818,69.74417866379787,67.21535476172818,69.61559295654297,5815800
2022-10-26,69.54700864612816,70.21565297357526,69.10125230130377,69.5727310180664,5746800
2022-10-27,69.95847772964376,70.4813880812574,69.45270908490632,69.67559051513672,5239600
2022-10-28,69.3927087726819,71.39005459847077,69.19554969742852,71.21003723144531,4651400
2022-10-31,70.54998018666718,71.51864702607774,70.36138867772293,71.13289642333984,5112200
2022-11-01,71.90439364121616,72.11870097310597,70.94430098003993,71.10717010498047,4751100
2022-11-02,70.66142028990639,71.51007557170838,69.01554139788391,69.15269470214844,7240200
2022-11-03,68.51833567180869,69.5812981331836,67.74682802236711,69.05838775634766,5231600
2022-11-04,69.60701915471805,70.47282261143138,68.66406819737857,70.00135040283203,5664800
2022-11-07,70.3699527371224,70.76428398523639,69.5298716540919,70.00135040283203,5545800
2022-11-08,70.18993009406809,70.96143774312773,69.76988958407905,70.21565246582031,5578400
2022-11-09,70.04420883691589,70.82429067837144,69.31556520333993,69.4955825805664,5510300
2022-11-10,72.00726107893318,74.72467638573063,71.96439699794904,74.57894897460938,8312600
2022-11-11,74.60466349131067,75.34188119827982,74.28749284212795,74.57037353515625,5928000
2022-11-14,74.15891503854176,74.2532107929726,72.7016211774277,72.75305938720703,6181900
2022-11-15,73.72172728636606,74.05604622410456,72.76162801841836,73.54170989990234,5283900
2022-11-16,73.35310843253842,73.63599566150442,72.70161235556407,72.87306213378906,4258200
2022-11-17,71.97297852220126,72.53017893158207,71.66437541977932,72.3758773803711,4463400
2022-11-18,73.24167441329456,73.58456090552875,72.55588834854497,73.29310607910156,3854100
2022-11-21,73.03593391945114,73.74743580979462,72.81305900981675,73.6788558959961,3505900
2022-11-22,73.99603496744659,74.1760523406244,73.51598863897247,74.08175659179688,3514700
2022-11-23,73.98746785466994,74.50181072979666,73.54171144172028,74.14176940917969,4423800
2022-11-25,74.21034426375601,74.63038481229509,74.21034426375601,74.61324310302734,1524100
2022-11-28,74.19321914216688,74.5446798519307,72.444470099542,72.61591339111328,4032700
2022-11-29,72.67592312212734,73.91033581656197,72.4444740119922,73.8160400390625,6035700
2022-11-30,73.64455978812647,75.55617713981388,73.09592711242426,75.50474548339844,7077800
2022-12-01,76.05339037089519,76.61915835138063,74.72468223801131,75.34188842773438,5038900
2022-12-02,74.45036546970573,75.49618629124437,74.14176238990282,75.11900329589844,3953700
2022-12-05,74.89611945195658,74.89611945195658,73.58455324908046,73.74742889404297,5983200
2022-12-06,73.90173282362353,73.93602277842454,72.73590052094963,73.0530776977539,5276900
2022-12-07,72.90735195047877,73.97031441288657,72.76161800423021,73.19880676269531,6206700
2022-12-08,73.43026930923253,74.38178787143737,73.29310947387343,73.71315002441406,3994400
2022-12-09,73.47312652286823,74.28749832634024,73.29310914487316,73.57599639892578,4572500
2022-12-12,73.74744466768618,74.15034353446949,72.91593109839148,74.14176940917969,5115900
2022-12-13,76.19053281005314,76.69630146460575,74.64752409579216,75.51332092285156,6864400
2022-12-14,75.46189754707078,76.38770680136858,74.62181645865081,74.99899291992188,6553300
2022-12-15,74.15891602043739,74.68182646915336,73.584567361261,73.99604034423828,5325500
2022-12-16,73.22452820596456,73.22452820596456,71.28719461829778,72.08441162109375,8166400
2022-12-19,72.00727834342699,72.00727834342699,70.7385757997136,71.16719055175781,3776100
2022-12-20,70.83285818581473,71.39863269088865,70.17279447003601,70.9871597290039,6614800
2022-12-21,71.45863376353087,72.36729471332914,71.36433801891326,71.59578704833984,7101700
2022-12-22,70.9994249644461,71.33846908128622,69.97359730430533,71.29500579833984,6619400
2022-12-23,71.07764918931817,71.95568286549651,70.76468445813,71.92960357666016,3539500
2022-12-27,71.90352630615234,72.12955787003871,71.26890815140088,71.90352630615234,3961900
2022-12-28,72.05133299650154,72.39037711840314,70.5734487027037,70.67777252197266,5168000
2022-12-29,71.17329000010018,72.38167923108186,70.96464238811147,72.2251968383789,5398400
2022-12-30,71.70359802246094,72.02525151510541,70.85163677238515,71.70359802246094,4897700
2023-01-03,72.30343338792149,72.90328365434061,70.99072700767888,71.77313232421875,5906600
2023-01-04,72.37299884271403,74.05083559770411,72.30344962437965,73.3988265991211,6860200
2023-01-05,72.81635845366908,72.81635845366908,71.25153438380674,71.42540740966797,6839500
2023-01-06,71.78184772193205,73.59878301407667,71.46018754378005,73.34667205810547,5962000
2023-01-09,73.58139035680527,74.18124077450827,73.05978447003595,73.37274932861328,5699200
2023-01-10,73.25971265017729,73.53790283203125,72.56424051183097,73.53790283203125,8040700
2023-01-11,74.08559039447967,76.19809925025258,74.08559039447967,76.1720199584961,5663300
2023-01-12,76.50239126866431,77.25002880485073,75.74605842180259,77.13701629638672,5890600
2023-01-13,76.3285104678826,76.96312874344379,76.09378355193067,76.65885925292969,4153800
2023-01-17,76.77187400115945,77.27609581890582,76.57192831546605,76.8761978149414,3943900
2023-01-18,77.09352245227244,77.35432863096943,75.62432713526088,75.75473022460938,5984200
2023-01-19,75.33746337890625,76.18072270933409,75.29399346289603,75.33746337890625,4696800
2023-01-20,75.35484670645037,76.25896656441317,74.47680614483434,76.2328872680664,4251100
2023-01-23,76.2415756954582,77.0152924365755,75.75474447837166,76.58061981201172,5154100
2023-01-24,76.3719678832483,77.09352592861377,75.63302585372158,76.77186584472656,3810600
2023-01-25,76.4241256879675,76.92834077065977,76.06769103775397,76.80663299560547,4953300
2023-01-26,77.24132765787476,77.68469561271235,76.82404563309203,77.66730499267578,3939000
2023-01-27,77.49342484303487,78.8322171475307,77.49342484303487,78.53663635253906,4972100
2023-01-30,77.91072209649197,78.74529272348393,77.50212877615077,77.53690338134766,4737700
2023-01-31,77.62382914340883,79.25819563565977,77.49342604455468,79.16256713867188,5449600
2023-02-01,78.73659135650279,80.18839619074603,77.89332548494316,79.64940643310547,9787400
2023-02-02,80.37095258709329,82.179192003676,80.34487329506378,81.45763397216797,5218600
2023-02-03,80.31880738607288,80.36227730174973,78.9365516175778,79.92760467529297,5353000
2023-02-06,78.93655185109209,79.4407670585143,78.53664719690029,79.34513854980469,3787500
2023-02-07,78.97131234029169,79.53638802931874,78.1280530937547,79.1712646484375,5912700
2023-02-08,78.80614251357993,79.24081510700003,78.51925701010408,78.79744720458984,4886900
2023-02-09,79.11910809207725,79.57116467536032,77.7281571059246,77.93679809570312,2905100
2023-02-10,77.58905691998218,78.3540782867595,77.16307964107257,78.20629119873047,3270300
2023-02-13,78.39756490311076,79.02349462410626,78.31063169354556,78.90178680419922,2921900
2023-02-14,78.64965945177111,79.24950974805996,77.80639356643093,78.27584075927734,4217600
2023-02-15,77.79769884933155,78.60619013773221,77.58036255279994,78.58880615234375,3669900
2023-02-16,77.48473216140539,78.51055972131161,76.86749789022294,77.82377624511719,4493100
2023-02-17,77.55426769940517,77.77160395233454,76.78055116958272,77.51949310302734,4299600
2023-02-21,77.03267638846125,77.04137169732175,75.62433481904145,75.96337890625,4926400
2023-02-22,76.1546442780049,76.30243138199403,74.93755957424808,75.27660369873047,4456500
2023-02-23,75.73734238579125,76.04161182373103,75.01578440969386,75.84165954589844,6074900
2023-02-24,74.98971628846292,75.05057018511431,74.12905979393669,74.5115737915039,5065400
2023-02-27,75.23312593433864,75.76342697724479,74.30292694036139,74.62458038330078,5170800
2023-02-28,74.58982050880446,75.49393367644868,74.43333810813961,74.52027130126953,7261100
2023-03-01,73.9986560519733,74.2159923233086,72.99021256934068,73.58136749267578,7041800
2023-03-02,73.05977608737976,74.55505098844623,72.95545226896422,74.44203186035156,5208800
2023-03-03,75.03317769212653,75.74604044904488,74.8158414048639,75.57217407226562,4542100
2023-03-06,75.91992397358557,75.98947318696095,75.10273729787008,75.27660369873047,3893700
2023-03-07,75.22444666832315,75.29399588314391,73.36404828362598,73.5205307006836,6540600
2023-03-08,73.48575941165649,74.79847271221904,73.45098480267579,74.36380004882812,5750400
2023-03-09,74.48550539090881,74.55505460656103,72.50339917286853,72.65988159179688,5974200
2023-03-10,72.55555144349412,72.70333853943846,69.87796656749907,70.25178527832031,10351000
2023-03-13,69.88666774170916,72.1208848847883,69.62586150015075,71.17330169677734,16288000
2023-03-14,72.38167500929625,72.69463977644794,71.086346032583,71.86006927490234,8706400
2023-03-15,70.68644356981706,72.02523573660375,70.67775489481178,71.80789947509766,10284900
2023-03-16,71.16460462130219,72.0078705978332,70.37349723875764,71.65143585205078,10324300
2023-03-17,71.35584612455943,71.42539532313488,69.95620000796752,70.02574920654297,9103200
2023-03-20,70.5560590067933,71.12982338490185,69.93012940698219,70.82555389404297,6300300
2023-03-21,71.28630518518518,71.47756218713832,69.89535421540437,70.51258850097656,5024500
2023-03-22,70.10399285151959,70.13007214498809,67.86108075714793,67.87847137451172,8283600
2023-03-23,68.22620738336367,69.10424117199703,67.20906856044313,67.45248413085938,6274400
2023-03-24,67.13638725157413,69.1998244669591,66.92565497699248,69.18226623535156,8380000
2023-03-27,69.5949585646217,69.84959647978525,68.99787817366614,69.10324096679688,4956700
2023-03-28,68.59397413868646,69.24373594802424,68.33055374889773,68.93641662597656,4213800
2023-03-29,69.75300021339034,70.55203031804021,69.63007250498266,70.46422576904297,6364000
2023-03-30,71.14033780199422,71.6057147029294,71.0349750085481,71.38619995117188,4838000
2023-03-31,71.79887809477489,72.98426304809247,71.6847328418216,72.91401672363281,6148200
2023-04-03,72.82622080430204,73.42330123490258,71.96571997526695,72.33450317382812,7582700
2023-04-04,72.48377720007849,72.63304563068688,71.75498658137792,72.2379150390625,6243400
2023-04-05,72.03595406794939,72.52766491581444,71.7461930187184,71.8515625,7024100
2023-04-06,72.10620400658316,72.38718260504041,71.53546434435677,72.34327697753906,7008200
2023-04-10,72.0008384315026,72.6945058495468,71.58814962717999,72.67694091796875,3972100
2023-04-11,72.81744244285376,73.58135628213066,72.52768132805292,72.9842758178711,4839400
2023-04-12,73.63402036902978,73.73938984937617,72.51010604156619,72.6330337524414,5920500
2023-04-13,72.68572459485071,72.7296302254688,71.71986101278071,72.41352844238281,3884400
2023-04-14,72.45742518632024,72.88767891639966,70.74521282884818,71.28961181640625,5078300
2023-04-17,71.28960639277804,72.79108635334391,71.28960639277804,72.77352142333984,5148900
2023-04-18,72.85255251790048,72.86133498318071,72.23790723038994,72.60669708251953,4189600
2023-04-19,72.23791978420306,73.20379016113583,71.97450607154269,73.03695678710938,3624200
2023-04-20,72.59792658075828,72.67694868412796,71.93938225644047,72.31694793701172,4604400
2023-04-21,72.34327997301529,72.67693997904324,71.71985889122021,72.32572174072266,5136600
2023-04-24,72.31694058520802,72.65060059728086,71.49156297227266,72.05352020263672,3673500
2023-04-25,71.64962741619765,71.90426538110496,71.2632859341485,71.3423080444336,5127500
2023-04-26,71.20180196724445,71.84278799268742,70.49935877806902,70.65740966796875,5128500
2023-04-27,70.90326620411898,72.45742772936647,70.78033847665573,72.25547790527344,6439300
2023-04-28,72.36963760156023,73.50233477259184,72.18524597358672,73.142333984375,5352800
2023-05-01,73.15109038688607,73.42329322197779,72.48377039538094,72.59791564941406,4817200
2023-05-02,72.41352947726462,72.5627979050055,70.83302053924717,71.36863708496094,5442500
2023-05-03,71.71985765030159,72.51011207096666,71.02619025322105,71.08765411376953,7538900
2023-05-04,71.05253561414855,72.09742801111095,70.62228856207061,71.67595672607422,7231800
2023-05-05,72.097420102532,73.02816043527483,72.0798551722587,72.87010955810547,4560600
2023-05-08,72.71206787067318,72.94036509967302,72.15011061394969,72.44865417480469,4896000
2023-05-09,72.0974212769565,72.44864619850497,71.34229004029761,72.14132690429688,4522000
2023-05-10,72.84377392082473,73.11597006744255,72.08864264402189,72.83499145507812,6331600
2023-05-11,72.31694359268754,72.3520667584283,71.58815297644918,72.03596496582031,5175400
2023-05-12,72.17644431975428,72.25547311019821,71.43887800392176,72.02717590332031,3293800
2023-05-15,72.15010654720933,72.33449813364172,71.71985951220041,71.90425109863281,3477400
2023-05-16,71.72863181111262,71.82521882351435,70.0954417638477,70.10421752929688,5401000
2023-05-17,70.55204262518805,71.17546374059346,69.9110632765434,71.05253601074219,4849000
2023-05-18,70.75398863297126,71.07886614253778,70.16569077056789,70.7100830078125,4009000
2023-05-19,71.02617896227952,71.39496206694544,70.25348959549511,70.59593200683594,4803400
2023-05-22,70.65742372012572,71.4564540953188,70.28864047003661,71.02620697021484,4839100
2023-05-23,70.86813964800587,71.60571267654895,70.2710592721599,70.3588638305664,5460000
2023-05-24,69.96372640919938,70.1569004196915,68.76956588893644,68.84859466552734,4910700
2023-05-25,69.18226330565685,69.34031417966457,68.32176261404629,68.8398208618164,4810700
2023-05-26,68.95397955256786,69.76179231095261,68.64666020960183,69.63008880615234,3230700
2023-05-30,69.87592016532733,70.66617441669688,69.69152862318393,69.89347839355469,4449400
2023-05-31,69.70911907200062,70.40278664110083,69.46326356883802,70.24473571777344,4673800
2023-06-01,70.15690724804847,70.6661830163577,69.49836307494236,70.25349426269531,4016600
2023-06-02,71.02619065636931,72.16767001481554,70.89448046900114,71.96571350097656,5114900
2023-06-05,71.87792171665771,72.27304564992576,71.33352263834522,71.4652328491211,3936600
2023-06-06,71.81645591431884,72.2993844087692,71.29839755227567,72.15011596679688,4728200
2023-06-07,72.47500339549255,73.66916438119421,72.13256086126073,73.47599029541016,3825200
2023-06-08,73.14231400991588,73.26524172832784,72.22913188809966,73.0193862915039,3097900
2023-06-09,73.04572759825804,73.17743108404306,72.29937211716533,72.59791564941406,3199400
2023-06-12,72.54522364104673,72.63302818507621,71.95691912802887,72.61546325683594,4072500
2023-06-13,72.52767484460747,73.1686608868014,72.30816008618005,73.08085632324219,3693700
2023-06-14,73.37939093028821,73.8711018303973,72.74718737354306,73.3530502319336,5042700
2023-06-15,73.08084335379472,73.86231521918606,72.59790829133597,73.73938751220703,4661000
2023-06-16,73.8974531685555,74.35404092885412,73.52866327474858,73.68671417236328,4576900
2023-06-20,73.42329140471608,73.511095959419,72.4135222779873,72.81742858886719,3826600
2023-06-21,72.41351824030077,72.64181542904528,71.85156108266641,72.3783950805664,4691300
2023-06-22,72.47500518527241,72.53646905962522,70.91206092396394,71.3423080444336,5114800
2023-06-23,70.91204527673831,71.51790141908404,70.3325231329503,70.3588638305664,3956400
2023-06-26,70.35886193467594,72.08863915481284,70.2622749133139,71.9832763671875,3246800
2023-06-27,72.27302921091659,73.0720660619,71.77253588305665,72.87010955810547,3845900
2023-06-28,72.79987001739127,73.12474753817986,72.32571738534129,72.97547912597656,4691000
2023-06-29,72.76058789241718,73.8172722899166,72.51195626947613,73.79063415527344,5033400
2023-06-30,74.42109780620083,74.5986966687182,73.16017636849499,74.19910430908203,5758500
2023-07-03,74.08365838947158,75.25578359752457,73.81726352526294,74.92723083496094,3632400
2023-07-05,74.76741729446819,75.56659534779294,74.08368021116551,75.0959701538086,5766400
2023-07-06,74.1103163032988,74.60757962287364,73.13354616497482,74.51878356933594,5609000
2023-07-07,74.14583774311347,74.8295748228685,73.98600213327785,74.3500747680664,5865300
2023-07-10,74.1192143099794,74.7319187317006,73.91497724450363,74.66975402832031,3855600
2023-07-11,74.87397743622357,75.77970805665034,74.69638532232182,75.73531341552734,4038400
2023-07-12,76.75648790240592,76.85416560114766,76.07274401121373,76.14378356933594,5361600
2023-07-13,76.1348863417396,76.64991287061252,75.70866262968899,76.63215637207031,5067100
2023-07-14,76.34801048642981,76.53448422075732,75.9928195175994,76.481201171875,5618100
2023-07-17,76.28586248779024,76.57001394483717,75.84187541273535,75.98394775390625,5610700
2023-07-18,76.10824637709186,76.21480568989493,74.927239398663,75.56658172607422,4605100
2023-07-19,76.0105848336382,76.76536149575668,75.99282833175407,76.41905212402344,5363700
2023-07-20,76.12601552018636,76.20592992992337,75.2202782282755,76.17041015625,5667100
2023-07-21,76.37465789913418,76.73872377474015,76.18818414215964,76.5256118774414,4767700
2023-07-24,76.55222911270148,77.22709117367714,76.49895284660187,77.15605163574219,4990600
2023-07-25,76.87190943808224,77.40469248680832,76.52560011767508,76.60551452636719,4968100
2023-07-26,76.48118852222038,77.11164916963439,76.44566875374173,76.95182037353516,7377400
2023-07-27,77.35141354491972,77.53788726680337,75.2202746488578,75.28243255615234,8010000
2023-07-28,76.17928941402207,76.36576313895505,75.07820356335422,75.22027587890625,5025800
2023-07-31,75.42452013666825,76.13489533220589,75.18476334246208,75.70867156982422,6121600
2023-08-01,75.51331866104157,75.8507463818641,75.18476580347678,75.58435821533203,4641600
2023-08-02,74.95390521264825,75.31797111053264,74.66974696592123,75.14925384521484,4147000
2023-08-03,74.42110195706249,74.43886523165693,73.33777254674708,74.33230590820312,6454100
2023-08-04,74.13695236199959,74.79405804409386,73.47097181709375,73.72848510742188,5148300
2023-08-07,73.92383909464397,74.68749731375416,73.78175999587727,74.6519775390625,3906500
2023-08-08,74.05704352458628,74.35007661233782,73.46210248560345,74.17247772216797,3854800
2023-08-09,73.93271349729677,74.57205582977534,73.6663186005295,74.16358184814453,2960200
2023-08-10,74.32342734498197,74.93613162445081,73.68409170192851,73.87944030761719,4451100
2023-08-11,73.60416232952521,74.10142558818582,73.37328719884545,73.994873046875,3654700
2023-08-14,73.8705729033985,73.8705729033985,73.28450670304346,73.50650024414062,3376700
2023-08-15,72.92930333186509,73.17794174653972,72.52083609838431,72.68067169189453,3398400
2023-08-16,72.73397533246394,72.78725162048326,71.73944171629866,71.7838363647461,3703700
2023-08-17,71.85485942186011,72.31660972761811,71.18000401298987,71.2066421508789,4069800
2023-08-18,70.70048109138494,71.5795733148646,70.59392178941354,71.42861938476562,3307400
2023-08-21,71.25991859617604,71.28655673412842,70.18547079230103,70.77153015136719,3789800
2023-08-22,71.0201704571994,71.25992047981283,70.75377552122478,70.97576904296875,3380200
2023-08-23,71.21551297289795,72.18340816774194,71.21551297289795,72.09461212158203,3257800
2023-08-24,72.29883503852015,73.08913128641566,71.7571704046093,71.81932830810547,4523800
2023-08-25,71.917006631151,72.36987523197355,71.56181570451963,71.87261199951172,4252000
2023-08-28,72.16564101756079,72.93818080453624,72.16564101756079,72.54747009277344,3448800
2023-08-29,72.52083740261631,73.45321284397801,72.26332412095732,73.42657470703125,3515300
2023-08-30,73.44433100273308,73.88831801649016,73.36441659211481,73.69296264648438,3042100
2023-08-31,73.70185255004509,73.81728674767548,73.15130615234375,73.15130615234375,3410200
2023-09-01,73.61304633499408,73.85279633536213,73.0802632871842,73.2756118774414,3403900
2023-09-05,73.06251449101315,73.21346847577594,72.39653385560692,72.42317199707031,3578000
2023-09-06,72.32548544388719,72.56524223712648,71.73054444166372,72.27220916748047,3681300
2023-09-07,72.04133096778384,73.04474596240813,72.04133096778384,72.7250747680664,5056100
2023-09-08,72.77834563785214,72.97370099485477,72.27220074684706,72.44091796875,3317400
2023-09-11,72.53859376889424,72.67178444094371,72.08572515981535,72.44979095458984,2813600
2023-09-12,72.29884279449058,72.56523770931113,71.93477697058688,72.4142837524414,2959200
2023-09-13,72.40540767552233,72.47644722822363,71.44639403816862,71.62399291992188,3989000
2023-09-14,72.03246651120106,73.0802762940892,72.03246651120106,72.92044067382812,3926600
2023-09-15,72.55636080785052,72.8760320166179,72.36100542752551,72.64515686035156,3784500
2023-09-18,72.64515790258454,72.64515790258454,71.8104668674541,71.99694061279297,3117700
2023-09-19,71.8726100870673,72.20115609632875,71.46414290345628,71.66837310791016,2742500
2023-09-20,72.25445327359363,72.61851912327062,71.72166340623477,71.73054504394531,3827800
2023-09-21,71.19775788209886,71.30431720442132,69.26197422881809,69.28861236572266,6202200
2023-09-22,69.3152413323318,69.69707038509166,68.71141880179765,68.76470184326172,5061200
2023-09-25,68.48944175721982,68.76471834250738,68.18753380686532,68.70256042480469,3928200
2023-09-26,68.29408753115702,68.43615985650588,67.21075810471642,67.45050811767578,5220800
2023-09-27,67.69026799945262,68.06321549208317,66.64245830013009,66.99764251708984,6657600
2023-09-28,67.24599851214676,67.91845849726822,67.11150514699912,67.64051055908203,6659600
2023-09-29,68.5371335730944,68.83301080955661,67.44326408130883,67.83777618408203,6630600
2023-10-02,67.61360655105858,67.8736183664523,66.17005871219312,66.59146118164062,7564300
2023-10-03,66.22387598842533,66.48389473345254,65.0851729725952,65.29139709472656,7121000
2023-10-04,65.64104888694547,66.09832351575845,64.86099297198398,66.08935546875,8748100
2023-10-05,65.94590855543011,66.53766975481078,65.66795379090892,66.45697784423828,5306900
2023-10-06,65.86521116019091,67.04874042393361,65.228616548087,66.63629913330078,5919900
2023-10-09,66.2059169522123,67.61360627611133,66.13419309340364,67.362548828125,3848200
2023-10-10,67.38049562131644,68.27710898463238,67.06668231227928,67.68534088134766,4585700
2023-10-11,68.2322831586106,68.90474325578603,68.09778977105194,68.85991668701172,6128600
2023-10-12,68.64472262404539,68.72542139058629,67.50602656766108,67.85570526123047,4429000
2023-10-13,68.17848096741827,68.3757370018465,67.38049562131644,67.68534088134766,5860800
2023-10-16,68.16054490430453,68.68058229704214,67.47015562406929,68.49229431152344,4381800
2023-10-17,67.85571002536734,69.29029025876048,67.85571002536734,68.3936767578125,5419300
2023-10-18,67.8825866351186,68.11570798964785,66.88734540531546,66.94114685058594,4853700
2023-10-19,66.35835056855261,66.94115056692272,65.21964787563286,65.35414123535156,8238400
2023-10-20,65.45277684137382,65.86521817593855,64.86997677534774,64.91481018066406,5874400
2023-10-23,64.31407885599036,65.17482685447048,64.09888672590758,64.27821350097656,6906600
2023-10-24,64.53823205940297,65.28241594237777,64.52029596162507,65.10309600830078,5755200
2023-10-25,64.4396104121612,64.6816930311523,63.61472084827749,63.70438766479492,6254500
2023-10-26,64.02717643439345,65.36312869903479,63.982343020964365,64.92378997802734,8144400
2023-10-27,65.16585869133644,65.16585869133644,63.6685160353743,63.88370132446289,12043000
2023-10-30,64.26925640869034,64.76239657342933,63.3098802305221,64.28718566894531,7041000
2023-10-31,64.79824244696633,65.45277318872499,64.17958389995263,65.38104248046875,5964700
2023-11-01,65.47070286975342,65.84728567023062,65.04033229866076,65.7845230102539,7021600
2023-11-02,66.88734674369722,68.13363860764673,66.73492413371577,67.94535064697266,6450300
2023-11-03,69.07508883964628,70.48277143452465,69.05715274306021,69.56822204589844,6394100
2023-11-06,69.42477389800906,69.46960730300474,68.21434720991502,68.56402587890625,4432100
2023-11-07,68.47436395852273,68.61781853731055,67.90053196213746,67.99915313720703,5235300
2023-11-08,68.19642269600472,68.48333875110994,67.92744274219139,68.22332000732422,4398300
2023-11-09,68.45643175797639,68.50126516424699,66.99495437782795,67.14737701416016,4922800
2023-11-10,67.48807792328282,67.91845530339334,66.96804742477875,67.77499389648438,3943800
2023-11-13,67.27289143841462,67.4970447521988,66.80665555561464,67.21012878417969,3791200
2023-11-14,69.39787967909209,71.55871445180865,69.26338629873803,70.94005584716797,7493800
2023-11-15,70.87728324019625,71.79182578521466,70.81452058358339,71.1462631225586,6033400
2023-11-16,71.28075906790345,71.49594434971686,70.76968974821106,70.99384307861328,4879800
2023-11-17,71.60354785879916,71.62147711722488,70.64417177851254,70.94005584716797,4379000
2023-11-20,70.85935369035711,71.4600830078125,70.28552167956134,71.4600830078125,4225000
2023-11-21,71.15524096958275,71.22697168433733,70.77866497804743,70.9579849243164,3703600
2023-11-22,71.60354702909406,71.80976428137893,70.98488159100468,71.30766296386719,5280200
2023-11-24,71.13729508828456,71.56767247701208,70.80555254924413,71.51387786865234,1893600
2023-11-27,71.5497495509152,72.1684081236329,71.21800014190923,71.7739028930664,5790800
2023-11-28,71.58560097911813,72.31186238740962,71.2179930915033,72.24909973144531,5811300
2023-11-29,72.76914917305433,73.45953850343591,72.66155309896395,72.75121307373047,4605400
2023-11-30,72.69741235435852,73.32503896565522,72.43739366093074,73.28021240234375,4118600
2023-12-01,73.2174543951021,75.09137313981115,73.00226225130763,75.08240509033203,7182800
2023-12-04,74.75962500764858,75.6472772247566,74.58927310830485,75.62934112548828,6740500
2023-12-05,75.22586343096637,75.3513887560507,74.74169138823372,75.12723541259766,6149900
2023-12-06,75.50380544328443,76.01487475249517,74.84928156267912,74.903076171875,4405000
2023-12-07,74.94790452394814,75.35138462441046,74.60719392320341,75.1182632446289,6631500
2023-12-08,74.85824345157621,75.18102479092163,74.2306168698583,74.99273681640625,3416900
2023-12-11,74.74168465575865,75.33344587204995,74.63408859797089,75.19895935058594,3143200
2023-12-12,75.18999438238544,75.43207697155393,74.75961697422085,75.15412902832031,3158400
2023-12-13,75.26173253009107,78.3012514712418,75.05550843398572,78.03226470947266,5649600
2023-12-14,79.48477528149067,80.77589386095117,79.47580723256874,80.28276062011719,6918500
2023-12-15,80.0944694880152,80.13929604962873,78.57919078877278,79.15302276611328,7666400
2023-12-18,79.52959734766975,79.59236000534017,78.88404151475255,78.97370147705078,6353800
2023-12-19,79.35027904241858,79.79858570367517,79.2785483348695,79.57443237304688,5786900
2023-12-20,79.65511492382372,80.21101758104855,78.5522844975335,78.6060791015625,6072600
2023-12-21,79.28502721890223,79.5028662285627,78.44997191105607,79.30318450927734,4430000
2023-12-22,79.6117935180664,80.24716714112213,79.21241620785868,79.6117935180664,5100300
2023-12-26,79.58456588417923,80.41962125182195,79.50287192159584,80.2017822265625,4336600
2023-12-27,80.35608285074419,80.69192348972884,79.99301319981062,80.59207916259766,5383600
2023-12-28,80.4922355531291,81.16390991210938,80.3833125793846,81.16390991210938,3879100
2023-12-29,80.87345659401619,80.93699326492427,80.1110165431192,80.2017822265625,5331500
2024-01-02,79.92040189295302,81.01868252633717,79.58456126622471,80.89160919189453,6057900
2024-01-03,80.25623650702786,80.25623650702786,78.80396486476214,78.95826721191406,5159600
2024-01-04,78.80396304180766,79.348564029437,78.46812241903056,78.81304168701172,5609900
2024-01-05,78.24120165074163,79.30318149808907,77.78736635827798,78.61334991455078,3805800
2024-01-08,78.56797269254773,79.82963439736272,78.38644132458012,79.7388687133789,5372100
2024-01-09,78.96734993433353,79.52102960856098,78.58612990699004,79.2033462524414,3819000
2024-01-10,79.36673611378755,79.66626221158006,79.00366641269946,79.29412078857422,3649900
2024-01-11,79.13072126753863,79.13072126753863,78.10505600738385,78.55889129638672,5512700
2024-01-12,79.34856713386051,79.60271380969891,78.6315064841864,79.0308837890625,3070300
2024-01-16,78.58611839905696,78.94010936189242,78.19581978298493,78.44996643066406,5125800
2024-01-17,77.3789311950887,78.35921726401246,76.23526411467765,77.01586151123047,4898900
2024-01-18,77.13384925271538,77.42430356251123,76.04464039724824,76.59832000732422,4537800
2024-01-19,76.77985774062934,77.76922236018291,76.19894907271767,77.51507568359375,6188700
2024-01-22,77.78737226548732,78.73135057649509,77.6239912707941,77.97798919677734,4203000
2024-01-23,78.27752214899525,78.5407474928117,77.1792413920234,77.44246673583984,4821800
2024-01-24,78.23214129504973,78.30474968940865,76.2806478689824,76.3351058959961,3265600
2024-01-25,77.25185486767384,77.71476886987968,76.93417150340628,77.31539154052734,4394300
2024-01-26,77.46968314844207,77.68752215014007,76.92508218170856,77.09754180908203,2783200
2024-01-29,77.07937678238731,77.76012965371663,76.87061644649971,77.60582733154297,3591900
2024-01-30,77.26999835551936,77.54230231492124,76.7344760070003,76.87969970703125,4580900
2024-01-31,77.1338500207422,77.72383036606226,75.99926177977738,76.14448547363281,8892900
2024-02-01,76.0628043414265,77.55138367498382,75.64526974240015,77.52415466308594,8950700
2024-02-02,76.40771699680622,77.04308369348023,75.28220730913613,76.56201934814453,7935800
2024-02-05,75.60897601130873,75.60897601130873,74.72853427853336,74.95545196533203,6269400
2024-02-06,75.07343900116878,76.1081829932795,74.80114195981085,75.96295928955078,5482300
2024-02-07,76.23524675945849,76.30786206469465,75.42742053239193,75.8540267944336,5074200
2024-02-08,75.6361895573646,76.68908380779426,75.6361895573646,76.47124481201172,3697200
2024-02-09,76.42586004647471,76.7163143550014,75.72695674704322,76.58924102783203,3478100
2024-02-12,76.73447995714602,77.16108628384708,76.44402561715474,76.60740661621094,3949000
2024-02-13,74.95543797547415,75.04620364825726,74.01145974358059,75.0280532836914,6203500
2024-02-14,75.35481666448663,76.04464831897934,74.99175393315357,75.6180419921875,5264400
2024-02-15,76.30786236042847,77.4606009043693,76.26247606323581,77.37891387939453,5164800
2024-02-16,76.47125433318759,77.02493399867832,75.92665331343639,76.5801773071289,4781000
2024-02-20,76.13541151081502,76.75262782885594,75.77234879136063,76.44402313232422,4739900
2024-02-21,76.6074030415713,76.97954440123704,76.30787006978206,76.8706283569336,4053000
2024-02-22,77.11570584741594,77.40616020950688,76.85248049974317,77.01586151123047,5000600
2024-02-23,77.06124719022289,77.42431687112065,76.78894319830502,76.97955322265625,4695600
2024-02-26,76.77985178117943,77.18830770111808,75.99018280092336,76.13540649414062,5943300
2024-02-27,76.55292841746184,76.89784764742821,76.06279243009918,76.2261734008789,3857800
2024-02-28,75.83588621842331,77.46968924724501,75.75419225824457,76.9977035522461,5170700
2024-02-29,77.61492220000734,78.05967889658716,77.29723884530749,77.65122985839844,6595400
2024-03-01,77.53323413282958,78.57705688476562,76.72540771589136,78.57705688476562,6560900
2024-03-04,78.35921340616356,79.35764979388415,77.80553372365911,79.31226348876953,5319000
2024-03-05,78.88566512579752,79.45749518297389,77.98706613240583,78.35013580322266,4722600
2024-03-06,78.85842743653788,79.0399657304047,78.27751874611968,78.74043273925781,4999400
2024-03-07,79.15795279358078,79.34856279002487,78.33197614232299,78.72227478027344,3164100
2024-03-08,79.42119178390855,79.90225618043169,79.23966040125097,79.62995910644531,4546400
2024-03-11,79.45748554774057,79.93854986012205,78.91288457004414,79.24871826171875,3467200
2024-03-12,79.10350770118308,79.40304071239579,78.39552562011907,79.07627868652344,3309000
2024-03-13,78.94011281595705,79.43025576863188,78.42274085340759,78.67688751220703,3418600
2024-03-14,78.35013035292995,78.50443270167548,76.83432202706564,77.49691772460938,4155000
2024-03-15,76.75263353689455,77.6239965933472,76.73448316956299,77.32447052001953,4214300
2024-03-18,77.49692387713226,77.76922786416537,77.2155481688486,77.36077880859375,3030800
2024-03-19,77.28815486459945,77.62398856282483,76.87062720938864,77.33353424072266,4165700
2024-03-20,76.85246290371238,78.07781674682269,76.53477959993958,77.84182739257812,4605800
2024-03-21,78.17766913372354,78.74042741922165,77.93260110978343,78.40458679199219,3753200
2024-03-22,78.44303712635354,78.6169637183459,77.36283167518314,77.41775512695312,3923200
2024-03-25,77.49098977510006,77.77477025011812,76.94173431396484,76.94173431396484,5262400
2024-03-26,77.14313071698382,77.23467912357364,76.61218767324225,76.6304931640625,4923000
2024-03-27,77.50930062115758,78.63528033084613,77.32621778284586,78.60781860351562,5191400
2024-03-28,78.75428239128253,79.43169726468918,78.75428239128253,79.16622924804688,4626900
2024-04-01,79.40423317586328,79.40423317586328,77.69238706127048,77.83885192871094,5331200
2024-04-02,77.23466569915244,77.2987453821297,76.55724392577957,76.85933685302734,5116000
2024-04-03,76.6762593278477,77.03327572679369,76.35586089086567,76.94173431396484,3632700
2024-04-04,77.57339109491565,77.93956380659604,76.18194317152643,76.44741821289062,5953600
2024-04-05,76.18192461192845,77.02411675470228,75.98968555656673,76.84103393554688,4789000
2024-04-08,77.08820737369764,77.73816055329642,77.00582218864109,77.66492462158203,3866900
2024-04-09,77.94871286160176,78.6993637084961,77.78393550573897,78.6993637084961,4075600
2024-04-10,76.39247644838369,76.63048972333725,75.00102873114662,75.44043731689453,8332800
2024-04-11,75.97138636169018,76.12701446774949,74.93695498276684,75.69676208496094,7145900
2024-04-12,75.23903777244846,75.41296436221478,74.50669249879805,74.79962921142578,5451200
2024-04-15,75.29396782944958,75.36720376007243,73.1152512746407,73.52719116210938,5478600
2024-04-16,73.19763632914173,73.28002849698754,72.28220815046187,72.49275970458984,6598800
2024-04-17,72.34628539681982,72.66668385168921,71.91603304992557,71.96180725097656,5554700
2024-04-18,72.2547506709528,72.42868427006088,71.65056468510147,71.9709701538086,4158300
2024-04-19,72.00758254551329,72.63922322780127,71.98011383396806,72.3188247680664,4585600
2024-04-22,72.59346714007714,73.1061047542493,72.09913501891239,72.95963287353516,3846100
2024-04-23,73.09694150014231,73.92998452738397,72.97793834660621,73.62789154052734,5484100
2024-04-24,73.34410166726327,73.89335712879054,72.90469310754419,73.76519775390625,4513600
2024-04-25,73.03285177034836,73.46310408933438,72.56598148972927,73.34410095214844,4082800
2024-04-26,73.45395098812817,74.12221659417177,73.23425019311428,73.38072204589844,3367700
2024-04-29,73.70112580546834,74.36023522217586,73.70112580546834,74.13137817382812,4374000
2024-04-30,73.6095807245781,73.95744090647942,72.84977368562683,72.87723541259766,7003900
2024-05-01,72.77654945972506,74.2595458120712,72.65754629566214,72.90470886230469,7204200
2024-05-02,73.5912589016074,74.09474711265216,72.8223027074608,73.92996978759766,4804800
2024-05-03,75.21158522705959,75.65098685755243,74.25038281109163,74.42431640625,4270000
2024-05-06,74.96440760720358,75.09256698427755,74.19545134475975,74.48838806152344,3044800
2024-05-07,75.07425705952255,75.43127344373002,74.86370553296238,75.1932601928711,3667300
2024-05-08,74.78132275999909,74.78132275999909,74.31445247945165,74.56161499023438,4129800
2024-05-09,75.15665240884644,76.15447275983387,75.15665240884644,76.09039306640625,5452200
2024-05-10,76.20939172122787,76.29177690042046,75.65098000393694,75.87983703613281,5649800
2024-05-13,76.16361750984477,76.57556435823376,75.76998313515965,76.12700653076172,2848700
2024-05-14,76.63964706623035,77.05158694668073,76.310092368205,76.71288299560547,3099700
2024-05-15,77.83885233341177,78.19586874334681,77.59168981274995,77.77477264404297,3544900
2024-05-16,77.84800801062883,78.06770880343366,77.60083850758141,77.7198486328125,2577000
2024-05-17,77.81139865163999,77.90294007675048,77.42692047567807,77.71070098876953,2791700
2024-05-20,77.555076067069,77.7839331107116,77.16144167263722,77.25298309326172,2842800
2024-05-21,77.06988855369825,77.35366900980841,76.90511122792036,77.22550964355469,2655100
2024-05-22,76.96005281063414,77.27130204785404,76.30094335220453,76.52980041503906,3888000
2024-05-23,76.52979317846298,76.52979317846298,74.83625247045941,74.88202667236328,4061100
2024-05-24,75.23903599626058,75.35803913215054,74.83624540684542,74.93694305419922,2317800
2024-05-28,75.29396781055983,75.59606078618121,74.3602341399225,74.44261932373047,3046600
2024-05-29,73.69196728862701,73.82928291022097,73.38987431795287,73.71942901611328,3203100
2024-05-30,74.08559641090581,74.83624717352451,74.08559641090581,74.79962921142578,2748800
2024-05-31,75.25735116433702,76.25517152986471,74.92779645500337,76.20024108886719,4176900
2024-06-03,76.61217957494196,76.61217957494196,75.63267179177038,76.02630615234375,3301600
2024-06-04,75.80660139100401,76.93258106661848,75.80660139100401,76.6121826171875,2720700
2024-06-05,76.65795313478057,76.76780702967194,76.06292342640367,76.52063751220703,2373300
2024-06-06,76.1636107790965,76.68540448694726,75.84321235921651,76.66709899902344,4002100
2024-06-07,75.45875569390543,76.14532692477894,75.40383223036794,75.94393157958984,3227900
2024-06-10,75.70590902486671,76.45655986631272,75.15665350403158,76.20024108886719,2450800
2024-06-11,75.84320599538303,76.28261449446418,75.62350523792303,75.92559814453125,3261700
2024-06-12,77.52760400296737,78.12262664977683,76.50232206984518,76.60301971435547,4123500
2024-06-13,76.77695986133213,77.16143800015348,76.32839504854485,76.91426849365234,2619900
2024-06-14,76.64881065043751,77.11567403058801,76.27348171453576,76.8959732055664,2178600
2024-06-17,76.44740719724325,76.97835021930214,76.12700873975189,76.5938720703125,2168100
2024-06-18,76.79527553906415,77.17975372889279,76.63049817425711,76.8959732055664,3073600
2024-06-20,76.65794942817769,76.93258066004567,76.42909239634182,76.67626190185547,2432900
2024-06-21,76.82273318140189,77.03328474129307,76.34671358849039,76.8685073852539,2337000
2024-06-24,76.90513492043665,78.232503187348,76.78612476927873,77.46354675292969,2834300
2024-06-25,77.33537663676941,77.37198761834046,76.09954299177998,76.51148986816406,2445900
2024-06-26,75.98053130876623,76.51148127603842,75.83405946227926,76.27346801757812,3287900
2024-06-27,76.39247744159563,77.04243758366874,76.21855083978129,77.01496887207031,4244800
2024-06-28,77.37920579186843,77.96309941654637,77.04555431233378,77.62944793701172,4090500
2024-07-01,77.56456547919475,77.75919431493358,76.43385856310668,76.89726257324219,3274800
2024-07-02,77.11969015917524,77.3791952588256,76.81384183273718,77.25871276855469,3141400
2024-07-03,77.34213362288958,77.79627468597134,77.17530788095814,77.18457794189453,1571500
2024-07-05,77.33287456660685,77.54603648209365,76.90654366464818,77.39775085449219,3217000
2024-07-08,77.49043167382972,77.83335324234834,77.29580280661165,77.64798736572266,3239200
2024-07-09,77.4626221972444,77.88895307198653,76.87872857256644,77.62944793701172,2123200
2024-07-10,77.9445582839185,78.26893969842956,77.45335113180394,78.20406341552734,2482400
2024-07-11,79.20501867060148,80.7249833753575,79.20501867060148,80.44694519042969,4363500
2024-07-12,81.09570506780749,81.57764214669164,80.76205360127834,81.05863189697266,3562600
2024-07-15,81.20693332992222,81.70741058363969,80.97523129047812,81.60546112060547,2928700
2024-07-16,82.12445487306823,82.63420208549357,81.69812405494143,82.60639190673828,3029300
2024-07-17,82.50444999829786,83.72783634885077,82.50444999829786,83.1717529296875,4757200
2024-07-18,82.70834273050517,84.14489793788893,82.23567574852638,82.43956756591797,4464700
2024-07-19,82.56006547495878,82.69908810117508,81.93910575830839,82.29129028320312,2809000
2024-07-22,82.53226933774997,83.22737545658228,81.93911268202521,83.14395904541016,3244400
2024-07-23,83.01419476581633,83.65369456770253,82.64347014050571,83.07907104492188,2655400
2024-07-24,83.03272542319276,83.57027576085859,81.77227304702144,81.85568237304688,3844900
2024-07-25,82.1615376170308,83.11614880703729,81.41081826477607,81.5869140625,4723200
2024-07-26,82.18934724261042,83.30151419716324,81.96691526589687,83.01420593261719,3326000
2024-07-29,83.14394296971474,83.71856646240192,82.4117638175917,83.44052124023438,3371100
2024-07-30,83.75565818027817,84.28393856261296,83.44053972063034,84.08930969238281,2854000
2024-07-31,84.23758854237153,84.84001522799804,83.55175252092745,83.792724609375,5633800
2024-08-01,84.76586859710171,85.09952008121941,83.84833055127042,84.63611602783203,6988100
2024-08-02,84.43221178488187,85.3868229432615,83.82978513929753,84.58976745605469,5223600
2024-08-05,82.93079691932518,84.35807525725684,81.9483754655862,82.17081451416016,6852600
2024-08-06,82.15227029511536,84.68245954635279,81.80934874890096,83.792724609375,7321600
2024-08-07,84.16342723548627,85.12730834695031,83.11613680303165,83.21808624267578,4998600
2024-08-08,83.22735774662252,84.20050186332124,82.9678455778526,84.03367614746094,5981200
2024-08-09,84.35806683362485,84.580505859987,83.50540511218966,84.42294311523438,4133800
2024-08-12,84.12636811509788,84.1356381759724,83.20883007608994,83.80198669433594,2925500
2024-08-13,84.39514941886739,84.62685146060247,83.92248234483716,84.53417205810547,3111300
2024-08-14,84.6824449054556,85.1551118686711,84.27464714489304,84.75658416748047,2966300
2024-08-15,84.88634790173484,85.07171375868472,84.32100148324487,84.69171905517578,4054400
2024-08-16,84.6917142711747,84.9882925545572,84.26538343074887,84.64537811279297,2260900
2024-08-19,84.64537770383625,85.34974670410156,84.63610764381107,85.34974670410156,2629800
2024-08-20,85.44243156536183,85.58144710822108,84.9512244579688,85.247802734375,4934200
2024-08-21,85.3404878661083,85.74827860425937,84.92341999649682,85.70194244384766,2965900
2024-08-22,85.74828004707958,86.03559535879774,85.47024186697793,85.95217895507812,3182300
2024-08-23,86.32290786613046,87.96336220084763,86.26730164155863,87.8428726196289,8040200
2024-08-26,88.2043215114713,88.38968736635258,87.65750814928637,87.80579376220703,2748500
2024-08-27,87.15703149258363,88.00042315686802,87.08288515016747,87.935546875,1859300
2024-08-28,87.9170175314143,88.14871955799488,87.17556821796256,87.59263610839844,2664100
2024-08-29,87.54629213221224,87.6945848220388,86.97166856561127,87.32386016845703,3379500
2024-08-30,87.72238766078733,88.21359482008688,87.08288781212246,88.16725158691406,3490000
2024-09-03,87.80579223221612,88.51016832652267,87.57409022089016,88.12091064453125,5160800
2024-09-04,88.343351672298,89.18675047425134,87.90775071489222,88.37115478515625,3041100
2024-09-05,88.95504126101507,89.10332687462169,87.92628374236426,88.0838394165039,6269400
2024-09-06,88.22285863499917,88.24139168436544,87.29605060503505,88.00041961669922,6965800
2024-09-09,88.0096902257739,89.14966722097259,87.86140461696655,88.98284149169922,2906400
2024-09-10,89.2423454334849,90.30817607473242,89.00137336749356,90.27110290527344,6001000
2024-09-11,89.45552418933968,90.19697357637929,88.43603658539928,90.09502410888672,3872100
2024-09-12,90.29890269341378,90.53987475054214,89.52965036514728,90.4749984741211,2713200
2024-09-13,91.05889453290145,91.43888924258206,90.8364625719334,91.42034912109375,3402700
2024-09-16,91.80033499651682,92.13398644135276,91.42961038325645,91.72618865966797,4144500
2024-09-17,91.84668281115245,92.09692496203252,90.86426847165899,91.08670043945312,2990700
2024-09-18,91.22572948224733,92.29156030393519,90.84573473419943,90.97549438476562,5097000
2024-09-19,91.76325557860199,91.80032874450156,90.40084678347202,90.99400329589844,4450200
2024-09-20,90.47500505734855,90.88279579410266,90.30817932427232,90.63256072998047,3708500
2024-09-23,91.25351756844283,91.63351225391226,91.07742178044636,91.53156280517578,3320700
2024-09-24,91.17010120311238,91.9208133849704,90.87352293994766,91.66130828857422,3279000
2024-09-25,91.75399768555353,91.95789658954558,90.8457226780392,91.04962158203125,2466000
2024-09-26,91.2071910134657,91.2627972382738,89.97453450966384,90.22476959228516,4776900
2024-09-27,90.97525185501259,91.19021604354509,90.30233629339779,90.3397216796875,4932800
2024-09-30,90.18083528605162,91.1154485856951,89.97521921924466,91.0500259399414,4207000
2024-10-01,91.2462915163294,91.40518119236329,90.05933579392781,90.46121978759766,4240300
2024-10-02,89.71352662345014,90.22756677893469,89.48922143311754,90.14344787597656,5161600
2024-10-03,89.8256835465468,90.02195148107091,89.0032264213219,89.32099151611328,2664400
2024-10-04,88.81630435592044,89.11538033881418,88.07795896334721,88.89107513427734,4602000
2024-10-07,88.40507881286379,88.40507881286379,87.70411875707946,88.10600280761719,3420200
2024-10-08,88.33031048545851,88.68546099460409,87.93776745578452,88.28357696533203,3773700
2024-10-09,88.11534644840009,88.38638517849029,87.77888506832497,88.37703704833984,4120600
2024-10-10,87.87233679588381,88.47983684948099,87.32091838743307,87.59195709228516,2664300
2024-10-11,88.04057179462716,88.58264923095703,87.87234111199146,88.58264923095703,2654000
2024-10-14,88.32096699276627,89.26492853072008,88.11535090226798,89.11538696289062,2529100
2024-10-15,89.53596664793002,90.95657587969625,89.48923312567676,90.19019317626953,2808500
2024-10-16,90.40516157562716,91.3023896262037,90.23693087048564,91.1808853149414,3177100
2024-10-17,90.82571839458502,90.92852642532849,90.19018108204976,90.46121978759766,2904100
2024-10-18,90.68552251716164,91.17152540031677,90.33972017816268,91.13414001464844,2080200
2024-10-21,90.68554232459776,91.0500410013109,89.22754761774523,89.34904479980469,4143000
2024-10-22,89.07799725571597,89.80699453723362,88.93781095583495,89.4798812866211,2530000
2024-10-23,89.26492639323885,90.30234782097743,89.17146648085058,90.13411712646484,2710500
2024-10-24,90.2462491453367,90.89113454107476,90.17148550784982,90.33036804199219,2632300
2024-10-25,90.94722397982649,91.2276108406567,89.45184402664489,89.4798812866211,3834800
2024-10-28,90.1247678099301,90.64814901684359,89.64811299332868,89.76026916503906,2296500
2024-10-29,89.4798856213069,89.86308054096908,88.82565908838907,89.11538696289062,2819600
2024-10-30,89.11538340743382,90.17150107912356,89.06865701725219,89.50791931152344,2930300
2024-10-31,88.78827065088257,89.33034811986879,87.93776905672823,87.99385070800781,4946300
2024-11-01,88.48919327702724,88.704157487425,86.97511706568848,87.0218505859375,4835200
2024-11-04,87.30224301839672,88.28358283145303,87.27419862613695,87.97515869140625,3368200
2024-11-05,87.48915489226927,89.19015087737934,87.28353881760752,89.14341735839844,2398100
2024-11-06,89.37706426625999,89.37706426625999,86.33023014607271,87.24614715576172,6335400
2024-11-07,87.66673374997691,88.55461356677057,87.4237322861202,88.29292297363281,4871300
2024-11-08,88.62938566396097,89.87242313039829,88.50788136495743,89.61072540283203,4093600
2024-11-11,89.54530477856183,90.13411576573388,89.10603535338082,89.16211700439453,2279800
2024-11-12,88.83499706285902,89.21818480817844,87.9190728909536,87.92842102050781,4645800
2024-11-13,88.65742254798666,89.20884099932098,88.28357578358113,88.41442108154297,2884300
2024-11-14,88.4144149801433,88.4144149801433,87.45176444134115,87.6199951171875,3708000
2024-11-15,87.30224175924035,87.83497111594009,86.92839497038179,87.66674041748047,2786400
2024-11-18,87.27418863283106,88.3022689819336,87.12465421057395,88.3022689819336,2468100
2024-11-19,88.06861837584427,88.94715006877816,87.64803809352004,88.73219299316406,3041600
2024-11-20,88.36769841700253,88.74153806663028,87.90039172443358,88.62004089355469,3143000
2024-11-21,88.63871655467315,89.5452925413831,88.27421796029971,89.27425384521484,2988600
2024-11-22,89.57333495677452,90.11541238033202,89.56399395778922,89.94718170166016,2943700
2024-11-25,90.47058002004307,91.64818777068089,90.47058002004307,91.19957733154297,4001200
2024-11-26,91.05003904367102,91.65753920197615,90.69488850568607,91.56407928466797,2774500
2024-11-27,92.08745515626289,92.71364440930178,92.0687660261049,92.15287780761719,2383100
2024-11-29,92.2930719177667,92.61083704652332,91.62949726900939,91.74165344238281,1922400
2024-12-02,91.27434205718163,91.34910570505309,90.16214990263703,90.4051513671875,3659400
2024-12-03,90.48925912521766,90.76029783699641,89.90045531513294,89.94718170166016,1992500
2024-12-04,90.04063970555141,90.04063970555141,89.22753071790387,89.70418548583984,2220300
2024-12-05,89.33967812123707,89.57333143629066,88.99387577849905,89.48921966552734,2922300
2024-12-06,89.73222994571626,90.0313059332137,88.96584728209565,89.35838317871094,1866100
2024-12-09,89.4798801043159,89.90980138951663,89.34903480579975,89.61072540283203,2871900
2024-12-10,89.49857022666465,89.50791122553665,88.03122765347662,88.31160736083984,2902100
2024-12-11,88.34900429017206,88.76958460196332,87.86300845559673,88.10600280761719,4294900
2024-12-12,87.88167852798671,88.90975162741198,87.88167852798671,87.9657974243164,2255100
2024-12-13,87.84431577094877,88.03124273842269,87.47046896653563,87.71347045898438,2796200
2024-12-16,87.66674230487328,88.39573963704824,87.3396219009954,87.40504455566406,3644900
2024-12-17,87.04988156865035,87.69476702280646,86.76015372949432,86.98445892333984,3020200
2024-12-18,86.7601523352189,87.17137732890485,83.37684970080808,83.39554595947266,5409800
2024-12-19,83.61985775255707,84.25539511720099,82.04970703582114,82.10578155517578,5403600
2024-12-20,82.10579025615358,84.43297575293144,82.10579025615358,83.48902130126953,7622200
2024-12-23,83.21158200784164,83.91932397075722,82.890735240901,83.81552124023438,4548900
2024-12-24,83.56072411142068,84.46663281701325,83.52297701541403,84.37226867675781,2182600
2024-12-26,84.14578169518101,84.68366518595025,83.730578059891,84.59873962402344,2577400
2024-12-27,84.0986059148914,84.71197641380131,83.51353673800615,83.74945068359375,3816700
2024-12-30,83.4380541302386,83.57016538214529,82.51327536689176,83.3342514038086,4402400
2024-12-31,83.95706458706621,84.25903417993553,83.30593972763552,84.06086730957031,5045100
2025-01-02,84.07030434436642,84.2401627017606,83.05116139952487,83.31538391113281,5296100
2025-01-03,83.51354113092451,84.49494406013459,83.24931864989153,84.4100112915039,3469900
2025-01-06,84.29678592783345,84.66481116445392,83.19271021797208,83.32482147216797,4206500
2025-01-07,83.683403968008,83.97593498780527,82.31510581786638,82.53214263916016,5679000
2025-01-08,82.52270106749978,82.81523927619602,81.7300336105693,82.74918365478516,5250300
2025-01-10,81.44693246416298,81.64509932471665,80.66370359612404,80.7297592163086,10056500
2025-01-13,80.66370635438382,81.7960905104183,80.4749708620295,81.72059631347656,3740200
2025-01-14,82.06975359688319,82.64538426358236,81.86214814993947,82.4660873413086,3829900
2025-01-15,84.73085954019372,84.80635373599432,82.89072631504862,82.93791198730469,3886700
2025-01-16,83.12665491276266,84.74031303413328,82.86243238046367,84.65538024902344,4112800
2025-01-17,84.90070917674439,85.17437020882305,84.59873962402344,84.59873962402344,3672400
2025-01-21,85.02338980877161,86.24070670724034,84.94789561362873,86.18408966064453,3634900
2025-01-22,85.92930316193294,85.92930316193294,84.6270606237066,84.68367767333984,2966300
2025-01-23,84.82522155039598,85.32535798582325,84.03255411300697,85.30648803710938,2706900
2025-01-24,85.00452131362896,86.14634403648405,84.9667742154119,85.5990219116211,3267300
2025-01-27,85.58958342805022,86.76915325037463,85.48578070772385,86.7408447265625,4107700
2025-01-28,86.48605689159895,86.48605689159895,85.48577683194331,85.6933822631836,2373800
2025-01-29,85.72169734834208,85.94817994495538,84.15523231914352,84.56100463867188,2820000
2025-01-30,85.57070890782637,86.36337633031619,84.94789261913655,85.63676452636719,3485100
2025-01-31,85.4102967236535,86.27845841562393,85.21212985045524,85.44804382324219,2566200
2025-02-03,84.69310718488684,85.59901587969058,83.90987115100198,85.26873779296875,5187600
2025-02-04,84.7497314882452,85.5329675892232,84.45720047202185,85.33480072021484,3371500
2025-02-05,86.1369075304607,86.72197676759002,85.37254857189865,86.53324127197266,3310400
2025-02-06,87.01450477278804,87.01450477278804,86.19352159421268,86.75028228759766,3468600
2025-02-07,86.91070539108894,86.96732963974895,85.96704950801626,86.4671859741211,2516200
2025-02-10,86.61817121944138,86.66534969216453,85.77831809002795,86.42943572998047,2195400
2025-02-11,86.04254864846557,86.8446547552423,85.95761587035888,86.8069076538086,2260000
2025-02-12,85.07058155599802,86.27845996645478,84.9384703048245,86.00479888916016,4747200
2025-02-13,85.87268385099665,87.01450658551221,85.69338693251537,86.863525390625,3734300
2025-02-14,87.08056373802293,87.46746610585379,86.44831602424978,86.4671859741211,2344300
2025-02-18,86.33507421715238,87.15605742241083,86.22184011954639,86.85408782958984,2500700
2025-02-19,86.47662371475131,87.1371799467219,86.29732679484945,86.9201431274414,2339100
2025-02-20,86.8540911343094,87.43916039245272,86.4294416535604,87.33535766601562,2920000
2025-02-21,87.49576588550501,87.5429443552295,85.96704091589007,86.47661590576172,2534600
2025-02-24,86.59928596337483,87.3636520249673,86.22182941883575,86.81632995605469,3258700
2025-02-25,87.06169911013461,88.27901613765434,87.06169911013461,87.88267517089844,4329200
2025-02-26,88.08084055239391,88.26957605704078,87.21267882958836,87.5146484375,2828800
2025-02-27,87.53352192890561,88.38281366550854,87.39197210621796,87.86380004882812,2379800
2025-02-28,88.26013579936215,88.64703817686993,87.5901409695659,88.60929107666016,4213800
2025-03-03,88.74139791822321,89.60012100687663,88.51492252774096,89.02449035644531,4596700
2025-03-04,89.01506072090035,89.55294428350798,87.87323797219021,87.99591064453125,4541100
2025-03-05,87.45803119863966,89.13773758902249,87.27873426948982,88.9773178100586,2574000
2025-03-06,88.08083258699259,88.34506226960315,86.4766205399461,86.69366455078125,4968800
2025-03-07,86.72197151273296,87.60900309005498,86.16521083380202,87.2126693725586,4447100
2025-03-10,87.11830697165523,88.0619628128558,85.90099007256377,86.37281799316406,3534300
2025-03-11,86.37282494671204,86.81634437970601,84.8441069685904,85.36311340332031,3918700
2025-03-12,85.50464921899469,85.83492729597648,84.70254326074682,85.098876953125,3303000
2025-03-13,85.09888036710566,85.68394955517522,83.31537148033131,83.41917419433594,3881600
2025-03-14,84.13635978818547,85.16494121803959,83.65509328454955,85.08944702148438,3769100
2025-03-17,84.9667752605563,86.8163398988055,84.9667752605563,86.54267883300781,2233300
2025-03-18,86.4105611954617,86.92013619068165,85.75000501620752,86.0897216796875,1956000
2025-03-19,86.09916307073973,86.84465210235481,85.46691533996655,86.19352722167969,1882100
2025-03-20,86.16521037806554,86.6653468093356,85.75000671410838,86.13690185546875,2041100
2025-03-21,85.63677300264227,85.77832282767524,84.6553700018097,85.1838150024414,3395100
2025-03-24,85.7311400851085,86.63704891697212,85.41030052361498,86.4955062866211,3719000
2025-03-25,86.39254554559763,86.50694284545052,85.01018422670515,85.52499389648438,4210000
2025-03-26,85.7442605463523,86.30673328756046,85.54405801438939,85.85865783691406,3094100
2025-03-27,86.0683934122475,86.69760758606272,85.42965098014753,85.63938903808594,2993000
2025-03-28,85.91587073359617,86.06840289122682,84.97204936892739,85.52499389648438,3602900
2025-03-31,85.54405811478104,86.83107854946998,85.54405811478104,86.31626892089844,2964400
2025-04-01,86.55460315968178,86.74527015289345,85.30571762514222,86.35440063476562,4276600
2025-04-02,86.06839277287952,87.02174228480504,85.83005539489814,86.87873840332031,3427200
2025-04-03,85.53453239933314,86.55461624149765,83.85663496625149,83.91383361816406,5784700
2025-04-04,83.04628452838132,83.17975289096978,80.17670018576881,80.27203369140625,7803800
2025-04-07,78.44160286833038,81.33978648613517,76.35376494492137,78.16513061523438,13294200
2025-04-08,80.03369477477742,80.22436905592127,75.17161334455069,76.06776428222656,7401100
2025-04-09,74.67587711914173,80.9775186587487,73.33165067017113,80.605712890625,10990300
2025-04-10,79.52841468779576,80.4722359432709,76.74463585340666,78.76573944091797,7442500
2025-04-11,78.22233563402196,79.89069739231692,77.28804984904555,79.72862243652344,5275900
2025-04-14,80.43410045417502,81.86412471343286,80.20529133578853,81.37791442871094,3228000
2025-04-15,81.61625792468031,82.15966689300285,81.15864692707605,81.62579345703125,2443200
2025-04-16,81.87365217551094,82.60773536127415,81.0156434470825,81.5685806274414,2393000
2025-04-17,81.70205385562515,83.40855042983574,81.70205385562515,82.78887176513672,3383500
2025-04-21,81.9594673080153,82.18826917832254,80.05276808400092,81.06331634521484,2406100
2025-04-22,81.96899552085435,82.97954369182602,81.79739231507806,82.63633728027344,2209800
2025-04-23,83.56108984972221,84.4477052257427,82.33126805243704,82.78887176513672,2493100
2025-04-24,82.83653991851045,83.67548488482404,82.41706379861381,83.09394836425781,2080800
2025-04-25,83.09395451706497,83.27508599485819,82.35033572032783,82.9509506225586,2409500
2025-04-28,82.8746723394006,83.63735484891627,82.6267994327861,83.46575164794922,2914900
2025-04-29,83.42763052994593,84.31424600199401,83.13208719027614,83.91383361816406,2740300
2025-04-30,83.51341748655176,84.50490187191382,82.70307183964884,84.20936584472656,3738300
2025-05-01,84.5049036344424,85.21991579782508,83.85662564870292,84.48583984375,3574100
2025-05-02,85.53452942929891,85.82052995241155,85.13412433285299,85.52499389648438,2237700
2025-05-05,85.38199081532196,85.84913737246004,84.87671667352163,85.3343276977539,2289900
2025-05-06,84.94344275052462,85.37245440857825,84.27610098041424,84.67650604248047,2579700
2025-05-07,84.84810503236315,85.46778365864371,84.59070386911277,84.77183532714844,2220300
2025-05-08,85.11504102015384,85.25804489787375,84.12355668103628,84.43816375732422,2652600
2025-05-09,84.37143431071041,85.22945035161698,84.24750148893271,85.00064849853516,3460200
2025-05-12,86.14466795091487,86.15420348321403,84.9529809853184,85.42012023925781,3657300
2025-05-13,85.4010595371351,85.50592857577915,84.08543242450257,84.33330535888672,4178600
2025-05-14,84.03776405430315,84.03776405430315,83.18928353903293,83.5038833618164,3052500
2025-05-15,83.80895728394904,85.04830725873619,83.72315204750996,85.02924346923828,2563000
2025-05-16,85.03878063903161,86.11607033228445,84.87671295413733,86.08747100830078,2580300
2025-05-19,85.35338223452189,86.21139826599043,85.19131456009997,86.10652923583984,2956400
2025-05-20,85.45826105307556,85.97307073092306,85.40106240225268,85.60126495361328,2003300
2025-05-21,84.9720368094546,85.31524320524572,83.25601210397826,83.32274627685547,2677200
2025-05-22,83.3799538155944,83.3799538155944,82.33127072698774,82.94141387939453,2540100
2025-05-23,82.78887664777385,83.27508698548735,82.50287612883906,83.02721405029297,2123000
2025-05-27,83.71362056118652,84.67650563064534,83.42762006402155,84.47630310058594,2117700
2025-05-28,84.50489985977673,84.52397092309711,83.82802258149346,84.39049530029297,1912800
2025-05-29,84.44770634080791,85.49638940919489,84.27610312790968,85.15318298339844,2440300
2025-05-30,84.81951208984076,85.3724565840106,84.32376624214365,85.15318298339844,2525900
2025-06-02,84.49536767587266,85.29618507702871,83.73269240286858,85.26758575439453,3101600
2025-06-03,84.87671180921372,85.22945377170785,84.36190216401147,85.09598541259766,2155700
2025-06-04,85.05785543132947,85.62032822360365,84.66697859047686,85.3343276977539,2598200
2025-06-05,85.37245478637307,85.71566120494283,84.81951030384624,85.26758575439453,3148400
2025-06-06,85.6107865790073,86.06839025821316,85.21990979926792,85.67752075195312,2707200
2025-06-09,85.70613317692914,86.3067408252727,85.12458932085092,85.79193115234375,3676100
2025-06-10,85.93493683413917,86.58321488681449,85.91587304147839,86.52601623535156,4036000
2025-06-11,86.64994011895257,87.03128139409449,85.74426095478537,86.0588607788086,2874600
2025-06-12,86.0016653555086,86.56414539395054,85.85866146278744,86.47834014892578,2007200
2025-06-13,85.79192117891776,86.33533011381289,85.07690903966207,85.63938903808594,2334100
2025-06-16,85.97306005404776,86.75480636995876,85.42011558649423,85.70612335205078,2657500
2025-06-17,85.6965980709262,85.963534804853,85.10551867903081,85.40106201171875,1879400
2025-06-18,85.62986005778413,86.33533671925082,85.2199194423075,85.69659423828125,2945800
2025-06-20,86.00165923685616,86.44973467454646,85.5440555408811,85.63938903808594,2940300
2025-06-23,85.80146170094999,86.99314866901874,85.68705713356258,86.9264144897461,3142100
2025-06-24,87.06941443580041,87.48888328358953,86.5736686063955,87.15521240234375,2727300
2025-06-25,86.66900909949939,86.66900909949939,85.01017568353431,85.05784606933594,4282500
2025-06-26,85.23884205523196,85.23884205523196,83.92954822168687,84.9789047241211,5886100
2025-06-27,84.99816415699193,86.07640831061181,84.85375534298984,85.19070434570312,3179200
2025-06-30,85.24846888222766,85.7779580525589,84.28575328714858,85.73944854736328,8752300
2025-07-01,85.56616337284396,87.01986604470213,85.46026406493087,86.36521911621094,5552800
2025-07-02,86.16304403345191,86.68291132577244,85.81646583857156,86.5673828125,3469500
2025-07-03,86.62515598027423,87.00061448994435,86.32670913917273,86.66365814208984,2361700
2025-07-07,86.63477842799905,87.11613624822675,85.46026417145346,85.92237091064453,4467500
2025-07-08,85.66243110672983,86.2593100346788,85.4506325149015,85.79721069335938,3631300
2025-07-09,85.99938836427172,86.11490953827035,85.49877212715325,85.86460876464844,3837000
2025-07-10,85.94161795293536,86.98135255855082,85.66243689386809,86.40372467041016,5303600
2025-07-11,85.78758636707028,86.61552235776645,85.48914688609969,86.4133529663086,3987600
2025-07-14,86.38447569382896,86.99098388940519,86.24006688204301,86.97172546386719,3256900
2025-07-15,86.97172081955252,87.05836903997196,85.52764746868155,85.69131469726562,4483000
2025-07-16,86.11490467417416,86.64440117488432,85.66243452667453,86.49999237060547,4126500
2025-07-17,86.43260496307663,86.78881237748297,86.00900775080282,86.40372467041016,3406500
2025-07-18,86.59626127149652,86.92358837970434,86.23043200461652,86.58663940429688,2523700
2025-07-21,87.18352711863237,87.50122504666444,86.74067879998351,86.9428482055664,3904200
2025-07-22,87.20279128235917,88.5217071119788,87.19316206862047,88.43506622314453,2684200
2025-07-23,88.56982790012522,88.74311698764032,88.22324972509503,88.60833740234375,2981900
2025-07-24,88.43505730896504,88.69498729420516,88.25213899105779,88.30027770996094,3236600
2025-07-25,88.42541953875312,88.44467796242554,87.41457264404791,88.30989837646484,2960500
2025-07-28,88.07885819423053,88.11736770399814,86.8369540477429,86.89472198486328,2551300
2025-07-29,87.3856868216386,88.38691187021782,86.95246776419592,88.29064178466797,3713600
2025-07-30,88.25213220350442,88.4061702161975,86.48073912715442,87.03911590576172,4407900
2025-07-31,86.54813319167458,86.99098148261179,85.70093876993639,85.81646728515625,4823500
2025-08-01,86.67327482099446,86.7406646118325,84.99815191663738,85.60466003417969,5395600
2025-08-04,85.78758700664449,86.70216388123949,85.75870671406906,86.48074340820312,3385600
2025-08-05,86.54813796988364,86.97172785920151,86.17267945586184,86.87545776367188,3752600
2025-08-06,86.93321923727198,87.01986011332946,86.16304384038871,86.20155334472656,3604600
2025-08-07,86.64440633712101,86.64440633712101,85.91274040480288,86.45186614990234,3345600
2025-08-08,86.58664297179261,86.63477434458432,85.5469083663223,85.73944854736328,3228800
2025-08-11,85.40250508448865,85.8261023241144,85.14257508876949,85.17145538330078,2623500
2025-08-12,85.43138132061614,85.67206022352688,84.79599283629912,85.6528091430664,3240500
2025-08-13,85.83572873687781,86.58664574994289,85.50840160468127,86.45186614990234,3577300
2025-08-14,85.90311367315786,86.04751513292734,85.28696895008143,85.83572387695312,3524500
2025-08-15,85.84534054663736,86.56737718151531,85.76832154279896,86.32669830322266,2399500
2025-08-18,86.33634246822378,86.4711220758163,85.5661669863198,85.59505462646484,2562500
2025-08-19,86.04751726783323,87.10651029866332,85.9608763898219,87.06800079345703,4168400
2025-08-20,87.27980380702483,88.0210916211019,87.06800519016355,87.31830596923828,2931900
2025-08-21,86.89471260741153,87.37607041015266,86.70216507935278,87.0583724975586,2629800
2025-08-22,87.66488177974288,89.16672313761003,87.51085110030925,88.74312591552734,3318700
2025-08-25,88.57945781645869,88.89714835864945,88.17511171241634,88.23287963867188,2968600
2025-08-26,88.20400808365758,88.48319649591068,87.82854957802623,88.00183868408203,2739800
2025-08-27,88.23288497938468,88.79126178238812,88.16549518212129,88.55058288574219,1885400
2025-08-28,88.57947164815548,88.61798115669356,87.79966695390024,88.31953430175781,2525000
2025-08-29,88.43505876462457,88.82976835536579,88.35803975108668,88.80088806152344,2137100
2025-09-02,88.00183192752392,88.09810201351083,87.01985795362208,87.32792663574219,3424400
2025-09-03,87.16426951240119,87.58786671806756,87.0294899187686,87.37606811523438,2505500
2025-09-04,87.6456282372099,88.08847652743077,87.19315073450203,88.03071594238281,3689000
2025-09-05,88.63722825586345,89.45553507695104,88.40617855995413,89.0223159790039,3446100
2025-09-08,88.12699052382345,88.52170011666263,87.83817289398995,88.50244903564453,2880400
2025-09-09,88.25213899105779,88.32915800332792,87.92481920631562,88.30027770996094,2533900
2025-09-10,88.30990655417084,88.82014465469081,88.01145971910394,88.15586853027344,2242800
2025-09-11,88.40617047861711,89.93688467338042,88.32915147204196,89.76359558105469,2671400
2025-09-12,89.70583967847418,89.85987035472341,89.25336217241069,89.3496322631836,2165500
2025-09-15,89.63844212697053,89.76359249965644,88.94528578146225,89.2052230834961,2754600
2025-09-16,89.19561202170607,89.34002084722802,88.48320445271924,88.73350524902344,3260300
2025-09-17,89.00306135166905,90.09093476684019,88.52170351343409,88.61798095703125,4570600
2025-09-18,88.72387547678943,89.19560407619761,88.5120768642159,88.81051635742188,2966000
2025-09-19,88.9260359942455,89.04155715688339,88.23287963867188,88.23287963867188,3076000
2025-09-22,88.26176544293563,88.44468375512106,87.69375942638258,88.25213623046875,3646000
2025-09-23,88.36767592331408,88.9453038804639,88.25214739390893,88.73350524902344,3421200
2025-09-24,88.65768415114968,88.69656146409774,87.85099659142817,87.8607177734375,2709200
2025-09-25,87.85100359529922,88.2008920246372,87.53027129922442,87.59830474853516,4246500
2025-09-26,87.95791234544545,88.61881187293194,87.76353318475105,88.46330261230469,5430800
2025-09-29,88.56050323813858,88.66741400543005,88.10370403518236,88.49246978759766,3155100
2025-09-30,88.521619992427,88.92009948602328,88.23976502618112,88.85206604003906,3002800
2025-10-01,88.80347831119806,89.29914740132874,88.68684636435509,88.9881362915039,2933500
2025-10-02,88.79376314614935,88.79376314614935,87.96764052485477,88.5216293334961,4186000
2025-10-03,88.63824451977739,89.57128522911732,88.63824451977739,88.85206604003906,2496500
2025-10-06,88.91038346530351,88.9298184143395,87.98706396167482,88.01622009277344,4154400
2025-10-07,88.08426157175828,88.25920578939701,87.32617243368709,87.69550323486328,4546200
2025-10-08,87.29701313209944,87.56914692408675,87.01515815751553,87.23870086669922,3325100
2025-10-09,87.40393106302918,87.46224333321136,86.53893111823886,86.76246643066406,3122700
2025-10-10,87.00544289420311,87.17067334922778,85.61561029192161,85.65448760986328,3996300
2025-10-13,85.7322405951004,86.28622938869516,85.6058948755402,86.19876098632812,2809800
2025-10-14,86.08213169771419,87.21926545420352,85.90718747247811,87.08319854736328,3047700
2025-10-15,87.38449021892386,88.5993785330669,87.31644935484563,88.3466796875,3026500
2025-10-16,88.51190155609771,88.8617899791827,87.84128084266987,88.0356674194336,3719100
2025-10-17,87.99679166866177,88.71600347775083,87.72465787144374,88.60909271240234,2945200
2025-10-20,89.02701596956443,89.52269248793829,88.82291561849048,89.50325012207031,2036800
2025-10-21,89.4157799770063,89.85313680433616,89.10476886499421,89.25055694580078,2829500
2025-10-22,89.5226897611548,89.77538860411171,89.11448907144033,89.62960052490234,2490400
2025-10-23,89.72679855329169,89.96977623648573,88.82292127520624,89.57129669189453,2687000
2025-10-24,90.21275431101661,90.319665085293,89.83370971679688,89.83370971679688,2619500
2025-10-27,89.89201630889484,90.12528020990072,89.49353678775061,90.0864028930664,2921900
2025-10-28,89.87257564059611,89.87257564059611,88.2494866952421,88.31752014160156,4635700
2025-10-29,87.66634008836236,87.82184935590605,85.75168228358825,86.04325103759766,5649700
2025-10-30,85.97521999381976,87.03460651712267,85.7225211345316,86.45145416259766,5183100
2025-10-31,86.01409585814905,86.96657159469812,85.69336355159874,86.67499542236328,3982700
2025-11-03,85.72251504764512,86.64583460002089,85.39206899096241,86.54864501953125,4522900
2025-11-04,86.73330480625873,86.82078062108599,86.26679184414616,86.69442749023438,4058700
2025-11-05,86.96656522224531,87.05403361848248,86.24734602721065,86.77217864990234,2885900
2025-11-06,86.68470913745266,87.03459754807504,86.32509954456592,86.35425567626953,3421600
2025-11-07,86.53892716185777,87.71493818567204,86.44173757763402,87.69550323486328,5277800
2025-11-10,87.49139472618842,88.03566974038628,87.13179252610206,87.64690399169922,3398100
2025-11-11,87.9676404594998,88.69657349217528,87.94819809284459,88.6285400390625,3190200
2025-11-12,88.20089259109186,88.60909328957781,87.938479974948,87.96763610839844,3652300
2025-11-13,87.50111789639925,87.87044870283074,86.75274993062872,86.8888168334961,3734400
2025-11-14,87.11234838492128,87.21925914900851,86.59723692982267,87.07347106933594,3662800
2025-11-17,87.30673133076147,87.32616628020074,86.11127802528674,86.35425567626953,4071900
2025-11-18,86.31538919488126,86.95685383322258,86.08213269688913,86.70415496826172,4281500
2025-11-19,86.69442462811556,86.79162162251251,85.74195636977797,86.02381134033203,4029400
2025-11-20,86.56808469505981,87.05404003912439,85.63505132426664,85.6642074584961,5316600
2025-11-21,86.16960414165638,87.37477130434604,85.89746292354839,87.05403900146484,5770400
2025-11-24,87.12206945076994,87.4136456097241,86.58751563105055,87.28729248046875,3330800
2025-11-25,87.52055516956224,88.4827446167296,87.52055516956224,88.09397888183594,4230300
2025-11-26,87.88988382598627,88.9978614172698,87.85100650864948,88.48274993896484,3298000
2025-11-28,88.37583537120528,89.02701372465295,88.37583537120528,88.7743148803711,1627100
2025-12-01,87.90930890466495,88.25919730631269,87.69549480595956,87.7538070678711,3120800
2025-12-02,87.97734883802609,88.0939807855415,87.16094745068769,87.44280242919922,2736900
2025-12-03,87.33589760449755,87.88016523307442,87.28729910262162,87.66634368896484,3204000
2025-12-04,87.50111336057151,88.04538094382758,87.34561151467963,87.45252227783203,4837500
2025-12-05,87.29701915147741,87.81213063827032,87.19982956407898,87.35533142089844,3859800
2025-12-08,87.39420590961716,87.39420590961716,86.64583795427727,86.6847152709961,3971700
2025-12-09,86.92768678843545,87.45251940436904,86.32509954456592,86.35425567626953,4194000
2025-12-10,86.62639062984248,87.28729014605233,86.50976610145162,86.66526794433594,4633300
2025-12-11,86.91797343237684,87.39420759495881,86.75275039445312,87.04431915283203,5207200
2025-12-12,87.42336379334334,87.73437491822946,86.72359432366714,86.93740844726562,3855900
2025-12-15,87.29701735252436,87.35532962074372,86.59724047353177,87.20954895019531,3914800
2025-12-16,87.13179469567496,87.45252700245973,86.43201781363184,86.56808471679688,3717900
2025-12-17,86.49032989289161,87.2387052737522,86.480616124894,86.8888168334961,3715300
2025-12-18,87.31644930164256,87.46223738226887,86.33482488327778,86.43201446533203,3818000
2025-12-19,86.17931713304453,86.66527246693799,86.06269259856766,86.1015625,4162000
2025-12-22,85.96524376744249,86.67140554009603,85.79851320521782,86.54389953613281,3593800
2025-12-23,86.58313037589964,86.58313037589964,86.18101505595159,86.48505401611328,3955900
2025-12-24,86.51447808689679,87.20102758606053,86.51447808689679,87.05390930175781,2730800
2025-12-26,86.99504938836992,87.21082185419918,86.75966464507712,87.1519775390625,2065600
2025-12-29,87.5246744425837,87.61294840183682,87.08332709455733,87.32852172851562,2604000
2025-12-30,87.38736979483127,87.554100357216,87.21082935149842,87.50506591796875,2813400
2025-12-31,87.4658326210953,87.48544489996327,86.7498609770956,86.78909301757812,3301700
2026-01-02,86.671401169961,87.14217067282847,86.1515822648731,86.81851196289062,3524400
2026-01-05,86.60274614392833,87.35794231047964,86.19081347942681,87.0146713256836,5501600
2026-01-06,86.68120736041601,87.8581461345746,86.58313099992279,87.65218353271484,4889800
2026-01-07,88.14256602121151,88.27987441186343,86.77928451206311,86.79889678955078,6668200
2026-01-08,86.40659390091524,87.90718397448299,86.3183274178804,87.57372283935547,5165900
2026-01-09,87.59332362156016,88.2896754441702,87.59332362156016,87.75025177001953,4126100
2026-01-12,87.85814041257035,88.23083355127056,87.60313590569852,87.8679428100586,3342500
2026-01-13,87.89737017232649,88.42699145006421,87.10293451434693,88.35832977294922,3085200
2026-01-14,88.35833091075041,89.14295669885355,88.27987431813696,89.12334442138672,3535400
2026-01-15,89.54508872914937,90.12374450856198,89.27046443700353,89.74124145507812,3845600
2026-01-16,89.58430366842242,91.03585912576398,89.45680515853442,90.83970642089844,4819500
2026-01-20,90.0550854591959,90.30028009478319,89.09391919528521,89.15277099609375,4648700
2026-01-21,89.78046853984229,89.92758681753956,88.78988011827683,89.50585174560547,6140200
2026-01-22,89.61373443951666,89.85892906506588,88.5741041389206,88.6231460571289,3922700
2026-01-23,88.48584141190062,88.88795672379877,88.15237281600676,88.79969024658203,2838200
2026-01-26,89.04488998229257,89.30969691185528,88.58392284310297,88.68199920654297,3004300
2026-01-27,88.57410855189185,88.83892295101653,88.30930163551369,88.65257263183594,3217100
2026-01-28,88.74084630725251,88.87815470534011,87.52467552026737,87.74044799804688,4520400
2026-01-29,88.25045130213377,89.08411151716788,87.70121026270571,88.96641540527344,7283700
2026-01-30,88.72122653212912,89.0743074079412,87.93660818357176,89.05469512939453,4617900
2026-02-02,89.15276966093529,89.39796429285055,88.09352705520227,88.13275909423828,5280500
2026-02-03,88.0248738375938,88.44660890849325,87.35794413204924,87.93660736083984,4821700
2026-02-04,88.50545325009656,89.56469586790702,88.1621822580505,89.2018051147461,3941100
2026-02-05,89.0154583580811,89.57450180127744,88.50544935001837,89.07430267333984,3588500
2026-02-06,89.77066014100846,90.60432041805808,89.57450742267204,90.47682189941406,3638600
2026-02-09,90.38855209445776,90.9377856717838,89.83931103438545,90.85932159423828,3021500
2026-02-10,90.9770180704942,92.30106758264145,90.95739830965705,92.07548522949219,4266300
2026-02-11,92.26183494352406,92.38933345715083,91.43798457963496,91.56548309326172,4425400
2026-02-12,92.65415453080627,93.32108427085738,91.31048516964168,91.45760345458984,7469400
2026-02-13,91.7910568207644,93.10530391034702,91.50663763872966,92.77183532714844,3906800
2026-02-17,93.11511730639407,93.72319521435426,92.56587623381353,93.654541015625,3614800
2026-02-18,93.38973633509931,93.52704473584211,92.34030356785267,92.55607604980469,4163300
2026-02-19,92.4481830131754,92.987606695657,91.9872159233892,92.35990905761719,2646600
2026-02-20,92.47761102781665,93.06607666540597,92.30107058826519,93.05626678466797,2840700
2026-02-23,92.92876978444568,93.80166211572734,92.73261706295978,93.06607818603516,3646100
2026-02-24,92.83069075498223,93.41915638526928,92.66396019823775,93.30146026611328,3788500
2026-02-25,93.20338368845356,93.48781036368347,92.60510817896072,93.04646301269531,3297000
2026-02-26,93.34068897906681,93.84088811421907,93.10530423189066,93.6839599609375,3761600
2026-02-27,93.3701210991715,94.38032935752602,93.35050881929189,93.8507080078125,4707900
2026-03-02,93.37011842744636,94.35089701379661,92.80127253425076,94.08609008789062,5477700
2026-03-03,92.57569096818862,93.90955045578878,91.8793390637829,93.58589172363281,4832600
2026-03-04,93.3406920094862,93.79184924069878,92.71299434147336,93.70358276367188,3896700
2026-03-05,92.75222930367607,93.01703622584728,92.07548969416001,92.76203918457031,4637600
2026-03-06,91.97740591784158,92.01663795550883,91.2810540854266,91.7518310546875,4606000
2026-03-09,90.89855915586415,92.27165066535238,89.79028205349516,91.95780181884766,4971400
2026-03-10,91.69298197918349,92.64433834330836,91.25163463712896,91.82048797607422,5106500
2026-03-11,91.3006704638364,91.47721089989564,90.62393836123132,90.86913299560547,4686600
2026-03-12,90.0943215348437,90.9181719556054,89.88835892965326,90.24143981933594,3933900
2026-03-13,91.12414136834606,91.51644681375615,90.28067119177024,90.38855743408203,4063300
2026-03-16,91.32028584996485,91.85971701284353,91.02604930971356,91.14374542236328,3479300
2026-03-17,91.7518380039616,92.23241740697878,91.47721371949085,91.54586791992188,2960900
2026-03-18,91.18297882733337,91.25163302338878,90.14335600628134,90.19239044189453,2838600
2026-03-19,89.81970352225656,90.31009280881693,89.32931423569619,89.82950592041016,4704900
2026-03-20,89.87854736297798,89.87854736297798,86.6321726977353,87.04409790039062,6295400
2026-03-23,88.1621801636032,88.87815177235844,87.68160078615573,87.72083282470703,6256500
2026-03-24,87.20141061803301,88.00433125832413,86.88420674854568,87.14193725585938,3917100
2026-03-25,87.56817179454943,87.79616561737286,86.66612637652224,87.07254028320312,5061200
2026-03-26,86.89412465812337,87.72678200979749,86.53726934662387,86.95359802246094,6108000
2026-03-27,86.76525161757358,87.22123170285566,86.08127770828212,86.23988342285156,4435200
2026-03-30,87.14193570937124,87.74659919379145,86.27953415947454,86.56700134277344,5474800
2026-03-31,87.69703968283085,88.64865126466474,86.88420431734336,87.9250259399414,4928400
2026-04-01,87.92502940326139,88.57926664558158,87.77634599613124,88.24223327636719,4412000
2026-04-02,88.1133692695869,89.54079043889689,87.66730393554586,89.44166564941406,3288900
2026-04-06,89.17401940678982,89.82825662302444,88.94603314978922,89.57052612304688,2537600
2026-04-07,89.28305795245936,90.01659045361943,88.87664405578805,89.69938659667969,3184800
2026-04-08,91.09707594792292,91.41427982190224,90.74022064435408,91.31515502929688,5049600
2026-04-09,90.91864684200799,92.75248194545654,90.8690806651296,91.9693832397461,3845600
2026-04-10,91.9792982885653,92.46501506006794,91.76121920996584,92.16764068603516,2568500
2026-04-13,91.89007922816394,92.56413838646863,91.56296817817851,92.51457977294922,2036000
2026-04-14,92.38571227395454,93.49592960099189,92.22711412022738,93.39680480957031,1921100
2026-04-15,93.1489902784564,93.51575276782818,92.85160833753183,93.46619415283203,2758800
2026-04-16,93.69417511748114,94.38806375279083,93.5553989029665,94.3285903930664,2005200
2026-04-17,94.66562118919913,95.96417336344636,94.556581648779,95.83531188964844,2584300
2026-04-20,95.6568827785936,96.1822509765625,95.48836987787466,96.1822509765625,2246600
2026-04-21,96.11286522176927,96.2119900150483,94.3385034399479,94.47727966308594,3236100
2026-04-22,94.76474157856028,95.17116303992229,93.30758375404619,93.69417572021484,2708600
2026-04-23,94.03121530229004,94.72509642528809,93.68427474079101,94.65570831298828,3437500
2026-04-24,94.59623054994361,95.18107210316843,94.38806622272445,94.46736907958984,1994300
2026-04-27,94.1204248319678,94.86387212941695,93.87260906615141,93.95191192626953,2521200
2026-04-28,94.28893998264111,94.90351820705273,93.65453226294983,94.8143081665039,2867600
2026-04-29,94.33849950336527,94.96300004416405,93.68426984483398,94.07086181640625,2903100
2026-04-30,93.85278723402931,95.56767566293829,93.72392575825069,95.48837280273438,3730200
2026-05-01,95.75600896687025,95.86504850721774,94.9729102510733,95.2207260131836,3248800
2026-05-04,94.90352137439146,95.44871907172951,94.2492917003226,94.62596893310547,3595200
2026-05-05,94.8143079375793,95.12159704904317,94.19972215191501,94.92334747314453,2536800
2026-05-06,95.55775577201118,96.51928210270961,95.51810434404318,96.2417221069336,3238800
2026-05-07,95.96417259533894,96.29129121398101,95.131515270872,95.54784393310547,2739700
2026-05-08,95.82539174190318,96.34085273352281,95.73618170262466,95.77583312988281,2186500
2026-05-11,96.0533867968825,96.46971544435846,95.54784054624082,95.84522247314453,3868500
2026-05-12,95.77583436523187,96.04347204925597,95.13151189876487,95.84522247314453,2325100
2026-05-13,95.38924129756289,95.43879990965081,94.6061426243038,95.05220794677734,5047300
2026-05-14,95.31985511144633,95.4982751938423,94.4178021380714,94.48719024658203,2521700
2026-05-15,94.26911356058791,94.28894305651403,92.96064665072578,93.08951568603516,4543700
2026-05-18,93.21837478896612,94.35832876816224,93.21837478896612,94.17990112304688,2766100
2026-05-19,94.15016591186141,94.69535604068959,93.64461964902274,94.44754028320312,2092700
2026-05-20,94.4376229533479,95.65687977445013,94.31867623315799,95.64696502685547,2655000
2026-05-21,95.20090070098938,95.91461128057422,94.63588108594082,95.82539367675781,2493900
2026-05-22,96.1029500521168,96.38051005991245,95.3000293985202,95.92452239990234,3549600
2026-05-26,96.30120210236964,96.68779406791204,95.96416874925731,96.37059020996094,3193000
2026-05-27,96.20208070480152,96.85631037618258,96.06330448472866,96.07321166992188,2509300
2026-05-28,95.884879069228,96.3904177843823,95.4288914066676,95.70645141601562,2898600
2026-05-29,95.50819119384691,95.56767211816211,94.54666484706588,94.8638687133789,3342700
2026-06-01,94.2988511856531,94.41780547419012,93.22829283976752,93.26793670654297,3953200
2026-06-02,93.30758375404619,93.79330807070858,92.86151842777053,93.69417572021484,2143400
2026-06-03,93.5157483723095,94.49710419359174,93.26793262076609,93.58514404296875,2620300
2026-06-04,94.73500777901216,95.30994215331647,94.15016621954646,95.2603759765625,3786900
2026-06-05,94.95308814960283,96.66796898523737,94.85396335748158,95.94435119628906,3650300
2026-06-08,95.98399779729795,96.26155022637016,94.5070104868634,94.63587951660156,2774600
2026-06-09,95.17116532802682,97.25281617192117,95.17116532802682,96.81665802001953,3446800
2026-06-10,97.07439199849779,97.55020159603032,96.79683955107755,96.82657623291016,3787000
2026-06-11,97.00500265208217,97.44116081404137,96.35076540914339,96.75718688964844,3896700
2026-06-12,97.00500003229158,97.99626305525574,97.00500003229158,97.64932250976562,1985700
2026-06-15,97.64932118669276,98.28372890777516,96.71753153765573,96.96534729003906,3067400
2026-06-16,97.59975378167843,97.897135705887,96.89595796130374,97.2032470703125,2619900
2026-06-17,96.87613853378453,97.12395428945366,94.50701295186978,94.774658203125,2859900
2026-06-18,95.46853727816563,95.65687966857323,94.6160504916444,94.72509002685547,2666300
2026-06-22,95.07204214058788,96.17233716125209,94.65570591460114,95.74609375,4479200
2026-06-23,95.91460947194075,97.22307632226071,95.91460947194075,97.00499725341797,3173300
2026-06-24,97.26000213623047,97.55999755859375,96.52999877929688,97.01000213623047,4831600
2026-06-25,97.48999786376953,97.5999984741211,96.16999816894531,97.19000244140625,4014600
2026-06-26,97.81999969482422,98.73999786376953,97.61000061035156,98.66999816894531,3884800
2026-06-29,98.38999938964844,98.55999755859375,97.29000091552734,98.1500015258789,3136300
2026-06-30,97.02999877929688,97.4000015258789,96.3499984741211,96.43000030517578,5313100
2026-07-01,96.5199966430664,97.58000183105469,96.48999786376953,96.81999969482422,5198000
