date,gross_return,turnover,transaction_cost,net_return,equity_curve
2008-07-01,0.0,0.0,0.0,0.0,100000.0
2008-07-02,0.005329302301367578,1.0,0.0005000000000000001,0.004829302301367577,100482.93023013674
2008-07-03,-0.0025383898163528597,0.0,0.0,-0.0025383898163528597,100227.86538332327
2008-07-07,0.0029905106592390098,0.0,0.0,0.0029905106592390098,100527.59788310486
2008-07-08,-0.011562751888342515,0.0,0.0,-0.011562751888342515,99365.22221085144
2008-07-09,0.010354594484152914,0.0,0.0,0.010354594484152914,100394.10879267256
2008-07-10,0.0030882314991856332,0.0,0.0,0.0030882314991856332,100704.14904177876
2008-07-11,0.0032334128577948375,0.0,0.0,0.0032334128577948375,101029.76713212373
2008-07-14,0.006944957843985833,0.0,0.0,0.006944957843985833,101731.41460584402
2008-07-15,-0.00019448502872660952,0.0,0.0,-0.00019448502872660952,101711.629368752
2008-07-16,-0.016034075830885987,0.0,0.0,-0.016034075830885987,100080.77739057047
2008-07-17,-0.007355810398619079,0.0,0.0,-0.007355810398619079,99344.60216753902
2008-07-18,-0.004958332735985161,0.0,0.0,-0.004958332735985161,98852.0185744683
2008-07-21,0.003161732612286461,0.0,0.0,0.003161732612286461,99164.56222538553
2008-07-22,-0.00935484023858655,0.0,0.0,-0.00935484023858655,98236.89358843767
2008-07-23,-0.009632739088983188,0.0,0.0,-0.009632739088983188,97290.60322358804
2008-07-24,0.01055069110699084,0.0,0.0,0.01055069110699084,98317.08632581292
2008-07-25,-0.0042409835954231425,0.0,0.0,-0.0042409835954231425,97900.12517555535
2008-07-28,0.0060068543304890535,0.0,0.0,0.0060068543304890535,98488.19696642154
2008-07-29,-0.006396495205555486,0.0,0.0,-0.006396495205555486,97858.21768672203
2008-07-30,-0.0017563647419502565,0.0,0.0,-0.0017563647419502565,97686.34296346697
2008-07-31,0.0035185440948576454,0.0,0.0,0.0035185440948576454,98030.05666864934
2008-08-01,-0.0008196125696159793,0.0,0.0,-0.0008196125696159793,97949.71000200354
2008-08-04,0.0011645585775638006,0.2,0.0001,0.0010645585775638006,98053.98320595606
2008-08-05,-0.01648484241114464,0.0,0.0,-0.01648484241114464,96437.57874502083
2008-08-06,-0.0029288725637813934,0.0,0.0,-0.0029288725637813934,96155.12536651704
2008-08-07,0.012352903959031946,0.0,0.0,0.012352903959031946,97342.92039533831
2008-08-08,-0.011429187517139373,0.0,0.0,-0.011429187517139373,96230.36990467401
2008-08-11,-0.009596953522120744,0.0,0.0,-0.009596953522120744,95306.85151728237
2008-08-12,0.005660369987869462,0.0,0.0,0.005660369987869462,95846.32355924913
2008-08-13,0.007212239032095048,0.0,0.0,0.007212239032095048,96537.59015510595
2008-08-14,-0.006218635167234654,0.0,0.0,-0.006218635167234654,95937.25810200731
2008-08-15,-0.0009310564323749217,0.0,0.0,-0.0009310564323749217,95847.93510074702
2008-08-18,0.007989460513575797,0.0,0.0,0.007989460513575797,96613.70839354221
2008-08-19,0.008915478678442503,0.0,0.0,0.008915478678442503,97475.0658507701
2008-08-20,-0.003139181172133353,0.0,0.0,-0.003139181172133353,97169.07395929891
2008-08-21,0.008590711903480997,0.0,0.0,0.008590711903480997,98003.82547961129
2008-08-22,-0.01144163295063805,0.0,0.0,-0.01144163295063805,96882.50168071518
2008-08-25,0.010286828101255295,0.0,0.0,0.010286828101255295,97879.11532152428
2008-08-26,-0.0020788038639428354,0.0,0.0,-0.0020788038639428354,97675.6438383946
2008-08-27,-0.003501291738796653,0.0,0.0,-0.003501291738796653,97333.65291354156
2008-08-28,-0.007185856226596666,0.0,0.0,-0.007185856226596666,96634.2272776954
2008-08-29,0.001501068164839059,0.0,0.0,0.001501068164839059,96779.28183989578
2008-09-02,-0.00022300110217166134,0.0,0.0,-0.00022300110217166134,96757.6999533781
2008-09-03,0.0005581443768327475,0.0,0.0,0.0005581443768327475,96811.70471952236
2008-09-04,0.013199274982578047,0.0,0.0,0.013199274982578047,98089.54903164749
2008-09-05,-0.0023774607924352594,0.0,0.0,-0.0023774607924352594,97856.34497467708
2008-09-08,-0.010181527610613828,0.0,0.0,-0.010181527610613828,96860.01789644365
2008-09-09,0.01065533770642213,0.0,0.0,0.01065533770642213,97892.09409738035
2008-09-10,-0.007554171206007955,0.0,0.0,-0.007554171206007955,97152.6004588541
2008-09-11,-0.004945581647863972,0.0,0.0,-0.004945581647863972,96672.12434098254
2008-09-12,-0.0020405238138132987,0.0,0.0,-0.0020405238138132987,96474.86256913285
2008-09-15,0.026689651891499855,0.0,0.0,0.026689651891499855,99049.74306738329
2008-09-16,-0.017851441913719512,0.0,0.0,-0.017851441913719512,97281.56233244705
2008-09-17,0.034443107912902296,0.0,0.0,0.034443107912902296,100632.24168179928
2008-09-18,-0.02906308208792183,0.0,0.0,-0.02906308208792183,97707.55858110954
2008-09-19,-0.020389414476481175,0.0,0.0,-0.020389414476481175,95715.35867171425
2008-09-22,0.030420739077052596,0.0,0.0,0.030420739077052596,98627.09062353296
2008-09-23,0.0021213551213387976,0.0,0.0,0.0021213551213387976,98836.31370732994
2008-09-24,-0.004257455806117528,0.0,0.0,-0.004257455806117528,98415.52246968141
2008-09-25,-0.008703467082984206,0.0,0.0,-0.008703467082984206,97558.96620941185
2008-09-26,-0.0016900199489265247,0.0,0.0,-0.0016900199489265247,97394.08961032132
2008-09-29,0.029762079990604533,0.0,0.0,0.029762079990604533,100292.74029591579
2008-09-30,-0.0243229745421508,0.0,0.0,-0.0243229745421508,97853.32252693569
2008-10-01,0.0031072206966789146,0.0,0.0,0.0031072206966789146,98157.37439593018
2008-10-02,0.017650584394092794,0.4,0.0002,0.017450584394092795,99870.27794172894
2008-10-03,0.00758141529437667,0.0,0.0,0.00758141529437667,100627.43599437001
2008-10-06,0.02404858431527717,0.0,0.0,0.02404858431527717,103047.38337331076
2008-10-07,0.027332183568686042,0.0,0.0,0.027332183568686042,105863.89337194285
2008-10-08,0.007731063609105382,0.0,0.0,0.007731063609105382,106682.33386550889
2008-10-09,0.025478276857059078,0.0,0.0,0.025478276857059078,109400.41590349155
2008-10-10,-0.01264231115149499,0.0,0.0,-0.01264231115149499,108017.34180553663
2008-10-13,-0.06301469773330949,0.0,0.0,-0.06301469773330949,101210.66166170518
2008-10-14,0.014149507500662552,0.0,0.0,0.014149507500662552,102642.7426780345
2008-10-15,0.04925188258467404,0.0,0.0,0.04925188258467404,107698.09098858196
2008-10-16,-0.028513189589223952,0.0,0.0,-0.028513189589223952,104627.27490182704
2008-10-17,0.00639763720665063,0.0,0.0,0.00639763720665063,105296.64224856943
2008-10-20,-0.017805190279702846,0.0,0.0,-0.017805190279702846,103421.81549751986
2008-10-21,0.015518049973897108,0.0,0.0,0.015518049973897108,105026.72039880154
2008-10-22,0.025051692258408143,0.0,0.0,0.025051692258408143,107657.81747714218
2008-10-23,-0.004939024424374406,0.0,0.0,-0.004939024424374406,107126.09288714774
2008-10-24,0.026463539086007626,0.0,0.0,0.026463539086007626,109961.02843339805
2008-10-27,0.016988829554363805,0.0,0.0,0.016988829554363805,111829.13760307562
2008-10-28,-0.059820909417300214,0.0,0.0,-0.059820909417300214,105139.41689230724
2008-10-29,0.009732575585698833,0.0,0.0,0.009732575585698833,106162.69421424791
2008-10-30,-0.03271941705567297,0.0,0.0,-0.03271941705567297,102689.11274649805
2008-10-31,-0.007151461896801926,0.0,0.0,-0.007151461896801926,101954.73546947508
2008-11-03,0.0021495140334667267,0.0,0.0,0.0021495140334667267,102173.88860414512
2008-11-04,-0.035401014695694136,0.4,0.0002,-0.035601014695694135,98536.39449443274
2008-11-05,0.038460752652047375,0.0,0.0,0.038460752652047375,102326.17839030767
2008-11-06,0.02660201648071442,0.0,0.0,0.02660201648071442,105048.26107425516
2008-11-07,-0.02445427605896638,0.0,0.0,-0.02445427605896638,102479.38189843095
2008-11-10,0.009308798298938204,0.0,0.0,0.009308798298938204,103433.3417943233
2008-11-11,0.01988339470159447,0.0,0.0,0.01988339470159447,105489.94775452476
2008-11-12,0.03164295440716375,0.0,0.0,0.03164295440716375,108827.96136173527
2008-11-13,-0.04856673506592086,0.0,0.0,-0.04856673506592086,103542.54259451559
2008-11-14,0.03446036645789526,0.0,0.0,0.03446036645789526,107110.65655630484
2008-11-17,0.011655343574318754,0.0,0.0,0.011655343574318754,108359.06805893942
2008-11-18,0.004294689799771212,0.0,0.0,0.004294689799771212,108824.43664324489
2008-11-19,0.040472235850160014,0.0,0.0,0.040472235850160014,113228.80490933107
2008-11-20,0.040384973473347,0.0,0.0,0.040384973473347,117801.5471920132
2008-11-21,-0.047336971462209144,0.0,0.0,-0.047336971462209144,112225.17871438077
2008-11-24,-0.04999548345584892,0.0,0.0,-0.04999548345584892,106614.42664863628
2008-11-25,0.0041497962062501444,0.0,0.0,0.0041497962062501444,107056.85479187433
2008-11-26,-0.01819659709774291,0.0,0.0,-0.01819659709774291,105108.784338675
2008-11-28,0.00940613075072676,0.0,0.0,0.00940613075072676,106097.45130721453
2008-12-01,0.059261451588916936,0.0,0.0,0.059261451588916936,112384.9402815645
2008-12-02,-0.031052560059579452,0.0,0.0,-0.031052560059579452,108895.10017367896
2008-12-03,-0.00811236304939368,0.0,0.0,-0.00811236304939368,108011.70358676999
2008-12-04,0.020796999179239783,0.0,0.0,0.020796999179239783,110258.02289761235
2008-12-05,-0.018657970293519115,0.0,0.0,-0.018657970293519115,108200.83198176656
2008-12-08,-0.03415707589643034,0.0,0.0,-0.03415707589643034,104505.00795170845
2008-12-09,0.017054015180739613,0.0,0.0,0.017054015180739613,106287.23794378022
2008-12-10,-0.02652042340379162,0.0,0.0,-0.02652042340379162,103468.45539109161
2008-12-11,0.013606635525043199,0.0,0.0,0.013606635525043199,104876.3129519374
2008-12-12,-0.016921127262962854,0.0,0.0,-0.016921127262962854,103101.68751360735
2008-12-15,0.006221449879160856,0.0,0.0,0.006221449879160856,103743.12949493017
2008-12-16,-0.034769993978232466,0.0,0.0,-0.034769993978232466,100135.98150710844
2008-12-17,0.002306832133468095,0.0,0.0,0.002306832133468095,100366.9784069654
2008-12-18,0.020863533083646014,0.0,0.0,0.020863533083646014,102460.9881814647
2008-12-19,-0.0005470868032188322,0.0,0.0,-0.0005470868032188322,102404.93312698587
2008-12-22,0.009021322230259986,0.0,0.0,0.009021322230259986,103328.76102669262
2008-12-23,0.003174500755840204,0.0,0.0,0.003174500755840204,103656.77825667188
2008-12-24,-0.003854529287441555,0.0,0.0,-0.003854529287441555,103257.2301690397
2008-12-26,-0.006137916188700832,0.0,0.0,-0.006137916188700832,102623.44594438473
2008-12-29,0.004482227040093834,0.0,0.0,0.004482227040093834,103083.42752874426
2008-12-30,-0.01233619571783955,0.0,0.0,-0.01233619571783955,101811.77019148396
2008-12-31,-0.017305498355135562,0.0,0.0,-0.017305498355135562,100049.8667699018
2009-01-02,-0.011037475045714305,0.0,0.0,-0.011037475045714305,98945.56886210197
2009-01-05,-0.0017954373962664864,0.4,0.0002,-0.0019954373962664863,98748.12917379967
2009-01-06,-0.011906119801318005,0.0,0.0,-0.011906119801318005,97572.4221177004
2009-01-07,0.015076744242520293,0.0,0.0,0.015076744242520293,99043.4965710922
2009-01-08,0.0008754241285469864,0.0,0.0,0.0008754241285469864,99130.20163776618
2009-01-09,0.01680488498670705,0.0,0.0,0.01680488498670705,100796.0732749979
2009-01-12,0.017285331256246775,0.0,0.0,0.017285331256246775,102538.36679088518
2009-01-13,-0.002062086912309924,0.0,0.0,-0.002062086912309924,102326.92376671606
2009-01-14,0.019541464772643912,0.0,0.0,0.019541464772643912,104326.54174279637
2009-01-15,-0.004276155891648014,0.0,0.0,-0.004276155891648014,103880.42518666765
2009-01-16,-0.00712717299327712,0.0,0.0,-0.00712717299327712,103140.0514257471
2009-01-20,0.03776133421977538,0.0,0.0,0.03776133421977538,107034.75737907954
2009-01-21,-0.03138086815054861,0.0,0.0,-0.03138086815054861,103675.91377024067
2009-01-22,0.011432053946326704,0.0,0.0,0.011432053946326704,104861.14240939677
2009-01-23,-0.005509146563084133,0.0,0.0,-0.005509146563084133,104283.44700709096
2009-01-26,-0.006287686351875887,0.0,0.0,-0.006287686351875887,103627.7454006179
2009-01-27,0.0006741940921963562,0.0,0.0,0.0006741940921963562,103697.61061435463
2009-01-28,-0.025516318575774,0.0,0.0,-0.025516318575774,101051.6293463722
2009-01-29,0.020616371092636067,0.0,0.0,0.020616371092636067,103134.94723649253
2009-01-30,0.011419965146391809,0.0,0.0,0.011419965146391809,104312.74473930823
2009-02-02,0.001203844398832022,0.0,0.0,0.001203844398832022,104438.32105278943
2009-02-03,-0.008825486032289455,0.4,0.0002,-0.009025486032289455,103495.71444489172
2009-02-04,0.0013637773472159553,0.0,0.0,0.0013637773472159553,103636.85955578559
2009-02-05,-0.0046833385836793084,0.0,0.0,-0.0046833385836793084,103151.49305273664
2009-02-06,-0.019626690679844783,0.0,0.0,-0.019626690679844783,101126.97060542641
2009-02-09,0.00016393056942542983,0.0,0.0,0.00016393056942542983,101143.54840730202
2009-02-10,0.027831357443400165,0.0,0.0,0.027831357443400165,103958.5106561195
2009-02-11,-0.0064144942985501895,0.0,0.0,-0.0064144942985501895,103291.66938223004
2009-02-12,0.0007928366833490738,0.0,0.0,0.0007928366833490738,103373.56280680066
2009-02-13,0.007275957470463579,0.0,0.0,0.007275957470463579,104125.70445335323
2009-02-17,0.03174232268635006,0.0,0.0,0.03174232268635006,107430.89616405508
2009-02-18,-0.001961444189269102,0.0,0.0,-0.001961444189269102,107220.1764570261
2009-02-19,0.003187521119217019,0.0,0.0,0.003187521119217019,107561.94303388904
2009-02-20,-0.0020755979146388943,0.0,0.0,-0.0020755979146388943,107338.6876892334
2009-02-23,0.020696911207547998,0.0,0.0,0.020696911207547998,109560.26697747219
2009-02-24,-0.02139441046431827,0.0,0.0,-0.02139441046431827,107216.28965517586
2009-02-25,0.008200135215650996,0.0,0.0,0.008200135215650996,108095.47772766872
2009-02-26,0.005702196350578526,0.0,0.0,0.005702196350578526,108711.85936628147
2009-02-27,0.00708431858618045,0.0,0.0,0.00708431858618045,109482.00881212825
2009-03-02,0.03308027144978692,0.0,0.0,0.03308027144978692,113103.7033825014
2009-03-03,-0.000628241414621711,0.0,0.0,-0.000628241414621711,113032.64695188942
2009-03-04,-0.01927869055744722,0.0,0.0,-0.01927869055744722,110853.52552841477
2009-03-05,0.020619749162696332,0.0,0.0,0.020619749162696332,113139.29741861121
2009-03-06,-0.004893502734022059,0.0,0.0,-0.004893502734022059,112585.6499573679
2009-03-09,0.008804859348463968,0.0,0.0,0.008804859348463968,113576.95076989793
2009-03-10,-0.03643505043283286,0.0,0.0,-0.03643505043283286,109438.76884058931
2009-03-11,0.003010225434888436,0.0,0.0,0.003010225434888436,109768.20420611615
2009-03-12,-0.024632121551718712,0.0,0.0,-0.024632121551718712,107064.3804575972
2009-03-13,-0.0005930643611376071,0.0,0.0,-0.0005930643611376071,107000.88438920052
2009-03-16,0.0027663000389728243,0.0,0.0,0.0027663000389728243,107296.88093985649
2009-03-17,-0.01737201715349169,0.0,0.0,-0.01737201715349169,105432.91768365316
2009-03-18,-0.015434786536061663,0.0,0.0,-0.015434786536061663,103805.58310533181
2009-03-19,0.003019643033429709,0.0,0.0,0.003019643033429709,104119.03891118694
2009-03-20,0.014254270810688929,0.0,0.0,0.014254270810688929,105603.17988837567
2009-03-23,-0.042321532637269746,0.0,0.0,-0.042321532637269746,101133.8914641303
2009-03-24,0.02170285086509015,0.0,0.0,0.02170285086509015,103328.78522798252
2009-03-25,-0.007609585465110137,0.0,0.0,-0.007609585465110137,102542.49600578418
2009-03-26,-0.008486364302475713,0.0,0.0,-0.008486364302475713,101672.28302819394
2009-03-27,0.017177296328285675,0.0,0.0,0.017177296328285675,103418.73796214256
2009-03-30,0.023797896402386966,0.0,0.0,0.023797896402386966,105879.88637423125
2009-03-31,-0.013731686785882026,0.0,0.0,-0.013731686785882026,104425.97693761553
2009-04-01,-0.006507896468651098,0.0,0.0,-0.006507896468651098,103746.38349106777
2009-04-02,-0.029645865549683268,0.2,0.0001,-0.029745865549683267,100660.3575164766
2009-04-03,-0.01719250651532428,0.0,0.0,-0.01719250651532428,98929.75366403972
2009-04-06,0.0036929159605160193,0.0,0.0,0.0036929159605160193,99295.09293031557
2009-04-07,0.019001989867664215,0.0,0.0,0.019001989867664215,101181.8972800862
2009-04-08,-0.005501918133897643,0.0,0.0,-0.005501918133897643,100625.20276461872
2009-04-09,-0.02835076925636574,0.0,0.0,-0.02835076925636574,97772.400859664
2009-04-13,-0.0013200017246771778,0.0,0.0,-0.0013200017246771778,97643.34112190343
2009-04-14,0.015012633050955081,0.0,0.0,0.015012633050955081,99109.22477203578
2009-04-15,-0.012425432194218223,0.0,0.0,-0.012425432194218223,97877.74981980932
2009-04-16,-0.009059547389071576,0.0,0.0,-0.009059547389071576,96991.02170698108
2009-04-17,-0.0021373684377262725,0.0,0.0,-0.0021373684377262725,96783.71615844175
2009-04-20,0.0327901197275008,0.0,0.0,0.0327901197275008,99957.2657989495
2009-04-21,-0.017583640613536698,0.0,0.0,-0.017583640613536698,98199.65316042902
2009-04-22,0.005282597766639641,0.0,0.0,0.005282597766639641,98718.40242889908
2009-04-23,-0.010322913764467801,0.0,0.0,-0.010322913764467801,97699.34087365953
2009-04-24,-0.012555426018853389,0.0,0.0,-0.012555426018853389,96472.68402722955
2009-04-27,0.01531546003415618,0.0,0.0,0.01531546003415618,97950.20756383636
2009-04-28,-0.002850787854135739,0.0,0.0,-0.002850787854135739,97670.97230180331
2009-04-29,-0.01856738226231446,0.0,0.0,-0.01856738226231446,95857.47802314379
2009-04-30,-0.003071705124427682,0.0,0.0,-0.003071705124427682,95563.03211668538
2009-05-01,-0.004758366568074001,0.0,0.0,-0.004758366568074001,95108.30817951757
2009-05-04,-0.023428567140938772,0.0,0.0,-0.023428567140938772,92880.05679567264
2009-05-05,0.00681270953729487,0.0,0.0,0.00681270953729487,93512.82164442902
2009-05-06,-0.01172771913649432,0.0,0.0,-0.01172771913649432,92416.12953652206
2009-05-07,0.00865571437953413,0.0,0.0,0.00865571437953413,93216.05715785222
2009-05-08,-0.020639847500506216,0.0,0.0,-0.020639847500506216,91292.09195351567
2009-05-11,0.013657019946797891,0.0,0.0,0.013657019946797891,92538.86987430973
2009-05-12,-0.001605094984109956,0.0,0.0,-0.001605094984109956,92390.33619843927
2009-05-13,0.019818208718618183,0.0,0.0,0.019818208718618183,94221.34716480326
2009-05-14,-0.006514757887069078,0.0,0.0,-0.006514757887069078,93607.51790023108
2009-05-15,0.009543007147625493,0.0,0.0,0.009543007147625493,94500.81511262446
2009-05-18,-0.026709620289626798,0.0,0.0,-0.026709620289626798,91976.73422390604
2009-05-19,-0.0009416975023401558,0.0,0.0,-0.0009416975023401558,91890.11996301399
2009-05-20,-0.0001241437870618926,0.0,0.0,-0.0001241437870618926,91878.71237552821
2009-05-21,0.003068713059886264,0.0,0.0,0.003068713059886264,92160.66178012053
2009-05-22,-0.0017401458845653357,0.0,0.0,-0.0017401458845653357,92000.28878380502
2009-05-26,-0.014262964558818958,0.0,0.0,-0.014262964558818958,90688.0919254805
2009-05-27,0.005846231032223126,0.0,0.0,0.005846231032223126,91218.27546274835
2009-05-28,-0.006191162152211872,0.0,0.0,-0.006191162152211872,90653.52832811336
2009-05-29,-0.007621406518386442,0.0,0.0,-0.007621406518386442,89962.62093639874
2009-06-01,-0.022279378892303105,0.0,0.0,-0.022279378892303105,87958.30961841207
2009-06-02,0.003490531308995659,0.2,0.0001,0.0033905313089956594,88256.53502105964
2009-06-03,0.01283164128979806,0.0,0.0,0.01283164128979806,89389.01121993035
2009-06-04,-0.01223317721302063,0.0,0.0,-0.01223317721302063,88295.49960478026
2009-06-05,-0.001374411779111817,0.0,0.0,-0.001374411779111817,88174.14523008089
2009-06-08,0.0031642510939789647,0.0,0.0,0.0031642510939789647,88453.15036558583
2009-06-09,-0.0027004753028141426,0.0,0.0,-0.0027004753028141426,88214.28481756746
2009-06-10,-0.0009311807682060417,0.0,0.0,-0.0009311807682060417,88132.14137206429
2009-06-11,-0.002204415823260886,0.0,0.0,-0.002204415823260886,87937.86148508584
2009-06-12,0.001127946999770002,0.0,0.0,0.001127946999770002,88037.05073211415
2009-06-15,0.018198446010304223,0.0,0.0,0.018198446010304223,89639.18824676893
2009-06-16,0.008080843123917825,0.0,0.0,0.008080843123917825,90363.54846474642
2009-06-17,0.0017103652097761768,0.0,0.0,0.0017103652097761768,90518.10313427243
2009-06-18,-0.005424321035469681,0.0,0.0,-0.005424321035469681,90027.10388335038
2009-06-19,-0.00014634422335642067,0.0,0.0,-0.00014634422335642067,90013.92893675156
2009-06-22,0.01947734942954348,0.0,0.0,0.01947734942954348,91767.16168417876
2009-06-23,-0.0029511271917977756,0.0,0.0,-0.0029511271917977756,91496.34511801848
2009-06-24,-0.005655347437603819,0.0,0.0,-0.005655347437603819,90978.90149710518
2009-06-25,-0.004737162430546782,0.0,0.0,-0.004737162430546782,90547.91966296067
2009-06-26,-0.0003505482246181189,0.0,0.0,-0.0003505482246181189,90516.17825047996
2009-06-29,-0.0035343726534703746,0.0,0.0,-0.0035343726534703746,90196.26034537483
2009-06-30,0.0031649762018537415,0.0,0.0,0.0031649762018537415,90481.72936286413
2009-07-01,-0.004819073156490505,0.0,0.0,-0.004819073156490505,90045.69128973872
2009-07-02,0.018217757679717374,0.2,0.0001,0.018117757679717374,91677.11730462885
2009-07-06,0.0014038867677906076,0.0,0.0,0.0014038867677906076,91805.821596522
2009-07-07,0.013335872509470404,0.0,0.0,0.013335872509470404,93030.13232896039
2009-07-08,0.009197304201305136,0.0,0.0,0.009197304201305136,93885.75875587751
2009-07-09,-0.004788747406327343,0.0,0.0,-0.004788747406327343,93436.16357214424
2009-07-10,0.005610304993373405,0.0,0.0,0.005610304993373405,93960.36894719469
2009-07-13,-0.011031018842473882,0.0,0.0,-0.011031018842473882,92923.89034689238
2009-07-14,-0.0065552725256353694,0.0,0.0,-0.0065552725256353694,92314.74892152625
2009-07-15,-0.02537728674347615,0.0,0.0,-0.02537728674347615,89972.05106749266
2009-07-16,0.0002782837316209095,0.0,0.0,0.0002782837316209095,89997.08882560531
2009-07-17,-0.0028395798807215543,0.0,0.0,-0.0028395798807215543,89741.53490285261
2009-07-20,-0.012601201183418365,0.0,0.0,-0.012601201183418365,88610.683767033
2009-07-21,0.004571947029524803,0.0,0.0,0.004571947029524803,89015.80711946586
2009-07-22,-0.0029260336337622044,0.0,0.0,-0.0029260336337622044,88755.34387389781
2009-07-23,-0.015554966040291284,0.0,0.0,-0.015554966040291284,87374.75751404496
2009-07-24,-0.0006490291103681821,0.0,0.0,-0.0006490291103681821,87318.048752907
2009-07-27,-0.005364788323962001,0.0,0.0,-0.005364788323962001,86849.60590448625
2009-07-28,0.006006292424059346,0.0,0.0,0.006006292424059346,87371.25003446291
2009-07-29,0.010093495836269185,0.0,0.0,0.010093495836269185,88253.1313828954
2009-07-30,-0.010382119700877778,0.0,0.0,-0.010382119700877778,87336.87680890088
2009-07-31,-0.0029812756226479053,0.0,0.0,-0.0029812756226479053,87076.5015071123
2009-08-03,-0.017222775352822864,0.0,0.0,-0.017222775352822864,85576.80248314557
2009-08-04,-0.005418163159128975,0.2,0.0001,-0.005518163159128975,85104.57572440701
2009-08-05,-0.005407649521530289,0.0,0.0,-0.005407649521530289,84644.36000621089
2009-08-06,0.005372136478752054,0.0,0.0,0.005372136478752054,85099.08106032087
2009-08-07,-0.008566544895302952,0.0,0.0,-0.008566544895302952,84370.07596186861
2009-08-10,0.005796466964054082,0.0,0.0,0.005796466964054082,84859.12431993631
2009-08-11,0.010414071521229307,0.0,0.0,0.010414071521229307,85742.85330983301
2009-08-12,-0.006880563226000302,0.0,0.0,-0.006880563226000302,85152.89418645704
2009-08-13,-0.0023674269729185406,0.0,0.0,-0.0023674269729185406,84951.30092793793
2009-08-14,0.007383169597417683,0.0,0.0,0.007383169597417683,85578.51079021016
2009-08-17,0.0178581514915223,0.0,0.0,0.0178581514915223,87106.78480032062
2009-08-18,-0.00862104574969903,0.0,0.0,-0.00862104574969903,86355.83322344786
2009-08-19,-0.0005005155216914914,0.0,0.0,-0.0005005155216914914,86312.61078853093
2009-08-20,-0.005660410241711601,0.0,0.0,-0.005660410241711601,85824.04600243467
2009-08-21,-0.01140041040341018,0.0,0.0,-0.01140041040341018,84845.61665552575
2009-08-24,0.0015103231037057571,0.0,0.0,0.0015103231037057571,84973.76095060875
2009-08-25,0.0008115900658643316,0.0,0.0,0.0008115900658643316,85042.72481085539
2009-08-26,0.002338064428962739,0.0,0.0,0.002338064428962739,85241.56018067773
2009-08-27,-0.0038519170912509225,0.0,0.0,-0.0038519170912509225,84913.21675813288
2009-08-28,0.001910870202998794,0.0,0.0,0.001910870202998794,85075.47489387677
2009-08-31,0.008191350595292102,0.0,0.0,0.008191350595292102,85772.3579357935
2009-09-01,0.014171271504631468,0.0,0.0,0.014171271504631468,86987.86130769405
2009-09-02,0.006339753330052967,0.2,0.0001,0.0062397533300529665,87530.6441049629
2009-09-03,-0.004678340300328742,0.0,0.0,-0.004678340300328742,87121.14596513294
2009-09-04,-0.007382380595164983,0.0,0.0,-0.007382380595164983,86477.9845077314
2009-09-08,-0.010415414024255233,0.0,0.0,-0.010415414024255233,85577.28049510023
2009-09-09,-0.004969678307506487,0.0,0.0,-0.004969678307506487,85151.98894060834
2009-09-10,-0.0011442943470621359,0.0,0.0,-0.0011442943470621359,85054.5500010225
2009-09-11,0.004644971163725165,0.0,0.0,0.004644971163725165,85449.62593312087
2009-09-14,-0.005564487073910974,0.0,0.0,-0.005564487073910974,84974.14259414548
2009-09-15,-0.00502773440431974,0.0,0.0,-0.00502773440431974,84546.91517394733
2009-09-16,-0.009626350557288898,0.0,0.0,-0.009626350557288898,83733.03692994555
2009-09-17,0.0032157003268484807,0.0,0.0,0.0032157003268484807,84002.2972841692
2009-09-18,-0.00295208412056639,0.0,0.0,-0.00295208412056639,83754.3154362655
2009-09-21,0.0056640485588535855,0.0,0.0,0.0056640485588535855,84228.70394591005
2009-09-22,-0.0052084106733547245,0.0,0.0,-0.0052084106733547245,83790.00626527533
2009-09-23,0.008331683924571398,0.0,0.0,0.008331683924571398,84488.11811351545
2009-09-24,0.008145707051988783,0.0,0.0,0.008145707051988783,85176.33357304198
2009-09-25,0.0027620879589311926,0.0,0.0,0.0027620879589311926,85411.59809838998
2009-09-28,-0.00841932695510075,0.0,0.0,-0.00841932695510075,84692.48992824198
2009-09-29,0.0023518324666659263,0.0,0.0,0.0023518324666659263,84891.67247573799
2009-09-30,-0.00018547426314875488,0.0,0.0,-0.00018547426314875488,84875.92725533807
2009-10-01,0.012366861802600625,0.0,0.0,0.012366861802600625,85925.57611807244
2009-10-02,0.0026376116142193705,0.2,0.0001,0.0025376116142193706,86143.62185798814
2009-10-05,-0.004007682452548655,0.0,0.0,-0.004007682452548655,85798.38557626889
2009-10-06,0.0013936749561495267,0.0,0.0,0.0013936749561495267,85917.96063752461
2009-10-07,0.0015894063642608812,0.0,0.0,0.0015894063642608812,86054.51919096621
2009-10-08,-0.004953799722795715,0.0,0.0,-0.004953799722795715,85628.22233765267
2009-10-09,-0.007232932709624552,0.0,0.0,-0.007232932709624552,85008.87916743965
2009-10-12,-0.00010602022498620278,0.0,0.0,-0.00010602022498620278,84999.8665069445
2009-10-13,0.002713669671988117,0.0,0.0,0.002713669671988117,85230.52806680743
2009-10-14,-0.007285847957211399,0.0,0.0,-0.007285847957211399,84609.55139799982
2009-10-15,-0.003662938840109109,0.0,0.0,-0.003662938840109109,84299.63178593988
2009-10-16,0.004646934669744685,0.0,0.0,0.004646934669744685,84691.36666753267
2009-10-19,-0.0011432577536980462,0.0,0.0,-0.0011432577536980462,84594.54260591872
2009-10-20,0.0023832505772287014,0.0,0.0,0.0023832505772287014,84796.15259841467
2009-10-21,-0.0004523334144359459,0.0,0.0,-0.0004523334144359459,84757.7964651788
2009-10-22,-0.0045776176631916465,0.0,0.0,-0.0045776176631916465,84369.8076789866
2009-10-23,0.0006938793490835483,0.0,0.0,0.0006938793490835483,84428.3501462212
2009-10-26,-0.0011188011592891513,0.0,0.0,-0.0011188011592891513,84333.89161020074
2009-10-27,0.004472957739044048,0.0,0.0,0.004472957739044048,84711.11354334229
2009-10-28,0.005100514549352964,0.0,0.0,0.005100514549352964,85143.183810462
2009-10-29,-0.007142564534495079,0.0,0.0,-0.007142564534495079,84535.0431254234
2009-10-30,0.008184594467785978,0.0,0.0,0.008184594467785978,85226.9281717218
2009-11-02,-0.0010476592954894337,0.0,0.0,-0.0010476592954894337,85137.63938819668
2009-11-03,0.0005939097029286414,0.6000000000000001,0.00030000000000000003,0.00029390970292864137,85162.6621664973
2009-11-04,0.0016192979141600892,0.0,0.0,0.0016192979141600892,85300.56588770784
2009-11-05,0.0060537618569622715,0.0,0.0,0.0060537618569622715,85816.95519985614
2009-11-06,0.0021250791325414966,0.0,0.0,0.0021250791325414966,85999.3230205696
2009-11-09,0.014246113331069989,0.0,0.0,0.014246113331069989,87224.47912271594
2009-11-10,-0.0007674411470184773,0.0,0.0,-0.0007674411470184773,87157.53946840993
2009-11-11,0.004884978866047286,0.0,0.0,0.004884978866047286,87583.30220672979
2009-11-12,-0.0070766000591849796,0.0,0.0,-0.0070766000591849796,86963.51020515003
2009-11-13,0.00943593074490854,0.0,0.0,0.00943593074490854,87784.09186477998
2009-11-16,0.009432502684761592,0.0,0.0,0.009432502684761592,88612.11554697387
2009-11-17,-0.0025534907860609857,0.0,0.0,-0.0025534907860609857,88385.84532639131
2009-11-18,1.3806442630970826e-05,0.0,0.0,1.3806442630970826e-05,88387.06562049419
2009-11-19,-0.0057649536895366905,0.0,0.0,-0.0057649536895366905,87877.51828043802
2009-11-20,-0.002251541002035118,0.0,0.0,-0.002251541002035118,87679.6584448725
2009-11-23,0.007649105971123449,0.0,0.0,0.007649105971123449,88350.32944382925
2009-11-24,0.0006786627102576936,0.0,0.0,0.0006786627102576936,88410.28951786176
2009-11-25,0.004828164175540883,0.0,0.0,0.004828164175540883,88837.14891046111
2009-11-27,-0.011747651069267563,0.0,0.0,-0.011747651069267563,87793.52108307244
2009-11-30,0.006070152459663159,0.0,0.0,0.006070152459663159,88326.44114101735
2009-12-01,0.007373510501191484,0.0,0.0,0.007373510501191484,88977.7170823035
2009-12-02,0.002416761073733853,0.4,0.0002,0.002216761073733853,89174.95942196125
2009-12-03,-0.00305310475095898,0.0,0.0,-0.00305310475095898,88902.6989296835
2009-12-04,-0.0024799035917988264,0.0,0.0,-0.0024799035917988264,88682.22880728716
2009-12-07,-0.005023448826671939,0.0,0.0,-0.005023448826671939,88236.73816903854
2009-12-08,-0.008044576281850535,0.0,0.0,-0.008044576281850535,87526.91099797603
2009-12-09,-0.0006096559816108682,0.0,0.0,-0.0006096559816108682,87473.54969313419
2009-12-10,0.0013895301791347348,0.0,0.0,0.0013895301791347348,87595.09683030884
2009-12-11,-0.0002375509916723972,0.0,0.0,-0.0002375509916723972,87574.28852819116
2009-12-14,0.006191835258868961,0.0,0.0,0.006191835258868961,88116.53409567039
2009-12-15,-0.005387178726574438,0.0,0.0,-0.005387178726574438,87641.83457773071
2009-12-16,0.006208424317282834,0.0,0.0,0.006208424317282834,88185.95227473439
2009-12-17,-0.013771914699451028,0.0,0.0,-0.013771914699451028,86971.46286231687
2009-12-18,0.003432852855928492,0.0,0.0,0.003432852855928492,87270.02309698805
2009-12-21,-0.00029375112457472627,0.0,0.0,-0.00029375112457472627,87244.38742956164
2009-12-22,0.0023900692092765348,0.0,0.0,0.0023900692092765348,87452.90755363922
2009-12-23,0.006224243450909773,0.0,0.0,0.006224243450909773,87997.235740743
2009-12-24,0.005810429708982757,0.0,0.0,0.005810429708982757,88508.53749359936
2009-12-28,0.0034081976278906084,0.0,0.0,0.0034081976278906084,88810.19208113311
2009-12-29,-0.0034282027208877965,0.0,0.0,-0.0034282027208877965,88505.732738998
2009-12-30,-0.0008418694848737584,0.0,0.0,-0.0008418694848737584,88431.22246336864
2009-12-31,-0.003287906852403955,0.0,0.0,-0.003287906852403955,88140.46884106487
2010-01-04,0.013207350059012336,0.0,0.0,0.013207350059012336,89304.5708674143
2010-01-05,0.00043046189176386705,0.2,0.0001,0.00033046189176386706,89334.0826248463
2010-01-06,0.005662657300519193,0.0,0.0,0.005662657300519193,89839.95092000708
2010-01-07,-0.0020266333042983087,0.0,0.0,-0.0020266333042983087,89657.87828341605
2010-01-08,0.0024364205101275126,0.0,0.0,0.0024364205101275126,89876.32257696029
2010-01-11,0.0034605637166557628,0.0,0.0,0.0034605637166557628,90187.34531785657
2010-01-12,-0.011850727145161213,0.0,0.0,-0.011850727145161213,89118.55969654821
2010-01-13,0.00635614064711656,0.0,0.0,0.00635614064711656,89685.00979624793
2010-01-14,-0.0006426770842900887,0.0,0.0,-0.0006426770842900887,89627.37129564755
2010-01-15,-0.008460747139148385,0.0,0.0,-0.008460747139148385,88869.05677036851
2010-01-19,0.007791062843436627,0.0,0.0,0.007791062843436627,89561.44117650339
2010-01-20,-0.013934724987724814,0.0,0.0,-0.013934724987724814,88313.4271242045
2010-01-21,-0.013189887787426092,0.0,0.0,-0.013189887787426092,87148.58293031322
2010-01-22,-0.01004684217710906,0.0,0.0,-0.01004684217710906,86273.01487165366
2010-01-25,0.004729077749215094,0.0,0.0,0.004729077749215094,86681.0066666409
2010-01-26,-0.005956971199859007,0.0,0.0,-0.005956971199859007,86164.65040635293
2010-01-27,-0.001829134121340004,0.0,0.0,-0.001829134121340004,86007.04370424134
2010-01-28,-0.0050049117003173604,0.0,0.0,-0.0050049117003173604,85576.58604489628
2010-01-29,-0.00719966512768584,0.0,0.0,-0.00719966512768584,84960.46328260243
2010-02-01,0.013807627572118997,0.0,0.0,0.013807627572118997,86133.5657179633
2010-02-02,0.008138594394396759,0.0,0.0,0.008138594394396759,86834.57187308492
2010-02-03,-0.004398027047068154,0.0,0.0,-0.004398027047068154,86452.67107736651
2010-02-04,-0.025749594668282277,0.0,0.0,-0.025749594668282277,84226.54983913398
2010-02-05,-0.0014958103757302112,0.0,0.0,-0.0014958103757302112,84100.56289197264
2010-02-08,-0.006354710851264489,0.0,0.0,-0.006354710851264489,83566.12813236557
2010-02-09,0.012396315225141119,0.0,0.0,0.012396315225141119,84602.0401988389
2010-02-10,-0.0006217019742015162,0.0,0.0,-0.0006217019742015162,84549.4429434258
2010-02-11,0.009590800067787265,0.0,0.0,0.009590800067787265,85360.339746539
2010-02-12,-0.0025383981454005443,0.0,0.0,-0.0025383981454005443,85143.66121843563
2010-02-16,0.015486523866084956,0.0,0.0,0.015486523866084956,86462.24055994078
2010-02-17,0.0014173380250757088,0.0,0.0,0.0014173380250757088,86584.78678121962
2010-02-18,0.0052761048014497765,0.0,0.0,0.0052761048014497765,87041.61719048853
2010-02-19,-0.0016107732117262464,0.0,0.0,-0.0016107732117262464,86901.41288521276
2010-02-22,0.00039204956569764986,0.0,0.0,0.00039204956569764986,86935.48254639293
2010-02-23,-0.011051171218756706,0.0,0.0,-0.011051171218756706,85974.74364378751
2010-02-24,0.004195105145882461,0.0,0.0,0.004195105145882461,86335.41673326348
2010-02-25,-0.0028152039028807806,0.0,0.0,-0.0028152039028807806,86092.36493111915
2010-02-26,0.004724728534794787,0.0,0.0,0.004724728534794787,86499.12798433719
2010-03-01,0.0030774103147659052,0.0,0.0,0.0030774103147659052,86765.32129301444
2010-03-02,0.005424309685188734,0.2,0.0001,0.005324309685188734,87227.28673351335
2010-03-03,0.003620822863696405,0.0,0.0,0.003620822863696405,87543.12128765625
2010-03-04,-0.002308737513318626,0.0,0.0,-0.002308737513318626,87341.00719950644
2010-03-05,0.010626311431537663,0.0,0.0,0.010626311431537663,88269.11994275257
2010-03-08,0.0005966372462908875,0.0,0.0,0.0005966372462908875,88321.78458740773
2010-03-09,-0.0005379750863622301,0.0,0.0,-0.0005379750863622301,88274.26966771667
2010-03-10,0.0019725124255221436,0.0,0.0,0.0019725124255221436,88448.39176149011
2010-03-11,0.0009969698720121878,0.0,0.0,0.0009969698720121878,88536.57214330426
2010-03-12,0.000324188747239329,0.0,0.0,0.000324188747239329,88565.27470371228
2010-03-15,-0.002880592099466905,0.0,0.0,-0.002880592099466905,88310.15427311364
2010-03-16,0.009764233502195175,0.0,0.0,0.009764233502195175,89172.4352400512
2010-03-17,0.0038715828103829788,0.0,0.0,0.0038715828103829788,89517.67370748658
2010-03-18,-0.002283966623340894,0.0,0.0,-0.002283966623340894,89313.21832853956
2010-03-19,-0.007984120625551773,0.0,0.0,-0.007984120625551773,88600.13081994826
2010-03-22,0.002597778806787088,0.0,0.0,0.002597778806787088,88830.29436207087
2010-03-23,0.0017842441624605582,0.0,0.0,0.0017842441624605582,88988.78929623605
2010-03-24,-0.007314797505371053,0.0,0.0,-0.007314797505371053,88337.85432228596
2010-03-25,-0.0007748133604897455,0.0,0.0,-0.0007748133604897455,88269.40897252005
2010-03-26,0.003717830718549142,0.0,0.0,0.003717830718549142,88597.57969270625
2010-03-29,0.0066498850358614695,0.0,0.0,0.0066498850358614695,89186.74341211832
2010-03-30,-0.0007312189762644473,0.0,0.0,-0.0007312189762644473,89121.52837290414
2010-03-31,-0.00022708818747585457,0.0,0.0,-0.00022708818747585457,89101.28992656087
2010-04-01,0.009577126649866752,0.0,0.0,0.009577126649866752,89954.62426485404
2010-04-05,0.0073157236311215965,0.2,0.0001,0.007215723631121596,90603.71197289061
2010-04-06,0.002081106306586844,0.0,0.0,0.002081106306586844,90792.26792927757
2010-04-07,-0.005005029230010338,0.0,0.0,-0.005005029230010338,90337.84997443261
2010-04-08,0.0006440987141695388,0.0,0.0,0.0006440987141695388,90396.03646744198
2010-04-09,0.005559717194170722,0.0,0.0,0.005559717194170722,90898.6128656749
2010-04-12,-0.0016812346749743856,0.0,0.0,-0.0016812346749743856,90745.79096581806
2010-04-13,0.0021642305509560035,0.0,0.0,0.0021642305509560035,90942.18577899694
2010-04-14,0.006938994390002095,0.0,0.0,0.006938994390002095,91573.23309593192
2010-04-15,-0.0028456764153839023,0.0,0.0,-0.0028456764153839023,91312.64530623038
2010-04-16,-0.014399688670105281,0.0,0.0,-0.014399688670105281,89997.7716421769
2010-04-19,-0.0011351176712642852,0.0,0.0,-0.0011351176712642852,89895.61358121147
2010-04-20,0.0051078110555737855,0.0,0.0,0.0051078110555737855,90354.78339010917
2010-04-21,0.0008385399037195263,0.0,0.0,0.0008385399037195263,90430.5494814737
2010-04-22,0.0010308111187289585,0.0,0.0,0.0010308111187289585,90523.76629735198
2010-04-23,0.0059520447878004925,0.0,0.0,0.0059520447878004925,91062.56780871422
2010-04-26,-0.00044354388263583293,0.0,0.0,-0.00044354388263583293,91022.17756382555
2010-04-27,-0.01650205845429332,0.0,0.0,-0.01650205845429332,89520.12426903023
2010-04-28,0.003557972571224078,0.0,0.0,0.003557972571224078,89838.634415752
2010-04-29,0.009834179870847337,0.0,0.0,0.009834179870847337,90722.1237059478
2010-04-30,-0.006714843227131253,0.0,0.0,-0.006714843227131253,90112.93886802996
2010-05-03,0.006495402343923151,0.0,0.0,0.006495402343923151,90698.25866237117
2010-05-04,-0.018727697281708436,0.2,0.0001,-0.018827697281708435,88990.61930429796
2010-05-05,-0.009313956706972382,0.0,0.0,-0.009313956706972382,88161.76452877106
2010-05-06,-0.019445214137805623,0.0,0.0,-0.019445214137805623,86447.4401387423
2010-05-07,-0.0018285667887297245,0.0,0.0,-0.0018285667887297245,86289.36522073389
2010-05-10,0.02820355553619635,0.0,0.0,0.02820355553619635,88723.03212491999
2010-05-11,-0.0006310096339127828,0.0,0.0,-0.0006310096339127828,88667.04703689921
2010-05-12,0.007002383071386687,0.0,0.0,0.007002383071386687,89287.92766606023
2010-05-13,-0.007309757585985135,0.0,0.0,-0.007309757585985135,88635.25455946635
2010-05-14,-0.014623587475859456,0.0,0.0,-0.014623587475859456,87339.08916097092
2010-05-17,-0.0036301827769131935,0.0,0.0,-0.0036301827769131935,87022.03230374749
2010-05-18,-0.009717233087803801,0.0,0.0,-0.009717233087803801,86176.41893207758
2010-05-19,-0.004623020934346034,0.0,0.0,-0.004623020934346034,85778.02354330762
2010-05-20,-0.02094586291886953,0.0,0.0,-0.02094586291886953,83981.32882071793
2010-05-21,0.011216549220344662,0.0,0.0,0.011216549220344662,84923.30952902546
2010-05-24,-0.005944403872849769,0.0,0.0,-0.005944403872849769,84418.49107896589
2010-05-25,-0.001805347477295782,0.0,0.0,-0.001805347477295782,84266.08636905937
2010-05-26,-0.0008451575483943263,0.0,0.0,-0.0008451575483943263,84194.86825009092
2010-05-27,0.025546898884273975,0.0,0.0,0.025546898884273975,86345.78603585076
2010-05-28,-0.007502117545420894,0.0,0.0,-0.007502117545420894,85698.00979945806
2010-06-01,-0.008289991618434567,0.0,0.0,-0.008289991618434567,84987.57401650402
2010-06-02,0.008220016084071503,0.6000000000000001,0.00030000000000000003,0.007920016084071503,85660.67696966096
2010-06-03,-0.0033558618546552735,0.0,0.0,-0.0033558618546552735,85373.21157137452
2010-06-04,-0.006987739757427203,0.0,0.0,-0.006987739757427203,84776.64578665799
2010-06-07,-0.001036300022591508,0.0,0.0,-0.001036300022591508,84688.79174671404
2010-06-08,0.004440650028191906,0.0,0.0,0.004440650028191906,85064.86503217163
2010-06-09,-0.0021169366745457776,0.0,0.0,-0.0021169366745457776,84884.78809966973
2010-06-10,0.007794576517549955,0.0,0.0,0.007794576517549955,85546.42907568863
2010-06-11,0.005667337578695287,0.0,0.0,0.005667337578695287,86031.24956791248
2010-06-14,-0.0005614580851744932,0.0,0.0,-0.0005614580851744932,85982.94662726492
2010-06-15,0.008495934298913498,0.0,0.0,0.008495934298913498,86713.45209263715
2010-06-16,-0.0009123862956574414,0.0,0.0,-0.0009123862956574414,86634.33592729867
2010-06-17,0.0028007263141791917,0.0,0.0,0.0028007263141791917,86876.97499164169
2010-06-18,0.0005980669449250351,0.0,0.0,0.0005980669449250351,86928.93323865927
2010-06-21,-0.0006901454963178844,0.0,0.0,-0.0006901454963178844,86868.9396268849
2010-06-22,-0.004266425507440242,0.0,0.0,-0.004266425507440242,86498.31976705646
2010-06-23,0.003203888250629139,0.0,0.0,0.003203888250629139,86775.45071745728
2010-06-24,-0.008295644338903986,0.0,0.0,-0.008295644338903986,86055.59244095716
2010-06-25,0.00425128356975304,0.0,0.0,0.00425128356975304,86421.43916718676
2010-06-28,-0.00048196522820054255,0.0,0.0,-0.00048196522820054255,86379.78703853714
2010-06-29,-0.008979565808777611,0.0,0.0,-0.008979565808777611,85604.13405627641
2010-06-30,-0.002259392785980796,0.0,0.0,-0.002259392785980796,85410.72069333952
2010-07-01,-0.002498413534582045,0.0,0.0,-0.002498413534582045,85197.32939276088
2010-07-02,-0.0022089603310641026,0.0,0.0,-0.0022089603310641026,85009.13187181967
2010-07-06,0.0014861316052761637,0.0,0.0,0.0014861316052761637,85135.46662943147
2010-07-07,0.010386824840383658,0.0,0.0,0.010386824840383658,86019.75380901569
2010-07-08,0.0010743309658661773,0.0,0.0,0.0010743309658661773,86112.1674942089
2010-07-09,0.003423948804402366,0.0,0.0,0.003423948804402366,86407.0111471452
2010-07-12,9.955411313677801e-06,0.0,0.0,9.955411313677801e-06,86407.87136448156
2010-07-13,0.004080668562804701,0.0,0.0,0.004080668562804701,86760.47324873749
2010-07-14,0.0014288390961956,0.0,0.0,0.0014288390961956,86884.4400049197
2010-07-15,-0.0007628041954830026,0.0,0.0,-0.0007628041954830026,86818.16418956176
2010-07-16,-0.010843973868340028,0.0,0.0,-0.010843973868340028,85876.7102857929
2010-07-19,0.0022621169115203954,0.0,0.0,0.0022621169115203954,86070.97344443614
2010-07-20,0.006513492918170006,0.0,0.0,0.006513492918170006,86631.59612042647
2010-07-21,-0.003147253644583159,0.0,0.0,-0.003147253644583159,86358.94451380042
2010-07-22,0.00858554353424501,0.0,0.0,0.00858554353424501,87100.38299149509
2010-07-23,0.0022363294059578155,0.0,0.0,0.0022363294059578155,87295.16813924916
2010-07-26,0.0038683584004485577,0.0,0.0,0.0038683584004485577,87632.8571362392
2010-07-27,-0.0020572117268658602,0.0,0.0,-0.0020572117268658602,87452.57779487976
2010-07-28,-0.0010129298912099904,0.0,0.0,-0.0010129298912099904,87363.99446476795
2010-07-29,-0.0021386192206138913,0.0,0.0,-0.0021386192206138913,87177.156147016
2010-07-30,0.0031222849792823418,0.0,0.0,0.0031222849792823418,87449.34807219038
2010-08-02,0.006839357516920986,0.0,0.0,0.006839357516920986,88047.44542827774
2010-08-03,-0.0004668125945641922,0.2,0.0001,-0.0005668125945641922,87997.53902728981
2010-08-04,0.002161536700035205,0.0,0.0,0.002161536700035205,88187.74893741007
2010-08-05,-0.001339791526203893,0.0,0.0,-0.001339791526203893,88069.59573866874
2010-08-06,0.0009354432652028174,0.0,0.0,0.0009354432652028174,88151.97984887162
2010-08-09,0.0027309965996705765,0.0,0.0,0.0027309965996705765,88392.72260609311
2010-08-10,-0.0036724823871664087,0.0,0.0,-0.0036724823871664087,88068.10188916855
2010-08-11,-0.011916499227496238,0.0,0.0,-0.011916499227496238,87018.63842103921
2010-08-12,-0.001861185316417802,0.0,0.0,-0.001861185316417802,86856.6806089553
2010-08-13,0.0022647818108310403,0.0,0.0,0.0022647818108310403,87053.39203934761
2010-08-16,0.005844790979297499,0.0,0.0,0.005844790979297499,87562.20091985646
2010-08-17,0.005558422690312826,0.0,0.0,0.005558422690312826,88048.90864426312
2010-08-18,0.0005472747196464179,0.0,0.0,0.0005472747196464179,88097.09558605659
2010-08-19,-0.0052238679758477066,0.0,0.0,-0.0052238679758477066,87636.88798965939
2010-08-20,-0.002505941580881688,0.0,0.0,-0.002505941580881688,87417.27506802703
2010-08-23,-0.002269252052515447,0.0,0.0,-0.002269252052515447,87218.90323715359
2010-08-24,-0.002732340026424396,0.0,0.0,-0.002732340026424396,86980.59153677788
2010-08-25,0.0023422426526658827,0.0,0.0,0.0023422426526658827,87184.32118822941
2010-08-26,-0.0002643254955015718,0.0,0.0,-0.0002643254955015718,87161.27614933137
2010-08-27,0.004397813718810539,0.0,0.0,0.004397813718810539,87544.59520532994
2010-08-30,-0.0019601465087509596,0.0,0.0,-0.0019601465087509596,87372.99497267819
2010-08-31,0.003107743642136807,0.0,0.0,0.003107743642136807,87644.52784229896
2010-09-01,0.010671338273676159,0.0,0.0,0.010671338273676159,88579.81224674077
2010-09-02,0.0024485680770510833,0.0,0.0,0.0024485680770510833,88796.70594727932
2010-09-03,0.001971898798094884,0.0,0.0,0.001971898798094884,88971.80406501154
2010-09-07,0.0003363076972607516,0.0,0.0,0.0003363076972607516,89001.72596755778
2010-09-08,0.001396060745131811,0.0,0.0,0.001396060745131811,89125.97778343005
2010-09-09,-0.003965957401661158,0.0,0.0,-0.003965957401661158,88772.50795215958
2010-09-10,0.002297931322855995,0.0,0.0,0.002297931322855995,88976.50107879132
2010-09-13,0.007621057833796475,0.0,0.0,0.007621057833796475,89654.59613936165
2010-09-14,0.0035500859675100527,0.0,0.0,0.0035500859675100527,89972.87766303879
2010-09-15,-0.0003772862608138359,0.0,0.0,-0.0003772862608138359,89938.93213245065
2010-09-16,-0.0034843304299813863,0.0,0.0,-0.0034843304299813863,89625.55517438152
2010-09-17,0.0011755125656134457,0.0,0.0,0.0011755125656134457,89730.91114068907
2010-09-20,0.00924699136694348,0.0,0.0,0.00924699136694348,90560.652101355
2010-09-21,-0.00014940337305121556,0.0,0.0,-0.00014940337305121556,90547.12203446533
2010-09-22,-0.0009159685787902161,0.0,0.0,-0.0009159685787902161,90464.18371578188
2010-09-23,-0.004036472737785213,0.0,0.0,-0.004036472737785213,90099.02750446714
2010-09-24,0.008268305744261805,0.0,0.0,0.008268305744261805,90843.99381113474
2010-09-27,0.0001149652083574427,0.0,0.0,0.0001149652083574427,90854.43770981126
2010-09-28,0.0036247610424804512,0.0,0.0,0.0036247610424804512,91183.76333615824
2010-09-29,-0.00032235346282547537,0.0,0.0,-0.00032235346282547537,91154.36993429337
2010-09-30,0.0004841903727357044,0.0,0.0,0.0004841903727357044,91198.50600264834
2010-10-01,0.0026385170493487655,0.0,0.0,0.0026385170493487655,91439.13481561147
2010-10-04,-0.0019326078792460955,0.2,0.0001,-0.0020326078792460953,91253.27490971381
2010-10-05,0.012713065932305702,0.0,0.0,0.012713065932305702,92413.38381017983
2010-10-06,0.003948346353134325,0.0,0.0,0.003948346353134325,92778.26385712755
2010-10-07,-0.0040673871550151895,0.0,0.0,-0.0040673871550151895,92400.89873845046
2010-10-08,0.0068780613639170315,0.0,0.0,0.0068780613639170315,93036.4377900546
2010-10-11,-0.00030520532027794584,0.0,0.0,-0.00030520532027794584,93008.04257426136
2010-10-12,-0.0004924460253737385,0.0,0.0,-0.0004924460253737385,92962.24113336788
2010-10-13,0.0069264001800761876,0.0,0.0,0.0069264001800761876,93606.13481709432
2010-10-14,-0.001970821753687757,0.0,0.0,-0.001970821753687757,93421.65381031817
2010-10-15,-0.005159746187666981,0.0,0.0,-0.005159746187666981,92939.62178822483
2010-10-18,0.005564331056822902,0.0,0.0,0.005564331056822902,93456.76861215042
2010-10-19,-0.014704364229549838,0.0,0.0,-0.014704364229549838,92082.5462467606
2010-10-20,0.011636392860795885,0.0,0.0,0.011636392860795885,93154.0549305103
2010-10-21,-0.005438307325331804,0.0,0.0,-0.005438307325331804,92647.45455119736
2010-10-22,0.0024923990100068406,0.0,0.0,0.0024923990100068406,92878.36897520041
2010-10-25,0.004388096721076872,0.0,0.0,0.004388096721076872,93285.92824155945
2010-10-26,-0.004303784803152611,0.0,0.0,-0.004303784803152611,92884.44568124543
2010-10-27,-0.007305577904761929,0.0,0.0,-0.007305577904761929,92205.87112718046
2010-10-28,0.004972788164105546,0.0,0.0,0.004972788164105546,92664.39139178274
2010-10-29,0.0029125806508744634,0.0,0.0,0.0029125806508744634,92934.28390517551
2010-11-01,0.0009295923602336554,0.0,0.0,0.0009295923602336554,93020.67490549755
2010-11-02,0.008550921443580306,0.0,0.0,0.008550921443580306,93816.08738924329
2010-11-03,-6.694495439079078e-05,0.0,0.0,-6.694495439079078e-05,93809.80687555189
2010-11-04,0.017844856406974717,0.0,0.0,0.017844856406974717,95483.82940881213
2010-11-05,-0.0019048540128934973,0.0,0.0,-0.0019048540128934973,95301.94665319633
2010-11-08,-0.0005111077112661343,0.0,0.0,-0.0005111077112661343,95253.23709336319
2010-11-09,-0.013953595565509649,0.0,0.0,-0.013953595565509649,93924.11194665679
2010-11-10,0.00533912494872788,0.0,0.0,0.00533912494872788,94425.5845160383
2010-11-11,-0.004841051241592831,0.0,0.0,-0.004841051241592831,93968.4654228788
2010-11-12,-0.014354429282261572,0.0,0.0,-0.014354429282261572,92619.60173120344
2010-11-15,-0.007266146752292623,0.0,0.0,-0.007266146752292623,91946.61411288561
2010-11-16,-0.010844338869080684,0.0,0.0,-0.010844338869080684,90949.51387158089
2010-11-17,-9.382283808927476e-05,0.0,0.0,-9.382283808927476e-05,90940.98073006663
2010-11-18,0.012212739154735799,0.0,0.0,0.012212739154735799,92051.61920619878
2010-11-19,0.0009877157821286174,0.0,0.0,0.0009877157821286174,92142.54004325923
2010-11-22,0.001302500317665767,0.0,0.0,0.001302500317665767,92262.55573093612
2010-11-23,-0.008526670698750405,0.0,0.0,-0.008526670698750405,91475.86330039332
2010-11-24,0.0051944489551793436,0.0,0.0,0.0051944489551793436,91951.03000293818
2010-11-26,-0.004496445757206002,0.0,0.0,-0.004496445757206002,91537.57718421075
2010-11-29,0.0012095661479276543,0.0,0.0,0.0012095661479276543,91648.29793883608
2010-11-30,-0.0025767119806482273,0.0,0.0,-0.0025767119806482273,91412.14667153107
2010-12-01,0.00841525640523404,0.0,0.0,0.00841525640523404,92181.40332432486
2010-12-02,0.006086492067663709,0.2,0.0001,0.005986492067663708,92733.24656411205
2010-12-03,0.0027041395302259026,0.0,0.0,0.0027041395302259026,92984.01020191224
2010-12-06,0.003328727188895298,0.0,0.0,0.003328727188895298,93293.52860480388
2010-12-07,-0.006992748680209782,0.0,0.0,-0.006992748680209782,92641.15040578051
2010-12-08,-0.004361008156357061,0.0,0.0,-0.004361008156357061,92237.14159324659
2010-12-09,0.0006178237643598814,0.0,0.0,0.0006178237643598814,92294.12789127954
2010-12-10,-0.00012802836718928134,0.0,0.0,-0.00012802836718928134,92282.31162478446
2010-12-13,0.0034009768223341903,0.0,0.0,0.0034009768223341903,92596.16162773177
2010-12-14,-0.0037028681812896324,0.0,0.0,-0.0037028681812896324,92253.29024713088
2010-12-15,-0.006987904324751182,0.0,0.0,-0.006987904324751182,91608.63308124043
2010-12-16,0.002100927519719342,0.0,0.0,0.002100927519719342,91801.09617952468
2010-12-17,0.005617418440176359,0.0,0.0,0.005617418440176359,92316.78135003193
2010-12-20,0.0028278218180006866,0.0,0.0,0.0028278218180006866,92577.83675850114
2010-12-21,0.006112875740170897,0.0,0.0,0.006112875740170897,93143.75357089969
2010-12-22,0.0007743857996967086,0.0,0.0,0.0007743857996967086,93215.88277099543
2010-12-23,-0.0014850201462935032,0.0,0.0,-0.0014850201462935032,93077.45530712597
2010-12-27,0.00209246563910912,0.0,0.0,0.00209246563910912,93272.21668413185
2010-12-28,-0.0003456947140621393,0.0,0.0,-0.0003456947140621393,93239.97297185528
2010-12-29,0.005692206296620829,0.0,0.0,0.005692206296620829,93770.71413310245
2010-12-30,-0.0021387438829989836,0.0,0.0,-0.0021387438829989836,93570.16259184584
2010-12-31,0.005190585086732035,0.0,0.0,0.005190585086732035,94055.84648235816
2011-01-03,0.004408828572029267,0.0,0.0,0.004408828572029267,94470.52258569597
2011-01-04,-0.005292816051155348,0.2,0.0001,-0.005392816051155348,93961.06043513479
2011-01-05,-0.004033271749249789,0.0,0.0,-0.004033271749249789,93582.08994455221
2011-01-06,-0.004759335186144276,0.0,0.0,-0.004759335186144276,93136.7014110862
2011-01-07,-0.0006305053320900591,0.0,0.0,-0.0006305053320900591,93077.97822423321
2011-01-10,0.001628133153453393,0.0,0.0,0.001628133153453393,93229.5215664365
2011-01-11,0.0026494208765018845,0.0,0.0,0.0026494208765018845,93476.52580718091
2011-01-12,0.006447093553284999,0.0,0.0,0.006447093553284999,94079.17771409586
2011-01-13,0.0014211062240348626,0.0,0.0,0.0014211062240348626,94212.87421909744
2011-01-14,0.0004892705943852049,0.0,0.0,0.0004892705943852049,94258.96980806536
2011-01-18,0.0013126198936688983,0.0,0.0,0.0013126198936688983,94382.69600699216
2011-01-19,-0.0021264021697607995,0.0,0.0,-0.0021264021697607995,94182.00043741503
2011-01-20,-0.007852036010028407,0.0,0.0,-0.007852036010028407,93442.47997848394
2011-01-21,0.002791555420209335,0.0,0.0,0.002791555420209335,93703.32983994568
2011-01-24,0.0018647559969885434,0.0,0.0,0.0018647559969885434,93878.06368620253
2011-01-25,0.0009550719959809271,0.0,0.0,0.0009550719959809271,93967.72399586614
2011-01-26,0.00260436065230284,0.0,0.0,0.00260436065230284,94212.44983882742
2011-01-27,-0.00043578093969892607,0.0,0.0,-0.00043578093969892607,94171.39384890531
2011-01-28,-0.00520239676642178,0.0,0.0,-0.00520239676642178,93681.47689405634
2011-01-31,0.004404609210489519,0.0,0.0,0.004404609210489519,94094.10719003616
2011-02-01,0.007984894001380784,0.0,0.0,0.007984894001380784,94845.43866210316
2011-02-02,-0.0009020711770821978,0.0,0.0,-0.0009020711770821978,94759.88132560835
2011-02-03,-0.0013767138673822401,0.0,0.0,-0.0013767138673822401,94629.4240829159
2011-02-04,-0.003717104617736111,0.0,0.0,-0.003717104617736111,94277.67661368358
2011-02-07,0.002371037975503354,0.0,0.0,0.002371037975503354,94501.21256517684
2011-02-08,0.001481169293270879,0.0,0.0,0.001481169293270879,94641.18485940524
2011-02-09,0.00021956725127785247,0.0,0.0,0.00021956725127785247,94661.9649642225
2011-02-10,-0.004680867107681252,0.0,0.0,-0.004680867107681252,94218.86488607299
2011-02-11,0.003957697069548195,0.0,0.0,0.003957697069548195,94591.75461152878
2011-02-14,0.0009472315163489787,0.0,0.0,0.0009472315163489787,94681.35490268357
2011-02-15,-0.0004957205999277959,0.0,0.0,-0.0004957205999277959,94634.41940462924
2011-02-16,0.0037179818496392188,0.0,0.0,0.0037179818496392188,94986.26845832678
2011-02-17,0.0030858338968909327,0.0,0.0,0.0030858338968909327,95279.38030527467
2011-02-18,0.0020254340878707255,0.0,0.0,0.0020254340878707255,95472.36241001617
2011-02-22,-0.005948413804426523,0.0,0.0,-0.005948413804426523,94904.45329151521
2011-02-23,0.002472970490548987,0.0,0.0,0.002472970490548987,95139.14920392682
2011-02-24,-0.0007741551786013436,0.0,0.0,-0.0007741551786013436,95065.49673888287
2011-02-25,0.009483933786989375,0.0,0.0,0.009483933786989375,95967.0916153817
2011-02-28,0.0057733170558967655,0.0,0.0,0.0057733170558967655,96521.14006220958
2011-03-01,-0.0035589900993878163,0.0,0.0,-0.0035589900993878163,96177.62228034654
2011-03-02,-0.0005375823342651186,0.0,0.0,-0.0005375823342651186,96125.918889657
2011-03-03,0.00313664900505194,0.0,0.0,0.00313664900505194,96427.43215750194
2011-03-04,0.000965932797798841,0.0,0.0,0.000965932797798841,96520.5745768304
2011-03-07,-0.005304174439735933,0.0,0.0,-0.005304174439735933,96008.61261225135
2011-03-08,0.0013919775882583532,0.0,0.0,0.0013919775882583532,96142.25444928739
2011-03-09,0.0026698040066148176,0.0,0.0,0.0026698040066148176,96398.93542542108
2011-03-10,-0.009461424274389486,0.0,0.0,-0.009461424274389486,95486.8641977617
2011-03-11,0.002320231300895437,0.0,0.0,0.002320231300895437,95708.41580889768
2011-03-14,-0.0012813507482257512,0.0,0.0,-0.0012813507482257512,95585.77975868944
2011-03-15,-0.009183853551254763,0.0,0.0,-0.009183853551254763,94707.93395580316
2011-03-16,-0.005636063218593247,0.0,0.0,-0.005636063218593247,94174.1540527259
2011-03-17,0.010018873513297465,0.0,0.0,0.010018873513297465,95117.67299040196
2011-03-18,0.005256374872445292,0.0,0.0,0.005256374872445292,95617.64713663417
2011-03-21,0.006950163226975892,0.0,0.0,0.006950163226975892,96282.20539161316
2011-03-22,0.00022569658877473746,0.0,0.0,0.00022569658877473746,96303.93595692977
2011-03-23,0.0008783048982889728,0.0,0.0,0.0008783048982889728,96388.52017560524
2011-03-24,0.0020359210202647417,0.0,0.0,0.0020359210202647417,96584.75958994297
2011-03-25,-0.0011785634587908713,0.0,0.0,-0.0011785634587908713,96470.92832161416
2011-03-28,-0.0024917480867180375,0.0,0.0,-0.0024917480867180375,96230.54707054485
2011-03-29,0.0015742063848197874,0.0,0.0,0.0015742063848197874,96382.03381215801
2011-03-30,0.006387127673212224,0.0,0.0,0.006387127673212224,96997.63816752011
2011-03-31,0.0028851741297041713,0.0,0.0,0.0028851741297041713,97277.49324380346
2011-04-01,0.0046076310512358385,0.0,0.0,0.0046076310512358385,97725.71204225998
2011-04-04,0.0029321692362049177,0.0,0.0,0.0029321692362049177,98012.26036869653
2011-04-05,0.00042119890066822925,0.0,0.0,0.00042119890066822925,98053.54302501582
2011-04-06,0.0005525846097619413,0.0,0.0,0.0005525846097619413,98107.72590382409
2011-04-07,-0.0020523792705827272,0.0,0.0,-0.0020523792705827272,97906.37164089506
2011-04-08,0.002938467099984754,0.0,0.0,0.002938467099984754,98194.06629284073
2011-04-11,-0.004075800464677382,0.0,0.0,-0.004075800464677382,97793.84687181581
2011-04-12,-0.004272005102610843,0.0,0.0,-0.004272005102610843,97376.07105897546
2011-04-13,0.0030415591098008846,0.0,0.0,0.0030415591098008846,97672.24613498153
2011-04-14,0.003591599534960555,0.0,0.0,0.003591599534960555,98023.04572877847
2011-04-15,0.0054351478048695005,0.0,0.0,0.0054351478048695005,98555.81547059787
2011-04-18,-0.006898284891000497,0.0,0.0,-0.006898284891000497,97875.94937781681
2011-04-19,0.004941214631738677,0.0,0.0,0.004941214631738677,98359.57545097779
2011-04-20,0.009400460018855517,0.0,0.0,0.009400460018855517,99284.20070747631
2011-04-21,0.004065239084088968,0.0,0.0,0.004065239084088968,99687.81472062488
2011-04-25,0.0005227526592757048,0.0,0.0,0.0005227526592757048,99739.92679086747
2011-04-26,0.00510615558418619,0.0,0.0,0.00510615558418619,100249.21437501699
2011-04-27,0.004211556470082922,0.0,0.0,0.004211556470082922,100671.41960243882
2011-04-28,0.0029651295721598745,0.0,0.0,0.0029651295721598745,100969.92340577331
2011-04-29,0.003286191691503482,0.0,0.0,0.003286191691503482,101301.72992916111
2011-05-02,-0.0013641099572658578,0.0,0.0,-0.0013641099572658578,101163.54323067649
2011-05-03,-0.004860526451214697,0.0,0.0,-0.004860526451214697,100671.83515290519
2011-05-04,-0.005883451420634622,0.0,0.0,-0.005883451420634622,100079.53730135692
2011-05-05,-0.013171074545288208,0.0,0.0,-0.013171074545288208,98761.3822551028
2011-05-06,0.0007291297653471364,0.0,0.0,0.0007291297653471364,98833.39211857182
2011-05-09,0.007184942715030673,0.0,0.0,0.007184942715030673,99543.50437927591
2011-05-10,0.004316195607001872,0.0,0.0,0.004316195607001872,99973.15361558332
2011-05-11,-0.010294902282012451,0.0,0.0,-0.010294902282012451,98943.93976828628
2011-05-12,0.0004931526087494142,0.0,0.0,0.0004931526087494142,98992.73423030296
2011-05-13,-0.005168829368341166,0.0,0.0,-0.005168829368341166,98481.05767836097
2011-05-16,-0.0008929195359308696,0.0,0.0,-0.0008929195359308696,98393.12201804084
2011-05-17,0.0018435545727042094,0.0,0.0,0.0018435545727042094,98574.51510805984
2011-05-18,0.00460300406250198,0.0,0.0,0.00460300406250198,99028.2540015614
2011-05-19,0.0004884387610009753,0.0,0.0,0.0004884387610009753,99076.62323925001
2011-05-20,-0.002518359952182237,0.0,0.0,-0.002518359952182237,98827.11263908684
2011-05-23,-0.008040323510150982,0.0,0.0,-0.008040323510150982,98032.51068189446
2011-05-24,0.00453607534848971,0.0,0.0,0.00453607534848971,98477.19353694915
2011-05-25,0.002892851762186854,0.0,0.0,0.002892851762186854,98762.07345980774
2011-05-26,0.006405169656378118,0.0,0.0,0.006405169656378118,99394.66129593349
2011-05-27,0.00519652822040092,0.0,0.0,0.00519652822040092,99911.16845831499
2011-05-31,0.00770146439013868,0.0,0.0,0.00770146439013868,100680.63076437385
2011-06-01,-0.007913629383347442,0.0,0.0,-0.007913629383347442,99883.88156642295
2011-06-02,-0.0015290367048489074,0.0,0.0,-0.0015290367048489074,99731.1554452851
2011-06-03,0.0017706310151658136,0.0,0.0,0.0017706310151658136,99907.74252229484
2011-06-06,-0.007689436718512433,0.0,0.0,-0.007689436718512433,99139.50825848023
2011-06-07,0.0051452688604661685,0.0,0.0,0.0051452688604661685,99649.6076831645
2011-06-08,-0.001693795356435957,0.0,0.0,-0.001693795356435957,99480.82164040009
2011-06-09,0.001158225383950773,0.0,0.0,0.001158225383950773,99596.04285324029
2011-06-10,-0.010284793001767345,0.0,0.0,-0.010284793001767345,98571.71816869956
2011-06-13,-0.001272046380644176,0.0,0.0,-0.001272046380644176,98446.3303713692
2011-06-14,0.004887470715909193,0.0,0.0,0.004887470715909193,98927.48392814798
2011-06-15,-0.009332978987184694,0.0,0.0,-0.009332978987184694,98004.19579939154
2011-06-16,-1.1703619716851789e-05,0.0,0.0,-1.1703619716851789e-05,98003.04879555324
2011-06-17,0.0027133820763368902,0.0,0.0,0.0027133820763368902,98268.96851158148
2011-06-20,0.0009545614686953475,0.0,0.0,0.0009545614686953475,98362.77228249109
2011-06-21,0.006762732383856596,0.0,0.0,0.006762732383856596,99027.9733879718
2011-06-22,-0.0024845114093036023,0.0,0.0,-0.0024845114093036023,98781.93725824918
2011-06-23,-0.006141599113448493,0.0,0.0,-0.006141599113448493,98175.2581999592
2011-06-24,-0.005418439141551766,0.0,0.0,-0.005418439141551766,97643.3015381966
2011-06-27,0.001288204548126803,0.0,0.0,0.001288204548126803,97769.08608333221
2011-06-28,0.004776670067457356,0.0,0.0,0.004776670067457356,98236.09675034913
2011-06-29,0.006141358179154444,0.0,0.0,0.006141358179154444,98839.3998066151
2011-06-30,0.0020081933894080086,0.0,0.0,0.0020081933894080086,99037.88843591981
2011-07-01,0.004560477644875327,0.0,0.0,0.004560477644875327,99489.54851212748
2011-07-05,0.003643945455766662,0.2,0.0001,0.003543945455766662,99842.13404547331
2011-07-06,-0.0003307696920972212,0.0,0.0,-0.0003307696920972212,99809.10929353676
2011-07-07,0.006937890620173282,0.0,0.0,0.006937890620173282,100501.57397671224
2011-07-08,-0.0025115281668694482,0.0,0.0,-0.0025115281668694482,100249.16144285501
2011-07-11,-0.010997141758590099,0.0,0.0,-0.010997141758590099,99146.70720328814
2011-07-12,-0.00019034269644573363,0.0,0.0,-0.00019034269644573363,99127.83535169536
2011-07-13,0.00592781891566062,0.0,0.0,0.00592781891566062,99715.44720916163
2011-07-14,-0.0036211098050396903,0.0,0.0,-0.0036211098050396903,99354.36662555861
2011-07-15,0.004630393465118188,0.0,0.0,0.004630393465118188,99814.41643551257
2011-07-18,-0.0035447179736862624,0.0,0.0,-0.0035447179736862624,99460.6024795406
2011-07-19,0.0046762131359261,0.0,0.0,0.0046762131359261,99925.70145536255
2011-07-20,0.00428496191585106,0.0,0.0,0.00428496191585106,100353.87928051349
2011-07-21,0.005659407794390825,0.0,0.0,0.005659407794390825,100921.82280711098
2011-07-22,0.0022811529759140916,0.0,0.0,0.0022811529759140916,101152.04092354208
2011-07-25,-0.001644677688670615,0.0,0.0,-0.001644677688670615,100985.67841867162
2011-07-26,0.0028787099353274836,0.0,0.0,0.0028787099353274836,101276.38689446126
2011-07-27,-0.011324348384543515,0.0,0.0,-0.011324348384543515,100129.49780614056
2011-07-28,-0.0007443549830407515,0.0,0.0,-0.0007443549830407515,100054.96591549918
2011-07-29,0.00041611207056705426,0.0,0.0,0.00041611207056705426,100096.5999945368
2011-08-01,-0.004510850869761985,0.0,0.0,-0.004510850869761985,99645.07915939121
2011-08-02,-0.004439719684963406,0.2,0.0001,-0.0045397196849634065,99192.7184320216
2011-08-03,-0.0008393128250004266,0.0,0.0,-0.0008393128250004266,99109.46471129495
2011-08-04,-0.022539873003601187,0.0,0.0,-0.022539873003601187,96875.54996324747
2011-08-05,-0.004866617902801984,0.0,0.0,-0.004866617902801984,96404.09367745255
2011-08-08,-0.027734561962338925,0.0,0.0,-0.027734561962338925,93730.36836793211
2011-08-09,0.030850370622205872,0.0,0.0,0.030850370622205872,96621.98497063869
2011-08-10,-0.009686755291900953,0.0,0.0,-0.009686755291900953,95686.03144641037
2011-08-11,0.011528043455166902,0.0,0.0,0.011528043455166902,96789.10417497705
2011-08-12,0.004976870242107035,0.0,0.0,0.004976870242107035,97270.81098730571
2011-08-15,0.012553534391179177,0.0,0.0,0.012553534391179177,98491.90345829274
2011-08-16,0.00019998626330259824,0.0,0.0,0.00019998626330259824,98511.60048603092
2011-08-17,0.0057589066413874625,0.0,0.0,0.0057589066413874625,99078.91959632363
2011-08-18,-0.016780464297482443,0.0,0.0,-0.016780464297482443,97416.32932340438
2011-08-19,-0.002433906430152311,0.0,0.0,-0.002433906430152311,97179.22709306232
2011-08-22,0.002485136702510804,0.0,0.0,0.002485136702510804,97420.7307570329
2011-08-23,0.0072871658252593365,0.0,0.0,0.0072871658252593365,98130.65177687735
2011-08-24,-0.007903904512482327,0.0,0.0,-0.007903904512482327,97355.03647548525
2011-08-25,-0.004923095094379737,0.0,0.0,-0.004923095094379737,96875.74837299963
2011-08-26,0.011961418898626421,0.0,0.0,0.011961418898626421,98034.51978040699
2011-08-29,0.008655892920159856,0.0,0.0,0.008655892920159856,98883.09608610549
2011-08-30,0.006892102443911041,0.0,0.0,0.006892102443911041,99564.60851430203
2011-08-31,0.002955190261383578,0.0,0.0,0.002955190261383578,99858.84087576196
2011-09-01,-0.0023064148280456777,0.0,0.0,-0.0023064148280456777,99628.52496445466
2011-09-02,-0.002419796062792124,0.0,0.0,-0.002419796062792124,99387.44425200389
2011-09-06,-0.005800433776906167,0.0,0.0,-0.005800433776906167,98810.95396336418
2011-09-07,0.00856777600933465,0.0,0.0,0.00856777600933465,99657.54408419096
2011-09-08,-0.003731269738283238,0.0,0.0,-0.003731269738283238,99285.69490575798
2011-09-09,-0.014329795090647357,0.0,0.0,-0.014329795090647357,97862.95124232593
2011-09-12,-0.0029779823320356894,0.0,0.0,-0.0029779823320356894,97571.51710256541
2011-09-13,0.001707332450414745,0.0,0.0,0.001707332450414745,97738.10411995082
2011-09-14,0.0031766636933113325,0.0,0.0,0.0031766636933113325,98048.58520676174
2011-09-15,0.003804103287331451,0.0,0.0,0.003804103287331451,98421.57215206498
2011-09-16,0.0028132935065735,0.0,0.0,0.0028132935065735,98698.46092190714
2011-09-19,-0.009404870139010946,0.0,0.0,-0.009404870139010946,97770.21471401636
2011-09-20,0.0013437416771845847,0.0,0.0,0.0013437416771845847,97901.59262631487
2011-09-21,-0.01444654533824611,0.0,0.0,-0.01444654533824611,96487.25282975231
2011-09-22,-0.018236568836829007,0.0,0.0,-0.018236568836829007,94727.656401646
2011-09-23,-0.005145283755721052,0.0,0.0,-0.005145283755721052,94240.25572994509
2011-09-26,0.00416624285513937,0.0,0.0,0.00416624285513937,94632.88352204648
2011-09-27,0.009463493048163518,0.0,0.0,0.009463493048163518,95528.44115738502
2011-09-28,-0.015507266721101432,0.0,0.0,-0.015507266721101432,94047.05614090641
2011-09-29,0.008609102376736621,0.0,0.0,0.008609102376736621,94856.71687545418
2011-09-30,-0.014179992129116227,0.0,0.0,-0.014179992129116227,93511.64937676642
2011-10-03,-0.008011751757411412,0.0,0.0,-0.008011751757411412,92762.45725553368
2011-10-04,-0.013862649392108418,0.8,0.0004,-0.014262649392108417,91439.41885094756
2011-10-05,-0.002712106827914064,0.0,0.0,-0.002712106827914064,91191.4253787414
2011-10-06,-0.01013344953666877,0.0,0.0,-0.01013344953666877,90267.34167148905
2011-10-07,0.0024513642697003295,0.0,0.0,0.0024513642697003295,90488.61980758337
2011-10-10,-0.012521931675945442,0.0,0.0,-0.012521931675945442,89355.52749290221
2011-10-11,0.0023934961635436627,0.0,0.0,0.0023934961635436627,89569.39960514789
2011-10-12,-0.0068839307244827905,0.0,0.0,-0.0068839307244827905,88952.81006323254
2011-10-13,0.0028693622114343677,0.0,0.0,0.0028693622114343677,89208.04789502888
2011-10-14,-0.00579706854480393,0.0,0.0,-0.00579706854480393,88690.90272663324
2011-10-17,0.009516753893384246,0.0,0.0,0.009516753893384246,89534.95222046471
2011-10-18,-0.009756208095561592,0.0,0.0,-0.009756208095561592,88661.4305947757
2011-10-19,0.0031628262390382975,0.0,0.0,0.0031628262390382975,88941.85129385152
2011-10-20,-0.0013084663747023216,0.0,0.0,-0.0013084663747023216,88825.47387212976
2011-10-21,-0.00883958553349702,0.0,0.0,-0.00883958553349702,88040.29349828366
2011-10-24,-0.005731765575181903,0.0,0.0,-0.005731765575181903,87535.66717478128
2011-10-25,0.014237510351495255,0.0,0.0,0.014237510351495255,88781.95714230729
2011-10-26,-0.007000008480469454,0.0,0.0,-0.007000008480469454,88160.48268939847
2011-10-27,-0.018840728129159278,0.0,0.0,-0.018840728129159278,86499.47500331205
2011-10-28,0.002844603770643217,0.0,0.0,0.002844603770643217,86745.53173606514
2011-10-31,0.013202260702237357,0.0,0.0,0.013202260702237357,87890.76886079887
2011-11-01,0.014376501848615154,0.0,0.0,0.014376501848615154,89154.33066180235
2011-11-02,0.0003720298639355308,0.4,0.0002,0.0001720298639355308,89169.66786917538
2011-11-03,0.0011315946552156622,0.0,0.0,0.0011315946552156622,89270.57178874349
2011-11-04,0.0006482029471909681,0.0,0.0,0.0006482029471909681,89328.43723647438
2011-11-07,0.0036913148423416086,0.0,0.0,0.0036913148423416086,89658.17662268855
2011-11-08,-0.0020292378509998875,0.0,0.0,-0.0020292378509998875,89476.23885703416
2011-11-09,0.0006101673036637998,0.0,0.0,0.0006101673036637998,89530.83433243954
2011-11-10,-0.003765918210686203,0.0,0.0,-0.003765918210686203,89193.66853300907
2011-11-11,0.0020427801013626727,0.0,0.0,0.0020427801013626727,89375.87158425584
2011-11-14,0.00038219910465918665,0.0,0.0,0.00038219910465918665,89410.03096235348
2011-11-15,0.0007432838714692579,0.0,0.0,0.0007432838714692579,89476.48799631535
2011-11-16,0.001387363250226703,0.0,0.0,0.001387363250226703,89600.62438752079
2011-11-17,-0.004616985304066024,0.0,0.0,-0.004616985304066024,89186.93962148846
2011-11-18,-6.504383264616066e-06,0.0,0.0,-6.504383264616066e-06,89186.35951545097
2011-11-21,-0.001591800275207412,0.0,0.0,-0.001591800275207412,89044.39264382952
2011-11-22,0.002065610436881782,0.0,0.0,0.002065610436881782,89228.3236706204
2011-11-23,-0.001355799292568016,0.0,0.0,-0.001355799292568016,89107.34797251075
2011-11-25,-0.0036567926238799016,0.0,0.0,-0.0036567926238799016,88781.50087971137
2011-11-28,-0.0003012072502115333,0.0,0.0,-0.0003012072502115333,88754.75924796175
2011-11-29,0.0004919705314463285,0.0,0.0,0.0004919705314463285,88798.42397403736
2011-11-30,-0.0002921085740554049,0.0,0.0,-0.0002921085740554049,88772.48519303194
2011-12-01,-0.0005887550369186088,0.0,0.0,-0.0005887550369186088,88720.21994523476
2011-12-02,0.0035038622591674453,0.0,0.0,0.0035038622591674453,89031.0833755259
2011-12-05,-0.0023665635986527714,0.0,0.0,-0.0023665635986527714,88820.38565446077
2011-12-06,0.001097816814134256,0.0,0.0,0.001097816814134256,88917.89416727012
2011-12-07,0.0017948398571768333,0.0,0.0,0.0017948398571768333,89077.48754773775
2011-12-08,2.594482561335803e-06,0.0,0.0,2.594482561335803e-06,89077.7186577258
2011-12-09,-0.0028127266073690762,0.0,0.0,-0.0028127266073690762,88827.16738833347
2011-12-12,-6.005518707855712e-05,0.0,0.0,-6.005518707855712e-05,88821.83285617831
2011-12-13,-0.0008616807312361813,0.0,0.0,-0.0008616807312361813,88745.29679429306
2011-12-14,-0.0026561593421245205,0.0,0.0,-0.0026561593421245205,88509.57514514329
2011-12-15,-6.664344247819679e-06,0.0,0.0,-6.664344247819679e-06,88508.98528686531
2011-12-16,0.006151001004294689,0.0,0.0,0.006151001004294689,89053.40414425392
2011-12-19,0.0024958845887057095,0.0,0.0,0.0024958845887057095,89275.67116322934
2011-12-20,-0.0006206985595004753,0.0,0.0,-0.0006206985595004753,89220.2578827399
2011-12-21,-0.0009385389658681078,0.0,0.0,-0.0009385389658681078,89136.52119417214
2011-12-22,0.0005647633621253642,0.0,0.0,0.0005647633621253642,89186.8622355699
2011-12-23,-0.0009715720096951318,0.0,0.0,-0.0009715720096951318,89100.2107765893
2011-12-27,0.002614912892022425,0.0,0.0,0.002614912892022425,89333.2000664309
2011-12-28,-0.0009835743823832562,0.0,0.0,-0.0009835743823832562,89245.33421934924
2011-12-29,-0.000797227523819377,0.0,0.0,-0.000797227523819377,89174.18538253712
2011-12-30,0.0007376191307007841,0.0,0.0,0.0007376191307007841,89239.96196763993
2012-01-03,0.0008525553269175141,0.0,0.0,0.0008525553269175141,89316.04397258934
2012-01-04,-0.0026167103151566676,0.2,0.0001,-0.0027167103151566675,89073.39815462002
2012-01-05,0.0035119472497967762,0.0,0.0,0.0035119472497967762,89386.2192302992
2012-01-06,0.0024574354978898474,0.0,0.0,0.0024574354978898474,89605.88009845791
2012-01-09,-0.0020454680515330174,0.0,0.0,-0.0020454680515330174,89422.59413348701
2012-01-10,-0.001072996967471496,0.0,0.0,-0.001072996967471496,89326.64396115835
2012-01-11,0.0033619125731821904,0.0,0.0,0.0033619125731821904,89626.95232861151
2012-01-12,0.001070066443513629,0.0,0.0,0.001070066443513629,89722.85912273277
2012-01-13,0.0022146411061312213,0.0,0.0,0.0022146411061312213,89921.56305470559
2012-01-17,-0.0005906690843608845,0.0,0.0,-0.0005906690843608845,89868.44916739177
2012-01-18,-0.002585432217311635,0.0,0.0,-0.002585432217311635,89636.10038359456
2012-01-19,-0.0033326760404857603,0.0,0.0,-0.0033326760404857603,89337.37229948357
2012-01-20,-2.2619997213224846e-05,0.0,0.0,-2.2619997213224846e-05,89335.35148837113
2012-01-23,-0.002040470816390705,0.0,0.0,-0.002040470816390705,89153.0653107871
2012-01-24,0.0006981620045688586,0.0,0.0,0.0006981620045688586,89215.30859357795
2012-01-25,0.0028806540253154883,0.0,0.0,0.0028806540253154883,89472.3070313978
2012-01-26,0.0035090677277031523,0.0,0.0,0.0035090677277031523,89786.27141652483
2012-01-27,0.0014403830561727003,0.0,0.0,0.0014403830561727003,89915.59804055012
2012-01-30,0.0030331865714934517,0.0,0.0,0.0030331865714934517,90188.3288250945
2012-01-31,0.001679516669381953,0.0,0.0,0.001679516669381953,90339.80162673995
2012-02-01,-0.0027350160260751545,0.0,0.0,-0.0027350160260751545,90092.72082149837
2012-02-02,0.0007852156075330297,0.0,0.0,0.0007852156075330297,90163.46303201253
2012-02-03,-0.0066965562112593635,0.0,0.0,-0.0066965562112593635,89559.67833361686
2012-02-06,0.0016574080705827,0.0,0.0,0.0016574080705827,89708.11526728579
2012-02-07,-0.0006376106427489093,0.0,0.0,-0.0006376106427489093,89650.91641825042
2012-02-08,-0.0016190179963588513,0.0,0.0,-0.0016190179963588513,89505.76997117921
2012-02-09,-0.002966061527235098,0.0,0.0,-0.002966061527235098,89240.29035040214
2012-02-10,0.0039874818116014355,0.0,0.0,0.0039874818116014355,89596.1343850364
2012-02-13,-0.0004987018515997033,0.0,0.0,-0.0004987018515997033,89551.45262692242
2012-02-14,0.0005395183924685745,0.0,0.0,0.0005395183924685745,89599.76728268691
2012-02-15,-0.0017663311968980303,0.0,0.0,-0.0017663311968980303,89441.5044185007
2012-02-16,-0.0018902650962301483,0.0,0.0,-0.0018902650962301483,89272.43626454409
2012-02-17,-0.0007779089645717387,0.0,0.0,-0.0007779089645717387,89202.99043608474
2012-02-21,-0.0017218759625178604,0.0,0.0,-0.0017218759625178604,89049.39395106814
2012-02-22,0.0012726103291462957,0.0,0.0,0.0012726103291462957,89162.71912961447
2012-02-23,0.0018355094729103686,0.0,0.0,0.0018355094729103686,89326.37814520733
2012-02-24,-0.0011097939939043067,0.0,0.0,-0.0011097939939043067,89227.24426724456
2012-02-27,0.0032754368761945376,0.0,0.0,0.0032754368761945376,89519.5024734787
2012-02-28,-0.0010489529184789072,0.0,0.0,-0.0010489529184789072,89425.60073009835
2012-02-29,-0.006102443374335298,0.0,0.0,-0.006102443374335298,88879.88606542701
2012-03-01,-0.0026151582173744472,0.0,0.0,-0.0026151582173744472,88647.4511010237
2012-03-02,0.002253844536255623,0.0,0.0,0.002253844536255623,88847.24867434074
2012-03-05,0.0018357773213994568,0.0,0.0,0.0018357773213994568,89010.35243852584
2012-03-06,0.004457501000411757,0.0,0.0,0.004457501000411757,89407.11617356757
2012-03-07,-0.001786254132776666,0.0,0.0,-0.001786254132776666,89247.41234280288
2012-03-08,-0.004200089574719912,0.0,0.0,-0.004200089574719912,88872.56521665114
2012-03-09,0.0007640471209745647,0.0,0.0,0.0007640471209745647,88940.46804423856
2012-03-12,0.0013345825361064988,0.0,0.0,0.0013345825361064988,89059.16643964354
2012-03-13,-0.005711394985093743,0.0,0.0,-0.005711394985093743,88550.51436306353
2012-03-14,-0.004308206906201518,0.0,0.0,-0.004308206906201518,88169.02042553689
2012-03-15,-0.00013041199110971346,0.0,0.0,-0.00013041199110971346,88157.52212802898
2012-03-16,2.893096422250667e-05,0.0,0.0,2.893096422250667e-05,88160.07261014762
2012-03-19,-0.00010559886848088252,0.0,0.0,-0.00010559886848088252,88150.7630062348
2012-03-20,0.0030024134068529222,0.0,0.0,0.0030024134068529222,88415.42803890904
2012-03-21,0.002501998999361665,0.0,0.0,0.002501998999361665,88636.64335139054
2012-03-22,0.0006667995395511325,0.0,0.0,0.0006667995395511325,88695.74622436459
2012-03-23,0.0016905439389721334,0.0,0.0,0.0016905439389721334,88845.6902805568
2012-03-26,0.00110498754986087,0.0,0.0,0.00110498754986087,88943.8636621756
2012-03-27,0.0022481592346362163,0.0,0.0,0.0022481592346362163,89143.82363063194
2012-03-28,0.0011576662432798866,0.0,0.0,0.0011576662432798866,89247.02242604602
2012-03-29,0.0032865600762675977,0.0,0.0,0.0032865600762675977,89540.33812687724
2012-03-30,-0.0032804329617728504,0.0,0.0,-0.0032804329617728504,89246.60705027755
2012-04-02,-0.0006004561037693757,0.0,0.0,-0.0006004561037693757,89193.0183803335
2012-04-03,-0.002592866279813644,0.2,0.0001,-0.002692866279813644,88952.8335087423
2012-04-04,0.004397212475551216,0.0,0.0,0.004397212475551216,89343.97801798256
2012-04-05,0.001594369452106714,0.0,0.0,0.001594369452106714,89486.42532726414
2012-04-09,0.004541700265230542,0.0,0.0,0.004541700265230542,89892.8458489075
2012-04-10,0.004348931122073728,0.0,0.0,0.004348931122073728,90283.78364387159
2012-04-11,-0.002487579334889212,0.0,0.0,-0.002487579334889212,90059.19556940348
2012-04-12,-0.003259487711354791,0.0,0.0,-0.003259487711354791,89765.64872815051
2012-04-13,0.00521753368186757,0.0,0.0,0.00521753368186757,90234.00402386433
2012-04-16,0.00123654471947523,0.0,0.0,0.00123654471947523,90345.58240505715
2012-04-17,-0.0010762073164040874,0.0,0.0,-0.0010762073164040874,90248.35182826805
2012-04-18,0.0008264353016323111,0.0,0.0,0.0008264353016323111,90322.93625213306
2012-04-19,0.0006799930826880465,0.0,0.0,0.0006799930826880465,90384.35522399258
2012-04-20,-0.0011367178139184751,0.0,0.0,-0.0011367178139184751,90281.61371730993
2012-04-23,0.0031887903057350783,0.0,0.0,0.0031887903057350783,90569.5028519178
2012-04-24,-0.00040711125462443713,0.0,0.0,-0.00040711125462443713,90532.63098798104
2012-04-25,-0.0008188591387476962,0.0,0.0,-0.0008188591387476962,90458.49751574166
2012-04-26,0.0013563369749499678,0.0,0.0,0.0013563369749499678,90581.18972062069
2012-04-27,0.0003546909848763047,0.0,0.0,0.0003546909848763047,90613.31805201397
2012-04-30,8.297343288009578e-05,0.0,0.0,8.297343288009578e-05,90620.8365500774
2012-05-01,-0.0005113273271492359,0.0,0.0,-0.0005113273271492359,90574.49963994022
2012-05-02,0.002909508113175596,0.0,0.0,0.002909508113175596,90838.02688148944
2012-05-03,0.0007348696716812375,0.0,0.0,0.0007348696716812375,90904.78099248001
2012-05-04,0.004573866647048275,0.0,0.0,0.004573866647048275,91320.56733831875
2012-05-07,-3.958107203535491e-05,0.0,0.0,-3.958107203535491e-05,91316.95277236462
2012-05-08,0.0022118325815283168,0.0,0.0,0.0022118325815283168,91518.93058375242
2012-05-09,0.0017246932402433576,0.0,0.0,0.0017246932402433576,91676.7726646845
2012-05-10,-0.001001250825958866,0.0,0.0,-0.001001250825958866,91584.98122033275
2012-05-11,0.003417900224082426,0.0,0.0,0.003417900224082426,91898.0095481683
2012-05-14,0.003994749973252752,0.0,0.0,0.003994749973252752,92265.1191193528
2012-05-15,0.0008960566745385367,0.0,0.0,0.0008960566745385367,92347.7938951668
2012-05-16,0.0014873785739842878,0.0,0.0,0.0014873785739842878,92485.15002516119
2012-05-17,0.0019556868092242556,0.0,0.0,0.0019556868092242556,92666.02201311452
2012-05-18,2.9629241725781085e-06,0.0,0.0,2.9629241725781085e-06,92666.29657551114
2012-05-21,-0.0026311935866032868,0.0,0.0,-0.0026311935866032868,92422.47361026738
2012-05-22,0.000976708997887688,0.0,0.0,0.000976708997887688,92512.74347184955
2012-05-23,0.0040564340237976395,0.0,0.0,0.0040564340237976395,92888.01531210363
2012-05-24,0.0014497305150849348,0.0,0.0,0.0014497305150849348,93022.67790238727
2012-05-25,0.0016513249458595448,0.0,0.0,0.0016513249458595448,93176.28857093814
2012-05-29,-0.002461162192469768,0.0,0.0,-0.002461162192469768,92946.96661227269
2012-05-30,0.007065990456030281,0.0,0.0,0.007065990456030281,93603.72899127197
2012-05-31,0.0026591655543768858,0.0,0.0,0.0026591655543768858,93852.6368031668
2012-06-01,0.009728775625282205,0.0,0.0,0.009728775625282205,94765.70804846591
2012-06-04,-0.005157983569868719,0.2,0.0001,-0.005257983569868719,94267.4315125601
2012-06-05,-0.00097463113053502,0.0,0.0,-0.00097463113053502,94175.55553921238
2012-06-06,-0.011334475938629341,0.0,0.0,-0.011334475938629341,93108.12497094613
2012-06-07,-0.0018386144704568232,0.0,0.0,-0.0018386144704568232,92936.93502505745
2012-06-08,0.0023728403901937868,0.0,0.0,0.0023728403901937868,93157.45953822571
2012-06-11,0.004516578137525908,0.0,0.0,0.004516578137525908,93578.2124833235
2012-06-12,-0.005823172385936216,0.0,0.0,-0.005823172385936216,93033.29042046533
2012-06-13,0.004053725365612971,0.0,0.0,0.004053725365612971,93410.42182968922
2012-06-14,-0.002745895819636913,0.0,0.0,-0.002745895819636913,93153.92654287655
2012-06-15,-0.002441401263656207,0.0,0.0,-0.002441401263656207,92926.50042890024
2012-06-18,0.0016035046580145209,0.0,0.0,0.0016035046580145209,93075.50850519096
2012-06-19,-0.007662301869577804,0.0,0.0,-0.007662301869577804,92362.33586235973
2012-06-20,0.0012094733317870809,0.0,0.0,0.0012094733317870809,92474.04564444683
2012-06-21,0.008479030391936593,0.0,0.0,0.008479030391936593,93258.13588793142
2012-06-22,-0.004578472424999091,0.0,0.0,-0.004578472424999091,92831.1560843617
2012-06-25,0.00745418086052817,0.0,0.0,0.00745418086052817,93523.13631130646
2012-06-26,-0.0038056765347632693,0.0,0.0,-0.0038056765347632693,93167.21750598906
2012-06-27,-0.0017738385805635244,0.0,0.0,-0.0017738385805635244,93001.95390113318
2012-06-28,0.0024203611612967583,0.0,0.0,0.0024203611612967583,93227.0522182802
2012-06-29,-0.012719291436994073,0.0,0.0,-0.012719291436994073,92041.27017130403
2012-07-02,0.002517362957446512,0.0,0.0,0.002517362957446512,92272.97145538959
2012-07-03,-0.003954508896347354,0.2,0.0001,-0.004054508896347354,91898.8498717313
2012-07-05,0.0024985408103071925,0.0,0.0,0.0024985408103071925,92128.46289855611
2012-07-06,0.005283188637680591,0.0,0.0,0.005283188637680591,92615.19494694873
2012-07-09,-7.686293660913438e-05,0.0,0.0,-7.686293660913438e-05,92608.07627109048
2012-07-10,0.00047553621045349787,0.0,0.0,0.00047553621045349787,92652.11476473782
2012-07-11,-0.0009814844707575097,0.0,0.0,-0.0009814844707575097,92561.17815291339
2012-07-12,0.0036539560699268563,0.0,0.0,0.0036539560699268563,92899.39263166481
2012-07-13,-0.001387598908962429,0.0,0.0,-0.001387598908962429,92770.48553580584
2012-07-16,-0.00032179017851753373,0.0,0.0,-0.00032179017851753373,92740.6329047041
2012-07-17,-0.001688322051402636,0.0,0.0,-0.001688322051402636,92584.05684911006
2012-07-18,-0.0009249852614502395,0.0,0.0,-0.0009249852614502395,92498.41796107937
2012-07-19,-0.0038965207317992138,0.0,0.0,-0.0038965207317992138,92137.99595783539
2012-07-20,0.00500877837595457,0.0,0.0,0.00500877837595457,92599.49475959278
2012-07-23,0.005150103358636005,0.0,0.0,0.005150103358636005,93076.39172856217
2012-07-24,0.0027516847539210687,0.0,0.0,0.0027516847539210687,93332.50861663163
2012-07-25,-0.0003889129537316127,0.0,0.0,-0.0003889129537316127,93296.21039502637
2012-07-26,-0.004319346995955931,0.0,0.0,-0.004319346995955931,92893.23168892253
2012-07-27,-0.0057811714868891695,0.0,0.0,-0.0057811714868891695,92356.19998655755
2012-07-30,0.0019721664478374538,0.0,0.0,0.0019721664478374538,92538.3417854208
2012-07-31,0.001449868510415242,0.0,0.0,0.001449868510415242,92672.51021318151
2012-08-01,-0.002046615287721254,0.0,0.0,-0.002046615287721254,92482.84523702771
2012-08-02,0.004710041805760612,0.2,0.0001,0.0046100418057606115,92909.1950198861
2012-08-03,-0.009961616372881378,0.0,0.0,-0.009961616372881378,91983.66926158477
2012-08-06,-0.0022022827417101263,0.0,0.0,-0.0022022827417101263,91781.09521425082
2012-08-07,-0.004867670854686413,0.0,0.0,-0.004867670854686413,91334.3350520652
2012-08-08,-0.0018909223560008462,0.0,0.0,-0.0018909223560008462,91161.62891604479
2012-08-09,-0.0017206330344265775,0.0,0.0,-0.0017206330344265775,91004.7732058597
2012-08-10,0.0009689998027565317,0.0,0.0,0.0009689998027565317,91092.95681314607
2012-08-13,0.002208925571230347,0.0,0.0,0.002208925571230347,91294.1743748096
2012-08-14,-0.002215803458113008,0.0,0.0,-0.002215803458113008,91091.88442752433
2012-08-15,-0.0022871321003279043,0.0,0.0,-0.0022871321003279043,90883.54525457078
2012-08-16,-0.0033924502050411867,0.0,0.0,-0.0033924502050411867,90575.22735283706
2012-08-17,0.0011991588551696465,0.0,0.0,0.0011991588551696465,90683.84143877622
2012-08-20,-0.0005120434197439239,0.0,0.0,-0.0005120434197439239,90637.4073744904
2012-08-21,-0.0023975191818773503,0.0,0.0,-0.0023975191818773503,90420.10245171443
2012-08-22,0.0009559139875336515,0.0,0.0,0.0009559139875336515,90506.53629240225
2012-08-23,0.000503712520283839,0.0,0.0,0.000503712520283839,90552.12556790025
2012-08-24,0.0017495836454966777,0.0,0.0,0.0017495836454966777,90710.5540858588
2012-08-27,0.003180433530308513,0.0,0.0,0.003180433530308513,90999.05297362634
2012-08-28,0.00031751360591351083,0.0,0.0,0.00031751360591351083,91027.9464110707
2012-08-29,0.0007780148223720417,0.0,0.0,0.0007780148223720417,91098.7675026286
2012-08-30,0.0026044612046598474,0.0,0.0,0.0026044612046598474,91336.03070838153
2012-08-31,-0.0022687055657452993,0.0,0.0,-0.0022687055657452993,91128.81614716032
2012-09-04,0.0010519117817940128,0.0,0.0,0.0010519117817940128,91224.67562252647
2012-09-05,9.062745242582925e-06,0.2,0.0001,-9.093725475741708e-05,91216.37990095922
2012-09-06,-0.00018311334220576486,0.0,0.0,-0.00018311334220576486,91199.67696477164
2012-09-07,-0.004807666728696325,0.0,0.0,-0.004807666728696325,90761.21931216026
2012-09-10,0.00028273863064179924,0.0,0.0,0.00028273863064179924,90786.88101502397
2012-09-11,-0.001555025683977629,0.0,0.0,-0.001555025683977629,90645.70508327738
2012-09-12,-0.0018045386307592559,0.0,0.0,-0.0018045386307592559,90482.13140674219
2012-09-13,-0.0013335154012548138,0.0,0.0,-0.0013335154012548138,90361.47209097294
2012-09-14,-0.0052219867867366885,0.0,0.0,-0.0052219867867366885,89889.60567768381
2012-09-17,0.005390263162314191,0.0,0.0,0.005390263162314191,90374.13430784317
2012-09-18,-0.00015996419793781194,0.0,0.0,-0.00015996419793781194,90359.67768193429
2012-09-19,0.0021018807969423237,0.0,0.0,0.0021018807969423237,90549.60295327185
2012-09-20,-0.0012420411220625649,0.0,0.0,-0.0012420411220625649,90437.13662281744
2012-09-21,-0.0007454468255106872,0.0,0.0,-0.0007454468255106872,90369.7205464137
2012-09-24,0.002185977456041788,0.0,0.0,0.002185977456041788,90567.26671823695
2012-09-25,4.561242032151674e-05,0.0,0.0,4.561242032151674e-05,90571.39771047387
2012-09-26,0.002105813486294106,0.0,0.0,0.002105813486294106,90762.12418124509
2012-09-27,-0.00299566439161344,0.0,0.0,-0.00299566439161344,90490.23131772815
2012-09-28,-0.001592832168653103,0.0,0.0,-0.001592832168653103,90346.0955663364
2012-10-01,-0.0004323311027489507,0.0,0.0,-0.0004323311027489507,90307.03613921115
2012-10-02,0.0006910531506555517,0.8,0.0004,0.00029105315065555167,90333.32028660583
2012-10-03,-0.0020818408498881505,0.0,0.0,-0.0020818408498881505,90145.26069032714
2012-10-04,0.004766209159395163,0.0,0.0,0.004766209159395163,90574.91185750543
2012-10-05,-0.002738489995429838,0.0,0.0,-0.002738489995429838,90326.87336754672
2012-10-08,-0.0014399554427762641,0.0,0.0,-0.0014399554427762641,90196.80669461215
2012-10-09,-0.0043498959427437645,0.0,0.0,-0.0043498959427437645,89804.45997112282
2012-10-10,-3.278454022338507e-05,0.0,0.0,-3.278454022338507e-05,89801.51577319266
2012-10-11,0.004276801151770283,0.0,0.0,0.004276801151770283,90185.57899928215
2012-10-12,-0.002714197824493403,0.0,0.0,-0.002714197824493403,89940.79749696162
2012-10-15,0.001626036470524395,0.0,0.0,0.001626036470524395,90087.04451387974
2012-10-16,0.003519497379096681,0.0,0.0,0.003519497379096681,90404.1056309369
2012-10-17,0.0007590417004243899,0.0,0.0,0.0007590417004243899,90472.72611700036
2012-10-18,-0.0017714032830919216,0.0,0.0,-0.0017714032830919216,90312.46243292643
2012-10-19,-0.00639018344067116,0.0,0.0,-0.00639018344067116,89735.34923100131
2012-10-22,-0.0001352783055638462,0.0,0.0,-0.0001352783055638462,89723.20998500816
2012-10-23,-0.007481044065506958,0.0,0.0,-0.007481044065506958,89051.98669741157
2012-10-24,-0.002310940658368088,0.0,0.0,-0.002310940658368088,88846.19284064407
2012-10-25,0.001413666519601364,0.0,0.0,0.001413666519601364,88971.79172885694
2012-10-26,0.0009183242753693643,0.0,0.0,0.0009183242753693643,89053.49668502466
2012-10-31,0.0027109870464080642,0.0,0.0,0.0027109870464080642,89294.9195609751
2012-11-01,0.0024641067601822273,0.0,0.0,0.0024641067601822273,89514.95177591524
2012-11-02,0.002580455428258033,0.6000000000000001,0.00030000000000000003,0.002280455428258033,89719.08663360288
2012-11-05,-0.0003700434008396591,0.0,0.0,-0.0003700434008396591,89685.88667766476
2012-11-06,-0.0027298648924960036,0.0,0.0,-0.0027298648924960036,89441.05632427103
2012-11-07,-0.001057030526075575,0.0,0.0,-0.001057030526075575,89346.51439745184
2012-11-08,-0.0037676167896844694,0.0,0.0,-0.0037676167896844694,89009.8909697082
2012-11-09,-0.0005477406620113868,0.0,0.0,-0.0005477406620113868,88961.1366331029
2012-11-12,0.0011184185908730939,0.0,0.0,0.0011184185908730939,89060.63242217855
2012-11-13,-0.0008430710924512308,0.0,0.0,-0.0008430710924512308,88985.547977508
2012-11-14,-0.005848155707081993,0.0,0.0,-0.005848155707081993,88465.14663725552
2012-11-15,0.000629751581871718,0.0,0.0,0.000629751581871718,88520.85770329084
2012-11-16,0.0012249505533338814,0.0,0.0,0.0012249505533338814,88629.29137691608
2012-11-19,0.0031926521794061868,0.0,0.0,0.0031926521794061868,88912.25387718981
2012-11-20,-6.658042915975721e-05,0.0,0.0,-6.658042915975721e-05,88906.3340611691
2012-11-21,-0.000629340131954581,0.0,0.0,-0.000629340131954581,88850.38173715945
2012-11-23,0.0032510778565913675,0.0,0.0,0.0032510778565913675,89139.2412457748
2012-11-26,0.0008523909743294867,0.0,0.0,0.0008523909743294867,89215.22273047127
2012-11-27,-0.0008409283281401113,0.0,0.0,-0.0008409283281401113,89140.1991223759
2012-11-28,0.0033464561964497543,0.0,0.0,0.0033464561964497543,89438.50289408174
2012-11-29,0.0015953062989100264,0.0,0.0,0.0015953062989100264,89581.18470111374
2012-11-30,0.0005187371107380545,0.0,0.0,0.0005187371107380545,89627.6537860421
2012-12-03,-0.0004614131839977498,0.0,0.0,-0.0004614131839977498,89586.29840493442
2012-12-04,0.0018599531850257752,0.4,0.0002,0.0016599531850257751,89735.00746630639
2012-12-05,0.0011713659659435827,0.0,0.0,0.0011713659659435827,89840.1200000061
2012-12-06,0.0008023978827805926,0.0,0.0,0.0008023978827805926,89912.20752208287
2012-12-07,-0.0011243278524210479,0.0,0.0,-0.0011243278524210479,89811.11672289313
2012-12-10,0.0008211584300920618,0.0,0.0,0.0008211584300920618,89884.86587850613
2012-12-11,0.00096474638106957,0.0,0.0,0.00096474638106957,89971.58197757535
2012-12-12,-0.0009098033476235168,0.0,0.0,-0.0009098033476235168,89889.72553110115
2012-12-13,-0.0025513071390662503,0.0,0.0,-0.0025513071390662503,89660.38923262496
2012-12-14,0.002727658262201738,0.0,0.0,0.002727658262201738,89904.95213410755
2012-12-17,-0.00024258381369554063,0.0,0.0,-0.00024258381369554063,89883.14264794874
2012-12-18,0.0042374459184927,0.0,0.0,0.0042374459184927,90264.01760390357
2012-12-19,0.0009405817762550119,0.0,0.0,0.0009405817762550119,90348.91829391339
2012-12-20,0.004173524407402596,0.0,0.0,0.004173524407402596,90725.99170959546
2012-12-21,-0.0023610209998708555,0.0,0.0,-0.0023610209998708555,90511.78573793499
2012-12-24,-0.001504973225767792,0.0,0.0,-0.001504973225767792,90375.56792378296
2012-12-26,0.0010184761207723493,0.0,0.0,0.0010184761207723493,90467.61328161457
2012-12-27,0.0018845850623687042,0.0,0.0,0.0018845850623687042,90638.10719423325
2012-12-28,-0.0013999553816742005,0.0,0.0,-0.0013999553816742005,90511.21788828193
2012-12-31,0.0024664907548565653,0.0,0.0,0.0024664907548565653,90734.46297041418
2013-01-02,0.005361708347043593,0.0,0.0,0.005361708347043593,91220.95469788718
2013-01-03,-0.007143035266040954,0.2,0.0001,-0.007243035266040954,90560.23810600846
2013-01-04,0.0010939083460010158,0.0,0.0,0.0010939083460010158,90659.30270628846
2013-01-07,-0.0011049250174055896,0.0,0.0,-0.0011049250174055896,90559.13097466774
2013-01-08,-0.00011736351690964084,0.0,0.0,-0.00011736351690964084,90548.50263656829
2013-01-09,0.0009006700428824232,0.0,0.0,0.0009006700428824232,90630.0569603209
2013-01-10,0.004825611958873589,0.0,0.0,0.004825611958873589,91067.40244702203
2013-01-11,5.456176199170058e-06,0.0,0.0,5.456176199170058e-06,91067.89932681576
2013-01-14,0.0013402440668707659,0.0,0.0,0.0013402440668707659,91189.95253857093
2013-01-15,0.0005065347196502867,0.0,0.0,0.0005065347196502867,91236.14341561496
2013-01-16,-0.000293510725510926,0.0,0.0,-0.000293510725510926,91209.36462896822
2013-01-17,0.0017528507033490737,0.0,0.0,0.0017528507033490737,91369.24102791013
2013-01-18,0.0019529222226061908,0.0,0.0,0.0019529222226061908,91547.6780491762
2013-01-22,0.0019572926811287196,0.0,0.0,0.0019572926811287196,91726.86364939618
2013-01-23,-0.0006611063539591511,0.0,0.0,-0.0006611063539591511,91666.22243700882
2013-01-24,-0.001472965530374848,0.0,0.0,-0.001472965530374848,91531.20125105944
2013-01-25,-0.001080002025240734,0.0,0.0,-0.001080002025240734,91432.34736833557
2013-01-28,-0.0020122711885580905,0.0,0.0,-0.0020122711885580905,91248.36069002404
2013-01-29,0.002836096159448676,0.0,0.0,0.002836096159448676,91507.14981533302
2013-01-30,0.00013169926025832204,0.0,0.0,0.00013169926025832204,91519.20123927204
2013-01-31,-0.0009160981419651384,0.0,0.0,-0.0009160981419651384,91435.3606690626
2013-02-01,0.001803786613404845,0.0,0.0,0.001803786613404845,91600.2905486293
2013-02-04,-0.006048658617689484,0.4,0.0002,-0.006248658617689484,91027.91160370974
2013-02-05,0.0021389770381299964,0.0,0.0,0.0021389770381299964,91222.618216459
2013-02-06,-0.0006907605778078917,0.0,0.0,-0.0006907605778078917,91159.60522799064
2013-02-07,-0.0025564069631666794,0.0,0.0,-0.0025564069631666794,90926.56417842627
2013-02-08,0.003265650096925566,0.0,0.0,0.003265650096925566,91223.49852154865
2013-02-11,0.0006162657225599722,0.0,0.0,0.0006162657225599722,91279.71643677948
2013-02-12,0.0020165309131134237,0.0,0.0,0.0020165309131134237,91463.78480671448
2013-02-13,0.0015116624072764374,0.0,0.0,0.0015116624072764374,91602.047171834
2013-02-14,-0.0010919896044906065,0.0,0.0,-0.0010919896044906065,91502.0186885723
2013-02-15,0.0005846452617825347,0.0,0.0,0.0005846452617825347,91555.51491024211
2013-02-19,0.0030841492905244634,0.0,0.0,0.0030841492905244634,91837.88578659613
2013-02-20,-0.00303103334646857,0.0,0.0,-0.00303103334646857,91559.52209230779
2013-02-21,-0.0067943982489447885,0.0,0.0,-0.0067943982489447885,90937.43023572958
2013-02-22,0.0037067888612285277,0.0,0.0,0.0037067888612285277,91274.51608919613
2013-02-25,-0.009908951939488287,0.0,0.0,-0.009908951939488287,90370.08129596824
2013-02-26,0.0015191087707344566,0.0,0.0,0.0015191087707344566,90507.36327907693
2013-02-27,0.005405143278730118,0.0,0.0,0.005405143278730118,90996.56854538042
2013-02-28,-0.000838773681997429,0.0,0.0,-0.000838773681997429,90920.24301853248
2013-03-01,-2.6050872338123567e-05,0.0,0.0,-2.6050872338123567e-05,90917.87446688865
2013-03-04,0.0022403879751040747,0.8,0.0004,0.0018403879751040747,91085.19862977954
2013-03-05,-0.00020899473296109882,0.0,0.0,-0.00020899473296109882,91066.1623030152
2013-03-06,-0.0015107644990420275,0.0,0.0,-0.0015107644990420275,90928.58277794381
2013-03-07,-0.002517404116084021,0.0,0.0,-0.002517404116084021,90699.67878938893
2013-03-08,-0.0015043506148468392,0.0,0.0,-0.0015043506148468392,90563.23467183569
2013-03-11,0.0010444316652335585,0.0,0.0,0.0010444316652335585,90657.82178183294
2013-03-12,0.00018958859914117708,0.0,0.0,0.00018958859914117708,90675.00947126574
2013-03-13,0.0020106566408111593,0.0,0.0,0.0020106566408111593,90857.32578121476
2013-03-14,0.0003429714505695735,0.0,0.0,0.0003429714505695735,90888.48725003282
2013-03-15,0.0012803053320508018,0.0,0.0,0.0012803053320508018,91004.85226488106
2013-03-18,0.0005599004068539306,0.0,0.0,0.0005599004068539306,91055.80591868986
2013-03-19,0.001436088814791292,0.0,0.0,0.001436088814791292,91186.57014309149
2013-03-20,-0.001207723666266092,0.0,0.0,-0.001207723666266092,91076.44196428405
2013-03-21,0.0001564827288033421,0.0,0.0,0.0001564827288033421,91090.69385445233
2013-03-22,0.001578921824732704,0.0,0.0,0.001578921824732704,91234.51893900917
2013-03-25,-0.0007343590470793027,0.0,0.0,-0.0007343590470793027,91167.52004462038
2013-03-26,0.0005228839458527035,0.0,0.0,0.0005228839458527035,91215.1900772349
2013-03-27,0.0004250764502184535,0.0,0.0,0.0004250764502184535,91253.96350643894
2013-03-28,0.0014276665183053149,0.0,0.0,0.0014276665183053149,91384.24373479975
2013-04-01,1.6808674861024098e-05,0.0,0.0,1.6808674861024098e-05,91385.77978284011
2013-04-02,0.0033596573691959007,0.0,0.0,0.0033596573691959007,91692.80469132724
2013-04-03,0.0036287369986339963,0.0,0.0,0.0036287369986339963,92025.53376421917
2013-04-04,0.005605619951644459,0.0,0.0,0.005605619951644459,92541.39393234863
2013-04-05,0.0007361958607697837,0.0,0.0,0.0007361958607697837,92609.52252351148
2013-04-08,0.0010984095970027587,0.0,0.0,0.0010984095970027587,92711.24571182515
2013-04-09,-0.002233677017080493,0.0,0.0,-0.002233677017080493,92504.15873305374
2013-04-10,0.002325916756188418,0.0,0.0,0.002325916756188418,92719.31570586807
2013-04-11,0.0019150374536530458,0.0,0.0,0.0019150374536530458,92896.87666812187
2013-04-12,0.009622498219532505,0.0,0.0,0.009622498219532505,93790.776698461
2013-04-15,0.009285960027557483,0.0,0.0,0.009285960027557483,94661.71410183648
2013-04-16,-0.001781922207889264,0.0,0.0,-0.001781922207889264,94493.03429124155
2013-04-17,0.00046303083264968023,0.0,0.0,0.00046303083264968023,94536.78747958901
2013-04-18,-0.002871133707674323,0.0,0.0,-0.002871133707674323,94265.35972244112
2013-04-19,0.001171294258609068,0.0,0.0,0.001171294258609068,94375.77219706975
2013-04-22,-0.0017367843709360288,0.0,0.0,-0.0017367843709360288,94211.86183092285
2013-04-23,0.003956907859684789,0.0,0.0,0.003956907859684789,94584.64948747717
2013-04-24,-0.0013358652205455624,0.0,0.0,-0.0013358652205455624,94458.29714382936
2013-04-25,-0.004790912877453058,0.0,0.0,-0.004790912877453058,94005.7556716607
2013-04-26,0.0028603398328686416,0.0,0.0,0.0028603398328686416,94274.64407912726
2013-04-29,-0.0014068524246335866,0.0,0.0,-0.0014068524246335866,94142.01356752308
2013-04-30,-9.31197666621641e-05,0.0,0.0,-9.31197666621641e-05,94133.24708518658
2013-05-01,0.003475556968401794,0.0,0.0,0.003475556968401794,94460.41254805177
2013-05-02,0.0013816769225808542,0.2,0.0001,0.0012816769225808542,94581.48027891207
2013-05-03,-0.00189883547181392,0.0,0.0,-0.00189883547181392,94401.8856091818
2013-05-06,0.00045491512942283927,0.0,0.0,0.00045491512942283927,94444.83045519146
2013-05-07,0.0029145454444787226,0.0,0.0,0.0029145454444787226,94720.0942055492
2013-05-08,0.0003227196809765466,0.0,0.0,0.0003227196809765466,94750.66224413329
2013-05-09,-0.0009768906923942502,0.0,0.0,-0.0009768906923942502,94658.1012040888
2013-05-10,-0.0002822116474967332,0.0,0.0,-0.0002822116474967332,94631.38758539909
2013-05-13,-0.00014377353540591137,0.0,0.0,-0.00014377353540591137,94617.78209624556
2013-05-14,0.0014884854670832006,0.0,0.0,0.0014884854670832006,94758.61928982346
2013-05-15,0.006065908753142701,0.0,0.0,0.006065908753142701,95333.41642800932
2013-05-16,0.00043331195964688705,0.0,0.0,0.00043331195964688705,95374.72553750158
2013-05-17,0.0027834963410094285,0.0,0.0,0.0027834963410094285,95640.20073705999
2013-05-20,-0.0036264580732798704,0.0,0.0,-0.0036264580732798704,95293.36555896697
2013-05-21,0.004403316258365075,0.0,0.0,0.004403316258365075,95712.97238484709
2013-05-22,-0.006748873152429147,0.0,0.0,-0.006748873152429147,95067.0176751798
2013-05-23,-0.006802022213924098,0.0,0.0,-0.006802022213924098,94420.3697091417
2013-05-24,-0.0010881469381848307,0.0,0.0,-0.0010881469381848307,94317.62647294042
2013-05-28,-0.004138772340631903,0.0,0.0,-0.004138772340631903,93927.26728926017
2013-05-29,-0.004610256938355572,0.0,0.0,-0.004610256938355572,93494.23845353907
2013-05-30,-0.0023309991161697854,0.0,0.0,-0.0023309991161697854,93276.3034663369
2013-05-31,-0.004155326594947495,0.0,0.0,-0.004155326594947495,92888.70996186485
2013-06-03,-0.0004883309512975114,0.0,0.0,-0.0004883309512975114,92843.34952976437
2013-06-04,-0.0006641272957580437,0.8,0.0004,-0.0010641272957580437,92744.55238730015
2013-06-05,-0.008753588996075078,0.0,0.0,-0.008753588996075078,91932.70469407678
2013-06-06,0.00520731205415369,0.0,0.0,0.00520731205415369,92411.42697540118
2013-06-07,0.0067612859116329095,0.0,0.0,0.0067612859116329095,93036.24705468384
2013-06-10,-0.0026183706599011702,0.0,0.0,-0.0026183706599011702,92792.64367508853
2013-06-11,-0.006766521354940081,0.0,0.0,-0.006766521354940081,92164.7602700797
2013-06-12,-0.002047239494466091,0.0,0.0,-0.002047239494466091,91976.0769328568
2013-06-13,0.007869403173651946,0.0,0.0,0.007869403173651946,92699.87376457227
2013-06-14,-0.0028938419724124703,0.0,0.0,-0.0028938419724124703,92431.61497903502
2013-06-17,0.004931874957673422,0.0,0.0,0.004931874957673422,92887.47614624743
2013-06-18,0.003570542183498105,0.0,0.0,0.003570542183498105,93219.13479814629
2013-06-19,-0.008014745155939862,0.0,0.0,-0.008014745155939862,92472.00718908194
2013-06-20,-0.012554859107671623,0.0,0.0,-0.012554859107671623,91311.03416741942
2013-06-21,0.002897622081633489,0.0,0.0,0.002897622081633489,91575.61903631971
2013-06-24,-0.00576592259307507,0.0,0.0,-0.00576592259307507,91047.60110554336
2013-06-25,0.007656722932109072,0.0,0.0,0.007656722932109072,91744.7273608417
2013-06-26,0.007576370913503639,0.0,0.0,0.007576370913503639,92439.81944468571
2013-06-27,0.006932960487533957,0.0,0.0,0.006932960487533957,93080.70106037048
2013-06-28,-0.004747759244392669,0.0,0.0,-0.004747759244392669,92638.77630143656
2013-07-01,0.000803379077552002,0.0,0.0,0.000803379077552002,92713.20035608715
2013-07-02,0.00011215421729459112,0.0,0.0,0.00011215421729459112,92723.59853250597
2013-07-03,-0.0005723267819973787,0.0,0.0,-0.0005723267819973787,92670.53033374264
2013-07-05,0.004754231214734538,0.0,0.0,0.004754231214734538,93111.10746174133
2013-07-08,0.0002605491323414145,0.0,0.0,0.0002605491323414145,93135.36748000183
2013-07-09,0.0031200422324745734,0.0,0.0,0.0031200422324745734,93425.95375987649
2013-07-10,0.0009556310649972754,0.0,0.0,0.0009556310649972754,93515.23450356642
2013-07-11,0.00963952345019078,0.0,0.0,0.00963952345019078,94416.67679951362
2013-07-12,-0.0021731683963915668,0.0,0.0,-0.0021731683963915668,94211.49346140059
2013-07-15,0.0018503598201848439,0.0,0.0,0.0018503598201848439,94385.81862350118
2013-07-16,-0.00024871698146832204,0.0,0.0,-0.00024871698146832204,94362.34326759972
2013-07-17,0.00253903833511242,0.0,0.0,0.00253903833511242,94601.9328745472
2013-07-18,0.002020568071861695,0.0,0.0,0.002020568071861695,94793.08251964992
2013-07-19,-0.0023754342463811473,0.0,0.0,-0.0023754342463811473,94567.90778511271
2013-07-22,-0.00046914236876142176,0.0,0.0,-0.00046914236876142176,94523.5419728456
2013-07-23,0.0011474922132149402,0.0,0.0,0.0011474922132149402,94632.00700122492
2013-07-24,-0.0014527144876427703,0.0,0.0,-0.0014527144876427703,94494.53371365953
2013-07-25,0.0005669641137668214,0.0,0.0,0.0005669641137668214,94548.1087232223
2013-07-26,-0.0018634441342817777,0.0,0.0,-0.0018634441342817777,94371.9236046146
2013-07-29,-0.0022885169183621606,0.0,0.0,-0.0022885169183621606,94155.95186082704
2013-07-30,-0.0007515039262454005,0.0,0.0,-0.0007515039262454005,94085.19329332425
2013-07-31,-0.0012425408406379736,0.0,0.0,-0.0012425408406379736,93968.28859815797
2013-08-01,0.006384114677859053,0.0,0.0,0.006384114677859053,94568.19292865078
2013-08-02,-0.0008564793983794061,0.4,0.0002,-0.0010564793983794062,94468.2835810797
2013-08-05,0.0015622603067785956,0.0,0.0,0.0015622603067785956,94615.86763076794
2013-08-06,-0.000253002788745338,0.0,0.0,-0.000253002788745338,94591.92955239779
2013-08-07,-0.0025064439913062286,0.0,0.0,-0.0025064439913062286,94354.84017894512
2013-08-08,0.0002231179605385764,0.0,0.0,0.0002231179605385764,94375.89243845279
2013-08-09,-5.227323901259024e-05,0.0,0.0,-5.227323901259024e-05,94370.95910487033
2013-08-12,-0.002504986906302265,0.0,0.0,-0.002504986906302265,94134.56108797745
2013-08-13,0.0038482574533803436,0.0,0.0,0.0038482574533803436,94496.81511430493
2013-08-14,-0.002347633475626987,0.0,0.0,-0.002347633475626987,94274.97122780247
2013-08-15,-0.004960704863630372,0.0,0.0,-0.004960704863630372,93807.30091951408
2013-08-16,-0.00312691066712526,0.0,0.0,-0.00312691066712526,93513.97386961464
2013-08-19,-0.002120557727780026,0.0,0.0,-0.002120557727780026,93315.67208967
2013-08-20,0.0008327163032272322,0.0,0.0,0.0008327163032272322,93393.37757116568
2013-08-21,-0.0021415710561746514,0.0,0.0,-0.0021415710561746514,93193.36901692089
2013-08-22,0.0018486589012712937,0.0,0.0,0.0018486589012712937,93365.65176809348
2013-08-23,-0.0010828641211646508,0.0,0.0,-0.0010828641211646508,93264.54945364466
2013-08-26,-0.004353634779814076,0.0,0.0,-0.004353634779814076,92858.50966741958
2013-08-27,-0.009968011939489485,0.0,0.0,-0.009968011939489485,91932.89493437155
2013-08-28,0.0005100004555219414,0.0,0.0,0.0005100004555219414,91979.78075266552
2013-08-29,0.000921662021490166,0.0,0.0,0.000921662021490166,92064.55502333025
2013-08-30,-0.00024301064431461196,0.0,0.0,-0.00024301064431461196,92042.1823564955
2013-09-03,0.002336241168865983,0.0,0.0,0.002336241168865983,92257.215092189
2013-09-04,0.0025098678678808994,0.4,0.0002,0.0023098678678808993,92470.31706891063
2013-09-05,0.004275814695624891,0.0,0.0,0.004275814695624891,92865.703009543
2013-09-06,-0.005141289960393858,0.0,0.0,-0.005141289960393858,92388.25350299511
2013-09-09,-0.0015771250556223084,0.0,0.0,-0.0015771250556223084,92242.54567355035
2013-09-10,0.005316892854015165,0.0,0.0,0.005316892854015165,92732.98940547823
2013-09-11,-0.0018323987346764328,0.0,0.0,-0.0018323987346764328,92563.06559302888
2013-09-12,0.003730207225780402,0.0,0.0,0.003730207225780402,92908.34500914437
2013-09-13,-0.0005476661044525932,0.0,0.0,-0.0005476661044525932,92857.46225776208
2013-09-16,0.0021275518257275697,0.0,0.0,0.0021275518257275697,93055.021321121
2013-09-17,0.0006703268817038422,0.0,0.0,0.0006703268817038422,93117.39860339007
2013-09-18,-0.013083401508226268,0.0,0.0,-0.013083401508226268,91899.10629006037
2013-09-19,0.0019835731042566977,0.0,0.0,0.0019835731042566977,92081.39488560257
2013-09-20,0.005469541218458096,0.0,0.0,0.005469541218458096,92585.03787038248
2013-09-23,-0.0008633626351122521,0.0,0.0,-0.0008633626351122521,92505.10340811474
2013-09-24,-0.0007082561125574037,0.0,0.0,-0.0007082561125574037,92439.58610318319
2013-09-25,-0.0012536824539032708,0.0,0.0,-0.0012536824539032708,92323.69621603955
2013-09-26,0.0007132446413155916,0.0,0.0,0.0007132446413155916,92389.5455976321
2013-09-27,0.00041731582358820477,0.0,0.0,0.00041731582358820477,92428.10121694411
2013-09-30,0.0022403730736839434,0.0,0.0,0.0022403730736839434,92635.17464616228
2013-10-01,0.0020658521721548806,0.0,0.0,0.0020658521721548806,92826.54522292301
2013-10-02,-0.0027999813517063377,0.4,0.0002,-0.0029999813517063378,92548.06731831092
2013-10-03,-0.00357832239181205,0.0,0.0,-0.00357832239181205,92216.90049670688
2013-10-04,0.002278446254643418,0.0,0.0,0.002278446254643418,92427.01174825843
2013-10-07,-0.004264773277819845,0.0,0.0,-0.004264773277819845,92032.8314984057
2013-10-08,-0.004151048041634353,0.0,0.0,-0.004151048041634353,91650.79879344818
2013-10-09,0.003732330574430898,0.0,0.0,0.003732330574430898,91992.86987195599
2013-10-10,0.008769694198099021,0.0,0.0,0.008769694198099021,92799.61920913856
2013-10-11,0.004426776011972356,0.0,0.0,0.004426776011972356,93210.42233737373
2013-10-14,0.0028678338240771817,0.0,0.0,0.0028678338240771817,93477.73433930936
2013-10-15,-0.003277101038038988,0.0,0.0,-0.003277101038038988,93171.39835907248
2013-10-16,0.0017706947129172536,0.0,0.0,0.0017706947129172536,93336.376461542
2013-10-17,0.0004182281306373771,0.0,0.0,0.0004182281306373771,93375.41235978996
2013-10-18,0.0007786994729008678,0.0,0.0,0.0007786994729008678,93448.12374417644
2013-10-21,7.362920486172467e-05,0.0,0.0,7.362920486172467e-05,93455.00425522354
2013-10-22,-0.00013528610765155573,0.0,0.0,-0.00013528610765155573,93442.3610914573
2013-10-23,-0.0021560634769770665,0.0,0.0,-0.0021560634769770665,93240.8934295055
2013-10-24,0.0006444414087629634,0.0,0.0,0.0006444414087629634,93300.98172222154
2013-10-25,0.0005417612384340576,0.0,0.0,0.0005417612384340576,93351.52857762646
2013-10-28,-0.00044698618424738885,0.0,0.0,-0.00044698618424738885,93309.80173407389
2013-10-29,0.0006785316002245189,0.0,0.0,0.0006785316002245189,93373.11538316113
2013-10-30,-0.0015575229446328387,0.0,0.0,-0.0015575229446328387,93227.68461354001
2013-10-31,-0.0008321068603563073,0.0,0.0,-0.0008321068603563073,93150.10921759796
2013-11-01,0.003534401745690508,0.0,0.0,0.003534401745690508,93479.33912622789
2013-11-04,0.0021414350438995087,0.0,0.0,0.0021414350438995087,93679.51905891336
2013-11-05,-0.0025157214866928677,0.0,0.0,-0.0025157214866928677,93443.8474799538
2013-11-06,0.0008184281346013788,0.0,0.0,0.0008184281346013788,93520.32455373679
2013-11-07,-0.00613950994216297,0.0,0.0,-0.00613950994216297,92946.15559134481
2013-11-08,0.005213654669840995,0.0,0.0,0.005213654669840995,93430.74474948739
2013-11-11,0.0005887068129446505,0.0,0.0,0.0005887068129446505,93485.7480654599
2013-11-12,-0.00020302701965685405,0.0,0.0,-0.00020302701965685405,93466.76793264977
2013-11-13,0.00039695844381361096,0.0,0.0,0.00039695844381361096,93503.87035539662
2013-11-14,4.2606694916247204e-05,0.0,0.0,4.2606694916247204e-05,93507.85424627432
2013-11-15,0.003697802512260762,0.0,0.0,0.003697802512260762,93853.62782462231
2013-11-18,0.0004761247672129265,0.0,0.0,0.0004761247672129265,93898.3138613224
2013-11-19,-0.00014007255315429134,0.0,0.0,-0.00014007255315429134,93885.16128476296
2013-11-20,0.0008493952671371544,0.0,0.0,0.0008493952671371544,93964.90689641265
2013-11-21,0.0005413063263419506,0.0,0.0,0.0005413063263419506,94015.77069496982
2013-11-22,-0.0003396232445270986,0.0,0.0,-0.0003396232445270986,93983.84075388967
2013-11-25,-0.0031683148533855907,0.0,0.0,-0.0031683148533855907,93686.0703552509
2013-11-26,0.00011604691340595387,0.0,0.0,0.00011604691340595387,93696.94233454476
2013-11-27,0.0025311097982613886,0.0,0.0,0.0025311097982613886,93934.09958335487
2013-11-29,-0.0005646832022955794,0.0,0.0,-0.0005646832022955794,93881.05657519739
2013-12-02,0.0003803246095663631,0.0,0.0,0.0003803246095663631,93916.76185138502
2013-12-03,-0.0030599672376716465,0.0,0.0,-0.0030599672376716465,93629.37963705156
2013-12-04,-0.00041021209960396843,0.0,0.0,-0.00041021209960396843,93590.97173264604
2013-12-05,0.0015197125830444527,0.0,0.0,0.0015197125830444527,93733.20311004749
2013-12-06,0.003950864111285601,0.0,0.0,0.003950864111285601,94103.53025825082
2013-12-09,-0.00027101930193407236,0.0,0.0,-0.00027101930193407236,94078.02638517068
2013-12-10,-0.0040617061936239155,0.0,0.0,-0.0040617061936239155,93695.90908271814
2013-12-11,-0.004302296653282278,0.0,0.0,-0.004302296653282278,93292.80148664532
2013-12-12,0.0013199452042692134,0.0,0.0,0.0013199452042692134,93415.94287256044
2013-12-13,-0.0010636383973649966,0.0,0.0,-0.0010636383973649966,93316.58208879513
2013-12-16,0.002291974044078604,0.0,0.0,0.002291974044078604,93530.46127282477
2013-12-17,-0.0008838521969332326,0.0,0.0,-0.0008838521969332326,93447.79416914862
2013-12-18,0.008184576794293451,0.0,0.0,0.008184576794293451,94212.62481678333
2013-12-19,-0.0007655759814585213,0.0,0.0,-0.0007655759814585213,94140.49789407344
2013-12-20,-0.002361080954690065,0.0,0.0,-0.002361080954690065,93918.2245574307
2013-12-23,0.004048600724165541,0.0,0.0,0.004048600724165541,94298.46194938626
2013-12-24,0.0014485311641468269,0.0,0.0,0.0014485311641468269,94435.05621025106
2013-12-26,0.00016209112535218155,0.0,0.0,0.00016209112535218155,94450.36329478487
2013-12-27,0.0022929506711509727,0.0,0.0,0.0022929506711509727,94666.9333186921
2013-12-30,0.0021345703249824547,0.0,0.0,0.0021345703249824547,94869.00654531126
2013-12-31,0.0018016149166806379,0.0,0.0,0.0018016149166806379,95039.92396263397
2014-01-02,-0.008239145417962045,0.0,0.0,-0.008239145417962045,94256.87620859378
2014-01-03,-0.00014310199105205268,0.2,0.0001,-0.00024310199105205267,94233.96217431712
2014-01-06,0.0001046289307282344,0.0,0.0,0.0001046289307282344,94243.82177301771
2014-01-07,0.001228727076662517,0.0,0.0,0.001228727076662517,94359.62170863837
2014-01-08,0.002378189859465696,0.0,0.0,0.002378189859465696,94584.02680412887
2014-01-09,5.127732176772862e-05,0.0,0.0,5.127732176772862e-05,94588.87681970539
2014-01-10,-0.0035399410072965995,0.0,0.0,-0.0035399410072965995,94254.0377758172
2014-01-13,-0.0030103944211298805,0.0,0.0,-0.0030103944211298805,93970.2959463279
2014-01-14,0.0034176174822665223,0.0,0.0,0.0034176174822665223,94291.45047256781
2014-01-15,0.0013561907255104754,0.0,0.0,0.0013561907255104754,94419.32766319365
2014-01-16,-0.0004880699241597065,0.0,0.0,-0.0004880699241597065,94373.24442910186
2014-01-17,-0.003015523663728315,0.0,0.0,-0.003015523663728315,94088.65967730308
2014-01-21,0.0029589221048707537,0.0,0.0,0.0029589221048707537,94367.0606922399
2014-01-22,-0.0002614757157683222,0.0,0.0,-0.0002614757157683222,94342.38599750045
2014-01-23,-0.002835152224238513,0.0,0.0,-0.002835152224238513,94074.91097199966
2014-01-24,-0.0050778562548370095,0.0,0.0,-0.0050778562548370095,93597.21209689726
2014-01-27,0.0016271470545134673,0.0,0.0,0.0016271470545134673,93749.5085248714
2014-01-28,0.0002714063823224145,0.0,0.0,0.0002714063823224145,93774.95273982464
2014-01-29,-0.0038604449682288385,0.0,0.0,-0.0038604449682288385,93412.9396953743
2014-01-30,0.00445316266032394,0.0,0.0,0.00445316266032394,93828.92271041682
2014-01-31,-0.0036916835019116037,0.0,0.0,-0.0036916835019116037,93482.53602444463
2014-02-03,-0.006166085540578271,0.0,0.0,-0.006166085540578271,92906.11471076772
2014-02-04,0.001526170831540352,0.4,0.0002,0.001326170831540352,93029.32409016888
2014-02-05,0.0006242783487205197,0.0,0.0,0.0006242783487205197,93087.40028299448
2014-02-06,0.0017556301593275039,0.0,0.0,0.0017556301593275039,93250.8273303847
2014-02-07,0.0004540249667437713,0.0,0.0,0.0004540249667437713,93293.16553416221
2014-02-10,0.001454223881189365,0.0,0.0,0.001454223881189365,93428.83468343374
2014-02-11,3.722000859622857e-05,0.0,0.0,3.722000859622857e-05,93432.3121054638
2014-02-12,0.0005395896120742873,0.0,0.0,0.0005395896120742873,93482.727210508
2014-02-13,-0.0014837512311308035,0.0,0.0,-0.0014837512311308035,93344.02209891994
2014-02-14,-0.001562073091036109,0.0,0.0,-0.001562073091036109,93198.21191379015
2014-02-18,0.00031756154840041325,0.0,0.0,0.00031756154840041325,93227.80808227364
2014-02-19,0.0007011830254829764,0.0,0.0,0.0007011830254829764,93293.17783880392
2014-02-20,-0.0005197476277342016,0.0,0.0,-0.0005197476277342016,93244.68893093841
2014-02-21,-0.0007274793352698874,0.0,0.0,-0.0007274793352698874,93176.85534661749
2014-02-24,0.0004958909407165593,0.0,0.0,0.0004958909407165593,93223.06090506834
2014-02-25,0.000491889786207711,0.0,0.0,0.000491889786207711,93268.91637656656
2014-02-26,0.000806866680367746,0.0,0.0,0.000806866680367746,93344.17195750482
2014-02-27,-0.0017426393376613336,0.0,0.0,-0.0017426393376613336,93181.50673151025
2014-02-28,0.001476465919283798,0.0,0.0,0.001476465919283798,93319.08605050684
2014-03-03,-0.00498796355197907,0.0,0.0,-0.00498796355197907,92853.61385058291
2014-03-04,0.006382806411651321,0.2,0.0001,0.006282806411651321,93436.99513102835
2014-03-05,0.00014369325827043867,0.0,0.0,0.00014369325827043867,93450.42139730172
2014-03-06,-0.0012225858055750498,0.0,0.0,-0.0012225858055750498,93336.17023857636
2014-03-07,0.0015803431634723198,0.0,0.0,0.0015803431634723198,93483.67341711758
2014-03-10,-0.0001635414478592833,0.0,0.0,-0.0001635414478592833,93468.38496181574
2014-03-11,-0.000404908024801154,0.0,0.0,-0.000404908024801154,93430.53886267949
2014-03-12,-0.0019055018412135086,0.0,0.0,-0.0019055018412135086,93252.50679885109
2014-03-13,-0.0031614003591942555,0.0,0.0,-0.0031614003591942555,92957.69829036144
2014-03-14,-0.0019082621636231979,0.0,0.0,-0.0019082621636231979,92780.31063189644
2014-03-17,0.004474994666353338,0.0,0.0,0.004474994666353338,93195.50202711679
2014-03-18,0.0001691814780119484,0.0,0.0,0.0001691814780119484,93211.26897989381
2014-03-19,0.0006941456384253592,0.0,0.0,0.0006941456384253592,93275.9711757083
2014-03-20,0.0005468940460000792,0.0,0.0,0.0005468940460000792,93326.98324897917
2014-03-21,-0.0016277483112092758,0.0,0.0,-0.0016277483112092758,93175.07040960538
2014-03-24,-0.00024335000356454653,0.0,0.0,-0.00024335000356454653,93152.39625588908
2014-03-25,0.0009115170703536291,0.0,0.0,0.0009115170703536291,93237.30625522067
2014-03-26,-0.0020415865521721255,0.0,0.0,-0.0020415865521721255,93046.95422460926
2014-03-27,-0.0014674498320533915,0.0,0.0,-0.0014674498320533915,92910.41248725928
2014-03-28,0.0018833012392170168,0.0,0.0,0.0018833012392170168,93085.39078223269
2014-03-31,0.002668628679297347,0.0,0.0,0.002668628679297347,93333.80112569776
2014-04-01,0.0028014176661214753,0.0,0.0,0.0028014176661214753,93595.26808501757
2014-04-02,0.000968132491296769,0.2,0.0001,0.000868132491296769,93676.5211782738
2014-04-03,-0.002100205969917368,0.0,0.0,-0.002100205969917368,93479.78118925409
2014-04-04,-0.004008224262750028,0.0,0.0,-0.004008224262750028,93105.09326221477
2014-04-07,-0.00042875994810772635,0.0,0.0,-0.00042875994810772635,93065.17352725909
2014-04-08,0.0005688550400010485,0.0,0.0,0.0005688550400010485,93118.11412026866
2014-04-09,0.0034051852136817943,0.0,0.0,0.0034051852136817943,93435.19854559693
2014-04-10,-0.007634136872682229,0.0,0.0,-0.007634136872682229,92721.9014511736
2014-04-11,-0.0025842090205938084,0.0,0.0,-0.0025842090205938084,92482.28867703688
2014-04-14,0.00030744977391763403,0.0,0.0,0.00030744977391763403,92510.72233578202
2014-04-15,0.001091139466600233,0.0,0.0,0.001091139466600233,92611.6644360063
2014-04-16,0.0039400913284113,0.0,0.0,0.0039400913284113,92976.56285196035
2014-04-17,0.0024825831743746527,0.0,0.0,0.0024825831743746527,93207.38490250781
2014-04-21,0.0013251787191765007,0.0,0.0,0.0013251787191765007,93330.90134545071
2014-04-22,0.0010819144177141805,0.0,0.0,0.0010819144177141805,93431.87739323461
2014-04-23,-0.002105320091854446,0.0,0.0,-0.002105320091854446,93235.17338453895
2014-04-24,-0.0005511283262591206,0.0,0.0,-0.0005511283262591206,93183.78883948305
2014-04-25,-0.00363173396997043,0.0,0.0,-0.00363173396997043,92845.37010810415
2014-04-28,0.003279443434203855,0.0,0.0,0.003279443434203855,93149.8512475014
2014-04-29,0.001857816937000201,0.0,0.0,0.001857816937000201,93322.90661882806
2014-04-30,0.001780440003129036,0.0,0.0,0.001780440003129036,93489.06245498049
2014-05-01,0.0010357196154876513,0.0,0.0,0.0010357196154876513,93585.89091079865
2014-05-02,-0.0021890641748745113,0.4,0.0002,-0.0023890641748745113,93362.30821154994
2014-05-05,0.00017596953935379312,0.0,0.0,0.00017596953935379312,93378.73713391893
2014-05-06,-0.0014723606089109833,0.0,0.0,-0.0014723606089109833,93241.2499596531
2014-05-07,0.0033313267142967454,0.0,0.0,0.0033313267142967454,93551.8670265181
2014-05-08,0.00018354594268106262,0.0,0.0,0.00018354594268106262,93569.03809214105
2014-05-09,-0.0005231797669971394,0.0,0.0,-0.0005231797669971394,93520.08466459386
2014-05-12,0.00013447658997532968,0.0,0.0,0.00013447658997532968,93532.66092667377
2014-05-13,-0.0011749641358948962,0.0,0.0,-0.0011749641358948962,93422.7634045501
2014-05-14,-0.002838089805854349,0.0,0.0,-0.002838089805854349,93157.62121209691
2014-05-15,-0.0010985959338945083,0.0,0.0,-0.0010985959338945083,93055.27862822202
2014-05-16,0.0008709182926599056,0.0,0.0,0.0008709182926599056,93136.32217260789
2014-05-19,0.0003934097837623107,0.0,0.0,0.0003934097837623107,93172.96291297424
2014-05-20,-0.001210649571452793,0.0,0.0,-0.001210649571452793,93060.16310535265
2014-05-21,0.0011979798042701442,0.0,0.0,0.0011979798042701442,93171.64730133495
2014-05-22,-0.0006217854702958103,0.0,0.0,-0.0006217854702958103,93113.71452479945
2014-05-23,0.001273310841651576,0.0,0.0,0.001273310841651576,93232.27722701033
2014-05-27,0.003989373116104634,0.0,0.0,0.003989373116104634,93604.21556733298
2014-05-28,-0.002634822214008015,0.0,0.0,-0.002634822214008015,93357.58510083138
2014-05-29,0.0017129865169246419,0.0,0.0,0.0017129865169246419,93517.50538536176
2014-05-30,0.002029548867668318,0.0,0.0,0.002029548867668318,93707.30373252377
2014-06-02,0.0010823403033410786,0.0,0.0,0.0010823403033410786,93808.7269240709
2014-06-03,-0.0022195596980915107,0.6000000000000001,0.00030000000000000003,-0.0025195596980915106,93572.37023638375
2014-06-04,-0.0004948326801793689,0.0,0.0,-0.0004948326801793689,93526.06756962894
2014-06-05,0.004422514415836621,0.0,0.0,0.004422514415836621,93939.68795171213
2014-06-06,0.0021531605068258134,0.0,0.0,0.0021531605068258134,94141.9551778333
2014-06-09,-0.0013144471151147587,0.0,0.0,-0.0013144471151147587,94018.21055643854
2014-06-10,-0.0022185841879052703,0.0,0.0,-0.0022185841879052703,93809.62324112288
2014-06-11,-0.0013486475013517517,0.0,0.0,-0.0013486475013517517,93683.10712713598
2014-06-12,0.0008280753073470315,0.0,0.0,0.0008280753073470315,93760.68379486352
2014-06-13,0.00015295625461407835,0.0,0.0,0.00015295625461407835,93775.02507788684
2014-06-16,0.00040401006695403043,0.0,0.0,0.00040401006695403043,93812.91113204717
2014-06-17,-0.001113238739091449,0.0,0.0,-0.001113238739091449,93708.47496514804
2014-06-18,0.005696656567598634,0.0,0.0,0.005696656567598634,94242.2999644979
2014-06-19,-0.00329225255393869,0.0,0.0,-0.00329225255393869,93932.03051175072
2014-06-20,0.0017263200230028697,0.0,0.0,0.0017263200230028697,94094.18725682447
2014-06-23,-0.0017676010393543498,0.0,0.0,-0.0017676010393543498,93927.8662736321
2014-06-24,0.0005976532967111868,0.0,0.0,0.0005976532967111868,93984.00257256358
2014-06-25,0.001116766210764875,0.0,0.0,0.001116766210764875,94088.96073098906
2014-06-26,0.0006972936256052108,0.0,0.0,0.0006972936256052108,94154.56836354658
2014-06-27,0.001278633932788964,0.0,0.0,0.001278633932788964,94274.95758958333
2014-06-30,-0.0015604586615355022,0.0,0.0,-0.0015604586615355022,94127.84541544675
2014-07-01,0.0013963764451650706,0.0,0.0,0.0013963764451650706,94259.28332161902
2014-07-02,-0.0015901062877945351,0.2,0.0001,-0.0016901062877945352,94099.97511419414
2014-07-03,-0.0009397715891008241,0.0,0.0,-0.0009397715891008241,94011.54263104672
2014-07-07,-0.0006997202714031814,0.0,0.0,-0.0006997202714031814,93945.76084892188
2014-07-08,-8.039227221099397e-05,0.0,0.0,-8.039227221099397e-05,93938.20833574265
2014-07-09,0.0019111342992021551,0.0,0.0,0.0019111342992021551,94117.73686769868
2014-07-10,-0.0008614691790690298,0.0,0.0,-0.0008614691790690298,94036.65733818343
2014-07-11,0.0004650188335645568,0.0,0.0,0.0004650188335645568,94080.38615489117
2014-07-14,-0.0002955050090701739,0.0,0.0,-0.0002955050090701739,94052.58492952713
2014-07-15,-0.0030416915163284596,0.0,0.0,-0.0030416915163284596,93766.50597985822
2014-07-16,0.0027435573364436696,0.0,0.0,0.0027435573364436696,94023.75976525195
2014-07-17,-0.0006009848064733711,0.0,0.0,-0.0006009848064733711,93967.25291418553
2014-07-18,0.002287517900589453,0.0,0.0,0.002287517900589453,94182.20468729595
2014-07-21,0.0006280751786452931,0.0,0.0,0.0006280751786452931,94241.35819233014
2014-07-22,0.0012988944534318317,0.0,0.0,0.0012988944534318317,94363.76776977004
2014-07-23,0.0008102219429311998,0.0,0.0,0.0008102219429311998,94440.22336503476
2014-07-24,-0.00225495442424074,0.0,0.0,-0.00225495442424074,94227.26496553149
2014-07-25,0.001346225450107741,0.0,0.0,0.001346225450107741,94354.11610772213
2014-07-28,0.0007118596483639994,0.0,0.0,0.0007118596483639994,94421.28299563627
2014-07-29,-0.0019266880828250899,0.0,0.0,-0.0019266880828250899,94239.36263492353
2014-07-30,-0.004341579465283041,0.0,0.0,-0.004341579465283041,93830.21495328638
2014-07-31,-0.00928521311894559,0.0,0.0,-0.00928521311894559,92958.98141044864
2014-08-01,0.0013393000856252609,0.0,0.0,0.0013393000856252609,93083.48138221129
2014-08-04,0.002241983814342863,0.4,0.0002,0.002041983814342863,93273.55634457646
2014-08-05,-0.003988115202620412,0.0,0.0,-0.003988115202620412,92901.57065651618
2014-08-06,-0.002917042674203296,0.0,0.0,-0.002917042674203296,92630.57281041061
2014-08-07,-0.0007830563717871165,0.0,0.0,-0.0007830563717871165,92558.03785014912
2014-08-08,0.0036004494673240184,0.0,0.0,0.0036004494673240184,92891.28838822324
2014-08-11,0.0025444372754771963,0.0,0.0,0.0025444372754771963,93127.64444496535
2014-08-12,-0.0005895931258312004,0.0,0.0,-0.0005895931258312004,93072.73702597574
2014-08-13,0.004234579756004154,0.0,0.0,0.004234579756004154,93466.86095402185
2014-08-14,0.0033628843241230275,0.0,0.0,0.0033628843241230275,93781.17919554912
2014-08-15,0.0017830469010427844,0.0,0.0,0.0017830469010427844,93948.39543648987
2014-08-18,0.002976369809506352,0.0,0.0,0.002976369809506352,94228.02060431862
2014-08-19,0.0006103752716737244,0.0,0.0,0.0006103752716737244,94285.53505799426
2014-08-20,-0.0008511979104835587,0.0,0.0,-0.0008511979104835587,94205.27940756407
2014-08-21,0.002225696236454144,0.0,0.0,0.002225696236454144,94414.9517433956
2014-08-22,-0.0013311393913157054,0.0,0.0,-0.0013311393913157054,94289.2722820008
2014-08-25,0.002211318891649161,0.0,0.0,0.002211318891649161,94497.77593107783
2014-08-26,-2.862472533459164e-05,0.0,0.0,-2.862472533459164e-05,94495.07095819707
2014-08-27,0.002113886680488231,0.0,0.0,0.002113886680488231,94694.82283006738
2014-08-28,-0.001260406835346828,0.0,0.0,-0.001260406835346828,94575.46882810042
2014-08-29,0.00045542306316663793,0.0,0.0,0.00045542306316663793,94618.54067781453
2014-09-02,6.765752115959174e-05,0.0,0.0,6.765752115959174e-05,94624.94233373251
2014-09-03,0.0023277677247128146,0.0,0.0,0.0023277677247128146,94845.2072204498
2014-09-04,-0.0036307234025491626,0.0,0.0,-0.0036307234025491626,94500.8505069749
2014-09-05,0.0019266072276081462,0.0,0.0,0.0019266072276081462,94682.91652857674
2014-09-08,-0.0018355478065700264,0.0,0.0,-0.0018355478065700264,94509.12150882305
2014-09-09,-0.0024724420113938603,0.0,0.0,-0.0024724420113938603,94275.45318634472
2014-09-10,-0.001067650461759251,0.0,0.0,-0.001067650461759251,94174.79995521775
2014-09-11,-0.0005037346723811731,0.0,0.0,-0.0005037346723811731,94127.36084321575
2014-09-12,-0.004968412388640297,0.0,0.0,-0.004968412388640297,93659.6972974923
2014-09-15,-0.0012622336919576814,0.0,0.0,-0.0012622336919576814,93541.47687198484
2014-09-16,0.0021115318574793434,0.0,0.0,0.0021115318574793434,93738.9926803957
2014-09-17,-0.0014371293351691076,0.0,0.0,-0.0014371293351691076,93604.2776241655
2014-09-18,0.002199461771626865,0.0,0.0,0.002199461771626865,93810.15665446059
2014-09-19,0.0013208147914413161,0.0,0.0,0.0013208147914413161,93934.06249695724
2014-09-22,-0.0019506464320935505,0.0,0.0,-0.0019506464320935505,93750.83035309549
2014-09-23,-0.0023449201002883947,0.0,0.0,-0.0023449201002883947,93530.99214658179
2014-09-24,0.0009819368613667389,0.0,0.0,0.0009819368613667389,93622.83367545073
2014-09-25,-0.003993162962521669,0.0,0.0,-0.003993162962521669,93248.9824435716
2014-09-26,0.0023077957523458203,0.0,0.0,0.0023077957523458203,93464.18204916545
2014-09-29,-0.002677911417749734,0.0,0.0,-0.002677911417749734,93213.89324890534
2014-09-30,0.0006938119175621482,0.0,0.0,0.0006938119175621482,93278.5661589238
2014-10-01,-0.0011662547352758739,0.0,0.0,-0.0011662547352758739,93169.77958944121
2014-10-02,-0.002833675173560824,0.4,0.0002,-0.003033675173560824,92887.1327421746
2014-10-03,0.005653112500600366,0.0,0.0,0.005653112500600366,93412.2341534243
2014-10-06,-0.003886316514832522,0.0,0.0,-0.003886316514832522,93049.20464514644
2014-10-07,-0.0009152141036220195,0.0,0.0,-0.0009152141036220195,92964.0447007244
2014-10-08,0.003891428737312997,0.0,0.0,0.003891428737312997,93325.80765580965
2014-10-09,-0.0027799615391479685,0.0,0.0,-0.0027799615391479685,93066.36549991657
2014-10-10,0.001972498823759983,0.0,0.0,0.001972498823759983,93249.93879639677
2014-10-13,-0.002662218894871027,0.0,0.0,-0.002662218894871027,93001.68704738743
2014-10-14,0.004398081324136083,0.0,0.0,0.004398081324136083,93410.71603030368
2014-10-15,0.0009032673394581802,0.0,0.0,0.0009032673394581802,93495.09087924927
2014-10-16,-0.0022735440592159487,0.0,0.0,-0.0022735440592159487,93282.52567081488
2014-10-17,0.0012995123656695865,0.0,0.0,0.0012995123656695865,93403.747466425
2014-10-20,0.003202552403823745,0.0,0.0,0.003202552403823745,93702.87786239975
2014-10-21,0.0020755334132711353,0.0,0.0,0.0020755334132711353,93897.36131632283
2014-10-22,0.0012864461462634533,0.0,0.0,0.0012864461462634533,94018.15521493251
2014-10-23,0.001021801903688824,0.0,0.0,0.001021801903688824,94114.22314491242
2014-10-24,0.0013525112723868137,0.0,0.0,0.0013525112723868137,94241.51369260784
2014-10-27,0.0014856550453949068,0.0,0.0,0.0014856550453949068,94381.52407291092
2014-10-28,-0.0011400701675281955,0.0,0.0,-0.0011400701675281955,94273.92251294956
2014-10-29,-0.0009002246582719642,0.0,0.0,-0.0009002246582719642,94189.05480327137
2014-10-30,0.003466236902703301,0.0,0.0,0.003466236902703301,94515.53638086122
2014-10-31,0.006496840269370775,0.0,0.0,0.006496840269370775,95129.58872370157
2014-11-03,0.0024888846507285624,0.0,0.0,0.0024888846507285624,95366.35529690611
2014-11-04,0.0020501562715613763,0.4,0.0002,0.0018501562715613762,95542.79795725463
2014-11-05,0.0014104811328013553,0.0,0.0,0.0014104811328013553,95677.55927114838
2014-11-06,-0.0017970524524165256,0.0,0.0,-0.0017970524524165256,95505.62167861893
2014-11-07,-0.0008896792290803867,0.0,0.0,-0.0008896792290803867,95420.65231075106
2014-11-10,0.002606498320951767,0.0,0.0,0.002606498320951767,95669.36608078316
2014-11-11,-0.0032429689721390712,0.0,0.0,-0.0032429689721390712,95359.11329499897
2014-11-12,0.0008069929866948767,0.0,0.0,0.0008069929866948767,95436.06743064547
2014-11-13,0.0018004362823027644,0.0,0.0,0.0018004362823027644,95607.8939890879
2014-11-14,-0.003126975688461586,0.0,0.0,-0.003126975688461586,95308.93042895902
2014-11-17,0.000539991937756701,0.0,0.0,0.000539991937756701,95360.39648298686
2014-11-18,9.085435001946471e-05,0.0,0.0,9.085435001946471e-05,95369.06038982693
2014-11-19,-0.0003673535928646719,0.0,0.0,-0.0003673535928646719,95334.02622284461
2014-11-20,9.407105319714226e-06,0.0,0.0,9.407105319714226e-06,95334.92304006981
2014-11-21,0.0039935537489987905,0.0,0.0,0.0039935537489987905,95715.648179387
2014-11-24,0.0004477690666313649,0.0,0.0,0.0004477690666313649,95758.5066858343
2014-11-25,0.0008145697764213257,0.0,0.0,0.0008145697764213257,95836.50867121581
2014-11-26,0.003011744735465161,0.0,0.0,0.003011744735465161,96125.1437716717
2014-11-28,0.008324675961115524,0.0,0.0,0.008324675961115524,96925.35444528652
2014-12-01,-0.010248080997866282,0.0,0.0,-0.010248080997866282,95932.05556218432
2014-12-02,0.0030853144616332707,0.2,0.0001,0.002985314461633271,96218.4429149883
2014-12-03,0.0005241462808627474,0.0,0.0,0.0005241462808627474,96268.8754539926
2014-12-04,0.0019554245210294694,0.0,0.0,0.0019554245210294694,96457.12197366726
2014-12-05,0.0003435317586263587,0.0,0.0,0.0003435317586263587,96490.25805841092
2014-12-08,0.004680857473697598,0.0,0.0,0.004680857473697598,96941.91520398266
2014-12-09,-0.00041686822857357503,0.0,0.0,-0.00041686822857357503,96901.50319951704
2014-12-10,0.0033922615047794484,0.0,0.0,0.0033922615047794484,97230.21843857602
2014-12-11,0.0033293417114502737,0.0,0.0,0.0033293417114502737,97553.93106043701
2014-12-12,0.00414000656210445,0.0,0.0,0.00414000656210445,97957.8049751863
2014-12-15,0.005160646360485832,0.0,0.0,0.005160646360485832,98463.33056491267
2014-12-16,-0.0004221539514904781,0.0,0.0,-0.0004221539514904781,98421.76388083778
2014-12-17,0.00045024898305676695,0.0,0.0,0.00045024898305676695,98466.07817993578
2014-12-18,-0.002378978378610586,0.0,0.0,-0.002378978378610586,98231.82950891914
2014-12-19,0.00046769649685836075,0.0,0.0,0.00046769649685836075,98277.77219146045
2014-12-22,0.004548163196867317,0.0,0.0,0.004548163196867317,98724.75553801176
2014-12-23,-0.0031509746142910806,0.0,0.0,-0.0031509746142910806,98413.67633950939
2014-12-24,0.001009891441459998,0.0,0.0,0.001009891441459998,98513.06346896727
2014-12-26,-0.0014717819321482528,0.0,0.0,-0.0014717819321482528,98368.07372207308
2014-12-29,0.005516754009141823,0.0,0.0,0.005516754009141823,98910.74618715089
2014-12-30,-0.0009115322505321656,0.0,0.0,-0.0009115322505321656,98820.58585207709
2014-12-31,0.0007303859398023358,0.0,0.0,0.0007303859398023358,98892.76301854647
2015-01-02,0.006888368704904546,0.0,0.0,0.006888368704904546,99573.97283246498
2015-01-05,0.005596613640828552,0.0,0.0,0.005596613640828552,100131.24988709063
2015-01-06,0.004495815891265753,0.0,0.0,0.004495815891265753,100581.42155154533
2015-01-07,0.0009992787899096307,0.0,0.0,0.0009992787899096307,100681.93043276075
2015-01-08,-0.0025240712323899685,0.0,0.0,-0.0025240712323899685,100427.80206853393
2015-01-09,0.0004947099402976551,0.0,0.0,0.0004947099402976551,100477.48470049947
2015-01-12,0.0032352658968448963,0.0,0.0,0.0032352658968448963,100802.55608015174
2015-01-13,-0.0005986160419842346,0.0,0.0,-0.0005986160419842346,100742.21405300916
2015-01-14,0.0013534319868854783,0.0,0.0,0.0013534319868854783,100878.56178793818
2015-01-15,0.0005785268785624684,0.0,0.0,0.0005785268785624684,100936.92274740322
2015-01-16,-0.005307441020320259,0.0,0.0,-0.005307441020320259,100401.20598314877
2015-01-20,0.001421506455247135,0.0,0.0,0.001421506455247135,100543.92694556841
2015-01-21,-0.005173716687958952,0.0,0.0,-0.005173716687958952,100023.74115285721
2015-01-22,0.0011363664266757505,0.0,0.0,0.0011363664266757505,100137.40477417383
2015-01-23,0.005431118427528148,0.0,0.0,0.005431118427528148,100681.2628785277
2015-01-26,0.00028708885094042025,0.0,0.0,0.00028708885094042025,100710.16734659874
2015-01-27,-0.0031451541740710083,0.0,0.0,-0.0031451541740710083,100393.41834339719
2015-01-28,0.0065456560329168155,0.0,0.0,0.0065456560329168155,101050.5591278418
2015-01-29,0.0013629513885287106,0.0,0.0,0.0013629513885287106,101188.28612771668
2015-01-30,-4.922786495988865e-05,0.0,0.0,-4.922786495988865e-05,101183.30484443168
2015-02-02,-0.0031835088915796563,0.0,0.0,-0.0031835088915796563,100861.18689378
2015-02-03,-0.0030211577641741988,0.6000000000000001,0.00030000000000000003,-0.0033211577641741987,100526.21097982391
2015-02-04,0.001608912416880837,0.0,0.0,0.001608912416880837,100687.94884889132
2015-02-05,0.0004988661093574213,0.0,0.0,0.0004988661093574213,100738.17865419274
2015-02-06,-0.011720887150258232,0.0,0.0,-0.011720887150258232,99557.4378304644
2015-02-09,-0.0025550562560085924,0.0,0.0,-0.0025550562560085924,99303.06297610348
2015-02-10,0.001527461279393494,0.0,0.0,0.001527461279393494,99454.74455972466
2015-02-11,-0.0013391289189001233,0.0,0.0,-0.0013391289189001233,99321.5618351629
2015-02-12,0.003567550779351803,0.0,0.0,0.003567550779351803,99675.89655049436
2015-02-13,-0.0008045628029895393,0.0,0.0,-0.0008045628029895393,99595.70103177521
2015-02-17,-0.004598755590995974,0.0,0.0,-0.004598755590995974,99137.68474481617
2015-02-18,0.004466851412504613,0.0,0.0,0.004466851412504613,99580.51805195099
2015-02-19,-0.003095505593580561,0.0,0.0,-0.003095505593580561,99272.26600130953
2015-02-20,0.0032910616047941996,0.0,0.0,0.0032910616047941996,99598.97714436737
2015-02-23,0.002451177440167174,0.0,0.0,0.002451177440167174,99843.11191020736
2015-02-24,0.0025963166038337816,0.0,0.0,0.0025963166038337816,100102.33623943827
2015-02-25,-0.0008965539836041427,0.0,0.0,-0.0008965539836041427,100012.58909111473
2015-02-26,-0.001767172846990473,0.0,0.0,-0.001767172846990473,99835.8495593157
2015-02-27,0.0008557140035144627,0.0,0.0,0.0008557140035144627,99921.28049383636
2015-03-02,-0.0010443754188371624,0.0,0.0,-0.0010443754188371624,99816.92516466985
2015-03-03,-0.0018583241224129025,0.4,0.0002,-0.0020583241224129026,99611.46957977834
2015-03-04,-0.00031111586171881376,0.0,0.0,-0.00031111586171881376,99580.47887158295
2015-03-05,0.0010394797402417,0.0,0.0,0.0010394797402417,99683.99076189352
2015-03-06,-0.004007596252452983,0.0,0.0,-0.004007596252452983,99284.4975740866
2015-03-09,0.0026487156377622894,0.0,0.0,0.0026487156377622894,99547.47397539848
2015-03-10,0.0030038303304543157,0.0,0.0,0.0030038303304543157,99846.49769704588
2015-03-11,0.0029640742182673097,0.0,0.0,0.0029640742182673097,100142.45012665397
2015-03-12,0.002269799809640449,0.0,0.0,0.002269799809640449,100369.75344088837
2015-03-13,0.000865889647295393,0.0,0.0,0.000865889647295393,100456.66257129444
2015-03-16,0.003279700166180489,0.0,0.0,0.003279700166180489,100786.13030422345
2015-03-17,0.0035676272461264255,0.0,0.0,0.0035676272461264255,101145.69764872846
2015-03-18,0.0012397809284671944,0.0,0.0,0.0012397809284671944,101271.09615566985
2015-03-19,0.0007472166045982332,0.0,0.0,0.0007472166045982332,101346.76760028323
2015-03-20,5.914865695921768e-05,0.0,0.0,5.914865695921768e-05,101352.76212547395
2015-03-23,-0.00316682894487359,0.0,0.0,-0.00316682894487359,101031.79526473212
2015-03-24,0.0014881611822013525,0.0,0.0,0.0014881611822013525,101182.1468606132
2015-03-25,-0.006612424248825754,0.0,0.0,-0.006612424248825754,100513.08757916382
2015-03-26,-0.0050757662461548775,0.0,0.0,-0.0050757662461548775,100002.90664193267
2015-03-27,0.004847501179827008,0.0,0.0,0.004847501179827008,100487.67084986558
2015-03-30,0.005577579639293829,0.0,0.0,0.005577579639293829,101048.14883679785
2015-03-31,0.0016167130577915737,0.0,0.0,0.0016167130577915737,101211.51469848797
2015-04-01,-0.0013742595305258122,0.0,0.0,-0.0013742595305258122,101072.42380981463
2015-04-02,0.00026859635686772305,0.0,0.0,0.00026859635686772305,101099.57149462974
2015-04-06,-0.0015875620154621741,0.0,0.0,-0.0015875620154621741,100939.06965514536
2015-04-07,1.0390474127719602e-05,0.0,0.0,1.0390474127719602e-05,100940.11845993709
2015-04-08,0.004703324916117834,0.0,0.0,0.004703324916117834,101414.87263412561
2015-04-09,-0.0012511768589240748,0.0,0.0,-0.0012511768589240748,101287.98469233507
2015-04-10,-0.001341181066764363,0.0,0.0,-0.001341181066764363,101152.13916497499
2015-04-13,0.000968668966132835,0.0,0.0,0.000968668966132835,101250.12210304206
2015-04-14,0.0008636363661942315,0.0,0.0,0.0008636363661942315,101337.56539057184
2015-04-15,-0.0033501333861000295,0.0,0.0,-0.0033501333861000295,100998.07102949079
2015-04-16,-0.0012293882192962345,0.0,0.0,-0.0012293882192962345,100873.90519079549
2015-04-17,-0.0009912456259691727,0.0,0.0,-0.0009912456259691727,100773.91437350067
2015-04-20,0.0013497747504623292,0.0,0.0,0.0013497747504623292,100909.93645862727
2015-04-21,-0.0006755765875380186,0.0,0.0,-0.0006755765875380186,100841.76406810588
2015-04-22,-0.00017455397180571306,0.0,0.0,-0.00017455397180571306,100824.1617376639
2015-04-23,-0.0008271388969477878,0.0,0.0,-0.0008271388969477878,100740.76615173853
2015-04-24,0.002456008653339992,0.0,0.0,0.002456008653339992,100988.1863451513
2015-04-27,-0.0032115865531890165,0.0,0.0,-0.0032115865531890165,100663.85404385427
2015-04-28,-0.003930101272879339,0.0,0.0,-0.003930101272879339,100268.23490294359
2015-04-29,-0.006059349760707345,0.0,0.0,-0.006059349760707345,99660.67459777789
2015-04-30,-0.0024583803717851183,0.0,0.0,-0.0024583803717851183,99415.67075150785
2015-05-01,-0.00017610018230170834,0.0,0.0,-0.00017610018230170834,99398.16363376485
2015-05-04,-0.001176500816482051,0.2,0.0001,-0.001276500816482051,99271.28179672956
2015-05-05,-0.00774713227537176,0.0,0.0,-0.00774713227537176,98502.21404550459
2015-05-06,-0.005279133694798655,0.0,0.0,-0.005279133694798655,97982.20768832469
2015-05-07,0.006551119092471458,0.0,0.0,0.006551119092471458,98624.10079983417
2015-05-08,0.0066185580626410235,0.0,0.0,0.0066185580626410235,99276.85013735363
2015-05-11,-0.007087574783009888,0.0,0.0,-0.007087574783009888,98573.21803778347
2015-05-12,-0.0026569548144047103,0.0,0.0,-0.0026569548144047103,98311.31345154661
2015-05-13,-0.0038136013349476475,0.0,0.0,-0.0038136013349476475,97936.39329532733
2015-05-14,0.004648555826612267,0.0,0.0,0.004648555826612267,98391.6560870177
2015-05-15,0.005027794420327459,0.0,0.0,0.005027794420327459,98886.34910649879
2015-05-18,-0.003164135222884179,0.0,0.0,-0.003164135222884179,98573.45932622849
2015-05-19,0.00221711352191899,0.0,0.0,0.00221711352191899,98792.007875803
2015-05-20,0.0007280788314337651,0.0,0.0,0.0007280788314337651,98863.9362454522
2015-05-21,0.001421130063589404,0.0,0.0,0.001421130063589404,99004.4347574554
2015-05-22,0.0011655175385500093,0.0,0.0,0.0011655175385500093,99119.82616255945
2015-05-26,0.0020661589547854124,0.0,0.0,0.0020661589547854124,99324.62347898199
2015-05-27,0.004619543603985143,0.0,0.0,0.004619543603985143,99783.45790809255
2015-05-28,-0.003064563905152529,0.0,0.0,-0.003064563905152529,99477.6651246561
2015-05-29,-0.004865618751989643,0.0,0.0,-0.004865618751989643,98993.64473182143
2015-06-01,-0.00040365721248113466,0.0,0.0,-0.00040365721248113466,98953.68523313563
2015-06-02,-0.007597959906425845,0.4,0.0002,-0.007797959906425844,98182.04836309457
2015-06-03,-0.002989136009536908,0.0,0.0,-0.002989136009536908,97888.56886684235
2015-06-04,0.005588633148216494,0.0,0.0,0.005588633148216494,98435.63216764305
2015-06-05,-0.0011448684902047531,0.0,0.0,-0.0011448684902047531,98322.93631406092
2015-06-08,-0.002167274044171985,0.0,0.0,-0.002167274044171985,98109.8435662407
2015-06-09,-0.003093779035002242,0.0,0.0,-0.003093779035002242,97806.3133890881
2015-06-10,-0.004982917627565853,0.0,0.0,-0.004982917627565853,97318.95258601439
2015-06-11,0.006567698024845303,0.0,0.0,0.006567698024845303,97958.11407869356
2015-06-12,0.0006680462029961197,0.0,0.0,0.0006680462029961197,98023.55462485651
2015-06-15,0.0010672640137783128,0.0,0.0,0.0010672640137783128,98128.17163721025
2015-06-16,0.003050687827562759,0.0,0.0,0.003050687827562759,98427.53005596486
2015-06-17,-0.001722902389865988,0.0,0.0,-0.001722902389865988,98257.94902920283
2015-06-18,-0.0017667693799758963,0.0,0.0,-0.0017667693799758963,98084.34989351883
2015-06-19,0.0035730151333811747,0.0,0.0,0.0035730151333811747,98434.80676003623
2015-06-22,-0.006383548909393277,0.0,0.0,-0.006383548909393277,97806.44335669685
2015-06-23,-0.0025112073756129454,0.0,0.0,-0.0025112073756129454,97560.83109475704
2015-06-24,0.00247591419367138,0.0,0.0,0.00247591419367138,97802.38334121092
2015-06-25,-0.0018340504495573118,0.0,0.0,-0.0018340504495573118,97623.0088360762
2015-06-26,-0.0006526076405728665,0.0,0.0,-0.0006526076405728665,97559.29931461408
2015-06-29,0.00576810427815443,0.0,0.0,0.00576810427815443,98122.03152636444
2015-06-30,-0.0029675964004699743,0.0,0.0,-0.0029675964004699743,97830.8449388
